239
 energy: -392.390726301474 gnorm: 0.446943497703 xtb: 6.7.1 (edcfbbe)
N            0.17529300000000       -1.76653100000000       -0.95177400000000
N           -0.03987900000000       -1.08711700000000        1.79395200000000
C           -0.42567100000000       -1.01075200000000       -3.24327000000000
C            0.01527600000000       -1.96895100000000       -2.30220600000000
C            0.42077900000000       -3.31928600000000       -2.65740200000000
H            0.38181000000000       -3.73630900000000       -3.67028900000000
C            0.85767400000000       -3.91388100000000       -1.50162100000000
H            1.25222000000000       -4.92661100000000       -1.36412900000000
C            0.67012700000000       -2.94610800000000       -0.43491500000000
C            0.86728600000000       -3.23641000000000        0.92994200000000
C            0.46645100000000       -2.35886600000000        1.95732300000000
C            0.40720200000000       -2.73660600000000        3.35816900000000
H            0.74592100000000       -3.69930400000000        3.75748800000000
C           -0.18426500000000       -1.69548700000000        4.02697000000000
H           -0.42391500000000       -1.61194700000000        5.09336100000000
C           -0.44393100000000       -0.66197900000000        3.04014300000000
C            1.41247500000000       -4.58030500000000        1.31319000000000
C            2.76035300000000       -4.72887200000000        1.72835600000000
C            3.28510100000000       -5.98383600000000        2.09620000000000
C            2.45131600000000       -7.11084200000000        2.03727000000000
H            2.85795500000000       -8.09718800000000        2.31153000000000
C            1.11305500000000       -7.00849700000000        1.63244600000000
C            0.59804800000000       -5.74219200000000        1.28373400000000
N           -0.78947100000000        1.57492500000000        1.06765600000000
N           -0.53039900000000        0.90738800000000       -1.65826000000000
C           -1.00232900000000        0.59644800000000        3.34925800000000
C           -1.10009200000000        1.64630100000000        2.40966500000000
C           -1.47448800000000        3.00358700000000        2.76126000000000
H           -1.78524300000000        3.32409400000000        3.76241900000000
C           -1.34234800000000        3.75850100000000        1.62201000000000
H           -1.53150000000000        4.82946100000000        1.48970900000000
C           -0.95359400000000        2.85058600000000        0.56080900000000
C           -0.84809200000000        3.21738800000000       -0.79363400000000
C           -0.73141500000000        2.26140400000000       -1.82139400000000
C           -0.94945900000000        2.56712900000000       -3.22240900000000
H           -1.13355100000000        3.57131000000000       -3.62042200000000
C           -0.93286800000000        1.37254800000000       -3.89610300000000
H           -1.09481600000000        1.18674200000000       -4.96423500000000
C           -0.63836300000000        0.34427800000000       -2.91409100000000
C           -0.92889500000000        4.66264300000000       -1.18119500000000
C            0.25288000000000        5.35795200000000       -1.54871500000000
C            0.21244000000000        6.70117600000000       -1.97381000000000
C           -1.02316000000000        7.36575400000000       -2.00343900000000
H           -1.06140500000000        8.41846100000000       -2.32563400000000
C           -2.21141000000000        6.71735100000000       -1.63477400000000
C           -2.16034900000000        5.36373600000000       -1.24182000000000
Fe          -0.19053800000000       -0.05702100000000        0.06541400000000
Cl          -2.43617500000000       -0.69777800000000        0.06300400000000
C           -1.57213100000000        0.80978900000000        4.72341700000000
C           -0.79561800000000        1.35627200000000        5.78467500000000
C           -2.93275000000000        0.45063200000000        4.96527600000000
C           -1.36354400000000        1.54684600000000        7.06448800000000
N            0.54434900000000        1.70904300000000        5.49956000000000
C           -3.49979500000000        0.66579100000000        6.24466300000000
N           -3.66041400000000       -0.14131100000000        3.91344400000000
H           -0.74014300000000        1.95433200000000        7.86817200000000
C           -2.70716900000000        1.20361200000000        7.26604400000000
C            1.53263500000000        2.12435300000000        6.37270100000000
H            0.81276100000000        1.60623300000000        4.51539600000000
H           -4.55231100000000        0.40460800000000        6.40245400000000
C           -4.99781700000000       -0.51794300000000        3.90470100000000
H           -3.14024400000000       -0.31968100000000        3.04441100000000
H           -3.15425400000000        1.36030000000000        8.26085600000000
O            1.39286700000000        2.23519600000000        7.59252600000000
C            2.85008800000000        2.44656500000000        5.70317400000000
O           -5.78944800000000       -0.27785500000000        4.81941500000000
C           -5.41623500000000       -1.27338400000000        2.66902700000000
C            4.11613500000000        2.06455400000000        6.42910800000000
H            2.89776800000000        2.44676200000000        4.60159900000000
C            3.69435400000000        3.51747800000000        6.40858900000000
C           -6.77654100000000       -0.97678600000000        2.08340500000000
H           -4.63577600000000       -1.59123500000000        1.95692700000000
C           -6.58766200000000       -2.24262300000000        2.89008300000000
H            3.99933600000000        1.54166800000000        7.39132800000000
H            4.98050700000000        1.78403200000000        5.80723900000000
H            3.25954700000000        3.91855500000000        7.33655000000000
C            4.46428100000000        4.47710600000000        5.56166900000000
H           -7.36398100000000       -0.18473800000000        2.57465200000000
H           -6.87171900000000       -1.07100300000000        0.98948300000000
H           -6.99735300000000       -2.24088300000000        3.91138000000000
C           -6.56815300000000       -3.56284700000000        2.19515900000000
O            4.55363900000000        5.68327700000000        6.17192600000000
O            4.95995800000000        4.21603900000000        4.47143900000000
O           -7.17299500000000       -4.50828000000000        2.96527500000000
O           -6.09142400000000       -3.78574100000000        1.09208200000000
C            5.29721700000000        6.74497300000000        5.49130500000000
C           -7.26497100000000       -5.86007100000000        2.42103200000000
C            4.31010800000000        7.61375400000000        4.71229300000000
C            6.06410600000000        7.49973500000000        6.57282700000000
H            5.99569000000000        6.25050400000000        4.78373000000000
C           -7.24922800000000       -6.80321500000000        3.62025200000000
C           -8.52546600000000       -5.97609600000000        1.56276000000000
H           -6.36963600000000       -6.02030100000000        1.78317800000000
H            3.78770900000000        7.01976000000000        3.93605800000000
H            3.55130600000000        8.05485400000000        5.39144000000000
H            4.84608000000000        8.44238800000000        4.20488600000000
H            6.75225500000000        6.82205500000000        7.11671400000000
H            6.66621200000000        8.31264300000000        6.11781100000000
H            5.36848900000000        7.95299400000000        7.30917500000000
H           -6.32342000000000       -6.66901100000000        4.21476200000000
H           -8.11849300000000       -6.61435000000000        4.28421900000000
H           -7.29538200000000       -7.85792500000000        3.27963100000000
H           -8.48247200000000       -5.27251500000000        0.70812400000000
H           -8.62080300000000       -7.00389900000000        1.15481800000000
H           -9.43241700000000       -5.75419800000000        2.16322400000000
C           -0.67279600000000       -1.47965700000000       -4.64881300000000
C            0.28274400000000       -1.27252900000000       -5.68543300000000
C           -1.88064500000000       -2.17902400000000       -4.94407500000000
C            0.06905400000000       -1.81003700000000       -6.97419000000000
N            1.42296900000000       -0.49829800000000       -5.37103300000000
C           -2.08463900000000       -2.72365400000000       -6.23440000000000
N           -2.85279300000000       -2.25987800000000       -3.92772700000000
H            0.82291100000000       -1.64121400000000       -7.75173400000000
C           -1.10576300000000       -2.53551400000000       -7.21890400000000
C            2.36389000000000        0.04720600000000       -6.22819300000000
H            1.44780800000000       -0.16087700000000       -4.40370100000000
H           -3.00886800000000       -3.27950500000000       -6.43036300000000
C           -4.08847100000000       -2.89195600000000       -3.96359300000000
H           -2.63875700000000       -1.74428000000000       -3.06531900000000
H           -1.26957000000000       -2.96238800000000       -8.22140700000000
O            2.45732500000000       -0.21347900000000       -7.42825700000000
C            3.26374000000000        1.06443300000000       -5.56402000000000
O           -4.46944700000000       -3.61582800000000       -4.88626700000000
C           -4.95499500000000       -2.59715800000000       -2.76656700000000
C            3.57230500000000        2.31455200000000       -6.35423600000000
H            3.21156000000000        1.17759300000000       -4.46857300000000
C            4.65017700000000        1.26560400000000       -6.17885400000000
C           -5.85187300000000       -3.69206400000000       -2.24404500000000
H           -4.59239700000000       -1.86802300000000       -2.02212700000000
C           -6.46473900000000       -2.57716000000000       -3.06134600000000
H            3.12486200000000        2.38626200000000       -7.35791900000000
H            3.68454500000000        3.25261400000000       -5.78865100000000
H            4.88489300000000        0.63709500000000       -7.05110900000000
C            5.77692900000000        1.57854400000000       -5.24796200000000
H           -5.78313000000000       -4.66696100000000       -2.75237200000000
H           -6.02864500000000       -3.69815300000000       -1.15625400000000
H           -6.73388700000000       -2.81678200000000       -4.10118600000000
C           -7.30259700000000       -1.53889500000000       -2.39178800000000
O            6.94696000000000        1.11080500000000       -5.73994600000000
O            5.66382300000000        2.18969500000000       -4.19039100000000
O           -8.30558300000000       -1.13683000000000       -3.21838000000000
O           -7.13441200000000       -1.10180200000000       -1.26284900000000
C            8.16476700000000        1.35817200000000       -4.96722100000000
C           -9.22924900000000       -0.12539400000000       -2.71010600000000
C            9.06953900000000        0.15234300000000       -5.19832100000000
C            8.77598500000000        2.68677600000000       -5.41246300000000
H            7.86510400000000        1.42810500000000       -3.90008900000000
C           -8.66499900000000        1.26545300000000       -3.00013200000000
C          -10.57337900000000       -0.39948400000000       -3.37797400000000
H           -9.29969600000000       -0.26867200000000       -1.61062600000000
H            8.56634700000000       -0.78228700000000       -4.87966400000000
H            9.33462100000000        0.05679500000000       -6.27172000000000
H           10.00830600000000        0.26183900000000       -4.61751600000000
H            8.07726700000000        3.52600200000000       -5.22410900000000
H            9.71067600000000        2.88707500000000       -4.84884200000000
H            9.02099600000000        2.66413700000000       -6.49466500000000
H           -7.69594900000000        1.41012300000000       -2.48347200000000
H           -8.51521500000000        1.40949300000000       -4.09058000000000
H           -9.36409600000000        2.04750700000000       -2.63796700000000
H          -10.92712300000000       -1.42483300000000       -3.14896700000000
H          -11.33555700000000        0.32034400000000       -3.01527600000000
H          -10.49591200000000       -0.29766000000000       -4.48057100000000
H            4.33211400000000       -6.07293600000000        2.41678800000000
H            0.46916700000000       -7.89734000000000        1.58367400000000
H            1.13476900000000        7.21215700000000       -2.28289900000000
H           -3.17318400000000        7.24855800000000       -1.65508100000000
O            3.50742800000000       -3.57054900000000        1.75351200000000
O           -0.69275100000000       -5.55027800000000        0.85389300000000
O            1.40366000000000        4.60310700000000       -1.53106300000000
O           -3.26866900000000        4.65505700000000       -0.84426000000000
C            4.84126400000000       -3.61372000000000        2.14290500000000
C            5.83966100000000       -3.89643800000000        1.19261100000000
C            5.17567500000000       -3.29349900000000        3.47060400000000
C            7.18901600000000       -3.86041400000000        1.58546200000000
H            5.55198000000000       -4.13344600000000        0.15719200000000
C            6.52875600000000       -3.25917500000000        3.85024100000000
H            4.37077900000000       -3.06730900000000        4.18608400000000
C            7.53688900000000       -3.54375500000000        2.91144000000000
H            7.97390600000000       -4.07830000000000        0.84399700000000
H            6.79555000000000       -3.00601600000000        4.88866000000000
H            8.59569100000000       -3.51609800000000        3.21300600000000
C           -1.66084500000000       -6.53018000000000        1.02487600000000
C           -2.03248000000000       -6.97527900000000        2.30809000000000
C           -2.32058800000000       -7.00458300000000       -0.12191100000000
C           -3.06322900000000       -7.92119400000000        2.43339000000000
H           -1.51869100000000       -6.57504800000000        3.19516900000000
C           -3.35676700000000       -7.94335600000000        0.01801000000000
H           -2.01866000000000       -6.62088700000000       -1.10765300000000
C           -3.72645700000000       -8.40969700000000        1.29213100000000
H           -3.35578700000000       -8.27272900000000        3.43561600000000
H           -3.87741500000000       -8.31284100000000       -0.87954600000000
H           -4.53385500000000       -9.15100600000000        1.39724700000000
C            2.67223500000000        5.14879500000000       -1.43243300000000
C            2.98561900000000        6.21244700000000       -0.56193700000000
C            3.68336100000000        4.51568900000000       -2.17923300000000
C            4.31897400000000        6.64791000000000       -0.46566200000000
H            2.19494400000000        6.68866000000000        0.03688500000000
C            5.01243200000000        4.95227500000000       -2.06354700000000
H            3.42407900000000        3.67348500000000       -2.83657500000000
C            5.33537800000000        6.02523700000000       -1.21292400000000
H            4.56377900000000        7.48163300000000        0.21192700000000
H            5.78679500000000        4.43410800000000       -2.64997300000000
H            6.37670600000000        6.37307500000000       -1.12714900000000
C           -4.55107200000000        5.05723000000000       -1.18863000000000
C           -4.92482700000000        5.26955800000000       -2.52997600000000
C           -5.49726300000000        5.15776800000000       -0.15347000000000
C           -6.25679700000000        5.60326400000000       -2.82580600000000
H           -4.17708400000000        5.16459800000000       -3.33048200000000
C           -6.82807900000000        5.48383300000000       -0.46467300000000
H           -5.17672700000000        4.96688400000000        0.88146600000000
C           -7.21135200000000        5.71394900000000       -1.79788600000000
H           -6.55220700000000        5.76747900000000       -3.87433900000000
H           -7.57047600000000        5.55878800000000        0.34560400000000
H           -8.25429800000000        5.97302800000000       -2.03762000000000
N            1.46441400000000        0.33553400000000        0.15921900000000
C            2.55169400000000        1.08950600000000        0.69090400000000
C            3.62327500000000        1.42507000000000       -0.14536500000000
C            4.69519400000000        2.17202400000000        0.34886600000000
C            4.70148100000000        2.58866300000000        1.68132200000000
C            3.63753500000000        2.25707500000000        2.52401300000000
C            2.55528500000000        1.49988500000000        2.04117500000000
C            1.39326200000000        1.19213400000000        2.95781300000000
C            0.23393400000000        2.17883200000000        2.76246700000000
C            0.62510400000000        3.57918400000000        3.14239400000000
C            1.05177000000000        4.53806700000000        2.20978300000000
C            1.42188200000000        5.74475500000000        2.78564100000000
S            1.22740700000000        5.60958500000000        4.44938100000000
C            0.67000200000000        4.02472100000000        4.45917600000000
H            3.62408500000000        1.10980500000000       -1.18131000000000
H            5.51993900000000        2.43091900000000       -0.30247000000000
H            5.52983900000000        3.17271900000000        2.06099000000000
H            3.65257100000000        2.59921400000000        3.55156900000000
H            1.02734100000000        0.16122000000000        2.76223600000000
H            1.72136700000000        1.20975200000000        4.02069600000000
H           -0.11290000000000        2.15338300000000        1.70650100000000
H           -0.62141700000000        1.85790300000000        3.39552400000000
H            1.10212600000000        4.35418400000000        1.14437600000000
H            1.78262700000000        6.61512600000000        2.25469900000000
H            0.40638500000000        3.44878100000000        5.33626900000000
239
 energy: -392.522265685694 gnorm: 0.221333260658 xtb: 6.7.1 (edcfbbe)
N            0.17767266724594       -1.77223512931246       -0.95391309094968
N           -0.04513707194873       -1.09369758490467        1.79583096967264
C           -0.42661589254755       -1.01115868245834       -3.24154262398084
C            0.01449434564817       -1.97101425561972       -2.30288689523365
C            0.41969971221217       -3.31858459898130       -2.65469076739158
H            0.38221752578819       -3.73523559234163       -3.66370545150666
C            0.85532599387786       -3.91191198687974       -1.50118235688472
H            1.24883811167938       -4.92155225845015       -1.36519811440043
C            0.66770894807685       -2.94754769154392       -0.43579212169112
C            0.86472914327894       -3.23579774934339        0.93202309737072
C            0.46357367866320       -2.36147882870915        1.95739390169032
C            0.40314474667246       -2.73492565219438        3.35860393365625
H            0.74168789970339       -3.69386647969122        3.75675503311199
C           -0.18529999750806       -1.69910166774551        4.02718984337979
H           -0.42422874478778       -1.61483116615192        5.08811235556534
C           -0.45843823626021       -0.66983689060229        3.04423357453138
C            1.41187785008671       -4.58299153439802        1.31526480788297
C            2.75759748796611       -4.73085480167127        1.72917814691415
C            3.27941528478476       -5.98513729340638        2.09529952607567
C            2.44968105349205       -7.11015498679664        2.03741933713250
H            2.85533926789322       -8.09394337897514        2.31104749555707
C            1.11503590815569       -7.00615288214777        1.63411000349608
C            0.59903233556634       -5.74297256999581        1.28548238730446
N           -0.80461540393171        1.57383082056917        1.03741972349925
N           -0.53313060137829        0.90935164105008       -1.66288231714650
C           -1.02497024165035        0.56738293221593        3.36089828679912
C           -1.09465211515336        1.64909194839988        2.41092297099993
C           -1.50469046163571        3.01345702878187        2.75209249533502
H           -1.79198482625430        3.32594420668893        3.75588044332129
C           -1.36171553547693        3.75681433319999        1.61679744149957
H           -1.53280301668439        4.82347815359570        1.49172759742561
C           -0.96792591893682        2.85583817561334        0.55055971690713
C           -0.85020536359462        3.21790153715569       -0.79490626248067
C           -0.73369893442562        2.26036687613363       -1.82346711199561
C           -0.95075465485337        2.56436685980435       -3.22106331360714
H           -1.13338573139890        3.56487328165238       -3.61856143672256
C           -0.93348442260150        1.37213187593383       -3.89342365750193
H           -1.09451152305196        1.18826896455200       -4.95804188071168
C           -0.63954013517600        0.34458531228915       -2.91541118342443
C           -0.93074138277136        4.66545269345885       -1.18170019663574
C            0.24943461407194        5.35899179955796       -1.54722602577624
C            0.20664065695705        6.70003984435990       -1.97060465583990
C           -1.02463195149882        7.36404680144335       -2.00178256052905
H           -1.06274154512870        8.41399578949997       -2.32324361586419
C           -2.20889454195785        6.71557942636787       -1.63516848036890
C           -2.16034171783415        5.36416462086699       -1.24341686976198
Fe          -0.18874554071374       -0.06109569391584        0.06341705171939
Cl          -2.43241775321602       -0.69814734134051        0.06335515746639
C           -1.58096700846010        0.80681415076759        4.73028255917131
C           -0.80329014665616        1.35101192365941        5.78964439544217
C           -2.93725004694452        0.45049182680133        4.96710152304270
C           -1.37099387903042        1.54488017991962        7.06264710130322
N            0.53630247583052        1.69560457975632        5.51601589040608
C           -3.49923638244136        0.66570969764005        6.24414744882654
N           -3.66610809486130       -0.14112648864644        3.91451051229028
H           -0.74984207317094        1.95191365883796        7.86589679851396
C           -2.71088427930085        1.20297588992106        7.26550172945581
C            1.52879530456776        2.11481232426984        6.38002012240736
H            0.79750883174860        1.60708586768618        4.53245320779039
H           -4.54862323700854        0.40475868241722        6.40430595885909
C           -4.99886759133626       -0.51932349048747        3.90504559920365
H           -3.14471646944059       -0.31973258624585        3.04862938841596
H           -3.15571493900699        1.35873476333527        8.25761519122960
O            1.39080319871879        2.23410492749391        7.59007463940314
C            2.84205707200120        2.44555550801034        5.71142544995835
O           -5.78896501501732       -0.28109700289232        4.81450772243896
C           -5.41891327877024       -1.27425300208931        2.66954131761111
C            4.11082818725840        2.06516018179522        6.43107801440137
H            2.88486598533211        2.44672988429544        4.61919639466694
C            3.68971976062098        3.51601554270866        6.40998643125866
C           -6.77836621930996       -0.97859053450772        2.08423117887220
H           -4.64123571979085       -1.58896576722548        1.96121445080742
C           -6.58962735742558       -2.24358854590961        2.88868021595743
H            3.99975539553588        1.54440349713902        7.38709405745542
H            4.97061780286713        1.78519535229455        5.81398304373366
H            3.26107726673745        3.91803312771534        7.33309452800702
C            4.45888818296403        4.47866967625799        5.56430917058096
H           -7.36550426969644       -0.19126031460192        2.56992078861583
H           -6.87422928861402       -1.07057181636497        0.99671859749841
H           -7.00040130131932       -2.24505507575651        3.90496107020841
C           -6.57164909676811       -3.56444333714954        2.19624905537727
O            4.55428308801938        5.67879054937571        6.16895490467120
O            4.95062959486618        4.21734186052648        4.48172681582431
O           -7.17461478494145       -4.50921251537538        2.95744786980598
O           -6.09613648965734       -3.78434218636893        1.09964101139147
C            5.29265773124386        6.74296607274768        5.49373846987404
C           -7.26743185841470       -5.86083003294278        2.42052806914194
C            4.30571524422437        7.61484131717516        4.71239393799591
C            6.06103803521054        7.50088258217218        6.57429709377298
H            5.98916889168417        6.25186651777486        4.78793284654095
C           -7.25176565517110       -6.80666725834811        3.62052497045510
C           -8.52908743494602       -5.97876799348934        1.56075613234638
H           -6.37408663593231       -6.02049935031276        1.78518476918217
H            3.78669957547365        7.01868188906162        3.94214481372531
H            3.55446520282306        8.05122740408507        5.38964162433949
H            4.84178519383222        8.43739913221193        4.21198027184632
H            6.74405332360618        6.82786139965585        7.11513106237554
H            6.66046532374537        8.30782064766281        6.12432784632121
H            5.37132407150200        7.94954816402836        7.30620583017042
H           -6.33106847313118       -6.67042171094838        4.20901284901982
H           -8.11715881453403       -6.61990696575909        4.27877798807283
H           -7.29939524723635       -7.85406050038034        3.28238291777110
H           -8.48338795498408       -5.27692010926299        0.71299596727539
H           -8.62419135722905       -7.00044884141408        1.15816366110569
H           -9.43074956075301       -5.75985927595570        2.15782412171066
C           -0.67392311822614       -1.48131531519362       -4.65065371283403
C            0.28008660591739       -1.27357817808825       -5.68509212565423
C           -1.87887360124100       -2.17974803090847       -4.94555475592773
C            0.06560834672640       -1.81080838856565       -6.97089298341239
N            1.42209320723316       -0.49629807496192       -5.37314238755699
C           -2.08131781229561       -2.72162996821129       -6.23371996319850
N           -2.85617072223392       -2.26217316285340       -3.92952239099011
H            0.81690760264098       -1.64393837154739       -7.74871879245593
C           -1.10568089833133       -2.53561388966258       -7.21804514323980
C            2.36048080754186        0.04708831484362       -6.22629309225852
H            1.44582479027104       -0.16331407639079       -4.40654534944089
H           -3.00269817511468       -3.27698278917699       -6.43230779700968
C           -4.08712544451391       -2.89135800519879       -3.96505902797947
H           -2.63972296984832       -1.74793377202400       -3.07001238734309
H           -1.26865040895137       -2.96121091136639       -8.21788660476746
O            2.45840682031587       -0.21261304393981       -7.42151829580664
C            3.26267557185848        1.06389384747546       -5.56317902709999
O           -4.46963614751506       -3.61314747673265       -4.88246845826986
C           -4.95631181641940       -2.59865102356793       -2.76846714037304
C            3.57189016249316        2.31264488746786       -6.35263986302161
H            3.20861638778764        1.17549586521716       -4.47278341618167
C            4.64882931089666        1.26601032714543       -6.17680263479868
C           -5.85276401794885       -3.69252312024148       -2.24666670064973
H           -4.59369296874247       -1.87319529950031       -2.02805912963211
C           -6.46534606102343       -2.57819118573227       -3.06180998088887
H            3.12874391511067        2.38737836660793       -7.35137515240592
H            3.68266852018217        3.24608405407305       -5.79157832383537
H            4.88620109784226        0.64204149400638       -7.04523665890786
C            5.77672969948766        1.57797900133101       -5.24687010730626
H           -5.78725236156243       -4.66335414604124       -2.74953168639584
H           -6.02881064862454       -3.70102534346291       -1.16554400315917
H           -6.73714175540643       -2.81615176335668       -4.09667417890972
C           -7.30450689048309       -1.54030240401735       -2.39559684941785
O            6.94442516188181        1.11654072053595       -5.73393652746960
O            5.66188681866783        2.18401202527729       -4.19580984591933
O           -8.30641242005355       -1.13826117698285       -3.21282295091001
O           -7.13604586299098       -1.10677384251891       -1.27247471163983
C            8.16231479454173        1.35867507920946       -4.96566593885330
C           -9.23042912547418       -0.12758444268150       -2.71209132863781
C            9.07004979515439        0.15175322472542       -5.19595744215287
C            8.77632916197246        2.68803178154786       -5.41017341003879
H            7.86356095463289        1.42745329249201       -3.90127554727110
C           -8.66689576357879        1.26660665274659       -3.00196009591139
C          -10.57674614139551       -0.39980768426104       -3.38021372250665
H           -9.30143112712175       -0.26985075163257       -1.61643264029669
H            8.56656053758073       -0.77488244779578       -4.87859798779648
H            9.33510355382435        0.05855622126469       -6.26287208017260
H           10.00288336265417        0.26193605367623       -4.62053710073774
H            8.07918681583299        3.51922061976642       -5.22196514359865
H            9.70522786653183        2.88616040682485       -4.85158029859360
H            9.02148405937761        2.66516634414953       -6.48572304879586
H           -7.70077618002180        1.40677797302518       -2.48784203674312
H           -8.51926912958286        1.40772832767512       -4.08511141797533
H           -9.36432424183275        2.04102452826183       -2.64335746666648
H          -10.92789068844980       -1.41909679212350       -3.15272509486831
H          -11.33472038244820        0.31411760385588       -3.02102002167035
H          -10.49960568170398       -0.29919001091557       -4.47458239545187
H            4.32445239142704       -6.07454818826561        2.41580011724811
H            0.47305933205491       -7.89403261400687        1.58529069650021
H            1.12675083877839        7.21055729154241       -2.27917964422126
H           -3.16861288720504        7.24636621202538       -1.65623732145424
O            3.50499701627103       -3.57307545663657        1.75561777248526
O           -0.69309566581487       -5.55289977629228        0.85431672792804
O            1.40162159664056        4.60434232018874       -1.52845618779403
O           -3.27053919784616        4.65660207931745       -0.84455061469198
C            4.84155132912457       -3.61349804665340        2.14479030454824
C            5.83981709616562       -3.89409033616634        1.19921579332912
C            5.17728692384004       -3.29325235479070        3.46846701847072
C            7.18543012618425       -3.85923122572910        1.59077881262908
H            5.55249631413966       -4.13071617666757        0.16782045232733
C            6.52663265077044       -3.26022042695872        3.84751233875720
H            4.37439780440073       -3.06866391434857        4.18066702677767
C            7.53222974131384       -3.54451835529709        2.91258206770356
H            7.96917987674538       -4.07699283839008        0.85357730957759
H            6.79405483711734       -3.00910499324955        4.88199964081072
H            8.58879732957294       -3.51824848907356        3.21365278232200
C           -1.66357799445185       -6.53277052690736        1.02525800618545
C           -2.03654769098945       -6.97882386794898        2.30357708966752
C           -2.32393688675814       -7.00680714804619       -0.11786454770704
C           -3.06415610966656       -7.92283941594271        2.42838151147974
H           -1.52325696153873       -6.58007556768619        3.18704927395039
C           -3.35637865940554       -7.94422201368471        0.02154882930131
H           -2.02193841923373       -6.62402756494519       -1.09981925487677
C           -3.72488454037496       -8.41024643353628        1.29127008487239
H           -3.35578138653347       -8.27578111269304        3.42609078501224
H           -3.87511157349569       -8.31412588955615       -0.87196455292506
H           -4.52954681986534       -9.15108979986545        1.39610771579543
C            2.67248172608510        5.14896892896362       -1.42959290502521
C            2.98806195278401        6.20932045067613       -0.56256297954218
C            3.68301406232743        4.51772520864442       -2.17356233873903
C            4.31682483004856        6.64493596390333       -0.46603813503656
H            2.19919292188484        6.68419660332937        0.03306254943287
C            5.00754797565087        4.95468773523353       -2.05929075231914
H            3.42386424126998        3.67862084105774       -2.82900119302150
C            5.32975436029245        6.02497668671126       -1.21156416784750
H            4.56214752522858        7.47675904028629        0.20830028655085
H            5.78030810873438        4.43992153827184       -2.64394642672977
H            6.36817771485825        6.37371275010273       -1.12659830676581
C           -4.55496018989757        5.05719553860197       -1.19013173888788
C           -4.93024919450281        5.26987421857466       -2.52660953702021
C           -5.50141584141588        5.15711988322798       -0.15885492818028
C           -6.25865199117144        5.60316801477409       -2.82187274236432
H           -4.18388934420271        5.16582223639813       -3.32338720289782
C           -6.82844895136994        5.48348681428208       -0.46909905303235
H           -5.18152071361543        4.96717057205254        0.87232908992834
C           -7.21060314462466        5.71384328011814       -1.79787466160063
H           -6.55432348978104        5.76874042401793       -3.86586820156828
H           -7.56943815880014        5.55947556475268        0.33679886021691
H           -8.25104014506107        5.97357374906099       -2.03726419255603
N            1.46765726241155        0.35793231479873        0.16749846586628
C            2.52916549887586        1.08486043466319        0.67280084056370
C            3.62120723188920        1.42297219983215       -0.14848018475032
C            4.68722711204045        2.16598954953850        0.34317639876920
C            4.70375735516426        2.58508075678983        1.66656790013894
C            3.64768539771241        2.25254935821751        2.48996244763334
C            2.57351265208331        1.50426487543062        2.02172972830231
C            1.45337224642077        1.18544418967330        2.93826283719178
C            0.32184074509034        2.20163818219536        2.80439851728705
C            0.68279381329151        3.59339459571141        3.16104567552118
C            1.07871940645268        4.54696109405957        2.20954845044769
C            1.42409962691570        5.74111597551963        2.78522910407341
S            1.23712404642328        5.66279833898916        4.46962334610984
C            0.67958496908931        4.07064596304172        4.44895073725899
H            3.62241135382465        1.10937744954043       -1.18090563706591
H            5.51244010962199        2.42713586005976       -0.30504542180669
H            5.52613283023818        3.16931754501344        2.05668604963024
H            3.67851459818087        2.60225383563420        3.50560166757355
H            1.07431773242255        0.18184742536761        2.74483967388939
H            1.80922696563059        1.17003047470153        3.96739546421075
H           -0.03732862448908        2.16260491294808        1.69496342797648
H           -0.55552774022418        1.86309552314660        3.45924932069300
H            1.11320453175015        4.35662576099365        1.14893103365195
H            1.77927704237347        6.61022988105107        2.26383742362280
H            0.39871025634214        3.51515766437879        5.32105904615863
239
 energy: -392.599329298343 gnorm: 0.132993213726 xtb: 6.7.1 (edcfbbe)
N            0.17685680936511       -1.77566511074852       -0.95334510079843
N           -0.04863941693172       -1.09716008679051        1.79686458821186
C           -0.42840777259642       -1.01170871393729       -3.23934902382879
C            0.01249056498871       -1.97246547352754       -2.30269879680968
C            0.41772228354280       -3.31876450879109       -2.65321144092821
H            0.38143473960317       -3.73562979254974       -3.66054569766630
C            0.85265938361050       -3.91187426685757       -1.50024046287556
H            1.24589890006502       -4.92032658886701       -1.36521699139495
C            0.66453093256218       -2.94803674454280       -0.43643808498938
C            0.86081434477747       -3.23526150767447        0.93467158824792
C            0.45938203961064       -2.36308788872776        1.95725576151742
C            0.39820654123697       -2.73501892240814        3.36064921785602
H            0.73706123474106       -3.69284289941845        3.75766142056238
C           -0.18921063167973       -1.70267192044214        4.02749793111787
H           -0.42800064079756       -1.61723456611719        5.08647105066153
C           -0.46443725523573       -0.66983856267495        3.04556858253595
C            1.40935742250561       -4.58502860800178        1.31696503872439
C            2.75402891861039       -4.73204536299302        1.73052302834855
C            3.27475872396091       -5.98634973608553        2.09594401256760
C            2.44696991920813       -7.11085329850594        2.03843607672784
H            2.85229331210413       -8.09359143271600        2.31177923535960
C            1.11364701002919       -7.00596493480446        1.63542288883422
C            0.59734764079262       -5.74391946968141        1.28677531465265
N           -0.81165510394765        1.57217940608553        1.02885899687522
N           -0.53646985307831        0.91046159885941       -1.66519517145783
C           -1.03647903528150        0.54991863465723        3.36457816068734
C           -1.08315190094445        1.65494845778259        2.41902884967658
C           -1.52632321223079        3.02162665412533        2.74667048602414
H           -1.79671122108004        3.32435795323600        3.75419090767953
C           -1.36842363403762        3.75563707455736        1.61966132406394
H           -1.53692982810566        4.82002350151108        1.49372019126076
C           -0.97431551494150        2.85725116562436        0.54939983434010
C           -0.85361836382699        3.21652513547368       -0.79142716645936
C           -0.73672091490994        2.25808246853434       -1.82394077410475
C           -0.95330124656878        2.56287185224324       -3.21961236591209
H           -1.13534027359631        3.56177121328961       -3.61741386430697
C           -0.93546762134292        1.37118969396579       -3.89207258634540
H           -1.09592657270217        1.18863257393224       -4.95534202922286
C           -0.64209111940421        0.34442132242948       -2.91559488931285
C           -0.93442279150098        4.66580119840028       -1.18150465052507
C            0.24495842127385        5.35880712585795       -1.54561408148147
C            0.20146266373072        6.69921988544292       -1.96785584191813
C           -1.02810804554680        7.36308470172009       -2.00030741575872
H           -1.06615715082788        8.41198347252155       -2.32127175546824
C           -2.21077279627014        6.71403929419610       -1.63489648037618
C           -2.16301312269514        5.36334292458514       -1.24359827616725
Fe          -0.19314781248461       -0.06148146463553        0.06629476823294
Cl          -2.43338376492205       -0.69979439357547        0.06285421025898
C           -1.58735094382303        0.80589153237528        4.73146262531756
C           -0.80873299127675        1.34915319944708        5.79000386988154
C           -2.94197765797719        0.44898273479750        4.96761847923010
C           -1.37792715682169        1.54299090572967        7.06155022429121
N            0.53274626137139        1.68931800911164        5.51931395353635
C           -3.50329802841210        0.66408539935412        6.24358426066524
N           -3.67261565634025       -0.14259999870138        3.91418344028799
H           -0.75890744900292        1.95004429128154        7.86592417989460
C           -2.71727961510648        1.20126252992052        7.26574830399803
C            1.52313303692851        2.11297234240384        6.38223688015036
H            0.79088365951805        1.60470084432719        4.53908980318502
H           -4.55146146399388        0.40285384601157        6.40502855147450
C           -5.00264242771178       -0.52087241501907        3.90526129796471
H           -3.14974660742678       -0.32058235350191        3.05016187854697
H           -3.16130477043774        1.35641868637652        8.25663478332627
O            1.38475958515286        2.23297202883004        7.58973966611719
C            2.83585593521616        2.44501972294691        5.71346869380651
O           -5.79294730775894       -0.28435495306136        4.81229206722286
C           -5.42302965186245       -1.27652522454672        2.66857714757034
C            4.10430343891909        2.06481659139876        6.43381519584968
H            2.87732144374147        2.44671687466777        4.62503684671160
C            3.68249040474583        3.51415192706642        6.41327716367988
C           -6.78217283755073       -0.98095483611137        2.08352806200289
H           -4.64632133882120       -1.58918414277163        1.96230861827589
C           -6.59350492638110       -2.24518276697772        2.88742703744191
H            3.99559186251220        1.54496913208087        7.38715751489258
H            4.96197800337254        1.78505479751674        5.81953629931417
H            3.25702960084478        3.91666889040905        7.33386088256299
C            4.45187725117715        4.48020552594522        5.56749725240638
H           -7.36948358015020       -0.19586857303192        2.56657509672014
H           -6.87782433242586       -1.07175513470281        0.99877650021358
H           -7.00511294684058       -2.24854660827104        3.90108797789720
C           -6.57565739433234       -3.56756547687731        2.19599267624397
O            4.55117608316385        5.67549278888114        6.16974374648766
O            4.94208747119489        4.21740573363691        4.48800227641801
O           -7.17848400762190       -4.51126368617795        2.95171095863669
O           -6.10016070536040       -3.78503714255153        1.10129423523763
C            5.28650070018846        6.74060733092811        5.49775470737185
C           -7.27072155720769       -5.86222866902796        2.41884332062866
C            4.29839685056706        7.61560915287789        4.71437998188703
C            6.05474641965715        7.50111300648394        6.57825414750501
H            5.98178395561886        6.25247698638370        4.79236122154787
C           -7.25499610960601       -6.81003709691289        3.61996394086783
C           -8.53330516703816       -5.98156409280649        1.55709248082544
H           -6.37827149921522       -6.02184402783531        1.78492161098886
H            3.78201747332688        7.01723356146057        3.94694701639506
H            3.55172138786503        8.04890207348516        5.39118183858700
H            4.83586362367135        8.43435111535875        4.21854226418000
H            6.73510656298746        6.83070243061069        7.11733812285779
H            6.65309636447333        8.30495837891844        6.13097612494317
H            5.36816202106124        7.94727813727493        7.30746592320236
H           -6.33721461439727       -6.67251324655384        4.20479287152881
H           -8.11941218408764       -6.62487385367671        4.27420033982708
H           -7.30413769613980       -7.85351323192262        3.28248605240015
H           -8.48556050755471       -5.28027936030124        0.71365899131616
H           -8.62800595791944       -7.00040636240813        1.15853430415178
H           -9.43225553337729       -5.76500051587225        2.15295606645522
C           -0.67567911303074       -1.48261660801308       -4.65126979167959
C            0.27772599400589       -1.27450049763512       -5.68417754173458
C           -1.87862665760818       -2.18054657478149       -4.94626061238600
C            0.06382339276200       -1.81124285578082       -6.96900155719422
N            1.42115766727133       -0.49460635065399       -5.37298878431667
C           -2.08070882984719       -2.72138376661779       -6.23326845523700
N           -2.85979458909136       -2.26401473715311       -3.92963720869838
H            0.81422440215887       -1.64517041014764       -7.74712173048368
C           -1.10606281511796       -2.53630211638421       -7.21798193907043
C            2.35787770166175        0.04603690754527       -6.22459670503355
H            1.44341274376638       -0.16477052551870       -4.40649468909124
H           -3.00082316576400       -3.27672689147552       -6.43363341841230
C           -4.08700969618732       -2.89227851663943       -3.96699041594530
H           -2.64131050892987       -1.75016076125878       -3.07198720983539
H           -1.26829052778146       -2.96118016875324       -8.21665036292227
O            2.45855443055989       -0.21243011899504       -7.41799647366665
C            3.26138133051244        1.06393234796354       -5.56077872913768
O           -4.47093832367171       -3.61316470887426       -4.88214422390982
C           -4.95865991522023       -2.60000312736656       -2.76956333688154
C            3.57072413412460        2.31190012772790       -6.35033264387490
H            3.20572703460402        1.17465340155569       -4.47288878837670
C            4.64678040688727        1.26606908672285       -6.17461469255319
C           -5.85467349465922       -3.69402691389451       -2.24890260143887
H           -4.59573964856003       -1.87650236357733       -2.03104096037468
C           -6.46668005829588       -2.58018697174727       -3.06367979854186
H            3.12978924729416        2.38810483955345       -7.34699324929919
H            3.68050649879525        3.24308916246254       -5.79107794161819
H            4.88605522616673        0.64465016762167       -7.04099910217894
C            5.77620366498395        1.57742419354440       -5.24358106058599
H           -5.79061105962619       -4.66298610926121       -2.74930077820319
H           -6.03035925522050       -3.70367558820869       -1.17074331808905
H           -6.73978634081065       -2.81719570093141       -4.09608806793004
C           -7.30754508711012       -1.54167311788983       -2.39900913953358
O            6.94232009024310        1.12070231751415       -5.72879166849228
O            5.65916720897622        2.18184121740108       -4.19537390151590
O           -8.30863435931663       -1.14051652313681       -3.21099369909859
O           -7.13832508670196       -1.11024634565283       -1.27741075275481
C            8.15929887289450        1.35949173913782       -4.96246563091177
C           -9.23241974556061       -0.13097504304758       -2.71423667429554
C            9.06927025856221        0.15100777691986       -5.19190779421808
C            8.77515566101657        2.69020326403102       -5.40597089833105
H            7.86112855185871        1.42755185706328       -3.89918623294474
C           -8.66913577203619        1.26654716953266       -3.00452534225712
C          -10.57987059755252       -0.40185830193302       -3.38366085868894
H           -9.30408425851421       -0.27196360489955       -1.62081195521736
H            8.56525459993195       -0.77067995879980       -4.87528752989389
H            9.33512478020150        0.06021970599019       -6.25553432149505
H            9.99900490606577        0.26303933059221       -4.61956353997805
H            8.07862660391881        3.51625530461610       -5.21778768655965
H            9.70125763246104        2.88637643684541       -4.85020842914362
H            9.02138489826538        2.66624946264999       -6.47811268185549
H           -7.70436284146525        1.40359403475093       -2.49097008324549
H           -8.52291890832408        1.40557196501961       -4.08375083150723
H           -9.36651490375573        2.03603711325493       -2.64792462526917
H          -10.92982203394899       -1.41797994850175       -3.15656695629972
H          -11.33591031547583        0.30900924858197       -3.02653853829401
H          -10.50287248999585       -0.30124023502182       -4.47338116393291
H            4.31919046459965       -6.07594315964209        2.41669690332562
H            0.47259514493893       -7.89377330579050        1.58655961437093
H            1.12076668241414        7.20997804463797       -2.27594542493508
H           -3.16979961439451        7.24477432995055       -1.65680755376395
O            3.50088140394651       -3.57448606480342        1.75778113419952
O           -0.69533514467103       -5.55445594795839        0.85430774190626
O            1.39791513097242        4.60402928695787       -1.52581326851744
O           -3.27404464778490        4.65586340620100       -0.84418396553814
C            4.83919512151460       -3.61352724350337        2.14727979469169
C            5.83749529347854       -3.89306325186227        1.20411871600812
C            5.17487159577419       -3.29342380380202        3.46938530285763
C            7.18167162569189       -3.85881505191585        1.59534685081567
H            5.55061788694330       -4.12938960263988        0.17461366057547
C            6.52275109474523       -3.26099066039522        3.84864289368185
H            4.37266310703895       -3.06974323450362        4.17963399544663
C            7.52782957507070       -3.54502230318827        2.91563368576793
H            7.96538871024536       -4.07622353276212        0.86090585697777
H            6.79066387216357       -3.01102197023914        4.88102394807636
H            8.58346484722992       -3.51968175356488        3.21677469520138
C           -1.66693619107373       -6.53462829037081        1.02530794676401
C           -2.04045367353634       -6.98142232474628        2.30104126550840
C           -2.32713668322733       -7.00850982608889       -0.11664640341689
C           -3.06669404227171       -7.92511537030680        2.42536025881102
H           -1.52749573782329       -6.58347866573504        3.18284110604666
C           -3.35780677593745       -7.94574386724700        0.02221232507975
H           -2.02472840675743       -6.62591783825775       -1.09651145467678
C           -3.72622972499978       -8.41205233990460        1.29002490648453
H           -3.35813086826358       -8.27932276179757        3.42026946868038
H           -3.87550652631795       -8.31609856801033       -0.86901634778748
H           -4.52946846307607       -9.15311635802307        1.39446998407946
C            2.67005537236170        5.14863309391447       -1.42641833255139
C            2.98609846563930        6.20754337946362       -0.56093517827623
C            3.68051160957084        4.51809644800669       -2.16932319402986
C            4.31293457112986        6.64386897741460       -0.46379394535275
H            2.19790967071073        6.68178210070937        0.03315628716174
C            5.00295383371221        4.95577666534118       -2.05548197925663
H            3.42143409121440        3.68041182581163       -2.82390009939393
C            5.32473624578589        6.02525830037171       -1.20863604844082
H            4.55861894454705        7.47473986558663        0.20899551901519
H            5.77524269740019        4.44303494333927       -2.63916352274424
H            6.36170792869012        6.37499890229964       -1.12401970826730
C           -4.55941226656899        5.05577129953016       -1.19112290797354
C           -4.93491297310082        5.26888155935108       -2.52513745816011
C           -5.50624981240666        5.15530788337733       -0.16151468841808
C           -6.26199177570064        5.60212998344102       -2.82059131335448
H           -4.18892225420398        5.16557380211730       -3.31986204726607
C           -6.83169757192481        5.48189094729781       -0.47163350951472
H           -5.18668895707363        4.96572566580605        0.86776666535682
C           -7.21331668299404        5.71253999208292       -1.79874285743818
H           -6.55793047742790        5.76878017432119       -3.86192964673595
H           -7.57248838319265        5.55837217273714        0.33134139581701
H           -8.25269102582887        5.97276498450705       -2.03816859594066
N            1.46632934674177        0.39300634518795        0.17313623294546
C            2.50428433204301        1.07293094745025        0.64471252474649
C            3.62024081136608        1.42115948080096       -0.16151919769264
C            4.68133650534091        2.15820753398243        0.32564050955668
C            4.71319247662157        2.58599743756536        1.64267578390689
C            3.66102802278294        2.25046874381641        2.45271337651845
C            2.59882139059324        1.50365139914996        1.99749388130432
C            1.52181310964548        1.17023764379804        2.92860511802755
C            0.42869589384247        2.21957366274312        2.84335422322153
C            0.74514556347164        3.60952847968482        3.17583369082244
C            1.11602597716379        4.56328384334789        2.20636759079719
C            1.43233875134424        5.74783139124321        2.77900562014555
S            1.23874474891236        5.72682198774250        4.48294141959386
C            0.69738751686051        4.11968058019371        4.43806680040768
H            3.62070329275584        1.10792842193684       -1.19061950671669
H            5.50580735062660        2.41889219176906       -0.32041799389369
H            5.52890060208198        3.16739982050352        2.04481401765884
H            3.70554082012580        2.60414177122609        3.46224524136381
H            1.12638144988297        0.19529949566007        2.71694384653146
H            1.90418460904470        1.12255487017732        3.93519109126263
H            0.07574209792524        2.16284094311575        1.69525858343095
H           -0.44305702054026        1.87593320434244        3.52936335678645
H            1.13757810181621        4.36167722884156        1.15183304534693
H            1.77936470175976        6.62204783613848        2.27283814026225
H            0.39238873792141        3.59433329338546        5.31350196529951
239
 energy: -392.654506473052 gnorm: 0.140604132016 xtb: 6.7.1 (edcfbbe)
N            0.17391105183818       -1.77751416466512       -0.95163127740232
N           -0.05270261229080       -1.09891812938287        1.79795778411330
C           -0.43093410523877       -1.01257818222369       -3.23741013845531
C            0.00952218474790       -1.97341733802315       -2.30170609388743
C            0.41523702990756       -3.31955595733542       -2.65194713077005
H            0.37965566921196       -3.73645721928620       -3.65908288732303
C            0.84974595977889       -3.91285169228626       -1.49887981420230
H            1.24305342955841       -4.92107534267462       -1.36408948671438
C            0.66075539433417       -2.94868264364567       -0.43581337898488
C            0.85633991306468       -3.23601551598510        0.93701269319963
C            0.45446261654588       -2.36435148148883        1.95768644318440
C            0.39247759382685       -2.73643366748676        3.36310385413140
H            0.73164823693568       -3.69443953474070        3.75913754577240
C           -0.19483046941393       -1.70564513530743        4.02860703950463
H           -0.43421254931625       -1.61943197357139        5.08747040397512
C           -0.46914066927597       -0.66911700198538        3.04557342673025
C            1.40530708928152       -4.58649072987865        1.31860719498032
C            2.74979366491226       -4.73298168566933        1.73259360238899
C            3.27046123316083       -5.98742925802512        2.09789526566670
C            2.44313978885503       -7.11203179511003        2.04006609086036
H            2.84849303461374       -8.09465774770733        2.31342254526686
C            1.10999081399556       -7.00713674819878        1.63660205246965
C            0.59362303533222       -5.74521095997336        1.28792828510764
N           -0.81709869064102        1.57005010520734        1.03487478826312
N           -0.54067239702949        0.91047964395562       -1.66467879441404
C           -1.04327970677474        0.54574034733843        3.36202895354720
C           -1.08098192646731        1.65831186471763        2.42532438599633
C           -1.53433896196160        3.02171756055322        2.74640400327119
H           -1.80188730594577        3.32080928585604        3.75559165027952
C           -1.37149359612967        3.75328909119265        1.62372280856353
H           -1.54313293296005        4.81796230520041        1.49520466689120
C           -0.97682640412257        2.85462331898107        0.55224161972298
C           -0.85819562143897        3.21472325809275       -0.78774975680269
C           -0.74051828036846        2.25606265881391       -1.82290454405656
C           -0.95676226437749        2.56200945573943       -3.21798503946167
H           -1.13869492330035        3.56057217322263       -3.61606293545368
C           -0.93831227868016        1.37027685476802       -3.89076049385064
H           -1.09828142952591        1.18814809465770       -4.95397230657684
C           -0.64530172061969        0.34376073777129       -2.91417935162011
C           -0.93928567485114        4.66461355533663       -1.17990834576804
C            0.24000398495355        5.35787332643233       -1.54314426931913
C            0.19649836969715        6.69827363347234       -1.96506492442567
C           -1.03300725631432        7.36198326814424       -1.99817601870005
H           -1.07110373392635        8.41085533099325       -2.31893171552579
C           -2.21554304133805        6.71246122924202       -1.63361777872185
C           -2.16773736248475        5.36175699148930       -1.24243847494581
Fe          -0.20184460920126       -0.06154600240526        0.07022556383855
Cl          -2.43716006859831       -0.70144750322643        0.06304491128980
C           -1.59339084266479        0.80456711471604        4.73131188352971
C           -0.81558936046885        1.34764345358673        5.79073249107248
C           -2.94802949534701        0.44649658949304        4.96800456263780
C           -1.38588842070276        1.54064336374601        7.06234747599209
N            0.52838983656316        1.68739165626723        5.52002967596098
C           -3.51048911180707        0.66126871826923        6.24348897525297
N           -3.67929263669766       -0.14527371625973        3.91375706780455
H           -0.76796455908226        1.94768716334068        7.86746216855524
C           -2.72541292076449        1.19850764458466        7.26630528257068
C            1.51503399338607        2.11176278780239        6.38450920560035
H            0.78781658097103        1.60000653275963        4.54173110593918
H           -4.55844186341206        0.39965668933966        6.40484765239118
C           -5.00817232387857       -0.52331314822523        3.90494529136037
H           -3.15541048590203       -0.32256638686891        3.05045085643611
H           -3.16964499722879        1.35326909453590        8.25695594452718
O            1.37623871537245        2.23134844620217        7.59242542750577
C            2.82872346904216        2.44401762552078        5.71591706558692
O           -5.79962652554663       -0.28768067065769        4.81120052451971
C           -5.42843452653852       -1.27944074268263        2.66730617852483
C            4.09647429072831        2.06365561462545        6.43767903441854
H            2.87081404987542        2.44611993029126        4.62746873344340
C            3.67405477860416        3.51232943649551        6.41749119926074
C           -6.78724211125917       -0.98385998635034        2.08199829563149
H           -4.65136693241224       -1.59129239298221        1.96177920507530
C           -6.59866125713863       -2.24778844092205        2.88585248729523
H            3.98791463124698        1.54350033816126        7.39057445386515
H            4.95417007616426        1.78405723683961        5.82421277295164
H            3.24892737976739        3.91503286253682        7.33738171831829
C            4.44382790875326        4.48017278502937        5.57192450336138
H           -7.37503466341565       -0.19921304502352        2.56447981984561
H           -6.88241829561133       -1.07431756883680        0.99750260163808
H           -7.01094043595032       -2.25194366239309        3.89879981892283
C           -6.58046705558640       -3.57085969943768        2.19454296533308
O            4.54396397674811        5.67360252211512        6.17386782867501
O            4.93438318034070        4.21634628032280        4.49253051368073
O           -7.18359313987340       -4.51428313317408        2.94842121163569
O           -6.10419113255717       -3.78731630752557        1.09966747775583
C            5.27858654306991        6.73886572042686        5.50318355127643
C           -7.27501942775800       -5.86474657139177        2.41643001657155
C            4.28990470729357        7.61508982471755        4.71865613812784
C            6.04586206558865        7.50030159546759        6.58374696349718
H            5.97367208844983        6.25216963678691        4.79759918242122
C           -7.25946540554789       -6.81329451049708        3.61768725202607
C           -8.53742058755800       -5.98470610355281        1.55339877044915
H           -6.38244257471948       -6.02436248369781        1.78302070756054
H            3.77478235082940        7.01589203894572        3.95142856490344
H            3.54403358035162        8.04739270213450        5.39546133955366
H            4.82818950732072        8.43300268643289        4.22426599803531
H            6.72569658375005        6.83058524251170        7.12279157210032
H            6.64432585542769        8.30379388019744        6.13738165301009
H            5.35968278908582        7.94583961353348        7.31233031980094
H           -6.34256215731520       -6.67548333727554        4.20199171259982
H           -8.12428625278868       -6.62889995314881        4.27060017289260
H           -7.30889151315892       -7.85611266603051        3.28012400469006
H           -8.48902549199116       -5.28330924717555        0.71120170229145
H           -8.63180344251366       -7.00313356833674        1.15592062398877
H           -9.43624127767124       -5.76904903414393        2.14882620271954
C           -0.67770624890554       -1.48346469805061       -4.65042644385464
C            0.27583688373067       -1.27511170229460       -5.68264277404970
C           -1.87977348932922       -2.18143766801909       -4.94608543736423
C            0.06294426499412       -1.81144081483327       -6.96755720682024
N            1.41959904683381       -0.49401823141592       -5.37094814323595
C           -2.08159341833130       -2.72204988642607       -6.23291647657624
N           -2.86262291014023       -2.26539279709509       -3.92923296830749
H            0.81340991077703       -1.64535317944378       -7.74550374308175
C           -1.10661115615623       -2.53685654738859       -7.21743382442743
C            2.35578230456651        0.04558932850802       -6.22215996546186
H            1.44084351424409       -0.16535357838362       -4.40440190387171
H           -3.00126892839817       -3.27754444515278       -6.43414170908665
C           -4.08828925238353       -2.89373635220955       -3.96830007444259
H           -2.64366262886877       -1.75156168388823       -3.07209042167680
H           -1.26821466133014       -2.96152305770421       -8.21607484724445
O            2.45795420541650       -0.21228074381042       -7.41533746096832
C            3.25962151791795        1.06414901871009       -5.55741889061216
O           -4.47258851773910       -3.61456338273960       -4.88316731304251
C           -4.96150505121694       -2.60167298513279       -2.77046574366118
C            3.56891410531894        2.31198142820097       -6.34686504922677
H            3.20294123444005        1.17450533508677       -4.46999413376607
C            4.64457810014687        1.26638261035084       -6.17109073982812
C           -5.85723454058084       -3.69607177504991       -2.25073240525622
H           -4.59858710209419       -1.87860023784457       -2.03214119396479
C           -6.46876179309209       -2.58248530849205       -3.06569886596405
H            3.12865470999581        2.38857933493291       -7.34347819773652
H            3.67813725133441        3.24286026617488       -5.78768283895315
H            4.88500827871144        0.64570493742266       -7.03696828430789
C            5.77459747206192        1.57760804775634       -5.23905800778489
H           -5.79311663759533       -4.66477482842087       -2.75083626232025
H           -6.03326947027207       -3.70610179603534       -1.17297838949235
H           -6.74197623867734       -2.81907384623552       -4.09772639182956
C           -7.31085396739262       -1.54365850819270       -2.40162084755202
O            6.94032670109264        1.12264058245242       -5.72377188659626
O            5.65601975507458        2.18205733687901       -4.19100251403910
O           -8.31147919262096       -1.14308509089268       -3.21252633036036
O           -7.14152628056089       -1.11296569503521       -1.27948284183369
C            8.15643568566004        1.36055706599497       -4.95742607586891
C           -9.23530280377917       -0.13442727000403       -2.71691629410118
C            9.06734694777371        0.15166254828965       -5.18619852680323
C            8.77281266986908        2.69184418206164       -5.39997614727267
H            7.85818387942585        1.42826275211538       -3.89419474903159
C           -8.67213987725626        1.26451196158286       -3.00696589968104
C          -10.58258876497448       -0.40479246705659       -3.38723558348558
H           -9.30754948050278       -0.27475945243492       -1.62400700863085
H            8.56321070423138       -0.76890115897041       -4.87003086405260
H            9.33407710099937        0.06177581164397       -6.24913340261044
H            9.99641799729626        0.26455654530824       -4.61423908779847
H            8.07625521268203        3.51648995720375       -5.21195595297425
H            9.69835416256339        2.88755354532225       -4.84453338416963
H            9.02000006332277        2.66763983827801       -6.47143588691043
H           -7.70774381006702        1.40085301302415       -2.49302719356630
H           -8.52594964311569        1.40316072369663       -4.08538145746229
H           -9.37000631621428        2.03270431368822       -2.65101330446973
H          -10.93246647542322       -1.42040759600047       -3.16037271112104
H          -11.33874817205245        0.30539341188145       -3.03088551374466
H          -10.50542330333873       -0.30383288034608       -4.47599624025960
H            4.31472541101684       -6.07703309480768        2.41912109865183
H            0.46935910994954       -7.89510869747757        1.58749127739033
H            1.11564848124857        7.20946161552117       -2.27261476142185
H           -3.17449518714949        7.24313580480104       -1.65608073397675
O            3.49610162049242       -3.57547829571156        1.76039746263280
O           -0.69893894105680       -5.55591524813612        0.85456427257119
O            1.39325210298999        4.60315300582327       -1.52276645809969
O           -3.27889487320834        4.65402464756335       -0.84333023701469
C            4.83481689357181       -3.61412837375412        2.15054482498903
C            5.83340060126468       -3.89314582121230        1.20817610333914
C            5.16974473296992       -3.29415103277161        3.47257418915453
C            7.17735057664743       -3.85889603301092        1.59984481847060
H            5.54714865842053       -4.12930818338963        0.17889641007635
C            6.51735620980419       -3.26169978128831        3.85247592497271
H            4.36739606105509       -3.07089256859902        4.18215068290320
C            7.52290204885457       -3.54541299645995        2.92015954175728
H            7.96152238298405       -4.07592536201534        0.86651051909415
H            6.78514240693317       -3.01210171071085        4.88444131841114
H            8.57826658147541       -3.52026511601919        3.22172656929551
C           -1.67061585819724       -6.53637559423287        1.02526045872122
C           -2.04452810024243       -6.98355258842856        2.30013793585933
C           -2.33024599085685       -7.01015999071111       -0.11694821133498
C           -3.07052367526776       -7.92754842820505        2.42385008526902
H           -1.53206600132452       -6.58589956625216        3.18188132291191
C           -3.36048509024142       -7.94765872047251        0.02123877967698
H           -2.02742694248610       -6.62741352211813       -1.09619647577883
C           -3.72941882385119       -8.41437959383486        1.28859995295792
H           -3.36226131196751       -8.28244522640597        3.41774329964418
H           -3.87767016895693       -8.31820196120832       -0.86953660446592
H           -4.53222771213053       -9.15573935790046        1.39251457821873
C            2.66555815954215        5.14815149980044       -1.42281489614520
C            2.98100576708047        6.20672723905785       -0.55737933563015
C            3.67635391216583        4.51780991769502       -2.16532474592662
C            4.30756575786909        6.64355296602429       -0.45947442730975
H            2.19275721400484        6.68072146616086        0.03623447156594
C            4.99832771514497        4.95601655775293       -2.05106329168662
H            3.41766895731832        3.68039871247566       -2.81991852450135
C            5.31961373009365        6.02547291447206       -1.20401260197187
H            4.55307281635443        7.47419664836015        0.21314837006134
H            5.77088140306686        4.44396910325030       -2.63434061001602
H            6.35613019600449        6.37578195223032       -1.11915569709660
C           -4.56427964587489        5.05370533066549       -1.19114343652061
C           -4.93925476716107        5.26705566528978       -2.52462900300481
C           -5.51164071461659        5.15285697612568       -0.16206804734849
C           -6.26622081773125        5.60019383775459       -2.82067395784343
H           -4.19307252549713        5.16419683480266       -3.31872194217061
C           -6.83678106167502        5.47935809085734       -0.47264762282571
H           -5.19249288810216        4.96327154452820        0.86687966080007
C           -7.21795333724949        5.71022066023564       -1.79972485538741
H           -6.56201693397609        5.76733127673436       -3.86130727984122
H           -7.57802347661374        5.55576193575834        0.32912384386771
H           -8.25710127312602        5.97048917346546       -2.03946843888915
N            1.45802489711658        0.42443106440547        0.17158426429778
C            2.49357317537502        1.06535126970153        0.61173211916407
C            3.62549985427739        1.42104012538533       -0.18767289789108
C            4.68531372132475        2.15181757600691        0.29252500115622
C            4.73596477484086        2.59328307497856        1.60553425757308
C            3.68817021098293        2.25324514262410        2.41416059704018
C            2.63860186344458        1.49911459004215        1.97057210229752
C            1.59474155400360        1.15036123248843        2.92624041137388
C            0.53731276233215        2.23298774442310        2.86949142444341
C            0.81389850456898        3.62940227321095        3.18680024394089
C            1.16749323941294        4.58495094437422        2.20314256877337
C            1.44581803925700        5.77498112500461        2.76742433134420
S            1.23142833538509        5.79697969508720        4.48273128571141
C            0.71975209171490        4.17270861197111        4.43195556893777
H            3.61991119101940        1.10575343938757       -1.21458675103232
H            5.50617607126765        2.40801682879331       -0.35533466898071
H            5.54532660254475        3.17096863727875        2.01728244107487
H            3.73978728693953        2.60820641633387        3.42155206015314
H            1.17548533542752        0.19654884796885        2.68095986177604
H            2.01366482172331        1.05803266297973        3.91751362647059
H            0.20011842394157        2.15814213045378        1.70887066628502
H           -0.30571987624333        1.90199859001307        3.58620577970113
H            1.17976287354883        4.36878982352250        1.15310871886345
H            1.78275148651507        6.65722532114575        2.27497348205508
H            0.38740160562268        3.68118295673907        5.31725619400288
239
 energy: -392.716411690851 gnorm: 0.161306298912 xtb: 6.7.1 (edcfbbe)
N            0.16981177340464       -1.77882525464729       -0.95015233073495
N           -0.05788629639307       -1.10010326715623        1.79978778222344
C           -0.43402205324146       -1.01385331416426       -3.23602386080665
C            0.00589738651850       -1.97412606858236       -2.30050775707962
C            0.41241836438024       -3.32082473973863       -2.65075617026809
H            0.37729478809444       -3.73740221530489       -3.65816428431409
C            0.84643322067531       -3.91411439797697       -1.49783980202568
H            1.23989503340435       -4.92225971676452       -1.36276163989012
C            0.65647020912197       -2.94951312808499       -0.43447226813229
C            0.85144986166209       -3.23744670489826        0.93848267423976
C            0.44887330644174       -2.36532557911530        1.95864921715445
C            0.38618920731474       -2.73796877124526        3.36517118621072
H            0.72559662973468       -3.69647567128711        3.76055082755036
C           -0.20174855435873       -1.70728911516969        4.02956721749078
H           -0.44157135788811       -1.62137019503210        5.08880825944692
C           -0.47422496515312       -0.66824039155254        3.04525684053995
C            1.40047206227108       -4.58768607238956        1.32002617497582
C            2.74500122864501       -4.73385204404365        1.73481713947307
C            3.26588969272667       -5.98837056790267        2.10014643440380
C            2.43867422791829       -7.11320860540360        2.04177051146723
H            2.84417749830140       -8.09594286751370        2.31523677848537
C            1.10550853735289       -7.00864508976622        1.63765917230492
C            0.58899784978699       -5.74665010942358        1.28887603347590
N           -0.82730666913761        1.56867760910602        1.04853403545512
N           -0.54547790648694        0.90988394587335       -1.66359677385873
C           -1.04839975407893        0.55364910110607        3.35404058590486
C           -1.10178754127664        1.65511201764367        2.42245930108478
C           -1.53707572882620        3.01502315921992        2.74767766777148
H           -1.80821741596608        3.31729148604034        3.75689417395386
C           -1.37408213780797        3.75092829407830        1.62686238965752
H           -1.55014394683834        4.81617065397644        1.49647391162072
C           -0.97864329913894        2.85044177750845        0.55709765805797
C           -0.86350404269332        3.21273420246540       -0.78486601030636
C           -0.74512297426211        2.25455238963689       -1.82131671092814
C           -0.96085777314589        2.56111390210059       -3.21674941342460
H           -1.14281013238596        3.55971520915459       -3.61485727522076
C           -0.94175637533809        1.36948767833865       -3.88967972876408
H           -1.10122520890549        1.18726577386871       -4.95311965072962
C           -0.64901260155638        0.34293006804323       -2.91228236551171
C           -0.94488524095705        4.66281660839191       -1.17802853625065
C            0.23452311367710        5.35664809735326       -1.54070114901565
C            0.19107829102060        6.69720795444439       -1.96254470264330
C           -1.03875272156635        7.36070054410315       -1.99616352542536
H           -1.07692986969828        8.40980912126749       -2.31677232878176
C           -2.22149374691015        6.71082401993759       -1.63239002985294
C           -2.17353444962163        5.35994028892808       -1.24114239385159
Fe          -0.21160117287941       -0.06114344057276        0.07400803395030
Cl          -2.44177965091888       -0.70329983925058        0.06286078677185
C           -1.59965309398369        0.80319396981416        4.73025529127903
C           -0.82363995894612        1.34593822294736        5.79141659667619
C           -2.95452636688446        0.44343627262725        4.96814032404061
C           -1.39459275827660        1.53783835971458        7.06344747870280
N            0.52326328021681        1.68608115098877        5.52110514164546
C           -3.51871256239734        0.65793056345778        6.24335963127400
N           -3.68636936706982       -0.14861535887076        3.91329042771364
H           -0.77736209627607        1.94508954554677        7.86898657387016
C           -2.73425029444178        1.19537998613202        7.26664447392874
C            1.50534628145431        2.11081406995763        6.38633410629844
H            0.78535357281483        1.59437001928212        4.54372738524714
H           -4.56684415083008        0.39611135430660        6.40420592027775
C           -5.01469190446142       -0.52622922411638        3.90410789739081
H           -3.16193769244225       -0.32508762337447        3.05028397658532
H           -3.17915024432224        1.34991184107333        8.25733677688837
O            1.36697075070823        2.22954352136262        7.59550621588727
C            2.82103271988462        2.44280102925803        5.71806816613811
O           -5.80744823684460       -0.29122020200959        4.81011764301417
C           -5.43477649957820       -1.28260885715948        2.66585989131552
C            4.08774476297994        2.06225221509915        6.44144254714901
H            2.86407059373696        2.44559040688963        4.62859917377774
C            3.66504496543998        3.51077304591943        6.42128813277703
C           -6.79315013728740       -0.98717034738104        2.07998723611588
H           -4.65696104223432       -1.59419249998930        1.96061334982930
C           -6.60464650708971       -2.25112887889529        2.88380740563959
H            3.97874651807117        1.54169311038770        7.39458111357451
H            4.94612491536223        1.78284502844527        5.82837342779816
H            3.23926737075861        3.91327266790166        7.34129406149506
C            4.43483163121965        4.47922191260290        5.57653007846747
H           -7.38151814544155       -0.20248845420338        2.56244529888807
H           -6.88782269935072       -1.07750809929901        0.99510397486436
H           -7.01749512783835       -2.25553400414190        3.89669715240649
C           -6.58585918255974       -3.57411584278803        2.19241459852644
O            4.53474956983464        5.67233951993536        6.17868895686191
O            4.92637803202975        4.21513575190032        4.49660297572457
O           -7.18928150151054       -4.51784999191074        2.94582676228841
O           -6.10876210802336       -3.79034778478079        1.09714315431959
C            5.26946836053311        6.73770293409532        5.50856979844993
C           -7.27998965886057       -5.86806681737836        2.41355830415958
C            4.28092231558565        7.61389966934108        4.72342156395293
C            6.03574658669038        7.49919721365529        6.58923782428268
H            5.96486046142048        6.25149518867097        4.80286130636886
C           -7.26473287694293       -6.81668870853573        3.61448070233324
C           -8.54168865166357       -5.98826412818162        1.54980815311884
H           -6.38690303724549       -6.02748430339851        1.78043403855024
H            3.76627837534970        7.01466697549817        3.95561092193142
H            3.53439976950986        8.04605869102243        5.40011946915037
H            4.81933625264429        8.43223515963887        4.22933553182912
H            6.71564678988512        6.82960807786039        7.12885806601702
H            6.63455053393545        8.30316403862449        6.14337013112884
H            5.34912201795000        7.94466463889620        7.31790177113532
H           -6.34798870152320       -6.67892791094320        4.19949408309369
H           -8.13010397969913       -6.63283289342034        4.26719141709039
H           -7.31379271439245       -7.85986261394571        3.27689160798561
H           -8.49324011373860       -5.28661043071683        0.70759944321853
H           -8.63585221366930       -7.00690518124479        1.15213944482735
H           -9.44123421931278       -5.77297731884060        2.14476195777999
C           -0.68008478864739       -1.48429375415124       -4.64934346565500
C            0.27387292819834       -1.27562278477027       -5.68121690238157
C           -1.88183677192818       -2.18254683544874       -4.94585164893942
C            0.06196777027483       -1.81174545355934       -6.96644780088014
N            1.41735322121591       -0.49418646476271       -5.36861530057769
C           -2.08308057477199       -2.72313220879744       -6.23292229125157
N           -2.86519963670284       -2.26683034990693       -3.92928539515942
H            0.81276733657224       -1.64536758555509       -7.74398494798847
C           -1.10745356938404       -2.53746815296275       -7.21686751239436
C            2.35373942065609        0.04549327713926       -6.21960900079324
H            1.43797126190873       -0.16569216473766       -4.40206066502285
H           -3.00253788746986       -3.27879275137651       -6.43464746738327
C           -4.09059381404072       -2.89554731988530       -3.96947977604817
H           -2.64675581880860       -1.75299826200363       -3.07200390340061
H           -1.26847264337343       -2.96209061941895       -8.21583831855321
O            2.45673303312487       -0.21215155598194       -7.41291595202622
C            3.25721748654629        1.06429546855409       -5.55412126494111
O           -4.47447965667196       -3.61647144237669       -4.88473746981279
C           -4.96472446537912       -2.60378797789651       -2.77181351174857
C            3.56653693696619        2.31224026605077       -6.34323638081927
H            3.19982083615309        1.17452863451080       -4.46650273897844
C            4.64213755351431        1.26687361687138       -6.16715560574863
C           -5.86032798457942       -3.69848590338861       -2.25277015478791
H           -4.60210995383807       -1.88064289949226       -2.03310842028095
C           -6.47156192579684       -2.58504506087765       -3.06793432014803
H            3.12658258078804        2.38892632612329       -7.34032041194022
H            3.67528006831661        3.24333853723971       -5.78372207900682
H            4.88334667640595        0.64631667730475       -7.03308926090718
C            5.77197144733204        1.57810041467872       -5.23447499423216
H           -5.79568391746258       -4.66736324794382       -2.75311637623211
H           -6.03692557571838       -3.70873947542499       -1.17478008510969
H           -6.74437674403077       -2.82145053124070       -4.10025728824213
C           -7.31445744257315       -1.54631558726030       -2.40418675807905
O            6.93793310599347        1.12368241333251       -5.71889415859152
O            5.65243962605031        2.18276861893313       -4.18591701629261
O           -8.31484009168276       -1.14595321109525       -3.21558625913381
O           -7.14556675688669       -1.11577641628774       -1.28137801246177
C            8.15347322484196        1.36172158522008       -4.95185315349798
C           -9.23897298655467       -0.13778515484939       -2.72021233003160
C            9.06465908328572        0.15313750919230       -5.18016813925393
C            8.76973501549354        2.69301979734113       -5.39364908785068
H            7.85468542854211        1.42918414358834       -3.88850827874011
C           -8.67595218856339        1.26138920730353       -3.00966087226425
C          -10.58562595911013       -0.40816603100211       -3.39106729212340
H           -9.31173014096593       -0.27804942549317       -1.62717938226842
H            8.56065594161474       -0.76782095020558       -4.86432963962804
H            9.33226590404033        0.06330959186338       -6.24310281241954
H            9.99378415437259        0.26612219061919       -4.60768771100646
H            8.07295486412865        3.51773121803867       -5.20584833345908
H            9.69527687618959        2.88906306542895       -4.83770912665183
H            9.01772967324891        2.66917925307437       -6.46517847321569
H           -7.71167173658103        1.39808470965485       -2.49519292640819
H           -8.52923429161532        1.40048367197373       -4.08825123514409
H           -9.37430992777145        2.02969823848525       -2.65400682780091
H          -10.93571831272159       -1.42407614518241       -3.16452988505533
H          -11.34250086636125        0.30196849317637       -3.03514327159438
H          -10.50818096749796       -0.30689992827662       -4.48007107754361
H            4.31001006069371       -6.07788442755004        2.42189799309679
H            0.46517943887705       -7.89678421728358        1.58820276444013
H            1.11022205825380        7.20881112385569       -2.26951517925946
H           -3.18053301457816        7.24137650024322       -1.65523587516309
O            3.49087215176922       -3.57629672307171        1.76298899914862
O           -0.70316434166806       -5.55750097026211        0.85484527885054
O            1.38789796409040        4.60217382763982       -1.51994345748872
O           -3.28462118523336        4.65191787778841       -0.84294955079467
C            4.82942255958323       -3.61478574815083        2.15390885358123
C            5.82845853959352       -3.89344157894484        1.21191554364341
C            5.16350253753768       -3.29492925072567        3.47621739143510
C            7.17242734956035       -3.85897496086264        1.60427730439514
H            5.54287952596513       -4.12951860255176        0.18237786626607
C            6.51111088799240       -3.26225524173078        3.85684599477809
H            4.36076118241914       -3.07193818706522        4.18550629624365
C            7.51732312380832       -3.54561259273162        2.92493658885296
H            7.95713190010268       -4.07567417772237        0.87142261371456
H            6.77845856437362       -3.01276209196700        4.88897436722785
H            8.57257270994989       -3.52038475850928        3.22704179094170
C           -1.67464441695935       -6.53821019037853        1.02501562176186
C           -2.04896268261480       -6.98566251225477        2.29959124378404
C           -2.33356360155584       -7.01198240059020       -0.11772844199076
C           -3.07494661013017       -7.93008917806796        2.42265093923052
H           -1.53707764509612       -6.58807283090865        3.18176057854709
C           -3.36372397325771       -7.94984643135117        0.01977166067117
H           -2.03037863905129       -6.62901159562703       -1.09685162549605
C           -3.73328315540405       -8.41693690718093        1.28701239014593
H           -3.36710956468768       -8.28536560216171        3.41622259056403
H           -3.88048986955577       -8.32047150467191       -0.87122651002802
H           -4.53594445892838       -9.15858259793947        1.39038720160011
C            2.65998738223971        5.14757953925294       -1.41933466139240
C            2.97459915759979        6.20619547625276       -0.55353609753470
C            3.67125994832256        4.51740431880881       -2.16150436820463
C            4.30128509099604        6.64331591518823       -0.45487052690652
H            2.18608350031280        6.67993854563969        0.03984812772436
C            4.99322379960477        4.95601412879266       -2.04654398611858
H            3.41311950424477        3.67994525715255       -2.81640000611022
C            5.31392577400408        6.02555387642789       -1.19909820921920
H            4.54633915360232        7.47398249163441        0.21803532832163
H            5.76622083190767        4.44423004167613       -2.62961138532438
H            6.35028110758993        6.37624811988795       -1.11376928478149
C           -4.56978160139570        5.05146935229440       -1.19119935370542
C           -4.94407642358208        5.26492495311289       -2.52481853250515
C           -5.51774870050455        5.15023662846032       -0.16248133725341
C           -6.27118672841639        5.59787306297265       -2.82151695462545
H           -4.19749780089685        5.16239258810553       -3.31868048342660
C           -6.84290484450039        5.47650678962165       -0.47371097188397
H           -5.19906139938173        4.96057307628800        0.86665410902793
C           -7.22356559937457        5.70750036545936       -1.80112449485228
H           -6.56659827866759        5.76521981638891       -3.86218336103782
H           -7.58470954649022        5.55264711929856        0.32757292874057
H           -8.26270209369264        5.96763605556751       -2.04126113238082
N            1.44265156992586        0.45309127402337        0.17159346064602
C            2.49832099470181        1.05800370600008        0.58552560364191
C            3.63519382127042        1.42182189130725       -0.21670401189251
C            4.69489872945433        2.14749472566632        0.25540535915355
C            4.76432438821045        2.60442470355026        1.56515568967439
C            3.72354725941098        2.25996696992493        2.38127536158401
C            2.69077361371153        1.48664889105722        1.95033676417177
C            1.67615157755564        1.12545736257915        2.93064272312522
C            0.66330315322972        2.24961916323394        2.89012528298966
C            0.89435074138035        3.65169358308867        3.19983628219322
C            1.22405672622711        4.61002571077013        2.20305930408940
C            1.45880992076020        5.81186918164726        2.75393464714221
S            1.21936208654811        5.86390457241506        4.47561107161508
C            0.74503034217562        4.22222978887562        4.42953886341444
H            3.61910608825582        1.10439215582907       -1.24276275092310
H            5.51062904439711        2.39779018290331       -0.39747044658394
H            5.56803882997676        3.17901174588299        1.98346524964281
H            3.77546729216038        2.61283040434233        3.38959507470728
H            1.22163827781428        0.19589177857050        2.64589361703885
H            2.12363398180272        0.98476563975731        3.90481857111423
H            0.35214998556428        2.15872143587795        1.74678096206053
H           -0.13769253288020        1.94284711444810        3.62962775671570
H            1.22882833474205        4.37666836928695        1.15656489681098
H            1.78551646989229        6.70224307104715        2.27347679419469
H            0.38647133815589        3.76613832335183        5.32495012539469
239
 energy: -392.782500765128 gnorm: 0.106786622753 xtb: 6.7.1 (edcfbbe)
N            0.16482656404620       -1.77999681955349       -0.94967263585923
N           -0.06372148356607       -1.10136516459403        1.80236409183884
C           -0.43749093475575       -1.01575146080691       -3.23556862887434
C            0.00176254760155       -1.97460204096969       -2.29960259001295
C            0.40954607335122       -3.32282749626993       -2.65002271051691
H            0.37452360558489       -3.73863018581017       -3.65807448226267
C            0.84290987002303       -3.91580121027671       -1.49779330462876
H            1.23660191287553       -4.92385543597068       -1.36177831419134
C            0.65195935874160       -2.95064365197675       -0.43259024322263
C            0.84645353216340       -3.23953116139707        0.93814020749056
C            0.44294249703365       -2.36575061827884        1.96006683663059
C            0.37995986493428       -2.73975515671570        3.36620692611270
H            0.71936871215774       -3.69883379688311        3.76144903296956
C           -0.20931489083701       -1.70758157064411        4.02976247639922
H           -0.44934254040948       -1.62306731969701        5.08988153040744
C           -0.47909561369475       -0.66798401309529        3.04441209772059
C            1.39527715850118       -4.58870391942602        1.32075024672319
C            2.74000932359023       -4.73454119447287        1.73671561756590
C            3.26136729574190       -5.98912724047406        2.10209282247334
C            2.43402411148933       -7.11435770917693        2.04309063237475
H            2.83980781488782       -8.09734427847819        2.31675045513988
C            1.10066494317268       -7.01038920929566        1.63827393795531
C            0.58385484383724       -5.74820859181659        1.28925657718659
N           -0.84682895828157        1.56903693234540        1.07008786853027
N           -0.55067465730386        0.90857660328007       -1.66309125413004
C           -1.05555831541821        0.57131321181667        3.33893592018378
C           -1.16031912187254        1.64292473060145        2.40517260251161
C           -1.53831507362228        3.00257096286873        2.74927913805021
H           -1.81474225788851        3.31354695650661        3.75789283604361
C           -1.37589456501307        3.74910843658722        1.62837395227666
H           -1.55730868300855        4.81489778362771        1.49690929006306
C           -0.98130364837572        2.84519531263121        0.56293474114626
C           -0.86918923026803        3.21028821142641       -0.78378068943064
C           -0.75015655074967        2.25356576408049       -1.81983574824792
C           -0.96540251961184        2.56000822014051       -3.21664909119803
H           -1.14741858914952        3.55895169823896       -3.61442326697437
C           -0.94564800632499        1.36874113615349       -3.88947891747706
H           -1.10465592047823        1.18591861588846       -4.95323927359517
C           -0.65308239796102        0.34191565518431       -2.91044339933055
C           -0.95087921608823        4.66041498531471       -1.17676223255593
C            0.22883202640965        5.35506105476056       -1.53879667620604
C            0.18550587797588        6.69592600728597       -1.96081943746239
C           -1.04491167286311        7.35922006854983       -1.99491603289085
H           -1.08314922655084        8.40876385710978       -2.31539595882025
C           -2.22811534443014        6.70909259694657       -1.63192091498106
C           -2.18000233265337        5.35789357085453       -1.24030856330245
Fe          -0.21962160565543       -0.06105950170206        0.07660485541644
Cl          -2.44645178713840       -0.70543251641341        0.06162934101736
C           -1.60589019454489        0.80140871121736        4.72814253651960
C           -0.83224550070319        1.34403323277527        5.79139660545201
C           -2.96108964741259        0.44021741175329        4.96784139388864
C           -1.40349375622435        1.53495896615985        7.06420049011351
N            0.51813289129797        1.68337702575229        5.52303442883369
C           -3.52734510894852        0.65424979217564        6.24289143723348
N           -3.69370103317261       -0.15270757401149        3.91240767630787
H           -0.78652689367159        1.94262131969015        7.86989830358285
C           -2.74315409919427        1.19216323890276        7.26646659546536
C            1.49455550279767        2.11014530710700        6.38701016493088
H            0.78233700316826        1.58821920643724        4.54572216428750
H           -4.57595085183886        0.39234889388017        6.40301171539975
C           -5.02183285936230       -0.52948454924180        3.90262098478174
H           -3.16902270159507       -0.32799388203665        3.04951640183192
H           -3.18896143961127        1.34662716109955        8.25741884292162
O            1.35763392616237        2.22781768082698        7.59828247911384
C            2.81315340747524        2.44147011287429        5.71920969896043
O           -5.81598679823857       -0.29495884031050        4.80884136988551
C           -5.44175517189062       -1.28607591482499        2.66395779099858
C            4.07856774221897        2.06079988839919        6.44427085829487
H            2.85653290198120        2.44504657202235        4.62832690573241
C            3.65583343876797        3.50953931395864        6.42391337155038
C           -6.79964792954529       -0.99087650989471        2.07734956809550
H           -4.66290204046101       -1.59781406773617        1.95861727414684
C           -6.61115068000053       -2.25510850101298        2.88122794545010
H            3.96889485012275        1.53982442307330        7.39811592955353
H            4.93802975374172        1.78165174991365        5.83129521939439
H            3.22884820575403        3.91155178043118        7.34457431615721
C            4.42514020026261        4.47770800661254        5.58037712340855
H           -7.38866498630960       -0.20579388195006        2.56016095901744
H           -6.89382393415550       -1.08125957043105        0.99159080137379
H           -7.02443957167964       -2.25931622954166        3.89455019004142
C           -6.59155964398179       -3.57748617505244        2.18962084251933
O            4.52467967231626        5.67136763855336        6.18305097636998
O            4.91828109748509        4.21374245690768        4.49934510477911
O           -7.19528987779833       -4.52189938967706        2.94353850528412
O           -6.11359212766442       -3.79407955307682        1.09368691118650
C            5.25981839661990        6.73683923951141        5.51288452599994
C           -7.28526273234465       -5.87207134237153        2.41028747808020
C            4.27196674221643        7.61211087127137        4.72754712521673
C            6.02526726386933        7.49777901763638        6.59360233223328
H            5.95580820248081        6.25044674800447        4.80711444467429
C           -7.27026954656791       -6.82023776488789        3.61066898295680
C           -8.54595528748380       -5.99223340811870        1.54624840773168
H           -6.39141827809528       -6.03113600458443        1.77728406503745
H            3.75702096884202        7.01329987671112        3.95882035468464
H            3.52387562351978        8.04474940265313        5.40405157426065
H            4.81013761163479        8.43163263127082        4.23304463377003
H            6.70560257235169        6.82803801880565        7.13417550166531
H            6.62459573463763        8.30271321418376        6.14799291040462
H            5.33780494729344        7.94355929213179        7.32282446935531
H           -6.35317079830296       -6.68274073624941        4.19713372530178
H           -8.13628933451852       -6.63685829149291        4.26393375758526
H           -7.31861543310335       -7.86443957329624        3.27321404413204
H           -8.49789973011739       -5.29022327364636        0.70319577105684
H           -8.64003230923016       -7.01152328438941        1.14771776888567
H           -9.44678547806123       -5.77704916242156        2.14072879554429
C           -0.68278097441787       -1.48534919738412       -4.64865141341795
C            0.27179102824350       -1.27625449630862       -5.68040662541394
C           -1.88468033262106       -2.18406002020398       -4.94600964805944
C            0.06080051864498       -1.81236474475531       -6.96611698373787
N            1.41446898727212       -0.49506923435402       -5.36661308314940
C           -2.08512348107932       -2.72477606643764       -6.23364320265544
N           -2.86757254729585       -2.26853243446422       -3.93012883884527
H            0.81208558898058       -1.64552328666712       -7.74312364082438
C           -1.10865333413688       -2.53840714266595       -7.21680482449333
C            2.35166536359556        0.04547421388698       -6.21764758396895
H            1.43482608629541       -0.16603500933825       -4.40010751857892
H           -3.00453616148982       -3.28061913240901       -6.43559358262095
C           -4.09378274566711       -2.89788166195167       -3.97100416012002
H           -2.65040673118635       -1.75467373891580       -3.07225696623514
H           -1.26914899061369       -2.96311623116132       -8.21634437759830
O            2.45495668702491       -0.21234963700030       -7.41128646671047
C            3.25424479600539        1.06415486832896       -5.55146272043913
O           -4.47664061413908       -3.61900977548996       -4.88714186473332
C           -4.96822756532046       -2.60641732505785       -2.77390573292463
C            3.56366840652254        2.31236735645630       -6.34015317425375
H            3.19636030825132        1.17451931396392       -4.46317795992752
C            4.63940487581509        1.26723869195471       -6.16361739210556
C           -5.86384149460095       -3.70138119547244       -2.25531249561741
H           -4.60609028048084       -1.88287458629985       -2.03443854416202
C           -6.47494459967264       -2.58803682411297       -3.07071916769382
H            3.12376823329809        2.38894410582910       -7.33807156413878
H            3.67199850019427        3.24404363502899       -5.78003119605355
H            4.88109877015526        0.64642542420614       -7.03001627616209
C            5.76851964905665        1.57860714262431       -5.23054411238572
H           -5.79839891635484       -4.67075339344040       -2.75619470971454
H           -6.04107978561260       -3.71176617637963       -1.17662612931424
H           -6.74707672344995       -2.82442967639735       -4.10374628318795
C           -7.31834937757426       -1.54963274506458       -2.40711263423399
O            6.93510248645324        1.12400998889234       -5.71491251106425
O            5.64843401679229        2.18361132961437       -4.18089585635185
O           -8.31874489626828       -1.14925119797912       -3.21999640921363
O           -7.15019910565673       -1.11881840864085       -1.28347523278170
C            8.15029014196001        1.36276602903481       -4.94670496674098
C           -9.24329835996617       -0.14120182936077       -2.72419243434086
C            9.06124143164347        0.15494952609199       -5.17474581942937
C            8.76597622915443        2.69365262140321       -5.38792561874063
H            7.85064592099884        1.43007398651010       -3.88314727010698
C           -8.68042174366545        1.25740053076969       -3.01291549449107
C          -10.58903146382082       -0.41196493347887       -3.39526398193519
H           -9.31648860528184       -0.28179433395376       -1.63062765791971
H            8.55755243312571       -0.76736409978526       -4.85909490907799
H            9.32981240461801        0.06461695138643       -6.23810115900775
H            9.99093921841411        0.26756337819555       -4.60128363838843
H            8.06887751084761        3.51936564526994       -5.20034476142328
H            9.69192337629592        2.89056202066596       -4.83109324487046
H            9.01476322326261        2.67053374541431       -6.45999467121752
H           -7.71601188696118        1.39515856889361       -2.49789295199624
H           -8.53287415660117        1.39750472981753       -4.09232050973111
H           -9.37928728881976        2.02679867929160       -2.65738257172603
H          -10.93957687839176       -1.42865748238626       -3.16903585396937
H          -11.34702723859204        0.29853477935283       -3.03960670476574
H          -10.51133527079115       -0.31038314700925       -4.48526425839235
H            4.30536381198978       -6.07847741426176        2.42437638233456
H            0.46059329217172       -7.89872933597539        1.58848514388397
H            1.10473653936575        7.20794232041785       -2.26716718371824
H           -3.18733279009579        7.23954194827978       -1.65500408997891
O            3.48538025402030       -3.57685420620747        1.76494943097002
O           -0.70758664527735       -5.55919009457722        0.85472818857425
O            1.38205755220924        4.60088455858905       -1.51796115662538
O           -3.29078904688411        4.64955967446596       -0.84367191720910
C            4.82344120777440       -3.61529266453383        2.15675488894941
C            5.82300335603634       -3.89372610159093        1.21484113601059
C            5.15663846613806       -3.29552152323068        3.47951308497434
C            7.16719812095080       -3.85891846195392        1.60798972728409
H            5.53811530663476       -4.12982060600388        0.18478417532952
C            6.50447202523499       -3.26249822049733        3.86085373268276
H            4.35337366234568       -3.07271596883711        4.18874835621881
C            7.51147510512569       -3.54552018269665        2.92915651724304
H            7.95249312195952       -4.07534637239907        0.87526261240057
H            6.77126881362748       -3.01292828554456        4.89344518873634
H            8.56672478715757       -3.52008504714498        3.23182465525645
C           -1.67875924332795       -6.54019255849951        1.02430118871026
C           -2.05337868126625       -6.98782839686118        2.29896220627914
C           -2.33689202303655       -7.01403150407322       -0.11911757494561
C           -3.07949814572946       -7.93282753921997        2.42140955710321
H           -1.54206379814215       -6.59013696107153        3.18181534018161
C           -3.36720871846823       -7.95238302753831        0.01776772802541
H           -2.03342353923641       -6.63081143575174       -1.09845127119975
C           -3.73741748662688       -8.41982083413262        1.28512554440205
H           -3.37210393504006       -8.28833372783222        3.41507392420157
H           -3.88366819347113       -8.32308440362661       -0.87380162896649
H           -4.54007895502629       -9.16178593950212        1.38805187208416
C            2.65372373258663        5.14669569583792       -1.41645257357096
C            2.96736365325776        6.20565192973503       -0.55012514832817
C            3.66550361693095        4.51665458367454       -2.15839588397571
C            4.29447090923921        6.64291958002703       -0.45078211196915
H            2.17852162570347        6.67908973968938        0.04322753704043
C            4.98778884987836        4.95562407828608       -2.04266266193738
H            3.40797462417676        3.67896421424070       -2.81379811495893
C            5.30790823320885        6.02533085200713       -1.19476455219067
H            4.53896269483619        7.47377280448346        0.22263086604694
H            5.76128986919635        4.44387779161887       -2.62570799799315
H            6.34424430714285        6.37637775312348       -1.10890492229192
C           -4.57567402493184        5.04914119934646       -1.19188684898155
C           -4.94920091397594        5.26255093908822       -2.52608940879888
C           -5.52428440531456        5.14754446554741       -0.16340544603416
C           -6.27666639567405        5.59530465723813       -2.82341391261593
H           -4.20208497012390        5.16026719536491       -3.31995030428823
C           -6.84970412878771        5.47351692254005       -0.47537788628235
H           -5.20603792497080        4.95780525234606        0.86625712974370
C           -7.22985183727529        5.70456906418781       -1.80336061608263
H           -6.57159943159932        5.76272340561308       -3.86450764771836
H           -7.59212232955893        5.54934299513855        0.32588653435644
H           -8.26912037166198        5.96451625623751       -2.04385763259210
N            1.42060312511638        0.48045665079047        0.18064715854191
C            2.50619912427509        1.05189859117490        0.56554193105904
C            3.64259177216706        1.42307912019705       -0.24306400593301
C            4.70274699902587        2.14297844225523        0.22344120488880
C            4.78928637733932        2.61553398633251        1.52964432631056
C            3.75584330409604        2.26895642891460        2.35493513358775
C            2.74554851599980        1.46714610051969        1.93520479145958
C            1.76936369771548        1.09728173242584        2.94486862570829
C            0.82625612670276        2.27834818954265        2.91133922356927
C            0.98952248536624        3.67904345068515        3.21965292277175
C            1.27858152548463        4.63843864594442        2.20742191509588
C            1.46996149720832        5.85063369560967        2.74195374401701
S            1.20828811972079        5.92280718223165        4.46782037646575
C            0.77199194325543        4.26503516586721        4.43118241122080
H            3.61745958024454        1.10203385696384       -1.26771249315092
H            5.51374314935339        2.38861838437528       -0.43310866947468
H            5.58636684297894        3.18665089043222        1.95636953614524
H            3.80220318936771        2.61614369723800        3.36596976315584
H            1.26107825594002        0.20254696891581        2.61912528235845
H            2.23469270706796        0.91361123922859        3.89642039721011
H            0.56172622729756        2.17814156205069        1.82317611826196
H            0.07809234156462        2.01342910418480        3.66303662717635
H            1.26864522698168        4.38390874173841        1.16352633489657
H            1.78812207152085        6.74604103123136        2.27225740642946
H            0.38740887708361        3.84344814858061        5.33257592412164
239
 energy: -392.815002074495 gnorm: 0.078004089495 xtb: 6.7.1 (edcfbbe)
N            0.15991975297289       -1.78089554611228       -0.94846598190357
N           -0.06938445990005       -1.10297937017462        1.80571683804050
C           -0.44095884552807       -1.01685799906213       -3.23447477917464
C           -0.00194915374320       -1.97547023098407       -2.29763681216485
C            0.40665412649056       -3.32411004551136       -2.64844325407166
H            0.37191622000020       -3.73930403856583       -3.65695157580129
C            0.83929009982948       -3.91712183222157       -1.49649044689520
H            1.23326219849180       -4.92513927901089       -1.35991923505416
C            0.64774369518736       -2.95241844433217       -0.42967480526817
C            0.84152845201059       -3.24181537691395        0.93851844937147
C            0.43692988179235       -2.36753970554637        1.96308160872662
C            0.37356352210645       -2.74264264778575        3.36686033316610
H            0.71264482452526       -3.70155341907908        3.76301302936815
C           -0.21699487344367       -1.70875674101668        4.03102631200053
H           -0.45745063328473       -1.62583042361798        5.09150838254312
C           -0.48306450185236       -0.67079220850756        3.04718478209134
C            1.39023772122995       -4.59025333781370        1.32233700707016
C            2.73487235489754       -4.73596788564060        1.73934224027971
C            3.25640222193661       -5.99049416751199        2.10481728235718
C            2.42906691425469       -7.11596537249138        2.04498442158004
H            2.83495466327368       -8.09900582531617        2.31872479738676
C            1.09578799589824       -7.01231887275604        1.63932529800369
C            0.57883195874978       -5.75007578876896        1.29019410031472
N           -0.84126662982450        1.57263522411882        1.08056306719747
N           -0.55536790104232        0.90635477293382       -1.66104064533899
C           -1.04995760958435        0.58125235027066        3.34171607534721
C           -1.17076536446782        1.63708064893100        2.39996443758429
C           -1.52800729278506        2.99634299405520        2.75593987999455
H           -1.82220263080171        3.31051140119108        3.75990733770458
C           -1.37967115314498        3.74725724359280        1.63064665749370
H           -1.56451923430135        4.81269759131339        1.49948973363733
C           -0.98578635658978        2.84344848884563        0.56637708310191
C           -0.87539852651964        3.20838786007234       -0.78288154487451
C           -0.75530904359455        2.25298169636149       -1.81692837413902
C           -0.96977255080284        2.55867789818884       -3.21505324694510
H           -1.15187146001029        3.55801764596215       -3.61219642780684
C           -0.94935250406462        1.36796148203697       -3.88784843036321
H           -1.10766932210450        1.18480623471429       -4.95176413862061
C           -0.65691355339771        0.34053257197746       -2.90838350441244
C           -0.95688874350093        4.65854592861818       -1.17425611983269
C            0.22295911457947        5.35376058283178       -1.53566011441035
C            0.17946254569919        6.69478889208561       -1.95764363836762
C           -1.05139172879790        7.35767557944697       -1.99207319985107
H           -1.08980736081434        8.40738019393335       -2.31238443482581
C           -2.23476513907794        6.70718068250464       -1.62963256597224
C           -2.18641130898895        5.35586853565392       -1.23796694784706
Fe          -0.21834150111118       -0.06262270546101        0.07701042756681
Cl          -2.45111468600634       -0.70719711085939        0.06246045700095
C           -1.61287057570352        0.79906067811823        4.72934757451114
C           -0.84110336140308        1.34109830648397        5.79321596360912
C           -2.96898608533496        0.43748330333532        4.96788340739581
C           -1.41333283556491        1.53138054148680        7.06593437637960
N            0.50920200726807        1.68182790871549        5.52667140132245
C           -3.53661873677954        0.65012391081038        6.24286681180221
N           -3.70091491440534       -0.15631246401779        3.91214130216618
H           -0.79665144037366        1.93909312615450        7.87205207212117
C           -2.75305823862501        1.18816563774725        7.26708798580203
C            1.48437245452448        2.10842967919597        6.39017151170456
H            0.77962238799417        1.57785846066411        4.55042751690291
H           -4.58558367286104        0.38816102387136        6.40204194738505
C           -5.02921316589772       -0.53319545518998        3.90140013639377
H           -3.17589918566370       -0.33110807699820        3.04948453169812
H           -3.19990804684142        1.34246865426874        8.25782640352165
O            1.34724000362994        2.22522986772682        7.60190080981146
C            2.80448098995893        2.43908783805180        5.72349540433117
O           -5.82401194459507       -0.29888618187610        4.80737087086526
C           -5.44816990912354       -1.28942943030892        2.66253802752448
C            4.06930339338714        2.05863819405446        6.44921186487810
H            2.84908747878290        2.44275292653292        4.63208543508119
C            3.64634403974991        3.50786897089530        6.42866543006783
C           -6.80576754439443       -0.99452766268265        2.07510186336866
H           -4.66865233366674       -1.60124091027191        1.95739775023604
C           -6.61745471852004       -2.25913212059871        2.87887982828541
H            3.95861029589436        1.53743541005276        7.40326828111796
H            4.92959407191839        1.77988305601261        5.83626217973353
H            3.21785098295451        3.90927583959649        7.34965130214859
C            4.41562941926925        4.47562520492374        5.58597638789275
H           -7.39521304103658       -0.20949017177057        2.55813006614676
H           -6.89926757479618       -1.08492230785586        0.98895921587855
H           -7.03124558699796       -2.26319549158947        3.89232809562641
C           -6.59708298215839       -3.58084062325703        2.18683941523471
O            4.51377817364224        5.67017222631258        6.18915033615661
O            4.90995453147490        4.21254260995153        4.50475542918654
O           -7.20099368447009       -4.52582749034980        2.94104960146102
O           -6.11843293095192       -3.79759693549156        1.09107347980189
C            5.24931334737054        6.73617374989450        5.51911270545074
C           -7.29050187496190       -5.87611779177136        2.40671913571016
C            4.26210348896107        7.61065235584106        4.73383150608095
C            6.01392182848482        7.49660323712504        6.60085436145648
H            5.94634038152708        6.24941369057376        4.81382009495660
C           -7.27612700278766       -6.82424839485405        3.60671140639277
C           -8.55049977513927       -5.99620477596817        1.54225924007133
H           -6.39610326797104       -6.03473863104356        1.77409019420731
H            3.74729749786864        7.01231863764563        3.96424959658951
H            3.51247387374738        8.04345147862258        5.40984514161994
H            4.79983537096355        8.43110709429335        4.23898682151489
H            6.69447802222505        6.82640725836567        7.14189898737351
H            6.61325032025107        8.30227568335376        6.15521873306504
H            5.32515832157605        7.94235335408858        7.33000946966849
H           -6.35900974127605       -6.68674452280137        4.19440897719972
H           -8.14267769129243       -6.64083757113220        4.26008547817545
H           -7.32364956640207       -7.86888552355463        3.26881128073723
H           -8.50236321079004       -5.29390890317090        0.69869074408084
H           -8.64400733193483       -7.01578898671748        1.14266732659670
H           -9.45207382269790       -5.78092223185964        2.13639265117125
C           -0.68519178354793       -1.48606746764717       -4.64720334044474
C            0.27014362867642       -1.27649791484947       -5.67851118572355
C           -1.88716202858366       -2.18511818317518       -4.94523263771551
C            0.05987967596568       -1.81255434259925       -6.96455759999794
N            1.41202476540078       -0.49576225169954       -5.36378761298460
C           -2.08650610686289       -2.72576621261167       -6.23335281616208
N           -2.86963503707228       -2.26989631390662       -3.93023605666076
H            0.81176357574928       -1.64518092704051       -7.74101963410226
C           -1.10940796355334       -2.53880322808628       -7.21583988484511
C            2.35012712246318        0.04600314529203       -6.21438542352878
H            1.43208152587442       -0.16620484107853       -4.39726088282326
H           -3.00587557803202       -3.28182025962645       -6.43566418232589
C           -4.09667103413396       -2.89974978012684       -3.97143962228290
H           -2.65378767388502       -1.75611861488712       -3.07170290816759
H           -1.26927280460742       -2.96344039056232       -8.21569498283759
O            2.45347435433790       -0.21185435419518       -7.40814527452723
C            3.25152272883807        1.06445870999734       -5.54760369531655
O           -4.47815381310274       -3.62078864475006       -4.88836399882843
C           -4.97112776360444       -2.60866129921239       -2.77511526206936
C            3.56113094041356        2.31314843497655       -6.33580261633506
H            3.19335232827987        1.17477035515175       -4.45897376843299
C            4.63732574535134        1.26816737313325       -6.15877839382029
C           -5.86695392567074       -3.70396454104033       -2.25708985874117
H           -4.60988057164826       -1.88487075839026       -2.03490618986243
C           -6.47799010150588       -2.59053198896185       -3.07266903449888
H            3.12145547491119        2.38954727690976       -7.33419283776547
H            3.66896746069072        3.24503131034578       -5.77517211612265
H            4.87927386622796        0.64712096355200       -7.02548398601440
C            5.76538699306148        1.57976380287556       -5.22519630853721
H           -5.80068623020090       -4.67340510045310       -2.75853574950092
H           -6.04489647830507       -3.71439772957135       -1.17813628705651
H           -6.74907870243746       -2.82697932131286       -4.10631246836748
C           -7.32166900538263       -1.55271822532558       -2.40902308240326
O            6.93268974574612        1.12469245920310       -5.70912491044476
O            5.64504473878572        2.18456520774687       -4.17517694703623
O           -8.32171024223415       -1.15228391742320       -3.22343523745610
O           -7.15454822305162       -1.12167841812945       -1.28520915584485
C            8.14769204268601        1.36426058276434       -4.93977123901178
C           -9.24704692537622       -0.14430957572900       -2.72732540035996
C            9.05874890389536        0.15700995776536       -5.16772704563874
C            8.76292666093428        2.69525353986632       -5.38059722373410
H            7.84722863269960        1.43137368315023       -3.87632717288388
C           -8.68434572103040        1.25376101965450       -3.01535662443066
C          -10.59214579903234       -0.41575530611635       -3.39925600302751
H           -9.32073229560849       -0.28555556977018       -1.63350726778467
H            8.55520422073490       -0.76638092480309       -4.85247625759463
H            9.32771140552517        0.06658445796079       -6.23143989473157
H            9.98844381026179        0.26941124237475       -4.59309785885354
H            8.06531447517440        3.52160081810265       -5.19328374550914
H            9.68879826480362        2.89263202618746       -4.82262005863685
H            9.01203855158579        2.67261468315584       -6.45302567947874
H           -7.72016479218416        1.39222468607100       -2.49951697409186
H           -8.53592058885203        1.39444055586354       -4.09520773887633
H           -9.38359463344277        2.02360222186785       -2.65970703659412
H          -10.94257324328632       -1.43306413917182       -3.17339073196843
H          -11.35071060742652        0.29487403512943       -3.04349592357925
H          -10.51362672152133       -0.31397452246327       -4.48986325060249
H            4.30032397071960       -6.07957784314614        2.42770024279316
H            0.45574678038861       -7.90076804952442        1.58892749227705
H            1.09889197376088        7.20708083196263       -2.26337981316516
H           -3.19430787433106        7.23727540892924       -1.65291379030152
O            3.48007780241588       -3.57815361778220        1.76792257634103
O           -0.71215993194185       -5.56106550885681        0.85524406489712
O            1.37624680300338        4.59999883594523       -1.51476882801219
O           -3.29687124340695        4.64697274792605       -0.84261168476119
C            4.81770264397060       -3.61649671056346        2.16067268201986
C            5.81791363975776       -3.89461810833279        1.21884292056913
C            5.14998213197095       -3.29698208729062        3.48400443444609
C            7.16203635709877       -3.85938774488793        1.61292247802343
H            5.53359332614013       -4.13058024955988        0.18821956063866
C            6.49777421468030       -3.26350476665242        3.86616552418318
H            4.34607643222531       -3.07447113683122        4.19312693115679
C            7.50548135144247       -3.54603567873818        2.93464549854639
H            7.94779822375908       -4.07546795126092        0.88008455954723
H            6.76366971042978       -3.01387914022342        4.89939896882065
H            8.56068144776751       -3.52012745813942        3.23802468562733
C           -1.68319469403300       -6.54236172074726        1.02396970364222
C           -2.05837724059837       -6.99021170468933        2.29876908827881
C           -2.34038924811893       -7.01610916627778       -0.12015751393243
C           -3.08451476856831       -7.93548997396924        2.42041793141327
H           -1.54769999879401       -6.59240824781553        3.18229803656616
C           -3.37082911066716       -7.95475098937675        0.01594862454517
H           -2.03646632010163       -6.63256541730470       -1.09955561438794
C           -3.74170689048064       -8.42246556264050        1.28325547998580
H           -3.37770772305385       -8.29097705910630        3.41435076946609
H           -3.88674058121138       -8.32525500665227       -0.87646545752874
H           -4.54450228357768       -9.16458760983447        1.38558097067272
C            2.64761755795390        5.14621511011742       -1.41224143063611
C            2.96031013798868        6.20540716531008       -0.54530341258687
C            3.66004344397619        4.51653726426053       -2.15390595401210
C            4.28751382122453        6.64282645412165       -0.44508535736842
H            2.17081165456139        6.67846936526961        0.04793292934315
C            4.98249931263047        4.95569188067904       -2.03713519330807
H            3.40314908513455        3.67863624203812       -2.80978759572614
C            5.30181606177425        6.02538970256229       -1.18864616416030
H            4.53116649290036        7.47376251767551        0.22899682755564
H            5.75657234317435        4.44388342055992       -2.61994283652166
H            6.33825483013721        6.37651049318082       -1.10190862820836
C           -4.58167838574348        5.04641324868134       -1.19105517047597
C           -4.95440097278398        5.25990030447309       -2.52594708876047
C           -5.53080993825209        5.14432452542151       -0.16291390832980
C           -6.28191954694709        5.59227689441181       -2.82402030586580
H           -4.20669521473439        5.15789827544893       -3.31968376274181
C           -6.85636360033563        5.46989709317774       -0.47572789208208
H           -5.21301232556717        4.95439286521599        0.86719912390477
C           -7.23581100051252        5.70105831416200       -1.80415205133088
H           -6.57615688172721        5.75958852777818       -3.86577278025936
H           -7.59925963497953        5.54519514972150        0.32565543958996
H           -8.27518918509856        5.96060651998270       -2.04526024508558
N            1.41255513940978        0.48599187897876        0.18727513770766
C            2.52946194222042        1.04704955548621        0.54866057485196
C            3.64513489473647        1.42219315024933       -0.28367164660485
C            4.71958093975084        2.14036758956477        0.16848655434457
C            4.82471828764811        2.62469978833013        1.47206157805884
C            3.81273901395371        2.26495659250053        2.32053698837757
C            2.80977587949084        1.43199180201109        1.92268800655967
C            1.84897707301459        1.07949273254318        2.95996306247599
C            0.92488105451003        2.29640997347301        2.91708645672536
C            1.08200464690663        3.71105651834759        3.22822324459698
C            1.35556705324308        4.67099713989918        2.21322796163444
C            1.48345392512284        5.91343492900433        2.72930036097042
S            1.18404661395956        5.99040417926395        4.44678733424186
C            0.82246309058884        4.30705044363342        4.43247902295714
H            3.60841680248705        1.10008149276432       -1.30883622230877
H            5.52365925455895        2.37748502801698       -0.50149132054745
H            5.62367743122866        3.20444198377298        1.88710925270767
H            3.85497108250088        2.61807816762899        3.33222836072610
H            1.29316399084413        0.21037138372334        2.61795068297076
H            2.32449740343778        0.85082693801660        3.90771135902932
H            0.66985152990429        2.20314356425174        1.86332144112737
H            0.18513754789434        2.05736161012157        3.65927262976825
H            1.34901936795812        4.40149672433932        1.17269077320334
H            1.77920967759161        6.81811969737842        2.25526687025147
H            0.41573607487872        3.90062361929494        5.33644286318835
239
 energy: -392.839547782581 gnorm: 0.064292788475 xtb: 6.7.1 (edcfbbe)
N            0.15566824716868       -1.78139106376995       -0.94636544208529
N           -0.07441661339674       -1.10441265908597        1.80945643089887
C           -0.44390841412433       -1.01728685451924       -3.23248202708666
C           -0.00487756930549       -1.97636834786539       -2.29474243621064
C            0.40422600129877       -3.32477790233984       -2.64609487570481
H            0.37005788259353       -3.73955910787192       -3.65486339572202
C            0.83622517353939       -3.91797185508977       -1.49416730883444
H            1.23043571587901       -4.92597807455196       -1.35738569456839
C            0.64411946855623       -2.95418286277378       -0.42617816909862
C            0.83695290474090       -3.24374443651516        0.94007045871901
C            0.43148578545358       -2.36968077617538        1.96702465464707
C            0.36754623324907       -2.74557457476991        3.36814187809638
H            0.70616978889415       -3.70406929415878        3.76545714599439
C           -0.22426065547895       -1.71031124007709        4.03309010380025
H           -0.46527013176407       -1.62903498083863        5.09369946778558
C           -0.48849248362727       -0.67473774418867        3.05054853303167
C            1.38571399214844       -4.59182529792785        1.32483973888322
C            2.73009410392594       -4.73739880617456        1.74272171357266
C            3.25169066062361       -5.99182714258843        2.10824272754598
C            2.42458471224750       -7.11749244153411        2.04750181607085
H            2.83052898497944       -8.10047687230649        2.32123720022205
C            1.09155494653162       -7.01406791393136        1.64098554859131
C            0.57446827720053       -5.75187140246132        1.29183104704829
N           -0.83674381252548        1.57376241231570        1.08306062143128
N           -0.55927706259383        0.90422946130841       -1.65788906946899
C           -1.04892943724767        0.58384579776594        3.34959303201818
C           -1.16723154354866        1.63455202570008        2.40132067571880
C           -1.52522863926471        2.99289626968320        2.76256177762670
H           -1.83061927545787        3.30809410749689        3.76268502159566
C           -1.38611864869551        3.74461690828788        1.63390928310163
H           -1.57137999570361        4.81007795114486        1.50323145293769
C           -0.99280628576123        2.84191772367903        0.56937311556267
C           -0.88079943908595        3.20672135390848       -0.78090588043353
C           -0.75998123434516        2.25256574044377       -1.81303584270790
C           -0.97356394736310        2.55751206369200       -3.21228349053335
H           -1.15574599174708        3.55721753793241       -3.60876280613104
C           -0.95246459178853        1.36746949108818       -3.88510932401519
H           -1.10998893092390        1.18419638275578       -4.94911469228386
C           -0.66006523495203        0.33928303418693       -2.90577073472522
C           -0.96255974923385        4.65709890454957       -1.17061615697778
C            0.21735605163381        5.35277242727664       -1.53117446762059
C            0.17358804191500        6.69392285002477       -1.95293857458377
C           -1.05751537199393        7.35637625779502       -1.98780018750433
H           -1.09611424793741        8.40612034546146       -2.30788608792992
C           -2.24090050129953        6.70545228371927       -1.62603653044773
C           -2.19233791993370        5.35407133332283       -1.23468850274082
Fe          -0.21501197309513       -0.06433973230275        0.07803578681826
Cl          -2.45589868365277       -0.70893864977442        0.06422652075155
C           -1.62097695499998        0.79575186708931        4.73207073261353
C           -0.85009434327331        1.33790436675117        5.79604085397661
C           -2.97724010802264        0.43396918636321        4.96893385094093
C           -1.42322466844270        1.52734212445285        7.06862216346669
N            0.49801579561187        1.68069808678089        5.53055814924651
C           -3.54571777891289        0.64582161751079        6.24363220593481
N           -3.70793852415217       -0.15984818841894        3.91262694216103
H           -0.80700321686146        1.93504270388159        7.87518293641890
C           -2.76296463080651        1.18381334714685        7.26863921080545
C            1.47484680786147        2.10622361103761        6.39413264027892
H            0.77188718227347        1.57167139719399        4.55504753774146
H           -4.59490400795680        0.38368431151963        6.40189087284181
C           -5.03652104093457       -0.53714145734684        3.90076088235492
H           -3.18247976082990       -0.33430559449505        3.05028771032374
H           -3.21078326189590        1.33774636866238        8.25898821060687
O            1.33699835669389        2.22197499448417        7.60604652268488
C            2.79600836056917        2.43660686195843        5.72844676285512
O           -5.83165230387799       -0.30317963349212        4.80635069167446
C           -5.45416857415807       -1.29291969986698        2.66173284121319
C            4.05997145582745        2.05624303034197        6.45544312099622
H            2.84194740920488        2.44038931824518        4.63687893108270
C            3.63672823150487        3.50592367125906        6.43484761950515
C           -6.81156071721794       -0.99831622960260        2.07344329256495
H           -4.67417772258871       -1.60455884465133        1.95694709640004
C           -6.62346321057234       -2.26329688495356        2.87699818776333
H            3.94836977141598        1.53498854596582        7.40946242929600
H            4.92087412470452        1.77802853714915        5.84280607737035
H            3.20698375694073        3.90659163649968        7.35596886799865
C            4.40619928008289        4.47334199060294        5.59300609714107
H           -7.40141578257289       -0.21360162722637        2.55649454048813
H           -6.90430669862571       -1.08858147908070        0.98721528554521
H           -7.03782028811667       -2.26743676001078        3.89030862854761
C           -6.60225422995104       -3.58443352614710        2.18445102342579
O            4.50278676074022        5.66871780545352        6.19669372851823
O            4.90131708063111        4.21147714991011        4.51209373407218
O           -7.20634369618567       -4.52990886445065        2.93853075032869
O           -6.12296445745158       -3.80104708592846        1.08918153914490
C            5.23865745950944        6.73531297260765        5.52702461374395
C           -7.29531632046409       -5.88031375151399        2.40329098029722
C            4.25203919107939        7.60922496479400        4.74173565905940
C            6.00240294804401        7.49533768050490        6.61001652270273
H            5.93668218349197        6.24838964662998        4.82234547467782
C           -7.28160284927639       -6.82865472487671        3.60301549244687
C           -8.55476684355280       -6.00033065877472        1.53822446435958
H           -6.40047514798926       -6.03839771458545        1.77122736930701
H            3.73779204628608        7.01122050057157        3.97137304986183
H            3.50119746964933        8.04190969176668        5.41721880270658
H            4.78941414288430        8.43033528943780        4.24700274852562
H            6.68291864823189        6.82483794581246        7.15129384714812
H            6.60157791994356        8.30150244927535        6.16460829716013
H            5.31252659281411        7.94076602864638        7.33882761084873
H           -6.36475489802867       -6.69101777903369        4.19162601732045
H           -8.14862532851667       -6.64530313082479        4.25609006957516
H           -7.32842896955956       -7.87330590321011        3.26457050782097
H           -8.50631272299311       -5.29778740818888        0.69455459641991
H           -8.64759040942635       -7.01994000742628        1.13782020564293
H           -9.45679165883121       -5.78517624218986        2.13194531531528
C           -0.68691157390721       -1.48643801684592       -4.64503755851629
C            0.26918152824769       -1.27627406076937       -5.67570380861928
C           -1.88878641270097       -2.18575986224870       -4.94380448874735
C            0.05964210648321       -1.81218555967639       -6.96202849162658
N            1.41033084409436       -0.49584322047829       -5.36012110559888
C           -2.08692236053512       -2.72613924145536       -6.23234449966717
N           -2.87117250766513       -2.27099617677970       -3.92975341991356
H            0.81210069174380       -1.64427872454123       -7.73794820671782
C           -1.10930413369420       -2.53862255377512       -7.21417209760365
C            2.34924947118204        0.04714412601139       -6.20998897090308
H            1.42996587289250       -0.16602999625527       -4.39351153776704
H           -3.00614800497773       -3.28241226048842       -6.43523002494222
C           -4.09879770764739       -2.90126103378514       -3.97133897823897
H           -2.65650857965509       -1.75740439372865       -3.07062500805163
H           -1.26845352209517       -2.96304675245731       -8.21422488432018
O            2.45287493003730       -0.21064034416254       -7.40373078557102
C            3.24947899188245        1.06532013842028       -5.54251165413505
O           -4.47891855190837       -3.62206603930191       -4.88894144311730
C           -4.97338258804673       -2.61068484428635       -2.77583142380434
C            3.55930241458571        2.31454484630434       -6.33015042964153
H            3.19092068097750        1.17544321467416       -4.45377794444294
C            4.63600206397570        1.26972619163803       -6.15264356877410
C           -5.86945519022887       -3.70638855300940       -2.25850174533969
H           -4.61310894401579       -1.88686357720450       -2.03497191419037
C           -6.48043287951633       -2.59278507396030       -3.07417392834877
H            3.12011073085759        2.39087961760450       -7.32880638167750
H            3.66657428717149        3.24634640939708       -5.76911104147956
H            4.87829362580418        0.64872807640426       -7.01951895309280
C            5.76294511246828        1.58156908929026       -5.21838868157713
H           -5.80245858497144       -4.67564523111021       -2.76038691997741
H           -6.04810013635781       -3.71698048557645       -1.17959745762478
H           -6.75047755266285       -2.82921107553186       -4.10824691118375
C           -7.32445384750147       -1.55561825440547       -2.41052451416996
O            6.93094318056556        1.12625979673666       -5.70172653167887
O            5.64225342389552        2.18583844689254       -4.16832357142694
O           -8.32404996121303       -1.15518916317572       -3.22610956984748
O           -7.15840258035678       -1.12459556090896       -1.28676544415618
C            8.14566413567755        1.36640719449070       -4.93126991429255
C           -9.25021386968728       -0.14731300274957       -2.72992147652362
C            9.05707457658564        0.15958936578042       -5.15917021907606
C            8.76059881627675        2.69775412685812       -5.37161871272077
H            7.84439573762304        1.43321456013883       -3.86813638778459
C           -8.68773946839871        1.25049543024213       -3.01724115240211
C          -10.59481910110096       -0.41938536503099       -3.40295046195782
H           -9.32448464750319       -0.28925712923227       -1.63611319520662
H            8.55358363379220       -0.76445402498550       -4.84447432628778
H            9.32642240388445        0.06939704645215       -6.22297983547390
H            9.98641986665880        0.27193706342079       -4.58357555280102
H            8.06246975154767        3.52424354681930       -5.18455757171195
H            9.68609855656351        2.89533313428806       -4.81265636655268
H            9.01008248386374        2.67550501245725       -6.44410187474615
H           -7.72393696156307        1.38933003406935       -2.50060658755375
H           -8.53852701491993        1.39156456921597       -4.09716361720109
H           -9.38735806327168        2.02028496760100       -2.66157576989169
H          -10.94493542532760       -1.43705314634363       -3.17756171386832
H          -11.35373254068010        0.29107980995819       -3.04718040674253
H          -10.51538802374772       -0.31737002606983       -4.49373773132454
H            4.29550197608381       -6.08062250952983        2.43177637497706
H            0.45159190512735       -7.90263509347146        1.58984284645985
H            1.09319690180491        7.20648313011063       -2.25803503129476
H           -3.20073704695506        7.23515323958873       -1.64961380677304
O            3.47514718598379       -3.57942923129945        1.77192586766814
O           -0.71622398877268       -5.56293124211421        0.85633450706854
O            1.37080727419772        4.59945900012460       -1.51014143287787
O           -3.30262263980199        4.64459301924567       -0.84033918267863
C            4.81242478304784       -3.61756221097889        2.16563118463552
C            5.81335128734653       -3.89520077741654        1.22409714793630
C            5.14377515658435       -3.29835131971257        3.48941956920463
C            7.15720017311575       -3.85959350771755        1.61915085222662
H            5.52962404192514       -4.13096906602155        0.19304128100962
C            6.49133141497797       -3.26446478053936        3.87246034693927
H            4.33923473835599       -3.07627707207500        4.19826613521905
C            7.49969223676181       -3.54643305384695        2.94130349278078
H            7.94342353841263       -4.07528233899804        0.88635723804093
H            6.75627555240659       -3.01492028129868        4.90623332683600
H            8.55475156643671       -3.52009319668386        3.24544422619179
C           -1.68717838097448       -6.54457460472968        1.02406297487078
C           -2.06305857001481       -6.99275771045482        2.29881840710415
C           -2.34340322838830       -7.01814707561451       -0.12067518348942
C           -3.08905812879756       -7.93825397028614        2.41953145452803
H           -1.55303458681038       -6.59493765092680        3.18290067976507
C           -3.37383311729521       -7.95705582178335        0.01454527648972
H           -2.03896419110344       -6.63423689982545       -1.09993577142246
C           -3.74537115112356       -8.42511537578249        1.28155736760561
H           -3.38285346803690       -8.29383551682852        3.41355531677883
H           -3.88905421696370       -8.32732296256618       -0.87864398149822
H           -4.54821122820389       -9.16740318627936        1.38318909220654
C            2.64198998865671        5.14604689474609       -1.40657865162536
C            2.95378032814176        6.20529723237816       -0.53907405396844
C            3.65509131498205        4.51686894926102       -2.14779393213405
C            4.28081464383687        6.64290401022868       -0.43780697490683
H            2.16361292114426        6.67788150912968        0.05384770337440
C            4.97749366804667        4.95625116315320       -2.02990516922804
H            3.39884856970197        3.67892831112657       -2.80412398212779
C            5.29591808371885        6.02578325385566       -1.18083906667171
H            4.52362201838704        7.47380796953719        0.23689234082041
H            5.75212485764867        4.44458740187044       -2.61241861536014
H            6.33237916117710        6.37700467707033       -1.09317449221117
C           -4.58743851589921        5.04380140211086       -1.18922565445285
C           -4.95935767669180        5.25747714289342       -2.52465080076363
C           -5.53710716963293        5.14112586414506       -0.16160823322602
C           -6.28675079600634        5.58946188075263       -2.82347577155976
H           -4.21104948986650        5.15585670930772       -3.31806579553518
C           -6.86267111669279        5.46631112871593       -0.47526136156945
H           -5.21983898889601        4.95095763054748        0.86880486310876
C           -7.24131921498354        5.69767765276091       -1.80390248170554
H           -6.58027066559897        5.75676821797268       -3.86574478804805
H           -7.60601609016709        5.54105480199177        0.32607228794020
H           -8.28071331550760        5.95684496263114       -2.04570783779206
N            1.41207271325917        0.48238359070888        0.19708243587545
C            2.55526107656302        1.03755890606820        0.53717911378428
C            3.63943331309033        1.41485560265980       -0.32939057036349
C            4.73205894188878        2.13485087021283        0.09799474766528
C            4.86117239020892        2.62233367467292        1.39915245840132
C            3.87876448378024        2.24703640659943        2.28050999148312
C            2.87057571949006        1.39639620655171        1.90799026376428
C            1.91635331518173        1.07286218673519        2.96773365798644
C            0.99737960237374        2.31689279901220        2.91556371176539
C            1.17180768275089        3.74992561968098        3.23033771799182
C            1.43080112427174        4.71308693070554        2.21822165161579
C            1.50625792262036        5.97284443249215        2.71366900626507
S            1.17085916205793        6.04495544199226        4.41493083969399
C            0.88393270358266        4.34420335722462        4.42958916653308
H            3.58757725867573        1.09857907542267       -1.35746043581094
H            5.52363685201848        2.36473879252553       -0.59396634421540
H            5.66470029017124        3.22457468291017        1.78320613692507
H            3.92390374441030        2.60530549144330        3.29442667851136
H            1.32695191674048        0.22321404066715        2.63730428318466
H            2.39343663773125        0.81907146469517        3.91040000751692
H            0.73375254323750        2.23142731918349        1.88015498381626
H            0.24106393070179        2.09805836091264        3.63419192144369
H            1.45632708256277        4.42981413087048        1.18209735291902
H            1.76753294044581        6.88764481109112        2.22780520141273
H            0.47230172819456        3.94235290769288        5.33261931525535
239
 energy: -392.861082078203 gnorm: 0.056720184698 xtb: 6.7.1 (edcfbbe)
N            0.15194000240820       -1.78182420346809       -0.94375301695661
N           -0.07958764989472       -1.10612893124473        1.81334284032187
C           -0.44627960175115       -1.01742908725923       -3.22986471450439
C           -0.00718434726218       -1.97717091364175       -2.29140623737432
C            0.40240234873447       -3.32514233987652       -2.64330247619992
H            0.36895515347708       -3.73959726024288       -3.65218186899584
C            0.83379491765656       -3.91855039117583       -1.49136397876635
H            1.22821212577576       -4.92648643289041       -1.35456491618378
C            0.64104290107946       -2.95579392532817       -0.42246515758579
C            0.83284747538860       -3.24536309236766        0.94229221677428
C            0.42660773363181       -2.37173229018026        1.97127174498116
C            0.36205056680750       -2.74830063646732        3.37009820734234
H            0.70026680755114       -3.70634690069177        3.76838430827111
C           -0.23108563896530       -1.71220232745390        4.03563066745897
H           -0.47251469870949       -1.63230947500643        5.09627523622430
C           -0.49425336020064       -0.67880760616195        3.05352575134958
C            1.38177270653832       -4.59329460393334        1.32781635047851
C            2.72584241452905       -4.73860149070175        1.74656617298923
C            3.24750815354718       -5.99295505818050        2.11201805640783
C            2.42080260441476       -7.11881564770863        2.05036627614231
H            2.82682655759966       -8.10170235157563        2.32405706062611
C            1.08808601167874       -7.01561571634236        1.64303878617249
C            0.57080383560680       -5.75354121285421        1.29389347359822
N           -0.84024711103785        1.57254384575427        1.08457988646124
N           -0.56267753228514        0.90252279047719       -1.65428669803909
C           -1.05479505492877        0.58205015653860        3.35618529634297
C           -1.16835839844765        1.63110307703672        2.40554651712430
C           -1.53041245987390        2.98959455182915        2.76785886176613
H           -1.83875888812689        3.30541607796295        3.76593602676081
C           -1.39288744189817        3.74215176445319        1.63757720293628
H           -1.57815502560188        4.80759108830885        1.50728195344892
C           -0.99983717497563        2.84023221390435        0.57312759943240
C           -0.88551635789744        3.20513620759007       -0.77798045361571
C           -0.76415430813180        2.25217891670133       -1.80869982038212
C           -0.97679690978747        2.55656557011880       -3.20887823322635
H           -1.15904912404433        3.55653914029199       -3.60473338158710
C           -0.95499677879798        1.36724513460726       -3.88176231058062
H           -1.11171051814716        1.18397972121380       -4.94581874192066
C           -0.66263814607686        0.33826399183520       -2.90267541923118
C           -0.96779871010986        4.65583188695032       -1.16637036993209
C            0.21216458395723        5.35194589570198       -1.52584541120128
C            0.16811889980705        6.69322401152854       -1.94725870082679
C           -1.06310959148755        7.35527383908092       -1.98268570478602
H           -1.10185549263399        8.40504197491959       -2.30246430478820
C           -2.24644334060514        6.70388715878550       -1.62179799605622
C           -2.19773098108540        5.35245099157283       -1.23084639461338
Fe          -0.21411018071506       -0.06587379746935        0.08029746385875
Cl          -2.46027063025236       -0.71096260980553        0.06613859290530
C           -1.62911658870492        0.79175284892185        4.73515945465580
C           -0.85856069477011        1.33461624275795        5.79929345322743
C           -2.98516628618753        0.42999664435658        4.97072262870071
C           -1.43280762708231        1.52320037109882        7.07175839769856
N            0.48697179124620        1.67940190751098        5.53405694175422
C           -3.55436326793918        0.64138748309643        6.24502908910104
N           -3.71476454757197       -0.16354098719353        3.91369140068367
H           -0.81719464503539        1.93083100630872        7.87879888772678
C           -2.77245625880542        1.17924511294834        7.27078411305172
C            1.46586668706204        2.10371142345306        6.39854776896687
H            0.76096346686236        1.57088350078003        4.55836689747436
H           -4.60365872092147        0.37900159452250        6.40247287104789
C           -5.04353170671404       -0.54130530688946        3.90067647538210
H           -3.18885810974148       -0.33756511117740        3.05168097688891
H           -3.22111978495754        1.33276247278785        8.26074533784973
O            1.32703169920229        2.21838641878962        7.61065392667551
C            2.78776697351711        2.43416250170006        5.73396064729805
O           -5.83900561566388       -0.30779062667032        4.80582972200648
C           -5.45987620590979       -1.29662113867613        2.66137865252536
C            4.05073370081591        2.05386134238505        6.46231634843739
H            2.83443449572757        2.43834793940539        4.64261563028397
C            3.62718541808924        3.50382897934847        6.44175909416361
C           -6.81705961089852       -1.00231476977417        2.07222916902005
H           -4.67945562125021       -1.60789987911697        1.95699605430775
C           -6.62913512261921       -2.26762243355998        2.87548819475758
H            3.93851969836141        1.53253918690139        7.41606424088856
H            4.91208144154610        1.77629013017998        5.85015689330943
H            3.19655115424224        3.90379690940407        7.36280604513094
C            4.39681030687677        4.47109731392367        5.60077236954990
H           -7.40738181672520       -0.21803591128878        2.55514762036053
H           -6.90904583240070       -1.09230661561910        0.98603642908219
H           -7.04410083834160       -2.27206376162387        3.88850518086952
C           -6.60704904679381       -3.58830961891599        2.18246403011173
O            4.49225585519892        5.66700818814826        6.20496527153249
O            4.89256072312356        4.21034285165259        4.52029362768949
O           -7.21132182838090       -4.53423952199564        2.93604367159278
O           -6.12707342282995       -3.80455155643281        1.08771414775935
C            5.22830415313566        6.73415222765362        5.53587336865135
C           -7.29961215919756       -5.88469197958605        2.40012738530012
C            4.24226724382335        7.60768793972918        4.75042859816561
C            5.99120815675685        7.49386537504514        6.61993587518688
H            5.92713079523053        6.24732886779047        4.83176784812300
C           -7.28647032463214       -6.83334616874400        3.59961366711666
C           -8.55852394964549       -6.00468743620938        1.53433784482445
H           -6.40436450968931       -6.04218217812871        1.76871224096417
H            3.72866795268803        7.00991285032775        3.97947021526439
H            3.49056251367069        8.04004824595744        5.42540299826684
H            4.77941356207861        8.42924084377317        4.25620615546313
H            6.67150811439408        6.82333455831559        7.16137799831291
H            6.59026110422239        8.30034637772624        6.17510477935175
H            5.30059086012149        7.93880768214841        7.34834140815925
H           -6.37006581673534       -6.69555344394259        4.18889748470853
H           -8.15391004565771       -6.65033569201143        4.25217693072146
H           -7.33272517737093       -7.87780953253446        3.26076792371748
H           -8.50969746910379       -5.30190100246974        0.69087562505981
H           -8.65072725448914       -7.02415444629893        1.13342371936866
H           -9.46090405369859       -5.78993950536513        2.12751973978981
C           -0.68801304348707       -1.48658832441838       -4.64246247490105
C            0.26877238685173       -1.27572673566037       -5.67240037620081
C           -1.88964700812871       -2.18616669427303       -4.94206554161469
C            0.06003731239802       -1.81142025882941       -6.95898507448437
N            1.40924963963323       -0.49538237148557       -5.35592409104304
C           -2.08656341939954       -2.72615144936052       -6.23098473725435
N           -2.87222603699260       -2.27197067306248       -3.92894625628023
H            0.81297847749923       -1.64301085443545       -7.73436406911163
C           -1.10846259250964       -2.53806741431849       -7.21212340270757
C            2.34887999158502        0.04865394207528       -6.20494924705459
H            1.42838115701608       -0.16559965770399       -4.38921198644098
H           -3.00552801008224       -3.28262956141940       -6.43460468353857
C           -4.10020453284244       -2.90260270438514       -3.97109441611076
H           -2.65861529215162       -1.75863846321053       -3.06932799178045
H           -1.26684972308208       -2.96220047707129       -8.21235060433635
O            2.45306867523106       -0.20896564641615       -7.39859241464842
C            3.24805017977397        1.06656338108742       -5.53667181581172
O           -4.47909312072337       -3.62312807822336       -4.88928278496716
C           -4.97513507524217       -2.61266077941336       -2.77636954301384
C            3.55809255903714        2.31628425367041       -6.32368834159167
H            3.18892549337283        1.17642072935281       -4.44796099730725
C            4.63520812806915        1.27169854208700       -6.14572571805010
C           -5.87140064086880       -3.70879028859521       -2.25982714214400
H           -4.61576970715641       -1.88896882359575       -2.03495468231654
C           -6.48229553478737       -2.59502132258598       -3.07551712143538
H            3.11957261298332        2.39271765302670       -7.32251407806215
H            3.66473729616381        3.24784689731978       -5.76232121183747
H            4.87803615983395        0.65103143880565       -7.01267666656879
C            5.76111416242813        1.58373733213233       -5.21073405415166
H           -5.80379097444272       -4.67776334584757       -2.76198965161824
H           -6.05072159869678       -3.71970861866458       -1.18114195015246
H           -6.75145196711516       -2.83130152985258       -4.10984295364049
C           -7.32682465084677       -1.55847608935395       -2.41198438235661
O            6.92973298670687        1.12859274312835       -5.69342428704064
O            5.63986659226562        2.18734397940959       -4.16065485476278
O           -8.32600764132491       -1.15807827514348       -3.22833671138592
O           -7.16176233501182       -1.12767766636821       -1.28826863174307
C            8.14403630870046        1.36903035966117       -4.92195592918148
C           -9.25293031944992       -0.15037152023630       -2.73226893129064
C            9.05591226412237        0.16261033475984       -5.14976496688680
C            8.75877177362888        2.70074627111380       -5.36166729199920
H            7.84197600651306        1.43543420580878       -3.85916775036821
C           -8.69070244001858        1.24741065491553       -3.01883127420820
C          -10.59705750444727       -0.42288652639332       -3.40636736004822
H           -9.32782696136082       -0.29294191860255       -1.63862955747370
H            8.55247653746452       -0.76175784481765       -4.83570051614112
H            9.32584465655002        0.07280575053328       -6.21342019958819
H            9.98477029193843        0.27497175455464       -4.57348647922129
H            8.06021486087482        3.52701329894171       -5.17482292084821
H            9.68376633225497        2.89843532425550       -4.80198908805414
H            9.00882945503913        2.67891573645398       -6.43395939667886
H           -7.72731225647046        1.38642817237216       -2.50152052858612
H           -8.54081333038564        1.38886339753352       -4.09857744408228
H           -9.39071472917100        2.01688721002287       -2.66333919247901
H          -10.94688398346874       -1.44070494740457       -3.18155038774730
H          -11.35629887336687        0.28719358921857       -3.05080774108087
H          -10.51684646295850       -0.32056610873084       -4.49704141552392
H            4.29113437537168       -6.08149074380779        2.43621608137785
H            0.44835257468603       -7.90432807289390        1.59114591853184
H            1.08780855513945        7.20611466598635       -2.25164470947101
H           -3.20646576347818        7.23324526986984       -1.64575922166679
O            3.47062103289889       -3.58045200625794        1.77651591689580
O           -0.71961249608422       -5.56477701805647        0.85771806238396
O            1.36577698207422        4.59906794334941       -1.50458501540880
O           -3.30797615262861        4.64242328493488       -0.83749697604356
C            4.80763725918673       -3.61826702967075        2.17116750444642
C            5.80929120623498       -3.89529462540313        1.23014626098809
C            5.13807451578076       -3.29940417381753        3.49525172778420
C            7.15278102396336       -3.85938354636540        1.62613868942578
H            5.52623558830962       -4.13084128523186        0.19882437522139
C            6.48530242662486       -3.26516468190622        3.87917176604376
H            4.33298304481972       -3.07782163349553        4.20366584685602
C            7.49429180124727       -3.54653346888593        2.94856902832353
H            7.93949743271084       -4.07464254022750        0.89365282001395
H            6.74939006158412       -3.01583267221217        4.91328504083000
H            8.54913033567935       -3.51990022137461        3.25345010083385
C           -1.69050407186564       -6.54681163871930        1.02441271426459
C           -2.06710230763484       -6.99545424628743        2.29890312660646
C           -2.34578140444560       -7.02017722660190       -0.12081593455882
C           -3.09284212958125       -7.94120967915692        2.41862132010283
H           -1.55774038125436       -6.59772230271432        3.18340986195235
C           -3.37606077290176       -7.95940262901629        0.01347043142660
H           -2.04084048324058       -6.63588683486864       -1.09977820152377
C           -3.74823594232579       -8.42791046372532        1.27999667968798
H           -3.38719679952399       -8.29709557296441        3.41246350752409
H           -3.89053762637799       -8.32948685948916       -0.88029423145458
H           -4.55096188040428       -9.17042594105327        1.38091343747424
C            2.63681545325971        5.14599493085268       -1.39997428968031
C            2.94777901708108        6.20517510861362       -0.53200689409585
C            3.65057975785207        4.51740016666637       -2.14060323375385
C            4.27451127402237        6.64301178176345       -0.42958032940027
H            2.15705438753361        6.67723609322143        0.06039816727031
C            4.97276724370113        4.95712269637575       -2.02164598781114
H            3.39500162472410        3.67959006751338       -2.79735078088878
C            5.29030137701001        6.02638577275885       -1.17208988065031
H            4.51655630031585        7.47378875409096        0.24560215047898
H            5.74790985823655        4.44584149415125       -2.60385695606385
H            6.32663174537111        6.37783870956663       -1.08355716937380
C           -4.59282526842323        5.04138350525180       -1.18692457943605
C           -4.96396382744361        5.25532393786964       -2.52266514171551
C           -5.54308709758768        5.13806632505672       -0.15998980100253
C           -6.29115589873830        5.58696468015013       -2.82220355455343
H           -4.21507947688403        5.15417743987002       -3.31558894736493
C           -6.86857141458842        5.46292005170097       -0.47443838043949
H           -5.22641752371831        4.94767045817475        0.87058228925977
C           -7.24639457534685        5.69457355807558       -1.80311198194667
H           -6.58402479899377        5.75444040002633       -3.86472031249457
H           -7.61237223328280        5.53716200839188        0.32660543391699
H           -8.28570276293323        5.95345724448008       -2.04559243770711
N            1.41208371791968        0.47592079559195        0.20889823159903
C            2.57460315306709        1.02800811695072        0.52860377509955
C            3.62499402860023        1.40023088026622       -0.37521189312633
C            4.73469591418181        2.12349420676546        0.02117773002365
C            4.89308408431102        2.60649261626793        1.31908551163652
C            3.94631862457425        2.21805453449442        2.23643807130249
C            2.92121409787469        1.37027140667983        1.88794099110640
C            1.97609269106296        1.07860308460336        2.97031197637650
C            1.06784676708609        2.34554252835875        2.91174608371057
C            1.27032692546509        3.78957744656937        3.23055704683382
C            1.51473800490915        4.75313000276400        2.22169256336528
C            1.53133584569796        6.02451337314336        2.69857429521712
S            1.15294473775682        6.09260458239686        4.37895098510260
C            0.94737969993546        4.38070088879712        4.42400475610177
H            3.55419089421240        1.09501206016546       -1.40669926094026
H            5.50685925381006        2.35179724529925       -0.69697140409762
H            5.70257860087796        3.23568916232078        1.65963265044262
H            4.00428183806993        2.57633193884329        3.25329501475435
H            1.35326054945951        0.24641384942031        2.66054155011253
H            2.45709386400469        0.81135456035158        3.90553843909710
H            0.78715011382194        2.26985684127868        1.88881094267325
H            0.27610144133242        2.14926375504143        3.59051156067923
H            1.58467269234121        4.46029999415675        1.18891109977791
H            1.75236884254691        6.94568885008410        2.19766880854529
H            0.54393666541551        3.97627564270865        5.32629177124475
239
 energy: -392.879513153913 gnorm: 0.045144743557 xtb: 6.7.1 (edcfbbe)
N            0.14895655965269       -1.78266395609031       -0.94072063229335
N           -0.08459192954920       -1.10813154159394        1.81717488998529
C           -0.44802267796735       -1.01749988699512       -3.22667373373656
C           -0.00899592345850       -1.97787866559616       -2.28801645736546
C            0.40111956415327       -3.32530884345703       -2.64024863570857
H            0.36851050546803       -3.73949624559304       -3.64909990378268
C            0.83193288663937       -3.91895694597394       -1.48824871429096
H            1.22653565692085       -4.92673705843746       -1.35160358324260
C            0.63835618236452       -2.95704527925220       -0.41901847023337
C            0.82918621140618       -3.24663370854578        0.94533745051201
C            0.42215966186660       -2.37368989866189        1.97510950365295
C            0.35686744543197       -2.75066707829016        3.37293283335981
H            0.69492050676897       -3.70842086441164        3.77152892806937
C           -0.23726213217701       -1.71477769493244        4.03869623628524
H           -0.47916990960881       -1.63549533059595        5.09910722784215
C           -0.49940784775729       -0.68205785719859        3.05642754027951
C            1.37840232849820       -4.59469120833983        1.33109939050763
C            2.72214452563891       -4.73961711416294        1.75066064701068
C            3.24385073062266       -5.99393072875410        2.11598093501594
C            2.41768020137836       -7.11996623454394        2.05345994944919
H            2.82379083844358       -8.10271744847960        2.32707488882770
C            1.08531320961309       -7.01697549300834        1.64535251935505
C            0.56782103624632       -5.75506972398563        1.29626272999640
N           -0.84598213377001        1.57018152200107        1.08679750540029
N           -0.56582306265725        0.90149451005917       -1.65054340535877
C           -1.06274728546679        0.57708585843210        3.36116332060150
C           -1.16881146445209        1.62843874317740        2.41345057867374
C           -1.53900211644760        2.98719614163475        2.77201731510889
H           -1.84623118426523        3.30239362733808        3.76963048967087
C           -1.39915414411695        3.73968828274328        1.64182761954524
H           -1.58480209280609        4.80503275398674        1.51170574558469
C           -1.00519473760515        2.83840489984601        0.57773193229819
C           -0.89001278850410        3.20366308661373       -0.77388062358622
C           -0.76782738926624        2.25150143214415       -1.80437519035695
C           -0.97956398435858        2.55587434174140       -3.20493645094027
H           -1.16184429176191        3.55590078196782       -3.60038512231083
C           -0.95698223998478        1.36710370767096       -3.87801250009220
H           -1.11289375904512        1.18405371572736       -4.94209168203484
C           -0.66480336921308        0.33755972036591       -2.89924576263719
C           -0.97258379420543        4.65474870614390       -1.16169646707353
C            0.20735845987803        5.35127802930270       -1.52008407699654
C            0.16304327833165        6.69264152539787       -1.94106773788615
C           -1.06822270653802        7.35430774378978       -1.97711448983028
H           -1.10710123977541        8.40406983575220       -2.29653990806050
C           -2.25143583537884        6.70240671984661       -1.61723491303434
C           -2.20259412362432        5.35093541397223       -1.22670225610177
Fe          -0.21712020058139       -0.06727249628866        0.08391663368604
Cl          -2.46399229593126       -0.71312110234529        0.06815361782315
C           -1.63661594979294        0.78795450536368        4.73841691415036
C           -0.86638732325658        1.33138292273136        5.80285723558055
C           -2.99255357278320        0.42607872083419        4.97289108201582
C           -1.44193514896833        1.51909966898259        7.07505385650436
N            0.47763839089422        1.67796721401509        5.53680544345318
C           -3.56252082135505        0.63695890735441        6.24678807917512
N           -3.72136117470740       -0.16723641247312        3.91510291041286
H           -0.82712239063077        1.92664457890704        7.88268083523115
C           -2.78150902080690        1.17462085521113        7.27325774709584
C            1.45745489609165        2.10097269402974        6.40353171195010
H            0.74994208359878        1.57329264572020        4.56026241533981
H           -4.61177001236191        0.37424384846770        6.40353631420970
C           -5.04997071136576       -0.54548386336915        3.90107262980739
H           -3.19488397684077       -0.34080461460008        3.05347936536786
H           -3.23084662505995        1.32770364834000        8.26285135258560
O            1.31727760854865        2.21484625023070        7.61559618475294
C            2.77969898349052        2.43177572322315        5.74028278947051
O           -5.84593599797949       -0.31253993134187        4.80563792096796
C           -5.46518979253308       -1.30044792721463        2.66130404695410
C            4.04183703998484        2.05164890294240        6.46958750196956
H            2.82675452702272        2.43667327439520        4.64948295632417
C            3.61789663026642        3.50159261582061        6.44918687054511
C           -6.82211640852788       -1.00640425514237        2.07136568592849
H           -4.68435511007218       -1.61115841386115        1.95743358710863
C           -6.63432078159052       -2.27189173823996        2.87428586801192
H            3.92928513673751        1.53016751155205        7.42283475847914
H            4.90348893246257        1.77467998509146        5.85803612441561
H            3.18672369793238        3.90108382570435        7.36988964039937
C            4.38775539885082        4.46924752396231        5.60893724354538
H           -7.41295539759576       -0.22264852191250        2.55398315715283
H           -6.91336516798503       -1.09600102585262        0.98532094691918
H           -7.04995201141694       -2.27689534437068        3.88684544457369
C           -6.61140137677582       -3.59240001764596        2.18089585841095
O            4.48250038349582        5.66510431248216        6.21345578135103
O            4.88401151832716        4.20912828615220        4.52896557531250
O           -7.21582187887680       -4.53867405273765        2.93348240523360
O           -6.13069387275739       -3.80799505450007        1.08660905306924
C            5.21849440217634        6.73274328979187        5.54531365007246
C           -7.30335010344521       -5.88902011401400        2.39727419323739
C            4.23273898120628        7.60631647845932        4.75947408977055
C            5.98048717916605        7.49242245539394        6.63022071560282
H            5.91787362576026        6.24643780611938        4.84162010310529
C           -7.29069060160371       -6.83816420819887        3.59655852347004
C           -8.56176487992962       -6.00915876757819        1.53056910676116
H           -6.40774582884218       -6.04597472780041        1.76651948245823
H            3.71998185324448        7.00857746429116        3.98812097114061
H            3.48064758095132        8.03808341306208        5.43400277828171
H            4.76989190454783        8.42798670886712        4.26612248901676
H            6.66044397249079        6.82208167847275        7.17173656647503
H            6.57943771867066        8.29902808537262        6.18619300286333
H            5.28944422322572        7.93673609624597        7.35812263973711
H           -6.37491714854835       -6.70016979159407        4.18622188626511
H           -8.15850456773859       -6.65568653972170        4.24836333732287
H           -7.33650003567473       -7.88223639169340        3.25737080031474
H           -8.51247530222670       -5.30614492174264        0.68765924924215
H           -8.65336069499495       -7.02831318619360        1.12948256289639
H           -9.46436497159171       -5.79501128300195        2.12316711652352
C           -0.68859716666886       -1.48658679584981       -4.63965939439176
C            0.26876065615335       -1.27503829114633       -5.66879277646681
C           -1.88975449067714       -2.18639501263408       -4.94017507471376
C            0.06096482889054       -1.81039240463229       -6.95559430943223
N            1.40879814976139       -0.49439485725826       -5.35143414801446
C           -2.08557471518580       -2.72592305882349       -6.22934487383001
N           -2.87301746526414       -2.27287147739668       -3.92777800244570
H            0.81427578723918       -1.64154901764741       -7.73045978987499
C           -1.10702563482845       -2.53729339324469       -7.20982551990833
C            2.34881799395144        0.05021735407154       -6.19955870466617
H            1.42723045475285       -0.16504842355405       -4.38461866312936
H           -3.00415518050738       -3.28260131671364       -6.43383476817718
C           -4.10077687034061       -2.90380533377098       -3.97083350969174
H           -2.66011752978186       -1.75981786126511       -3.06790855981834
H           -1.26461129664927       -2.96108864044699       -8.21018438247238
O            2.45392083713245       -0.20699528051407       -7.39303504380112
C            3.24722271491986        1.06810638241152       -5.53040202481537
O           -4.47877938826286       -3.62404466138792       -4.88938870437434
C           -4.97649116724549       -2.61455764855303       -2.77665964692946
C            3.55741964592199        2.31819001705318       -6.31679899990047
H            3.18732846546762        1.17757182608639       -4.44187596256061
C            4.63476883821989        1.27391321300004       -6.13846173263284
C           -5.87279614640638       -3.71113316722106       -2.26104539942535
H           -4.61787828831712       -1.89113895933532       -2.03487096555958
C           -6.48351779036871       -2.59728387523410       -3.07671257789135
H            3.11967960154831        2.39488147126550       -7.31569124283461
H            3.66336465830023        3.24940777443103       -5.75521351082288
H            4.87839325107907        0.65378822643831       -7.00532154987267
C            5.75997058758786        1.58600539762879       -5.20265002178071
H           -5.80467775016379       -4.67975235788864       -2.76330993139438
H           -6.05276171990559       -3.72251445735346       -1.18272261096336
H           -6.75200216003017       -2.83326878569519       -4.11110531874199
C           -7.32882190608741       -1.56122475995762       -2.41346179365663
O            6.92899072594119        1.13157777127607       -5.68458084153344
O            5.63784184658694        2.18901533563474       -4.15265065809322
O           -8.32754599920869       -1.16092091095787       -3.23003357066425
O           -7.16458358723218       -1.13086654374611       -1.28970082645097
C            8.14272368175770        1.37196354059178       -4.91236839665965
C           -9.25513781187845       -0.15363385460347       -2.73442024046906
C            9.05525142541898        0.16581217303035       -5.13996280999640
C            8.75742472195825        2.70411494075927       -5.35125312016466
H            7.83999705926694        1.43788832698628       -3.84986727804892
C           -8.69316791437143        1.24453526725137       -3.02022040754053
C          -10.59883024009986       -0.42632563728285       -3.40957584314788
H           -9.33069529012099       -0.29658899620408       -1.64107562092439
H            8.55186408988156       -0.75848338990773       -4.82657954141947
H            9.32588109771531        0.07659372227125       -6.20325178905556
H            9.98347526931024        0.27835910613651       -4.56325600769018
H            8.05852985245322        3.52976024965294       -5.16460757474240
H            9.68179183425114        2.90177375848374       -4.79110219986700
H            9.00818740217577        2.68263905721413       -6.42314913624666
H           -7.73025781995149        1.38348441936039       -2.50230169125297
H           -8.54273081977391        1.38623916936309       -4.09954601592344
H           -9.39360671166732        2.01335041219662       -2.66503628517728
H          -10.94836532756934       -1.44409855657051       -3.18535710254540
H          -11.35834890990654        0.28318262500455       -3.05437593906236
H          -10.51794455908960       -0.32365717624601       -4.49984425666947
H            4.28723898915824       -6.08224314096877        2.44083630562972
H            0.44593826677957       -7.90584369125855        1.59274881582625
H            1.08270457599313        7.20592698551293       -2.24469097372656
H           -3.21155164983058        7.23145757970125       -1.64164544562171
O            3.46653656478581       -3.58130892124445        1.78145444235860
O           -0.72238374293807       -5.56657999708250        0.85928400022481
O            1.36117719714450        4.59879787683898       -1.49845629922460
O           -3.31291640314300        4.64041259106056       -0.83425876403477
C            4.80343873195548       -3.61874713847241        2.17700748647144
C            5.80576991306559       -3.89505451241087        1.23667505389302
C            5.13294840713698       -3.30022005610362        3.50127550241002
C            7.14885699545887       -3.85889033597551        1.63352482427710
H            5.52345009607753       -4.13033580532812        0.20523604166912
C            6.47978375666136       -3.26568333228878        3.88606844325468
H            4.32738728040011       -3.07912687701004        4.20912275185320
C            7.48938050783840       -3.54642860333528        2.95614302797141
H            7.93607440208896       -4.07366436147141        0.90161099563043
H            6.74313315452158       -3.01667001351700        4.92030676589305
H            8.54393639118343       -3.51960538882531        3.26171798229978
C           -1.69322105411845       -6.54900977342672        1.02501596913809
C           -2.07052581436062       -6.99819935897572        2.29900155474111
C           -2.34759102438712       -7.02216542315045       -0.12064777875843
C           -3.09592994124192       -7.94424030470739        2.41772633484899
H           -1.56185666022198       -6.60064077223843        3.18382046997922
C           -3.37756937411311       -7.96172193041433        0.01266198700308
H           -2.04215013194681       -6.63749507138206       -1.09915694005061
C           -3.75036634402684       -8.43074631661397        1.27861287068564
H           -3.39079876219694       -8.30058474136239        3.41111114068804
H           -3.89127551514039       -8.33167947133913       -0.88143684502004
H           -4.55284167077066       -9.17352604545067        1.37878669927885
C            2.63210964210993        5.14608530940030       -1.39290210346487
C            2.94229613795851        6.20508046482300       -0.52458630730461
C            3.64652403035541        4.51810447074998       -2.13287803799297
C            4.26866711660479        6.64320104459189       -0.42089539324169
H            2.15112337158382        6.67660079705758        0.06722275890683
C            4.96835429002739        4.95825545704551       -2.01293309400329
H            3.39161786148869        3.68053395212687       -2.78995514508610
C            5.28501042688820        6.02721475185399       -1.16295999751953
H            4.51001190056957        7.47376829470039        0.25461205752424
H            5.74398136596759        4.44752669175306       -2.59475831779158
H            6.32107925223637        6.37899964962878       -1.07360485977337
C           -4.59779814428804        5.03907085284199       -1.18440209399474
C           -4.96817665478958        5.25333984506801       -2.52019111287096
C           -5.54869821813556        5.13509246119914       -0.15820592174543
C           -6.29513045142382        5.58465733878023       -2.82044879476584
H           -4.21878530790994        5.15272894838266       -3.31250401767200
C           -6.87399287233246        5.45964801951291       -0.47338164395472
H           -5.23265884418005        4.94448870971928        0.87237063820872
C           -7.25099633819146        5.69163272406546       -1.80201480239119
H           -6.58741551701402        5.75242849925647       -3.86293382100256
H           -7.61826026184258        5.53343171981746        0.32708778677405
H           -8.29013841916287        5.95029373758053       -2.04511436576502
N            1.41100587695683        0.46806441175512        0.21686405666823
C            2.58412386881695        1.01732825984065        0.51887043250765
C            3.60334137191303        1.38118730605723       -0.42048793813706
C            4.72686970913337        2.10677805750133       -0.05817360803904
C            4.92033621245789        2.58335520601123        1.23579047027244
C            4.01139131726517        2.18592306121327        2.18782745268860
C            2.96169940068159        1.35221369891770        1.86469808693319
C            2.02399870352986        1.09485551119016        2.96631238608989
C            1.13673286171054        2.38178665080425        2.90814315576774
C            1.36927751203028        3.82834804917708        3.23033496263160
C            1.60296565234957        4.79026900653353        2.22270259175689
C            1.55719675906125        6.06739333733935        2.68532131936052
S            1.13302574879373        6.13459363776107        4.34556351655085
C            1.01094436185567        4.41782457195631        4.41503694145648
H            3.50755315513835        1.08690021319323       -1.45365069897853
H            5.47491472206455        2.33734236138302       -0.80290574541526
H            5.73865201238362        3.22884557210747        1.53038844316082
H            4.09497962509502        2.53926300117456        3.20683389815467
H            1.37204258909802        0.27611366901359        2.68233951095833
H            2.51502811795175        0.82059246063164        3.89392215700032
H            0.83323096943964        2.31905628479436        1.88660404605257
H            0.29450922632181        2.20700726399530        3.53623722590295
H            1.72431684615419        4.49468150623004        1.19418192500355
H            1.73810440084117        6.99063917801403        2.16954077095396
H            0.62157551098215        4.00436421322111        5.31891620845331
239
 energy: -392.894406975059 gnorm: 0.033470012129 xtb: 6.7.1 (edcfbbe)
N            0.14666792641418       -1.78377297718896       -0.93715799129827
N           -0.08893104958246       -1.10997218129678        1.82124431962119
C           -0.44904778561207       -1.01760060913202       -3.22300547654218
C           -0.01029372122851       -1.97832884928142       -2.28449057327540
C            0.40049298462082       -3.32539228632386       -2.63689891079997
H            0.36870848367685       -3.73927591129015       -3.64581478743974
C            0.83074054041713       -3.91930852365937       -1.48479861703448
H            1.22555436436928       -4.92695208380745       -1.34831263044133
C            0.63613282685771       -2.95786770464447       -0.41552579550963
C            0.82613119187900       -3.24774954272536        0.94909423320785
C            0.41827000335109       -2.37539969990969        1.97870878085635
C            0.35212853135314       -2.75282683223548        3.37658226030790
H            0.69023638016073       -3.71057990266732        3.77495182101964
C           -0.24266852133060       -1.71766613573433        4.04228885372297
H           -0.48531616218161       -1.63850134798374        5.10244689504995
C           -0.50382407400103       -0.68449091221137        3.05970499795387
C            1.37560169458043       -4.59589386426677        1.33468091321358
C            2.71910475636550       -4.74042791042424        1.75508244740417
C            3.24092959956603       -5.99474139479773        2.12027525713638
C            2.41523017497668       -7.12099902892230        2.05685890197375
H            2.82146870930684       -8.10368505601788        2.33040249524946
C            1.08312063027962       -7.01828262415274        1.64793724893256
C            0.56543413268238       -5.75646096913937        1.29893664920793
N           -0.85160213181337        1.56782306729083        1.09118861119017
N           -0.56864293602989        0.90094468955022       -1.64643979066234
C           -1.06965293324365        0.57262253012430        3.36439408533686
C           -1.17309135714619        1.62527368021218        2.42109360436812
C           -1.54760370147054        2.98460880524327        2.77599025749868
H           -1.85314009680230        3.29925572282256        3.77404660521754
C           -1.40490659361513        3.73742822230271        1.64642854308181
H           -1.59097084295817        4.80280428082383        1.51651017646351
C           -1.00943971991402        2.83630216787608        0.58289827534331
C           -0.89409627109492        3.20243042516867       -0.76901097177534
C           -0.77085556351259        2.25068444334393       -1.79988181230489
C           -0.98176515804847        2.55551517358603       -3.20048453530069
H           -1.16407797387115        3.55554528466027       -3.59569937890825
C           -0.95833911295894        1.36704058745611       -3.87391130176902
H           -1.11348924732002        1.18431083616427       -4.93810664438381
C           -0.66648021930304        0.33715839178124       -2.89534556191917
C           -0.97679230297338        4.65372354093825       -1.15651370476407
C            0.20314808071921        5.35073388319698       -1.51380798799205
C            0.15864034640121        6.69220770417179       -1.93439126108224
C           -1.07277183789267        7.35350878663942       -1.97104444469828
H           -1.11177093508709        8.40334711939294       -2.29010753477576
C           -2.25595923638802        6.70108306074250       -1.61221710576434
C           -2.20694175396391        5.34950026858319       -1.22211567818521
Fe          -0.22245492897223       -0.06875123926829        0.08819973042821
Cl          -2.46707638120147       -0.71509812802836        0.07053997476806
C           -1.64330082831552        0.78442610769898        4.74199981151565
C           -0.87391007080880        1.32817371618855        5.80686558307528
C           -2.99930489113902        0.42217814356289        4.97545033856802
C           -1.45044127353942        1.51509033001989        7.07878990652262
N            0.47008264674069        1.67633965298895        5.53980494067977
C           -3.57023755883221        0.63251921098782        6.24896238282597
N           -3.72745301223474       -0.17098400595252        3.91685284113485
H           -0.83642534766278        1.92255278726068        7.88701226982579
C           -2.79002950132351        1.17000270375084        7.27611639232001
C            1.44931361519290        2.09829754532894        6.40905487446740
H            0.74064381409575        1.57555380907910        4.56217383784239
H           -4.61943016536223        0.36940091589874        6.40498656769476
C           -5.05576327391352       -0.54959935800467        3.90190302357013
H           -3.20030674691430       -0.34404425169174        3.05559226177155
H           -3.24000655958546        1.32262263845122        8.26546422718606
O            1.30798281660396        2.21143156782193        7.62118642240799
C            2.77199890784096        2.42939919091998        5.74718126453161
O           -5.85243873506989       -0.31729886765300        4.80595523079512
C           -5.47000251550094       -1.30432839690117        2.66153853258526
C            4.03345564823062        2.04955841616430        6.47723697462501
H            2.81948258467978        2.43505046254014        4.65671539314923
C            3.60909282595585        3.49929321824253        6.45707189533740
C           -6.82661529749647       -1.01050422225640        2.07084874332175
H           -4.68862093251093       -1.61445304853272        1.95813302996671
C           -6.63892206706250       -2.27612104626988        2.87344132709410
H            3.92056255735624        1.52775664651652        7.43010725031765
H            4.89552225110614        1.77312169473336        5.86621752303182
H            3.17734012939726        3.89842150334438        7.37750451704145
C            4.37916506277970        4.46766274423837        5.61753945798993
H           -7.41803485391659       -0.22715566879310        2.55325222737750
H           -6.91713489099770       -1.09969814456304        0.98478758417971
H           -7.05523563718922       -2.28173445813150        3.88563445647424
C           -6.61515240639842       -3.59653956152182        2.17969236419857
O            4.47333956669196        5.66318073610263        6.22246509096424
O            4.87614183710128        4.20779637341085        4.53786182083455
O           -7.21975624995739       -4.54316878071556        2.93127936929231
O           -6.13363952784944       -3.81144950819880        1.08562034056287
C            5.20929964726356        6.73125065925644        5.55536550336389
C           -7.30646582394604       -5.89330648638112        2.39476525334741
C            4.22368324091214        7.60496427642498        4.76905228098202
C            5.97027685041883        7.49093193262057        6.64095792473846
H            5.90916048467742        6.24560837159334        4.85188738946344
C           -7.29424410355412       -6.84293103373490        3.59376669999561
C           -8.56430249618410       -6.01362287788495        1.52709959453638
H           -6.41043001455733       -6.04978031709720        1.76457120664935
H            3.71176730828307        7.00724135445045        3.99720358135913
H            3.47120839172699        8.03615032323056        5.44323844203862
H            4.76095419880928        8.42682194490618        4.27652762248964
H            6.65000251381976        6.82075160980898        7.18265054641927
H            6.56924920856695        8.29778151474009        6.19772800234598
H            5.27877993309950        7.93470096027836        7.36849423824484
H           -6.37900691276662       -6.70481321325472        4.18391678165784
H           -8.16251815995405       -6.66105626487810        4.24491682961716
H           -7.33958707491647       -7.88678314956882        3.25423015462779
H           -8.51463409583510       -5.31032133648043        0.68465335732403
H           -8.65533004160814       -7.03257618755979        1.12579652733227
H           -9.46727631126863       -5.80007838427386        2.11914696981760
C           -0.68855427361801       -1.48636812558913       -4.63643908118734
C            0.26935487504784       -1.27417232698243       -5.66481841336797
C           -1.88918421628203       -2.18644309106562       -4.93797269539249
C            0.06262853404941       -1.80910201613647       -6.95190660698489
N            1.40904069885338       -0.49308801647899       -5.34646461279282
C           -2.08403242054287       -2.72555792162962       -6.22739503187817
N           -2.87328134725690       -2.27361450958349       -3.92615813264340
H            0.81632565057880       -1.63979484852661       -7.72624101073448
C           -1.10493076586861       -2.53630388875243       -7.20719301089217
C            2.34930600335960        0.05189244666612       -6.19377601130143
H            1.42666193199162       -0.16426313825961       -4.37953148407135
H           -3.00223760045833       -3.28244885588293       -6.43274084294645
C           -4.10058590652439       -2.90489572361481       -3.97037130826028
H           -2.66096667807179       -1.76080486528252       -3.06608915281262
H           -1.26171043099861       -2.95978015343785       -8.20776966104057
O            2.45543776347042       -0.20477925055257       -7.38720004371950
C            3.24708253546294        1.06993754460466       -5.52365338333598
O           -4.47789432482572       -3.62491946370812       -4.88930875814756
C           -4.97733806833113       -2.61634561139714       -2.77657558084405
C            3.55737085151983        2.32032728300257       -6.30941972622079
H            3.18633650584638        1.17897060103120       -4.43521768363256
C            4.63485527368743        1.27637700125141       -6.13075869398438
C           -5.87357142270379       -3.71338939700419       -2.26197399297780
H           -4.61936724785645       -1.89314702680370       -2.03439071118330
C           -6.48406657022725       -2.59950585495159       -3.07763786167336
H            3.12032323560168        2.39729770038350       -7.30850684845878
H            3.66260976663536        3.25132637151095       -5.74752458749020
H            4.87937041405363        0.65674037869429       -6.99758098013088
C            5.75951946793026        1.58842880648666       -5.19407965867626
H           -5.80488392240284       -4.68177128232462       -2.76442435075395
H           -6.05420916059507       -3.72526007132295       -1.18385795201302
H           -6.75192257305918       -2.83514771079796       -4.11218146510204
C           -7.33026803548341       -1.56386137699524       -2.41467776770781
O            6.92886906782431        1.13485718591784       -5.67532283684298
O            5.63635684316852        2.19106017856637       -4.14396936665219
O           -8.32855615582837       -1.16365553544399       -3.23146879882082
O           -7.16679503753112       -1.13395120953751       -1.29062410177272
C            8.14195984573874        1.37516311153411       -4.90238573320764
C           -9.25675282087093       -0.15693762322183       -2.73629509420779
C            9.05511808820136        0.16930802217922       -5.12970831696277
C            8.75660963039388        2.70770333208426       -5.34031103039585
H            7.83858408991308        1.44056251936083       -3.84005006290985
C           -8.69504243475605        1.24170860850268       -3.02126191017284
C          -10.59993409095949       -0.42970315365926       -3.41243224208210
H           -9.33298790479354       -0.30016904495470       -1.64312977839572
H            8.55181356463451       -0.75503549561965       -4.81699277670906
H            9.32654004300508        0.08064574065518       -6.19272119041771
H            9.98284860977490        0.28205062634932       -4.55250145231094
H            8.05737686576110        3.53284554359891       -5.15384525679516
H            9.68048104723392        2.90539016174953       -4.77962832780339
H            9.00815803202512        2.68663485179418       -6.41192437081572
H           -7.73255156142754        1.38065250132647       -2.50270454145186
H           -8.54402810335158        1.38375208635254       -4.10030188636981
H           -9.39597487939490        2.00998344819442       -2.66635550659849
H          -10.94928968704111       -1.44754697954883       -3.18880918462824
H          -11.35987902828194        0.27933006050603       -3.05758261588846
H          -10.51843455976320       -0.32661917459237       -4.50244759037469
H            4.28409697407140       -6.08284209494290        2.44579263554810
H            0.44412842047017       -7.90733394753419        1.59463880290779
H            1.07826804286508        7.20593708533567       -2.23722210636461
H           -3.21617489558407        7.22984747477051       -1.63709295312760
O            3.46302742671136       -3.58194704518711        1.78675372001539
O           -0.72454243044706       -5.56826426592347        0.86112485885847
O            1.35715101172601        4.59861322275516       -1.49179233233448
O           -3.31732865191909        4.63850053504352       -0.83058163129396
C            4.79978666748166       -3.61904468095315        2.18318546962928
C            5.80278299951210       -3.89464850527642        1.24350441535147
C            5.12831168805426       -3.30086643236001        3.50771542890134
C            7.14556854491097       -3.85822038014151        1.64121496478720
H            5.52124414754500       -4.12965396393588        0.21188503875299
C            6.47484204017893       -3.26603420022545        3.89340061929719
H            4.32225233298054       -3.08023434054580        4.21503578529604
C            7.48511972512188       -3.54613834132053        2.96410685137182
H            7.93333267750389       -4.07247299503300        0.90988670736019
H            6.73748714446018       -3.01733953916327        4.92778419248050
H            8.53942467972155       -3.51914062818606        3.27037164634589
C           -1.69522625138455       -6.55107580702059        1.02593036435816
C           -2.07320613782572       -7.00084474555916        2.29939950121126
C           -2.34870472067952       -7.02403733107282       -0.12027901647557
C           -3.09834433392372       -7.94725667190125        2.41713237755277
H           -1.56524911063150       -6.60346849423903        3.18461323577746
C           -3.37840106972355       -7.96397252532618        0.01202164633543
H           -2.04275519604692       -6.63894942808830       -1.09837581203715
C           -3.75186325657689       -8.43357172747127        1.27750345843719
H           -3.39372410177127       -8.30411105508864        3.41005320381357
H           -3.89138499396746       -8.33382210019555       -0.88241099497325
H           -4.55409343287588       -9.17665656940079        1.37689510669118
C            2.62787914658648        5.14629676380500       -1.38534868772361
C            2.93723613800459        6.20515415458183       -0.51663079056114
C            3.64298053815057        4.51891219880521       -2.12471336700280
C            4.26338012735153        6.64358128759945       -0.41161964078779
H            2.14561438082820        6.67616608054173        0.07465792591147
C            4.96453126624334        4.95952833888640       -2.00373581843690
H            3.38877123461787        3.68153690100788       -2.78215396051900
C            5.28038395562865        6.02813619297540       -1.15310138163549
H            4.50401029685682        7.47393949454184        0.26426379888773
H            5.74066760708401        4.44934134221409       -2.58522873915517
H            6.31616097102677        6.38035681772813       -1.06308258928650
C           -4.60215034035306        5.03686000710787       -1.18148880229282
C           -4.97173618665658        5.25148629025514       -2.51731360519771
C           -5.55375048477171        5.13221032309420       -0.15592943486430
C           -6.29856612836439        5.58249706651611       -2.81832062116130
H           -4.22183330593616        5.15142370360611       -3.30909301564044
C           -6.87889289230545        5.45647089877222       -0.47182435391611
H           -5.23833530305924        4.94137616669563        0.87469935510356
C           -7.25510682963308        5.68880959327999       -1.80055761353629
H           -6.59027045058236        5.75060087468663       -3.86078085082054
H           -7.62369788846920        5.52977586928828        0.32804065852203
H           -8.29412283839954        5.94725957850131       -2.04422734970604
N            1.40707649968347        0.45765637984911        0.21939833702995
C            2.58254623763752        1.00685225227860        0.50207315504656
C            3.57460267175433        1.35993232951726       -0.46926741173310
C            4.70822226742429        2.08406443454126       -0.14126416404194
C            4.94302076479787        2.55182054389670        1.14914066959857
C            4.06854657925843        2.15327595898958        2.13187933226475
C            2.98983181983783        1.34341444422287        1.83517611266413
C            2.05886026328117        1.12130298030337        2.95457648019315
C            1.20260734751043        2.42430400974869        2.90212218880747
C            1.45822729359043        3.86628315204331        3.23009002245046
C            1.68864691607126        4.82561134961453        2.22162437662889
C            1.58559969589352        6.10150012909697        2.67255173759908
S            1.12028562169226        6.16742924597763        4.31672990306080
C            1.06727153415798        4.45568392958765        4.40322962513636
H            3.44735108409430        1.06995345371693       -1.50009036941901
H            5.42940083116487        2.31949823041812       -0.91052635835192
H            5.77061242618178        3.20186360803892        1.40200018764669
H            4.18823877025104        2.49788563524717        3.15152627973397
H            1.38455169597406        0.31184183396569        2.69895308206346
H            2.56640438024485        0.84753355405488        3.87289760561499
H            0.88014607767630        2.38015417259590        1.87854436473267
H            0.30870228210173        2.26999083562575        3.47506831838176
H            1.86392340083442        4.53284423879318        1.19972314938550
H            1.73094033074500        7.02287825800839        2.14412032688537
H            0.69925177603696        4.02780977569511        5.30958039955585
239
 energy: -392.905850592050 gnorm: 0.027748780392 xtb: 6.7.1 (edcfbbe)
N            0.14502791728674       -1.78486235767228       -0.93310477600630
N           -0.09261542452696       -1.11159962227984        1.82541531828121
C           -0.44945137249474       -1.01762452338041       -3.21897678338609
C           -0.01111005486669       -1.97851411903601       -2.28081859815798
C            0.40039511787438       -3.32530267327244       -2.63325917542058
H            0.36942520939314       -3.73885980514372       -3.64227957265636
C            0.83008258440762       -3.91949177346527       -1.48105220121539
H            1.22510083352788       -4.92700544077520       -1.34473407787473
C            0.63433506141741       -2.95825752245856       -0.41195181705816
C            0.82361843347572       -3.24866530617497        0.95343240310330
C            0.41488514437106       -2.37690048706557        1.98221209563737
C            0.34781060136720       -2.75471256195349        3.38077842364080
H            0.68610216289931       -3.71260330827826        3.77861968179182
C           -0.24741739258084       -1.72057222843067        4.04619659173407
H           -0.49094922283071       -1.64129296710766        5.10609787478936
C           -0.50822312282970       -0.68639158351259        3.06350217005251
C            1.37331514059311       -4.59690251898557        1.33853373497097
C            2.71660084500006       -4.74110035539067        1.75975527142123
C            3.23854129607779       -5.99540838499636        2.12483284892546
C            2.41328409497467       -7.12187979619768        2.06051933154889
H            2.81964484385196       -8.10451622356639        2.33398931146056
C            1.08142122832135       -7.01942889954056        1.65077769590341
C            0.56357277459278       -5.75766363838296        1.30188824985513
N           -0.85490294831091        1.56594438618102        1.09627619617946
N           -0.57097588956583        0.90074147327043       -1.64207422137267
C           -1.07409252223692        0.56899259484912        3.36781633380334
C           -1.17548314789087        1.62317180503199        2.42846817304746
C           -1.55336484577300        2.98250462325051        2.78049895174211
H           -1.85937420115477        3.29626989870676        3.77875593029400
C           -1.40980922966723        3.73535586225143        1.65159543950403
H           -1.59643972036549        4.80075173841889        1.52170560304372
C           -1.01275976748524        2.83441381889738        0.58809692168197
C           -0.89761171715421        3.20152709870367       -0.76357801587149
C           -0.77327770592085        2.24986633298468       -1.79523279476877
C           -0.98338714165135        2.55543503484649       -3.19561044378273
H           -1.16573944685604        3.55541342643158       -3.59071913684360
C           -0.95911084468636        1.36708407577229       -3.86950162511650
H           -1.11352673266769        1.18478512351559       -4.93383871845495
C           -0.66765143148145        0.33707165884301       -2.89116674329572
C           -0.98039745737796        4.65289046421975       -1.15098831856679
C            0.19952939791491        5.35039428625468       -1.50726056034272
C            0.15485966378449        6.69197343098129       -1.92742463407499
C           -1.07671988245576        7.35291389463169       -1.96465476675117
H           -1.11583510490641        8.40283840757349       -2.28335671888576
C           -2.25989238188350        6.69997224686991       -1.60685648795180
C           -2.21069778428946        5.34826925145407       -1.21719723182931
Fe          -0.22870457686070       -0.07025583146018        0.09279721500637
Cl          -2.46965775030267       -0.71680955508713        0.07326173946618
C           -1.64931768315843        0.78140350965845        4.74590385427621
C           -0.88109336882796        1.32516088960975        5.81110805701786
C           -3.00544972118445        0.41857154538447        4.97822387251441
C           -1.45825771121863        1.51124162021900        7.08283958512024
N            0.46370415500369        1.67507585719388        5.54321822128529
C           -3.57733999381928        0.62828439205398        6.25141181549947
N           -3.73294953826915       -0.17448147926862        3.91887841974784
H           -0.84509737589121        1.91862073337136        7.89166818542890
C           -2.79795199238787        1.16557935631279        7.27926033642978
C            1.44157042426689        2.09582911535812        6.41494790973684
H            0.73353083688149        1.57641025043013        4.56491667948553
H           -4.62649017661045        0.36476367325632        6.40671138278275
C           -5.06088004064573       -0.55345092573978        3.90307804514255
H           -3.20508122235892       -0.34704763412734        3.05799489589504
H           -3.24858087365464        1.31773673008239        8.26836914843125
O            1.29931219228426        2.20822317431584        7.62713467999924
C            2.76481668489967        2.42723059234026        5.75446427750743
O           -5.85833466387626       -0.32180468636740        4.80659173460178
C           -5.47423393275270       -1.30797360438604        2.66206368330360
C            4.02571364659345        2.04764789923866        6.48517886966983
H            2.81295248570202        2.43358806606086        4.66420206512072
C            3.60095432190151        3.49708548616851        6.46526122501005
C           -6.83050184949189       -1.01434389870628        2.07065838209237
H           -4.69228419183370       -1.61750169764617        1.95913923089645
C           -6.64292159035482       -2.28007445952628        2.87291464761862
H            3.91243998501738        1.52544856799178        7.43770737922071
H            4.88819189863209        1.77167606831479        5.87469656213415
H            3.16855282296422        3.89591317509056        7.38544996817228
C            4.37126117681840        4.46636190482380        5.62642068990192
H           -7.42249897488299       -0.23138096198195        2.55286701417050
H           -6.92030740341270       -1.10313667999929        0.98455938505354
H           -7.05992003415011       -2.28630720737819        3.88475947982280
C           -6.61833676384617       -3.60042414485877        2.17881162552120
O            4.46485578365813        5.66134065851496        6.23175800714427
O            4.86898627923540        4.20654820749846        4.54699827314190
O           -7.22311432918973       -4.54741729192654        2.92939006513451
O           -6.13602079506247       -3.81465009191855        1.08492466672833
C            5.20078230340960        6.72987332942643        5.56576400207837
C           -7.30903875325125       -5.89730084613182        2.39258071724713
C            4.21525915263127        7.60378908805099        4.77894445962598
C            5.96071024576158        7.48956733400058        6.65203110970163
H            5.90111686170547        6.24492674453366        4.86245479066660
C           -7.29726603618860       -6.84743292123788        3.59125743181452
C           -8.56628694714914       -6.01781745206116        1.52394067198582
H           -6.41256307351755       -6.05333922548936        1.76290114448621
H            3.70421696876238        7.00609231437075        4.00656932972561
H            3.46240726034508        8.03439004608059        5.45280014363904
H            4.75267401181920        8.42582908364330        4.28722587283298
H            6.64023400755603        6.81950494077612        7.19391218755451
H            6.55972105053693        8.29668275513676        6.20956413304438
H            5.26872161715079        7.93281610000199        7.37921742605890
H           -6.38254035690698       -6.70921395540025        4.18191860598628
H           -8.16600131427392       -6.66613487703390        4.24178596520014
H           -7.34212621877620       -7.89109649432246        3.25134828644623
H           -8.51624619254663       -5.31421648775226        0.68193253232488
H           -8.65674429507171       -7.03658495686262        1.12238222097409
H           -9.46965205485958       -5.80483622956565        2.11545318764712
C           -0.68796535477465       -1.48592875497691       -4.63289946744076
C            0.27046701485042       -1.27312878221702       -5.66055417951982
C           -1.88804152906706       -2.18625736755617       -4.93548720765916
C            0.06484363244067       -1.80759246089270       -6.94792952162616
N            1.40989307844112       -0.49155665530363       -5.34119600087262
C           -2.08198203829269       -2.72496972384313       -6.22513883732837
N           -2.87308061481729       -2.27412907000270       -3.92417417794740
H            0.81893191447592       -1.63782673938947       -7.72173355632452
C           -1.10231146360299       -2.53509484416531       -7.20425861103596
C            2.35029591960008        0.05368669612980       -6.18771122867504
H            1.42663084152735       -0.16328735117950       -4.37415016054927
H           -2.99982020963345       -3.28207172049610       -6.43132882412709
C           -4.09977000934351       -2.90573510111335       -3.96964101649161
H           -2.66125708304369       -1.76154361819271       -3.06395009736146
H           -1.25828968343847       -2.95825427559827       -8.20506337680491
O            2.45750057741381       -0.20236536014113       -7.38110471656372
C            3.24754242933325        1.07197329785461       -5.51661154599007
O           -4.47650037367445       -3.62556214715706       -4.88891354816546
C           -4.97768689963110       -2.61787593635628       -2.77612050125718
C            3.55789956624776        2.32263109506357       -6.30175596000654
H            3.18593300366912        1.18054424779192       -4.42825585511538
C            4.63547653334368        1.27901275799955       -6.12279114356297
C           -5.87379976509652       -3.71538117908739       -2.26257155164854
H           -4.62030504107326       -1.89488665796869       -2.03356501825567
C           -6.48404260149378       -2.60147386961432       -3.07823098994773
H            3.12150456693596        2.39989460828252       -7.30105840632176
H            3.66243650242124        3.25344818765242       -5.73954056404055
H            4.88090263431330        0.65982201229471       -6.98957737688910
C            5.75969354535607        1.59096748346327       -5.18523442401898
H           -5.80453388318700       -4.68354907806087       -2.76523129469351
H           -6.05511871409991       -3.72773734869050       -1.18463228864422
H           -6.75128304122546       -2.83675977635797       -4.11294883985675
C           -7.33116215839945       -1.56621779725887       -2.41555543145471
O            6.92931504801658        1.13827654063314       -5.66579013823233
O            5.63546166580124        2.19327232074356       -4.13500939173514
O           -8.32899929990900       -1.16609122694773       -3.23255399503405
O           -7.16843674207250       -1.13675941492142       -1.29117981681985
C            8.14176674620936        1.37849475964573       -4.89214525261573
C           -9.25777069887341       -0.16001199674627       -2.73785004182596
C            9.05555459598587        0.17293161707019       -5.11919387051132
C            8.75638613007382        2.71141208701337       -5.32910159744370
H            7.83776118014859        1.44339647386294       -3.82993718123257
C           -8.69632487534839        1.23914972051278       -3.02195292772494
C          -10.60045013371829       -0.43280779182087       -3.41494853427353
H           -9.33469531265216       -0.30347246476087       -1.64481501349407
H            8.55233027054507       -0.75149212556764       -4.80713974659430
H            9.32774906249647        0.08480868492128       -6.18196127911594
H            9.98281244318884        0.28585643966772       -4.54144829402192
H            8.05681243772746        3.53609754233419       -5.14281385449117
H            9.67978132899150        2.90913189195334       -4.76785065287717
H            9.00869535545576        2.69076341634521       -6.40046805055466
H           -7.73424992325239        1.37808868527154       -2.50274205482467
H           -8.54472168170629        1.38153089737857       -4.10073738750167
H           -9.39774707638205        2.00690387336227       -2.66729328937035
H          -10.94963565194454       -1.45075233867887       -3.19191537737330
H          -11.36082629673454        0.27578167675752       -3.06041623811054
H          -10.51832725655911       -0.32930632752771       -4.50474679905490
H            4.28149890892036       -6.08330973694620        2.45100925011213
H            0.44279467056982       -7.90865550852156        1.59678537578886
H            1.07446166644439        7.20614151262149       -2.22947231022623
H           -3.22021704061613        7.22844874626053       -1.63218781078324
O            3.46007551502312       -3.58243999815202        1.79232582822486
O           -0.72620281385598       -5.56975453130415        0.86324723474691
O            1.35376065273426        4.59860918608760       -1.48481799052153
O           -3.32115092066338        4.63680886877171       -0.82654059468647
C            4.79668309735611       -3.61921783278228        2.18960949519506
C            5.80033412748910       -3.89415170098185        1.25056401605710
C            5.12422066917591       -3.30138712776881        3.51442859550464
C            7.14283937289340       -3.85746618297856        1.64912914672819
H            5.51957156351721       -4.12887311455348        0.21873892150964
C            6.47046180249912       -3.26629817158859        3.90100951052108
H            4.31767214090697       -3.08125485832813        4.22125134350510
C            7.48142442871380       -3.54576483278681        2.97232238841545
H            7.93114541377565       -4.07119767725224        0.91836604228932
H            6.73240090269689       -3.01792321893316        4.93556090186643
H            8.53549020862393       -3.51859018674427        3.27927670785174
C           -1.69669977798632       -6.55291556555194        1.02715306958610
C           -2.07535678411642       -7.00326519443717        2.30008932599865
C           -2.34931073831667       -7.02569081942706       -0.11964822581540
C           -3.10026445955143       -7.95004703539770        2.41683961828736
H           -1.56812198348926       -6.60607211716567        3.18573204217142
C           -3.37872380050889       -7.96598542700141        0.01163429186072
H           -2.04283798748322       -6.64017529146278       -1.09734264345351
C           -3.75286410763682       -8.43615867579038        1.27670208022307
H           -3.39615287457312       -8.30739230501747        3.40932127284456
H           -3.89100685738627       -8.33571734700999       -0.88313751086625
H           -4.55487126813414       -9.17954049583636        1.37528211944686
C            2.62423359354773        5.14669509872166       -1.37754409718382
C            2.93276340365656        6.20542451500354       -0.50841190851628
C            3.64003894526003        4.51988633308780       -2.11631126036904
C            4.25873106384457        6.64411703942440       -0.40205289704995
H            2.14068090628975        6.67596062642988        0.08238691367873
C            4.96132191684651        4.96094524727651       -1.99431337029111
H            3.38652099640624        3.68268942592461       -2.77411434285121
C            5.27633172286433        6.02932279325167       -1.14313109318012
H            4.49864156066428        7.47428992005601        0.27422747464845
H            5.73798533554143        4.45127092341595       -2.57544871964306
H            6.31188817888165        6.38183670701440       -1.05228284878142
C           -4.60586817841857        5.03485909791592       -1.17824715322846
C           -4.97466662378793        5.24985775295590       -2.51408315067587
C           -5.55818866348216        5.12954613111237       -0.15326488415613
C           -6.30140683566896        5.58056298975014       -2.81584819961216
H           -4.22426587671176        5.15032981549861       -3.30537790418636
C           -6.88316387095959        5.45351512002970       -0.46986205718978
H           -5.24337571954591        4.93846803058417        0.87742548929497
C           -7.25860097653885        5.68621116581881       -1.79876483666121
H           -6.59251171013410        5.74898997393436       -3.85831495005257
H           -7.62852000806376        5.52632998657194        0.32939503050452
H           -8.29751112822562        5.94444443524438       -2.04297077378536
N            1.39942355509656        0.44698841560587        0.21664361137491
C            2.57405015564932        0.99190953348135        0.47856718071925
C            3.54176517110510        1.33610147307500       -0.52219962474631
C            4.68276515992609        2.05624478473567       -0.22918876160958
C            4.96326288626241        2.51425676653103        1.05782853835146
C            4.11782484166424        2.12025046248435        2.06881820556196
C            3.00999109752980        1.33784102717366        1.80213493475445
C            2.08353131424278        1.15207088857650        2.93670789359241
C            1.26004385485525        2.46654157405936        2.89235241086100
C            1.53685223015223        3.89846827285274        3.22921236626619
C            1.77554034385232        4.85683374594727        2.22016919956441
C            1.60737332720754        6.13581583560759        2.65991988903101
S            1.09623363792498        6.20418544524907        4.29405703084038
C            1.12081186392254        4.49099968239790        4.39075678560372
H            3.37438380718882        1.04513993221544       -1.54776497608476
H            5.37625869402732        2.29684993419914       -1.02164367768522
H            5.80173281763560        3.15894860156969        1.27619198273874
H            4.27933825644179        2.45636358059506        3.08648085463019
H            1.39019734637953        0.34901400619373        2.70629691481926
H            2.61002000565831        0.88178245873911        3.84648061431449
H            0.92744079683238        2.44516096676336        1.86155367121227
H            0.32767319176145        2.32784752280103        3.41902812616962
H            2.00131645881763        4.56949116300446        1.20751931248318
H            1.72307169113274        7.05602091484639        2.12371439005797
H            0.76995588930831        4.04948436088841        5.29994005211494
239
 energy: -392.914449760125 gnorm: 0.039304829962 xtb: 6.7.1 (edcfbbe)
N            0.14352299264409       -1.78565044382977       -0.92852140466206
N           -0.09605768276075       -1.11291117035820        1.83011030188682
C           -0.44952089114028       -1.01761832360175       -3.21460161590070
C           -0.01161291774554       -1.97851270615142       -2.27663539012989
C            0.40074602471798       -3.32514371798994       -2.62912937249534
H            0.37059499794213       -3.73832456392331       -3.63838322953741
C            0.82983247415143       -3.91957996002098       -1.47680754639278
H            1.22512881335863       -4.92700136198490       -1.34053650465655
C            0.63284011784033       -2.95849631383172       -0.40768606234796
C            0.82138802000248       -3.24954818561731        0.95813488242090
C            0.41163635785523       -2.37820873154942        1.98636349181750
C            0.34364424586983       -2.75656749059533        3.38533144276828
H            0.68209860957084       -3.71461561407392        3.78280402135469
C           -0.25225681517201       -1.72311368337769        4.05049363717888
H           -0.49674345588465       -1.64396295043499        5.11030805706181
C           -0.51228135271642       -0.68820385157934        3.06796165859938
C            1.37126776226897       -4.59764833309993        1.34289282474479
C            2.71436531442037       -4.74151261039710        1.76506786232354
C            3.23653962571403       -5.99577407389730        2.13009464750395
C            2.41168035617280       -7.12254647912503        2.06479737267960
H            2.81822285837873       -8.10517007898523        2.33823424420402
C            1.08001786330086       -7.02047946627781        1.65412676780086
C            0.56196847241469       -5.75873097803638        1.30531058042912
N           -0.85786329171184        1.56456098450706        1.10259122395306
N           -0.57314136409676        0.90042265354749       -1.63713037001883
C           -1.07758026693521        0.56729086790103        3.37180576777183
C           -1.18147177905774        1.62028998690705        2.43404899048437
C           -1.55851630227768        2.97963063102408        2.78591096098423
H           -1.86603991058648        3.29342734310402        3.78388832949572
C           -1.41521870273313        3.73349567689143        1.65693445141061
H           -1.60211065335529        4.79894740454113        1.52720535284066
C           -1.01656661169031        2.83261218131974        0.59358013407510
C           -0.90107461165950        3.20072336532489       -0.75798708169880
C           -0.77559294205615        2.24924094112928       -1.79004460102730
C           -0.98482983595610        2.55543729889495       -3.19036014147827
H           -1.16729467117062        3.55546099903057       -3.58533665267765
C           -0.95962708744310        1.36718248782707       -3.86471760512191
H           -1.11325858565174        1.18524310253561       -4.92927743686843
C           -0.66857510378772        0.33704147149067       -2.88651665509860
C           -0.98404793028930        4.65202143815365       -1.14504014047281
C            0.19590563711628        5.35013805515009       -1.50022034634684
C            0.15106473866446        6.69186260321448       -1.92002234997556
C           -1.08081206983902        7.35238066801360       -1.95785777216775
H           -1.12008299235398        8.40245326610395       -2.27621640597008
C           -2.26404968915500        6.69888783744951       -1.60110964016644
C           -2.21460021288089        5.34702546564064       -1.21186361664650
Fe          -0.23418170142803       -0.07181183401425        0.09733726198187
Cl          -2.47216985847357       -0.71849522603997        0.07636384900504
C           -1.65550517827535        0.77826882504820        4.75022070031998
C           -0.88866774480944        1.32216802658630        5.81574234955697
C           -3.01179615909563        0.41488255086212        4.98127047289962
C           -1.46632144253315        1.50744837972652        7.08738328951337
N            0.45685294943095        1.67414106040794        5.54744800284636
C           -3.58475335491816        0.62394490626544        6.25416669248513
N           -3.73840381854194       -0.17809841642661        3.92118395242924
H           -0.85400183200901        1.91478260542478        7.89680076157239
C           -2.80617539606744        1.16112995024636        7.28272963534943
C            1.43329787128742        2.09373882713139        6.42131774927745
H            0.72690832246361        1.57597985740966        4.56876749797026
H           -4.63395952548458        0.35998501229441        6.40859213936530
C           -5.06612647597885       -0.55746952076039        3.90438883392310
H           -3.20983093106681       -0.35014372852531        3.06061773290467
H           -3.25760808800586        1.31281999217937        8.27162896615778
O            1.29028310577714        2.20517835721127        7.63373648067493
C            2.75733468691526        2.42520758736797        5.76235688830546
O           -5.86440482535284       -0.32644254003193        4.80746538182636
C           -5.47841634764150       -1.31175954990367        2.66276863825334
C            4.01767940661136        2.04598288122951        6.49379339511986
H            2.80622869969860        2.43220171234960        4.67209399984384
C            3.59252905271921        3.49518665798288        6.47403343439446
C           -6.83433720782100       -1.01840259751230        2.07053300417182
H           -4.69577616700275       -1.62077900271644        1.96025849511536
C           -6.64685383569874       -2.28431752898979        2.87249619637634
H            3.90383662425713        1.52336389402670        7.44612988691804
H            4.88071960038094        1.77056576303051        5.88376300156174
H            3.15915644692494        3.89363736891222        7.39413171108705
C            4.36304806591616        4.46518947296411        5.63593982804082
H           -7.42698461941133       -0.23574383431770        2.55266143685772
H           -6.92335344604314       -1.10686652441685        0.98423586816230
H           -7.06455801428300       -2.29104586948636        3.88412058545325
C           -6.62129473137920       -3.60444348910605        2.17795554806256
O            4.45572660306188        5.65991072307113        6.24191182984159
O            4.86173500397265        4.20557530716474        4.55665800198389
O           -7.22627345870442       -4.55193067822441        2.92783495263390
O           -6.13810129991286       -3.81813334060366        1.08420695777170
C            5.19170885460489        6.72898775280305        5.57684307869173
C           -7.31132585084255       -5.90161906993552        2.39045262765556
C            4.20639870277970        7.60280017194568        4.78962525065609
C            5.95050786379384        7.48854956957327        6.66388244987954
H            5.89268766110528        6.24457231235376        4.87375728579697
C           -7.30004204310649       -6.85212826566177        3.58874393217126
C           -8.56786209028152       -6.02230197401910        1.52088432456966
H           -6.41429914210250       -6.05714661244846        1.76128516450357
H            3.69610002094822        7.00524728017194        4.01651502019863
H            3.45280098493509        8.03298343609204        5.46311397886723
H            4.74383558006437        8.42530624619260        4.29848226354891
H            6.62996467631283        6.81849608207348        7.20609097825797
H            6.54958828377232        8.29613565862338        6.22207816224055
H            5.25777008535979        7.93136525145929        7.39082142986302
H           -6.38569952157394       -6.71382928203333        4.18020635538352
H           -8.16934645072444       -6.67137606564495        4.23882263283097
H           -7.34424828675296       -7.89581791268110        3.24843491593039
H           -8.51754732441469       -5.31835870213698        0.67905299480988
H           -8.65768793239448       -7.04104766839053        1.11882510590156
H           -9.47182626408830       -5.80981700122968        2.11185043277200
C           -0.68691495361109       -1.48538378446423       -4.62884232115409
C            0.27214946999065       -1.27192797448147       -5.65579457812017
C           -1.88651885967591       -2.18606928224404       -4.93256034004404
C            0.06770689981896       -1.80597689571897       -6.94353072503219
N            1.41113776092909       -0.49000392695944       -5.33529854570819
C           -2.07941672882420       -2.72444431042700       -6.22254299577951
N           -2.87228806187592       -2.27464196873627       -3.92189287773084
H            0.82229731275509       -1.63565167773711       -7.71673244432454
C           -1.09906357624364       -2.53383509598502       -7.20089049984074
C            2.35185861009726        0.05577988194185       -6.18103420911788
H            1.42700419038866       -0.16208169504782       -4.36813372495435
H           -2.99692784954008       -3.28181394638141       -6.42953796755205
C           -4.09860724495409       -2.90670770723928       -3.96856275607327
H           -2.66120994678692       -1.76224979020251       -3.06136009988392
H           -1.25418389733632       -2.95672354293520       -8.20200343277996
O            2.46003334970617       -0.19974430865146       -7.37449321609178
C            3.24833235458101        1.07426480633457       -5.50891922750845
O           -4.47452285299016       -3.62639481072097       -4.88835604443767
C           -4.97759671707995       -2.61956250774883       -2.77545272452064
C            3.55875633984166        2.32526910032824       -6.29340780082776
H            3.18589152606309        1.18243985445773       -4.42049322192532
C            4.63654848807407        1.28200016321874       -6.11404535279577
C           -5.87360821912272       -3.71757525292458       -2.26295122700321
H           -4.62093925833687       -1.89664881358871       -2.03237519047102
C           -6.48365845406125       -2.60363299654907       -3.07867210427881
H            3.12296384949064        2.40271650210301       -7.29307499157341
H            3.66255113780934        3.25602952989209       -5.73075212773674
H            4.88283973371922        0.66312094056667       -6.98092095401564
C            5.76008199322157        1.59396303806515       -5.17558860526982
H           -5.80359098969746       -4.68562329397029       -2.76596125904495
H           -6.05570098837311       -3.73036228185805       -1.18503607171241
H           -6.75009033748553       -2.83865088479273       -4.11373281590564
C           -7.33166254937450       -1.56888310687926       -2.41621843467837
O            6.93015058613289        1.14192979793931       -5.65550696120919
O            5.63484007314448        2.19599006670938       -4.12509623700297
O           -8.32908557614176       -1.16882601406148       -3.23384866844846
O           -7.16986642541348       -1.13972723119821       -1.29145981588031
C            8.14198004179168        1.38232896871623       -4.88090306123858
C           -9.25853872114101       -0.16332970288000       -2.73942444422492
C            9.05632347927718        0.17721519474578       -5.10770148506445
C            8.75639276341018        2.71557343132065       -5.31692611091757
H            7.83719688290619        1.44675614719916       -3.81881118757806
C           -8.69740833042691        1.23613454735684       -3.02259949176568
C          -10.60059539181799       -0.43634925409387       -3.41751558518987
H           -9.33618863878989       -0.30714876663687       -1.64639167175037
H            8.55323865805924       -0.74763111909830       -4.79630286819895
H            9.32933781161996        0.08949953768026       -6.17038227244255
H            9.98323361550031        0.29024905294460       -4.52917962761009
H            8.05637229127304        3.54007657528871       -5.13085508520909
H            9.67940905702946        2.91349919881384       -4.75488375685159
H            9.00948712586614        2.69543229543325       -6.38821123535834
H           -7.73571018476011        1.37531843255131       -2.50263431318163
H           -8.54506352956416        1.37900793815840       -4.10134111542833
H           -9.39939019116049        2.00362541105600       -2.66813050392510
H          -10.94962675904651       -1.45459051703438       -3.19507662999254
H          -11.36156718659379        0.27191839077390       -3.06324804768748
H          -10.51776159301625       -0.33241741888103       -4.50735062482797
H            4.27930976019889       -6.08340691586710        2.45699061673541
H            0.44174589168997       -7.90992571011736        1.59939025212447
H            1.07069228362926        7.20650518954104       -2.22123645901020
H           -3.22456590913770        7.22702482717891       -1.62691405251044
O            3.45736695132440       -3.58259372672601        1.79853372579010
O           -0.72754707121386       -5.57113897556164        0.86583079398694
O            1.35036083386966        4.59874924957284       -1.47732176943714
O           -3.32504449449671        4.63502366561250       -0.82223998544309
C            4.79367546071263       -3.61906114618084        2.19675935222294
C            5.79808214168922       -3.89332591976361        1.25827868006273
C            5.12012544619007       -3.30155846707447        3.52198261133714
C            7.14035383844961       -3.85627549369212        1.65782328194886
H            5.51814818625080       -4.12779672556314        0.22611666495285
C            6.46613634318357       -3.26610795732229        3.90953856680040
H            4.31298018743377       -3.08193131838751        4.22835754941902
C            7.47789690930744       -3.54488848267656        2.98142236413939
H            7.92927186850217       -4.06946281535198        0.92751076667446
H            6.72724612583302       -3.01797509750119        4.94441009678528
H            8.53175742706915       -3.51742905701254        3.28914579503618
C           -1.69774856058373       -6.55469043961425        1.02874869913658
C           -2.07712085101402       -7.00561279660373        2.30127701683564
C           -2.34939129136023       -7.02732798198387       -0.11875815348497
C           -3.10182763759379       -7.95284850298846        2.41698553737313
H           -1.57066793830131       -6.60852619470945        3.18748298449952
C           -3.37857678231149       -7.96805664511588        0.01146289924006
H           -2.04236222154496       -6.64134790019784       -1.09614853653793
C           -3.75346560728704       -8.43881472508460        1.27619613846934
H           -3.39828429221392       -8.31063276842046        3.40918160811363
H           -3.89013137184941       -8.33767203607719       -0.88382710497231
H           -4.55529913362566       -9.18253514011070        1.37392222663923
C            2.62043966315039        5.14730625709463       -1.36915065627426
C            2.92796995647250        6.20606578670346       -0.49952845378025
C            3.63705382146689        4.52111205984886       -2.10730843432604
C            4.25384606047837        6.64503911137010       -0.39176673256996
H            2.13533364549880        6.67603757355110        0.09088216531278
C            4.95817829284373        4.96263746415960       -1.98414650242317
H            3.38431311243846        3.68400079583681       -2.76555973657476
C            5.27223541543796        6.03081734470415       -1.13232334817353
H            4.49293718148691        7.47506237272812        0.28507834750061
H            5.73546795800733        4.45340972692715       -2.56492340060570
H            6.30761777217711        6.38368334590492       -1.04059823963035
C           -4.60960523675257        5.03273578020857       -1.17472632469430
C           -4.97752659123702        5.24806428942494       -2.51075535711484
C           -5.56271794717323        5.12672060699818       -0.15029951039390
C           -6.30425399126288        5.57839458745809       -2.81335270125368
H           -4.22652888551300        5.14907746151452       -3.30162701020835
C           -6.88761102480507        5.45031258465078       -0.46770795039548
H           -5.24853872332300        4.93539311363190        0.88059104152754
C           -7.26221662923059        5.68333215892334       -1.79690556468032
H           -6.59466792038164        5.74707160794650       -3.85601812579756
H           -7.63359333366087        5.52256305240220        0.33106882484154
H           -8.30108618985886        5.94126627973424       -2.04171268605575
N            1.38762305691863        0.43525271400128        0.21183959652826
C            2.56267504925508        0.97719554639317        0.44770726418801
C            3.50592823188482        1.30949978870415       -0.58167228819882
C            4.65525913378188        2.02217022253297       -0.32403154145032
C            4.98171947478148        2.46942498472526        0.95770456493054
C            4.15992273845283        2.08890714100467        1.99461658285625
C            3.02352628914561        1.33694518073259        1.76114852652381
C            2.10215338315237        1.18924197897417        2.91100017268603
C            1.30820318878391        2.51330317869239        2.87523042828756
C            1.59604325611769        3.93786629175365        3.22728902968392
C            1.83574585420247        4.90405944329549        2.22014433084133
C            1.65789761317260        6.15987664180438        2.64945820135327
S            1.13669591873260        6.21190465561876        4.27691157554558
C            1.16527749233415        4.52523096588599        4.37979228797074
H            3.29383471338053        1.01291253951948       -1.59829514822478
H            5.32071123159796        2.26662593323458       -1.13857443300318
H            5.83322824999747        3.10374231821472        1.14565306996104
H            4.36455462655101        2.41764200644812        3.00752222166044
H            1.39454548326850        0.39094185568259        2.70577639231482
H            2.64674836554879        0.92289455471535        3.81234932902605
H            0.97738235571086        2.51865236172976        1.83945403559820
H            0.35227078063554        2.38482831904167        3.36411380134128
H            2.11350542919512        4.62329471290637        1.21901218690977
H            1.74831770068651        7.07886109210917        2.10798297627758
H            0.83050275522491        4.07000040899939        5.28952085763930
239
 energy: -392.922145396181 gnorm: 0.035194257958 xtb: 6.7.1 (edcfbbe)
N            0.14269450864652       -1.78624036679373       -0.92407216717380
N           -0.09850223566107       -1.11411399199090        1.83446351342258
C           -0.44913132925176       -1.01739385289272       -3.21032308614555
C           -0.01161990496899       -1.97839960192241       -2.27263376591211
C            0.40136723123097       -3.32483381546739       -2.62519119436351
H            0.37192632849789       -3.73767402858504       -3.63462652588171
C            0.82992936053803       -3.91956214016095       -1.47278811910758
H            1.22540674384032       -4.92691893379981       -1.33664080327917
C            0.63191044728326       -2.95865513001562       -0.40370112034873
C            0.81981672428424       -3.25030775205967        0.96265130702838
C            0.40923451981624       -2.37946239718651        1.99030991541578
C            0.34043842663604       -2.75826475948972        3.38967611831981
H            0.67899819451509       -3.71645100336108        3.78677362537662
C           -0.25599227806027       -1.72546807878448        4.05459262680187
H           -0.50125596444313       -1.64646894798442        5.11433130159758
C           -0.51575653207290       -0.68985413359417        3.07229042374867
C            1.36982365494182       -4.59840104263008        1.34697732244835
C            2.71272275178467       -4.74207050241159        1.76992150520184
C            3.23502288247999       -5.99631146700395        2.13484493242167
C            2.41048896602730       -7.12328593436914        2.06867421643859
H            2.81713324172961       -8.10590195370082        2.34203318907495
C            1.07903395212520       -7.02143927383992        1.65723064839717
C            0.56087171382458       -5.75969336066552        1.30853934174324
N           -0.85968500031495        1.56294525782124        1.10784294206089
N           -0.57445083048546        0.90031236080586       -1.63236892187415
C           -1.08058448597647        0.56509690700087        3.37621926759584
C           -1.18307035550515        1.61876784521658        2.43964968890948
C           -1.56085046020440        2.97748006988870        2.79124859450180
H           -1.87092152453990        3.29090519188337        3.78873796344077
C           -1.41872220411321        3.73175580651556        1.66244752814480
H           -1.60611164827819        4.79729580027059        1.53269690876806
C           -1.01898507581629        2.83112830450671        0.59889544476902
C           -0.90331365390088        3.20012879021418       -0.75231371879804
C           -0.77698375912683        2.24881060558799       -1.78499738423707
C           -0.98545443398496        2.55565455229666       -3.18515821044715
H           -1.16797722824909        3.55570967579831       -3.58001572190173
C           -0.95951803582752        1.36749754349197       -3.85999105120361
H           -1.11249044325186        1.18597363517840       -4.92472955268179
C           -0.66887004086021        0.33724332998797       -2.88204090350456
C           -0.98647635765423        4.65144029512125       -1.13918550357580
C            0.19349804477123        5.35003450891792       -1.49342929948253
C            0.14854660714322        6.69189084295122       -1.91283215882819
C           -1.08351278237770        7.35209732397507       -1.95116636324531
H           -1.12287740315610        8.40228239190937       -2.26918238093490
C           -2.26678683335228        6.69815506973831       -1.59533824813894
C           -2.21718611502739        5.34615844449048       -1.20652672197155
Fe          -0.23876111792287       -0.07322000762402        0.10169836055846
Cl          -2.47393799508924       -0.71979852149815        0.07951816499039
C           -1.66041095358052        0.77553911003137        4.75442942398560
C           -0.89461359854508        1.31942275117486        5.82025010831515
C           -3.01672678570173        0.41164726706395        4.98442159297388
C           -1.47262378538969        1.50398276189734        7.09184304619401
N            0.45149568672341        1.67331781947354        5.55180178222407
C           -3.59049937496561        0.62018982116906        6.25707003438350
N           -3.74255848740898       -0.18109877435682        3.92369826981179
H           -0.86108962445339        1.91119907071709        7.90180419403889
C           -2.81265531813326        1.15718530088922        7.28628077076015
C            1.42686987821816        2.09165866308211        6.42744342566672
H            0.72224259606384        1.57465980307383        4.57322459397973
H           -4.63975302090900        0.35589173608554        6.41076480523728
C           -5.07011978088816       -0.56078070188587        3.90603584433271
H           -3.21338870580426       -0.35269540568434        3.06340989825863
H           -3.26474835885176        1.30842750522675        8.27497194260692
O            1.28320130115212        2.20221924782702        7.63997000029758
C            2.75147673231301        2.42323760873736        5.76970047474312
O           -5.86904355127744       -0.33031256711100        4.80871042812571
C           -5.48151224780677       -1.31480568376762        2.66386913012369
C            4.01139811356950        2.04417510440688        6.50178413621097
H            2.80105318180193        2.43064616949019        4.67946990718763
C            3.58593739549795        3.49318050278416        6.48221746814227
C           -6.83713393758266       -1.02159231231956        2.07095469386973
H           -4.69834797816269       -1.62335207191587        1.96173732904545
C           -6.64979635389194       -2.28770545558121        2.87259889085749
H            3.89707962546185        1.52116161077130        7.45388879908655
H            4.87484495074652        1.76919882313102        5.89218567401957
H            3.15182645094418        3.89127555714586        7.40223085284229
C            4.35669569180069        4.46390618869229        5.64475935405617
H           -7.43028549542976       -0.23924081754068        2.55300073408012
H           -6.92548181309869       -1.10970694066476        0.98455505584473
H           -7.06810796152764       -2.29491101010088        3.88397485727602
C           -6.62347666241058       -3.60762729361734        2.17762999843388
O            4.44865617171137        5.65824328327397        6.25134186346229
O            4.85612276389956        4.20450164738669        4.56563978553293
O           -7.22866293938668       -4.55552762475115        2.92679377115766
O           -6.13956594687708       -3.82079680482622        1.08405484739307
C            5.18474032252787        6.72779619627190        5.58714154292727
C           -7.31302898800583       -5.90501373805829        2.38892524121210
C            4.19971103648666        7.60163095687981        4.79958835708306
C            5.94259959426709        7.48719309579652        6.67491481948755
H            5.88623671377111        6.24384703979920        4.88426542395681
C           -7.30220323511603       -6.85594802188241        3.58687337425550
C           -8.56899745055314       -6.02576662115296        1.51852907145834
H           -6.41557376960564       -6.06011786770112        1.76021893267045
H            3.69017260580400        7.00419105316679        4.02589286737631
H            3.44552919210178        8.03139108518572        5.47275820467890
H            4.73716494923912        8.42446550199498        4.30905696049866
H            6.62191847065470        6.81713513081251        7.21732241524159
H            6.54173791980792        8.29511374066552        6.23374542196697
H            5.24929041688365        7.92959662832956        7.40158739088635
H           -6.38824236596640       -6.71761630042797        4.17893974590259
H           -8.17195921920974       -6.67566449405543        4.23649250812488
H           -7.34593551125998       -7.89955420713861        3.24617794276995
H           -8.51837207679598       -5.32150985466349        0.67697100903449
H           -8.65831666414290       -7.04441506644357        1.11607640058210
H           -9.47338844455421       -5.81373131203599        2.10902673413900
C           -0.68560036807091       -1.48465300193565       -4.62491290982102
C            0.27398687839089       -1.27062960027372       -5.65123321670209
C           -1.88479995347750       -2.18555398947204       -4.92961494981488
C            0.07052078513737       -1.80424762427390       -6.93927444464721
N            1.41267430025245       -0.48843619999359       -5.32977036575436
C           -2.07683139762778       -2.72354934252700       -6.21987552774269
N           -2.87126304273506       -2.27474300561161       -3.91949035940614
H            0.82552870366504       -1.63346169983800       -7.71196938742131
C           -1.09592308212871       -2.53234377331837       -7.19757696131150
C            2.35364982352358        0.05777551450633       -6.17478538710891
H            1.42778369424711       -0.16090134951694       -4.36249320462693
H           -2.99406943662458       -3.28109722479295       -6.42760860778002
C           -4.09722670282463       -2.90711552329743       -3.96722119158012
H           -2.66075005213595       -1.76257125960378       -3.05870389381362
H           -1.25032340765322       -2.95493230343028       -8.19893658598541
O            2.46267439651820       -0.19723894048511       -7.36827167998138
C            3.24953063737175        1.07636165083000       -5.50175976037651
O           -4.47250742815973       -3.62660671488576       -4.88744415402729
C           -4.97713858403387       -2.62059657380415       -2.77443243119545
C            3.56006715341291        2.32767686652288       -6.28564262449910
H            3.18638759748702        1.18413110158053       -4.41332358438388
C            4.63799723500614        1.28465477227417       -6.10599119464815
C           -5.87310766695455       -3.71903069124857       -2.26288467306130
H           -4.62106344760489       -1.89783880359486       -2.03091852448049
C           -6.48294639732706       -2.60498730693091       -3.07859888141143
H            3.12482897750148        2.40536738471058       -7.28556528973212
H            3.66326124895684        3.25830640940850       -5.72260993631401
H            4.88501116681351        0.66612094010278       -6.97292955938196
C            5.76097683466671        1.59653407351049       -5.16673897525631
H           -5.80252901395869       -4.68691038736107       -2.76619481520382
H           -6.05584566156626       -3.73223426632075       -1.18505680877639
H           -6.74871945730186       -2.83971183650785       -4.11390906239999
C           -7.33165939991697       -1.57065910354198       -2.41629378499506
O            6.93137749458046        1.14509532595640       -5.64611237341174
O            5.63488335428892        2.19824523075203       -4.11607466537803
O           -8.32870195612793       -1.17059568278942       -3.23435948560795
O           -7.17062358639483       -1.14185566079440       -1.29124810278980
C            8.14268741817761        1.38550675850248       -4.87070286284056
C           -9.25867785032579       -0.16558819427730       -2.74018566684752
C            9.05749701628817        0.18071112024793       -5.09733734583285
C            8.75701419176559        2.71906703709470       -5.30587698409763
H            7.83726743571259        1.44948578130528       -3.80874227467513
C           -8.69776522766994        1.23417922734923       -3.02252342097359
C          -10.60025470405902       -0.43869544704859       -3.41916908989485
H           -9.33695909367928       -0.30974261595779       -1.64721547858463
H            8.55447268347308       -0.74438609746423       -4.78655339687333
H            9.33119684334667        0.09343484946629       -6.15988733774587
H            9.98404829115357        0.29380992531221       -4.51821349708691
H            8.05665742719747        3.54333027580478       -5.11995455551116
H            9.67965790545828        2.91705252689915       -4.74320866945961
H            9.01077649137340        2.69936475515617       -6.37702526666144
H           -7.73640741201923        1.37343607696446       -2.50192427294050
H           -8.54481987845837        1.37745992948336       -4.10113991559973
H           -9.40017789800903        2.00135468993779       -2.66821134442863
H          -10.94916145307283       -1.45711803485203       -3.19728611792903
H          -11.36164417601653        0.26925549366584       -3.06512211473516
H          -10.51680834658942       -0.33435732688874       -4.50893248666164
H            4.27762335094571       -6.08377990240074        2.46235078609435
H            0.44103077545555       -7.91103844565332        1.60181921321845
H            1.06820753370894        7.20690448005145       -2.21333545894892
H           -3.22743503587280        7.22604185802280       -1.62153028540076
O            3.45539153898627       -3.58295172455212        1.80422721956855
O           -0.72844567558320       -5.57230097638982        0.86833628666160
O            1.34816866089084        4.59892462090647       -1.47015574102295
O           -3.32766770571180        4.63372806620397       -0.81776092657185
C            4.79146859145429       -3.61921417175575        2.20324948335438
C            5.79650630689923       -3.89288939731783        1.26527643771581
C            5.11701791380235       -3.30205959735916        3.52879973366516
C            7.13854433096752       -3.85561750753786        1.66564936711325
H            5.51725987166496       -4.12708251536144        0.23285423872567
C            6.46280300277792       -3.26639757776291        3.91718386224140
H            4.30938956957773       -3.08288095495428        4.23477122406746
C            7.47520874933407       -3.54459147232048        2.98957376990934
H            7.92796553173963       -4.06833867476552        0.93574925285136
H            6.72322644807186       -3.01854806161614        4.95230584899447
H            8.52887866056062       -3.51696206551899        3.29795341138947
C           -1.69845378032059       -6.55614743619982        1.03037113347653
C           -2.07846636949833       -7.00760890747416        2.30248801480386
C           -2.34930090944640       -7.02858181508619       -0.11772755977025
C           -3.10301551928900       -7.95517342207061        2.41726095072558
H           -1.57265929552251       -6.61069177350702        3.18915484183399
C           -3.37829852041478       -7.96962613174321        0.01154715188254
H           -2.04177613602232       -6.64217915104494       -1.09480181084544
C           -3.75383427353554       -8.44092180485347        1.27593806154770
H           -3.39996213818290       -8.31337886800066        3.40915764822708
H           -3.88923220274981       -8.33908201007116       -0.88416053453632
H           -4.55552980968594       -9.18489793193745        1.37289599574132
C            2.61792815948150        5.14781299873512       -1.36125114238391
C            2.92466643167616        6.20654292871980       -0.49121488156424
C            3.63520872891719        4.52215711670085       -2.09887094221292
C            4.25042797253995        6.64572486472898       -0.38221295011485
H            2.13157761293995        6.67606242729498        0.09880239345060
C            4.95618718316130        4.96401583296999       -1.97468683640633
H            3.38307092090117        3.68519749107911       -2.75752364969038
C            5.26947023262147        6.03194080543199       -1.12226321687994
H            4.48888538419336        7.47554330057333        0.29515170896466
H            5.73397797672539        4.45519060625008       -2.55514464033213
H            6.30468329099405        6.38510704710831       -1.02982403276604
C           -4.61208981253179        5.03120825208974       -1.17092465983537
C           -4.97927605916005        5.24690784350014       -2.50705782660416
C           -5.56586332089667        5.12458545160805       -0.14699163295012
C           -6.30594709145497        5.57698974872444       -2.81034040606189
H           -4.22779236523307        5.14839541090785       -3.29754553292023
C           -6.89063817580485        5.44793474907234       -0.46506711202070
H           -5.25222465517947        4.93298620799626        0.88401698927358
C           -7.26452938805644        5.68131279711387       -1.79446403458391
H           -6.59577661058796        5.74595552272285       -3.85312800549138
H           -7.63713673257353        5.51970862166702        0.33325548506328
H           -8.30333552995807        5.93905617729946       -2.03977023217694
N            1.37410712416491        0.42515001884669        0.20652822638649
C            2.54959258602369        0.96052451435687        0.41455049495568
C            3.47076623474733        1.28152631354997       -0.63937702120022
C            4.62816667529091        1.98442191306870       -0.41494080130348
C            4.99677278480211        2.42078652080215        0.86003881300723
C            4.19263003353534        2.05815248388828        1.91914725547295
C            3.03287867138489        1.33539447004470        1.71951169901250
C            2.11767731573896        1.21938162082196        2.88119515248876
C            1.34732139945560        2.55096876614325        2.85306821665924
C            1.65947318761194        3.96240512623784        3.22445026010288
C            1.92652509939686        4.93046260347169        2.22345829368579
C            1.65411823142518        6.20576231099369        2.64056471347437
S            1.08116200605793        6.26020769616971        4.26413692991841
C            1.20470365046353        4.55498102460211        4.37090417805962
H            3.21380160453247        0.97861865469401       -1.64490944992921
H            5.26733510851510        2.23122558016235       -1.24911077236990
H            5.86271215300939        3.04030550481418        1.02386079669302
H            4.43681517780580        2.38289179837323        2.92444634626935
H            1.39956508739106        0.42538963535219        2.69702108740058
H            2.67572208179872        0.95970129623513        3.77573367553186
H            1.02665635584665        2.58561781822559        1.80794499359637
H            0.38262745456164        2.42932883777628        3.32237248896366
H            2.25021376473614        4.65309385610940        1.23519759512019
H            1.73368700279243        7.12383073843455        2.10132625997686
H            0.87415506315309        4.09136944140615        5.27912449281715
239
 energy: -392.928653304665 gnorm: 0.027903853361 xtb: 6.7.1 (edcfbbe)
N            0.14180695595804       -1.78636017350984       -0.91962726197748
N           -0.10116467567645       -1.11496375248992        1.83897420745787
C           -0.44868518842180       -1.01704330885993       -3.20606716568330
C           -0.01145262753005       -1.97820100903416       -2.26836326376746
C            0.40220379352391       -3.32437519619011       -2.62101655833161
H            0.37352848906671       -3.73693697731135       -3.63059805450400
C            0.83022949182841       -3.91928838250766       -1.46851154204451
H            1.22594029265849       -4.92656280141095       -1.33239153052389
C            0.63121092065331       -2.95874298240819       -0.39926631372386
C            0.81836198637790       -3.25074744190905        0.96709980475923
C            0.40685096691272       -2.38032564983731        1.99480568725891
C            0.33732128842622       -2.75955911669835        3.39390488834857
H            0.67589043159422       -3.71772800057741        3.79101506694842
C           -0.25984737423827       -1.72698674171103        4.05873518640955
H           -0.50585039395141       -1.64850182956732        5.11840582942494
C           -0.51916255671292       -0.69126988341357        3.07664449795286
C            1.36855462922233       -4.59875712962226        1.35138960912893
C            2.71122088751965       -4.74214769835819        1.77515277748082
C            3.23370003798953       -5.99630091853881        2.14006070369132
C            2.40956433848003       -7.12352160590444        2.07304594635885
H            2.81635137304777       -8.10607834330814        2.34638904530084
C            1.07834658852106       -7.02198232231488        1.66078791710600
C            0.55999605397347       -5.76030828342512        1.31212223330123
N           -0.86173725882766        1.56200429081360        1.11283515713239
N           -0.57573794375394        0.90012413755781       -1.62762450085368
C           -1.08397910134128        0.56391266227816        3.38113266061105
C           -1.18490036558453        1.61779065841917        2.44466267203160
C           -1.56417147168221        2.97566088562562        2.79641496610605
H           -1.87620780449598        3.28883653605352        3.79329387387160
C           -1.42282720072383        3.73040275664069        1.66751230428268
H           -1.61053948530251        4.79590951216479        1.53790063075756
C           -1.02198576249487        2.83017459636670        0.60407648774177
C           -0.90575993107383        3.19961304679468       -0.74711857888420
C           -0.77851454516265        2.24869000313895       -1.77995012666545
C           -0.98615787754413        2.55580667625141       -3.18019998437018
H           -1.16877826517244        3.55592401223240       -3.57488061582607
C           -0.95942533025081        1.36785702320464       -3.85534937919110
H           -1.11166333408846        1.18658667398573       -4.92023951244838
C           -0.66908733640560        0.33741562332005       -2.87757469376109
C           -0.98917251888627        4.65101418935845       -1.13364264704831
C            0.19081433238986        5.35010341017782       -1.48694205941873
C            0.14566595077726        6.69207072387217       -1.90600415588755
C           -1.08658695549092        7.35188478151202       -1.94490729700704
H           -1.12609910693059        8.40214557045699       -2.26264373944778
C           -2.26986884948578        6.69745609923305       -1.58999465531799
C           -2.22007305174976        5.34537000307359       -1.20153530097918
Fe          -0.24280519243969       -0.07440562697046        0.10586449681933
Cl          -2.47580162328393       -0.72106446293807        0.08261458527154
C           -1.66556540333113        0.77322974897119        4.75844717958127
C           -0.90061622962379        1.31717292697489        5.82472180865555
C           -3.02190752868646        0.40883108368068        4.98745443512107
C           -1.47933974196382        1.50106067089140        7.09618154403675
N            0.44554573046810        1.67253450094442        5.55646650073755
C           -3.59650886051187        0.61682568300550        6.25984814826338
N           -3.74681811143385       -0.18381435436214        3.92616890416899
H           -0.86857493374385        1.90823645351067        7.90667505318749
C           -2.81947615281239        1.15374134075966        7.28969311289828
C            1.42034345367140        2.09008287348843        6.43359910130962
H            0.71730296843278        1.57368781565127        4.57796895447654
H           -4.64580855560441        0.35216637050157        6.41278077138133
C           -5.07431994924925       -0.56395731370312        3.90752469365228
H           -3.21710010653940       -0.35500671457741        3.06614243410425
H           -3.27228019935437        1.30458158074531        8.27813058111367
O            1.27570691447031        2.20000196270720        7.64611210863956
C            2.74521450944289        2.42193702624209        5.77699956197996
O           -5.87382703712257       -0.33397605468579        4.80977493115143
C           -5.48463897611370       -1.31772176057789        2.66491940878494
C            4.00477661418356        2.04316238749870        6.50979900175324
H            2.79552812896263        2.42955517512716        4.68671371400634
C            3.57892933367160        3.49202290623208        6.49032092514655
C           -6.83999583681490       -1.02479049229377        2.07122243556245
H           -4.70095172254026       -1.62582827549809        1.96318629593975
C           -6.65276028594510       -2.29109044077163        2.87262327351039
H            3.88994480755267        1.51986187952645        7.46168433737761
H            4.86866969582737        1.76867267742452        5.90062817789917
H            3.14400321745689        3.88974403896547        7.41020577168562
C            4.34995400080207        4.46322145105579        5.65352678127476
H           -7.43369338062648       -0.24277485177567        2.55312695752669
H           -6.92762657154450       -1.11263493423033        0.98474781610332
H           -7.07169689534865       -2.29869354401336        3.88373766791641
C           -6.62557162202649       -3.61075956609137        2.17726976069396
O            4.44096547001546        5.65747465451119        6.26065912872286
O            4.85011586220066        4.20428346446097        4.57468394250790
O           -7.23091988636153       -4.55909696064367        2.92584278434585
O           -6.14091868071425       -3.82350094994152        1.08397958471710
C            5.17714173382111        6.72752635937902        5.59718719654131
C           -7.31452382222333       -5.90847440238776        2.38748285812272
C            4.19244057164302        7.60117735800650        4.80931668409938
C            5.93404045790571        7.48679596651320        6.68574614832849
H            5.87925782285429        6.24393650302836        4.89465462445752
C           -7.30415899803421       -6.85973843621468        3.58515888005411
C           -8.56990261421417       -6.02937797679686        1.51627636943833
H           -6.41662417018311       -6.06309737488079        1.75930824748588
H            3.68366016029407        7.00383005956255        4.03505476514667
H            3.43757655797890        8.03054842953655        5.48208453358632
H            4.72981474724703        8.42438470435188        4.31931686709128
H            6.61322868318127        6.81678174504060        7.22838954547859
H            6.53317437625609        8.29505273470929        6.24516500073697
H            5.24008246528451        7.92877485343539        7.41209073245264
H           -6.39060983723636       -6.72127233078778        4.17786576484994
H           -8.17437715837646       -6.67989671935765        4.23429869134073
H           -7.34732061486698       -7.90326534806337        3.24412985711973
H           -8.51897486098991       -5.32486797986383        0.67492718543889
H           -8.65862746821548       -7.04794513469561        1.11343504505834
H           -9.47473475902840       -5.81778523432875        2.10626094557688
C           -0.68409363371000       -1.48398372707448       -4.62091244823771
C            0.27607812171517       -1.26935993536750       -5.64656409893683
C           -1.88290534546706       -2.18518647994402       -4.92655511169079
C            0.07359593390453       -1.80268240664842       -6.93488301722531
N            1.41430483947293       -0.48693295969438       -5.32416077573142
C           -2.07391271589353       -2.72287493072866       -6.21710508150227
N           -2.86992478099709       -2.27497310257939       -3.91711265648776
H            0.82904769972194       -1.63142682160051       -7.70704787850375
C           -1.09245094640051       -2.53107553471419       -7.19412793069046
C            2.35567287844149        0.05989180477806       -6.16842638354523
H            1.42868818977455       -0.15960273580647       -4.35679510253636
H           -2.99085031282044       -3.28066269860829       -6.42556563353871
C           -4.09572029242756       -2.90773245904695       -3.96574372240763
H           -2.66017116660341       -1.76298255394557       -3.05601801590513
H           -1.24607783859988       -2.95342918977606       -8.19570285267667
O            2.46549382116058       -0.19478014459001       -7.36190495440835
C            3.25074989727357        1.07853890937778       -5.49455864199805
O           -4.47013320410009       -3.62707898365877       -4.88642832416061
C           -4.97642459598167       -2.62183282549159       -2.77345369752652
C            3.56139796202414        2.33019047212034       -6.27788103006848
H            3.18692612933208        1.18599129776154       -4.40611867114711
C            4.63958677462121        1.28746380863325       -6.09781783210870
C           -5.87237727174021       -3.72070415612844       -2.26276912015450
H           -4.62108080907467       -1.89916558650987       -2.02949390458689
C           -6.48208004615187       -2.60660919993699       -3.07855320952747
H            3.12676484018711        2.40801326248581       -7.27805676610192
H            3.66393134902216        3.26069473081631       -5.71452111944502
H            4.88731874492036        0.66924152227531       -6.96479231840081
C            5.76182294683100        1.59943316668861       -5.15780249824291
H           -5.80115852056614       -4.68841207938288       -2.76632268508592
H           -6.05579598494266       -3.73425725045275       -1.18505922005133
H           -6.74709159595901       -2.84114399315463       -4.11410935487215
C           -7.33150280342344       -1.57277549555020       -2.41645575460492
O            6.93268556951409        1.14849322928628       -5.63654315618857
O            5.63490387793976        2.20082033731465       -4.10704731854333
O           -8.32816626695697       -1.17278182238457       -3.23510796083528
O           -7.17135235669491       -1.14421286390520       -1.29122701562151
C            8.14347387392654        1.38909436004831       -4.86024962820947
C           -9.25879167826059       -0.16819066586097       -2.74120022145848
C            9.05879637324961        0.18467688793044       -5.08667433205363
C            8.75762722218716        2.72297373326747       -5.29469044266822
H            7.83734730579552        1.45267908000111       -3.79847296855779
C           -8.69816030091672        1.23179139583969       -3.02278092940139
C          -10.59985250680803       -0.44157662964687       -3.42112497886115
H           -9.33771453586750       -0.31271696625425       -1.64831403507870
H            8.55587430406382       -0.74070544045721       -4.77647473748578
H            9.33318434670479        0.09777348584534       -6.14908608274883
H            9.98494491394188        0.29788353508496       -4.50690621793663
H            8.05687454063410        3.54698689833836       -5.10898671625296
H            9.67984665913530        2.92111020319155       -4.73135720401288
H            9.01205698728245        2.70366850087654       -6.36569173059003
H           -7.73717783727663        1.37123365024225       -2.50152808473016
H           -8.54456675610251        1.37543886450587       -4.10127319069529
H           -9.40103688722786        1.99865882735677       -2.66867873850555
H          -10.94855309746827       -1.46018620076159       -3.19975504402566
H          -11.36168741442303        0.26603119322463       -3.06733934453953
H          -10.51572988404195       -0.33691207560693       -4.51082148192163
H            4.27612078534247       -6.08352315186481        2.46820848767913
H            0.44065253086881       -7.91176852691330        1.60471481988360
H            1.06535649743096        7.20746504009545       -2.20578764843465
H           -3.23068407269996        7.22503035696005       -1.61662243284669
O            3.45352557889106       -3.58277969833966        1.81024101189207
O           -0.72910293263961       -5.57320239041743        0.87117148384627
O            1.34572578450161        4.59936267068560       -1.46318335348359
O           -3.33056048209149        4.63245891413001       -0.81367261027152
C            4.78934228469578       -3.61873904565950        2.21011349575050
C            5.79507254364934       -3.89182991844218        1.27268498524010
C            5.11394859706177       -3.30184357624259        3.53597206211738
C            7.13683767527869       -3.85423653783416        1.67393430644337
H            5.51654585982746       -4.12581873111422        0.24000826081538
C            6.45947775240986       -3.26587457757146        3.92522247340035
H            4.30579079445095       -3.08313472132303        4.24150923259952
C            7.47255867008746       -3.54347829255579        2.99816541569661
H            7.92678712125533       -4.06649835048444        0.94444753862333
H            6.71914367135999       -3.01822770301511        4.96060583362161
H            8.52602483916545       -3.51558327045783        3.30723467096386
C           -1.69889425144851       -6.55740299325153        1.03230774437454
C           -2.07957153941272       -7.00933971747554        2.30407432513075
C           -2.34885800587191       -7.02972622874667       -0.11634204866091
C           -3.10388972452685       -7.95726054682750        2.41792483616393
H           -1.57445647370642       -6.61249889167610        3.19118336791140
C           -3.37763755820943       -7.97113257654199        0.01201649982796
H           -2.04083902900658       -6.64294700031761       -1.09312236926760
C           -3.75381993500489       -8.44289790019501        1.27604400179949
H           -3.40135018301081       -8.31582055827433        3.40956360607491
H           -3.88788200684506       -8.34049184599098       -0.88414384365910
H           -4.55534829890770       -9.18715505518947        1.37227547175739
C            2.61515458687597        5.14863101306985       -1.35348381884954
C            2.92098287588006        6.20740070282657       -0.48307838388953
C            3.63315114852263        4.52353985948621       -2.09051306460881
C            4.24657486340144        6.64688703754359       -0.37289464444539
H            2.12739089839110        6.67640902836778        0.10656102707544
C            4.95396075972319        4.96577686908674       -1.96529786693602
H            3.38166720849012        3.68671530418638       -2.74957057809072
C            5.26635218838330        6.03354008109715       -1.11237754546382
H            4.48435970626079        7.47652409032879        0.30496547739722
H            5.73230086248193        4.45734352884075       -2.54535934622882
H            6.30139707668851        6.38700790990013       -1.01914301435627
C           -4.61488841679056        5.02962253552530       -1.16751744343924
C           -4.98130435452378        5.24558032730711       -2.50383851889035
C           -5.56933538361957        5.12239637638111       -0.14415160512708
C           -6.30789051078742        5.57531286080332       -2.80785563706361
H           -4.22928616146192        5.14753174697999       -3.29389267310695
C           -6.89401518625394        5.44539991637142       -0.46297173806370
H           -5.25627737924204        4.93060234634439        0.88700895900088
C           -7.26714095042996        5.67903280346719       -1.79254463939322
H           -6.59710281601451        5.74446667863193       -3.85081101895734
H           -7.64103580795906        5.51669448964027        0.33492803943191
H           -8.30588338368701        5.93649864833069       -2.03843204389428
N            1.35866326843100        0.41736301653051        0.19939517594097
C            2.53841532737232        0.94801446118089        0.37817826671238
C            3.43560493735478        1.25155640853950       -0.70098026377421
C            4.60649249652548        1.94136347446809       -0.50909308283447
C            5.01179602415735        2.36999545198008        0.75743856925633
C            4.22191077278648        2.03162984843066        1.83920322112778
C            3.04125995701556        1.33575356260076        1.67350940082147
C            2.13378885260687        1.25085197742644        2.84761592769704
C            1.37432169057547        2.58848811784309        2.82630963283939
C            1.70202693882459        3.99330949046298        3.22119832295123
C            1.98232506985063        4.97233912086742        2.23204029235958
C            1.69946552347939        6.23308870572033        2.64378391401930
S            1.09076872516822        6.27922416151014        4.26244549334133
C            1.24063807039271        4.57656513862006        4.36656624388005
H            3.13899421339870        0.94249947841312       -1.69428348009992
H            5.22397906800377        2.18148053233845       -1.36155264725797
H            5.89759868091517        2.96813950595097        0.89968558098068
H            4.49720835554383        2.35919377368666        2.83480335267897
H            1.40115485993307        0.46219628850703        2.67956810867598
H            2.70100435116088        0.99478036759174        3.73808585347790
H            1.06941679351508        2.64950372053219        1.77523464792310
H            0.40961792960249        2.46648417851744        3.28937335819672
H            2.33496802132827        4.70487519406526        1.25536775284734
H            1.76383346879242        7.15724851390539        2.10766880299582
H            0.90082357770400        4.10821646900759        5.26962455095475
239
 energy: -392.934788308529 gnorm: 0.026211203418 xtb: 6.7.1 (edcfbbe)
N            0.14109844948994       -1.78621402155833       -0.91491494746368
N           -0.10342122812326       -1.11563698595015        1.84392814279401
C           -0.44800744134225       -1.01658226572694       -3.20151206728055
C           -0.01098715690356       -1.97798218983908       -2.26360261266302
C            0.40331491898235       -3.32385615880542       -2.61647189600524
H            0.37540625178781       -3.73615218426485       -3.62620848662801
C            0.83080201690448       -3.91894884582779       -1.46386892320877
H            1.22675595173714       -4.92617133679507       -1.32774654075044
C            0.63086195594056       -2.95895908690310       -0.39424476273313
C            0.81717825274701       -3.25116783966212        0.97165671669782
C            0.40470906014225       -2.38114310898500        1.99997867913807
C            0.33453674404981       -2.76088453213981        3.39825775719792
H            0.67301519433232       -3.71895658819094        3.79565673116570
C           -0.26356567172299       -1.72821927117950        4.06319719283174
H           -0.51021117042553       -1.65053326766623        5.12284495161592
C           -0.52184793286576       -0.69273716694669        3.08136763795837
C            1.36754986814926       -4.59905146293269        1.35617712893132
C            2.70997269167980       -4.74216261892257        1.78077403311096
C            3.23265221606146       -5.99622121261025        2.14567630604444
C            2.40890465947300       -7.12370159951044        2.07780534541859
H            2.81584165434741       -8.10620511990480        2.35113711613327
C            1.07791790199098       -7.02248088309050        1.66472365423890
C            0.55936645876478       -5.76087775908033        1.31606757708837
N           -0.86421551976805        1.56097696411114        1.11830421699740
N           -0.57676486079717        0.89983987821343       -1.62250149012299
C           -1.08808964275405        0.56295918746283        3.38651816873782
C           -1.18768713011858        1.61646652186582        2.44927376764205
C           -1.56794165478406        2.97353600886286        2.80178808311804
H           -1.88138878605072        3.28684628745438        3.79811330717088
C           -1.42683909713153        3.72904819143904        1.67269588055881
H           -1.61473644366748        4.79459119535283        1.54341053566520
C           -1.02495778853398        2.82926286355805        0.60981476566220
C           -0.90790221814226        3.19902588014611       -0.74173427611631
C           -0.77982819124194        2.24877621732734       -1.77442264663906
C           -0.98659575783612        2.55595381446158       -3.17496259008677
H           -1.16932112885315        3.55620511421238       -3.56937659335686
C           -0.95908136448843        1.36832448693222       -3.85036122171993
H           -1.11056301746526        1.18721456317342       -4.91540793104233
C           -0.66901322822357        0.33756799487581       -2.87270225440677
C           -0.99162698202942        4.65061695724465       -1.12774448429013
C            0.18837995321995        5.35020112320033       -1.48010237888260
C            0.14302858261801        6.69229800494162       -1.89881679548802
C           -1.08941699043462        7.35170851009382       -1.93830488105901
H           -1.12908275287479        8.40205263193603       -2.25576973036306
C           -2.27272360221015        6.69679148614582       -1.58431137456128
C           -2.22273015298534        5.34461380688000       -1.19619259771873
Fe          -0.24527282462115       -0.07538052466711        0.11019016817132
Cl          -2.47737444262502       -0.72230557459431        0.08602387972662
C           -1.67057458224990        0.77082206137429        4.76270135279764
C           -0.90631822208723        1.31495115745053        5.82960670129082
C           -3.02691107802636        0.40601803856591        4.99084085782960
C           -1.48592107271236        1.49819360377024        7.10088137883641
N            0.43946057807743        1.67146162265440        5.56199095784364
C           -3.60233591583113        0.61349811254439        6.26296631682999
N           -3.75079696307337       -0.18650282219221        3.92899932284968
H           -0.87584702607759        1.90534254061356        7.91188306506379
C           -2.82611375752101        1.15036205655821        7.29343435826031
C            1.41418627824612        2.08857531015475        6.44017762111030
H            0.71254045398848        1.57223437087477        4.58377682521042
H           -4.65169024005572        0.34847659580768        6.41511053205503
C           -5.07836340880811       -0.56713251395741        3.90928250802760
H           -3.22058704065803       -0.35730085879532        3.06918980472797
H           -3.27963343099073        1.30080603007686        8.28162204970093
O            1.26840914622788        2.19784904103922        7.65262745802179
C            2.73904405830612        2.42061405005547        5.78462723296239
O           -5.87839327289598       -0.33759901896568        4.81116560226765
C           -5.48750385759739       -1.32059546693479        2.66630809405087
C            3.99836116857951        2.04219641843830        6.51818273800620
H            2.78999559032699        2.42828840001508        4.69421271035512
C            3.57208794404679        3.49095479340644        6.49876397907054
C           -6.84262388695909       -1.02796334274204        2.07178485079519
H           -4.70330195784997       -1.62830216469860        1.96493480776129
C           -6.65549154238939       -2.29448529103225        2.87295712764061
H            3.88297099413235        1.51863435581179        7.46986449844004
H            4.86271510193395        1.76823998736097        5.90937954083847
H            3.13631403268190        3.88828343824972        7.41853041632834
C            4.34335861011915        4.46248812544570        5.66268444807520
H           -7.43686840543456       -0.24627126572967        2.55356999899204
H           -6.92951930467433       -1.11555585864480        0.98521451197831
H           -7.07504747768803       -2.30243845324802        3.88383020683011
C           -6.62739669651450       -3.61383725709394        2.17719023314828
O            4.43337016190622        5.65684258485016        6.27041017750517
O            4.84431965673650        4.20417001418549        4.58421383004786
O           -7.23292545942973       -4.56263845482436        2.92527576431461
O           -6.14200117793602       -3.82620280381553        1.08420036493360
C            5.16968942312195        6.72737628335929        5.60754631634315
C           -7.31574901884925       -5.91194871277189        2.38634022110005
C            4.18542921553269        7.60071713023964        4.81941979474789
C            5.92565522733678        7.48646029269232        6.69691382242664
H            5.87246261448273        6.24406798515153        4.90539797616053
C           -7.30585260966625       -6.86349573655472        3.58375824820527
C           -8.57052402828699       -6.03296139447811        1.51435984336877
H           -6.41739573241525       -6.06605516238632        1.75872181733738
H            3.67732563784697        7.00350184633808        4.04456450067902
H            3.42977081992172        8.02976998979121        5.49176355069470
H            4.72264198879203        8.42438500400513        4.32989036939256
H            6.60472344199194        6.81647706561136        7.23980882375498
H            6.52477751848185        8.29509013003168        6.25689511889845
H            5.23100831421822        7.92804034403620        7.42294145644768
H           -6.39269338248177       -6.72490027253536        4.17714968434511
H           -8.17655051578893       -6.68408476300174        4.23244487772783
H           -7.34842678777388       -7.90697429237256        3.24240157055393
H           -8.51931127610192       -5.32819495682846        0.67317081481546
H           -8.65865394569742       -7.05147730242686        1.11109521052446
H           -9.47582607296918       -5.82180162708419        2.10382662793898
C           -0.68229816204391       -1.48327168279504       -4.61653647450137
C            0.27849428460325       -1.26801671078843       -5.64151539795134
C           -1.88078188740602       -2.18479265982257       -4.92309782514640
C            0.07696552839537       -1.80108491055086       -6.93012914453652
N            1.41615344901336       -0.48545955987960       -5.31816553197991
C           -2.07070082968100       -2.72218086418753       -6.21397936161796
N           -2.86819841394959       -2.27515830225520       -3.91443575751516
H            0.83288302788249       -1.62934086498977       -7.70175149806769
C           -1.08867829097027       -2.52977193437662       -7.19030693805459
C            2.35804973242035        0.06213801368903       -6.16167503576053
H            1.42987072430658       -0.15823867316839       -4.35071515085999
H           -2.98735347722945       -3.28021208275049       -6.42315386367913
C           -4.09403034154753       -2.90833617892606       -3.96385181350949
H           -2.65933144424681       -1.76335864636578       -3.05295434931521
H           -1.24153209094063       -2.95189900683344       -8.19210654798761
O            2.46857266818266       -0.19228834101181       -7.35516196476049
C            3.25219161184187        1.08074627580441       -5.48697500074364
O           -4.46743637196651       -3.62753509873159       -4.88508693002315
C           -4.97537275780796       -2.62305308163610       -2.77217669108762
C            3.56297815949403        2.33278337068388       -6.26972726549758
H            3.18773841658490        1.18792900487615       -4.39849620548823
C            4.64148306290270        1.29032916890690       -6.08922628866210
C           -5.87136549403612       -3.72236618422952       -2.26231190382741
H           -4.62082587678129       -1.90045550557481       -2.02771175709823
C           -6.48096002940390       -2.60819748475553       -3.07817807403990
H            3.12895506680021        2.41070291943154       -7.27017614422691
H            3.66486136932643        3.26316542628254       -5.70601705987570
H            4.88987689839745        0.67241175885318       -6.95627443140553
C            5.76284903353372        1.60243061382359       -5.14849422049207
H           -5.79948524823202       -4.68990943333204       -2.76613302371945
H           -6.05547010477552       -3.73625055083525       -1.18470133505760
H           -6.74515824104801       -2.84257340826478       -4.11400513078592
C           -7.33103476967662       -1.57490155954341       -2.41626490056913
O            6.93424933964219        1.15189891975008       -5.62660990627141
O            5.63518669607528        2.20345126984641       -4.09760135164573
O           -8.32734055725803       -1.17497181609511       -3.23562299303819
O           -7.17181953937810       -1.14653669138619       -1.29086903966268
C            8.14452837051677        1.39275366138326       -4.84937645356218
C           -9.25864653900887       -0.17071688675519       -2.74189422826690
C            9.06033177950082        0.18874309238462       -5.07559434556574
C            8.75846480629453        2.72694656172050       -5.28309212630553
H            7.83765000877892        1.45592276028774       -3.78784247301936
C           -8.69828917139778        1.22938459941486       -3.02273313972948
C          -10.59916331797931       -0.44444895848098       -3.42277539584716
H           -9.33819987835684       -0.31568560319267       -1.64909914088363
H            8.55752050210027       -0.73698427464088       -4.76597658064736
H            9.33541326046917        0.10218720038624       -6.13789187883613
H            9.98610098790899        0.30203970711948       -4.49515478615578
H            8.05730589720913        3.55075710727528       -5.09760868170799
H            9.68027924080418        2.92525721993571       -4.71906811761089
H            9.01356684839794        2.70804557636279       -6.35396875999247
H           -7.73767011742950        1.36906168539610       -2.50081703020714
H           -8.54402489819852        1.37343454707365       -4.10113568821435
H           -9.40163201505434        1.99600644436478       -2.66883894981177
H          -10.94766315748443       -1.46327165554322       -3.20191610223477
H          -11.36146253275913        0.26284042033304       -3.06925061263655
H          -10.51435428145514       -0.33945541894007       -4.51244424107568
H            4.27489619567461       -6.08318916006182        2.47446886878246
H            0.44052536361567       -7.91246144627991        1.60798128589982
H            1.06276716545114        7.20806169716066       -2.19787652569997
H           -3.23371463028123        7.22405529501998       -1.61138170036101
O            3.45192189893686       -3.58253694167467        1.81662888211565
O           -0.72948633786604       -5.57404906336059        0.87438035355143
O            1.34351753158423        4.59984416137691       -1.45580890576408
O           -3.33320219021134        4.63121034763421       -0.80928356368292
C            4.78744245868307       -3.61818343944226        2.21737163153532
C            5.79388413854267       -3.89069902173345        1.28046939361838
C            5.11110516041948       -3.30154618820753        3.54354262723259
C            7.13537693317490       -3.85277068234373        1.68261499094152
H            5.51607648070990       -4.12449116217915        0.24752452726067
C            6.45638591088277       -3.26525915431523        3.93366801633567
H            4.30240332992529       -3.08329870052608        4.24865756548739
C            7.47015167697962       -3.54226862399155        3.00715952625769
H            7.92586400133884       -4.06457449819893        0.95351649544922
H            6.71527976124467       -3.01779915610371        4.96933549805785
H            8.52341967304588       -3.51409340298257        3.31692758614084
C           -1.69906256771360       -6.55861824537324        1.03458105558503
C           -2.08040747954737       -7.01102242820207        2.30605029237260
C           -2.34811574268893       -7.03082441547468       -0.11460513567137
C           -3.10448571991727       -7.95930229045292        2.41896770501166
H           -1.57597831758316       -6.61424655939265        3.19360538654878
C           -3.37670658165259       -7.97260845190163        0.01284390070342
H           -2.03961048756203       -6.64367003662922       -1.09111435353700
C           -3.75353706481010       -8.44484075045723        1.27648915766135
H           -3.40247521115101       -8.31821238799966        3.41037196140072
H           -3.88625288881941       -8.34186609134356       -0.88380847425345
H           -4.55490635026690       -9.18938035279479        1.37201748334961
C            2.61262696384768        5.14946823525885       -1.34529501045864
C            2.91746174878535        6.20831090879760       -0.47452089888986
C            3.63134159690960        4.52493506879804       -2.08173466499422
C            4.24291347865591        6.64813884098646       -0.36319843142652
H            2.12333218660734        6.67683366091167        0.11482992283923
C            4.95198819963118        4.96752893081625       -1.95548831474827
H            3.38046594583781        3.68830384535766       -2.74125837666335
C            5.26345884394465        6.03517278288651       -1.10208671726641
H            4.48002534603408        7.47757447185257        0.31518208315539
H            5.73088034475602        4.45950164602259       -2.53514820369961
H            6.29833992498421        6.38895143917703       -1.00803971687409
C           -4.61744206640035        5.02807096058654       -1.16376265772328
C           -4.98307400668172        5.24427432257930       -2.50034060058606
C           -5.57254854135463        5.12024023415254       -0.14099662441747
C           -6.30956322064431        5.57365653763578       -2.80509563677073
H           -4.23049861323839        5.14668858949030       -3.28995192033026
C           -6.89716575937660        5.44289271108834       -0.46059323957023
H           -5.26008893641188        4.92825175615781        0.89034251949914
C           -7.26951582708408        5.67677426815092       -1.79031672114029
H           -6.59816081488668        5.74298755908804       -3.84824367763048
H           -7.64470760440664        5.51370380673727        0.33692754793870
H           -8.30819525540801        5.93395730508982       -2.03682509115634
N            1.34104156574406        0.41507783346743        0.19000654637633
C            2.52695875028991        0.94215038681628        0.33534418249516
C            3.39871708134799        1.21876272141328       -0.76623965296779
C            4.58723298241588        1.88811085648249       -0.60607030872953
C            5.02315395660007        2.31259629750603        0.64676636751636
C            4.24151900044899        2.01286842484446        1.74770065812576
C            3.04489485087153        1.34453716781442        1.61747221167918
C            2.15084085741103        1.28537382228618        2.80257377844598
C            1.38964737214470        2.62652264244836        2.78779101056182
C            1.72931195623258        4.02546892873913        3.21534832362667
C            2.03325933182209        5.01752072428767        2.24487030261900
C            1.72236230412833        6.27491084338405        2.65238870025422
S            1.13920617185907        6.28132668609469        4.26857783152845
C            1.25401089030646        4.59750112135741        4.36348881801673
H            3.06782836713547        0.90450144233843       -1.74326703834223
H            5.18662667221083        2.11214792025313       -1.47363708089293
H            5.93200231531949        2.88210713829379        0.77006394246263
H            4.54492657566255        2.34476543414236        2.73144089597391
H            1.41093885269921        0.50144910846189        2.65000841589036
H            2.72348635489502        1.03516019306374        3.69061807731897
H            1.11292063689077        2.71790609269301        1.73303023920045
H            0.43807745164468        2.49645614895951        3.26497031511514
H            2.43120582313020        4.75174825200693        1.28068399660901
H            1.80856064033160        7.19665958459643        2.12860434921340
H            0.90435382739269        4.12346513052526        5.25718090577037
239
 energy: -392.939955952339 gnorm: 0.029109393976 xtb: 6.7.1 (edcfbbe)
N            0.14064359345137       -1.78606035184806       -0.91039653458447
N           -0.10524395496098       -1.11617334511165        1.84872737780247
C           -0.44720755481174       -1.01611018994373       -3.19707746380498
C           -0.01036640455003       -1.97779603492729       -2.25895599368161
C            0.40447927946811       -3.32335078782985       -2.61203943397591
H            0.37729315794644       -3.73543462403252       -3.62187692105628
C            0.83146669436074       -3.91860679994888       -1.45933301680928
H            1.22762346977276       -4.92578153174535       -1.32322544874307
C            0.63071663776520       -2.95921297042383       -0.38935796118112
C            0.81622211884508       -3.25149694853284        0.97605548533028
C            0.40288838372483       -2.38186834746001        2.00501443819149
C            0.33210413629509       -2.76205402652505        3.40247282152852
H            0.67050136820200       -3.72000288247559        3.80018046917580
C           -0.26688065885463       -1.72934631929168        4.06755752669262
H           -0.51403434487287       -1.65234930331160        5.12713376191998
C           -0.52416798964538       -0.69410008888439        3.08591267255832
C            1.36676693852336       -4.59932472148106        1.36085698248557
C            2.70894931717931       -4.74216136852533        1.78620532133716
C            3.23177919158176       -5.99614584686491        2.15110591868632
C            2.40840166409069       -7.12384393072596        2.08246657690216
H            2.81545817876545       -8.10628841127922        2.35579339821403
C            1.07764242888696       -7.02289252453683        1.66863406546845
C            0.55891770889753       -5.76136753167103        1.31997502503842
N           -0.86715235111344        1.55982640271577        1.12352259986241
N           -0.57757538812712        0.89967149051436       -1.61767909058189
C           -1.09239066362776        0.56152910938553        3.39148592672926
C           -1.18991482871448        1.61519321473116        2.45409969333112
C           -1.57178921825343        2.97174244752603        2.80670801271996
H           -1.88589182508409        3.28506989384977        3.80277246156071
C           -1.43035593442263        3.72778414105580        1.67765443590745
H           -1.61836811355317        4.79340857848149        1.54866514657658
C           -1.02753226332800        2.82840711434824        0.61541801573937
C           -0.90962798284885        3.19846557592630       -0.73655569471201
C           -0.78081145398099        2.24888863513446       -1.76913682835663
C           -0.98676942906079        2.55608907370264       -3.16996835877153
H           -1.16955822103025        3.55645176919968       -3.56411975693927
C           -0.95854764689411        1.36880253594061       -3.84556190769767
H           -1.10932399239012        1.18780810537844       -4.91072554219083
C           -0.66873655797695        0.33770984706479       -2.86797830587335
C           -0.99362376184075        4.65030783596189       -1.12215641290630
C            0.18640302878716        5.35030433095055       -1.47362912631764
C            0.14087229609961        6.69250863008322       -1.89202517812309
C           -1.09170855839272        7.35156359638013       -1.93208570903579
H           -1.13149736852768        8.40196860245372       -2.24930478779439
C           -2.27502759759865        6.69621585144605       -1.57894640951962
C           -2.22488108837548        5.34396586182917       -1.19113743007021
Fe          -0.24725751326582       -0.07605039013927        0.11450480324278
Cl          -2.47856641465228       -0.72337939961554        0.08936234945169
C           -1.67500650486329        0.76868359893768        4.76679245466958
C           -0.91136287518784        1.31295181548495        5.83438060390497
C           -3.03132721319543        0.40353735005925        4.99419948988518
C           -1.49184230295701        1.49567859768010        7.10538562584049
N            0.43406483086805        1.66996401684412        5.56759693299233
C           -3.60750472523575        0.61059089742502        6.26603401460800
N           -3.75430987735423       -0.18885930253931        3.93181871275201
H           -0.88236794276574        1.90280146645495        7.91685006194775
C           -2.83204489025174        1.14741414096848        7.29707140235781
C            1.40884133977016        2.08718345940939        6.44648955950444
H            0.70809231185024        1.57105787320880        4.58960498824401
H           -4.65687795179046        0.34524206294383        6.41747809853925
C           -5.08190337481691       -0.56990996065162        3.91111481987634
H           -3.22363356596237       -0.35930651066140        3.07222859063179
H           -3.28618024126186        1.29749512101801        8.28501910520485
O            1.26191370934830        2.19597727549942        7.65879369671874
C            2.73345618895745        2.41954752834428        5.79179975373612
O           -5.88241164313340       -0.34079040367132        4.81263506756133
C           -5.48997615080117       -1.32311895367367        2.66780413251633
C            3.99262104603211        2.04141463093352        6.52608855126545
H            2.78506025501953        2.42717910584064        4.70123500949717
C            3.56592987616551        3.49005867459439        6.50671123823226
C           -6.84487311181214       -1.03074345469174        2.07251883617185
H           -4.70532241974068       -1.63044763126188        1.96678467889586
C           -6.65785236795615       -2.29744401293537        2.87348655067307
H            3.87677353452418        1.51759651625017        7.47754486463836
H            4.85736392253089        1.76789819318130        5.91768403646726
H            3.12947528578579        3.88702974199928        7.42632702882913
C            4.33745143771956        4.46189792534440        5.67129577229968
H           -7.43960838876673       -0.24935839947803        2.55414887552688
H           -6.93109204363433       -1.11809588309185        0.98589603523344
H           -7.07798722191594       -2.30574184311736        3.88410056659385
C           -6.62894869358318       -3.61655692187634        2.17737678721769
O            4.42661853620589        5.65631285299331        6.27948459396950
O            4.83909060761042        4.20413464359562        4.59321200272961
O           -7.23465361981601       -4.56573893070504        2.92493203454453
O           -6.14287088933004       -3.82854716213005        1.08467657005503
C            5.16313722390193        6.72720523356499        5.61723436451935
C           -7.31676838243998       -5.91497862800510        2.38555318058564
C            4.17933282133349        7.60032623515142        4.82880950164940
C            5.91823481233700        7.48616818308773        6.70730963263711
H            5.86646235895314        6.24418614602270        4.91543889453389
C           -7.30730718213831       -6.86680265839013        3.58276611990210
C           -8.57100435951778       -6.03610089295706        1.51283002099092
H           -6.41801553049558       -6.06863512426788        1.75846511968510
H            3.67207142979673        7.00312637736111        4.05346603607095
H            3.42296776528577        8.02905998611540        5.50074280433700
H            4.71639410301935        8.42434113169919        4.33976809098353
H            6.59715078831614        6.81625302482784        7.25041569157913
H            6.51735140526780        8.29508497798237        6.26783052411654
H            5.22301194179384        7.92738097975533        7.43299902243551
H           -6.39454702208252       -6.72808207487132        4.17672443062894
H           -8.17843396370125       -6.68779203442989        4.23097229580732
H           -7.34938517957773       -7.91018916843077        3.24112583949834
H           -8.51949433954979       -5.33111554304031        0.67185071285974
H           -8.65860008921373       -7.05453636703706        1.10925590918042
H           -9.47669770141292       -5.82535244877282        2.10180791054567
C           -0.68047181378114       -1.48262513524849       -4.61229914941234
C            0.28088252606743       -1.26680853972794       -5.63663611399435
C           -1.87863631289565       -2.18441678979952       -4.91969187001388
C            0.08022614958138       -1.79964777063883       -6.92550335066677
N            1.41804272720440       -0.48411096588271       -5.31244002669454
C           -2.06756011467614       -2.72152490071293       -6.21085522170922
N           -2.86646076678446       -2.27530210441739       -3.91174225916985
H            0.83655552980152       -1.62748726348216       -7.69663251523652
C           -1.08503495594945       -2.52859158626747       -7.18655040144071
C            2.36041193317652        0.06414171608993       -6.15523623290251
H            1.43114078710637       -0.15704747064370       -4.34491557158769
H           -2.98393686653857       -3.27976475516132       -6.42070537445539
C           -4.09229810336913       -2.90883405746178       -3.96188809027381
H           -2.65837536524447       -1.76368011933465       -3.04993526179527
H           -1.23717811841488       -2.95050906922577       -8.18853612465821
O            2.47161514471285       -0.19006415174760       -7.34870373079228
C            3.25372960245501        1.08271146712894       -5.47977490298712
O           -4.46480267404588       -3.62789056334122       -4.88359693698473
C           -4.97424346025770       -2.62409894578301       -2.77078485523979
C            3.56465832318515        2.33508205630257       -6.26201797442202
H            3.18867402764463        1.18965307479209       -4.39129631564076
C            4.64342023357397        1.29286699810093       -6.08111544535830
C           -5.87028812261948       -3.72380148645466       -2.26167022761108
H           -4.62041322493977       -1.90159364402733       -2.02588398882896
C           -6.47975169745427       -2.60957551776699       -3.07761513671526
H            3.13122827307384        2.41310604022655       -7.26269029690777
H            3.66595029050871        3.26532343825534       -5.69802066196330
H            4.89244263719709        0.67526271503043       -6.94819273110647
C            5.76401926359887        1.60506200010501       -5.13974778101759
H           -5.79783435336721       -4.69117748300498       -2.76569163957309
H           -6.05501392147310       -3.73799529792651       -1.18418996057685
H           -6.74323589827187       -2.84378993646444       -4.11365180945124
C           -7.33044504572680       -1.57672961638343       -2.41591714992595
O            6.93588784936807        1.15496737132158       -5.61722566832267
O            5.63566114191460        2.20570129883498       -4.08874168648070
O           -8.32639867487300       -1.17687551803931       -3.23583403276795
O           -7.17205934254798       -1.14857952117507       -1.29037565182105
C            8.14566907320232        1.39599678117913       -4.83917663521397
C           -9.25831184187923       -0.17292764075547       -2.74233700895450
C            9.06193520445679        0.19231099422900       -5.06517740560715
C            8.75945560873876        2.73048190625759       -5.27222582501519
H            7.83812748322128        1.45880787120300       -3.77785844323159
C           -8.69818187370973        1.22733344162644       -3.02251996453293
C          -10.59834072913701       -0.44693400024747       -3.42410925902324
H           -9.33845037465025       -0.31826067036305       -1.64966440034606
H            8.55920678663175       -0.73364163813217       -4.75609486590556
H            9.33766261173133        0.10610187512442       -6.12732376243170
H            9.98731929790335        0.30572077234901       -4.48417440283258
H            8.05795189123521        3.55403679604722       -5.08695132901042
H            9.68086993044048        2.92891040626906       -4.70761710816682
H            9.01519199066367        2.71191391683074       -6.34294113937769
H           -7.73791432731062        1.36716646561887       -2.50000617780743
H           -8.54332337547665        1.37170514262089       -4.10078675159577
H           -9.40194120638724        1.99367223048598       -2.66885414272174
H          -10.94666313831042       -1.46590170114366       -3.20371352720099
H          -11.36103347611331        0.26004058458847       -3.07086334664662
H          -10.51291086174913       -0.34164714474273       -4.51369002955652
H            4.27384969546288       -6.08289365044106        2.48049164846315
H            0.44053317642921       -7.91304128805489        1.61128919731947
H            1.06064819835848        7.20859429409899       -2.19042402175999
H           -3.23615245320614        7.22321392602207       -1.60644389807509
O            3.45057283521965       -3.58232092152046        1.82276446164204
O           -0.72970570208240       -5.57478870984982        0.87759169123732
O            1.34172992752438        4.60028345718606       -1.44881927267690
O           -3.33536492303132        4.63014256761258       -0.80507877764995
C            4.78585275329584       -3.61766653908693        2.22430765681110
C            5.79293329899592       -3.88966684483072        1.28792512763151
C            5.10865481319515       -3.30126096611147        3.55073092129468
C            7.13415827510623       -3.85145591974343        1.69088150650443
H            5.51578941564495       -4.12328149231675        0.25476868001953
C            6.45368586039289       -3.26470690025352        3.94166343159124
H            4.29947792419630       -3.08341987212444        4.25543171043563
C            7.46806511191974       -3.54119234652724        3.01568832604210
H            7.92513292673186       -4.06285163809528        0.96218970014675
H            6.71188995784893       -3.01742925772138        4.97755088371715
H            8.52113608792965       -3.51278807722116        3.32609326095944
C           -1.69912229215329       -6.55968901490748        1.03694271507702
C           -2.08108796067160       -7.01251260028366        2.30811191334281
C           -2.34734110645385       -7.03177933970958       -0.11270490563166
C           -3.10493613694293       -7.96109850911637        2.42018057390076
H           -1.57728349261393       -6.61581043037935        3.19604237263891
C           -3.37575319074823       -7.97389414461343        0.01391356846841
H           -2.03838715290834       -6.64430003355580       -1.08894016717509
C           -3.75317965309228       -8.44654247911744        1.27717467197289
H           -3.40341401314901       -8.32034139780870        3.41132019048236
H           -3.88464957794691       -8.34306548094758       -0.88314988771798
H           -4.55438901171642       -9.19132961255949        1.37207325879693
C            2.61059202213153        5.15021449327055       -1.33751459254961
C            2.91449945157358        6.20909797709605       -0.46643915616233
C            3.62996211919706        4.52615350426758       -2.07341571904382
C            4.23986657004613        6.64921146619979       -0.35413309716100
H            2.11987453904957        6.67717964495438        0.12270264517059
C            4.95041839538053        4.96904269290242       -1.94626807039936
H            3.37961599793534        3.68973528570611       -2.73335169659319
C            5.26106258498953        6.03658727980599       -1.09244866453619
H            4.47636084917877        7.47846565665949        0.32467435885511
H            5.72978069768733        4.46142679321195       -2.52555007000938
H            6.29576247313262        6.39067817672180       -0.99769194522896
C           -4.61953078839643        5.02673627140774       -1.16015985892290
C           -4.98444327739060        5.24316173967874       -2.49694778383614
C           -5.57523634856972        5.11837056499169       -0.13798100153238
C           -6.31081048515884        5.57224125704201       -2.80239101690951
H           -4.23136589068356        5.14599263209316       -3.28611514083922
C           -6.89977598564259        5.44072343743712       -0.45829574168520
H           -5.26334192626876        4.92621532728302        0.89349448476344
C           -7.27140460760781        5.67483018471081       -1.78812017175627
H           -6.59885747482936        5.74174789707745       -3.84566468287841
H           -7.64778899815763        5.51112103933053        0.33883174410874
H           -8.30999983634366        5.93177664046445       -2.03521689766472
N            1.32564512917500        0.41690171789251        0.18149762585183
C            2.51634364237547        0.94182895546092        0.29328415688094
C            3.36242721325824        1.18624360356411       -0.82920012679731
C            4.57114710243116        1.83115660165298       -0.70047452682688
C            5.03645085478666        2.25539641363201        0.53777417653929
C            4.26105286453671        2.00039509929445        1.65727626328525
C            3.04997897051383        1.35897674216631        1.56094799846957
C            2.17070652107395        1.31970640970297        2.75384536931068
C            1.39860094425017        2.66090199662565        2.74392341017713
C            1.75045741355619        4.05107719112026        3.20752657928122
C            2.07856334572580        5.05887585503901        2.26206107182027
C            1.78115717924953        6.29667910358434        2.67375977125966
S            1.11999798164198        6.30548992530047        4.28020361736221
C            1.26411824052117        4.60678962433301        4.36080782765877
H            3.00025336758515        0.87023016126649       -1.79146774339723
H            5.15556917851231        2.03212125406916       -1.58349298194770
H            5.96633875854660        2.79711320756519        0.64165677955898
H            4.58884541733546        2.34054673491027        2.62912696732169
H            1.42645775699253        0.53930095470549        2.61607512726360
H            2.74778368849905        1.07810975178359        3.64057697369390
H            1.15277501708504        2.78316667493717        1.68701277354646
H            0.46445261290525        2.51781903766453        3.24951541258171
H            2.49619883437942        4.80461160655602        1.30890577875717
H            1.86856879791994        7.23320507485256        2.16278691778916
H            0.88796593589237        4.13040778604758        5.24154377064162
239
 energy: -392.944116808695 gnorm: 0.019985225425 xtb: 6.7.1 (edcfbbe)
N            0.14006128545896       -1.78627964211028       -0.90581455611878
N           -0.10747731076636       -1.11691490353028        1.85339514381345
C           -0.44652396242700       -1.01581329524814       -3.19261179795793
C           -0.00995834039637       -1.97769560831190       -2.25446097057024
C            0.40545006938016       -3.32297999478720       -2.60764783706555
H            0.37902372779269       -3.73485089129029       -3.61757781278222
C            0.83191403287326       -3.91841842410553       -1.45479895407165
H            1.22825616587075       -4.92552773548503       -1.31874257817424
C            0.63025039876505       -2.95941190328440       -0.38473026650855
C            0.81497437785439       -3.25192167256155        0.98072825983424
C            0.40080313423225       -2.38270951745340        2.00965343157540
C            0.32923019647848       -2.76329101437025        3.40694688110889
H            0.66766252547867       -3.72121898707166        3.80465820659677
C           -0.27040803633683       -1.73094702810143        4.07197363390127
H           -0.51821487706239       -1.65425039089848        5.13140336982063
C           -0.52724070076928       -0.69553135507090        3.09036977819394
C            1.36567922667536       -4.59974772295567        1.36553203144197
C            2.70763587631902       -4.74229622766319        1.79165378549674
C            3.23058094313301       -5.99623812735959        2.15655411108151
C            2.40757526441587       -7.12413966866071        2.08713355609721
H            2.81473533008251       -8.10653364754000        2.36046120639043
C            1.07704605331875       -7.02344823334536        1.67251938492391
C            0.55817887741558       -5.76198709170774        1.32386166702047
N           -0.86974483290990        1.55878871299921        1.12894514854029
N           -0.57865131423570        0.89959270423771       -1.61295542382416
C           -1.09597373357320        0.55944330542317        3.39597883864651
C           -1.19171539371920        1.61378231009983        2.46013426163416
C           -1.57610852478298        2.97020992194490        2.81160047029173
H           -1.89070076714526        3.28315501928253        3.80756222661001
C           -1.43398674710118        3.72644741765625        1.68281193259074
H           -1.62224508037289        4.79209832601674        1.55393126686527
C           -1.03009796129341        2.82738757310641        0.62086881937622
C           -0.91160919461391        3.19791080630594       -0.73121215913524
C           -0.78189730311390        2.24868489789879       -1.76400854665314
C           -0.98707159860054        2.55618090029046       -3.16494372886687
H           -1.16989563875015        3.55658527087250       -3.55892475536971
C           -0.95811912555778        1.36912385078318       -3.84080648696831
H           -1.10817952989660        1.18832876743575       -4.90609111310298
C           -0.66863941691447        0.33778969168569       -2.86330709829278
C           -0.99576430222838        4.64989196846533       -1.11656744285456
C            0.18427361232886        5.35029444956032       -1.46714528765739
C            0.13862604709344        6.69259426840557       -1.88521281437900
C           -1.09409778924131        7.35131563497771       -1.92588059933750
H           -1.13398031454770        8.40178747787660       -2.24284395304935
C           -2.27744178087345        6.69554548013022       -1.57363871623732
C           -2.22716511221811        5.34321160520856       -1.18614268187235
Fe          -0.25149698462154       -0.07691413728076        0.11906034591295
Cl          -2.48005813911034       -0.72458648785235        0.09265583395205
C           -1.67963124244089        0.76654605935145        4.77097174575976
C           -0.91683265113724        1.31080985766045        5.83907218379505
C           -3.03603382249129        0.40098780565632        4.99748015951196
C           -1.49807050448419        1.49301189573574        7.10983846917788
N            0.42871596773354        1.66864395589438        5.57255417804251
C           -3.61303575690607        0.60756117329442        6.26901366236178
N           -3.75822627935543       -0.19133265666872        3.93450268572307
H           -0.88927845264093        1.90011506196184        7.92181010829789
C           -2.83833674042968        1.14431200132907        7.30065381362510
C            1.40297954339969        2.08567320987837        6.45272303559085
H            0.70312396371036        1.57073058968348        4.59439887563327
H           -4.66240869412723        0.34187750558358        6.41976238844318
C           -5.08568071133809       -0.57275898636452        3.91289327323182
H           -3.22697483979854       -0.36141863763079        3.07519920902147
H           -3.29310329821264        1.29402680969042        8.28836510008122
O            1.25501700670765        2.19390718287117        7.66497598872681
C            2.72762289498775        2.41839383940385        5.79907748631248
O           -5.88679864778422       -0.34409670386288        4.81397626173668
C           -5.49279277553234       -1.32576605248576        2.66913719899477
C            3.98650745157775        2.04047321389648        6.53408924781591
H            2.78005950040845        2.42621968194162        4.70833651063451
C            3.55947464049898        3.48892015686940        6.51478068103377
C           -6.84740868338303       -1.03361428378886        2.07309932221601
H           -4.70763796962130       -1.63267225065651        1.96852703667103
C           -6.66052497496234       -2.30044044084229        2.87385183451850
H            3.87024344185109        1.51634595412776        7.48530396938238
H            4.85164439602333        1.76733947154807        5.92618488674460
H            3.12235429765080        3.88556917944192        7.43422011289024
C            4.33129954542519        4.46124187301507        5.67999406330029
H           -7.44265673407388       -0.25252908105418        2.55453850437693
H           -6.93293991446445       -1.12069680316541        0.98642151516126
H           -7.08128102079783       -2.30915177014867        3.88418259272725
C           -6.63083864691769       -3.61941482609948        2.17744168854653
O            4.41975757113796        5.65545898452693        6.28861053742085
O            4.83357735487260        4.20384438984471        4.60213371588769
O           -7.23673735940841       -4.56893308551462        2.92431248214251
O           -6.14403124173749       -3.83095237030655        1.08498137110023
C            5.15636208128826        6.72674166760306        5.62714987934193
C           -7.31814039580080       -5.91804207418130        2.38459242150067
C            4.17286155109376        7.59980838528832        4.83832543366213
C            5.91054955218534        7.48565137841009        6.71787632453550
H            5.86019577764820        6.24414403753647        4.92563428213133
C           -7.30913754777576       -6.87019159855002        3.58157705870797
C           -8.57181515462541       -6.03931587202962        1.51104220661617
H           -6.41896873705405       -6.07129951539283        1.75802273959166
H            3.66636167064443        7.00260343381037        4.06253863533395
H            3.41593422649923        8.02816371099747        5.50987678173483
H            4.70993012248047        8.42408530525682        4.34985321349743
H            6.58928661935587        6.81582694517188        7.26121405285953
H            6.50969891970339        8.29483218965392        6.27899431510626
H            5.21479105178275        7.92648363039255        7.44322178805523
H           -6.39680686785661       -6.73136145968684        4.17608644887700
H           -8.18070366329156       -6.69161457782740        4.22925683578481
H           -7.35073879026513       -7.91347302445516        3.23965670417069
H           -8.51997105358947       -5.33410552963695        0.67032533485281
H           -8.65888692928972       -7.05764815259952        1.10720364005870
H           -9.47790791001359       -5.82899624558597        2.09950711054123
C           -0.67877966547310       -1.48207940938281       -4.60811248147978
C            0.28312851968709       -1.26574300215840       -5.63178828191105
C           -1.87654618546779       -2.18412516720254       -4.91641139294503
C            0.08342804490868       -1.79829939092775       -6.92091100274098
N            1.41990211133006       -0.48277405952020       -5.30670540908841
C           -2.06452759527375       -2.72094968020160       -6.20781985072650
N           -2.86499932750124       -2.27554676314794       -3.90908187864471
H            0.84016682099148       -1.62574602440495       -7.69153746538517
C           -1.08146267278280       -2.52750245475972       -7.18286841143065
C            2.36261384226027        0.06591537050534       -6.14877723722912
H            1.43228795062171       -0.15600167226431       -4.33909040728887
H           -2.98060643071812       -3.27938831253111       -6.41839142198424
C           -4.09059822230541       -2.90939777159735       -3.96015207082349
H           -2.65756287657879       -1.76409200156765       -3.04703438848387
H           -1.23286831289071       -2.94920367305665       -8.18504908871886
O            2.47465473770035       -0.18794876330928       -7.34222695090363
C            3.25525707502693        1.08457161672338       -5.47250353639599
O           -4.46235645942272       -3.62832291761326       -4.88225824140150
C           -4.97337764490412       -2.62521142003649       -2.76950580766783
C            3.56631978590872        2.33721234114021       -6.25423674118029
H            3.18949151398972        1.19121322477700       -4.38405446123582
C            4.64524359778890        1.29525100540869       -6.07294634392348
C           -5.86942458727427       -3.72529375031913       -2.26122490089162
H           -4.62019384622816       -1.90281997791117       -2.02421692837375
C           -6.47868257947342       -2.61104291804862       -3.07725178487889
H            3.13350312375339        2.41539129448824       -7.25514108961612
H            3.66699971813213        3.26732273241415       -5.68996197568873
H            4.89499868598394        0.67797118852810       -6.94000909342950
C            5.76521133841106        1.60746022932207       -5.13088902179804
H           -5.79640911600517       -4.69251256363214       -2.76542246266707
H           -6.05479732251740       -3.73982902136547       -1.18388198868516
H           -6.74149772872691       -2.84504611455089       -4.11348575133668
C           -7.33009956717844       -1.57857556652289       -2.41583444675987
O            6.93747995430251        1.15793923179253       -5.60765632938529
O            5.63601642285657        2.20779576054386       -4.07979047151725
O           -8.32565090610123       -1.17880563484674       -3.23618565828486
O           -7.17249791994824       -1.15069868968395       -1.29007712539394
C            8.14669920425795        1.39905663246307       -4.82883342526726
C           -9.25813536641660       -0.17526348014134       -2.74304860467920
C            9.06346536002503        0.19565790759502       -5.05457074665127
C            8.76041093179558        2.73382377290522       -5.26115861097710
H            7.83852051429937        1.46153952347854       -3.76765371339237
C           -8.69821740040501        1.22527661053570       -3.02253424655598
C          -10.59767351378316       -0.44943778706808       -3.42572058068599
H           -9.33890484659309       -0.32086512940966       -1.65048419074532
H            8.56080146475588       -0.73045620427193       -4.74603884284278
H            9.33989064844291        0.10981933914260       -6.11653473593197
H            9.98844271513655        0.30919888291933       -4.47301185059402
H            8.05858032752439        3.55708085119710       -5.07610420356928
H            9.68140793303246        2.93234553906156       -4.69597301660884
H            9.01683252775368        2.71558783999999       -6.33168862621953
H           -7.73831883925934        1.36520706345814       -2.49940568596519
H           -8.54275919465648        1.36994459534874       -4.10063401685922
H           -9.40240884152793        1.99127969420385       -2.66912760785943
H          -10.94585023738514       -1.46852786384421       -3.20580460324120
H          -11.36076996500654        0.25720667348360       -3.07279071116954
H          -10.51162129518370       -0.34384740343181       -4.51518009925067
H            4.27246626832961       -6.08278454796060        2.48656011796681
H            0.44023481005401       -7.91375876027351        1.61456596978788
H            1.05842714685823        7.20901658778171       -2.18292529480005
H           -3.23868043190961        7.22229122472419       -1.60159569582594
O            3.44890393514784       -3.58226591749428        1.82896296110278
O           -0.73022250671038       -5.57566333180965        0.88072504520413
O            1.33979181716460        4.60057826816876       -1.44180215500391
O           -3.33769714751207        4.62899624244901       -0.80092323454024
C            4.78397487392858       -3.61732635762807        2.23132006532869
C            5.79169602167015       -3.88880776257496        1.29550688314844
C            5.10587548006370       -3.30117823446183        3.55800753895529
C            7.13265702145550       -3.85033955724938        1.69928871512406
H            5.51525454888004       -4.12223237510245        0.26214441470765
C            6.45064950761615       -3.26436154215726        3.94977685789899
H            4.29622388556864       -3.08373448162263        4.26225808392083
C            7.46566737944680       -3.54033112018994        3.02436840284617
H            7.92413778772857       -4.06132479051952        0.97106961119645
H            6.70816448601982       -3.01728928229648        4.98585920534640
H            8.51852949622571       -3.51173070964180        3.33542770946071
C           -1.69948166726747       -6.56087492881236        1.03923960464188
C           -2.08209941666462       -7.01413313703080        2.31003664360547
C           -2.34686608414040       -7.03284882355782       -0.11090827583064
C           -3.10574033407068       -7.96302938502583        2.42123988371986
H           -1.57894842268526       -6.61752705132341        3.19835629581192
C           -3.37508209532871       -7.97528371236351        0.01483927299611
H           -2.03742646349536       -6.64504105036195       -1.08683726829185
C           -3.75314758350226       -8.44836223066620        1.27772506231850
H           -3.40472258785602       -8.32262879031209        3.41206182799737
H           -3.88331891214112       -8.34437702402090       -0.88259871521117
H           -4.55418909714199       -9.19339913180929        1.37195066587875
C            2.60843720920407        5.15083842950783       -1.32965152263371
C            2.91146314755866        6.20966035366250       -0.45820485018033
C            3.62847769002823        4.52722007921494       -2.06503527691759
C            4.23678302144295        6.65001222137595       -0.34488135239499
H            2.11633804954829        6.67737763423532        0.13065456896174
C            4.94871134534841        4.97041895521217       -1.93697017840213
H            3.37872499357153        3.69095022872496       -2.72531008971020
C            5.25852365773437        6.03790099119456       -1.08273154329020
H            4.47258716761966        7.47916572565387        0.33427566474458
H            5.72853767517792        4.46322397620870       -2.51588024543652
H            6.29304623163456        6.39226680157545       -0.98723995191310
C           -4.62176057662305        5.02531818029264       -1.15669592619029
C           -4.98592369491618        5.24198872147414       -2.49362900807970
C           -5.57811759696571        5.11642337817028       -0.13510094726508
C           -6.31217922995750        5.57078297662281       -2.79980279188437
H           -4.23234487188663        5.14523835257675       -3.28233841692346
C           -6.90254246335286        5.43849742059217       -0.45613980067711
H           -5.26680908651787        4.92409748942469        0.89649489516054
C           -7.27342328429835        5.67284531536463       -1.78610564593504
H           -6.59965248456553        5.74049393516880       -3.84316471916167
H           -7.65106077752207        5.50849412712556        0.34051148002734
H           -8.31192291947016        5.92957681500094       -2.03378132995395
N            1.31448942761998        0.41607917330876        0.17176266305659
C            2.50624510436852        0.94042922699353        0.25264956918397
C            3.32701326270957        1.15358158100547       -0.89447389691387
C            4.55496524053518        1.77516680393664       -0.79939891208456
C            5.05744872104728        2.20126058365120        0.42792520820559
C            4.29413504368677        1.98652652453550        1.56988785100463
C            3.06193178419421        1.37360542229990        1.50631565187861
C            2.19387943109173        1.35869985865838        2.71078281778233
C            1.41453993615246        2.69692826191970        2.70821076995447
C            1.77291063113912        4.07704969547164        3.20197409674784
C            2.13446874606603        5.09457158989375        2.27959622574459
C            1.80094518797168        6.33538530382866        2.69635102748807
S            1.12498922872961        6.31633107260156        4.29259692459837
C            1.27056174621110        4.61697079098126        4.35383183647509
H            2.92942774302065        0.83483507172264       -1.84686151715177
H            5.12520756286567        1.95037970437441       -1.70040273379894
H            6.00496383144560        2.71936932588763        0.50744820294428
H            4.64665998179193        2.34023867692112        2.53074827643435
H            1.43895431061219        0.57946358962565        2.59073941860325
H            2.78333546271924        1.12938552087647        3.59403854532033
H            1.18811818169154        2.84752160145939        1.64814117387494
H            0.48481571512000        2.54197316092600        3.22781925227559
H            2.57730617022183        4.85301821321564        1.33516390047194
H            1.90541739676418        7.27977894372018        2.20060820359713
H            0.87452736116193        4.13180438282834        5.22228813779826
239
 energy: -392.947712639495 gnorm: 0.019804826180 xtb: 6.7.1 (edcfbbe)
N            0.13935828651410       -1.78669824003190       -0.90131334193364
N           -0.10953272651251       -1.11770023513182        1.85798885520717
C           -0.44605114707898       -1.01562873592158       -3.18819740281918
C           -0.00976377568021       -1.97766423170167       -2.25004248071228
C            0.40621302525069       -3.32273646404932       -2.60333040338720
H            0.38046465818142       -3.73437584837938       -3.61337070890709
C            0.83219906098539       -3.91835408670807       -1.45035622765029
H            1.22872169078476       -4.92540126358865       -1.31432952904479
C            0.62966304175858       -2.95966690626499       -0.38020689387369
C            0.81369478860342       -3.25244544893037        0.98534380545324
C            0.39875777125460       -2.38359682060062        2.01414304039966
C            0.32646738402240       -2.76453880925629        3.41142165986522
H            0.66492856601618       -3.72250904144161        3.80905058771573
C           -0.27378612567469       -1.73259246751561        4.07634906341817
H           -0.52225118993663       -1.65610874213414        5.13565487073940
C           -0.52990752799051       -0.69689142278868        3.09473285432156
C            1.36454063983269       -4.60023129903672        1.37009713149783
C            2.70631174869492       -4.74249745341167        1.79695153924371
C            3.22937416968645       -5.99641445628100        2.16184988623749
C            2.40669618803076       -7.12451501586288        2.09168943285973
H            2.81396024714219       -8.10687722612457        2.36501400261808
C            1.07635926704527       -7.02408507517829        1.67634043698810
C            0.55736209461619       -5.76266341244737        1.32769766879093
N           -0.87277989195337        1.55772108636481        1.13399762423543
N           -0.57987740615767        0.89948085811371       -1.60829693354391
C           -1.09878753436057        0.55782467415732        3.39982022612804
C           -1.19490608782211        1.61186232217532        2.46519837823084
C           -1.57983716142979        2.96858503901595        2.81638625694646
H           -1.89519641242670        3.28116116845079        3.81235549140868
C           -1.43747296479051        3.72512631180022        1.68782737408392
H           -1.62602088169202        4.79080532291901        1.55914666294438
C           -1.03269202030671        2.82627268053318        0.62606338056333
C           -0.91364877047378        3.19735207077360       -0.72601535498226
C           -0.78307525534084        2.24838145645751       -1.75896379591432
C           -0.98753686011298        2.55622416615466       -3.16000050203155
H           -1.17041331989823        3.55667967713426       -3.55379504858206
C           -0.95791173193652        1.36936908357465       -3.83612072609210
H           -1.10731503024966        1.18874459801410       -4.90152241777718
C           -0.66874374879167        0.33779895502640       -2.85865711951892
C           -0.99793618775094        4.64940367227891       -1.11104437970233
C            0.18210412533036        5.35020619257915       -1.46081949227780
C            0.13636354493521        6.69260589756880       -1.87855951437690
C           -1.09653051149705        7.35101160763175       -1.91975806059921
H           -1.13650771789166        8.40156304909683       -2.23647445426123
C           -2.27991392990635        6.69484611466348       -1.56833846429382
C           -2.22949372014759        5.34241856829395       -1.18113901231397
Fe          -0.25447570276040       -0.07767967742102        0.12341503933025
Cl          -2.48146676881108       -0.72577365082775        0.09601209647844
C           -1.68392058559934        0.76457426043398        4.77508566425715
C           -0.92206434732213        1.30866558616275        5.84373616188940
C           -3.04045745768722        0.39849345167253        5.00079528374159
C           -1.50397552585384        1.49038120495015        7.11427969104693
N            0.42369006411376        1.66736036561248        5.57757408737677
C           -3.61829181931888        0.60456359910835        6.27205731100231
N           -3.76197133104376       -0.19380875410784        3.93726516597181
H           -0.89577465009144        1.89744134096702        7.92671437079493
C           -2.84428246886838        1.14125054200245        7.30427036845890
C            1.39729770333335        2.08414979357723        6.45884808983297
H            0.69840238881808        1.57005337090470        4.59904381732763
H           -4.66768418247320        0.33856702152743        6.42215830548574
C           -5.08927286751615       -0.57555009426600        3.91485830234671
H           -3.23018004973449       -0.36353573298914        3.07823330015691
H           -3.29965368998045        1.29061238135368        8.29177878429143
O            1.24849723108768        2.19183788181691        7.67106045037894
C            2.72201202393906        2.41723637863907        5.80618643669333
O           -5.89098918401023       -0.34732649424236        4.81554847174460
C           -5.49553057618953       -1.32838059032706        2.67066540031311
C            3.98069122655770        2.03948683587128        6.54176475330603
H            2.77504331438192        2.42522549774578        4.71530574761003
C            3.55330218739670        3.48775397855951        6.52255443080419
C           -6.84987874089369       -1.03642914111671        2.07394822948781
H           -4.70988274298144       -1.63490869722606        1.97041494018187
C           -6.66310584116941       -2.30337140966208        2.87449795878138
H            3.86402240838491        1.51502061682888        7.49279528970864
H            4.84624148996093        1.76667224581371        5.93429285876017
H            3.11553265966943        3.88408071274178        7.44186152268923
C            4.32535834452352        4.46056575238360        5.68841263345464
H           -7.44560316807779       -0.25559562538142        2.55525785938968
H           -6.93478042187473       -1.12326636567966        0.98717634684580
H           -7.08442166133952       -2.31246097990642        3.88460710993081
C           -6.63268811022916       -3.62222249965040        2.17779644843842
O            4.41319116293321        5.65454061318262        6.29741005411683
O            4.82833960982679        4.20350771373618        4.61071688407853
O           -7.23875027302752       -4.57205375007716        2.92406693312409
O           -6.14520279782646       -3.83333754327966        1.08551091779411
C            5.14990651399533        6.72616587273634        5.63670034570642
C           -7.31950130554789       -5.92103206827960        2.38399301039090
C            4.16670117798824        7.59918754050343        4.84752176020752
C            5.90323598290433        7.48500032989730        6.72802764374893
H            5.85422388532523        6.24396707644882        4.93539845178287
C           -7.31091526903092       -6.87347689862743        3.58074086567961
C           -8.57264841237284       -6.04243686296510        1.50969179910617
H           -6.41992912544144       -6.07392294769101        1.75786628447022
H            3.66091508303052        7.00199102921645        4.07130089925891
H            3.40917891648877        8.02719628200167        5.51872315567942
H            4.70375675921819        8.42375128960631        4.35951758845358
H            6.58185090596788        6.81521239300403        7.27158991028187
H            6.50241395830655        8.29448558067742        6.28965563903286
H            5.20691949901043        7.92551404023489        7.45307843477331
H           -6.39894197968893       -6.73456016751433        4.17580615511503
H           -8.18290255520872       -6.69528139251493        4.22798730581877
H           -7.35204716655798       -7.91671011993330        3.23852511581177
H           -8.52052482011120       -5.33700215931278        0.66916765969604
H           -8.65922454220637       -7.06070860936404        1.10554586894338
H           -9.47914131929457       -5.83248442886353        2.09771854950210
C           -0.67738322072130       -1.48161833448813       -4.60393353433925
C            0.28503561128738       -1.26479899407780       -5.62701139753235
C           -1.87478298697671       -2.18390983469824       -4.91308022022879
C            0.08623323259868       -1.79707117225228       -6.91638339644864
N            1.42146456338498       -0.48157178291002       -5.30108649869080
C           -2.06191711840124       -2.72047810935680       -6.20471874907887
N           -2.86381399314456       -2.27584207021157       -3.90629872840619
H            0.84336082411845       -1.62412691052308       -7.68653878648052
C           -1.07833601179792       -2.52652180789785       -7.17916639885532
C            2.36446385779440        0.06751774042371       -6.14250662126781
H            1.43318099789020       -0.15506833406471       -4.33338622663155
H           -2.97773355639476       -3.27910606326303       -6.41593595873114
C           -4.08916368898473       -2.91000710618488       -3.95825287079479
H           -2.65696912359807       -1.76453782167298       -3.04402721285678
H           -1.22906692582240       -2.94802052757119       -8.18154491500798
O            2.47726226166358       -0.18598761575047       -7.33596229128727
C            3.25649173727655        1.08629603311860       -5.46546370580119
O           -4.46025154572377       -3.62881498400916       -4.88073493145719
C           -4.97274054548932       -2.62633606220373       -2.76799401047101
C            3.56765010000242        2.33919224284256       -6.24671271160074
H            3.19008186265255        1.19264367055809       -4.37701160491789
C            4.64671736575021        1.29745238380167       -6.06509508392493
C           -5.86876283437036       -3.72678049887308       -2.26049481612805
H           -4.62014356130640       -1.90402961523148       -2.02233065019028
C           -6.47783406675508       -2.61250977027121       -3.07659390166680
H            3.13536305146196        2.41750877644170       -7.24786015771595
H            3.66776563886647        3.26921642745251       -5.68214566879083
H            4.89715213430652        0.68044209869145       -6.93215997560113
C            5.76611270301823        1.60964548551041       -5.12246998395599
H           -5.79519552536664       -4.69387811122250       -2.76489761784877
H           -6.05473682582287       -3.74163085824075       -1.18323384888109
H           -6.74002152389502       -2.84630971421841       -4.11304885184736
C           -7.32993716087257       -1.58038869114089       -2.41541324978734
O            6.93876159129623        1.16064569385388       -5.59850990290406
O            5.63613598649553        2.20979575205874       -4.07127940094872
O           -8.32511291144845       -1.18068948041840       -3.23619733098547
O           -7.17305223451874       -1.15276058639596       -1.28941362241729
C            8.14746122445819        1.40189141529634       -4.81897343570185
C           -9.25813038973529       -0.17755111930261       -2.74335439429099
C            9.06468274390744        0.19877604165006       -5.04446168630923
C            8.76107576430135        2.73692526026400       -5.25059825774179
H            7.83870067245948        1.46405439148091       -3.75789490483686
C           -8.69842160588549        1.22324535217044       -3.02217669596226
C          -10.59720262887227       -0.45188136469053       -3.42684113988642
H           -9.33947779112265       -0.32340618983454       -1.65084916979212
H            8.56209257993661       -0.72755938373450       -4.73644190168922
H            9.34173624091776        0.11327554428006       -6.10630630766075
H            9.98932012117107        0.31242958048982       -4.46233727420996
H            8.05892623641888        3.55997006253512       -5.06573977677442
H            9.68172291261553        2.93554731708726       -4.68482949172254
H            9.01811387723581        2.71901594309247       -6.32100573999849
H           -7.73885284227355        1.36329665944577       -2.49846300053547
H           -8.54239309721553        1.36821435450333       -4.10017406901595
H           -9.40302144009659        1.98898073103720       -2.66895916413501
H          -10.94524677686463       -1.47113736489730       -3.20736523518871
H          -11.36069878111448        0.25449391453458       -3.07414967499211
H          -10.51056974932043       -0.34599517911825       -4.51625119335421
H            4.27109838684794       -6.08276110525565        2.49243052279323
H            0.43981537209170       -7.91454768810694        1.61781763016365
H            1.05619496988791        7.20934463163373       -2.17562676363383
H           -3.24127599305492        7.22134781576419       -1.59669493267452
O            3.44722931347672       -3.58230133398254        1.83494850705866
O           -0.73082784429461       -5.57657040404586        0.88388084817140
O            1.33779823717125        4.60077206751787       -1.43498684138299
O           -3.34004911874838        4.62782138422406       -0.79672522661019
C            4.78209218551547       -3.61710013011608        2.23806211217438
C            5.79039714252062       -3.88810888213816        1.30273930008523
C            5.10313657488609       -3.30122012231791        3.56503449383362
C            7.13113539551422       -3.84938422336011        1.70728887045636
H            5.51460594448530       -4.12134981238572        0.26915231023113
C            6.44769360062039       -3.26413040697780        3.95757246318865
H            4.29302523383479       -3.08409710411386        4.26888294405172
C            7.46331596658781       -3.53960630189112        3.03265316934964
H            7.92308309112159       -4.05997904955713        0.97946709529363
H            6.70455689797392       -3.01723746713124        4.99386677266479
H            8.51599741867520       -3.51080125087708        3.34432032388029
C           -1.69991840621058       -6.56207376084192        1.04162778675393
C           -2.08312111790939       -7.01573563587079        2.31210426540994
C           -2.34652707072295       -7.03393825951772       -0.10902030958219
C           -3.10658901074002       -7.96493259384979        2.42251301087541
H           -1.58057836814020       -6.61920866515812        3.20081748779257
C           -3.37457524843258       -7.97667627976987        0.01591827871446
H           -2.03664295023490       -6.64580963439115       -1.08469043150662
C           -3.75323150841826       -8.45016235125320        1.27849601897780
H           -3.40603578164627       -8.32484643760376        3.41308112631470
H           -3.88221753872022       -8.34568353388998       -0.88189910586503
H           -4.55413726681638       -9.19543128379047        1.37209243859048
C            2.60625195602223        5.15134840354891       -1.32196785418941
C            2.90835941945897        6.21013072083541       -0.45019210325642
C            3.62692263381177        4.52812607932511       -2.05695263003386
C            4.23372227924348        6.65071689417767       -0.33600824965360
H            2.11276374584157        6.67752791258039        0.13859503621993
C            4.94695252511643        4.97158563953237       -1.92803359366349
H            3.37771328349465        3.69199522736002       -2.71755102204905
C            5.25594157724081        6.03911998430485       -1.07341092471848
H            4.46885347647523        7.47976384378122        0.34357691682528
H            5.72720040536037        4.46478237845621       -2.50661700763167
H            6.29034583887987        6.39367939624426       -0.97718523940156
C           -4.62400948825753        5.02389479162331       -1.15311865073091
C           -4.98747327670436        5.24079900566709       -2.49020747043128
C           -5.58096547788644        5.11449446747069       -0.13201774424847
C           -6.31365450397559        5.56931966548029       -2.79705379382066
H           -4.23342623902464        5.14443949561775       -3.27853163850987
C           -6.90530364437817        5.43629836578910       -0.45371493071435
H           -5.27018461181301        4.92199399199600        0.89971375831534
C           -7.27550205054641        5.67087788613215       -1.78385356227655
H           -6.60058746416528        5.73921029715928       -3.84053531322692
H           -7.65429063430511        5.50589682246786        0.34253766174964
H           -8.31393495977073        5.92739450761291       -2.03204785939286
N            1.31111928424486        0.41652420433846        0.15376546700709
C            2.50293511919558        0.94057742931736        0.20561269701909
C            3.30407688681312        1.11943661550090       -0.95826698095406
C            4.54275893457094        1.71611815198574       -0.88862117318572
C            5.06746106405736        2.15290998376659        0.32235338457737
C            4.31528680793168        1.98295802891920        1.47715366909220
C            3.07302810515947        1.39379671010341        1.44091566282336
C            2.22030520806097        1.40021535497177        2.66051562369984
C            1.43012345887933        2.73358713095287        2.66993177739220
C            1.78642421151658        4.10307508360451        3.19392698359605
C            2.17616778231882        5.13520067514866        2.29996113715722
C            1.83308849242671        6.37120940604151        2.72921280249250
S            1.12005692176783        6.32828624271794        4.30862611725398
C            1.25323537039508        4.62798503730287        4.34311856018432
H            2.89094715264077        0.79259164814608       -1.89723594928435
H            5.10690705385942        1.86068361634084       -1.79683959754431
H            6.02783126222833        2.64467583457721        0.37962261828760
H            4.68556856523460        2.34692899700220        2.42724000009993
H            1.46788784448124        0.61631809676729        2.56464927503171
H            2.82452641941756        1.19119502217058        3.53880211793178
H            1.21726024174739        2.91118195799069        1.61216349347162
H            0.50383627043690        2.56247856480839        3.20243030307842
H            2.65913556546060        4.90371309461653        1.36275272657878
H            1.97637927600350        7.31745582117198        2.25338610087229
H            0.84396327663830        4.12544413104583        5.19496565468434
239
 energy: -392.950897076769 gnorm: 0.021055690907 xtb: 6.7.1 (edcfbbe)
N            0.13858189141150       -1.78732609094473       -0.89688207044246
N           -0.11169401996050       -1.11846848788305        1.86239263380467
C           -0.44562541546072       -1.01555521205809       -3.18390898987769
C           -0.00966009057929       -1.97770360379933       -2.24580445044873
C            0.40686668463662       -3.32259522567211       -2.59914128551746
H            0.38179143629289       -3.73401920713543       -3.60928177896262
C            0.83235329611394       -3.91839855463300       -1.44602625726678
H            1.22902675227132       -4.92537824369959       -1.31002695690895
C            0.62889010760244       -2.95994228558693       -0.37591546591469
C            0.81226081602657       -3.25301776627056        0.98997371529546
C            0.39660094550015       -2.38449770732106        2.01835671333064
C            0.32353284329250       -2.76577089621701        3.41588058473063
H            0.66204115224945       -3.72382735760427        3.81330234406454
C           -0.27725594341724       -1.73436030661093        4.08059389704735
H           -0.52643027311495       -1.65796223038365        5.13974658457452
C           -0.53290803549542       -0.69814810579302        3.09893398852481
C            1.36322770518221       -4.60078540149870        1.37455550593520
C            2.70481394945274       -4.74279713230443        1.80214367773954
C            3.22796133113957       -5.99669905356515        2.16705016800432
C            2.40559336469222       -7.12497825368490        2.09616879897680
H            2.81293886419287       -8.10731295943630        2.36950578057910
C            1.07545578896588       -7.02478196285228        1.68008202290161
C            0.55636095594054       -5.76339275121021        1.33143910237849
N           -0.87583489227991        1.55647205159519        1.13845427399158
N           -0.58106947383894        0.89941722822440       -1.60385561063170
C           -1.10168751860791        0.55614345313147        3.40330039719150
C           -1.19824396110654        1.61004058775176        2.46987205846824
C           -1.58326473306179        2.96707195959565        2.82095232335246
H           -1.89966768374957        3.27916130899189        3.81687120632320
C           -1.44083800720799        3.72376293271046        1.69275260246112
H           -1.62972352573308        4.78948793017173        1.56411843539024
C           -1.03513615450591        2.82508284291179        0.63090414294046
C           -0.91569002468571        3.19678037450537       -0.72094572899351
C           -0.78423503478749        2.24791629878092       -1.75418936860475
C           -0.98798055893138        2.55619417625009       -3.15525687227214
H           -1.17088893781925        3.55667981884935       -3.54890640039834
C           -0.95770013578658        1.36950242553133       -3.83163429092642
H           -1.10645518333663        1.18906607305495       -4.89714857610485
C           -0.66886195463030        0.33776493722631       -2.85418283591974
C           -1.00006379814470        4.64884719834833       -1.10578067816513
C            0.17998917208455        5.35003519104469       -1.45475052079128
C            0.13421010156022        6.69251921340387       -1.87216463441524
C           -1.09884444425011        7.35063845151099       -1.91391491852275
H           -1.13889133812268        8.40126396593605       -2.23040097169561
C           -2.28227760868075        6.69410826125367       -1.56332377551072
C           -2.23175198774684        5.34159403881170       -1.17640793572381
Fe          -0.25779520410552       -0.07839487373218        0.12800642934743
Cl          -2.48297428157421       -0.72692467105599        0.09914481123932
C           -1.68832397146181        0.76269379706062        4.77904268320245
C           -0.92745507612468        1.30656460611631        5.84822467905797
C           -3.04496311370674        0.39606437270528        5.00390168168595
C           -1.50998653381835        1.48784680980937        7.11851627107299
N            0.41871776824189        1.66596117126539        5.58278679457038
C           -3.62362962553918        0.60167929554561        6.27487201358402
N           -3.76582609090075       -0.19620727342282        3.93980635763968
H           -0.90236388906874        1.89483111211901        7.93140344314093
C           -2.85032110908380        1.13830816669915        7.30766704710836
C            1.39150826455873        2.08240936132306        6.46491841026375
H            0.69379813865520        1.56885900831225        4.60413584462386
H           -4.67303805497289        0.33538375889938        6.42433844449137
C           -5.09293338522748       -0.57821148395209        3.91663434277441
H           -3.23345650870169       -0.36558935803256        3.08108000075569
H           -3.30629141324326        1.28732264230249        8.29496523696603
O            1.24198332095423        2.18979244303852        7.67701747790751
C            2.71631046067990        2.41612269101169        5.81304104548294
O           -5.89528266987358       -0.35042769142299        4.81689987450716
C           -5.49838044611349       -1.33090488650833        2.67198456411070
C            3.97480938410368        2.03845894244605        6.54922020866121
H            2.77001298658471        2.42405588352830        4.72201095130345
C            3.54707229241696        3.48652800302612        6.53011934125444
C           -6.85243609038646       -1.03912437505955        2.07459154656106
H           -4.71223425729599       -1.63706499288120        1.97212275199673
C           -6.66580724663191       -2.30616642257543        2.87495310668222
H            3.85774259008982        1.51365444559196        7.50008479237422
H            4.84079750473927        1.76589962988749        5.94220348243321
H            3.10869698441710        3.88255462812499        7.44927755190232
C            4.31939827126749        4.45985504350152        5.69668016447550
H           -7.44862810305305       -0.25852734175430        2.55574434716589
H           -6.93670771121359       -1.12572245689069        0.98773370814023
H           -7.08769771260603       -2.31562773967479        3.88482606923225
C           -6.63468937426225       -3.62492641770518        2.17799175516433
O            4.40668170637441        5.65351086410125        6.30596335913723
O            4.82306600017639        4.20306651198867        4.61915256264378
O           -7.24094448457336       -4.57503501424087        2.92363284762329
O           -6.14651967705074       -3.83562165731683        1.08587832693449
C            5.14352372371413        6.72544958063391        5.64602408438423
C           -7.32106162905140       -5.92387668787282        2.38325562893066
C            4.16062577456602        7.59846722104801        4.85648208326053
C            5.89599575054521        7.48423776130449        6.73790926738627
H            5.84829398418777        6.24366412012089        4.94491239954276
C           -7.31291654893477       -6.87661221567715        3.57977355093179
C           -8.57367728571165       -6.04540742798611        1.50818502171450
H           -6.42108954623926       -6.07643727349273        1.75757743159256
H            3.65562659194224        7.00117858816236        4.07989377953581
H            3.40252402854270        8.02614286454313        5.52730799433520
H            4.69769174635686        8.42328303069266        4.36892669074273
H            6.57446119994062        6.81449767574561        7.28170424781819
H            6.49522382371664        8.29399931995744        6.30004999694737
H            5.19914628554571        7.92445367698438        7.46264890584583
H           -6.40131042029307       -6.73762316141196        4.17538350365338
H           -8.18532250453721       -6.69878852703948        4.22656470378508
H           -7.35360994763010       -7.91979026257665        3.23729005257448
H           -8.52124883791132       -5.33976052518815        0.66786240909743
H           -8.65978243373518       -7.06361410744790        1.10377173303926
H           -9.48056432471243       -5.83581112559378        2.09575499920984
C           -0.67605305782167       -1.48126653274475       -4.59990595067701
C            0.28686741721895       -1.26401066305660       -5.62239124805100
C           -1.87307084828561       -2.18377904268712       -4.90991854924278
C            0.08897651001839       -1.79599818490460       -6.91199921518371
N            1.42301063177098       -0.48051306566317       -5.29562470079620
C           -2.05938792607031       -2.72010258538879       -6.20176354478619
N           -2.86275227665692       -2.27619393802406       -3.90365393978454
H            0.84649140251349       -1.62269838307891       -7.68168642874473
C           -1.07528359532785       -2.52567936670467       -7.17561053403948
C            2.36624675997743        0.06889411294767       -6.13640569569476
H            1.43400869534816       -0.15428069794688       -4.32785248534093
H           -2.97494522766775       -3.27890243808303       -6.41363292318026
C           -4.08778033316777       -2.91063635446286       -3.95654869053555
H           -2.65644013540044       -1.76502661344939       -3.04119817416822
H           -1.22534150290958       -2.94698334977711       -8.17817878016140
O            2.47985732604760       -0.18424794692302       -7.32985502245476
C            3.25773291025019        1.08781692787156       -5.45859120287647
O           -4.45826822799025       -3.62933456106986       -4.87936256458324
C           -4.97222230486372       -2.62744596210166       -2.76664119839763
C            3.56900188528397        2.34093224873820       -6.23937338229057
H            3.19062561043855        1.19389610826326       -4.37016779392270
C            4.64816316930827        1.29939149185330       -6.05742853017678
C           -5.86822182936088       -3.72822538690627       -2.25993490155013
H           -4.62017352837267       -1.90522929944462       -2.02063724342207
C           -6.47706727950221       -2.61393923983614       -3.07612416391017
H            3.13725846123477        2.41939747252878       -7.24076381999466
H            3.66857077621074        3.27087311889946       -5.67453166171407
H            4.89929420235387        0.68265119226981       -6.92446975073473
C            5.76701149078277        1.61155921001800       -5.11427476294949
H           -5.79413183426028       -4.69520824210827       -2.76451750526347
H           -6.05480387355027       -3.74338027040847       -1.18276453087037
H           -6.73864630834489       -2.84753529700377       -4.11278502560321
C           -7.32985996227400       -1.58212085317664       -2.41521169898277
O            6.94002923469332        1.16305434488920       -5.58952099159324
O            5.63623199010504        2.21160746067128       -4.06305261878036
O           -8.32464327989020       -1.18249142886182       -3.23639879010032
O           -7.17366996084501       -1.15474830928953       -1.28896573861820
C            8.14819527377588        1.40441268809943       -4.80929139221075
C           -9.25815726502976       -0.17975281901303       -2.74390340154201
C            9.06585875128317        0.20155620894925       -5.03448394480228
C            8.76175675004476        2.73969795952739       -5.24020164777983
H            7.83885539297235        1.46623736312668       -3.74832615049193
C           -8.69863026166562        1.22131343895583       -3.02207150107058
C          -10.59677193838565       -0.45419669933303       -3.42820019711686
H           -9.34010006431681       -0.32581884335613       -1.65145516991367
H            8.56331961866033       -0.72496573673137       -4.72696755064751
H            9.34355774117204        0.11637950765145       -6.09618921299331
H            9.99014830626972        0.31531925375807       -4.45181062372144
H            8.05931074897548        3.56252829195115       -5.05555200281889
H            9.68204856694690        2.93840269653184       -4.67386757674570
H            9.01942981099084        2.72209556103991       -6.31047003524692
H           -7.73939234017697        1.36145714711275       -2.49777607901012
H           -8.54203251176098        1.36655920878013       -4.09995162498877
H           -9.40362670646205        1.98678240115784       -2.66907310051802
H          -10.94471111864522       -1.47359446195469       -3.20915427894195
H          -11.36065292549138        0.25192026561044       -3.07578053088288
H          -10.50956017299333       -0.34802778012947       -4.51754268169711
H            4.26951908251649       -6.08286929906706        2.49821270793746
H            0.43916675100092       -7.91538332349810        1.62100386961831
H            1.05406792278047        7.20955438314301       -2.16858809096292
H           -3.24374795687024        7.22038822945674       -1.59210095306861
O            3.44540031334890       -3.58245178606529        1.84082023938566
O           -0.73162106939507       -5.57751254684629        0.88692283372367
O            1.33586705416767        4.60084254418590       -1.42838785615680
O           -3.34235148396015        4.62664864708156       -0.79277734793736
C            4.78005835206242       -3.61700638832086        2.24469386897809
C            5.78894318660065       -3.88757324773177        1.30988352993754
C            5.10024902228522       -3.30137595841808        3.57194032659266
C            7.12945680582847       -3.84862226474162        1.71520070782775
H            5.51380479554951       -4.12063969363429        0.27608343434674
C            6.44458633429328       -3.26405773963653        3.96524683364599
H            4.28968104837689       -3.08454349883264        4.27536486274156
C            7.46080934775070       -3.53907395018802        3.04083593904745
H            7.92187120152329       -4.05885423043957        0.98779988154967
H            6.70080943845749       -3.01734446989010        5.00173656381108
H            8.51330575907952       -3.51009380826567        3.35311234348133
C           -1.70055771003543       -6.56328029612280        1.04392030623893
C           -2.08436429320516       -7.01732823250503        2.31405181440803
C           -2.34640537917644       -7.03503836415689       -0.10722684501726
C           -3.10768081306667       -7.96680584499251        2.42367254178948
H           -1.58242787685171       -6.62088913576003        3.20315151941579
C           -3.37429090535987       -7.97805316956662        0.01690806953057
H           -2.03605737744078       -6.64660725487559       -1.08262852373361
C           -3.75355754370544       -8.45192725193646        1.27918256921139
H           -3.40759802873444       -8.32702711362393        3.41397477604078
H           -3.88134312518272       -8.34698214805879       -0.88126634252808
H           -4.55433473483636       -9.19741428953600        1.37214456549446
C            2.60412221530014        5.15171213291395       -1.31445163778770
C            2.90528165885963        6.21044218484326       -0.44238885324629
C            3.62542462594935        4.52885114720095       -2.04906733278325
C            4.23070817771678        6.65134310194345       -0.32748952559177
H            2.10924846782138        6.67755819516983        0.14637631177634
C            4.94523842107629        4.97255651434149       -1.91933917930604
H            3.37678234964893        3.69282623627791       -2.70995712468449
C            5.25341229392954        6.04015666862746       -1.06427698333359
H            4.46522299359984        7.48020267430905        0.35260924400503
H            5.72590015492891        4.46611268726284       -2.49756570964686
H            6.28770397980726        6.39488785851468       -0.96737251439071
C           -4.62618959991066        5.02249294503276       -1.14982958274535
C           -4.98894652853996        5.23962611657563       -2.48704814290735
C           -5.58375834222961        5.11262239768250       -0.12922583138689
C           -6.31505036379160        5.56790161117205       -2.79457958359233
H           -4.23443629185882        5.14363369597168       -3.27498005646029
C           -6.90798560863718        5.43418606817275       -0.45158963292831
H           -5.27350903482234        4.91995546010121        0.90263355561082
C           -7.27749398316292        5.66898888500852       -1.78191193777126
H           -6.60143359528630        5.73797452024597       -3.83817228885218
H           -7.65745073802499        5.50341876525347        0.34423152674673
H           -8.31585116660645        5.92531785084064       -2.03062060816792
N            1.31204775226806        0.41253845485747        0.14639186295722
C            2.49908233322540        0.94444504549433        0.16512069894960
C            3.28262671868385        1.08192819702444       -1.01658465329991
C            4.53169066082174        1.65461305460798       -0.97689809374442
C            5.08053271071721        2.11043134352721        0.21753821286536
C            4.34120196370057        1.99164024799926        1.38598574243537
C            3.08790329701061        1.42502870235017        1.37929042640723
C            2.25228209015328        1.44555824586604        2.61075663429309
C            1.44613053272075        2.76893777327768        2.63376799825028
C            1.79448942750616        4.12586798954950        3.18598813339328
C            2.21869505265764        5.16978614619800        2.32413660219478
C            1.87851844602504        6.40339826832379        2.76857597999604
S            1.13511427871304        6.33245168727666        4.32585064933307
C            1.23944556677226        4.63105305632840        4.32762133768685
H            2.85290318120839        0.74117336605051       -1.94379165354090
H            5.08892378015475        1.76812067863742       -1.89536265764042
H            6.05329242830168        2.57635364799944        0.24590456651850
H            4.72859633835618        2.36802718461880        2.32464749461343
H            1.51131146189136        0.65057573934430        2.54039079701300
H            2.87725182036733        1.25983501710687        3.48139368862034
H            1.23770049680830        2.97000666802996        1.58107575503375
H            0.52268152427512        2.57658799734129        3.17358427866978
H            2.68798233639900        4.96641858246673        1.39385464189588
H            2.04026840878477        7.36394788023657        2.31261260953148
H            0.80525585521101        4.11112650276842        5.15936075643826
239
 energy: -392.953895215776 gnorm: 0.020259342480 xtb: 6.7.1 (edcfbbe)
N            0.13763138248425       -1.78807103071307       -0.89309950609711
N           -0.11396940415655       -1.11926772153896        1.86617025886032
C           -0.44553973442760       -1.01561057642457       -3.18028387856218
C           -0.00989038396865       -1.97784447412892       -2.24228228723120
C            0.40717752105334       -3.32256652429679       -2.59561761259863
H            0.38268245918821       -3.73379106065220       -3.60584313271532
C            0.83222482818478       -3.91853600836532       -1.44238643223205
H            1.22903665063956       -4.92543575551134       -1.30642519584866
C            0.62791091717828       -2.96022040143120       -0.37238333049450
C            0.81074922902322       -3.25361709683382        0.99397184870710
C            0.39446278936397       -2.38537778945028        2.02182442112403
C            0.32068657577322       -2.76695974245861        3.41969524853107
H            0.65927954547011       -3.72509332641958        3.81684359628840
C           -0.28049196950240       -1.73611301870745        4.08418303756995
H           -0.53033884740773       -1.65974055968906        5.14317489707938
C           -0.53624330323654       -0.69946310925594        3.10258964601443
C            1.36183381083725       -4.60136950062816        1.37829249928328
C            2.70325455752729       -4.74317081674854        1.80651761842499
C            3.22648448606687       -5.99704458823744        2.17141188019537
C            2.40440657316765       -7.12548282180749        2.09990185256645
H            2.81183167849251       -8.10778229934965        2.37324106331514
C            1.07445644718547       -7.02549342541118        1.68317986463279
C            0.55526246655143       -5.76414381138745        1.33454732732985
N           -0.87802535923076        1.55516821399382        1.14174170120039
N           -0.58224392952564        0.89926365252935       -1.60003210305677
C           -1.10457792151245        0.55437643591588        3.40665871484004
C           -1.20117219409311        1.60833347768930        2.47369680642575
C           -1.58653964461843        2.96549091182831        2.82486728616260
H           -1.90403461781169        3.27729387290394        3.82058720748984
C           -1.44422473196749        3.72242500835653        1.69691682059073
H           -1.63322673703509        4.78818679802275        1.56830563146003
C           -1.03752693632775        2.82396743771563        0.63483862786786
C           -0.91779270475753        3.19622137060794       -0.71660905263590
C           -0.78554518310396        2.24735336683164       -1.75017506695264
C           -0.98869730615117        2.55605938499454       -3.15119976599345
H           -1.17163711161956        3.55655340783894       -3.54474050248068
C           -0.95782329377262        1.36948563325136       -3.82781612206605
H           -1.10602186603643        1.18925707426585       -4.89342581536037
C           -0.66923493671403        0.33766073327149       -2.85042134892473
C           -1.00225021833530        4.64824811266856       -1.10127422597516
C            0.17778867651683        5.34979840020640       -1.44952772878394
C            0.13196602595389        6.69233320509555       -1.86667891751783
C           -1.10122705454845        7.35019607624882       -1.90889232428448
H           -1.14134291556309        8.40087712436497       -2.22517347069499
C           -2.28467885152192        6.69333626213939       -1.55903018316733
C           -2.23405793215441        5.34075291838670       -1.17237635174166
Fe          -0.26083919409884       -0.07909808174004        0.13212975482108
Cl          -2.48459505613716       -0.72803926097271        0.10175762424511
C           -1.69259352882231        0.76077721824613        4.78253854171219
C           -0.93255586997922        1.30447582070988        5.85203581761627
C           -3.04924462390640        0.39376425554812        5.00649371449378
C           -1.51552321848783        1.48544542841805        7.12211078518770
N            0.41381263764219        1.66509792542574        5.58727562473805
C           -3.62856915651648        0.59898999889287        6.27720957716476
N           -3.76948621471695       -0.19845395416269        3.94189517105036
H           -0.90842451243146        1.89239030286237        7.93536599271059
C           -2.85588300639047        1.13556159204968        7.31051522749256
C            1.38588096744509        2.08102823226065        6.47005470479764
H            0.68935911693787        1.56767345313696        4.60883343416431
H           -4.67798441793203        0.33242644846520        6.42612120080705
C           -5.09641024663800       -0.58070782916162        3.91805877520211
H           -3.23659605058513       -0.36753273533362        3.08345161572252
H           -3.31237564541762        1.28427067758563        8.29761263602082
O            1.23605238587617        2.18782005705276        7.68207613792127
C            2.71098791693165        2.41509304239035        5.81887475702677
O           -5.89929937449912       -0.35332620412332        4.81793184312782
C           -5.50114277971006       -1.33327721013882        2.67300208347856
C            3.96935708207019        2.03744314351199        6.55558607493535
H            2.76531374213575        2.42274896953359        4.72779391216671
C            3.54130323060684        3.48534315004156        6.53658464310875
C           -6.85494082194123       -1.04165704106826        2.07503013489826
H           -4.71456724234772       -1.63909879550230        1.97349496829307
C           -6.66842797979932       -2.30879795090671        2.87521307172735
H            3.85197188624396        1.51235520876777        7.50629877022481
H            4.83574506630420        1.76510951656155        5.94897406224809
H            3.10242602368958        3.88109926198347        7.45561545228493
C            4.31384657355532        4.45914527086237        5.70379091640863
H           -7.45154482232072       -0.26129019681596        2.55603638249465
H           -6.93866598617166       -1.12803744358588        0.98811880597096
H           -7.09082007255714       -2.31859229189197        3.88486704533567
C           -6.63668974124442       -3.62746027474257        2.17801830639598
O            4.40067571656372        5.65247596821093        6.31330110902458
O            4.81810410995545        4.20254689398028        4.62644670722579
O           -7.24309772943932       -4.57782760338343        2.92310027353552
O           -6.14793170175568       -3.83778031399977        1.08608596670592
C            5.13763930857150        6.72471245848751        5.65405542885042
C           -7.32265436747781       -5.92655560578217        2.38245973916429
C            4.15509604691572        7.59769775413392        4.86424342697074
C            5.88935782492119        7.48345666586139        6.74643154250499
H            5.84279629335139        6.24329093808917        4.95310300188242
C           -7.31488622923973       -6.87955474272002        3.57876779221598
C           -8.57480931401761       -6.04819990348609        1.50672605822887
H           -6.42233903619533       -6.07880870813956        1.75717873717188
H            3.65094480222391        7.00023355940664        4.08738214342120
H            3.39641037126391        8.02508610336234        5.53468317005267
H            4.69206566468542        8.42275804405269        4.37703979333070
H            6.56768007637676        6.81377229795851        7.29041065590510
H            6.48860412367876        8.29345737925569        6.30902424898610
H            5.19204398384981        7.92340165763400        7.47088072324443
H           -6.40360928270346       -6.74049369614929        4.17484351655891
H           -8.18764175539281       -6.70207054331528        4.22515759734829
H           -7.35518574778570       -7.92266261109970        3.23605813201408
H           -8.52211823670912       -5.34236731461205        0.66659207101113
H           -8.66049384358623       -7.06633198642316        1.10207886253326
H           -9.48202634238123       -5.83893292337318        2.09388497262460
C           -0.67518590861816       -1.48105656344890       -4.59652186050439
C            0.28815696873844       -1.26340955800447       -5.61849467338362
C           -1.87185203241163       -2.18376829632315       -4.90729677096702
C            0.09106155649501       -1.79514076325594       -6.90829650667310
N            1.42407092042226       -0.47967205166259       -5.29099307741347
C           -2.05745604469037       -2.71986392348371       -6.19931438582326
N           -2.86212326698265       -2.27662283575596       -3.90147414069323
H            0.84890326128698       -1.62152534885675       -7.67757915708914
C           -1.07291350292899       -2.52502921391873       -7.17263897569683
C            2.36747159428354        0.07003010476115       -6.13121628052174
H            1.43441117307458       -0.15366307236130       -4.32316923055702
H           -2.97277681790381       -3.27881979762168       -6.41175820487207
C           -4.08682890809489       -2.91130614646744       -3.95520253491152
H           -2.65625872092332       -1.76557814117867       -3.03887047086550
H           -1.22238196904807       -2.94615420044581       -8.17536514933716
O            2.48180777998540       -0.18278447466101       -7.32464197665633
C            3.25849658953834        1.08908469026991       -5.45272544191818
O           -4.45681018596634       -3.62989945657024       -4.87828007204587
C           -4.97204889260949       -2.62855609764912       -2.76558388635792
C            3.56984415836295        2.34239101593607       -6.23309665602606
H            3.19075595144035        1.19494257291342       -4.36435367714027
C            4.64909399683414        1.30103187687416       -6.05088175943773
C           -5.86800725803711       -3.72963516592938       -2.25958375957825
H           -4.62047671134725       -1.90642572681317       -2.01930176434192
C           -6.47667418880078       -2.61532923048629       -3.07583779936562
H            3.13858198406837        2.42099782230031       -7.23468117042681
H            3.66893081905491        3.27224337814008       -5.66802083301052
H            4.90083609434766        0.68454831317460       -6.91789531689485
C            5.76744669231151        1.61318975142185       -5.10730668290233
H           -5.79346554594662       -4.69650013573549       -2.76431480618268
H           -6.05511808968838       -3.74506759227748       -1.18251396952591
H           -6.73772443600003       -2.84874736160140       -4.11266410196922
C           -7.33006575460509       -1.58379954562206       -2.41515102889076
O            6.94080581337930        1.16509603140280       -5.58182872596537
O            5.63597174902415        2.21319659625685       -4.05613091497669
O           -8.32451704336930       -1.18422578468588       -3.23667626329521
O           -7.17449163861719       -1.15665697664486       -1.28872191424266
C            8.14851374255316        1.40658351043955       -4.80100310565298
C           -9.25846887030603       -0.18184369613672       -2.74449422177963
C            9.06657467997165        0.20397358495750       -5.02593458656737
C            8.76201927071394        2.74209731350945       -5.23127243596716
H            7.83865389034555        1.46806782755247       -3.74020235815806
C           -8.69912125530623        1.21945747872590       -3.02207732342930
C          -10.59669683631321       -0.45639715499551       -3.42948884751699
H           -9.34093200398916       -0.32810720467688       -1.65210061124226
H            8.56408915119297       -0.72270845358873       -4.71885968708460
H            9.34483076019387        0.11908006861713       -6.08750035221752
H            9.99054437256149        0.31782765975450       -4.44279479231662
H            8.05930895382864        3.56472269155849       -5.04679793527777
H            9.68198266065213        2.94087838714776       -4.66445786244217
H            9.02023712739938        2.72477913731519       -6.30140173707400
H           -7.74017760599654        1.35968291571017       -2.49728721546232
H           -8.54203435230278        1.36495121703961       -4.09983557272333
H           -9.40446098261586        1.98467414027884       -2.66927497966906
H          -10.94452330822226       -1.47590682101652       -3.21082846183110
H          -11.36090304981340        0.24947008580046       -3.07730987803662
H          -10.50898130954917       -0.34997997181340       -4.51875003942407
H            4.26789298086975       -6.08305419794848        2.50308002366352
H            0.43839897650417       -7.91621830681758        1.62361249264359
H            1.05183391854733        7.20963726077403       -2.16253481482947
H           -3.24624690286361        7.21940999547178       -1.58817151003302
O            3.44355270172414       -3.58267264440560        1.84579361418753
O           -0.73255359597912       -5.57846528381439        0.88942320014683
O            1.33385901155815        4.60080962288610       -1.42273052809514
O           -3.34468858874832        4.62549198059787       -0.78942375934688
C            4.77802992368878       -3.61699972850979        2.25031969096529
C            5.78742504620838       -3.88717011762293        1.31596540252367
C            5.09748781448670       -3.30158026563137        3.57779451740881
C            7.12773015866345       -3.84801616340454        1.72194692340690
H            5.51285156970176       -4.12008459733624        0.28198881872440
C            6.44162164708851       -3.26407597911626        3.97176295309940
H            4.28652801524075       -3.08505428787551        4.28085073984335
C            7.45835778564733       -3.53867958769807        3.04780169758732
H            7.92054588386385       -4.05792533115377        0.99491040625369
H            6.69728259111050       -3.01752852786783        5.00841971532993
H            8.51068726627513       -3.50954265905681        3.36060552440884
C           -1.70134263531872       -6.56446936668917        1.04576443384235
C           -2.08567626650483       -7.01887011463106        2.31557255433173
C           -2.34653630825396       -7.03613718118407       -0.10581455963367
C           -3.10884702121670       -7.96859823268529        2.42449722129260
H           -1.58427174556592       -6.62251165376756        3.20500458835941
C           -3.37425327730401       -7.97939544685231        0.01761514782376
H           -2.03578444389074       -6.64743351635775       -1.08096836807726
C           -3.75404182470707       -8.45361735774114        1.27961952926811
H           -3.40916044371526       -8.32909478447362        3.41456721450122
H           -3.88078727296780       -8.34825639538013       -0.88086282471379
H           -4.55469453769021       -9.19930198760883        1.37201308494383
C            2.60192563668358        5.15195560626567       -1.30799575795319
C            2.90226817165865        6.21061957486671       -0.43572005725033
C            3.62377485393645        4.52943999171608       -2.04229739360569
C            4.22770211494393        6.65181810177765       -0.32015855440400
H            2.10583584461453        6.67752918131152        0.15297493783893
C            4.94337650917995        4.97338641445521       -1.91188374719410
H            3.37567093240585        3.69345981005462       -2.70342317670532
C            5.25085047405631        6.04096360404624       -1.05635186246907
H            4.46169184083183        7.48050370357771        0.36037570963055
H            5.72442197962369        4.46724352612184       -2.48979266633166
H            6.28502725579265        6.39588303830215       -0.95893986985662
C           -4.62842922124042        5.02112184179646       -1.14705994020412
C           -4.99058153278772        5.23846085107280       -2.48436421689619
C           -5.58653779095557        5.11082772342028       -0.12688920146037
C           -6.31661944123402        5.56651181232453       -2.79248057352021
H           -4.23567404797570        5.14279948043198       -3.27195210510736
C           -6.91065238085000        5.43217373374748       -0.44982366350299
H           -5.27674126278235        4.91801531320204        0.90506841394690
C           -7.27956255432835        5.66717435005639       -1.78030202959974
H           -6.60251802192696        5.73674774541470       -3.83617013433966
H           -7.66053153016098        5.50107943221098        0.34561129705204
H           -8.31785421881047        5.92333398679221       -2.02943992927312
N            1.31449978567529        0.40579156861512        0.14709128513519
C            2.49568467719304        0.94689650940251        0.13456234406420
C            3.26399576584402        1.04451109955775       -1.06503967503649
C            4.52181376093332        1.59838334247141       -1.05729539696313
C            5.09497769975930        2.07895605645222        0.12152625282522
C            4.37096298940057        2.00814503865870        1.30329189257544
C            3.10615806889483        1.45963884121210        1.32699524125117
C            2.28844715002223        1.49274182355710        2.57031939337322
C            1.46616968758173        2.80247642616935        2.60589771892955
C            1.79540962563962        4.14956111598849        3.18089652034443
C            2.25129252301812        5.20368884858004        2.35099005073890
C            1.92474143203631        6.43062547515925        2.81629902110225
S            1.11781903414695        6.34448443768580        4.34585917629036
C            1.20056161607497        4.63906628767983        4.31173530731554
H            2.81684408895290        0.68174281278473       -1.98175342189119
H            5.07174838852045        1.68447583724092       -1.98546951895661
H            6.07969639521678        2.52168120505992        0.11684116781740
H            4.77442429769683        2.39945225932298        2.22988608216785
H            1.55964674714523        0.68177596718322        2.52654481202108
H            2.93924598740989        1.33139334146175        3.42972435061799
H            1.24912219147132        3.02168699118659        1.55884984977245
H            0.53970937887195        2.58788089636863        3.13550521209966
H            2.77769155219399        5.00472145627464        1.42562750828662
H            2.11920315391128        7.39458041845587        2.38010307780151
H            0.74773441018414        4.09687367644139        5.12111734697559
239
 energy: -392.955908576735 gnorm: 0.008574824918 xtb: 6.7.1 (edcfbbe)
N            0.13742814729948       -1.78733779078266       -0.89182981950347
N           -0.11476977713021       -1.11881757696699        1.86754297688572
C           -0.44550560175163       -1.01498266729627       -3.17906247527507
C           -0.00991798304321       -1.97724503930058       -2.24099580628221
C            0.40724819503639       -3.32190698217758       -2.59429352904265
H            0.38290272345727       -3.73310829524826       -3.60452005104225
C            0.83216122624510       -3.91786551126800       -1.44104499139123
H            1.22900283580002       -4.92474046065972       -1.30505933793788
C            0.62771645422906       -2.95964970671955       -0.37096432290158
C            0.81036490753260       -3.25302520248139        0.99523170599904
C            0.39384835419084       -2.38480103844593        2.02329040877035
C            0.31996650713309       -2.76643203475892        3.42088304318233
H            0.65853046758706       -3.72451405947148        3.81815570838843
C           -0.28139006140346       -1.73543676090795        4.08533729368837
H           -0.53130083579533       -1.65933450396711        5.14432882375282
C           -0.53727353744515       -0.69881160213133        3.10389744627434
C            1.36146189902024       -4.60076146104985        1.37968545028463
C            2.70280866251883       -4.74254936353371        1.80806722544170
C            3.22604610828963       -5.99638542575363        2.17298045639627
C            2.40404521496283       -7.12485167470608        2.10134025227006
H            2.81147706160276       -8.10712570286879        2.37469498523426
C            1.07417188808237       -7.02489307279451        1.68446579179645
C            0.55495379218736       -5.76357658094796        1.33580323533454
N           -0.87767938787893        1.55607996345051        1.14315655661378
N           -0.58221046171522        0.89967837296113       -1.59861620117641
C           -1.10641139103614        0.55558198928727        3.40872608089404
C           -1.20268528063540        1.61000295545853        2.47482072690683
C           -1.58786331975163        2.96621592457661        2.82595515086753
H           -1.90513530713669        3.27787142290653        3.82158694934945
C           -1.44513337358393        3.72303439268296        1.69789035985926
H           -1.63404527720172        4.78866963189832        1.56941672050670
C           -1.03834589631952        2.82468067014795        0.63595978818644
C           -0.91826021971995        3.19673033231884       -0.71550933818406
C           -0.78581836003327        2.24799124672726       -1.74889323430910
C           -0.98882728486145        2.55660831915081       -3.14995364952546
H           -1.17174207985051        3.55710551911610       -3.54348446902657
C           -0.95780728922789        1.37008413052441       -3.82655483752837
H           -1.10585284147876        1.18987660421422       -4.89218204755656
C           -0.66926335325047        0.33825279086797       -2.84917619324727
C           -1.00272387002209        4.64881030100740       -1.10005203936982
C            0.17735193039298        5.35041154380046       -1.44807737461042
C            0.13147682906816        6.69294637090366       -1.86520893893396
C           -1.10170793786214        7.35074963572995       -1.90757082834051
H           -1.14183199658571        8.40141886990847       -2.22382726853162
C           -2.28515498231431        6.69382894324871       -1.55788471949556
C           -2.23454168831181        5.34125666813769       -1.17126522920620
Fe          -0.25970105672898       -0.07842874617918        0.13355808613242
Cl          -2.48491040937102       -0.72757698944261        0.10276689114877
C           -1.69385499039744        0.76097453785003        4.78377775705559
C           -0.93373245827368        1.30486232350461        5.85326434800547
C           -3.05038203898886        0.39403412143004        5.00744399767337
C           -1.51690634979186        1.48575106137343        7.12326330433985
N            0.41251768552508        1.66525491489564        5.58884275994707
C           -3.62978379516452        0.59923700155835        6.27809129961402
N           -3.77035886257411       -0.19812706459642        3.94274385127208
H           -0.90993625577693        1.89270721257958        7.93659172921552
C           -2.85727184388380        1.13581987648977        7.31148822963820
C            1.38474017490042        2.08124310155840        6.47162593097563
H            0.68821750195358        1.56798120958460        4.61051909575887
H           -4.67919952651878        0.33263889466606        6.42684820006994
C           -5.09732200616075       -0.58049091815332        3.91866527528674
H           -3.23738933312486       -0.36716700514339        3.08434400150475
H           -3.31388973616243        1.28448497368028        8.29851097386039
O            1.23462697347207        2.18820177341834        7.68356520590433
C            2.70969022671011        2.41566645365242        5.82058696565622
O           -5.90027183857491       -0.35315166441157        4.81844098684961
C           -5.50179932951616       -1.33300309148056        2.67358829218221
C            3.96802771228962        2.03801942729472        6.55745533322229
H            2.76407690114337        2.42327944064160        4.72962329133380
C            3.53991205149148        3.48594336749436        6.53840028063586
C           -6.85554994446253       -1.04145356760690        2.07543507442018
H           -4.71515182338618       -1.63876921541582        1.97417950522104
C           -6.66908443489917       -2.30863455634430        2.87560309459876
H            3.85057614337373        1.51291906389209        7.50810182062344
H            4.83447392875404        1.76574857749254        5.95095862362713
H            3.10093901861594        3.88161476821114        7.45738951035511
C            4.31252602246203        4.45969245256880        5.70572771989420
H           -7.45224720205407       -0.26116073032996        2.55635922394930
H           -6.93912895087508       -1.12780921880867        0.98855185466077
H           -7.09160562567623       -2.31845722208765        3.88517712152754
C           -6.63719143948894       -3.62721246902016        2.17837038122350
O            4.39920698011996        5.65308265326923        6.31531060897366
O            4.81691917064534        4.20322178874565        4.62851384362107
O           -7.24364585228426       -4.57766041412132        2.92337658173530
O           -6.14830087726530       -3.83751361330964        1.08657092409983
C            5.13624894924701        6.72539547033219        5.65614778605089
C           -7.32307616610469       -5.92640752693871        2.38267284996417
C            4.15390317786372        7.59826143482692        4.86634593626157
C            5.88783050228546        7.48409582171369        6.74866837029728
H            5.84151738739288        6.24396439524022        4.95531656105844
C           -7.31542168293787       -6.87943089757768        3.57896454584259
C           -8.57511719864926       -6.04807632300540        1.50680253370738
H           -6.42268851429003       -6.07856968940951        1.75753915359653
H            3.64989505002124        7.00073725200440        4.08946532464082
H            3.39501366457593        8.02564496728836        5.53659416482407
H            4.69076021114485        8.42339963854712        4.37916145285163
H            6.56607674504393        6.81444555437049        7.29269397719016
H            6.48705828980048        8.29412024649816        6.31136391645115
H            5.19041150310686        7.92398608020219        7.47300792158248
H           -6.40424914064671       -6.74032593108489        4.17514556436804
H           -8.18824380048840       -6.70200747762983        4.22522870854679
H           -7.35562795853703       -7.92249637189758        3.23624156010859
H           -8.52234433487770       -5.34223008883982        0.66671028504305
H           -8.66070198551817       -7.06617468857289        1.10212131556298
H           -9.48239212113554       -5.83887942425227        2.09382243332846
C           -0.67493858893857       -1.48042757599014       -4.59533038889153
C            0.28852907122712       -1.26269461907329       -5.61717049354333
C           -1.87155525060489       -2.18318265595931       -4.90624806094999
C            0.09158475106818       -1.79443188354405       -6.90699480887973
N            1.42432306618830       -0.47897841247610       -5.28952993913377
C           -2.05692387278824       -2.71924135874557       -6.19831427363961
N           -2.86187596495452       -2.27609689641867       -3.90060755484530
H            0.84950741649093       -1.62077098416979       -7.67617942052912
C           -1.07229766077999       -2.52435419006027       -7.17150753420180
C            2.36787104169406        0.07088613946130       -6.12959943747220
H            1.43456372818034       -0.15293881150295       -4.32170958377032
H           -2.97218444191144       -3.27823114556823       -6.41089297685936
C           -4.08664133079233       -2.91082975687209       -3.95442617957986
H           -2.65620325823609       -1.76507649243574       -3.03793409762658
H           -1.22161926197431       -2.94545914371647       -8.17424736984508
O            2.48232175130375       -0.18195804436432       -7.32298938936214
C            3.25869675619110        1.08988998930989       -5.45099337839846
O           -4.45639941077336       -3.62940033000352       -4.87758130788631
C           -4.97193324116187       -2.62815832617119       -2.76498125889548
C            3.57011092928925        2.34324654179952       -6.23130162470328
H            3.19085087722460        1.19573742342873       -4.36263745979367
C            4.64941787643797        1.30193194102803       -6.04895893740752
C           -5.86793647921054       -3.72928526487126       -2.25910129186945
H           -4.62052465547372       -1.90604098408689       -2.01863307693297
C           -6.47657758796886       -2.61497100306159       -3.07539687624198
H            3.13899980910454        2.42185521459026       -7.23290685419120
H            3.66908798954717        3.27305620284383       -5.66621113074446
H            4.90126691264721        0.68550075780112       -6.91594844531323
C            5.76755547917122        1.61417917023618       -5.10527873213108
H           -5.79330465994179       -4.69610478020415       -2.76382485464100
H           -6.05517931099916       -3.74475049608018       -1.18209665299028
H           -6.73746850638579       -2.84839648230043       -4.11223836409873
C           -7.33004607632444       -1.58354693719159       -2.41478756732681
O            6.94104794925805        1.16605582344343       -5.57963871071636
O            5.63597965242175        2.21408847469326       -4.05414406141112
O           -8.32443106791261       -1.18398601445760       -3.23645934785131
O           -7.17467447229527       -1.15640867318763       -1.28840272053950
C            8.14867025723499        1.40760364613500       -4.79861504374116
C           -9.25851166506681       -0.18160961357304       -2.74435953584291
C            9.06679533608120        0.20504977537317       -5.02350493773103
C            8.76215834314734        2.74314472499347       -5.22882935251860
H            7.83864874615988        1.46906726150345       -3.73789478885960
C           -8.69919745459015        1.21966929345114       -3.02184619510486
C          -10.59664966769023       -0.45625107892761       -3.42953587591129
H           -9.34109909765642       -0.32795160113685       -1.65201118076357
H            8.56431117757787       -0.72164656619995       -4.71651817308015
H            9.34517724133581        0.12018496315012       -6.08501112916393
H            9.99066125280966        0.31890432865272       -4.44026973245254
H            8.05939372846707        3.56571630225973       -5.04442580747614
H            9.68201296784931        2.94195386177263       -4.66191610723007
H            9.02049867179611        2.72586984216995       -6.29889589762750
H           -7.74033660512985        1.35993249149792       -2.49694709569612
H           -8.54198312222976        1.36519880801515       -4.09955143979828
H           -9.40460089784344        1.98483324111278       -2.66913581405540
H          -10.94443321297780       -1.47575437169231       -3.21095592746188
H          -11.36090740463512        0.24954168357823       -3.07745486051328
H          -10.50879479497494       -0.34981797440039       -4.51874964765277
H            4.26740443316515       -6.08236521960877        2.50477031347368
H            0.43816713622566       -7.91564164276047        1.62478778753340
H            1.05136090413728        7.21028863676601       -2.16092616180223
H           -3.24673775933554        7.21985512281261       -1.58713417892727
O            3.44308033248587       -3.58200139573732        1.84746817838680
O           -0.73281459259107       -5.57794551527357        0.89052618063698
O            1.33346633469696        4.60149127424624       -1.42115454373395
O           -3.34519238622468        4.62593153181165       -0.78847032807429
C            4.77750019180178       -3.61627708087380        2.25214028801186
C            5.78703776847194       -3.88638200228390        1.31792439832778
C            5.09680312008947       -3.30087860626441        3.57963491108467
C            7.12726344818924       -3.84718955726824        1.72407064682804
H            5.51259722619246       -4.11928133437495        0.28392950961961
C            6.44086487934534       -3.26334369633487        3.97376628159560
H            4.28575925947772       -3.08444251553817        4.28258987698814
C            7.45770991252168       -3.53788138998503        3.04994467834950
H            7.92017227805347       -4.05705129375494        0.99712907694631
H            6.69638031805782       -3.01682090910335        5.01045311271937
H            8.50998951395053       -3.50871319110980        3.36287683785296
C           -1.70158752392805       -6.56400134112294        1.04669966372138
C           -2.08607097855697       -7.01845565679109        2.31644000579501
C           -2.34661067968868       -7.03567143089651       -0.10493857220289
C           -3.10918509748570       -7.96822304858456        2.42519521238910
H           -1.58479604622573       -6.62209766222021        3.20592108135921
C           -3.37428406049896       -7.97897590093038        0.01833438463477
H           -2.03575640287547       -6.64693674637118       -1.08002828837461
C           -3.75419897474501       -8.45324122730947        1.28024237037658
H           -3.40960443476825       -8.32875970099630        3.41520903437056
H           -3.88067246679120       -8.34783751477652       -0.88021197438273
H           -4.55481656255217       -9.19896244061829        1.37251447283424
C            2.60146150109480        5.15265671044807       -1.30620756439807
C            2.90171963440730        6.21128651502902       -0.43386314394163
C            3.62341244851446        4.53025706451607       -2.04041117142583
C            4.22705406113181        6.65254842238059       -0.31814740373774
H            2.10524056467043        6.67804542617128        0.15475973745458
C            4.94298312390168        4.97424384386404       -1.90982439718602
H            3.37543039358224        3.69428429269256       -2.70160684570779
C            5.25035097846396        6.04171636051133       -1.05424570423678
H            4.46094630467099        7.48122652006571        0.36237961266886
H            5.72413312595943        4.46815161732628       -2.48764177769696
H            6.28446637024604        6.39671594250093       -0.95670368024114
C           -4.62892608606341        5.02150551643198       -1.14623742760069
C           -4.99092764071217        5.23885036068339       -2.48358026827700
C           -5.58716380526133        5.11114287416781       -0.12622142691234
C           -6.31691621198320        5.56684229992891       -2.79184373118186
H           -4.23591536829040        5.14324341246931       -3.27104832494926
C           -6.91124007587914        5.43243095495792       -0.44931842589885
H           -5.27749657538672        4.91833039818842        0.90575847770950
C           -7.27998235564175        5.66743995143537       -1.77980027064627
H           -6.60268885406272        5.73708518557881       -3.83555939604406
H           -7.66121194532246        5.50128798157359        0.34602268176022
H           -8.31824276375652        5.92355429328142       -2.02907066831402
N            1.31315681057317        0.40753705145738        0.15403770471529
C            2.49642296868201        0.94330618536459        0.12872902825295
C            3.25626515757761        1.03299160833849       -1.07439089166375
C            4.51338561976571        1.58442086384000       -1.08005173728782
C            5.09339932470473        2.07580615286588        0.08701263124093
C            4.37802668825823        2.01563538126319        1.27136383388361
C            3.11746268296317        1.46528550085254        1.31082743436622
C            2.32035494619269        1.50014372621068        2.56559207695137
C            1.47395675822822        2.79402114206177        2.59974654333230
C            1.78238851518968        4.14791427875248        3.17593851255173
C            2.26270982703340        5.20290942646594        2.36037512263245
C            1.94799541528598        6.43222462726740        2.82994085324019
S            1.11019011856173        6.34636089936382        4.33984595872898
C            1.17056632274526        4.63775016245497        4.29561307168572
H            2.80441931429705        0.65656159342119       -1.97991406393842
H            5.05717140276549        1.65997233800742       -2.00941032208694
H            6.07937794551852        2.51217996491607        0.07290189922931
H            4.79158194339032        2.41256352350817        2.18913790399422
H            1.60471224712669        0.67532195147693        2.53428188588025
H            2.98481570587633        1.35184367225161        3.41340515611019
H            1.22819535614244        2.99472571465225        1.55469685928027
H            0.54941256399512        2.54768855172288        3.10661984748490
H            2.79832213247095        5.00513899836360        1.44908497841959
H            2.14319580746205        7.39424113359439        2.39653740248562
H            0.69937685598819        4.09925659270943        5.09320610731265
239
 energy: -392.958210344911 gnorm: 0.009027180113 xtb: 6.7.1 (edcfbbe)
N            0.13701437910939       -1.78575464022304       -0.88920990514329
N           -0.11592389712224       -1.11766084044471        1.87017543541584
C           -0.44542914793811       -1.01354335525985       -3.17657040741632
C           -0.00994426431931       -1.97585356783271       -2.23839916104910
C            0.40740725194060       -3.32041600919588       -2.59165209472625
H            0.38336322709066       -3.73158203987503       -3.60190220009166
C            0.83208496034386       -3.91639017184501       -1.43833789077691
H            1.22899242247494       -4.92323887358133       -1.30231019808238
C            0.62734412614139       -2.95834776019597       -0.36815057964839
C            0.80962398286007       -3.25171352277485        0.99783034497082
C            0.39272333740179       -2.38351658971488        2.02612906018098
C            0.31858316848133       -2.76529851051654        3.42339991943147
H            0.65709239308486       -3.72331386349709        3.82083739592062
C           -0.28310714508416       -1.73420933987601        4.08778083894687
H           -0.53322369167860       -1.65840556224452        5.14676042542580
C           -0.53870951553246       -0.69764468720815        3.10633417948027
C            1.36075779608986       -4.59940610149732        1.38248767262971
C            2.70198149689575       -4.74112281683349        1.81118851278990
C            3.22525948656567       -5.99489737365430        2.17615749025547
C            2.40339423208106       -7.12344107454807        2.10425063345529
H            2.81085227139035       -8.10567867095148        2.37764847456969
C            1.07363637597734       -7.02357354638131        1.68705617735362
C            0.55436940743841       -5.76230436148933        1.33832963040979
N           -0.87884575059764        1.55727773295833        1.14565024221141
N           -0.58238034457365        0.90076750295885       -1.59585851445187
C           -1.10883185506526        0.55696067306850        3.41205662009595
C           -1.20479408338859        1.61215515285468        2.47734427109146
C           -1.58981463806440        2.96724098058063        2.82845552881978
H           -1.90721333815081        3.27882757695656        3.82384018419608
C           -1.44659873003600        3.72414870161403        1.70024229576171
H           -1.63570406046566        4.78969128388483        1.57189767156152
C           -1.03985349263490        2.82603484324743        0.63841852036503
C           -0.91918005160971        3.19792713315064       -0.71311536462704
C           -0.78638700812089        2.24939915118111       -1.74626447639415
C           -0.98909991315769        2.55792108732008       -3.14740594881167
H           -1.17199524322607        3.55843915514694       -3.54089967816174
C           -0.95779815300964        1.37148026445009       -3.82400836507941
H           -1.10554319876367        1.19130367078831       -4.88968530519848
C           -0.66933905196817        0.33961154817164       -2.84665047255478
C           -1.00370878634023        4.65008741318074       -1.09744060357847
C            0.17645210037218        5.35177537364726       -1.44507865064530
C            0.13047937609017        6.69434545108100       -1.86214932904326
C           -1.10272972636550        7.35202537268368       -1.90480508432298
H           -1.14288038388623        8.40269503940488       -2.22101174661992
C           -2.28619652081079        6.69497157369165       -1.55545864528838
C           -2.23556233679015        5.34240093965021       -1.16890334964395
Fe          -0.25944352829242       -0.07709263655054        0.13651472140912
Cl          -2.48574010945384       -0.72658038029329        0.10476908779840
C           -1.69604995087116        0.76166127155235        4.78601613864625
C           -0.93601119223499        1.30578184831323        5.85575562294759
C           -3.05254145216770        0.39473447355116        5.00936832038815
C           -1.51966288032882        1.48646624773274        7.12563625476597
N            0.41000055684129        1.66611287009490        5.59181127846747
C           -3.63222773645170        0.59982088051408        6.27990486560571
N           -3.77211258386661       -0.19739069974074        3.94448505833480
H           -0.91294712629099        1.89347279468330        7.93913168750507
C           -2.86005923993074        1.13643114840198        7.31350257642083
C            1.38216711932288        2.08254755372884        6.47471710432366
H            0.68603720294734        1.56936285032107        4.61353345584884
H           -4.68166172875426        0.33313063888965        6.42836209969787
C           -5.09912587084843       -0.57994600165869        3.91998124230081
H           -3.23896388805502       -0.36636056867760        3.08617697199279
H           -3.31693540500362        1.28500841830795        8.30040415436399
O            1.23168112901715        2.18909098274092        7.68664169350288
C            2.70688830326089        2.41716598617320        5.82400287648126
O           -5.90224328936207       -0.35270053754335        4.81958082114348
C           -5.50312821862537       -1.33237520835655        2.67481664012091
C            3.96528952319330        2.03939325611793        6.56121805550455
H            2.76144607100738        2.42451128860231        4.73321028445119
C            3.53705598512900        3.48731699998415        6.54214228292044
C           -6.85678083549911       -1.04094767874568        2.07631369044450
H           -4.71630660665836       -1.63803611113508        1.97558387918686
C           -6.67039737383372       -2.30818881768674        2.87646105021635
H            3.84772803430065        1.51421783878324        7.51179817641529
H            4.83194846169506        1.76719464807554        5.95498198750070
H            3.09788583005475        3.88279785697169        7.46105661418271
C            4.30989037307429        4.46097631123175        5.70973308022062
H           -7.45366954432378       -0.26076456557403        2.55711443127514
H           -6.94006712348640       -1.12725589726779        0.98943425401166
H           -7.09316724552290       -2.31807819248490        3.88591100227834
C           -6.63818100174370       -3.62665263946639        2.17914683023414
O            4.39624093523673        5.65446247558752        6.31943445251030
O            4.81449484476958        4.20478934150454        4.63264190526354
O           -7.24473537862943       -4.57723900572827        2.92399384001459
O           -6.14901032868205       -3.83689085244505        1.08752289230388
C            5.13340177908358        6.72691648369032        5.66045869767489
C           -7.32389317958112       -5.92599580491057        2.38315994337908
C            4.15135904083045        7.59959283404201        4.87067519517777
C            5.88468985415767        7.48554272142381        6.75324806552443
H            5.83889680968345        6.24552003230572        4.95980934107584
C           -7.31645099087264       -6.87907109800113        3.57942198615429
C           -8.57570809512129       -6.04772037498625        1.50699276745771
H           -6.42334564673257       -6.07799967828790        1.75828443589885
H            3.64777159148612        7.00189120765960        4.09371902258105
H            3.39204789942139        8.02694264381352        5.54058057354769
H            4.68805970324757        8.42488946831841        4.38349685104061
H            6.56282213258424        6.81594485178985        7.29738349022111
H            6.48390145138005        8.29565889576346        6.31612208892590
H            5.18702909938035        7.92534333827792        7.47739598840252
H           -6.40545876222459       -6.73989340578532        4.17582872595803
H           -8.18944051079037       -6.70176955217597        4.22545771626906
H           -7.35647081768151       -7.92209332800154        3.23664426794719
H           -8.52278461180590       -5.34183070114254        0.66696286390374
H           -8.66108747093076       -7.06578895926776        1.10224099011121
H           -9.48312996470587       -5.83865825599555        2.09377641593573
C           -0.67443998558642       -1.47897815142949       -4.59289712630526
C            0.28927996144418       -1.26106916427566       -5.61447243387870
C           -1.87094145054361       -2.18183297496834       -4.90412137672951
C            0.09267359419910       -1.79279545725964       -6.90437019164500
N            1.42485942183841       -0.47735773125333       -5.28652065427239
C           -2.05587962075240       -2.71783175131089       -6.19628565598530
N           -2.86140467620525       -2.27488547173111       -3.89880487433732
H            0.85077166804992       -1.61901925645475       -7.67335737171036
C           -1.07105063125913       -2.52280794706542       -7.16922087027644
C            2.36865852818560        0.07279497295502       -6.12631565008440
H            1.43486828990494       -0.15126305383136       -4.31870179042994
H           -2.97103246061193       -3.27689877578867       -6.40912706399404
C           -4.08623336164724       -2.90973845398915       -3.95286970825995
H           -2.65608514997883       -1.76390270712192       -3.03600714775880
H           -1.22007945898771       -2.94387264285162       -8.17200906934247
O            2.48335280673621       -0.18008066117890       -7.31967181516974
C            3.25911828222962        1.09174145959432       -5.44742926118370
O           -4.45558636503209       -3.62828222650295       -4.87619692629822
C           -4.97173000495325       -2.62722159010204       -2.76371918258687
C            3.57063025728404        2.34520119163039       -6.22761903739707
H            3.19101983917139        1.19756247494578       -4.35909997928067
C            4.65002362756464        1.30395794462210       -6.04506544501764
C           -5.86779689246895       -3.72846252344165       -2.25809626752597
H           -4.62062713692223       -1.90511585318809       -2.01722558515057
C           -6.47637198757070       -2.61414125754362       -3.07448404677719
H            3.13978882710543        2.42381382176533       -7.22930358455479
H            3.66938527903749        3.27495795517285       -5.66245831225501
H            4.90211590274208        0.68762309230673       -6.91201310817007
C            5.76778345330930        1.61634366202372       -5.10118700437147
H           -5.79295406808275       -4.69522331619090       -2.76283993755071
H           -6.05530462530958       -3.74399657731929       -1.18116919907952
H           -6.73694875671508       -2.84756322296404       -4.11138807502104
C           -7.33004323254597       -1.58289070691713       -2.41401764191497
O            6.94153738075482        1.16821226984247       -5.57519494558529
O            5.63596019984390        2.21618576147989       -4.05014652878256
O           -8.32428569026040       -1.18336709967034       -3.23597214118534
O           -7.17504347565461       -1.15576821717385       -1.28763691825305
C            8.14895191665066        1.40991297493706       -4.79379984061394
C           -9.25860895056561       -0.18104723184464       -2.74401828195402
C            9.06723184069251        0.20746323693275       -5.01855218291128
C            8.76240213134662        2.74553443111859       -5.22382884428979
H            7.83863084415607        1.47129334448715       -3.73321283700672
C           -8.69936018930252        1.22024006017252       -3.02130904778338
C          -10.59655173887296       -0.45583489067618       -3.42956473896692
H           -9.34144804062307       -0.32751200635761       -1.65173341629383
H            8.56475681203025       -0.71928966012426       -4.71174331325976
H            9.34588151780923        0.12267711238899       -6.07997477048187
H            9.99092178115701        0.32135882668712       -4.43509964213256
H            8.05951524487421        3.56801190571770       -5.03955631574684
H            9.68207617368935        2.94439698347938       -4.65669275558710
H            9.02100744140218        2.72833692749482       -6.29380847033091
H           -7.74064909069256        1.36057805964468       -2.49617078536816
H           -8.54188851783552        1.36584714029054       -4.09894594094078
H           -9.40491545336995        1.98531325478385       -2.66875277460332
H          -10.94427125816282       -1.47536264887921       -3.21113027546095
H          -11.36094574783389        0.24984295457706       -3.07765354002298
H          -10.50842459373831       -0.34934370804243       -4.51872455878062
H            4.26653347953974       -6.08080119255317        2.50820131493607
H            0.43773250471821       -7.91438082385906        1.62716496116004
H            1.05040019409100        7.21177874921558       -2.15759919294087
H           -3.24782189050795        7.22090201908717       -1.58492261185589
O            3.44216136548525       -3.58047107885749        1.85083679877865
O           -0.73329604566996       -5.57676856010266        0.89274230339245
O            1.33260717268399        4.60300859079889       -1.41792598101326
O           -3.34624611111992        4.62692855008748       -0.78642576814655
C            4.77647299460709       -3.61464442969828        2.25583358968794
C            5.78628511530227       -3.88460572643153        1.32186174803751
C            5.09542708834052       -3.29929460324969        3.58340966193486
C            7.12638393641160       -3.84531517404791        1.72834652594033
H            5.51211759714466       -4.11747869383814        0.28780175198957
C            6.43937605290152       -3.26165997318169        3.97787350899749
H            4.28419285837138       -3.08298224637219        4.28616797621051
C            7.45646736354320       -3.53605256204420        3.05430178654744
H            7.91949143597387       -4.05506742989983        1.00159018778200
H            6.69460168781290       -3.01517388941467        5.01463305696957
H            8.50866013902919       -3.50680707103215        3.36749577222560
C           -1.70202472820928       -6.56293607632679        1.04859673110924
C           -2.08678820139655       -7.01749798701920        2.31822293831169
C           -2.34670176707381       -7.03460669095895       -0.10319947088613
C           -3.10981495251778       -7.96736441118919        2.42665428910728
H           -1.58577219527866       -6.62113737295273        3.20783067493716
C           -3.37430887811988       -7.97801888810429        0.01976349048312
H           -2.03564486110221       -6.64579415385648       -1.07818230588677
C           -3.75448655268469       -8.45238487320953        1.28152005259298
H           -3.41044856126392       -8.32798574429418        3.41656785365239
H           -3.88042255751323       -8.34688093337452       -0.87893030989888
H           -4.55504645773118       -9.19818844873267        1.37355545669490
C            2.60049610839169        5.15423211836412       -1.30241599554822
C            2.90051192513849        6.21272994510355       -0.42987676953280
C            3.62265101902034        4.53205780080301       -2.03655660286798
C            4.22564942903541        6.65423901562223       -0.31402157769698
H            2.10387878205522        6.67929173037457        0.15865823077234
C            4.94217129798077        4.97612403795767       -1.90562986491999
H            3.37496087274369        3.69604791160204       -2.69786754471042
C            5.24925909422266        6.04350561986832       -1.04996953179886
H            4.45937387642375        7.48289386234006        0.36655150676482
H            5.72351618817808        4.47011495716498       -2.48328393982949
H            6.28328775299841        6.39863849241140       -0.95212206177086
C           -4.62994671765268        5.02240129304691       -1.14447805358623
C           -4.99162928087247        5.23977297374267       -2.48191281747923
C           -5.58843858441799        5.11189237527444       -0.12473188009427
C           -6.31755046649603        5.56765024043391       -2.79047982036634
H           -4.23640257624640        5.14428409395995       -3.26916846803049
C           -6.91246248626488        5.43306473372237       -0.44815263692367
H           -5.27902177467444        4.91906355488776        0.90731085809736
C           -7.28088208564632        5.66810247171591       -1.77868043056552
H           -6.60307761840286        5.73791686586119       -3.83425458446875
H           -7.66263221676703        5.50181019690240        0.34700822967630
H           -8.31909619888610        5.92412694525615       -2.02821133980823
N            1.30938760254578        0.41094200598834        0.16310109953386
C            2.49700037512152        0.93677650912659        0.11591054624111
C            3.24219520264049        1.00551627985006       -1.09553269881540
C            4.49991142567899        1.55306797753501       -1.12792440461590
C            5.09454744666409        2.06766708917312        0.01872292587487
C            4.39482159796029        2.02733338684113        1.21129220872144
C            3.13861080174360        1.47503521989853        1.27985290466759
C            2.37681120773819        1.51380723062112        2.55592597594599
C            1.48425795447427        2.77716529475118        2.58886259875210
C            1.75728840677668        4.13897387784993        3.16185988208268
C            2.28434243021755        5.19373017034134        2.37174348074375
C            1.98077353562515        6.42511459435328        2.84705425887498
S            1.08843209154575        6.33940929204220        4.32334050313671
C            1.11099475653733        4.62605256900648        4.26160583131077
H            2.77819658186271        0.60631898143670       -1.98270396656397
H            5.03129383151241        1.60996934221912       -2.06282981742790
H            6.08080881914232        2.49974490067489       -0.01530464531039
H            4.82512319249267        2.43891199653270        2.11362986919717
H            1.68824189693518        0.66040392518041        2.55993660825814
H            3.07162790079599        1.40463619580610        3.38364630506068
H            1.20954219198906        2.95868776568663        1.54442729416806
H            0.56602695184494        2.48547973300533        3.07615478452939
H            2.84758997150805        5.00014312841407        1.48389789033629
H            2.19379236898079        7.38653749498822        2.42629915626784
H            0.60480897604116        4.09243619699456        5.03896861135116
239
 energy: -392.960461602491 gnorm: 0.013980701832 xtb: 6.7.1 (edcfbbe)
N            0.13644217235270       -1.78389275008767       -0.88589544916002
N           -0.11735026697349       -1.11614966036531        1.87347259551643
C           -0.44537223924095       -1.01167966893725       -3.17340151271540
C           -0.01003519027594       -1.97408778945717       -2.23516301935964
C            0.40758346084039       -3.31849832463036       -2.58839540907400
H            0.38391908529107       -3.72958843044668       -3.59868476984379
C            0.83198481293486       -3.91451490382234       -1.43498287975405
H            1.22898010511966       -4.92133024325093       -1.29892968257403
C            0.62680920306751       -2.95669380738935       -0.36471730781078
C            0.80867270413350       -3.25007002936100        1.00115175379828
C            0.39130645461016       -2.38193176592288        2.02953958856024
C            0.31679867174379       -2.76393489859400        3.42664218289117
H            0.65529398234369       -3.72192258071042        3.82414786348508
C           -0.28524917481531       -1.73290773731330        4.09093516053719
H           -0.53568857563424       -1.65732115123019        5.14985830725682
C           -0.54049661029369       -0.69628043100763        3.10938608285137
C            1.35986130379104       -4.59771978728028        1.38593764006720
C            2.70095409360044       -4.73931230924065        1.81504215539060
C            3.22429332602435       -5.99303202597466        2.18006538947152
C            2.40259770516624       -7.12168077311765        2.10780227286933
H            2.81009997949337       -8.10388473722227        2.38124196027862
C            1.07296318781479       -7.02194781202894        1.69020053555613
C            0.55363131975901       -5.76072332507553        1.34141714891807
N           -0.88085632830925        1.55854358837438        1.14877408898105
N           -0.58289008904352        0.90234336110078       -1.59247071544355
C           -1.11127629230595        0.55805876367754        3.41551049980110
C           -1.20707249568954        1.61387542712501        2.48058301625583
C           -1.59199728264576        2.96829336011286        2.83170891895488
H           -1.90993818226306        3.27987696940624        3.82684728562107
C           -1.44846817956872        3.72540603968531        1.70349061750617
H           -1.63788530646858        4.79094660822046        1.57521933242164
C           -1.04164284671524        2.82757863147485        0.64172377612240
C           -0.92044706969660        3.19947305712360       -0.70984593744572
C           -0.78720240505546        2.25115539480198       -1.74288508197197
C           -0.98951771051336        2.55966472745937       -3.14410429726424
H           -1.17241336170880        3.56021170950427       -3.53754258339481
C           -0.95785138905193        1.37332568647269       -3.82077060971367
H           -1.10522946462546        1.19320144072221       -4.88651122096678
C           -0.66953635056720        0.34139555457025       -2.84342229056003
C           -1.00504692707284        4.65169418788173       -1.09396800854253
C            0.17519001560017        5.35352870453273       -1.44114127269899
C            0.12911741359053        6.69615071433409       -1.85812028509139
C           -1.10415045077999        7.35367022215837       -1.90111919393739
H           -1.14434320964433        8.40435960151242       -2.21724282679721
C           -2.28764720012154        6.69643120202318       -1.55220540718166
C           -2.23695733395830        5.34384107968370       -1.16575073682214
Fe          -0.26022354752605       -0.07536650605585        0.14030437916894
Cl          -2.48678417993939       -0.72535054833669        0.10729648451838
C           -1.69874703640236        0.76257948455585        4.78886793082790
C           -0.93903173344502        1.30680677274933        5.85899198917744
C           -3.05526604706639        0.39551872917724        5.01184812511630
C           -1.52320559095440        1.48726198330686        7.12870301862878
N            0.40685411780633        1.66723386916178        5.59557835370660
C           -3.63537330411512        0.60042348256380        6.28222582772131
N           -3.77438965659596       -0.19659364406426        3.94670046740929
H           -0.91677792802409        1.89428556082394        7.94241778789778
C           -2.86361596364683        1.13704241924828        7.31610594692069
C            1.37881541340643        2.08401702716961        6.47871449715446
H            0.68338755613071        1.57078001281960        4.61732515810515
H           -4.68482061337711        0.33358202668288        6.43031699588878
C           -5.10140099235577       -0.57935023071207        3.92170251342607
H           -3.24097551035365       -0.36543497804765        3.08852710065859
H           -3.32081005506135        1.28547594575379        8.30287672626655
O            1.22787740012013        2.19015422311259        7.69061869592977
C            2.70331908516379        2.41891669566436        5.82842279575473
O           -5.90478929655412       -0.35227004557664        4.82108597027834
C           -5.50486113676198       -1.33169634184258        2.67637769289142
C            3.96181069945891        2.04104928289060        6.56603153881916
H            2.75819104437852        2.42595990923725        4.73773869205286
C            3.53341874073674        3.48891115709271        6.54696410112172
C           -6.85837768285227       -1.04040402358901        2.07745789682327
H           -4.71779270985788       -1.63720435675211        1.97735782486146
C           -6.67208182102573       -2.30770810807342        2.87755665516409
H            3.84408380611762        1.51572112617632        7.51652893238154
H            4.82874215091053        1.76893572302427        5.96008428877076
H            3.09395428528126        3.88418170527173        7.46578196771655
C            4.30645627953015        4.46260263203098        5.71489890100010
H           -7.45551772644914       -0.26034718328917        2.55813617805027
H           -6.94130241671723       -1.12663213053736        0.99055112549917
H           -7.09516521536106       -2.31772427337841        3.88686913000903
C           -6.63946032326607       -3.62607256757594        2.18012830146544
O            4.39243907407937        5.65611744181589        6.32473924891813
O            4.81138626013015        4.20669999305753        4.63790487677213
O           -7.24612812967064       -4.57682242892472        2.92472956931267
O           -6.14992115040910       -3.83617583141215        1.08866207942198
C            5.12966430499683        6.72876605120746        5.66606471425693
C           -7.32493278065806       -5.92555584602932        2.38373111166990
C            4.14779491610722        7.60128340844309        4.87625751260985
C            5.88057291829340        7.48732010865848        6.75916813836675
H            5.83545622767485        6.24747888981645        4.96560000525998
C           -7.31774383970491       -6.87872648078776        3.57992534132372
C           -8.57645901050477       -6.04735743333464        1.50717052607228
H           -6.42417238367593       -6.07737167239119        1.75914312411708
H            3.64457217277645        7.00338534037260        4.09930538037654
H            3.38810835539692        8.02853158910658        5.54582343486105
H            4.68447544574695        8.42675326550041        4.38914248155157
H            6.55859871028085        6.81777465345499        7.30344536061523
H            6.47978494693499        8.29757609201214        6.32228016032405
H            5.18260750938391        7.92698718206759        7.48311571461089
H           -6.40696214340502       -6.73947607443752        4.17662797667651
H           -8.19095942016619       -6.70159462500441        4.22569630368039
H           -7.35751871466938       -7.92171695562965        3.23704785241031
H           -8.52336086973512       -5.34138980222429        0.66721973716401
H           -8.66157470053225       -7.06540010856269        1.10230567876092
H           -9.48408833776085       -5.83846971675796        2.09368221050909
C           -0.67386718514218       -1.47704952064277       -4.58983129324497
C            0.29016020617464       -1.25890519041637       -5.61107476712080
C           -1.87019961543766       -2.18003483083207       -4.90147267989296
C            0.09401000871387       -1.79056882890336       -6.90108083491320
N            1.42550360408240       -0.47514703517695       -5.28269558755201
C           -2.05462962443134       -2.71594364904166       -6.19375583154684
N           -2.86090035965593       -2.27329796402840       -3.89651468193825
H            0.85232899894280       -1.61662267366266       -7.66981380342495
C           -1.06952664792266       -2.52070727387023       -7.16636163107932
C            2.36955081941999        0.07531868950692       -6.12215373275912
H            1.43518111473642       -0.14904233065013       -4.31486436774625
H           -2.96964505056128       -3.27511230736372       -6.40693271705093
C           -4.08571871666483       -2.90831374852230       -3.95096806279115
H           -2.65597415193861       -1.76236732291885       -3.03357899747689
H           -1.21818609731096       -2.94170573656643       -8.16923075288750
O            2.48459625348580       -0.17751592467844       -7.31548464046534
C            3.25960290857200        1.09424944232055       -5.44287632937143
O           -4.45462256036143       -3.62681939495530       -4.87450350651649
C           -4.97155370545547       -2.62601550301769       -2.76212289453842
C            3.57120074067999        2.34784080920102       -6.22288928701098
H            3.19115115384121        1.19999294025852       -4.35457704976361
C            4.65067955636857        1.30669194449747       -6.04011124313921
C           -5.86766191179460       -3.72741976199116       -2.25686064372262
H           -4.62080717207853       -1.90392859522778       -2.01544005780159
C           -6.47614038118110       -2.61309604014832       -3.07334451718677
H            3.14067571473234        2.42647898364373       -7.22469388258380
H            3.66966454288536        3.27754868640441       -5.65760954336010
H            4.90311689251834        0.69048484835801       -6.90701569072541
C            5.76802797936594        1.61920810601296       -5.09599817537955
H           -5.79253306950959       -4.69411960564842       -2.76166301250248
H           -6.05550494420070       -3.74306728716076       -1.18000125538191
H           -6.73634200229328       -2.84647468477725       -4.11034789850629
C           -7.33012376981887       -1.58203933401171       -2.41304913468700
O            6.94208656531424        1.17114289531327       -5.56952298988196
O            5.63582994890252        2.21905318919657       -4.04506558320913
O           -8.32417243310191       -1.18256731337329       -3.23531499621841
O           -7.17555821248186       -1.15497688015274       -1.28660501939789
C            8.14920804623316        1.41302632449653       -4.78769389162295
C           -9.25879329564669       -0.18038205832664       -2.74354238977891
C            9.06771201000660        0.21071588214302       -5.01226999971903
C            8.76260993093190        2.74876340108229       -5.21742937681332
H            7.83852605983825        1.47428588400121       -3.72722775127366
C           -8.69963744893726        1.22097378453921       -3.02054766877895
C          -10.59648205592977       -0.45531042413427       -3.42954501443086
H           -9.34195222024998       -0.32697871351793       -1.65131351043064
H            8.56526152106357       -0.71613062760279       -4.70570224883922
H            9.34670621792862        0.12605378542816       -6.07360968194192
H            9.99119927516731        0.32467522874704       -4.42852547975393
H            8.05955998283986        3.57112756651444       -5.03330494991760
H            9.68207753155845        2.94769223494821       -4.64999346201460
H            9.02155662338919        2.73168823988647       -6.28732334844138
H           -7.74110946360089        1.36139895849249       -2.49509713681634
H           -8.54184304627787        1.36669863815375       -4.09811780589399
H           -9.40540086454436        1.98592820774157       -2.66815306688674
H          -10.94413147506775       -1.47489769094989       -3.21130703528999
H          -11.36107426488015        0.25023289004629       -3.07781822820549
H          -10.50802194588459       -0.34871485539760       -4.51866104949954
H            4.26546980818967       -6.07882997760516        2.51242977200652
H            0.43719332057341       -7.91283456097570        1.63003065935343
H            1.04907415992763        7.21372596305730       -2.15322491798280
H           -3.24933163553619        7.22223816008281       -1.58192672499302
O            3.44098311793844       -3.57854468235628        1.85501969289250
O           -0.73390771474095       -5.57531229954204        0.89544239837023
O            1.33139229906891        4.60495218997726       -1.41372611506359
O           -3.34767632380110        4.62817648274239       -0.78368581696073
C            4.77516958179558       -3.61258361294699        2.26043779682129
C            5.78531375297716       -3.88233035809805        1.32675372964630
C            5.09366419944655       -3.29730704704051        3.58813666633482
C            7.12527318689997       -3.84290138421161        1.73366416047884
H            5.51149842806643       -4.11515012753979        0.29259228944469
C            6.43748503092217       -3.25953355158244        3.98302250113784
H            4.28218338597549       -3.08115823170414        4.29065879349381
C            7.45489963022252       -3.53371232242041        3.05974704642779
H            7.91863644410289       -4.05248688132900        1.00713783870062
H            6.69234980803354       -3.01310501564063        5.01988219924867
H            8.50698927098025       -3.50435716519463        3.37327229162006
C           -1.70256530285504       -6.56162759923511        1.05089655212143
C           -2.08766834709236       -7.01634927320393        2.32037137616469
C           -2.34680898468941       -7.03327979553293       -0.10113167232322
C           -3.11059703724952       -7.96635723744805        2.42839327563517
H           -1.58698240923654       -6.61999928494538        3.21016340578053
C           -3.37433436707154       -7.97684050945190        0.02142673890407
H           -2.03549989351960       -6.64434317477104       -1.07598346869488
C           -3.75484448118126       -8.45136482275376        1.28301042471306
H           -3.41149704404232       -8.32710567310326        3.41817895923271
H           -3.88011176750359       -8.34569024673216       -0.87746076114076
H           -4.55533382496674       -9.19728107243391        1.37473601653391
C            2.59915916362689        5.15630683724184       -1.29756666705706
C            2.89879323385723        6.21467302292756       -0.42480904529061
C            3.62160731285916        4.53436585130973       -2.03159018774804
C            4.22375758957486        6.65644919529178       -0.30869180562535
H            2.10195622753213        6.68097984032541        0.16371289212113
C            4.94105373436957        4.97856148708303       -1.90022270509629
H            3.37429328148362        3.69832232761757       -2.69303923051442
C            5.24775228251102        6.04588060278930       -1.04439580572817
H            4.45724577434528        7.48505845641684        0.37201256244054
H            5.72263021548112        4.47269343795841       -2.47770067413484
H            6.28168176192583        6.40117260462209       -0.94617843042514
C           -4.63132155795176        5.02352084402207       -1.14210243104679
C           -4.99260480549219        5.24095511008962       -2.47964503760606
C           -5.59013910316014        5.11279652511240       -0.12266686402269
C           -6.31846304572087        5.56868542519092       -2.78859717573571
H           -4.23711222410987        5.14563532378164       -3.26665760359490
C           -6.91410731528058        5.43382223126960       -0.44648316123218
H           -5.28102890961876        4.91992283408143        0.90945771402913
C           -7.28213287965752        5.66892444811814       -1.77709162193172
H           -6.60368547782926        5.73900348877586       -3.83244541282440
H           -7.66453373167252        5.50240235683003        0.34845118395574
H           -8.32029842801265        5.92483404694503       -2.02693775512961
N            1.30543382036991        0.41452306428241        0.17133991927770
C            2.49749072911776        0.92896575885747        0.10083994679009
C            3.22496535893785        0.96986910396156       -1.12233330633389
C            4.48377551997126        1.51276266135232       -1.18689621198571
C            5.09629765539156        2.05585105043264       -0.06325497563419
C            4.41583120008468        2.03856882639990        1.14134407232173
C            3.16262589354296        1.48510178168363        1.24403217986060
C            2.43885438276475        1.53048407424630        2.54277469936450
C            1.49568653342131        2.75843447601908        2.57303943098146
C            1.73644772180713        4.12503527399830        3.14237078121885
C            2.31441030172090        5.17775202109710        2.38182757189266
C            2.01033441749902        6.40921173432691        2.85800946834234
S            1.05448020986750        6.32576080052249        4.29541696481124
C            1.04967270324591        4.60941321733596        4.21847206411464
H            2.74509143868394        0.54771481741348       -1.99043833517444
H            5.00139722830085        1.54588528998840       -2.13003688759986
H            6.08198711922074        2.48643827330941       -0.12240467078584
H            4.86477737274695        2.46710134061221        2.02695517140147
H            1.78608728452808        0.64423561371606        2.59586199519192
H            3.17016592632334        1.47816869909683        3.34817017006333
H            1.20622528082461        2.92709451788663        1.52858813869214
H            0.58873819001139        2.42624337079132        3.05469532146530
H            2.91500054482919        4.98878169835724        1.51814122025591
H            2.25022417446386        7.37132179936917        2.45321475629022
H            0.49953556981618        4.07991613561772        4.97011765278078
239
 energy: -392.962749025461 gnorm: 0.014586191477 xtb: 6.7.1 (edcfbbe)
N            0.13573327940419       -1.78193185042688       -0.88213145164553
N           -0.11902328302088       -1.11449492651375        1.87723382901109
C           -0.44538521615104       -1.00951583698270       -3.16976280086304
C           -0.01024482184808       -1.97206020997659       -2.23151597807553
C            0.40773238870147       -3.31627854709574       -2.58476910170196
H            0.38451395142448       -3.72724679282797       -3.59511527453176
C            0.83184497890280       -3.91237879514769       -1.43124823632136
H            1.22895045319837       -4.91915844622338       -1.29520172852544
C            0.62610635415539       -2.95480322319290       -0.36094257581362
C            0.80753700618857       -3.24826484233573        1.00495763684453
C            0.38965672890368       -2.38026021245180        2.03326291095889
C            0.31467887333486       -2.76254375259602        3.43037181750121
H            0.65322157113337       -3.72053974760570        3.82782963101003
C           -0.28774278241558       -1.73176388527638        4.09457565496757
H           -0.53858975602238       -1.65629440465117        5.15340646566116
C           -0.54261522715702       -0.69490512667884        3.11291066335827
C            1.35880794291719       -4.59587702620075        1.38975466919871
C            2.69977215914834       -4.73730130206666        1.81931920987672
C            3.22319584008815       -5.99097857019641        2.18437095155588
C            2.40170475954296       -7.11975558168758        2.11166650662590
H            2.80927323820249       -8.10193067892609        2.38512841688535
C            1.07219642542960       -7.02019340656459        1.69359638795270
C            0.55277828920029       -5.75900665324046        1.34478922135213
N           -0.88352220756866        1.55980363541091        1.15240146392338
N           -0.58373938477261        0.90427775705302       -1.58863999535098
C           -1.11368670526936        0.55885158853700        3.41893857061606
C           -1.20941232471369        1.61506103783329        2.48438729524297
C           -1.59436290456803        2.96924375874795        2.83555040717494
H           -1.91324942699985        3.28080369001313        3.83048121170283
C           -1.45073870126135        3.72665056180181        1.70748017902046
H           -1.64055064016482        4.79225869009601        1.57923769504624
C           -1.04367241000351        2.82913644493640        0.64569705736703
C           -0.92204976798563        3.20122274456744       -0.70583439805777
C           -0.78826270141028        2.25307606531493       -1.73893182853234
C           -0.99012494397432        2.56171292407706       -3.14020599979269
H           -1.17304783177108        3.56230049842034       -3.53355969749197
C           -0.95802284779788        1.37549234723616       -3.81700908792759
H           -1.10498984288940        1.19546739012374       -4.88282611700364
C           -0.66988286904467        0.34346829196278       -2.83967432476416
C           -1.00674041930422        4.65348347753288       -1.08977803119206
C            0.17354209599023        5.35553889039493       -1.43642350134563
C            0.12736871584360        6.69822313613686       -1.85326233257080
C           -1.10599257876014        7.35554622402092       -1.89661597145540
H           -1.14624616151565        8.40627602547112       -2.21261136351532
C           -2.28951800703790        6.69806672253176       -1.54821467399701
C           -2.23873529123310        5.34543266431194       -1.16191515242752
Fe          -0.26187879332524       -0.07343503442087        0.14464305280095
Cl          -2.48803839268570       -0.72402491340780        0.11019127264065
C           -1.70186924055259        0.76350641346862        4.79223269385007
C           -0.94267599347986        1.30768644862700        5.86278340814617
C           -3.05845606268075        0.39617175545478        5.01473618261519
C           -1.52736089770283        1.48787856041261        7.13230253112437
N            0.40320037339926        1.66850859621197        5.59990206468483
C           -3.63907905573515        0.60080807652998        6.28492381857842
N           -3.77710486203997       -0.19593801597277        3.94924764217934
H           -0.92126067425056        1.89489667660771        7.94627838171276
C           -2.86777575204753        1.13741101736532        7.31915937029458
C            1.37477202765692        2.08552045172905        6.48336367242587
H            0.68029332179623        1.57211919444797        4.62166239609944
H           -4.68853252376777        0.33376400205588        6.43260313723341
C           -5.10404989436911       -0.57890371581335        3.92372117075621
H           -3.24334893676173       -0.36458090982824        3.09124361180870
H           -3.32534117339411        1.28563940139649        8.30579504325687
O            1.22341114097972        2.19111109390492        7.69527648559593
C            2.69922955611010        2.42056300181133        5.83358351644902
O           -5.90780034263685       -0.35207090729382        4.82285606394234
C           -5.50693211688558       -1.33115525444657        2.67815376510328
C            3.95775898304267        2.04271606154810        6.57163038565836
H            2.75454893257844        2.42730583942980        4.74288542194018
C            3.52915577407852        3.49044908365015        6.55263089006101
C           -6.86028238722276       -1.04000393046095        2.07878232676097
H           -4.71955531037911       -1.63644927149285        1.97936887708074
C           -6.67406494179251       -2.30737855161024        2.87878549253860
H            3.83980347158061        1.51718474243029        7.52203443712509
H            4.82499622698517        1.77073579762698        5.96598160961119
H            3.08930146285978        3.88550637821154        7.47135219816330
C            4.30234184042323        4.46435258949418        5.72100788799445
H           -7.45772448402830       -0.26009714821457        2.55935553200686
H           -6.94279796150926       -1.12610486862988        0.99182196233160
H           -7.09750822759257       -2.31759698602615        3.88795325548012
C           -6.64097045358606       -3.62565702197694        2.18119837483261
O            4.38794142327357        5.65780127704965        6.33100401890995
O            4.80769109125876        4.20871635878062        4.64409619180688
O           -7.24775135325524       -4.57659945730759        2.92546005047445
O           -6.15099833780214       -3.83553501327574        1.08986324584302
C            5.12517199701444        6.73069452845697        5.67275173119416
C           -7.32613536602178       -5.92526937417097        2.38425657346593
C            4.14330931465655        7.60313008523429        4.88287869813980
C            5.87561301315267        7.48919729651324        6.76620061875517
H            5.83130668349167        6.24962304803366        4.97244363616399
C           -7.31921839702159       -6.87859365909049        3.58033112459282
C           -8.57732576623478       -6.04716190473421        1.50722680236588
H           -6.42512109568196       -6.07686110478662        1.75996619611518
H            3.64035841898202        7.00504617382530        4.10601695746522
H            3.38334986542169        8.03019136605852        5.55213318900312
H            4.68011005047369        8.42877243439772        4.39590738161535
H            6.55355145874085        6.81969490389992        7.31063093673073
H            6.47483701785544        8.29963519569380        6.32961378040984
H            5.17730070319263        7.92866959653123        7.48995776820554
H           -6.40866762223840       -6.73927658506009        4.17738324949842
H           -8.19270312355744       -6.70168784478179        4.22581776038022
H           -7.35869693602403       -7.92155642444575        3.23729994807849
H           -8.52404375450664       -5.34107312146653        0.66738129791273
H           -8.66212753456487       -7.06517448005150        1.10219832515401
H           -9.48520894599110       -5.83849592708684        2.09344778504438
C           -0.67329078415490       -1.47474702876364       -4.58633274542326
C            0.29107080250536       -1.25630548725649       -5.60719752851185
C           -1.86939789492459       -2.17789142518866       -4.89849389063780
C            0.09547779697127       -1.78783694858046       -6.89734943698580
N            1.42617834031137       -0.47243683855565       -5.27829415171703
C           -2.05327490215497       -2.71366652859074       -6.19091712770411
N           -2.86043342842401       -2.27145072634576       -3.89390626511563
H            0.85404588625815       -1.61366027409141       -7.66578606247617
C           -1.06784700117312       -2.51813440239027       -7.16314165124234
C            2.37043458213445        0.07834738068676       -6.11735905455456
H            1.43543410948017       -0.14638777832994       -4.31043217919119
H           -2.96812510277387       -3.27295929828276       -6.40449390035065
C           -4.08514179708637       -2.90666594494306       -3.94888487616233
H           -2.65591151764196       -1.76059732553845       -3.03082603433672
H           -1.21607869755371       -2.93902912441289       -8.16612397248042
O            2.48593290491248       -0.17434361212654       -7.31068193327350
C            3.26006791945944        1.09731437633655       -5.43759288171213
O           -4.45358743986552       -3.62511618285349       -4.87265773703632
C           -4.97144602792095       -2.62466669967328       -2.76032535920687
C            3.57172143295206        2.35106795209625       -6.21735929372373
H            3.19117230372589        1.20291650110161       -4.34933031370139
C            4.65128698512435        1.31004172024656       -6.03437238827097
C           -5.86755694560227       -3.72628806891523       -2.25552825014551
H           -4.62108676121221       -1.90261722820039       -2.01341501549423
C           -6.47592148660362       -2.61196005199256       -3.07208714505187
H            3.14154374453884        2.42976792122991       -7.21931316579927
H            3.66983525607162        3.28072494801902       -5.65190791989380
H            4.90415705391242        0.69400144773253       -6.90124382671540
C            5.76822008817023        1.62268515646251       -5.08999843848673
H           -5.79208050244201       -4.69291760302877       -2.76043605103136
H           -6.05578542313467       -3.74210731072003       -1.17872722887453
H           -6.73571140835758       -2.84524254958083       -4.10922144805964
C           -7.33031910039267       -1.58112211885960       -2.41196631786570
O            6.94260473414006        1.17475396657889       -5.56294018519984
O            5.63553633787572        2.22257128767260       -4.03916569737429
O           -8.32413567187282       -1.18170829312860       -3.23453926216558
O           -7.17622553285531       -1.15418115017420       -1.28539271968964
C            8.14936541172978        1.41683177594965       -4.78064199419255
C           -9.25909755253824       -0.17974570946033       -2.74296551854126
C            9.06815796861526        0.21469817186290       -5.00503157413139
C            8.76270296419359        2.75272438520095       -5.20997014205291
H            7.83827873579634        1.47793382325973       -3.72026895975637
C           -8.70006924284298        1.22174530807189       -3.01958810929639
C          -10.59648884390375       -0.45479956885579       -3.42948590815911
H           -9.34262569051713       -0.32649217478495       -1.65078251468060
H            8.56575274985004       -0.71228073173873       -4.69877044994205
H            9.34755314501518        0.13021877863161       -6.06629121365196
H            9.99142398218824        0.32873619397935       -4.42093928432534
H            8.05945208035440        3.57495289881888       -5.02598960013222
H            9.68194499997621        2.95172685712865       -4.64217440719236
H            9.02204600048585        2.73582914047979       -6.27978047540367
H           -7.74174986235243        1.36226156871006       -2.49377032349694
H           -8.54190867048256        1.36763843194394       -4.09709081697877
H           -9.40608976098254        1.98654440919409       -2.66734279899427
H          -10.94405618435583       -1.47448061568471       -3.21150146477093
H          -11.36133187773492        0.25058179617961       -3.07793777364682
H          -10.50765599773645       -0.34804284156763       -4.51856514857977
H            4.26426811938847       -6.07664373818137        2.51710255773021
H            0.43659286404874       -7.91117814841645        1.63308563558955
H            1.04735427743388        7.21599353517080       -2.14795017810484
H           -3.25127815350569        7.22372076020873       -1.57821159295216
O            3.43959655708079       -3.57641625999121        1.85970024487963
O           -0.73462169390580       -5.57374606001953        0.89837572545592
O            1.32982072451028        4.60717403553918       -1.40872482493236
O           -3.34948075970075        4.62952818970396       -0.78034447390440
C            4.77364688363317       -3.61028191987163        2.26561318431827
C            5.78416248016650       -3.87973588425168        1.33224429670956
C            5.09159702007816       -3.29512592718070        3.59347514329055
C            7.12397537317805       -3.84013531071673        1.73964329645153
H            5.51075780455481       -4.11246478140581        0.29795032050698
C            6.43527945912109       -3.25717798587338        3.98884830135260
H            4.27982766031975       -3.07918472509056        4.29573810144656
C            7.45307517806323       -3.53106400395519        3.06589466812969
H            7.91763630433682       -4.04948993759859        1.01337514883101
H            6.68973075046899       -3.01084009305805        5.02583387439150
H            8.50505017668756       -3.50157221496616        3.37980224878126
C           -1.70317690099499       -6.56024441753143        1.05335663612695
C           -2.08865652047692       -7.01519368946883        2.32263983814768
C           -2.34692397071415       -7.03184881654933       -0.09897020994196
C           -3.11147384673811       -7.96538609571479        2.43017577343640
H           -1.58835580555783       -6.61887744824013        3.21266880212567
C           -3.37434556465571       -7.97559803368503        0.02309798744496
H           -2.03533051816264       -6.64273114640800       -1.07366457001184
C           -3.75523416934449       -8.45035166444815        1.28448852079765
H           -3.41267226572686       -8.32631404245085        3.41980762495642
H           -3.87974194661686       -8.34441309794290       -0.87602157242988
H           -4.55563726309307       -9.19641168952254        1.37583573307938
C            2.59745392410087        5.15872399703997       -1.29186377096166
C            2.89658170555452        6.21694182745725       -0.41884882891075
C            3.62026615276725        4.53704247651394       -2.02573784901275
C            4.22140657669856        6.65900734236747       -0.30235623730014
H            2.09951577362771        6.68295794344921        0.16967235126721
C            4.93960444829741        4.98142381026325       -1.89385038890978
H            3.37339163866067        3.70097897624806       -2.68735265212506
C            5.24582142123409        6.04869888863027       -1.03775117730169
H            4.45457554054776        7.48755725860995        0.37855786861483
H            5.72144091824932        4.47576007294736       -2.47114996709203
H            6.27964825832893        6.40415818154150       -0.93912268776955
C           -4.63305520156921        5.02471577299779       -1.13917578979048
C           -4.99388757476057        5.24226475440347       -2.47682683017375
C           -5.59225401404611        5.11369753254399       -0.12007161342928
C           -6.31969213155066        5.56981881696526       -2.78621679941073
H           -4.23809313953389        5.14717379270547       -3.26358055561769
C           -6.91616481982634        5.43454903507950       -0.44432521297494
H           -5.28348506061808        4.92073898580069        0.91214364640865
C           -7.28375000386880        5.66976558146825       -1.77503998702169
H           -6.60456861078937        5.74022730433215       -3.83014520363460
H           -7.66689152684515        5.50290109725931        0.35034917433049
H           -8.32186908970880        5.92553796270364       -2.02523050731923
N            1.30248057954918        0.41732305534800        0.17819855847879
C            2.49824656696738        0.91979791116613        0.08593957557279
C            3.20569497606727        0.92912740289622       -1.15096503503476
C            4.46550335691623        1.46552347731845       -1.24985193428994
C            5.09782541079369        2.03776700830102       -0.15061332387205
C            4.43971441978068        2.04436967594300        1.06794816265562
C            3.18824084110556        1.49204154843765        1.20729317655198
C            2.50182068944877        1.54986224681987        2.52668299007323
C            1.51050082742652        2.74012151393886        2.55254416282700
C            1.72537415715090        4.10900246724702        3.11733125384912
C            2.34786380558321        5.15800344885333        2.38705683010512
C            2.03230037433788        6.38817052688224        2.85802219703787
S            1.01970361642126        6.30938142708357        4.25778673806893
C            0.99828190806476        4.59244914103795        4.16728739935180
H            2.70823693496293        0.48722985124874       -2.00054754678871
H            4.96872100259971        1.47273244277179       -2.20226172886579
H            6.08149870171966        2.46978423479006       -0.23856959891842
H            4.90703958884422        2.49079143748879        1.93608379058871
H            1.89039802288085        0.63512141180712        2.63484274597582
H            3.26562001019704        1.56439923596885        3.30909889958781
H            1.21944711150330        2.90202308544952        1.50799880388487
H            0.61836865729038        2.37776399690438        3.04075644426189
H            2.98893303885593        4.97272741678913        1.54766829878296
H            2.30196125111793        7.35089605064179        2.46956340960094
H            0.40624906970331        4.06611786178639        4.89114401037337
239
 energy: -392.964954192155 gnorm: 0.012424157876 xtb: 6.7.1 (edcfbbe)
N            0.13500581570356       -1.77987395579271       -0.87796987438942
N           -0.12086260423174       -1.11276385971806        1.88142916515301
C           -0.44536717798332       -1.00703969176018       -3.16570732239746
C           -0.01040779633290       -1.96968798295435       -2.22749808955565
C            0.40803251360918       -3.31371109457706       -2.58081598278470
H            0.38524563454129       -3.72455099227590       -3.59123846466918
C            0.83175230594478       -3.90999945232503       -1.42719148283016
H            1.22900456248095       -4.91673014160313       -1.29119949308210
C            0.62535425041310       -2.95266768922236       -0.35688100203406
C            0.80633844069494       -3.24631717205823        1.00917862870316
C            0.38790602799804       -2.37853843070140        2.03726474064876
C            0.31238301189998       -2.76113747994840        3.43451029043831
H            0.65101167538065       -3.71917854655928        3.83181878417090
C           -0.29043244324547       -1.73075753412792        4.09862061666983
H           -0.54176595438462       -1.65535674322952        5.15733793079882
C           -0.54498995204720       -0.69353906000433        3.11690365998063
C            1.35772282148192       -4.59389932836347        1.39386478677496
C            2.69855800530182       -4.73512027417829        1.82393972488003
C            3.22208683333667       -5.98876870825720        2.18898134265212
C            2.40083711698944       -7.11769393967420        2.11575099111547
H            2.80849190675772       -8.09984427640595        2.38920663283711
C            1.07146147022184       -7.01832982566109        1.69716313265647
C            0.55193582942040       -5.75717445758018        1.34837444316582
N           -0.88636536536035        1.56117140822388        1.15658080916154
N           -0.58477231159104        0.90654547916784       -1.58437282818672
C           -1.11606964552337        0.55954395623154        3.42247341563614
C           -1.21172992698163        1.61589338843055        2.48872611598209
C           -1.59688722936041        2.97012886291111        2.83993014349662
H           -1.91694703279352        3.28161058240731        3.83471786751314
C           -1.45333476050299        3.72790055087113        1.71212598821106
H           -1.64355836119971        4.79360797437796        1.58390803449312
C           -1.04581138839099        2.83070412043897        0.65028173282242
C           -0.92385833342539        3.20316556927088       -0.70113061036203
C           -0.78944615885450        2.25515792775675       -1.73443706646791
C           -0.99082369715949        2.56406854957674       -3.13573822238386
H           -1.17379110175683        3.56469930676779       -3.52897637644469
C           -0.95821556893698        1.37798279114162       -3.81275272672929
H           -1.10472996248078        1.19810715591104       -4.87865681398021
C           -0.67027194014360        0.34583311621562       -2.83544952335908
C           -1.00866254404696        4.65544506737973       -1.08490578845230
C            0.17162536568488        5.35780110353116       -1.43095979671472
C            0.12535413189757        6.70055612864625       -1.84759095174957
C           -1.10813221307407        7.35764667246509       -1.89130610395636
H           -1.14846624146598        8.40843537903559       -2.20712373045946
C           -2.29167785243126        6.69987093276544       -1.54349243313349
C           -2.24076842804537        5.34716948855133       -1.15741172254294
Fe          -0.26411831347327       -0.07140924491303        0.14938362759082
Cl          -2.48937618205199       -0.72259759538552        0.11343555273791
C           -1.70528882645911        0.76437596701945        4.79610867625909
C           -0.94677090800944        1.30840209336937        5.86706715912229
C           -3.06195315547720        0.39665135196517        5.01800610729408
C           -1.53193789347410        1.48827373471516        7.13639604812611
N            0.39921629263331        1.66986537987150        5.60472899870919
C           -3.64316056323267        0.60093482789254        6.28798107722608
N           -3.78009905321074       -0.19544318245436        3.95210671578667
H           -0.92621652565235        1.89525733081966        7.95067481927662
C           -2.87234846077775        1.13749270275391        7.32263956634824
C            1.37023187135398        2.08691805442481        6.48860752395967
H            0.67681275211004        1.57340623369528        4.62650230601165
H           -4.69261477923766        0.33364683737787        6.43520761418018
C           -5.10691659026330       -0.57862993079454        3.92601964568446
H           -3.24593813640921       -0.36381538833199        3.09430442934904
H           -3.33033921034098        1.28545384957282        8.30913160285773
O            1.21848828322227        2.19191891605838        7.70055212874040
C            2.69488703136515        2.42202050343542        5.83939191982395
O           -5.91110753972661       -0.35213047739442        4.82487385842892
C           -5.50919216440515       -1.33076497649267        2.68013069623923
C            3.95331021748545        2.04432632698363        6.57795841484869
H            2.75079217848531        2.42854601867668        4.74855854788017
C            3.52445200892120        3.49188989603854        6.55906747705839
C           -6.86234969955427       -1.03975989594313        2.08028303146752
H           -4.72145756148710       -1.63577873338459        1.98160176980116
C           -6.67619912047318       -2.30721961420119        2.88013420617809
H            3.83505682652648        1.51856080750563        7.52825040031651
H            4.82086210245422        1.77255042727088        5.97261682824774
H            3.08411138647802        3.88672937872863        7.47769548817949
C            4.29774136058859        4.46617343986306        5.72797880297203
H           -7.46013942028317       -0.26003680276012        2.56076949621885
H           -6.94441714508167       -1.12568070968208        0.99325293002943
H           -7.10004249756045       -2.31771827831281        3.88914563383948
C           -6.64257197348123       -3.62541239190534        2.18233531312858
O            4.38292326956001        5.65946294482809        6.33816625090332
O            4.80358123645729        4.21080114780938        4.65113231439351
O           -7.24946100958864       -4.57658326722634        2.92616387202223
O           -6.15211375730273       -3.83497403398008        1.09111646408494
C            5.12011846875906        6.73264603898262        5.68045644752043
C           -7.32736438449633       -5.92515223911202        2.38470802692922
C            4.13815101789970        7.60508064801346        4.89042188146006
C            5.86999079572570        7.49111701378363        6.77429664309916
H            5.82662856670828        6.25189317655333        4.98028465015270
C           -7.32073305322807       -6.87869435040376        3.58060596238185
C           -8.57817796973185       -6.04714363756268        1.50714403170149
H           -6.42606294824195       -6.07647666407972        1.76072550047101
H            3.63550767086529        7.00688973926734        4.11360135386252
H            3.37801775755409        8.03185359905330        5.55943940888645
H            4.67517973321464        8.43088676550343        4.40373953777975
H            6.54785954696705        6.82164455714210        7.31888398453733
H            6.46924003689604        8.30176599371733        6.33808278404420
H            5.17130010117601        7.93032534087784        7.49787440423258
H           -6.41043478397900       -6.73931654944212        4.17805287194316
H           -8.19451990972290       -6.70207400436600        4.22578993354228
H           -7.35986837609558       -7.92162337503474        3.23736579660362
H           -8.52470533497934       -5.34088876067447        0.66743765488302
H           -8.66261966702830       -7.06511345152578        1.10189769614834
H           -9.48635077739532       -5.83875160591831        2.09305550874829
C           -0.67261854289374       -1.47207169876778       -4.58245242629831
C            0.29209582034439       -1.25326793253873       -5.60289810779348
C           -1.86844899073773       -2.17539987161688       -4.89522674294957
C            0.09714698105407       -1.78459387680655       -6.89322789487002
N            1.42696868431155       -0.46922782859140       -5.27338403089959
C           -2.05173136502511       -2.71098797969009       -6.18781099839646
N           -2.85990582246707       -2.26934150156472       -3.89101820034413
H            0.85598580825180       -1.61012630986417       -7.66133081063103
C           -1.06594026713758       -2.51507845173601       -7.15960860648069
C            2.37139159997932        0.08187814652314       -6.11199767926010
H            1.43572397201003       -0.14330634844705       -4.30546990099595
H           -2.96638899899062       -3.27042328030252       -6.40184929695217
C           -4.08440828003933       -2.90478766228946       -3.94664676560327
H           -2.65579436863459       -1.75859442946669       -3.02778426808236
H           -1.21369255733304       -2.93582574384320       -8.16273373893663
O            2.48743798948812       -0.17055910979439       -7.30532487187644
C            3.26059926446154        1.10092826949777       -5.43165717102777
O           -4.45238970149114       -3.62315636277589       -4.87068237545768
C           -4.97129825721111       -2.62317158731167       -2.75835000030387
C            3.57228037502392        2.35487737765541       -6.21109980566348
H            3.19116967697601        1.20632902227203       -4.34344298490818
C            4.65194032511432        1.31400793967962       -6.02792064893357
C           -5.86737269281136       -3.72506321298990       -2.25412107032650
H           -4.62135304243187       -1.90118466168052       -2.01117617109490
C           -6.47561341509288       -2.61072268704540       -3.07072322392421
H            3.14247801079421        2.43368059825932       -7.21322148333366
H            3.66999088464969        3.28447227142186       -5.64542543929750
H            4.90531765364908        0.69817417504851       -6.89477437175175
C            5.76845772246498        1.62679131035075       -5.08323005893218
H           -5.79149573686237       -4.69160467966529       -2.75918101230227
H           -6.05602831723187       -3.74111653505421       -1.17737698406700
H           -6.73496078965573       -2.84385449898830       -4.10801397973288
C           -7.33051380689152       -1.58013742121763       -2.41076831444301
O            6.94317578393712        1.17903870977225       -5.55554603087349
O            5.63519808724994        2.22670018883669       -4.03247208495285
O           -8.32406750320892       -1.18078195240504       -3.23363771298769
O           -7.17692713803024       -1.15338349379988       -1.28401344442131
C            8.14952617360406        1.42129606706850       -4.77276036554131
C           -9.25941094516023       -0.17912462941746       -2.74227210537477
C            9.06866569142813        0.21938164006808       -4.99695327583270
C            8.76278451093279        2.75739084307964       -5.20155384121988
H            7.83802296993587        1.48214452735736       -3.71248131059380
C           -8.70054724777672        1.22256101478015       -3.01841198116368
C          -10.59646950905686       -0.45429031300936       -3.42936537594967
H           -9.34335008824824       -0.32605036497052       -1.65012943313607
H            8.56632451492166       -0.70776281801885       -4.69106183935345
H            9.34850809242973        0.13514817039710       -6.05813012810805
H            9.99168994945492        0.33350749190339       -4.41246382879593
H            8.05929802685104        3.57945827337756       -5.01770506925208
H            9.68177939786294        2.95646979447411       -4.63334600275110
H            9.02256752905100        2.74074079040689       -6.27127770518629
H           -7.74246082982249        1.36316814855035       -2.49218083499210
H           -8.54198565947093        1.36867684543469       -4.09584031323613
H           -9.40686699540927        1.98716279839646       -2.66629970730262
H          -10.94393696760818       -1.47409363145043       -3.21169685272193
H          -11.36160638796551        0.25089367484689       -3.07798598528260
H          -10.50722995134593       -0.34731392737840       -4.51840740908830
H            4.26304777908961       -6.07428083493277        2.52211888994494
H            0.43605576515977       -7.90942854741734        1.63624709638912
H            1.04535733591887        7.21857001048229       -2.14180406222789
H           -3.25352969764594        7.22534322472661       -1.57377403164277
O            3.43812316996692       -3.57410992766269        1.86481042840231
O           -0.73531693469177       -5.57208688829822        0.90148066834577
O            1.32802480522917        4.60966032317025       -1.40295858336727
O           -3.35152975042494        4.63097919317555       -0.77641135830298
C            4.77203370704079       -3.60777703350805        2.27126703082580
C            5.78295815608589       -3.87685930620720        1.33823848373781
C            5.08937387739641       -3.29280245433663        3.59932474872868
C            7.12261495825831       -3.83706175456551        1.74618044615383
H            5.51001459678161       -4.10945494041277        0.30378566050667
C            6.43290297274265       -3.25464670708963        3.99524311635372
H            4.27728247208480       -3.07714549795429        4.30131408877077
C            7.45112694752606       -3.52816104907009        3.07263397854291
H            7.91660863566674       -4.04612260048232        1.02019279803240
H            6.68689375790214       -3.00844003312473        5.03237825392477
H            8.50297523399925       -3.49851187000371        3.38696884973289
C           -1.70373939706296       -6.55880098458784        1.05591453865933
C           -2.08962779941828       -7.01405201478945        2.32496216170163
C           -2.34693586754774       -7.03032340001738       -0.09677072822301
C           -3.11231614858928       -7.96446866296889        2.43193401480338
H           -1.58976148647581       -6.61779764332846        3.21527474275974
C           -3.37422715214185       -7.97429833243135        0.02472275105742
H           -2.03503091389637       -6.64096529380196       -1.07127781363013
C           -3.75553074650212       -8.44935608960382        1.28589447573413
H           -3.41383791455995       -8.32563231595939        3.42138467208822
H           -3.87920139500065       -8.34305173942606       -0.87466407509494
H           -4.55582983836824       -9.19558982693117        1.37679310949759
C            2.59551410243858        5.16146926042448       -1.28538608919087
C            2.89401976168927        6.21954373023882       -0.41210889566467
C            3.61875315747621        4.54006828045835       -2.01905279343022
C            4.21875023059622        6.66187966679169       -0.29507026871154
H            2.09671017394169        6.68523475479886        0.17636592104704
C            4.93794205296332        4.98469580236239       -1.88658323980985
H            3.37235937269476        3.70401740330857       -2.68088139406970
C            5.24358397255603        6.05195006431823       -1.03013736902352
H            4.45150554758309        7.49036154931393        0.38612216969874
H            5.72007837363861        4.47930497638427       -2.46370696635799
H            6.27732026145177        6.40755905281345       -0.93103583525759
C           -4.63502306209212        5.02598170550884       -1.13569336599491
C           -4.99536570887991        5.24370323478159       -2.47344642024261
C           -5.59465179662827        5.11458836043994       -0.11693894131085
C           -6.32112356585133        5.57105379587022       -2.78331334333056
H           -4.23924022797208        5.14890327875928       -3.25992826128366
C           -6.91850079588405        5.43524027034223       -0.44165964205036
H           -5.28625140208683        4.92150148784813        0.91536900957532
C           -7.28560770378324        5.67062641576334       -1.77249744349577
H           -6.60561897777936        5.74159603217563       -3.82732548811206
H           -7.66956355925516        5.50329952828479        0.35272552723188
H           -8.32368216165616        5.92624099489943       -2.02305205533615
N            1.30141401788938        0.41795665570514        0.18398541187905
C            2.49994191734957        0.90815918643470        0.07196943676138
C            3.18478613304604        0.88434996877257       -1.17982266544046
C            4.44482140763255        1.41279967539424       -1.31353251544781
C            5.09845759378933        2.01138540592021       -0.23937589811502
C            4.46576046326669        2.04161900446085        0.99366800298461
C            3.21515237934390        1.49386589041242        1.17083855513876
C            2.56277608350661        1.57053790445728        2.50694754569329
C            1.52923996463187        2.72283748023384        2.52664028372125
C            1.72478493787572        4.09317225223914        3.08625916097517
C            2.37949281932098        5.13833373935034        2.38446587769458
C            2.04834399290471        6.36698282813608        2.84725012139222
S            0.98949180705367        6.29168500300970        4.21169182487977
C            0.96479637993425        4.57673606492153        4.11148828525531
H            2.66859488695976        0.42643972217693       -2.01144197110030
H            4.93271270058311        1.39500847790445       -2.27505987662750
H            6.07850582828512        2.44646509313450       -0.35838615273868
H            4.95120250431188        2.50404443019013        1.84409207766997
H            1.99530051616093        0.63731969440003        2.66793385808364
H            3.34707944155920        1.65221697148110        3.26677414271475
H            1.24345585389440        2.88149990770195        1.48203515996269
H            0.65293869013194        2.34161323312142        3.03035452741596
H            3.04884985615665        4.95520833984239        1.56383878702530
H            2.34013866519122        7.32924061216118        2.47122379408823
H            0.34375111584055        4.05109576555522        4.80991616749069
239
 energy: -392.966994248461 gnorm: 0.010557606644 xtb: 6.7.1 (edcfbbe)
N            0.13425705745364       -1.77756894648899       -0.87335133202145
N           -0.12296815893379       -1.11091554371160        1.88616114280848
C           -0.44529415431218       -1.00418301188865       -3.16116505281680
C           -0.01051600047444       -1.96693708470400       -2.22301756297929
C            0.40837951805732       -3.31079211239053       -2.57644214074494
H            0.38615486065492       -3.72141864005861       -3.58696477600863
C            0.83178905641081       -3.90723296904005       -1.42274429545924
H            1.22918129611339       -4.91391893675198       -1.28681890554335
C            0.62461907640948       -2.95016567099339       -0.35241428546319
C            0.80508731777879       -3.24411404355424        1.01385994381248
C            0.38602819629528       -2.37665522706514        2.04171552874124
C            0.30992494482699       -2.75959444766231        3.43909120470509
H            0.64864363401975       -3.71769568040905        3.83621413024911
C           -0.29334726085598       -1.72966790507670        4.10310630631441
H           -0.54524047486075       -1.65441028639465        5.16170829737244
C           -0.54772301352633       -0.69207101183790        3.12146869561575
C            1.35662334443325       -4.59166792417338        1.39837290270191
C            2.69731391931993       -4.73265660585605        1.82901791466040
C            3.22097534861984       -5.98627407050040        2.19401262702603
C            2.40002025513258       -7.11537340192699        2.12016610370473
H            2.80778575092442       -8.09749354447711        2.39358688791654
C            1.07079816050833       -7.01623704478483        1.70100564083225
C            0.55113272775920       -5.75511835732189        1.35227213624735
N           -0.88903733228100        1.56287301824937        1.16143906877901
N           -0.58585791981905        0.90914110540478       -1.57951080003289
C           -1.11886212094675        0.56056930598875        3.42659993428634
C           -1.21433867480687        1.61694220797524        2.49364116283064
C           -1.59990650980732        2.97116045329207        2.84487955476025
H           -1.92112720552662        3.28244561080192        3.83956662462469
C           -1.45637889666359        3.72931692824217        1.71737815470561
H           -1.64696081362154        4.79507704721663        1.58924459789071
C           -1.04820193985458        2.83243830934918        0.65547481036597
C           -0.92589449237212        3.20537357074441       -0.69575844901041
C           -0.79075783432344        2.25751113857039       -1.72932807455133
C           -0.99161674060585        2.56679321195248       -3.13064013793574
H           -1.17464632915146        3.56746703465699       -3.52373157115856
C           -0.95842140607944        1.38086553269571       -3.80791711436204
H           -1.10442562658730        1.20119244162410       -4.87392138892607
C           -0.67066816263832        0.34855961668822       -2.83067946216654
C           -1.01084905540521        4.65767313651644       -1.07931859836695
C            0.16940584193771        5.36041140242481       -1.42469480300843
C            0.12302338531892        6.70324185436982       -1.84104629949385
C           -1.11061443894882        7.36005208778220       -1.88514809945788
H           -1.15105545109456        8.41091025450937       -2.20074092746573
C           -2.29416134214894        6.70191655196479       -1.53800738904249
C           -2.24309393870198        5.34913274011118       -1.15221031098641
Fe          -0.26641242814532       -0.06927497980088        0.15456548386034
Cl          -2.49079298491687       -0.72098120736782        0.11709809379520
C           -1.70912387309267        0.76519566855859        4.80057506006163
C           -0.95134693981723        1.30906059067432        5.87189462081418
C           -3.06582689187857        0.39702431453843        5.02171108495290
C           -1.53700134097248        1.48853864394492        7.14103659661920
N            0.39482214374955        1.67125708483427        5.61017083042259
C           -3.64766167675555        0.60087752774560        6.29145600362155
N           -3.78339311596379       -0.19502060842838        3.95533641538362
H           -0.93173619084241        1.89547117175702        7.95566309064200
C           -2.87740253729048        1.13737540731691        7.32659727977517
C            1.36519196707594        2.08820203127164        6.49454992489935
H            0.67281988086071        1.57477205262032        4.63196629587760
H           -4.69711394135161        0.33330677743224        6.43817216041081
C           -5.11005023318266       -0.57847596563162        3.92862079373017
H           -3.24877643702527       -0.36305523398636        3.09776029817006
H           -3.33588085815010        1.28500533328337        8.31292380467658
O            1.21305429290000        2.19268541369314        7.70650837873469
C            2.69023490594931        2.42349058597676        5.84590402254935
O           -5.91473822311096       -0.35239163312029        4.82715517307840
C           -5.51164599984705       -1.33045627177342        2.68234808800528
C            3.94837283365625        2.04602637221217        6.58510630462048
H            2.74683714878263        2.42991886027691        4.75487174300063
C            3.51919715412616        3.49341635536144        6.56635109220198
C           -6.86459062625642       -1.03962353797535        2.08198177683431
H           -4.72351076955173       -1.63511888878624        1.98410475639639
C           -6.67849292742151       -2.30719506342681        2.88162662358821
H            3.82976692786740        1.52000876421985        7.53526359286570
H            4.81624386176714        1.77454213037224        5.98010828738568
H            3.07828660586242        3.88800034863584        7.48488297427493
C            4.29257280012011        4.46818384911147        5.73588581146797
H           -7.46278079279905       -0.26013657127340        2.56238483712305
H           -6.94616023056243       -1.12531362420223        0.99488199728362
H           -7.10278293037809       -2.31804348141084        3.89045612657055
C           -6.64425351467182       -3.62527113950064        2.18355708733383
O            4.37725877088482        5.66125806969665        6.34633386691487
O            4.79897414572832        4.21309852172756        4.65914706033574
O           -7.25124425450766       -4.57672606089118        2.92687071621325
O           -6.15325472107114       -3.83443930673539        1.09247623084755
C            5.11441559275757        6.73477660343695        5.68925580457808
C           -7.32859292600032       -5.92517234819673        2.38510268095378
C            4.13232520289986        7.60724811688844        4.89896924309437
C            5.86360974436514        7.49321929115882        6.78356599557569
H            5.82134278621395        6.25441964029516        4.98923854397721
C           -7.32226453810266       -6.87899112729127        3.58077425893809
C           -8.57898431125521       -6.04727360759801        1.50694108848639
H           -6.42697178225663       -6.07616343388866        1.76146341383967
H            3.63003775493828        7.00910363835807        4.12196642525759
H            3.37203274836611        8.03363172513743        5.56780430292859
H            4.66958980933180        8.43323242385425        4.41272736399280
H            6.54141368473666        6.82377506410045        7.32831321344359
H            6.46287671660471        8.30410864147672        6.34780901160945
H            5.16450505326169        7.93208505635152        7.50695750166746
H           -6.41225531827749       -6.73954235223600        4.17866182007046
H           -8.19638392044854       -6.70272293970495        4.22562053869959
H           -7.36099992606064       -7.92186497215774        3.23727657167839
H           -8.52530965980527       -5.34081238245538        0.66741446863967
H           -8.66300759169222       -7.06517829722213        1.10142463118986
H           -9.48747639348871       -5.83922104087905        2.09250541951380
C           -0.67180942624073       -1.46894958241985       -4.57811755304822
C            0.29328745062816       -1.24970485164879       -5.59809272234084
C           -1.86731536606952       -2.17249076930093       -4.89159602812164
C            0.09906716264946       -1.78076556589138       -6.88862831916677
N            1.42789471619854       -0.46544565646233       -5.26788620046960
C           -2.04992644045130       -2.70783596189757       -6.18436891971702
N           -2.85925537999291       -2.26690356803508       -3.88780662280904
H            0.85820173617754       -1.60594455303337       -7.65635552816974
C           -1.06373976845769       -2.51146882624489       -7.15568671021948
C            2.37247752417676        0.08602491585232       -6.10597244873901
H            1.43608597227298       -0.13971297118252       -4.29990161708949
H           -2.96435636965136       -3.26743877890338       -6.39893904411873
C           -4.08349357799205       -2.90262008825418       -3.94418277587217
H           -2.65559749984621       -1.75629506690833       -3.02439461534947
H           -1.21094894536638       -2.93202497530115       -8.15897821407993
O            2.48915754039402       -0.16607440011889       -7.29930608830546
C            3.26120837416661        1.10518049232127       -5.42498065571757
O           -4.45095953305250       -3.62087737221115       -4.86851634784946
C           -4.97105592058915       -2.62148018645237       -2.75616168840951
C            3.57290281056299        2.35936615616763       -6.20402186379087
H            3.19116515165286        1.21034195996458       -4.33682375392430
C            4.65268707522723        1.31869513315404       -6.02064536432485
C           -5.86706432261954       -3.72369932110783       -2.25259961676877
H           -4.62157985772954       -1.89958101709446       -2.00868412312805
C           -6.47518693495724       -2.60933414251281       -3.06921824954115
H            3.14352094131138        2.43830900180482       -7.20631904536232
H            3.67014557618210        3.28887385790726       -5.63808150503398
H            4.90663986036096        0.70311848523767       -6.88749228816310
C            5.76875509117116        1.63162780616396       -5.07554364374231
H           -5.79073034133763       -4.69012183273483       -2.75784835453129
H           -6.05619513952225       -3.74004674926080       -1.17592899047735
H           -6.73404096160264       -2.84227454175569       -4.10668322919830
C           -7.33066495555782       -1.57906533799222       -2.40942155689300
O            6.94383587336930        1.18410720549376       -5.54721836703668
O            5.63484276384479        2.23149301818498       -4.02483468319769
O           -8.32393206263681       -1.17976966451565       -3.23260352880046
O           -7.17765078113308       -1.15255144622618       -1.28246650932596
C            8.14972299545133        1.42655882046446       -4.76387016415396
C           -9.25971732291488       -0.17848237236059       -2.74145415138018
C            9.06926893279179        0.22491182761665       -4.98789266625639
C            8.76287523738319        2.76289479370611       -5.19205087659389
H            7.83774712747468        1.48710749420453       -3.70368093965388
C           -8.70106560176981        1.22343537575219       -3.01701525711161
C          -10.59640524263754       -0.45377710002061       -3.42919084418006
H           -9.34411306183913       -0.32563977075394       -1.64936087876939
H            8.56701337713689       -0.70242813965857       -4.68243805317705
H            9.34960982421984        0.14098178253261       -6.04897062467592
H            9.99201444175128        0.33913023240990       -4.40295995085338
H            8.05911128132937        3.58476209890940       -5.00833248364658
H            9.68158171391613        2.96206276332288       -4.62338078072598
H            9.02314525044694        2.74655288706275       -6.26167071878386
H           -7.74324490632774        1.36414324229008       -2.49032358281976
H           -8.54206198741296        1.36982935918184       -4.09434920408427
H           -9.40772856839498        1.98778824502879       -2.66503447875365
H          -10.94373772479078       -1.47372146433632       -3.21190581356399
H          -11.36187486930217        0.25115583890251       -3.07798438995753
H          -10.50671362500982       -0.34652842261340       -4.51818034942882
H            4.26181183606561       -6.07160932252387        2.52759866291324
H            0.43563022339195       -7.90747023555706        1.63961236186289
H            1.04302983152983        7.22154733299094       -2.13472832494094
H           -3.25612427190014        7.22716866080043       -1.56859134808803
O            3.43656637169025       -3.57149137794510        1.87048172101012
O           -0.73596381792615       -5.57023802943758        0.90484799789523
O            1.32598217773173        4.61251369594334       -1.39635156087464
O           -3.35385624240667        4.63259866362038       -0.77186299893301
C            4.77032804482340       -3.60493918668244        2.27752309483682
C            5.78171565175029       -3.87355958072552        1.34487516048152
C            5.08699173796302       -3.29019232445670        3.60579975163479
C            7.12119113440030       -3.83353305518193        1.75342545530928
H            5.50928944680490       -4.10598353951295        0.31024407457949
C            6.43033939888370       -3.25179330805207        4.00233114582085
H            4.27453979918176       -3.07490918898094        4.30749240152020
C            7.44904054711521       -3.52485416457427        3.08010497554276
H            7.91555699518674       -4.04223672019461        1.02774670814124
H            6.68381059299389       -3.00575794579361        5.03963751850781
H            8.50074326264151       -3.49502244809889        3.39491923182177
C           -1.70421927164502       -6.55720926286206        1.05864557499037
C           -2.09055938656160       -7.01283882292329        2.32740992874525
C           -2.34679804936504       -7.02862403846530       -0.09444833667665
C           -3.11308361218871       -7.96352363861363        2.43372421421137
H           -1.59118539726579       -6.61666867307497        3.21804570125269
C           -3.37392020144879       -7.97286773070314        0.02637729130749
H           -2.03455127770118       -6.63896829715308       -1.06873070216840
C           -3.75567639148466       -8.44830292237292        1.28728821953339
H           -3.41495724094729       -8.32498041267012        3.42296176035978
H           -3.87841576298388       -8.34153759451669       -0.87331430313884
H           -4.55584401890705       -9.19474577002264        1.37766040461568
C            2.59330392603054        5.16464331992398       -1.27808884915062
C            2.89108308211747        6.22262348594000       -0.40459733311747
C            3.61704135967936        4.54356931459164       -2.01144148960148
C            4.21572169411541        6.66521180477331       -0.28678169238910
H            2.09349494649402        6.68791076356948        0.18374747843551
C            4.93603299678808        4.98851616616659       -1.87830847846568
H            3.37116510124335        3.70757370817402       -2.67354751997373
C            5.24100843025129        6.05572926367514       -1.02144685544088
H            4.44797609491963        7.49358766801910        0.39477032409391
H            5.71852357943190        4.48346913827950       -2.45524002893630
H            6.27464429982997        6.41151396586127       -0.92182274500415
C           -4.63726927987536        5.02737626178287       -1.13163302599251
C           -4.99707601993892        5.24532015808911       -2.46948536445862
C           -5.59738090994326        5.11552243920918       -0.11326650593487
C           -6.32278460687108        5.57242848524059       -2.77987112550046
H           -4.24058272489548        5.15087765050000       -3.25566647020998
C           -6.92115921001637        5.43593713709899       -0.43849516320561
H           -5.28938521662598        4.92227147778390        0.91913484307910
C           -7.28773738571140        5.67154100000625       -1.76946111948410
H           -6.60685594735696        5.74314246645773       -3.82397171881327
H           -7.67259511188660        5.50363621324340        0.35556724697277
H           -8.32576503793988        5.92696818593584       -2.02040922293587
N            1.30228917787781        0.41537172148019        0.19083507675212
C            2.50313417586948        0.89231223318324        0.05834380272848
C            3.16115311885071        0.83579863528161       -1.20899473349096
C            4.42040886103943        1.35412771435479       -1.37907318147513
C            5.09803804832585        1.97472944279383       -0.33189244512082
C            4.49407717970207        2.03071890321763        0.91504449081692
C            3.24459421922790        1.49125761818519        1.13247251103251
C            2.62547885389387        1.59181706905410        2.48363732938351
C            1.55168467861358        2.70454227057291        2.49438357468575
C            1.72870303117350        4.07877297822737        3.04861711877328
C            2.40823787703043        5.12114328989358        2.37308687410787
C            2.06542441935775        6.34970760681824        2.82786499354392
S            0.97094887008608        6.27495857526807        4.15986440508856
C            0.94230520240647        4.56289849625058        4.05200726987202
H            2.62444379116689        0.36474936515819       -2.02127536986982
H            4.89072873578578        1.31301777263550       -2.34899097714888
H            6.07416647057347        2.40953920758043       -0.48440829521477
H            4.99919375751723        2.50671837023600        1.74642328598828
H            2.10668615715098        0.64506392360574        2.69758196475288
H            3.42310731601999        1.74285718429160        3.21877278586453
H            1.26659189594827        2.85680030649369        1.44999610988313
H            0.68982794388995        2.30867824521176        3.01432342164098
H            3.09662426081602        4.93810729088948        1.56744569650581
H            2.37203077253884        7.31055251278738        2.46071978881700
H            0.30260858534751        4.03439803907145        4.72827324002391
239
 energy: -392.968896455956 gnorm: 0.010113300496 xtb: 6.7.1 (edcfbbe)
N            0.13348459108702       -1.77490624259909       -0.86845268943446
N           -0.12531010418518       -1.10890696295685        1.89122179272617
C           -0.44521308499420       -1.00097304187818       -3.15632996226427
C           -0.01062086256001       -1.96385144197545       -2.21822928949135
C            0.40880938560475       -3.30751818306956       -2.57179119664729
H            0.38720036367124       -3.71787989348100       -3.58242448966131
C            0.83183356775339       -3.90413681217756       -1.41802312896025
H            1.22946432894618       -4.91072923446569       -1.28218133362035
C            0.62385891588600       -2.94733477633154       -0.34762529787798
C            0.80380805954142       -3.24160993517927        1.01879372803790
C            0.38404427002788       -2.37452093396071        2.04652369710671
C            0.30737044170847       -2.75782792178719        3.44390399250175
H            0.64617749308754       -3.71596654853043        3.84088000285359
C           -0.29645005688754       -1.72830670372130        4.10783606544988
H           -0.54891743056147       -1.65332789998256        5.16634050926308
C           -0.55071522884319       -0.69044413007840        3.12636467972206
C            1.35554343152782       -4.58912081415968        1.40314621445422
C            2.69607147539684       -4.72985181325924        1.83439362676829
C            3.21990398802958       -5.98341405637776        2.19932541742567
C            2.39929672412085       -7.11271753968868        2.12480805896438
H            2.80720372385363       -8.09479331507126        2.39817708752715
C            1.07024677260882       -7.01384430064492        1.70504157942389
C            0.55039782280565       -5.75278002840959        1.35638120077886
N           -0.89168608094762        1.56490502783117        1.16667420733004
N           -0.58692949027045        0.91197485816218       -1.57421356378537
C           -1.12222097161725        0.56204988237836        3.43137622135037
C           -1.21737107062068        1.61852811810059        2.49889671483503
C           -1.60346926797765        2.97242912192480        2.85016913364502
H           -1.92568426887989        3.28342647167146        3.84475456540625
C           -1.45983042211775        3.73098527354251        1.72291934755325
H           -1.65072553675947        4.79673850075155        1.59497028893362
C           -1.05094424399212        2.83445259078457        0.66099142579854
C           -0.92815600595495        3.20785061679285       -0.69005849730191
C           -0.79222470112928        2.26018515340877       -1.72384266202664
C           -0.99254259027463        2.56983779046787       -3.12516889590526
H           -1.17565977011797        3.57055456963778       -3.51809237493098
C           -0.95869189509698        1.38408912858637       -3.80272264337879
H           -1.10414321246782        1.20464698396726       -4.86883863109287
C           -0.67109365729278        0.35161575926725       -2.82558925678874
C           -1.01331310895794        4.66018617596674       -1.07332376957492
C            0.16688878039960        5.36336159798842       -1.41795454567971
C            0.12034948075059        6.70627067707142       -1.83398851175568
C           -1.11345917395957        7.36275154895576       -1.87850250616722
H           -1.15403989283464        8.41368084776154       -2.19384399616599
C           -2.29698271831047        6.70419976614637       -1.53208904212214
C           -2.24572250083398        5.35133033626860       -1.14661286390512
Fe          -0.26846582663607       -0.06695872652661        0.16005759016961
Cl          -2.49231061120425       -0.71916628108055        0.12100376984278
C           -1.71330158971273        0.76604846765069        4.80534879641517
C           -0.95625072502685        1.30983160510868        5.87703690496190
C           -3.07000082267453        0.39742476532631        5.02566628934370
C           -1.54244296419764        1.48883806829452        7.14599664483797
N            0.39007340695935        1.67274621867493        5.61597588109305
C           -3.65248055101660        0.60079632486199        6.29518049407029
N           -3.78690763163844       -0.19454776796658        3.95879097614276
H           -0.93769789383060        1.89573075902052        7.96099903639051
C           -2.88283678286772        1.13724358033605        7.33083131169868
C            1.35978230299507        2.08957659963621        6.50092282756879
H            0.66843317490845        1.57644791921873        4.63778248978259
H           -4.70192950902751        0.33290646494788        6.44134046363007
C           -5.11341126762452       -0.57834436178718        3.93137876333564
H           -3.25181909991905       -0.36220840021819        3.10144384147938
H           -3.34184088384977        1.28449969324592        8.31697272057846
O            1.20720884484346        2.19358305146062        7.71286735126587
C            2.68527882870086        2.42521699588821        5.85283010673408
O           -5.91860878836310       -0.35272484064706        4.82957308085379
C           -5.51423889334321       -1.33013794483231        2.68470241080932
C            3.94303040334794        2.04798415202135        6.59275576795627
H            2.74259392752137        2.43162511803948        4.76156584376244
C            3.51346646472195        3.49522346434777        6.57415581992033
C           -6.86697011602156       -1.03952312953044        2.08377950030857
H           -4.72568159519089       -1.63439884429751        1.98676359260050
C           -6.68089952870871       -2.30723115577440        2.88318961267646
H            3.82405762208879        1.52171491701734        7.54276027810710
H            4.81123050550283        1.77687145158463        5.98814011917473
H            3.07196225529797        3.88948692222484        7.49259948708290
C            4.28692882325672        4.47049734774364        5.74436332352500
H           -7.46560417271467       -0.26032106686450        2.56409420137863
H           -6.94800460701304       -1.12495737700657        0.99661857638186
H           -7.10566453031689       -2.31846497055385        3.89181496940417
C           -6.64597077068222       -3.62514616489837        2.18480799889805
O            4.37102505437605        5.66336083455098        6.35513245060662
O            4.79390948382365        4.21577310046253        4.66777603998762
O           -7.25304761524100       -4.57694117612277        2.92757486575393
O           -6.15439737122493       -3.83388445635186        1.09390034608147
C            5.10815351345403        6.73725880335002        5.69870263259279
C           -7.32977090244903       -5.92526536611504        2.38544519123113
C            4.12601692461589        7.60973892703494        4.90815183934439
C            5.85659884138748        7.49566652173456        6.79354865146004
H            5.81553813978418        6.25732265603035        4.99887699651394
C           -7.32374456620893       -6.87938957703650        3.58086999228597
C           -8.57971086905001       -6.04749770370177        1.50665232484428
H           -6.42781104980142       -6.07585723096921        1.76218714555490
H            3.62429436212451        7.01166140634183        4.13075563498233
H            3.36544614400851        8.03567653918690        5.57677954206298
H            4.66343355424116        8.43592846026748        4.42240523833643
H            6.53434054860333        6.82626320490899        7.33845408530550
H            6.45586136022207        8.30681675978798        6.35829728574564
H            5.15704665739615        7.93413255739264        7.51673536212557
H           -6.41405574628615       -6.73984207376615        4.17922477368046
H           -8.19821595473866       -6.70352695302144        4.22534843139273
H           -7.36202877566619       -7.92218771979289        3.23709015325414
H           -8.52583378702943       -5.34080916890975        0.66733160962982
H           -8.66326119381306       -7.06532157252664        1.10083750649195
H           -9.48853800337576       -5.83984290362226        2.09183825324894
C           -0.67092307343837       -1.46544963671724       -4.57350406140052
C            0.29458098794296       -1.24569491747195       -5.59297174406313
C           -1.86607324837162       -2.16924108964188       -4.88773477004217
C            0.10113835543542       -1.77647044975766       -6.88372853310659
N            1.42886523782855       -0.46119352840163       -5.26202923247437
C           -2.04793795981816       -2.70431113644051       -6.18071952750614
N           -2.85850369157153       -2.26418787193808       -3.88441407429593
H            0.86058423926369       -1.60124717121143       -7.65105313702107
C           -1.06134351096759       -2.50742769158558       -7.15152293740543
C            2.37363082165326        0.09071785700887       -6.09953415995138
H            1.43647070645949       -0.13567400449800       -4.29396852483500
H           -2.96210968926916       -3.26411132179542       -6.39586642651837
C           -4.08247671694369       -2.90022011914261       -3.94156857163387
H           -2.65536283993681       -1.75373627936134       -3.02079556973088
H           -1.20796067775339       -2.92776924803035       -8.15499090042988
O            2.49097980279299       -0.16102006537925       -7.29287119255237
C            3.26179299844924        1.10998518760096       -5.41785763092158
O           -4.44934889613805       -3.61835049083173       -4.86623401167785
C           -4.97073206343164       -2.61962604506125       -2.75386105990548
C            3.57349514359102        2.36444067390219       -6.19644822284248
H            3.19111193802045        1.21487749168489       -4.32975578087415
C            4.65345173116635        1.32401149620950       -6.01285298504579
C           -5.86665426049839       -3.72222053362805       -2.25101647263157
H           -4.62178857662272       -1.89782339171929       -2.00605014637304
C           -6.47468890670011       -2.60782561156801       -3.06764015305604
H            3.14457093501283        2.44352997636703       -7.19891933261468
H            3.67021650955701        3.29383702675035       -5.63021885866740
H            4.90802186183525        0.70872806846504       -6.87970048051501
C            5.76901714122969        1.63717303393891       -5.06725582114979
H           -5.78981510476075       -4.68849697834394       -2.75647114632885
H           -6.05629121298364       -3.73889578331233       -1.17443863489305
H           -6.73300044088209       -2.84056591924493       -4.10528563840089
C           -7.33078538850806       -1.57794415113008       -2.40799338459016
O            6.94448722700256        1.18988428599965       -5.53832176684554
O            5.63442216339773        2.23687936113092       -4.01657096950471
O           -8.32376505599786       -1.17872059459594       -3.23152229500148
O           -7.17840958437771       -1.15168620163874       -1.28084891999163
C            8.14989325999138        1.43254640298659       -4.75435307584418
C           -9.26005269425352       -0.17783551574473       -2.74058396153095
C            9.06989478916286        0.23121224790461       -4.97821441373225
C            8.76289722175463        2.76915906441482       -5.18187757322649
H            7.83739291407963        1.49276341835533       -3.69427808770110
C           -8.70166311216788        1.22432454865175       -3.01551649010403
C          -10.59634157563380       -0.45331059614045       -3.42901748867702
H           -9.34492996387493       -0.32527537432138       -1.64855738043551
H            8.56774896302244       -0.69634427882389       -4.67323840067607
H            9.35076591829713        0.14762689803689       -6.03917805319742
H            9.99233020002253        0.34553840209388       -4.39281396095216
H            8.05881697142037        3.59078691809049       -4.99829246539927
H            9.68127969766122        2.96843703319576       -4.61271748346608
H            9.02368337252604        2.75316330405795       -6.25137497138308
H           -7.74413236967679        1.36515872854169       -2.48833632890695
H           -8.54219175304135        1.37103226005044       -4.09273783944319
H           -9.40870552409300        1.98838651331959       -2.66367466386259
H          -10.94349530266092       -1.47340609747199       -3.21215675055224
H          -11.36217289694062        0.25132070978413       -3.07799466572212
H          -10.50616587712726       -0.34576067524257       -4.51793731864780
H            4.26060593847924       -6.06854240507097        2.53338729433324
H            0.43535503973757       -7.90523542511003        1.64312477839360
H            1.04034425918993        7.22490787118279       -2.12710718371006
H           -3.25907716591048        7.22919227993505       -1.56299035431835
O            3.43497983809487       -3.56849936405096        1.87650268065356
O           -0.73653682586005       -5.56814726215729        0.90839340579252
O            1.32368162351143        4.61574547408296       -1.38925250270200
O           -3.35646494654668        4.63438860297409       -0.76697407824478
C            4.76857252348869       -3.60168778054970        2.28416369256471
C            5.78046680753006       -3.86977371380511        1.35192877269111
C            5.08452096843062       -3.28721793590548        3.61267500780970
C            7.11973605933231       -3.82947917139741        1.76113293915764
H            5.50859394261616       -4.10200976054425        0.31711278072369
C            6.42765898627418       -3.24850263621958        4.00986054601913
H            4.27167328235998       -3.07232579171732        4.31404064509494
C            7.44686960297838       -3.52104557577411        3.08804667503614
H            7.91450217331301       -4.03777793835512        1.03578125099346
H            6.68056513063223       -3.00265588062535        5.04734979822006
H            8.49841196309605       -3.49100089884289        3.40337403446223
C           -1.70459165115418       -6.55541881733563        1.06149136749187
C           -2.09140707858672       -7.01147699849003        2.32994706917573
C           -2.34649863793779       -7.02672317389832       -0.09203408702605
C           -3.11372376429851       -7.96247134295507        2.43553968505470
H           -1.59256755475826       -6.61539360221803        3.22092407824375
C           -3.37341151608018       -7.97127826646959        0.02806557287775
H           -2.03389660275837       -6.63673376591777       -1.06606734768396
C           -3.75563569331639       -8.44713748418743        1.28868196516565
H           -3.41596310838251       -8.32425940306934        3.42454371057083
H           -3.87738170159252       -8.33986098466056       -0.87195514317488
H           -4.55564081491603       -9.19382373712702        1.37847982493016
C            2.59079550372580        5.16823425260881       -1.27031081455763
C            2.88778554819151        6.22618591287928       -0.39667115097826
C            3.61509118852696        4.54754816658255       -2.00326266654852
C            4.21230590995214        6.66902831632635       -0.27792107583428
H            2.08988927173190        6.69096573751233        0.19151333536889
C            4.93385518315431        4.99287552493201       -1.86941231566671
H            3.36976904973199        3.71162898039292       -2.66569299421591
C            5.23811300224541        6.06000748361706       -1.01211304678043
H            4.44403346242439        7.49724628925076        0.40404097998128
H            5.71674344803744        4.48822670232511       -2.44613044091751
H            6.27162645702431        6.41600878893960       -0.91191787717038
C           -4.63981140354287        5.02890467465370       -1.12725175648200
C           -4.99905187966719        5.24708989836174       -2.46520773410415
C           -5.60043680194772        5.11652626570071       -0.10930765966917
C           -6.32470799209325        5.57391120549439       -2.77613685651828
H           -4.24216310101413        5.15305559123682       -3.25106102815489
C           -6.92414291651488        5.43665875480859       -0.43507523066122
H           -5.29286967781516        4.92309948035619        0.92318758401081
C           -7.29015635592997        5.67250887244701       -1.76616280331505
H           -6.60832962200936        5.74481127839868       -3.82032979296908
H           -7.67597481425858        5.50394701926616        0.35864401915365
H           -8.32813991656127        5.92770322938483       -2.01753017655196
N            1.30373259794768        0.41111789279883        0.20054979584021
C            2.50656730197108        0.87425780623008        0.04475307324486
C            3.13444818976825        0.78468999310763       -1.23737439575531
C            4.39257941053816        1.28904822570455       -1.44573282134760
C            5.09697757263299        1.92777590171273       -0.42786496912867
C            4.52431053457417        2.01232139653383        0.83171430866249
C            3.27636585151747        1.48611836402476        1.09151083999647
C            2.69222242523218        1.61543569476756        2.45771479994647
C            1.57790028418202        2.68532417197969        2.45936009301974
C            1.73433711082338        4.06554284838221        3.00825222641590
C            2.43684681353724        5.10560777729070        2.35633405233583
C            2.08765915347356        6.33541428880372        2.80495974918113
S            0.95223618048561        6.25973041122839        4.10144395898523
C            0.92400731993647        4.55076352101082        3.99195349427829
H            2.57559414123122        0.30219857566126       -2.02786913224816
H            4.84307915626216        1.22398993484285       -2.42330197420602
H            6.07000046711298        2.35562350406152       -0.61580096505281
H            5.05221787394671        2.49912564090678        1.64212723080074
H            2.22630666944740        0.65743158069127        2.72787544188423
H            3.50008286389376        1.83773562126615        3.16350401700016
H            1.28559207582404        2.82576169819450        1.41567712921266
H            0.72821657503291        2.27177032391351        2.98901114138591
H            3.14359863031430        4.92126163611139        1.56616910308871
H            2.40683699493492        7.29480412423215        2.44578049567515
H            0.26865062880259        4.01698839956218        4.64819177501758
239
 energy: -392.970626624607 gnorm: 0.008795211831 xtb: 6.7.1 (edcfbbe)
N            0.13272535429600       -1.77191884723514       -0.86369944375531
N           -0.12770274971693       -1.10673090211784        1.89612705172153
C           -0.44512650493458       -0.99754679413608       -3.15165191490766
C           -0.01067779062137       -1.96053956283406       -2.21356634930030
C            0.40935944213136       -3.30399373017339       -2.56727254998283
H            0.38836994263915       -3.71409250012798       -3.57801629618061
C            0.83200900263936       -3.90076584068975       -1.41344416223567
H            1.22992048457337       -4.90724587368383       -1.27767472830418
C            0.62323133951037       -2.94423216121333       -0.34292891346845
C            0.80264040170115       -3.23882929896816        1.02353366906458
C            0.38212306676918       -2.37211894272541        2.05127055702661
C            0.30491929951211       -2.75580784057196        3.44852183248340
H            0.64382553515916       -3.71394378832023        3.84541657753901
C           -0.29956396604567       -1.72663334857551        4.11239099392924
H           -0.55255279041484       -1.65202116886410        5.17081802265702
C           -0.55371958289269       -0.68866955009085        3.13109224805988
C            1.35462606242534       -4.58626950784530        1.40778578773048
C            2.69498603703649       -4.72669464824348        1.83963778789083
C            3.21904687029698       -5.98017029119823        2.20450854955891
C            2.39883687928734       -7.10971548979620        2.12932178002893
H            2.80692704540730       -8.09172604682255        2.40264075646613
C            1.06996082553114       -7.01115787218146        1.70895074660002
C            0.54987231792524       -5.75017522537504        1.36035652291431
N           -0.89437103894527        1.56716998254835        1.17174535834352
N           -0.58796946380471        0.91493542535219       -1.56899396556255
C           -1.12583200876916        0.56384988659035        3.43625913873088
C           -1.22058558967425        1.62052989539934        2.50400209397189
C           -1.60733888675434        2.97387542085312        2.85529443858924
H           -1.93042654733412        3.28457653045120        3.84976675118406
C           -1.46353143641402        3.73286359498211        1.72820289998255
H           -1.65472993219802        4.79857557260432        1.60052044907560
C           -1.05390345663600        2.83672784222072        0.66633457792296
C           -0.93057516270174        3.21051355393258       -0.68458634092568
C           -0.79382204986580        2.26310392074911       -1.71850638801347
C           -0.99361190791308        2.57306031772224       -3.11986262040473
H           -1.17685659097430        3.57381238480558       -3.51261772165715
C           -0.95905488372717        1.38749425418102       -3.79767565718433
H           -1.10394125784038        1.20827179629268       -4.86390789019887
C           -0.67155572408964        0.35486790045910       -2.82066465716868
C           -1.01601059044169        4.66289559901226       -1.06750818213307
C            0.16411681763353        5.36654660018393       -1.41139239062381
C            0.11735219976411        6.70953588041430       -1.82710780317511
C           -1.11664917942883        7.36563456892991       -1.87204304408200
H           -1.15741562992552        8.41662931917232       -2.18713651707971
C           -2.30011784089948        6.70661704314664       -1.52635633489037
C           -2.24860779251874        5.35367145448159       -1.14119532246832
Fe          -0.27030356401819       -0.06442536357840        0.16542104529630
Cl          -2.49385338988748       -0.71722489413692        0.12474798303720
C           -1.71755199377047        0.76703970441800        4.80990380034991
C           -0.96119593339762        1.31084157794862        5.88201326633299
C           -3.07422866012747        0.39794594028830        5.02945825787112
C           -1.54797857155892        1.48933178150839        7.15078437432563
N            0.38521130658058        1.67442236033983        5.62159132455394
C           -3.65735136854597        0.60081768987617        6.29875260180197
N           -3.79043300273381       -0.19397266519739        3.96209885680835
H           -0.94377952546598        1.89621051288600        7.96616769728457
C           -2.88835969825201        1.13725224634297        7.33489973622908
C            1.35429027752848        2.09120637673905        6.50714318188328
H            0.66390907670828        1.57854727009728        4.64339488075441
H           -4.70679007189355        0.33256693194847        6.44434683887818
C           -5.11680128467737       -0.57818891718483        3.93396567607719
H           -3.25488612348602       -0.36125080296689        3.10496734488554
H           -3.34789056736487        1.28411903531662        8.32085202907548
O            1.20123372252814        2.19479515722275        7.71905404823814
C            2.68025581280380        2.42729241953113        5.85956594955171
O           -5.92248970908826       -0.35305381243751        4.83182646797313
C           -5.51679866118890       -1.32979880753543        2.68690554488875
C            3.93757921179127        2.05034097140435        6.60024726819800
H            2.73828365982471        2.43377183630324        4.76803444277667
C            3.50754988963092        3.49744048361945        6.58179542470149
C           -6.86933728198426       -1.03946696132733        2.08541661256529
H           -4.72781716409372       -1.63363066366933        1.98926979900045
C           -6.68324122184529       -2.30731353418038        2.88459769355633
H            3.81824374684751        1.52384093352680        7.55009754356585
H            4.80610173229082        1.77967434902690        5.99600522732412
H            3.06545317549328        3.89133728130343        7.50016117585026
C            4.28107979194627        4.47321162552211        5.75265677592938
H           -7.46844610912569       -0.26058096266728        2.56563801129352
H           -6.94982942679782       -1.12465461934879        0.99820160779984
H           -7.10847887909429       -2.31893614486105        3.89301378575122
C           -6.64756120315378       -3.62504227014930        2.18589883395987
O            4.36448839845058        5.66592120789727        6.36375528989445
O            4.78864116753492        4.21889992808728        4.67624554681274
O           -7.25468669742453       -4.57721391800211        2.92813986271609
O           -6.15540853924419       -3.83334924317370        1.09518337708777
C            5.10156799602223        6.74023724252156        5.70794364717396
C           -7.33072398435846       -5.92543133603936        2.38563564392556
C            4.11941945707070        7.61263638741202        4.91716228367712
C            5.84924023348473        7.49861174721110        6.80335645344493
H            5.80943417021969        6.26071144463634        5.00834818973336
C           -7.32496126737411       -6.87985186703072        3.58082457211968
C           -8.58020934430937       -6.04784221327508        1.50621930720577
H           -6.42842338949445       -6.07557594640853        1.76277302353039
H            3.61814292022701        7.01463029052287        4.13937866175012
H            3.35850097665655        8.03812264837097        5.58554990961794
H            4.65689214657208        8.43906924465188        4.43189224565889
H            6.52693828906088        6.82928206358774        7.34841970250102
H            6.44845378967996        8.31004611929481        6.36861043298431
H            5.14921967155662        7.93664974569210        7.52632845591463
H           -6.41560385652671       -6.74016051514960        4.17964375374103
H           -8.19979024767501       -6.70442932704463        4.22492841875789
H           -7.36275100499939       -7.92256970017315        3.23676756860814
H           -8.52615702759564       -5.34092883817313        0.66710462953172
H           -8.66324167950780       -7.06558706018222        1.10011011234086
H           -9.48937471996597       -5.84062617431531        2.09102108789024
C           -0.67000160805997       -1.46175978108956       -4.56904042938102
C            0.29591059430339       -1.24144726117401       -5.58799638788409
C           -1.86477568141917       -2.16585236822121       -4.88401264898668
C            0.10325413635117       -1.77196152403067       -6.87897179735385
N            1.42980620897234       -0.45667221086314       -5.25632566139196
C           -2.04585466386887       -2.70065521453943       -6.17721431831996
N           -2.85766171836168       -2.26136705139582       -3.88118228719887
H            0.86300667402702       -1.59630508177261       -7.64589331036021
C           -1.05886576616080       -2.50321959193630       -7.14750249363104
C            2.37476681821435        0.09574496857489       -6.09324575137134
H            1.43684064758065       -0.13134346295173       -4.28818719637627
H           -2.95974481379015       -3.26069175179737       -6.39293709846017
C           -4.08138643930355       -2.89776956000089       -3.93908475632933
H           -2.65508668521707       -1.75106450357182       -3.01734448990759
H           -1.20487123840761       -2.92335472757869       -8.15114243952723
O            2.49277796073765       -0.15565894108383       -7.28658273536931
C            3.26226911306477        1.11514917765527       -5.41091330757380
O           -4.44760094758089       -3.61578642512936       -4.86409391002324
C           -4.97030811060475       -2.61775611783863       -2.75171847223709
C            3.57395788780385        2.36988412957803       -6.18903995865390
H            3.19095834679313        1.21974124637087       -4.32287484278592
C            4.65415069833903        1.32975329327957       -6.00519578924117
C           -5.86611101496166       -3.72076230902301       -2.24957930219053
H           -4.62194450849030       -1.89603271009132       -2.00356936239629
C           -6.47411530536949       -2.60635658762888       -3.06621331127917
H            3.14549462476532        2.44908897846720       -7.19167807384643
H            3.67011848834761        3.29916244986615       -5.62252275205647
H            4.90935007376160        0.71476635463866       -6.87205015652362
C            5.76918255065073        1.64329401987805       -5.05900318609940
H           -5.78872729186352       -4.68688360400473       -2.75523557836840
H           -6.05625361457781       -3.73776587185541       -1.17310143163852
H           -6.73186158040775       -2.83892072459621       -4.10403501626432
C           -7.33085166486136       -1.57691651980771       -2.40671166522064
O            6.94504577223195        1.19620281255547       -5.52958127184880
O            5.63391962869492        2.24267303697747       -4.00830249457223
O           -8.32356978625221       -1.17780340303034       -3.23061153715649
O           -7.17914915615117       -1.15089269757284       -1.27939787346248
C            8.14997889204320        1.43909164888433       -4.74497342438727
C           -9.26040881770927       -0.17733896428163       -2.73987168879209
C            9.07047820400059        0.23810919349932       -4.96868552665415
C            8.76277398078585        2.77600494622220       -5.17186120026010
H            7.83693091078774        1.49896387164114       -3.68501630481635
C           -8.70234044529056        1.22506601678845       -3.01418683097804
C          -10.59628631870119       -0.45306930367025       -3.42900974381916
H           -9.34575840753403       -0.32508031263215       -1.64792269503652
H            8.56847896032854       -0.68968100383708       -4.66418767447292
H            9.35188121261467        0.15487857762696       -6.02953076859358
H            9.99259456426423        0.35257937218213       -4.38282139911687
H            8.05834114257543        3.59736098034139       -4.98841551719220
H            9.68081804945628        2.97543347153766       -4.60221521347061
H            9.02407427953492        2.76035994526477       -6.24123214804177
H           -7.74510639953831        1.36607187670479       -2.48651977306824
H           -8.54240643104522        1.37209276017132       -4.09129154206373
H           -9.40979212659026        1.98880904805128       -2.66249076651383
H          -10.94321216527461       -1.47332493828293       -3.21257105018019
H          -11.36250382010640        0.25122406559387       -3.07817717283463
H          -10.50562728835578       -0.34521941294202       -4.51785412840195
H            4.25961515570806       -6.06505099077817        2.53904587207258
H            0.43538276996905       -7.90273470519440        1.64650989608590
H            1.03731357853406        7.22853994141313       -2.11967244991776
H           -3.26236764510560        7.23130803987318       -1.55757707915039
O            3.43351276536454       -3.56511182511626        1.88239015417941
O           -0.73690544924091       -5.56584305844145        0.91180604251927
O            1.32115464611604        4.61927187706437       -1.38233710682750
O           -3.35930088031622        4.63628141269142       -0.76225985633880
C            4.76692780990023       -3.59800410774786        2.29066450183216
C            5.77934763635120       -3.86550542218957        1.35884784864950
C            5.08215268672569       -3.28377485887339        3.61940346526786
C            7.11840271251222       -3.82488526970342        1.76870938326485
H            5.50803562118656       -4.09756648160831        0.32385107682655
C            6.42507446743262       -3.24469439085314        4.01724982914182
H            4.26890038416703       -3.06931922852663        4.32044462380120
C            7.44480572319615       -3.51668203998809        3.09585199932167
H            7.91357778705193       -4.03275020138443        1.04368424619704
H            6.67740487957027       -2.99902360397878        5.05491977024532
H            8.49618503340467       -3.48637963836259        3.41169284065185
C           -1.70471970327801       -6.55345771687965        1.06419980339564
C           -2.09199342359613       -7.00995693225225        2.33235236081742
C           -2.34593120475589       -7.02468161699618       -0.08974858788418
C           -3.11405621700329       -7.96130224662817        2.43721966441824
H           -1.59370445400488       -6.61393589166414        3.22366389304096
C           -3.37259395023839       -7.96959155863755        0.02962672068508
H           -2.03299073230603       -6.63434945924948       -1.06353252775231
C           -3.75526448311462       -8.44588610073340        1.28994272519504
H           -3.41664697910247       -8.32343182137363        3.42599048520072
H           -3.87601883563087       -8.33811061564429       -0.87072352358621
H           -4.55507352215213       -9.19284920086500        1.37916808620603
C            2.58802056452938        5.17215569177634       -1.26273943211710
C            2.88418511791050        6.23013945260052       -0.38900476829239
C            3.61291627701846        4.55189936943312       -1.99524056361627
C            4.20855904902353        6.67326309843581       -0.26925562271707
H            2.08595708994400        6.69436481900552        0.19899090681171
C            4.93142863610025        4.99767079572211       -1.86067990972480
H            3.36817799012141        3.71605242932587       -2.65801154043401
C            5.23494006978333        6.06469940064529       -1.00296757952291
H            4.43974672646828        7.50132372507596        0.41311618891413
H            5.71473039810115        4.49346770239639       -2.43718443097415
H            6.26830765889285        6.42098360368589       -0.90218325512362
C           -4.64260531858782        5.03047124638251       -1.12304767912090
C           -5.00128496068372        5.24887434556746       -2.46111396401511
C           -5.60374259955344        5.11752974769445       -0.10553500649361
C           -6.32689790940048        5.57535012915096       -2.77258446992471
H           -4.24399485152974        5.15527824278952       -3.24663235538497
C           -6.92739121736749        5.43732017229235       -0.43184612442160
H           -5.29659839559487        4.92394492120138        0.92705479703214
C           -7.29285325420204        5.67337345129739       -1.76305077759991
H           -6.61007575177053        5.74642160540601       -3.81687066590433
H           -7.67961825255178        5.50417073686214        0.36153295683315
H           -8.33079515623105        5.92831288724260       -2.01483890438082
N            1.30491886724109        0.40648791030801        0.21286594475388
C            2.50882498001367        0.85654571354074        0.03272743837575
C            3.10576225200544        0.73312404613317       -1.26106913877631
C            4.36320202283675        1.21781905205316       -1.50718428254368
C            5.09576680897938        1.86922009235885       -0.51933189362209
C            4.55413274680511        1.98490009800576        0.75015009694269
C            3.30727650913904        1.47911542516548        1.05103388711658
C            2.75663693187140        1.64152157976255        2.42923082724914
C            1.60611162200163        2.66723192403610        2.42686145908385
C            1.74256218820304        4.05331154571977        2.96977686654718
C            2.45996675791744        5.09105819513819        2.33492483258408
C            2.10698180857927        6.32266334286836        2.77771863688683
S            0.95322860759465        6.24824433474123        4.04979217570086
C            0.91718178559857        4.54111592193713        3.93835822189281
H            2.52462675715763        0.24051620116680       -2.02799011164975
H            4.79295809158953        1.12653949325115       -2.49111985338562
H            6.06681326533222        2.28273440039965       -0.74172638517984
H            5.10629630897047        2.48027496940185        1.53787526814404
H            2.34329781478216        0.68111376841127        2.75049791064661
H            3.56677425328186        1.92692826393323        3.10142141715540
H            1.30246617867692        2.79483940398479        1.38470790685584
H            0.76707397608221        2.23385769784321        2.96028343158352
H            3.18112329963622        4.90370188664766        1.55959816626070
H            2.43550293277719        7.28074842218823        2.42553889011570
H            0.25604752074078        4.00165663597318        4.58139231110854
239
 energy: -392.972099572006 gnorm: 0.014104242479 xtb: 6.7.1 (edcfbbe)
N            0.13186706621324       -1.76849543039152       -0.85911130715922
N           -0.13018484107746       -1.10422667143164        1.90085690195379
C           -0.44514795514401       -0.99380909236453       -3.14716230648864
C           -0.01077749169473       -1.95690925967437       -2.20907116066899
C            0.40991948679448       -3.30010371238964       -2.56291460427111
H            0.38952685093266       -3.70997961870453       -3.57376274463180
C            0.83221544348427       -3.89701453346810       -1.40903050278028
H            1.23041349363761       -4.90338895014497       -1.27332468899039
C            0.62265309238055       -2.94081052435302       -0.33835401303065
C            0.80146944531046       -3.23568812520048        1.02804164197497
C            0.38013382959163       -2.36934085942210        2.05591092780414
C            0.30243782355614       -2.75344214254749        3.45292243829296
H            0.64148272600580       -3.71153042698994        3.84979330176313
C           -0.30276322699304       -1.72455907230764        4.11676272296554
H           -0.55622515787271       -1.65037821260196        5.17511409063998
C           -0.55678892867939       -0.68654702340486        3.13560308971898
C            1.35374907132514       -4.58302888047195        1.41226847621191
C            2.69393839226148       -4.72310679877959        1.84471795548701
C            3.21827654667949       -5.97646981620039        2.20953073703523
C            2.39850182549963       -7.10628686253528        2.13368434427242
H            2.80680955570759       -8.08821473141882        2.40695512614417
C            1.06979893842404       -7.00808851948135        1.71271551897836
C            0.54942309178507       -5.74721088108863        1.36417990713042
N           -0.89716944997682        1.56975775119796        1.17663152236013
N           -0.58905627887824        0.91811611750039       -1.56391755082150
C           -1.12972459064294        0.56599726908921        3.44116828872501
C           -1.22411235593914        1.62309195023822        2.50890495709045
C           -1.61142569830406        2.97562020603089        2.86024897869410
H           -1.93529325227288        3.28606938381209        3.85456040381770
C           -1.46744069680750        3.73504347542598        1.73322145870551
H           -1.65900852307093        4.80070294675520        1.60584265517881
C           -1.05710764419138        2.83939017689369        0.67148109074968
C           -0.93321276863857        3.21344257015359       -0.67939595238673
C           -0.79561933474059        2.26637102865561       -1.71335732321639
C           -0.99489921635849        2.57653968518280       -3.11476838197534
H           -1.17830389807114        3.57732928219636       -3.50735250381608
C           -0.95960269071589        1.39117363579938       -3.79281647851206
H           -1.10391880858886        1.21215026826278       -4.85916563844785
C           -0.67215303149114        0.35840770307962       -2.81592795459439
C           -1.01898955680856        4.66589970264858       -1.06193033500090
C            0.16106735241256        5.37004407065338       -1.40506834663277
C            0.11400019489253        6.71312158396534       -1.82047821033945
C           -1.12020520052992        7.36879417998987       -1.86583798377074
H           -1.16119550325460        8.41984738296821       -2.18069283906053
C           -2.30359704119642        6.70927434392489       -1.52086652443526
C           -2.25179115031201        5.35626028357860       -1.13601168754378
Fe          -0.27217406106399       -0.06153261043197        0.17078818307931
Cl          -2.49552060792518       -0.71504327374531        0.12831583905751
C           -1.72194452278652        0.76830435175961        4.81422303935711
C           -0.96623484916136        1.31220470186576        5.88681791250642
C           -3.07858136911674        0.39873277563556        5.03306895716685
C           -1.55366868829184        1.49015335037811        7.15537015508002
N            0.38014086711192        1.67635109240960        5.62707178435368
C           -3.66234034964417        0.60109882998060        6.30214705599981
N           -3.79404454518656       -0.19315413009746        3.96524124371404
H           -0.95001694773211        1.89704828440105        7.97113175647340
C           -2.89402714252109        1.13755128238404        7.33877438775407
C            1.34868318381596        2.09326538946882        6.51318263240384
H            0.65924041431825        1.58100621856764        4.64890279353604
H           -4.71175941733755        0.33245223581916        6.44717267632360
C           -5.12030026660428       -0.57785371812192        3.93636398127968
H           -3.25805824276457       -0.36004506791533        3.10830977425768
H           -3.35407476501297        1.28402250523494        8.32453888544711
O            1.19508587470668        2.19641576421730        7.72504192055016
C            2.67495448704691        2.42989658020395        5.86612902894348
O           -5.92645576626736       -0.35321184965316        4.83390570381462
C           -5.51941545339102       -1.32928382066862        2.68895184635450
C            3.93195756766043        2.05322985693356        6.60751938546565
H            2.73366925947500        2.43647426978713        4.77440340514374
C            3.50140191770212        3.50018975569060        6.58920114824947
C           -6.87178229130567       -1.03929119481833        2.08688939139614
H           -4.73001307455977       -1.63267144913000        1.99161199711478
C           -6.68561645091880       -2.30727785010791        2.88585043741060
H            3.81229831086938        1.52648608195721        7.55720781706001
H            4.80081893519252        1.78302574764507        6.00363859039705
H            3.05873172504861        3.89368119556269        7.50748659526205
C            4.27497759392446        4.47640941611203        5.76069934803875
H           -7.47138783384953       -0.26074342925168        2.56701279989003
H           -6.95173010111729       -1.12424507028600        0.99962700417884
H           -7.11132087870906       -2.31928540553003        3.89405605833352
C           -6.64913858240800       -3.62479832297522        2.18683800903518
O            4.35765128277268        5.66902418380805        6.37213005362528
O            4.78311409671946        4.22258116179703        4.68446756688024
O           -7.25627901463523       -4.57737755752312        2.92857962451511
O           -6.15640699738537       -3.83268242755248        1.09632940248267
C            5.09465463362505        6.74379180830158        5.71689938355280
C           -7.33158502271235       -5.92550247544200        2.38569555822267
C            4.11253329942459        7.61600658293105        4.92593329295988
C            5.84156225099159        7.50212884424430        6.81288375232322
H            5.80303150965708        6.26465624787926        5.01755631899355
C           -7.32604987235475       -6.88020696404175        3.58066141331962
C           -8.58061592030641       -6.04813368084694        1.50566971347918
H           -6.42894448757602       -6.07516403467108        1.76323668911141
H            3.61191914121728        7.01799104893475        4.14775832062902
H            3.35117402152308        8.04106299317472        5.59403187570564
H            4.64997185868760        8.44273298139571        4.44110042126480
H            6.51923221001175        6.83290602225136        7.35809911588956
H            6.44069062446831        8.31386700728082        6.37862791267220
H            5.14105690332871        7.93972744492823        7.53563265524243
H           -6.41702994031220       -6.74033398075661        4.17993823849430
H           -8.20123796216076       -6.70524886537623        4.22438956029400
H           -7.36331146637873       -7.92284331798433        3.23633674914482
H           -8.52641468422101       -5.34100061507374        0.66675730514979
H           -8.66309713114213       -7.06580270596575        1.09927348529872
H           -9.49012057558778       -5.84138522289356        2.09008582874738
C           -0.66916915866007       -1.45779804939599       -4.56475518651731
C            0.29715162106566       -1.23689034320301       -5.58320055905877
C           -1.86355690095108       -2.16223442404356       -4.88044709875509
C            0.10527498273248       -1.76717519369840       -6.87439068836682
N            1.43060021841814       -0.45183859355685       -5.25081329528355
C           -2.04381941396454       -2.69678325186603       -6.17387040277497
N           -2.85684852863889       -2.25833753630547       -3.87812862975412
H            0.86532633610602       -1.59106427453467       -7.64091299748827
C           -1.05645257570461       -2.49877120192127       -7.14364706593497
C            2.37577617385183        0.10116888857008       -6.08715732734227
H            1.43708472722154       -0.12665655127586       -4.28260049407603
H           -2.95741054023810       -3.25708776250884       -6.39016073366540
C           -4.08036342466157       -2.89515517358676       -3.93673210446474
H           -2.65488804980976       -1.74817527637133       -3.01405737964050
H           -1.20183732080616       -2.91871204198874       -8.14745347364074
O            2.49442200959326       -0.14995134909338       -7.28049071175081
C            3.26254368667915        1.12070780155457       -5.40418973143507
O           -4.44585777317725       -3.61307272263219       -4.86209828243785
C           -4.96990522244077       -2.61574419017436       -2.74974112543789
C            3.57419393869768        2.37573061348558       -6.18186062542460
H            3.19061013194827        1.22502632541683       -4.31622628618467
C            4.65467815060310        1.33594192744892       -5.99774725132665
C           -5.86556783420527       -3.71918823822268       -2.24828336346950
H           -4.62216202849803       -1.89408280643582       -2.00124924481383
C           -6.47359261025638       -2.60478981226464       -3.06493290546898
H            3.14618786184351        2.45502245347283       -7.18466044948677
H            3.66976749888024        3.30488752850554       -5.61506224268537
H            4.91050298170298        0.72125288519691       -6.86461554672164
C            5.76913175924784        1.64993813317131       -5.05087171782754
H           -5.78761065529315       -4.68514925497508       -2.75413382529282
H           -6.05621013803682       -3.73651576739227       -1.17191055454441
H           -6.73075837974368       -2.83720252726526       -4.10292571645378
C           -7.33097784768681       -1.57583319864430       -2.40557571116207
O            6.94540580142713        1.20305162752058       -5.52109167540744
O            5.63322884501107        2.24884903152909       -4.00013197962408
O           -8.32345983324844       -1.17686372174943       -3.22986651953343
O           -7.17997430865510       -1.15001877871782       -1.27811282239845
C            8.14987576495157        1.44619327179864       -4.73585563991216
C           -9.26088934428719       -0.17682774186769       -2.73931163552133
C            9.07090603150267        0.24559185755722       -4.95940447049936
C            8.76241219482753        2.78342534803612       -5.16211035544319
H            7.83626706034539        1.50569592032698       -3.67605742216528
C           -8.70318770218302        1.22581820245785       -3.01302915961603
C          -10.59634678099453       -0.45287989018436       -3.42915343570059
H           -9.34669734123324       -0.32488343033867       -1.64745060056055
H            8.56908537701147       -0.68244473337568       -4.65537422584208
H            9.35283568952158        0.16271678730426       -6.02012918152234
H            9.99269995321955        0.36023821146667       -4.37308515685194
H            8.05760131592083        3.60448390095999       -4.97880521155407
H            9.68011056000416        2.98303795564935       -4.59198854623485
H            9.02421771683348        2.76813065464234       -6.23135407846880
H           -7.74625328476636        1.36703639858072       -2.48488167801931
H           -8.54279932976373        1.37316394030590       -4.09001553646275
H           -9.41106987720709        1.98922401368198       -2.66148568283467
H          -10.94300634427464       -1.47330178027529       -3.21312841958415
H          -11.36296919082131        0.25104917230471       -3.07851637688991
H          -10.50521059077314       -0.34473703748192       -4.51791901022894
H            4.25871235318719       -6.06106982612039        2.54453782653773
H            0.43556403234234       -7.89987331477892        1.64975669787849
H            1.03391569066702        7.23251593263957       -2.11249482690415
H           -3.26601806780209        7.23363138779918       -1.55240956479858
O            3.43205196367333       -3.56125091901062        1.88810521084432
O           -0.73720118049258       -5.56322276089567        0.91507215730836
O            1.31835284628942        4.62317704312755       -1.37566657577351
O           -3.36241192386538        4.63838220338241       -0.75776998081588
C            4.76528373173509       -3.59380527007189        2.29698439281175
C            5.77824199282345       -3.86070499726471        1.36558331358331
C            5.07978346035191       -3.27978276792092        3.62594205661044
C            7.11708050812410       -3.81971569128731        1.77609226088882
H            5.50749335380379       -4.09260899934404        0.33041053917470
C            6.42249386464922       -3.24031557806969        4.02443914268342
H            4.26612311749008       -3.06579006731610        4.32665799444471
C            7.44274970273270       -3.51172263405471        3.10345568980904
H            7.91266759541849       -4.02712692115535        1.05138967441495
H            6.67424718144536       -2.99480709805285        5.06228445684835
H            8.49396596667061       -3.48112815304147        3.41980177857056
C           -1.70474571722553       -6.55121559105167        1.06676488376865
C           -2.09245748152820       -7.00815947463752        2.33462513763373
C           -2.34524603389408       -7.02238577122347       -0.08759072291811
C           -3.11422776539835       -7.95988722814973        2.43877384618896
H           -1.59472728715715       -6.61217820234266        3.22626046409610
C           -3.37162781067002       -7.96768568926628        0.03107075555773
H           -2.03198657899735       -6.63170882068769       -1.06112929288193
C           -3.75472085591196       -8.44441886981940        1.29108181036104
H           -3.41715507632887       -8.32236302709661        3.42731329570064
H           -3.87449472680314       -8.33616324792955       -0.86960583011411
H           -4.55430642729201       -9.19168446622648        1.37974707057202
C            2.58494798670436        5.17647378033640       -1.25537141770260
C            2.88028382235634        6.23447226280478       -0.38151313552133
C            3.61046069557033        4.55668745160754       -1.98744642959071
C            4.20444941830320        6.67796412956512       -0.26083783435768
H            2.08171177600894        6.69810881248111        0.20631185630819
C            4.92872100812548        5.00293426801820       -1.85218838431763
H            3.36634655752004        3.72088856801392       -2.65055550275296
C            5.23146103799955        6.06985749977189       -0.99408963086514
H            4.43509521650762        7.50588583382680        0.42191740157920
H            5.71246326535612        4.49917299104163       -2.42845281008775
H            6.26465136458692        6.42649160886408       -0.89272421381571
C           -4.64569312919153        5.03220510748671       -1.11905959415455
C           -5.00382203762591        5.25080132870112       -2.45724434931330
C           -5.60733464657325        5.11867661634970       -0.10198533661042
C           -6.32939719933432        5.57688510398449       -2.76925060078782
H           -4.24612901934470        5.15766343258728       -3.24242241463992
C           -6.93094036769822        5.43807806625318       -0.42884127025941
H           -5.30060732787101        4.92495420206405        0.93069934525053
C           -7.29585937194532        5.67431872484838       -1.76015095627334
H           -6.61214350011149        5.74810886002036       -3.81362896816012
H           -7.68355908350791        5.50447255140149        0.36420287470044
H           -8.33376855726888        5.92895725186366       -2.01236608760878
N            1.30406501436247        0.40271921634934        0.22998358957630
C            2.50964405116742        0.83776061299977        0.02246611734188
C            3.07488526170467        0.67429497149104       -1.28167898991643
C            4.33324421387067        1.13412797417847       -1.56892139361458
C            5.09534505812194        1.80248543225510       -0.61446501460596
C            4.58347131012979        1.95845040576631        0.66367380394523
C            3.33786662926763        1.47593378206976        1.00889238190008
C            2.82816950545447        1.67360545240649        2.40258891888538
C            1.63113124973027        2.64821512253177        2.39619514264747
C            1.74540447203394        4.03926836335936        2.93387461450213
C            2.49081534778078        5.07360051750444        2.31835140222161
C            2.13972137606842        6.30764059054295        2.75824116370717
S            0.93667979410060        6.23698274230103        3.99290030567779
C            0.90097176510922        4.53055096483489        3.88617826202720
H            2.46958587350382        0.16702477743069       -2.02090707835159
H            4.74101692338955        1.00860178267176       -2.55915141379707
H            6.06603650903070        2.19642569787195       -0.87158375876919
H            5.16382743290105        2.46353351483904        1.42536421858355
H            2.47891945265319        0.69843865219361        2.79125524393648
H            3.65499213327947        2.04235539232708        3.03372383027362
H            1.30908944886726        2.76024274474803        1.35635153558758
H            0.80619301366354        2.18539228982351        2.92996420327721
H            3.22949696618676        4.88321020356637        1.56163533785976
H            2.48011061110120        7.26416823737897        2.41375201307113
H            0.22555257022735        3.98872290621930        4.51525263095363
239
 energy: -392.973541576993 gnorm: 0.009126835855 xtb: 6.7.1 (edcfbbe)
N            0.13128722766132       -1.76511239842737       -0.85572055790570
N           -0.13206895892583       -1.10168409108850        1.90432555307372
C           -0.44511311708116       -0.99035566268382       -3.14387989269986
C           -0.01069050059161       -1.95348790704180       -2.20573863805551
C            0.41063591194930       -3.29644232132239       -2.55967645001598
H            0.39073049841337       -3.70618194119461       -3.57059649832160
C            0.83271297939648       -3.89339817573035       -1.40574389623440
H            1.23121140920070       -4.89966657819007       -1.27005882103691
C            0.62250866987273       -2.93748714650478       -0.33491295044072
C            0.80082927867476       -3.23252544320548        1.03133092677616
C            0.37874004119624       -2.36647284208823        2.05941049920832
C            0.30072519762034       -2.75089284079475        3.45613250734306
H            0.63996509968233       -3.70887551733869        3.85306011881962
C           -0.30513960714837       -1.72220245938156        4.11997213818760
H           -0.55894236542773       -1.64841542697711        5.17826304434330
C           -0.55912746444447       -0.68431242399512        3.13887587035821
C            1.35345643003213       -4.57972284315308        1.41562939997838
C            2.69351793367094       -4.71940857645838        1.84854290279048
C            3.21818784623596       -5.97262514526031        2.21333868341963
C            2.39885175306511       -7.10273066014780        2.13700103926223
H            2.80741681371523       -8.08455126428790        2.41025288212323
C            1.07027754177964       -7.00493497960735        1.71556759088801
C            0.54956335498750       -5.74419399585854        1.36705012618975
N           -0.89944843111337        1.57236879808988        1.18019488205134
N           -0.58992187489052        0.92106200035957       -1.56015425295595
C           -1.13288343746620        0.56830079801295        3.44489114648996
C           -1.22704057822794        1.62576897579998        2.51245928404690
C           -1.61496765622063        2.97748298965866        2.86382526972717
H           -1.93933373285451        3.28778765438366        3.85800721409482
C           -1.47087588419992        3.73728674092026        1.73674387484904
H           -1.66278971486338        4.80288253399833        1.60965838726786
C           -1.05991634984690        2.84208465444532        0.67523012363420
C           -0.93555746197410        3.21623142523923       -0.67571093614069
C           -0.79724440999893        2.26949414544533       -1.70960744556462
C           -0.99615562180326        2.57971230110896       -3.11109039199712
H           -1.17977313695255        3.58051520867032       -3.50355502516275
C           -0.96018388113204        1.39450620445802       -3.78928196507438
H           -1.10403561700761        1.21559550823853       -4.85572179156086
C           -0.67267319526279        0.36167378051724       -2.81247603786714
C           -1.02174953874307        4.66876070667654       -1.05791721956316
C            0.15820447955772        5.37337313341867       -1.40049421788174
C            0.11076483869387        6.71651527332199       -1.81569328964340
C           -1.12365118449667        7.37174294451819       -1.86139851663368
H           -1.16491149650205        8.42282941928200       -2.17609322137301
C           -2.30692442806055        6.71173381611582       -1.51696450310104
C           -2.25476641465884        5.35868069185436       -1.13231950618286
Fe          -0.27349354956767       -0.05858882865116        0.17475561283167
Cl          -2.49678444439276       -0.71293183687729        0.13088217542371
C           -1.72543075486430        0.76985395523528        4.81727535462012
C           -0.97023909868791        1.31396190864262        5.89031783759604
C           -3.08200989606440        0.39981214984477        5.03564301953800
C           -1.55824029031499        1.49144043170799        7.15866585766635
N            0.37601253791125        1.67852413950260        5.63107799758066
C           -3.66628063167284        0.60176135429694        6.30455518771637
N           -3.79683549042041       -0.19212866198601        3.96747574850196
H           -0.95505186717105        1.89841941089627        7.97472168204750
C           -2.89855556422482        1.13831639878341        7.34153359863118
C            1.34417468698416        2.09568865820869        6.51764287358954
H            0.65544898990902        1.58371266229610        4.65296413508926
H           -4.71566292131126        0.33271504577438        6.44913652190461
C           -5.12299944024507       -0.57733933514357        3.93800491169836
H           -3.26051321211341       -0.35869661070456        3.11069001912800
H           -3.35900819722591        1.28446151048254        8.32714974507268
O            1.19008397134428        2.19858598515134        7.72943771174312
C            2.67065320705584        2.43291416999199        5.87094552115696
O           -5.92951471632848       -0.35312269290765        4.83530669440342
C           -5.52133764290567       -1.32867547750571        2.69035535019353
C            3.92739819234501        2.05659054615489        6.61290857881540
H            2.72995765473898        2.43964023038601        4.77905989488280
C            3.49629234436867        3.50342697400053        6.59465304157244
C           -6.87360468201187       -1.03908408619497        2.08783390218489
H           -4.73159101480459       -1.63166739753088        1.99324542895943
C           -6.68727161416820       -2.30715681162106        2.88665172250426
H            3.80751846699205        1.52967562451542        7.56248101392405
H            4.79652948334840        1.78683790351017        6.00930196042115
H            3.05315023954332        3.89656839101260        7.51286711660244
C            4.26981493013468        4.48000222226688        5.76661945059357
H           -7.47366337354315       -0.26084662922631        2.56786595812003
H           -6.95312028690258       -1.12388899719072        1.00053982166876
H           -7.11333507830504       -2.31947030179242        3.89469225014262
C           -6.65005297900242       -3.62450443450863        2.18741711707730
O            4.35180947899920        5.67259029854610        6.37830728411868
O            4.77841569065340        4.22661797850844        4.69053280049504
O           -7.25712144262033       -4.57745197329578        2.92880650354133
O           -6.15685637694112       -3.83205374197679        1.09708335224022
C            5.08864818605996        6.74778652555915        5.72346484533003
C           -7.33173661513503       -5.92552826593439        2.38564102692518
C            4.10654999673696        7.61971556805049        4.93233895416880
C            5.83490574662659        7.50615785797364        6.81989847001268
H            5.79747836547777        6.26897043078209        5.02435658813941
C           -7.32629268192846       -6.88042433538538        3.58045871800593
C           -8.58040411652761       -6.04845447633495        1.50515123714822
H           -6.42882226060589       -6.07473944308377        1.76350719527918
H            3.60659813060725        7.02165194528551        4.15381060937107
H            3.34474803202146        8.04440839106183        5.60019743428437
H            4.64382754085494        8.44672781150249        4.44783652320903
H            6.51261027330671        6.83709324690918        7.36524309100412
H            6.43389122497721        8.31817842206341        6.38600553093112
H            5.13398199186264        7.94337010863059        7.54246070913081
H           -6.41754989816103       -6.74031462271299        4.18008655503099
H           -8.20177486771569       -6.70589081467709        4.22388887048662
H           -7.36305182506184       -7.92300527456288        3.23594833817350
H           -8.52615044365436       -5.34116432693647        0.66638131285525
H           -8.66236601785210       -7.06608000572873        1.09855291250197
H           -9.49018815332909       -5.84214019372615        2.08926186740618
C           -0.66841557810914       -1.45424123681318       -4.56161463829111
C            0.29821636228184       -1.23279436642363       -5.57966397949917
C           -1.86244934586824       -2.15905633682709       -4.87784051193127
C            0.10697406377196       -1.76295835940181       -6.87101028052828
N            1.43121148839457       -0.44744773317902       -5.24673866582703
C           -2.04201693316267       -2.69344936981852       -6.17143154034492
N           -2.85601302966222       -2.25568030142332       -3.87593726241323
H            0.86724491515403       -1.58643928086833       -7.63722448954349
C           -1.05437814095220       -2.49492225530750       -7.14081359134463
C            2.37653750471766        0.10612746540348       -6.08264782904533
H            1.43728088518796       -0.12233863078648       -4.27847174467910
H           -2.95532637759845       -3.25404724718438       -6.38814968315511
C           -4.07935548491239       -2.89293378402222       -3.93504209603670
H           -2.65460368776770       -1.74559400927265       -3.01168056380903
H           -1.19924319747455       -2.91474557741756       -8.14473907275601
O            2.49568127824656       -0.14482619929534       -7.27597443372963
C            3.26259458927366        1.12584878200021       -5.39923954051849
O           -4.44419204855938       -3.61082288783118       -4.86068790970937
C           -4.96936143490710       -2.61404591978331       -2.74837600586098
C            3.57414318924677        2.38109754962283       -6.17655855554010
H            3.19014207896358        1.23001873445389       -4.31136260314404
C            4.65497012514432        1.34169788597794       -5.99217281682787
C           -5.86482993096797       -3.71789940579055       -2.24741385970520
H           -4.62218060983891       -1.89238498761668       -1.99962303690725
C           -6.47297913911735       -2.60357083403086       -3.06409911037636
H            3.14648335423409        2.46038888913106       -7.17948113887555
H            3.66917722591714        3.31016899335214       -5.60955534501935
H            4.91131320833107        0.72723349817755       -6.85906103957733
C            5.76892723292709        1.65624726754695       -5.04452118766826
H           -5.78634159433328       -4.68373493622928       -2.75339632568819
H           -6.05585784946855       -3.73546948705902       -1.17112538031777
H           -6.72966289642924       -2.83591788720864       -4.10221896111289
C           -7.33094061990013       -1.57506848056321       -2.40486944792090
O            6.94552869356068        1.20956655841562       -5.51475501067201
O            5.63253211398183        2.25451711384756       -3.99367521740112
O           -8.32328276793531       -1.17631106367371       -3.22949150583396
O           -7.18053047032233       -1.14936890573597       -1.27731132059321
C            8.14963602338596        1.45296097097057       -4.72905641824156
C           -9.26126543679188       -0.17666623018767       -2.73908428569834
C            9.07118149353692        0.25273259962612       -4.95243409981941
C            8.76185270176145        2.79048952180904       -5.15482257944590
H            7.83558914213953        1.51212490389101       -3.66941842642129
C           -8.70397283550578        1.22619446761245       -3.01237336739067
C          -10.59636892011451       -0.45311464076286       -3.42947272085654
H           -9.34741143717801       -0.32496521945922       -1.64729777484762
H            8.56958132443223       -0.67553207739459       -4.64874554744181
H            9.35352339096835        0.17013881807607       -6.01306179469866
H            9.99271503222113        0.36760990921560       -4.36576348293324
H            8.05667280426654        3.61125597323225       -4.97164456736882
H            9.67926272768558        2.99033886796884       -4.58433790530223
H            9.02404504028089        2.77546588082778       -6.22396905730890
H           -7.74728346576410        1.36767772661893       -2.48385623942566
H           -8.54324466920125        1.37378214134952       -4.08926981299180
H           -9.41225603983760        1.98928540634072       -2.66096638514332
H          -10.94272785810323       -1.47369006971474       -3.21374735890728
H          -11.36336679258182        0.25046874999633       -3.07900415809660
H          -10.50487092358430       -0.34475986451096       -4.51817752087183
H            4.25852616467036       -6.05691213984375        2.54871042347825
H            0.43638873161279       -7.89693976137505        1.65222250230357
H            1.03060143676808        7.23628414572169       -2.10730159117154
H           -3.26952462264909        7.23574467889438       -1.54877213939212
O            3.43121271993575       -3.55725453876961        1.89240901563810
O           -0.73695319412332       -5.56059424460980        0.91750700906874
O            1.31573178119043        4.62694667690537       -1.37080760828357
O           -3.36526569024298        4.64032235041354       -0.75460359332087
C            4.76429337789846       -3.58943727018092        2.30174999786492
C            5.77770194759856       -3.85580124881070        1.37067800356133
C            5.07821160870654       -3.27553062799426        3.63087200859075
C            7.11636631845584       -3.81440159452892        1.78168827516165
H            5.50741018186032       -4.08762952523118        0.33537409757554
C            6.42075396163535       -3.23562852572277        4.02987083260331
H            4.26420656608233       -3.06193114027614        4.33132426372378
C            7.44144002070720       -3.50651367891827        3.10921410220419
H            7.91229147728381       -4.02140532663016        1.05723825507743
H            6.67203770965585       -2.99020181716936        5.06784560715236
H            8.49252595564994       -3.47559492738472        3.42595115842795
C           -1.70420249494738       -6.54896607765347        1.06867032749384
C           -2.09221270588762       -7.00626277250439        2.33631947926955
C           -2.34410463290831       -7.02017252921363       -0.08598461129514
C           -3.11366609662320       -7.95837512665526        2.43992676392814
H           -1.59495070831708       -6.61024986325166        3.22819376172089
C           -3.37018514263612       -7.96586577393478        0.03214199459837
H           -2.03063450154525       -6.62922111498983       -1.05934172054099
C           -3.75356131563909       -8.44294745097276        1.29192003684904
H           -3.41682345119142       -8.32112751782080        3.42829286035491
H           -3.87258284129974       -8.33437336202902       -0.86878196779294
H           -4.55290519788166       -9.19051698704219        1.38016859650460
C            2.58206504193639        5.18066011597767       -1.25000142434789
C            2.87666953937763        6.23874092960179       -0.37609060679167
C            3.60813100903131        4.56130485773953       -1.98168961651487
C            4.20060242906181        6.68263783874962       -0.25466571647375
H            2.07776810797920        6.70188091570930        0.21152609484150
C            4.92615492847359        5.00805471386760       -1.84590216623842
H            3.36457072436982        3.72551560823432       -2.64506796949576
C            5.22819767617062        6.07493276310804       -0.98753353260067
H            4.43077723005186        7.51047940425880        0.42836207866577
H            5.71031366322070        4.50466104336307       -2.42191673588525
H            6.26120286556271        6.43195857212234       -0.88573710491994
C           -4.64856676417032        5.03374692366041       -1.11628490704957
C           -5.00628504587445        5.25243243103126       -2.45457357466646
C           -5.61059959488458        5.11969846567658       -0.09955820993597
C           -6.33185550337629        5.57808794304261       -2.76699975179167
H           -4.24827069076437        5.15970205964634       -3.23948174245418
C           -6.93420362170899        5.43867344938294       -0.42684648419488
H           -5.30418143721595        4.92591927736352        0.93320527046020
C           -7.29871752806629        5.67501345204567       -1.75823299292788
H           -6.61428498924774        5.74938113556050       -3.81145318825115
H           -7.68712997100273        5.50466238529686        0.36593923310652
H           -8.33662637053074        5.92930437981390       -2.01079297598938
N            1.30259284481873        0.40020803106605        0.24450440257462
C            2.50836896900127        0.82343504006201        0.01538813042725
C            3.04879377729980        0.62207099697810       -1.29094760762099
C            4.30904366713746        1.05126170331830       -1.60923327910391
C            5.09504838099174        1.72691723244726       -0.68271997146898
C            4.60555457021690        1.92089631702499        0.59763748674308
C            3.35951936098067        1.47004237042589        0.97516642885538
C            2.87770674570005        1.70189523737850        2.37331764711204
C            1.65702395150028        2.63676272536836        2.37743525072096
C            1.75609303327751        4.02832250424346        2.91438061229320
C            2.51204946970968        5.05925367875786        2.30377497360468
C            2.16538562496503        6.29530916612039        2.74244044076887
S            0.93136146043931        6.23065548197644        3.95360154159793
C            0.90491957669403        4.52381160784037        3.85907563324165
H            2.42340442452417        0.10597666747748       -2.00488461843705
H            4.69851191970119        0.89186076445674       -2.60141417118116
H            6.06620932266570        2.09646161160492       -0.96480668714231
H            5.20969754976995        2.43209147135588        1.33485009115420
H            2.57322411275673        0.73904936049027        2.79440379608196
H            3.69651091131566        2.10962760624528        2.96673810481374
H            1.32050931822757        2.74129144272557        1.34093223738749
H            0.84291345676682        2.14953102308265        2.90518733798625
H            3.26016434756163        4.86434876085861        1.56065625349447
H            2.51119186908399        7.25069296209606        2.40198224659784
H            0.22460763601831        3.98128582791474        4.48488482411941
239
 energy: -392.974821888932 gnorm: 0.012102384883 xtb: 6.7.1 (edcfbbe)
N            0.13068517706612       -1.76138547936213       -0.85222756182152
N           -0.13402514401434       -1.09870428470561        1.90788107849534
C           -0.44506911056159       -0.98652668846180       -3.14051374998287
C           -0.01059885629508       -1.94970099454562       -2.20233320676239
C            0.41140210420532       -3.29238247567873       -2.55634801079308
H            0.39206443589365       -3.70198275674675       -3.56733924419776
C            0.83322632080995       -3.88939127420042       -1.40232194111090
H            1.23210733726349       -4.89552234348834       -1.26666432091462
C            0.62225381831970       -2.93383126506307       -0.33137235087235
C            0.80013188754022       -3.22895125338970        1.03478193187096
C            0.37724617129844       -2.36319403443548        2.06295512679951
C            0.29887022376940       -2.74793511260642        3.45950478450063
H            0.63832858452427       -3.70583556685303        3.85643599296345
C           -0.30767517425530       -1.71956125629470        4.12330618173558
H           -0.56191890740175       -1.64609200979928        5.18150071808834
C           -0.56164118456887       -0.68166755970199        3.14220858455568
C            1.35315221352474       -4.57598693786181        1.41912695778193
C            2.69308688596324       -4.71522185490134        1.85254337618155
C            3.21812312869090       -5.96827658275404        2.21734427614070
C            2.39926780852843       -7.09870023951609        2.14048793100671
H            2.80811935314604       -8.08040191343262        2.41373599489397
C            1.07082474133498       -7.00136375615720        1.71854253497657
C            0.54973729458073       -5.74077432870099        1.37002967147343
N           -0.90219499308988        1.57523469741632        1.18381892225393
N           -0.59097785816601        0.92443356000831       -1.55638061788543
C           -1.13604393501986        0.57070954807818        3.44837781975317
C           -1.23011931583360        1.62849286696633        2.51608065937008
C           -1.61866819916895        2.97958266605587        2.86746809766312
H           -1.94382443452266        3.28978393806904        3.86149063002504
C           -1.47459028401848        3.73980989033812        1.74039838519203
H           -1.66695087387349        4.80538325419497        1.61353634336155
C           -1.06292817905956        2.84507749584695        0.67909264654041
C           -0.93814348666704        3.21936921890025       -0.67191939509827
C           -0.79903677009520        2.27295602636601       -1.70578456286208
C           -0.99753611734647        2.58324041650769       -3.10735345057949
H           -1.18139280405487        3.58405797393931       -3.49969861089507
C           -0.96082382310283        1.39820693824845       -3.78569430476371
H           -1.10416784706254        1.21939533047658       -4.85222611509447
C           -0.67325289058197        0.36530852706671       -2.80892769921502
C           -1.02478851640326        4.67196788950491       -1.05382724039630
C            0.15504737910774        5.37709460117805       -1.39581323487079
C            0.10720726468949        6.72029963827956       -1.81080742575755
C           -1.12744424296915        7.37503678631316       -1.85689213287889
H           -1.16900295063361        8.42615981957452       -2.17142407927329
C           -2.31059343984526        6.71449421585996       -1.51303654082484
C           -2.25804102387925        5.36140165557197       -1.12859678491305
Fe          -0.27537447423851       -0.05520014941397        0.17887550193180
Cl          -2.49816798954660       -0.71053422116266        0.13345868750704
C           -1.72922417896647        0.77176942984112        4.82038335955894
C           -0.97466340915735        1.31605863801216        5.89390032918141
C           -3.08575577655152        0.40116285224240        5.03821294529713
C           -1.56326628961835        1.49304336604137        7.16202086752728
N            0.37146934445012        1.68118592529337        5.63520282749766
C           -3.67061382681722        0.60266668502052        6.30693096052567
N           -3.79990740703960       -0.19087845567103        3.96967061693813
H           -0.96056775123417        1.90013069538731        7.97839072771274
C           -2.90352553126409        1.13934938451119        7.34429824925379
C            1.33920203326912        2.09863567113583        6.52222312547595
H            0.65133330313804        1.58680507721894        4.65712308399032
H           -4.71994964983031        0.33317362315903        6.45103961301773
C           -5.12593880706215       -0.57663299122807        3.93957791635612
H           -3.26319583581137       -0.35709526878160        3.11305911727395
H           -3.36442133794478        1.28514793744041        8.32975733264027
O            1.18456697421937        2.20118496729991        7.73398514194615
C            2.66584437024553        2.43639639820522        5.87599971752224
O           -5.93287795917119       -0.35287692475906        4.83661272762101
C           -5.52345067633982       -1.32790202552996        2.69166532324440
C            3.92239184629356        2.06047803505082        6.61854400717254
H            2.72578495119517        2.44324221801783        4.78397070501619
C            3.49072450401159        3.50713630124814        6.60033881899690
C           -6.87560214138592       -1.03875732475080        2.08864219790619
H           -4.73331407265147       -1.63046698604413        1.99481023985328
C           -6.68908030086568       -2.30689882014687        2.88732286445267
H            3.80229034583012        1.53336977962686        7.56799650827301
H            4.79183325426638        1.79120633949014        6.01524050184209
H            3.04702688158656        3.89994878632225        7.51845563648283
C            4.26416952129129        4.48413986684330        5.77279795261185
H           -7.47616253938348       -0.26084317212897        2.56856727188031
H           -6.95464601752755       -1.12341377385294        1.00130308458495
H           -7.11553833899865       -2.31954344398318        3.89519141847458
C           -6.65104960465515       -3.62409416720813        2.18787465529576
O            4.34546438554289        5.67665622610762        6.38475519226803
O            4.77326885450662        4.23122660402194        4.69683678327320
O           -7.25803405152797       -4.57742354393231        2.92887760626813
O           -6.15733701998325       -3.83127715755286        1.09771107743665
C            5.08206602091625        6.75233468138215        5.73033834939622
C           -7.33188914042129       -5.92544240403589        2.38544063747970
C            4.09990569375424        7.62397067124161        4.93906166391588
C            5.82761065828988        7.51078260545854        6.82721825559723
H            5.79137864438961        6.27389773321992        5.03144745183152
C           -7.32653881860362       -6.88053388254593        3.58010553682698
C           -8.58015586810638       -6.04871673641834        1.50443653922198
H           -6.42866880225879       -6.07418028579904        1.76364926755644
H            3.60019018424329        7.02580455513550        4.16049537387937
H            3.33771494855760        8.04826961484627        5.60666291304645
H            4.63705365752987        8.45129317191640        4.45484233497933
H            6.50535876146576        6.84190262403835        7.37271833064525
H            6.42642581385948        8.32313084305117        6.39369544792102
H            5.12621600720260        7.94759695341250        7.54957184042164
H           -6.41809271665403       -6.74015922091473        4.18011954509726
H           -8.20234867637067       -6.70645873138070        4.22321489045041
H           -7.36274290391040       -7.92307091208770        3.23540499607052
H           -8.52585084661969       -5.34126427384649        0.66580616998781
H           -8.66154713948597       -7.06630766483475        1.09763221148097
H           -9.49025547404937       -5.84286666205100        2.08821747264696
C           -0.66758908296790       -1.45031136343560       -4.55840169151079
C            0.29938013706276       -1.22828953626647       -5.57602247114032
C           -1.86122424701678       -2.15555054142854       -4.87521017585054
C            0.10884537036304       -1.75833375132092       -6.86753578038210
N            1.43189582809350       -0.44260463237744       -5.24250789740173
C           -2.04004418629889       -2.68979852167257       -6.16897219915636
N           -2.85510980004016       -2.25274001052471       -3.87374118482112
H            0.86935611359108       -1.58137333005853       -7.63341463498425
C           -1.05209968845431       -2.49071186865087       -7.13792469759085
C            2.37735587628831        0.11157438504251       -6.07796046103806
H            1.43749773307686       -0.11757879875347       -4.27418968365355
H           -2.95304396864237       -3.25072494901245       -6.38614896556785
C           -4.07822931671403       -2.89047566131308       -3.93341036525676
H           -2.65428619594840       -1.74271893899603       -3.00929996045319
H           -1.19639561084422       -2.91042395946845       -8.14197939203138
O            2.49705999025924       -0.13919925377994       -7.27128226505130
C            3.26267287275792        1.13149605649097       -5.39406293555585
O           -4.44236782662230       -3.60835518234827       -4.85934509338516
C           -4.96877543780645       -2.61214545610987       -2.74708334603912
C            3.57408394426890        2.38699440683508       -6.17102202478471
H            3.18965188453127        1.23558445623803       -4.30625359588448
C            4.65526664413033        1.34801487245428       -5.98634205931144
C           -5.86401762146603       -3.71644375480396       -2.24665314768404
H           -4.62219986742999       -1.89047086224750       -1.99805747318731
C           -6.47229533880622       -2.60221571146180       -3.06339405673835
H            3.14678950645147        2.46628464285403       -7.17409165276972
H            3.66852067157815        3.31599674100932       -5.60380656855717
H            4.91219070963894        0.73379666871468       -6.85324476464683
C            5.76868880931502        1.66307096859278       -5.03785622296652
H           -5.78493916801489       -4.68215959162379       -2.75276955929344
H           -6.05546822672878       -3.73426781614472       -1.17044509196391
H           -6.72846034246058       -2.83449766570576       -4.10165663569446
C           -7.33091392696423       -1.57418341269813       -2.40432810897607
O            6.94567679422165        1.21672963747343       -5.50806478108402
O            5.63170810023736        2.26076248519047       -3.98693496613398
O           -8.32309474159001       -1.17568027761915       -3.22929982334824
O           -7.18113904439136       -1.14860181305327       -1.27664656396421
C            8.14935381124701        1.46045568730908       -4.72187353790620
C           -9.26168021663790       -0.17647980626525       -2.73908135282035
C            9.07147599482830        0.26063256400155       -4.94505589738998
C            8.76121534081262        2.79830128803896       -5.14713270555390
H            7.83490205410706        1.51928421199703       -3.66235231857012
C           -8.70483876317929        1.22663491996035       -3.01191797368291
C          -10.59639318035143       -0.45336070466095       -3.43005652925728
H           -9.34819906410459       -0.32500940394348       -1.64736221469606
H            8.57012330492724       -0.66788633702036       -4.64172663518822
H            9.35427010645858        0.17833195850306       -6.00558567165807
H            9.99273105514294        0.37578063469586       -4.35799931145651
H            8.05562804491636        3.61875185307314       -4.96410276463365
H            9.67831653187477        2.99842759180261       -4.57625153848358
H            9.02383281565811        2.78356210775482       -6.21618274731999
H           -7.74841626318009        1.36841784296565       -2.48299456274687
H           -8.54373826260796        1.37447081634525       -4.08872596373843
H           -9.41356806945001        1.98938639077069       -2.66066663584126
H          -10.94242790870476       -1.47411055521675       -3.21464080196298
H          -11.36381316247025        0.24985551934689       -3.07977789208316
H          -10.50450265746127       -0.34478697143734       -4.51870659166363
H            4.25835900649494       -6.05220628971400        2.55311689372460
H            0.43731766112144       -7.89361265091518        1.65479193887691
H            1.02695988197279        7.24048403182017       -2.10195656048353
H           -3.27339080454537        7.23812450685662       -1.54513997447251
O            3.43031269871395       -3.55275747056735        1.89690284964979
O           -0.73666297489172       -5.55761229099883        0.92000457538568
O            1.31283346328409        4.63115489302811       -1.36579853373944
O           -3.36840992523341        4.64251936340225       -0.75144511415438
C            4.76323253810797       -3.58449700392767        2.30676859684898
C            5.77712641249909       -3.85028715814451        1.37605265344504
C            5.07650685881059       -3.27071592715294        3.63607522273663
C            7.11560812933841       -3.80842354046073        1.78760761786420
H            5.50733658032243       -4.08204956719208        0.34060370622678
C            6.41887181359734       -3.23030831396857        4.03561543178992
H            4.26212629948971       -3.05752024582382        4.33623607035147
C            7.44003136285717       -3.50062812513073        3.11531601777384
H            7.91190521507964       -4.01498580338708        1.06343868270376
H            6.66964030621268       -2.98495341244465        5.07373182048160
H            8.49097754005289       -3.46934201703832        3.43247929799074
C           -1.70358392611511       -6.54639943011010        1.07061065354117
C           -2.09191490725464       -7.00406385433337        2.33803616564368
C           -2.34282981727199       -7.01766463104299       -0.08437365049049
C           -3.11302505304905       -7.95660179370567        2.44107315492490
H           -1.59516710566664       -6.60800148915459        3.23017327392720
C           -3.36858183706904       -7.96379163883280        0.03318371327227
H           -2.02913147957436       -6.62642416352004       -1.05754274300977
C           -3.75226848403600       -8.44123889460406        1.29272285424151
H           -3.41643329769846       -8.31964331591341        3.42925622447884
H           -3.87046928177515       -8.33234758123295       -0.86800587362861
H           -4.55134800744052       -9.18914313422496        1.38053042834574
C            2.57890163031885        5.18534322271347       -1.24436146989199
C            2.87271432382484        6.24340441883843       -0.37023258986466
C            3.60556011071208        4.56645233515978       -1.97569869103526
C            4.19638594859294        6.68782541685447       -0.24815205933399
H            2.07341814391620        6.70612093142627        0.21709117594463
C            4.92333426438459        5.01374530045689       -1.83933522538802
H            3.36261954936124        3.73065234186363       -2.63934774280628
C            5.22457790409918        6.08064774142570       -0.98068347220939
H            4.42602174793585        7.51563623417702        0.43509654845576
H            5.70794602355605        4.51073325178157       -2.41507977050854
H            6.25738892097995        6.43807776762675       -0.87842959947674
C           -4.65172271269889        5.03550075668968       -1.11356587884010
C           -5.00899237054042        5.25426458869834       -2.45197100307861
C           -5.61419047868016        5.12089462359137       -0.09721536079048
C           -6.33456407007939        5.57944227622705       -2.76486911470063
H           -4.25062540369534        5.16197063562894       -3.23658823828819
C           -6.93779641868833        5.43939402642227       -0.42498140055620
H           -5.30811050226748        4.92706661783381        0.93564091834596
C           -7.30186981490769        5.67581800781195       -1.75646521781419
H           -6.61664789713343        5.75079559519911       -3.80940696396100
H           -7.69106420659053        5.50494723754354        0.36751898148052
H           -8.33978012470998        5.92972714098444       -2.00940610270972
N            1.29986333014787        0.39906874785340        0.25808635105542
C            2.50695471384555        0.80713754748894        0.00691166912978
C            3.02266750681208        0.55817897481738       -1.30156455675052
C            4.28595204902185        0.95242156244149       -1.65358708809201
C            5.09548103779053        1.64335291212383       -0.75887605224297
C            4.62791998704556        1.88490878051272        0.52347117624334
C            3.38118476374694        1.46715470471324        0.93701478084251
C            2.93426435453769        1.73530871017071        2.34252159740282
C            1.67638888311793        2.62179816780690        2.35917278940986
C            1.75726678761677        4.01522004426634        2.89134150617128
C            2.51679966446553        5.04220116322581        2.28446446017412
C            2.17196691648147        6.27909636859217        2.71994534497752
S            0.97188735717498        6.22515117381244        3.93746311789325
C            0.90971457908087        4.51482333383741        3.83124651952403
H            2.37496012744323        0.03054699449920       -1.98699952009999
H            4.65757908614301        0.74975559530959       -2.64637180250293
H            6.06773696661953        1.98776511004916       -1.06758633022187
H            5.25697489205337        2.40568404186791        1.23321914755224
H            2.68800746171320        0.77361416466266        2.81352703260639
H            3.75689064035765        2.20433350901518        2.89253195747903
H            1.32345388199863        2.72070679877597        1.32689374405135
H            0.88285670843375        2.10405818006911        2.89250377550550
H            3.28356667686230        4.84292998422390        1.55986612665688
H            2.53210523423157        7.23360028553947        2.38858807344774
H            0.23377974697034        3.97631530847716        4.45892202066470
239
 energy: -392.975902742642 gnorm: 0.011132175949 xtb: 6.7.1 (edcfbbe)
N            0.13013069152007       -1.75772364674331       -0.84890236458203
N           -0.13573177771525       -1.09551467247344        1.91124511064671
C           -0.44507126704531       -0.98272838677958       -3.13730201593697
C           -0.01057840741147       -1.94596134903743       -2.19910574837539
C            0.41209211054698       -3.28835547797516       -2.55315471727771
H            0.39329849096443       -3.69782760327239       -3.56419983329439
C            0.83374497147884       -3.88535998449413       -1.39901065151869
H            1.23298841641799       -4.89135805562320       -1.26338017627699
C            0.62196646176932       -2.93013270352009       -0.32801386409183
C            0.79953551176738       -3.22526624155755        1.03816189516129
C            0.37595245728001       -2.35977164231339        2.06626627113577
C            0.29724772485760       -2.74476040298318        3.46280004478389
H            0.63692190155597       -3.70261336954739        3.85967998304542
C           -0.30991916336282       -1.71678610066306        4.12651178790462
H           -0.56460606787282       -1.64350632778313        5.18460785999725
C           -0.56393780913408       -0.67877019929131        3.14539679670363
C            1.35294820557259       -4.57214372042506        1.42250060797602
C            2.69278158070632       -4.71092350318742        1.85636760750953
C            3.21818165692985       -5.96381787659859        2.22118948983780
C            2.39979011533913       -7.09454933968976        2.14388722795771
H            2.80892815574182       -8.07613052083784        2.41714701063644
C            1.07145662012026       -6.99767375969252        1.72148143959879
C            0.54999979038499       -5.73723650796059        1.37295771428884
N           -0.90483124445651        1.57819303591871        1.18723217650759
N           -0.59214523129303        0.92793498911938       -1.55291562874887
C           -1.13878078290214        0.57323088154257        3.45143455426563
C           -1.23288980615630        1.63117717268734        2.51946383479563
C           -1.62200371020682        2.98191432126712        2.87087054613476
H           -1.94797069962502        3.29199873179150        3.86475566174448
C           -1.47803895321408        3.74247135990496        1.74388900785074
H           -1.67087161805762        4.80802795739674        1.61713238247278
C           -1.06574592157186        2.84810939390958        0.68268246479649
C           -0.94063294144969        3.22259492670036       -0.66833257223560
C           -0.80077651347775        2.27640509976227       -1.70222611159633
C           -0.99892324082172        2.58677841171265       -3.10386420425426
H           -1.18302383407460        3.58759558291760       -3.49611527521727
C           -0.96150985941811        1.40188724358905       -3.78233210702673
H           -1.10439708981363        1.22314324285966       -4.84893688532368
C           -0.67386457864602        0.36894568850960       -2.80556407988688
C           -1.02771494183086        4.67523230556156       -1.05003599100330
C            0.15198728919026        5.38085564028800       -1.39150898330248
C            0.10375659069630        6.72410821211990       -1.80633618865559
C           -1.13113179017952        7.37836837249561       -1.85276751855597
H           -1.17298989937504        8.42952072839442       -2.16717025996800
C           -2.31415251783863        6.71731879738942       -1.50941940131920
C           -2.26120284959674        5.36419533026256       -1.12514705317021
Fe          -0.27733859905009       -0.05168503598059        0.18259304069830
Cl          -2.49943828895786       -0.70802002953196        0.13596335935384
C           -1.73269884023479        0.77397596308957        4.82339326067887
C           -0.97876841161979        1.31840480940039        5.89726653946498
C           -3.08917375983396        0.40279392577784        5.04069257442997
C           -1.56787050204298        1.49496544484633        7.16519682561246
N            0.36730141356403        1.68416975242897        5.63907592557221
C           -3.67457468806228        0.60389225373435        6.30922813668795
N           -3.80272806952125       -0.18938856773294        3.97181323110527
H           -0.96561890643983        1.90218200624532        7.98183656838318
C           -2.90806168183376        1.14072710309952        7.34694576306006
C            1.33458897488166        2.10188185770616        6.52644703716429
H            0.64756909441255        1.58996630418397        4.66104759914913
H           -4.72385814570158        0.33397005494332        6.45292775880337
C           -5.12859226665636       -0.57564869018668        3.94119787373406
H           -3.26564352863709       -0.35527588870135        3.11537384799502
H           -3.36936425646136        1.28621384324177        8.33226378190020
O            1.17950690268838        2.20410294640627        7.73820114177708
C            2.66135535707748        2.44012111957052        5.88069321672363
O           -5.93594555483967       -0.35232963092490        4.83798230381302
C           -5.52537436873176       -1.32690443388465        2.69304199328035
C            3.91777300448700        2.06462211620271        6.62373269403469
H            2.72186130318890        2.44701347398925        4.78853805043361
C            3.48556140554311        3.51109149088274        6.60556090000881
C           -6.87742251161013       -1.03820247642860        2.08957596273379
H           -4.73487032891580       -1.62906828631550        1.99642200253155
C           -6.69069189320401       -2.30637759488344        2.88814947368536
H            3.79750518200928        1.53733735950054        7.57309118772897
H            4.78751519865402        1.79578325467517        6.02071138493258
H            3.04134106585164        3.90363074552191        7.52358264450328
C            4.25889461920965        4.48853120950497        5.77846472244853
H           -7.47845655972089       -0.26058312301756        2.56939713529447
H           -6.95604627804637       -1.12274093076032        1.00219221804183
H           -7.11750307739010       -2.31932801905265        3.89586878138876
C           -6.65190101478186       -3.62346808393717        2.18853669918066
O            4.33951752518611        5.68097932743477        6.39060205960054
O            4.76846003885537        4.23601458550961        4.70259323834104
O           -7.25877797175133       -4.57713614367772        2.92918973685769
O           -6.15771832995675       -3.83030884150227        1.09851138904463
C            5.07590255429660        6.75706229999739        5.73660010111374
C           -7.33191594176805       -5.92510245438958        2.38554440310790
C            4.09360467403624        7.62843178199762        4.94511327856356
C            5.82076983997046        7.51564472501463        6.83384350165441
H            5.78566071348634        6.27899894625619        5.03788785241518
C           -7.32661767686719       -6.88035828054690        3.58007752832072
C           -8.57981877718871       -6.04874616816724        1.50407450809612
H           -6.42841416906427       -6.07340943114727        1.76404855397250
H            3.59450098542584        7.03009864478422        4.16641474353801
H            3.33105901881017        8.05233302170399        5.61250541541467
H            4.63067213043988        8.45602098716389        4.46118428282093
H            6.49858741757393        6.84695492996434        7.37949566783182
H            6.41942428806936        8.32829243392866        6.40064278722789
H            5.11894646154741        7.95208829185084        7.55601222865100
H           -6.41843678866032       -6.73971456115719        4.18043667082835
H           -8.20272659162022       -6.70671165706102        4.22290272522317
H           -7.36229300642381       -7.92286769128366        3.23521919052800
H           -8.52549199791999       -5.34115604720518        0.66555790684916
H           -8.66067005061541       -7.06631661985851        1.09709942019564
H           -9.49021061019117       -5.84332769022207        2.08756234451435
C           -0.66688305544879       -1.44643037100296       -4.55532421277121
C            0.30037338114966       -1.22388526060016       -5.57256755430041
C           -1.86013010412080       -2.15208846756776       -4.87265106654434
C            0.11049913315425       -1.75383656512959       -6.86422277352285
N            1.43246327561402       -0.43784181037969       -5.23852821031400
C           -2.03828105406468       -2.68623226151539       -6.16655145630172
N           -2.85433129747534       -2.24980539962820       -3.87154673118463
H            0.87121638849266       -1.57646787994758       -7.62980540869198
C           -1.05006505025502       -2.48662541626223       -7.13512396665876
C            2.37798723835989        0.11686919040714       -6.07359115605931
H            1.43761468342124       -0.11288914015095       -4.27017234157247
H           -2.95098646301581       -3.24748253589714       -6.38412970240591
C           -4.07718737389107       -2.88800654071370       -3.93173965082919
H           -2.65401997719273       -1.73982042539639       -3.00696195717433
H           -1.19384048208939       -2.90625581401117       -8.13929107394414
O            2.49822272160661       -0.13373640335310       -7.26690689737251
C            3.26265333808506        1.13700532692038       -5.38925813140450
O           -4.44071276035437       -3.60590564608684       -4.85790859656367
C           -4.96826228087317       -2.61018489868367       -2.74569244056259
C            3.57389177274632        2.39272874168082       -6.16591485655973
H            3.18916061013548        1.24105263861952       -4.30146571099362
C            4.65539797994028        1.35413701302155       -5.98097152978735
C           -5.86325455375786       -3.71490146729950       -2.24573142805850
H           -4.62223345168434       -1.88847809837368       -1.99643952398660
C           -6.47167097877035       -2.60080182856274       -3.06253579148620
H            3.14690861063724        2.47200840825850       -7.16912263209811
H            3.66776017095592        3.32169152433778       -5.59852511765126
H            4.91287237578675        0.74015751091985       -6.84788141044689
C            5.76835271586377        1.66955890235276       -5.03180849170292
H           -5.78361702668949       -4.68052166161335       -2.75195536704352
H           -6.05508114591586       -3.73294760333488       -1.16958849303068
H           -6.72737709806884       -2.83303799404545       -4.10092619802300
C           -7.33092883380646       -1.57318798090244       -2.40363648734430
O            6.94572670353987        1.22367182631264       -5.50189452628741
O            5.63077914683287        2.26688677834212       -3.98085995417398
O           -8.32296905230491       -1.17495980625092       -3.22890457397589
O           -7.18171867677311       -1.14770383304360       -1.27583391021887
C            8.14897464498027        1.46779745565883       -4.71526917747409
C           -9.26211637885645       -0.17619734540012       -2.73888386781758
C            9.07166190027914        0.26835996421840       -4.93826975952203
C            8.76048366564497        2.80593437361634       -5.14011080024843
H            7.83416122250543        1.52641057431203       -3.65579607214833
C           -8.70572248888992        1.22717715862486       -3.01132855913192
C          -10.59647270626867       -0.45349929534015       -3.43037267718820
H           -9.34896687845284       -0.32490380192142       -1.64721205111608
H            8.57055808912048       -0.66040080860135       -4.63525302465157
H            9.35486273109488        0.18631759296093       -5.99871717902365
H            9.99266653449153        0.38378914928743       -4.35087031971530
H            8.05450619725787        3.62608540208017       -4.95722612076401
H            9.67730557239206        3.00634967141503       -4.56887586588743
H            9.02348312621505        2.79144516419775       -6.20907799296512
H           -7.74954233155466        1.36926009574858       -2.48204315510469
H           -8.54429526206726        1.37522329655152       -4.08806333947349
H           -9.41487603949014        1.98960624784660       -2.66022217379063
H          -10.94219055914347       -1.47441732457233       -3.21521940994946
H          -11.36429533042143        0.24937347334983       -3.08026925975448
H          -10.50423788543831       -0.34473975882578       -4.51898029149627
H            4.25833141760201       -6.04738731731123        2.55732305763088
H            0.43831859953214       -7.89016025668567        1.65738374127286
H            1.02341520257768        7.24468821458259       -2.09708558859881
H           -3.27714143606116        7.24057873611046       -1.54179298667797
O            3.42954947722302       -3.54817939291667        1.90114084370070
O           -0.73630487599875       -5.55451344470720        0.92249868570754
O            1.31002517816172        4.63537817047086       -1.36118285439224
O           -3.37143337083558        4.64482800516836       -0.74848365943754
C            4.76233107096958       -3.57945960858142        2.31148689762472
C            5.77666006010571       -3.84471583131168        1.38109073369730
C            5.07501281114708       -3.26575512137488        3.64095412989120
C            7.11498092248492       -3.80238695507760        1.79313136129843
H            5.50732649715415       -4.07644063883635        0.34551375978004
C            6.41722096914846       -3.22485157431751        4.04098052283857
H            4.26029874323817       -3.05295102999888        4.34085967667999
C            7.43881307691615       -3.49464713076299        3.12100423535506
H            7.91161701221572       -4.00853917209496        1.06921944679748
H            6.66752165935486       -2.97953828996254        5.07922286701717
H            8.48963465301066       -3.46299224931838        3.43854840965969
C           -1.70289953630670       -6.54369670809584        1.07262663986970
C           -2.09150067506096       -7.00168466971463        2.33985401186904
C           -2.34154721953270       -7.01505108771541       -0.08265283642936
C           -3.11227951461113       -7.95463438610405        2.44239932917869
H           -1.59522525791040       -6.60555068977877        3.23222557650220
C           -3.36697674001587       -7.96159482714873        0.03440921389627
H           -2.02765748730519       -6.62355463608291       -1.05566045266758
C           -3.75092711054607       -8.43936425473663        1.29374799000582
H           -3.41589923906291       -8.31792973147744        3.43042422715583
H           -3.86840085998926       -8.33022193577363       -0.86701163682977
H           -4.54974866745231       -9.18759120726549        1.38117104169303
C            2.57585367805314        5.19004884461814       -1.23918320002566
C            2.86890938789691        6.24810031896488       -0.36485977551614
C            3.60304247148871        4.57159172655610       -1.97022926268957
C            4.19235031571125        6.69302424130926       -0.24224499436010
H            2.06925237340253        6.71041362085132        0.22222665102491
C            4.92059121180047        5.01938550321282       -1.83335536599669
H            3.36068331850395        3.73576298010715       -2.63410019241076
C            5.22105698423064        6.08637627780292       -0.97448664684523
H            4.42146890468588        7.52083193732031        0.44119472936814
H            5.70559913184073        4.51675459419404       -2.40889126713945
H            6.25371106091672        6.44416326390078       -0.87181276941566
C           -4.65476270786243        5.03735934594308       -1.11100733816137
C           -5.01164174006154        5.25616624916912       -2.44951407176084
C           -5.61762560483681        5.12223873544726       -0.09498593386743
C           -6.33722938633872        5.58087140732912       -2.76284125139448
H           -4.25295861111562        5.16427421012507       -3.23387721176645
C           -6.94124239106436        5.44026716290431       -0.42318074044495
H           -5.31183850939362        4.92838658031779        0.93795500852720
C           -7.30493842816731        5.67671826751179       -1.75476466008019
H           -6.61900897504208        5.75225803317966       -3.80745639416071
H           -7.69481838045420        5.50541824216318        0.36906210701806
H           -8.34285420464153        5.93027269108597       -2.00804245493921
N            1.29757736388382        0.39872733340179        0.26430448025671
C            2.50717602947579        0.78967840474202       -0.00544597801347
C            3.00235878021692        0.49294338808755       -1.31463295459538
C            4.26858765530314        0.85334393276396       -1.69534026314273
C            5.09786721807596        1.56059088778155       -0.83041600892798
C            4.64952793382472        1.84767694064430        0.45217790591420
C            3.40156255216699        1.46205230299392        0.89752713224899
C            2.98648977572876        1.76459331890042        2.30869008646732
C            1.69865376628246        2.60842383431197        2.34062180831610
C            1.76136005080461        4.00098514783761        2.87634641106678
C            2.54008585229589        5.02472393632664        2.28086012281082
C            2.19467842221563        6.26195324601609        2.71397124090300
S            0.96285594092352        6.21377833521754        3.90991145621830
C            0.89977284075498        4.50243866987800        3.80558767546501
H            2.33504174085426       -0.04542197133416       -1.97365163712591
H            4.62578026374547        0.60834825680331       -2.68581394975419
H            6.07147588292287        1.88235509565495       -1.16233031011438
H            5.29835199880627        2.38002869877413        1.13615830984213
H            2.79108787177031        0.80879255678992        2.82093035103041
H            3.80842465443058        2.28422176608709        2.82020432969211
H            1.33750081132754        2.70651120241300        1.31198547536745
H            0.92491967350226        2.06523924932305        2.87926583140168
H            3.31324619860838        4.82260651878069        1.56722565339625
H            2.56165499345987        7.21412086542618        2.38611923937533
H            0.21370016449354        3.96873216590239        4.42840265594797
239
 energy: -392.976799532460 gnorm: 0.011292575257 xtb: 6.7.1 (edcfbbe)
N            0.12988316111871       -1.75400119094337       -0.84713022942599
N           -0.13640901160028       -1.09160446644956        1.91291333272483
C           -0.44508855364593       -0.97901596405856       -3.13565099501466
C           -0.01049766981532       -1.94228826196265       -2.19744239158067
C            0.41287569093889       -3.28433543699723       -2.55138472988476
H            0.39448936486538       -3.69380218698359       -3.56241493426881
C            0.83459245348789       -3.88115954511279       -1.39705716436846
H            1.23420266985985       -4.88702041870371       -1.26141237003703
C            0.62203682132924       -2.92623961871726       -0.32616921166620
C            0.79961194540531       -3.22109616646870        1.04016488353874
C            0.37552072430399       -2.35574855812873        2.06794611178074
C            0.29666783578329       -2.74077103532799        3.46472698549725
H            0.63665336875843       -3.69856721485956        3.86152764967928
C           -0.31096142788739       -1.71328353928748        4.12826898512257
H           -0.56599608313716       -1.63989455205439        5.18625800733276
C           -0.56524444478882       -0.67504121974119        3.14699832221243
C            1.35348961860536       -4.56776674836650        1.42450425500741
C            2.69330663240977       -4.70600381430402        1.85862543816295
C            3.21913571326552       -5.95869937030059        2.22354935768308
C            2.40120535747260       -7.08975290570082        2.14608102824751
H            2.81068289137622       -8.07117944235103        2.41941931958647
C            1.07290458752376       -6.99341481394610        1.72340638093539
C            0.55101708691396       -5.73317322852964        1.37479158191484
N           -0.90680994381391        1.58152069355969        1.18889534700825
N           -0.59340139524254        0.93169318244863       -1.55143705613439
C           -1.14009360719742        0.57623023281777        3.45235551165310
C           -1.23464446275570        1.63401998897175        2.52097473694142
C           -1.62439917739771        2.98494449636296        2.87234831559832
H           -1.95100012442015        3.29502797600424        3.86616372136698
C           -1.48078721780903        3.74563813445682        1.74549263739672
H           -1.67410159238674        4.81120362994332        1.61860473499248
C           -1.06788420999011        2.85146523279890        0.68433407054821
C           -0.94278219552417        3.22605768033851       -0.66669503496811
C           -0.80233493440000        2.27991733842360       -1.70061723640265
C           -1.00034282488336        2.59025306616692       -3.10233143074688
H           -1.18476000284676        3.59102357257652       -3.49458220099457
C           -0.96232499361038        1.40542595976529       -3.78079151891626
H           -1.10492115845880        1.22659627934935       -4.84740996335597
C           -0.67447934910912        0.37255445308559       -2.80387967836623
C           -1.03037523771885        4.67868072318419       -1.04844020374333
C            0.14912335794213        5.38477112567981       -1.38970456612726
C            0.10044178240476        6.72801608165637       -1.80453189323007
C           -1.13470010293064        7.38178077050597       -1.85119488422599
H           -1.17691727810669        8.43292495505939       -2.16560265100048
C           -2.31753985124306        6.72025965358629       -1.50807866019100
C           -2.26411281769401        5.36715147296334       -1.12380282628360
Fe          -0.27891631592029       -0.04760971294324        0.18406025421830
Cl          -2.50016036283970       -0.70516953269885        0.13721611006053
C           -1.73490614355166        0.77721607843311        4.82485315118212
C           -0.98151242942650        1.32182263789533        5.89886128350684
C           -3.09129050808038        0.40540772228910        5.04183377013490
C           -1.57090209617818        1.49814300479452        7.16665961038806
N            0.36447638293666        1.68822335729086        5.64097473077041
C           -3.67707699210987        0.60624928328762        6.31023998151095
N           -3.80445506673653       -0.18709593185933        3.97279288727530
H           -0.96895241887138        1.90559927311846        7.98342593688971
C           -2.91097636575728        1.14337888622596        7.34813137753473
C            1.33144231796135        2.10632538881325        6.52842441990880
H            0.64507025338910        1.59382985346721        4.66302617795384
H           -4.72627404628462        0.33589959957003        6.45374481814371
C           -5.13009681494503       -0.57384444990037        3.94195115218222
H           -3.26710010692453       -0.35274433629150        3.11648252381695
H           -3.37253166113534        1.28867248286140        8.33336922185672
O            1.17606167791896        2.20841089086406        7.74021473525983
C            2.65810044113332        2.44498089288908        5.88309137268973
O           -5.93777186995182       -0.35086692498857        4.83857610774867
C           -5.52638343609352       -1.32527823449099        2.69369342388290
C            3.91463078713348        2.07001220550371        6.62629300980643
H            2.71893645080641        2.45202595827297        4.79091636991702
C            3.48189547636164        3.51625312934982        6.60803257553575
C           -6.87841176469938       -1.03710132993631        2.08997028739822
H           -4.73560267498758       -1.62711978732902        1.99722550610322
C           -6.69133264625337       -2.30518555779967        2.88857297219527
H            3.79439112226533        1.54263874055757        7.57563364845845
H            4.78461375877677        1.80154286147390        6.02343187524577
H            3.03725877034810        3.90868310173134        7.52595416151271
C            4.25495585600561        4.49408551346879        5.78110153305990
H           -7.47985480308838       -0.25970721691566        2.56968477253548
H           -6.95679086031489       -1.12166169915572        1.00255368842054
H           -7.11834046750918       -2.31832818013090        3.89622094061988
C           -6.65188720669486       -3.62229537302077        2.18898054021353
O            4.33500294280395        5.68651373360465        6.39324319706833
O            4.76482199539157        4.24183830343745        4.70524217472170
O           -7.25852597880821       -4.57619546938892        2.92947921687313
O           -6.15739716327058       -3.82891224978657        1.09901146033041
C            5.07105590357433        6.76289315918204        5.73944714354315
C           -7.33102261299624       -5.92415984941288        2.38584114222558
C            4.08847181265936        7.63392641248592        4.94771558961256
C            5.81539669757191        7.52179430459091        6.83678918601146
H            5.78114692810849        6.28515289147705        5.04081887501654
C           -7.32557447470876       -6.87943117571337        3.58035603971988
C           -8.57869315126925       -6.04831249533863        1.50410700512287
H           -6.42732993091161       -6.07212895676441        1.76449677103892
H            3.58993269817577        7.03526721819644        4.16912979850479
H            3.32567618858319        8.05749540837050        5.61500158188767
H            4.62539273870357        8.46172719414380        4.46390302835901
H            6.49338652503953        6.85337416956606        7.38258064748493
H            6.41381887750623        8.33470649688517        6.40369578869712
H            5.11324509849515        7.95797355408345        7.55882748658756
H           -6.41755802567809       -6.73843991990692        4.18090310554941
H           -8.20188699591482       -6.70613792034738        4.22302075297674
H           -7.36076366252515       -7.92197191212344        3.23547976229927
H           -8.52448909166929       -5.34069037100324        0.66559675689133
H           -8.65906094176158       -7.06592304929194        1.09710840089385
H           -9.48929664746832       -5.84325056391772        2.08742677373354
C           -0.66640863588564       -1.44279993474294       -4.55371290831459
C            0.30097175712000       -1.21985468215900       -5.57076114273937
C           -1.85929380755945       -2.14892798997823       -4.87128813408138
C            0.11156842575101       -1.74987723698661       -6.86246083797822
N            1.43269971862174       -0.43338643937694       -5.23645415992681
C           -2.03699887076557       -2.68314369980127       -6.16521867530508
N           -2.85368963229704       -2.24706028143760       -3.87034974310823
H            0.87236873237982       -1.57218738920578       -7.62788887143848
C           -1.04865689655773       -2.48312525701302       -7.13359163348913
C            2.37810248727037        0.12174962050005       -6.07137147900286
H            1.43753809571696       -0.10841199632619       -4.26810828151676
H           -2.94943752657937       -3.24475371732127       -6.38297829698081
C           -4.07623252656859       -2.88574167434958       -3.93082534196821
H           -2.65372822696244       -1.73698939693183       -3.00573926574686
H           -1.19206789753834       -2.90280685364404       -8.13779846082630
O            2.49871471323284       -0.12883908506345       -7.26467773680917
C            3.26225994639300        1.14218695798514       -5.38686438733490
O           -4.43932216126054       -3.60379309229347       -4.85706370386166
C           -4.96769534306309       -2.60828159323084       -2.74492424302523
C            3.57320142989841        2.39802634651413       -6.16342028882231
H            3.18859549716978        1.24639761081789       -4.29897779765191
C            4.65504108827210        1.35983554357462       -5.97821915846438
C           -5.86233084767956       -3.71335853843185       -2.24515495863225
H           -4.62208331469441       -1.88644059593292       -1.99559872401735
C           -6.47100847250294       -2.59951512290272       -3.06207210046856
H            3.14633676770796        2.47718562269942       -7.16672779021597
H            3.66656429602978        3.32704135554766       -5.59599931665090
H            4.91292869956416        0.74602181887333       -6.84514874169325
C            5.76767818129941        1.67541388105031       -5.02845838128257
H           -5.78219875858940       -4.67896153667499       -2.75137533227103
H           -6.05436223660067       -3.73149367889554       -1.16903110372636
H           -6.72643259958534       -2.83182892273661       -4.10052752270471
C           -7.33084245948009       -1.57221288978844       -2.40335343327120
O            6.94538052580082        1.23030305653429       -5.49869588704860
O            5.62960757015112        2.27254936338019       -3.97748744027643
O           -8.32286063886504       -1.17438654706934       -3.22878387404600
O           -7.18199856718713       -1.14669344066028       -1.27547775575366
C            8.14827363619038        1.47495914743633       -4.71192960681951
C           -9.26249126905605       -0.17603710635126       -2.73896569285078
C            9.07152764491729        0.27588635163916       -4.93470338969090
C            8.75935932631240        2.81334085551149       -5.13660260653907
H            7.83328911186094        1.53356156660419       -3.65242135766236
C           -8.70660209676365        1.22759560477757       -3.01128344132818
C          -10.59659360617936       -0.45383902675345       -3.43070953752398
H           -9.34950348537497       -0.32475094482112       -1.64729212866777
H            8.57073039601641       -0.65308993514190       -4.63180334555926
H            9.35496458943519        0.19397494752784       -5.99511639240629
H            9.99237950118295        0.39169314585448       -4.34711883857884
H            8.05301051304870        3.63321140937609       -4.95385765544132
H            9.67599688410482        3.01413761141055       -4.56518043314862
H            9.02256943064352        2.79896811211767       -6.20553885173206
H           -7.75058155863541        1.37005217765240       -2.48180141112418
H           -8.54502022051784        1.37571047296698       -4.08799832101122
H           -9.41613646219337        1.98974221983434       -2.66030426083687
H          -10.94196048542853       -1.47490997484802       -3.21562656514821
H          -11.36478014991831        0.24873842849889       -3.08074678473078
H          -10.50419274136479       -0.34503133802559       -4.51931514546814
H            4.25925711604531       -6.04184863852617        2.55989274736312
H            0.44013542698951       -7.88615196478746        1.65918338926082
H            1.01995722237865        7.24896580088774       -2.09508363867986
H           -3.28072697482178        7.24313794897670       -1.54064135605496
O            3.42960120618470       -3.54300076703838        1.90352422891425
O           -0.73526827359064       -5.55096127806686        0.92407383499173
O            1.30740638847125        4.63978016783211       -1.35913180654018
O           -3.37414108469433        4.64734785907849       -0.74735320305213
C            4.76230624558558       -3.57371660386402        2.31416888161544
C            5.77692056006689       -3.83856222892498        1.38396167484676
C            5.07458682210544       -3.25990332631841        3.64370967906570
C            7.11515394008910       -3.79569851752829        1.79626442475147
H            5.50788615122569       -4.07038925624780        0.34832389825104
C            6.41671641699738       -3.21845534061449        4.04399991806645
H            4.25965665634077       -3.04740157079122        4.34346095212835
C            7.43860244006664       -3.48783565898204        3.12422100320637
H            7.91201817738144       -4.00152495481681        1.07251612048384
H            6.66671314607808       -2.97304534859181        5.08230056790990
H            8.48935176377655       -3.45575664618688        3.44197350770683
C           -1.70149772707072       -6.54052733555797        1.07401552057252
C           -2.09015857337260       -6.99867517388414        2.34116389761102
C           -2.33972470507566       -7.01212705519042       -0.08140587071883
C           -3.11058688159171       -7.95203498916319        2.44351351854024
H           -1.59422000602492       -6.60234897471400        3.23364776324531
C           -3.36480737616192       -7.95908205032087        0.03544839039214
H           -2.02580275843052       -6.62049765805916       -1.05435775621439
C           -3.74881964037591       -8.43701395095908        1.29471928466285
H           -3.41425846983287       -8.31545792150432        3.43147517697630
H           -3.86591179563204       -8.32790262465604       -0.86607563699124
H           -4.54736392362395       -9.18555941872838        1.38198613875741
C            2.57304216427503        5.19497560499511       -1.23675760725653
C            2.86551689227947        6.25294307297813       -0.36209649692835
C            3.60060771355664        4.57690547604505       -1.96771271407947
C            4.18872470924121        6.69849472683806       -0.23949115358516
H            2.06546170963722        6.71513975713288        0.22463832297409
C            4.91799835599964        5.02515267290664       -1.83057534180518
H            3.35872490910262        3.74097077094788       -2.63165638446656
C            5.21774569654865        6.09242317290036       -0.97170012774501
H            4.41738084350290        7.52646908354115        0.44387848044356
H            5.70331416556794        4.52281140820893       -2.40595088505012
H            6.25028315230326        6.45054719585438       -0.86881378391357
C           -4.65753028840698        5.03936521887941       -1.11013602828710
C           -5.01423419966986        5.25804122891445       -2.44871340932633
C           -5.62063451538671        5.12385385071256       -0.09429581209196
C           -6.33989507658309        5.58222009752251       -2.76231346623699
H           -4.25535957848428        5.16645525656812       -3.23293866313841
C           -6.94431818243362        5.44135654486785       -0.42275239574397
H           -5.31497542034446        4.93011007333570        0.93870906815284
C           -7.30785469103018        5.67765020310393       -1.75442092757414
H           -6.62153792646594        5.75350280132945       -3.80698200265955
H           -7.69808177308050        5.50620048764078        0.36933978922756
H           -8.34581726787571        5.93081736180296       -2.00790479902970
N            1.29522172976787        0.40081604187664        0.25093121701049
C            2.50937159382573        0.76975188908506       -0.02380237078690
C            2.99960947768467        0.42622441580612       -1.31894740137029
C            4.26867259332127        0.74712470576223       -1.70734910236641
C            5.10202115732405        1.46683978320399       -0.86507755336907
C            4.65681836166633        1.79986589462119        0.40291941990892
C            3.40732592769016        1.45215701503788        0.85937756276611
C            3.01317833929895        1.78635149997194        2.26449410621085
C            1.71219827678094        2.59852123242154        2.33129672659103
C            1.76255859796441        3.98538299451153        2.87965568464647
C            2.54646603071080        5.00883808023456        2.28659995164614
C            2.20383610853168        6.24365869278541        2.72360046832745
S            0.96308111547904        6.19805413080570        3.91892944374630
C            0.90123337187066        4.48407047509776        3.80990187528759
H            2.32238899061347       -0.11515638319639       -1.95582796547130
H            4.62159875767171        0.45774819458762       -2.68233900452656
H            6.07812772495215        1.76407575291860       -1.19989391697577
H            5.31134509226600        2.34260299278778        1.06420149963498
H            2.85935949583519        0.84904663433218        2.79796193856341
H            3.82552580651163        2.33095653708625        2.74000188208876
H            1.34551307171252        2.70869434352306        1.30807147442547
H            0.96754214824010        2.03543331943138        2.88393333495893
H            3.31671159863654        4.80651007673056        1.57463524907596
H            2.57531799650132        7.19408214402516        2.39776253897627
H            0.21014192128791        3.96276912885020        4.43863620769519
239
 energy: -392.977664857800 gnorm: 0.010026391494 xtb: 6.7.1 (edcfbbe)
N            0.12935478321970       -1.75023018403242       -0.84393134738432
N           -0.13812520940276       -1.08815997651188        1.91609457115214
C           -0.44511909073929       -0.97507690651607       -3.13258451243045
C           -0.01046782560522       -1.93834509817118       -2.19435879621308
C            0.41360831938097       -3.28012587727652       -2.54830896571736
H            0.39568764181107       -3.68950077193128       -3.55938338201632
C            0.83518939518716       -3.87692299406572       -1.39388409878116
H            1.23507837070224       -4.88267679870569       -1.25825612489943
C            0.62190817397492       -2.92221364035106       -0.32301689499863
C            0.79906327011909       -3.21719445354333        1.04343812639876
C            0.37428249473848       -2.35215182090775        2.07108362790327
C            0.29503821445278       -2.73740089074216        3.46785992790207
H            0.63532714371454       -3.69510117676660        3.86463078186382
C           -0.31318441672068       -1.71025856089063        4.13128953685963
H           -0.56858466921597       -1.63704900053286        5.18921497892050
C           -0.56757077872673       -0.67191753427389        3.15010136645233
C            1.35333079635529       -4.56371389012953        1.42774413265943
C            2.69305017646009       -4.70148301215319        1.86231301246319
C            3.21924763021713       -5.95401924486224        2.22725175705005
C            2.40178721548241       -7.08538273596771        2.14936740144320
H            2.81155556615615       -8.06668210493732        2.42272262841491
C            1.07359602915728       -6.98951086142526        1.72625117162644
C            0.55133328230100       -5.72943087161322        1.37761313600747
N           -0.90914489346526        1.58471638695386        1.19219892966866
N           -0.59466113705114        0.93541201674942       -1.54816252316775
C           -1.14295979874045        0.57918933526693        3.45540343833796
C           -1.23747644504778        1.63705035424778        2.52418649144022
C           -1.62801526058973        2.98761235283292        2.87548416880549
H           -1.95515955583793        3.29747402157907        3.86923587100834
C           -1.48434591524787        3.74854316825128        1.74875327883718
H           -1.67799517826108        4.81405258249777        1.62196177001238
C           -1.07065894575788        2.85467398122927        0.68765023522275
C           -0.94528821755236        3.22948794906697       -0.66325438604071
C           -0.80410567542724        2.28346811844091       -1.69725982097390
C           -1.00176718577392        2.59393707234970       -3.09901933898702
H           -1.18643774898670        3.59468544664115       -3.49119610025743
C           -0.96304930719392        1.40921831212819       -3.77759748221586
H           -1.10520989454618        1.23045821998242       -4.84428296088829
C           -0.67510025005979        0.37633670916517       -2.80068976735356
C           -1.03331069185546        4.68210591892980       -1.04487260930759
C            0.14602110958750        5.38870735727253       -1.38564577811465
C            0.09696360349173        6.73197783856309       -1.80032128745411
C           -1.13842001015837        7.38526591081682       -1.84732249262567
H           -1.18093940817329        8.43643177387689       -2.16161329256595
C           -2.32111514135090        6.72323893773575       -1.50468915765802
C           -2.26729138891508        5.37010430043022       -1.12056414469227
Fe          -0.28083982779630       -0.04391951461462        0.18755845685552
Cl          -2.50136615395558       -0.70248971453899        0.13960340572088
C           -1.73832797088913        0.77963671205117        4.82776645526211
C           -0.98550649096914        1.32440025302624        5.90201687556087
C           -3.09462135786861        0.40727070730224        5.04418936890488
C           -1.57536646699498        1.50035996039064        7.16966141999294
N            0.36048190844247        1.69138015503788        5.64464588659466
C           -3.68091047619340        0.60772771627041        6.31242093041881
N           -3.80720047422791       -0.18537730213149        3.97482841007141
H           -0.97386032039589        1.90793496915191        7.98668174918670
C           -2.91536255453782        1.14503239917909        7.35063892535851
C            1.32696288119072        2.10971749030945        6.53244905676024
H            0.64131367311551        1.59733489585222        4.66671578167707
H           -4.73005195406271        0.33695674847809        6.45553702053777
C           -5.13266380079039       -0.57263424546063        3.94349812007892
H           -3.26948158618078       -0.35070502442986        3.11868880738170
H           -3.37731645346794        1.29002284372145        8.33573430320565
O            1.17116602634113        2.21160298372226        7.74421534048903
C            2.65380837575065        2.44894187005326        5.88752448071715
O           -5.94073826806579       -0.35009217743328        4.83986616547067
C           -5.52824500462276       -1.32407672590636        2.69500171955111
C            3.91015454892087        2.07442860670916        6.63121951439928
H            2.71520886964095        2.45609682778916        4.79513590552506
C            3.47685268541569        3.52047164784689        6.61297720030281
C           -6.88017670910973       -1.03635420341402        2.09085798854165
H           -4.73710758137569       -1.62552016050359        1.99876975952178
C           -6.69287249603866       -2.30445974170708        2.88936588306738
H            3.78973581224927        1.54689734837207        7.58046681660634
H            4.78041668606574        1.80636785144415        6.02861525320770
H            3.03172635482098        3.91262103884303        7.53081862988821
C            4.24979192422362        4.49875194321703        5.78643780920747
H           -7.48208711840397       -0.25925590418477        2.57046147298250
H           -6.95815439913275       -1.12080957232096        1.00340626386302
H           -7.12021728058191       -2.31789881005860        3.89686574359649
C           -6.65267611155408       -3.62147503916012        2.18962476017562
O            4.32915690076467        5.69111552828390        6.39875830560058
O            4.76010475902687        4.24684920963165        4.71072057660162
O           -7.25919035000913       -4.57570111741141        2.92979211524882
O           -6.15773462766310       -3.82775794641761        1.09980061413631
C            5.06499967260091        6.76786752841514        5.74536419317593
C           -7.33097669508842       -5.92362496001336        2.38596950621255
C            4.08232271341218        7.63864806116577        4.95339004631972
C            5.80866744081403        7.52692914622637        6.84305035942115
H            5.77551319773160        6.29050461896260        5.04691071170187
C           -7.32556045608219       -6.87904451575265        3.58036514387037
C           -8.57829866451772       -6.04816076394495        1.50379321375963
H           -6.42701520348972       -6.07116544588683        1.76491165748778
H            3.58439246928906        7.03985815264510        4.17459473068877
H            3.31915335055140        8.06181249361877        5.62046192432933
H            4.61910281615396        8.46669239781188        4.46987041200728
H            6.48673554718667        6.85870643838288        7.38898871224885
H            6.40692053051862        8.34012587071978        6.41026459349347
H            5.10610381927346        7.96273949574965        7.56490451470448
H           -6.41780381321799       -6.73777155025069        4.18123720879429
H           -8.20215620539983       -6.70617438187887        4.22275357680135
H           -7.36022404980775       -7.92155402456015        3.23534889893322
H           -8.52408538335198       -5.34041474278299        0.66539044226514
H           -8.65812929838826       -7.06575016173653        1.09664114949686
H           -9.48917838833020       -5.84352785465324        2.08682753351474
C           -0.66575623314986       -1.43880135251508       -4.55077002731763
C            0.30188368621730       -1.21534557497753       -5.56746617002604
C           -1.85824950599284       -2.14535909642012       -4.86884070784089
C            0.11312595338633       -1.74529118981997       -6.85929073979864
N            1.43320903925331       -0.42849275094577       -5.23266165808850
C           -2.03531049084880       -2.67948233956178       -6.16289406533758
N           -2.85296521938907       -2.24400639653345       -3.86824329860869
H            0.87411564776638       -1.56720596184092       -7.62443895176927
C           -1.04671848620005       -2.47895828700760       -7.13090787280275
C            2.37865579232095        0.12714579940630       -6.06719428509285
H            1.43757602384763       -0.10358030764341       -4.26428480256771
H           -2.94745379079997       -3.24142119016453       -6.38103554935822
C           -4.07521237246089       -2.88315242146169       -3.92922858896210
H           -2.65348617102047       -1.73395960064838       -3.00351060280603
H           -1.18962361455129       -2.89857012593495       -8.13521457779979
O            2.49977983894809       -0.12326908942513       -7.26049468224911
C            3.26216949498200        1.14787653158031       -5.38224489431781
O           -4.43772165474055       -3.60123454354628       -4.85566799482553
C           -4.96720815066503       -2.60618914485711       -2.74358297008236
C            3.57290569653495        2.40388609669621       -6.15856605160405
H            3.18820456795588        1.25179075373887       -4.29431525090667
C            4.65508629763680        1.36611616242103       -5.97309040594779
C           -5.86157350705315       -3.71167841023008       -2.24425964772980
H           -4.62212635894920       -1.88430835427021       -1.99405776777121
C           -6.47040637375596       -2.59797555851647       -3.06124502653994
H            3.14634788254102        2.48299763459796       -7.16200869297776
H            3.66570716464549        3.33285949507992       -5.59100256567725
H            4.91350118055440        0.75251032421009       -6.84004148076691
C            5.76727035261856        1.68211601563350       -5.02280244866964
H           -5.78089317844102       -4.67718675385941       -2.75056977174648
H           -6.05396482485952       -3.73002325992907       -1.16820566456776
H           -6.72539125752057       -2.83025770561037       -4.09981410479616
C           -7.33087444970512       -1.57108630625164       -2.40269358650443
O            6.94530974589390        1.23740357104662       -5.49283151323762
O            5.62864030791422        2.27885853847603       -3.97174918469154
O           -8.32276432811579       -1.17354856333085       -3.22840315401376
O           -7.18257689494028       -1.14565328339800       -1.27471477079597
C            8.14782080072612        1.48240269965744       -4.70571629477087
C           -9.26295017628614       -0.17563283499151       -2.73879133758884
C            9.07164552124895        0.28372817292458       -4.92824262254043
C            8.75855366394829        2.82109480829918       -5.12993736726764
H            7.83238584973910        1.54073451875900       -3.64635768833546
C           -8.70752048546546        1.22825694832094       -3.01074305726884
C          -10.59671130616011       -0.45386851778455       -3.43102076555548
H           -9.35027877962643       -0.32450990991787       -1.64716198722504
H            8.57110521857319       -0.64548197582338       -4.62564029108530
H            9.35546993720588        0.20206928438528       -5.98856994369349
H            9.99224933171225        0.39982653365335       -4.34033406793127
H            8.05182007912174        3.64066289584839       -4.94733092663900
H            9.67491668501170        3.02217877747284       -4.55817840492667
H            9.02212673693513        2.80696315967956       -6.19878519649938
H           -7.75173744246387        1.37102098713724       -2.48091922517809
H           -8.54563080657374        1.37656605786346       -4.08738257185507
H           -9.41747233852654        1.99007836998166       -2.65991113041031
H          -10.94175037196833       -1.47509913937994       -3.21618217442167
H          -11.36529021863381        0.24836203378083       -3.08123360125361
H          -10.50398254421678       -0.34489109831220       -4.51957902264265
H            4.25928584347223       -6.03680528873324        2.56394219320138
H            0.44119843093367       -7.88248662319645        1.66170307575543
H            1.01637082936401        7.25332367422763       -2.09050231294588
H           -3.28449563269641        7.24574439844605       -1.53751349918730
O            3.42887264356276       -3.53819260513177        1.90761336510272
O           -0.73486989715975       -5.54766756803208        0.92648472115121
O            1.30458879121433        4.64416496359592       -1.35477273794503
O           -3.37716969216215        4.64982071765635       -0.74457917468550
C            4.76145797973832       -3.56846023449511        2.31869238667071
C            5.77649376771845       -3.83277842641366        1.38879484173776
C            5.07316142659978       -3.25467748713510        3.64837451799936
C            7.11456906312523       -3.78944801699287        1.80155988118660
H            5.50790023691328       -4.06458479016767        0.35304156420316
C            6.41514238453438       -3.21275584369604        4.04913039611046
H            4.25790546117143       -3.04258667071786        4.34787987168864
C            7.43744561389479       -3.48162291487975        3.12966387697546
H            7.91175932910264       -3.99487287355693        1.07805858521888
H            6.66469047625140       -2.96737534810862        5.08754577753506
H            8.48807338167247       -3.44917448411428        3.44777828754723
C           -1.70076451089714       -6.53762866654265        1.07597820248930
C           -2.08967712260029       -6.99608636399183        2.34293272593184
C           -2.33841555619810       -7.00933617645491       -0.07972008950441
C           -3.10976782537587       -7.94985739923059        2.44481833726744
H           -1.59419876114300       -6.59967613288345        3.23563577859005
C           -3.36316316746593       -7.95670627916300        0.03666805320367
H           -2.02431537049756       -6.61746380909779       -1.05251482698303
C           -3.74741686221888       -8.43494393234428        1.29574981823019
H           -3.41363100432541       -8.31352075267220        3.43263179613869
H           -3.86381620775096       -8.32561196782505       -0.86507085763176
H           -4.54569775092556       -9.18381230684674        1.38264992410571
C            2.56996594053179        5.19984809669471       -1.23188717032311
C            2.86172320695180        6.25782517647042       -0.35700772732634
C            3.59805831548048        4.58221372421015       -1.96253336053357
C            4.18472956666820        6.70385991210415       -0.23389164660353
H            2.06126766349408        6.71962929220001        0.22949534558048
C            4.91522143313276        5.03097409353518       -1.82493380341727
H            3.35673244899724        3.74626751829431       -2.62669992179358
C            5.21423807489739        6.09827014874253       -0.96580495619432
H            4.41284424863769        7.53184119657956        0.44964981304255
H            5.70092526036665        4.52902199453868       -2.40008573636345
H            6.24660649517667        6.45679645143361       -0.86255553351829
C           -4.66058467020399        5.04137847167667       -1.10775005620558
C           -5.01692329469394        5.26007955291843       -2.44641766137376
C           -5.62407259010449        5.12536345980696       -0.09222455355712
C           -6.34260406550961        5.58377808334611       -2.76042718372486
H           -4.25774623994512        5.16888846255683       -3.23039752850565
C           -6.94776453624040        5.44238967341068       -0.42108961720274
H           -5.31868635248569        4.93161598795704        0.94085953221569
C           -7.31093674868340        5.67872014015601       -1.75285277718599
H           -6.62395691066031        5.75507850815270       -3.80517107479463
H           -7.70182322818727        5.50684086019198        0.37075297711822
H           -8.34891626143149        5.93149472170328       -2.00665809944802
N            1.29332604519154        0.40318395403873        0.25808735221479
C            2.51176895233957        0.75007089224142       -0.03555096090799
C            2.98317738340098        0.35745777060380       -1.32936201254622
C            4.25640456975322        0.64401886974683       -1.74477043650238
C            5.10969167457714        1.38212606314644       -0.93195941251505
C            4.68092338458832        1.76432779311979        0.33307993088852
C            3.42898969912842        1.44817053977089        0.81994486901163
C            3.06483412242178        1.81548670610235        2.22901314323691
C            1.73117854937601        2.58327798933861        2.31089028446880
C            1.76399709541846        3.97178249797250        2.86036460199394
C            2.54718369414540        4.99620604316706        2.27561667955911
C            2.21087249191532        6.23006328148894        2.71879047790604
S            0.96126113430665        6.18001554945296        3.90474305608141
C            0.90513443445623        4.46666521325940        3.78921313829742
H            2.28876031111321       -0.20041485371761       -1.93998462337722
H            4.59659299689540        0.30850471353632       -2.71575644486356
H            6.08969374970646        1.65408982398525       -1.28585483463231
H            5.35433857110059        2.32043834660714        0.96937120362168
H            2.96525367672186        0.88365589022915        2.80220255731987
H            3.87471092380463        2.40527801109397        2.66583443604564
H            1.34412577262857        2.68595329510428        1.29161108530660
H            1.00902066736589        1.99423641526376        2.87164487578740
H            3.33136032416300        4.79505485346124        1.57248599985817
H            2.59382298402579        7.18088713187216        2.40216581160641
H            0.20841642619184        3.94682379726431        4.41313079158871
239
 energy: -392.978207515602 gnorm: 0.011293611781 xtb: 6.7.1 (edcfbbe)
N            0.12884552341911       -1.74666359895833       -0.84117908011676
N           -0.13950945508496       -1.08475760034265        1.91877795875739
C           -0.44523142371831       -0.97139492182953       -3.12997089582601
C           -0.01048573940784       -1.93459622835245       -2.19171318872893
C            0.41420582409296       -3.27618739224095       -2.54563853774458
H            0.39668147801767       -3.68550962468755       -3.55674416018806
C            0.83565206000757       -3.87296532082854       -1.39112682622480
H            1.23587318968283       -4.87857935338386       -1.25549848757784
C            0.62182699973149       -2.91834191200313       -0.32031412261527
C            0.79864878351015       -3.21342939408448        1.04626771741786
C            0.37327751825563       -2.34866191354762        2.07378771859800
C            0.29377022679921       -2.73403060055673        3.47055003554149
H            0.63432564977620       -3.69162894718484        3.86732945301387
C           -0.31497676831952       -1.70714481367077        4.13386890505874
H           -0.57067311892469       -1.63410830359073        5.19175502547307
C           -0.56947349739005       -0.66881305594294        3.15274156825437
C            1.35329403729174       -4.55979246868544        1.43056131306038
C            2.69294243642342       -4.69712459393850        1.86548552595474
C            3.21948663064489       -5.94950254890868        2.23046035780407
C            2.40245034021294       -7.08114994673793        2.15226789387330
H            2.81249345253544       -8.06232373049509        2.42565383153467
C            1.07434336573705       -6.98571296533071        1.72880241006387
C            0.55172573543833       -5.72579159543682        1.38012618808970
N           -0.91111969733579        1.58783301291282        1.19494528438217
N           -0.59587439365863        0.93892324788389       -1.54541816940984
C           -1.14543478520918        0.58223791993871        3.45806338648598
C           -1.23990797088094        1.64012147251498        2.52686381626644
C           -1.63112773356025        2.99037517283533        2.87808843292504
H           -1.95867329766859        3.30002115042427        3.87179371488571
C           -1.48743808658456        3.75144882860679        1.75144316426998
H           -1.68140746629112        4.81688096388076        1.62469016520821
C           -1.07316567228246        2.85781365081739        0.69034453623533
C           -0.94754515397580        3.23279045018160       -0.66040441125407
C           -0.80571521808218        2.28681875838303       -1.69447820495544
C           -1.00313559541676        2.59738357614139       -3.09626366844821
H           -1.18804817286346        3.59809468157702       -3.48840117728578
C           -0.96380517016787        1.41273332873088       -3.77491597869186
H           -1.10561457706666        1.23401112028697       -4.84165155727158
C           -0.67574203729541        0.37987628317823       -2.79800944261955
C           -1.03596327826810        4.68538065686869       -1.04195291590142
C            0.14320440101393        5.39243301000957       -1.38234325127492
C            0.09378476416578        6.73571156422479       -1.79692658619958
C           -1.14181944866426        7.38856630168773       -1.84420776624167
H           -1.18462734396837        8.43974082743688       -2.15842456884605
C           -2.32436767142037        6.72609101533274       -1.50194523199535
C           -2.27016920104984        5.37294556355321       -1.11791739287315
Fe          -0.28236937449334       -0.04049149423377        0.19028018651448
Cl          -2.50240922230616       -0.69985760779806        0.14167885325211
C           -1.74118594037967        0.78216917759043        4.83022021834085
C           -0.98883982679324        1.32711690976687        5.90466195990930
C           -3.09739161653273        0.40931754110712        5.04622203624176
C           -1.57908179850039        1.50279095083785        7.17218888912497
N            0.35715559689528        1.69455150258994        5.64770173828683
C           -3.68408243204588        0.60946483091269        6.31431558856324
N           -3.80947627834552       -0.18348924044180        3.97662186848023
H           -0.97794886356731        1.91050397225387        7.98940013946919
C           -2.91899928984419        1.14696335808512        7.35278062938813
C            1.32319592512209        2.11317645326786        6.53579760900091
H            0.63817447680302        1.60076954868441        4.66981697653197
H           -4.73316842103759        0.33831749950226        6.45712856254741
C           -5.13478541354308       -0.57121373559752        3.94491369363378
H           -3.27146363597807       -0.34855754563718        3.12061848923869
H           -3.38127599349561        1.29170991200901        8.33775918314837
O            1.16707834977476        2.21493984238331        7.74752083133205
C            2.65018275186809        2.45292908063985        5.89119383250659
O           -5.94318029944928       -0.34903680905016        4.84107150241274
C           -5.52977110294909       -1.32270051588848        2.69624077704291
C            3.90639711562043        2.07884202761346        6.63525786722241
H            2.71196514083121        2.46018606466182        4.79866326197880
C            3.47256456392393        3.52471801108303        6.61700557319269
C           -6.88164082751318       -1.03540945660034        2.09176179324037
H           -4.73834009213858       -1.62380477285986        2.00020264229325
C           -6.69410053174328       -2.30351164845585        2.89021715608382
H            3.78587204187467        1.55119629131833        7.58443585040130
H            4.77690104934227        1.81113264076244        6.03285603360806
H            3.02705372116605        3.91663015422773        7.53477798324961
C            4.24538926606589        4.50335889459575        5.79074504707950
H           -7.48395519745597       -0.25856683166443        2.57126312058126
H           -6.95929810144970       -1.11980464337865        1.00428634848019
H           -7.12171022802013       -2.31718533100095        3.89759806476652
C           -6.65325034786604       -3.62045810983528        2.19037887715689
O            4.32414856491814        5.69569585105038        6.40320813104082
O            4.75605851953375        4.25173717020944        4.71516625759803
O           -7.25962301136888       -4.57495702401510        2.93030532114511
O           -6.15794541768201       -3.82647495894505        1.10067809749942
C            5.05978208190195        6.77275628142555        5.75010226545797
C           -7.33078608708324       -5.92286547580043        2.38635721284138
C            4.07699878877476        7.64327664255836        4.95792973338125
C            5.80288674604004        7.53200007416478        6.84804722675588
H            5.77065076026525        6.29571046775252        5.05179928578623
C           -7.32535141453911       -6.87837966248086        3.58067755298351
C           -8.57782878448105       -6.04777356203857        1.50383692589976
H           -6.42660773667048       -6.07003302199546        1.76553148616380
H            3.57943310152510        7.04435710452286        4.17905326615676
H            3.31352384822978        8.06609526423196        5.62482318201949
H            4.61362624238170        8.47152781604801        4.47462172338745
H            6.48104508399694        6.86397370505653        7.39411188219923
H            6.40096645801895        8.34543886304642        6.41549208250311
H            5.09997993560582        7.96749453652527        7.56974861940673
H           -6.41780779083591       -6.73683069786625        4.18180194164106
H           -8.20217718283504       -6.70587274705257        4.22284312564529
H           -7.35955267979512       -7.92086900989987        3.23557002689472
H           -8.52363984539831       -5.33994264183155        0.66550789514158
H           -8.65718804995744       -7.06535552160566        1.09658243211387
H           -9.48893284952257       -5.84351282751671        2.08664157561365
C           -0.66529478804298       -1.43511878379207       -4.54823847277891
C            0.30254182414754       -1.21122983626658       -5.56465923845048
C           -1.85744650454629       -2.14207521638369       -4.86668889645619
C            0.11431506960888       -1.74114674661468       -6.85657230482619
N            1.43351869016188       -0.42401631176060       -5.22946920078006
C           -2.03397376770012       -2.67615471812421       -6.16082879799916
N           -2.85241349299706       -2.24115834950140       -3.86635871390186
H            0.87544570273493       -1.56272716789215       -7.62150286671567
C           -1.04519445817806       -2.47520335885725       -7.12856285711569
C            2.37897306746011        0.13205819666576       -6.06370095535957
H            1.43749661771364       -0.09913739465529       -4.26107018904204
H           -2.94585792658562       -3.23839904250379       -6.37926239739918
C           -4.07439358485439       -2.88072739250256       -3.92773506793591
H           -2.65333713544804       -1.73110640269705       -3.00153940693387
H           -1.18768071465942       -2.89478322298177       -8.13293924603449
O            2.50051101638820       -0.11824003224239       -7.25699628457973
C            3.26195371242820        1.15308470406394       -5.37838325614879
O           -4.43641390214402       -3.59886625955746       -4.85431831489588
C           -4.96682478351386       -2.60417842451732       -2.74229363446218
C            3.57243352820410        2.40921011139461       -6.15458538613050
H            3.18782522823218        1.25663391894993       -4.29037921182042
C            4.65494476867645        1.37185248722063       -5.96888837019740
C           -5.86092465041953       -3.71002559526941       -2.24330304125218
H           -4.62219506196980       -1.88223774057178       -1.99262517468598
C           -6.46993412427017       -2.59647290338659       -3.06036243511170
H            3.14611868288443        2.48824022359158       -7.15813779344237
H            3.66475302398725        3.33816130029831       -5.58693253103033
H            4.91379316439505        0.75838168470810       -6.83583724195846
C            5.76673495609848        1.68818641549351       -5.01821600621130
H           -5.77976913076359       -4.67546158304174       -2.74966650238940
H           -6.05359973017557       -3.72852552910474       -1.16730618405996
H           -6.72455989358733       -2.82876189072436       -4.09901503817340
C           -7.33094550813547       -1.56994261668458       -2.40195738595140
O            6.94508194317752        1.24386159953013       -5.48801756604561
O            5.62763258552799        2.28471194802486       -3.96716757209054
O           -8.32275450737281       -1.17269136277397       -3.22789702356093
O           -7.18310141451968       -1.14454985350879       -1.27390919846040
C            8.14728174151955        1.48921272431961       -4.70061163466477
C           -9.26342476777409       -0.17514924888804       -2.73846280595270
C            9.07160292133333        0.29089330566282       -4.92295928212133
C            8.75766784401236        2.82816593777080       -5.12453290450601
H            7.83154393077673        1.54732834687256       -3.64132640893129
C           -8.70842309668151        1.22896019631051       -3.01015143786243
C          -10.59690516079202       -0.45380395817426       -3.43107145498360
H           -9.35099563967374       -0.32414438354568       -1.64686765556260
H            8.57131281613780       -0.63852042106428       -4.62057822640455
H            9.35573676644149        0.20942253554372       -5.98321584618710
H            9.99200375386291        0.40726949107373       -4.33479949644128
H            8.05059299236592        3.64746180268258       -4.94204968976756
H            9.67380067705420        3.02953155931527       -4.55251497177158
H            9.02152611976224        2.81421633905352       -6.19331057637931
H           -7.75283441874340        1.37202033064722       -2.48006105672126
H           -8.54629787204913        1.37741181163673       -4.08673211387207
H           -9.41873851353983        1.99049701628094       -2.65944942640204
H          -10.94163612792175       -1.47517063045259       -3.21640803480692
H          -11.36582350641379        0.24812115188946       -3.08143541363244
H          -10.50392197496737       -0.34470742264185       -4.51959167872491
H            4.25946214181305       -6.03194831773616        2.56742756872304
H            0.44227974942891       -7.87890720255488        1.66401320272408
H            1.01307927609759        7.25740853821647       -2.08682371985481
H           -3.28792667414243        7.24825623015110       -1.53498491356578
O            3.42833589080419       -3.53356965949448        1.91110046864148
O           -0.73442190580806       -5.54444996473948        0.92866901852746
O            1.30202890274209        4.64830522823426       -1.35122769750586
O           -3.37989708970724        4.65223647310109       -0.74228325081620
C            4.76083077638190       -3.56341884634592        2.32250711101472
C            5.77621156369095       -3.82728572888034        1.39286076976046
C            5.07206483014307       -3.24962693946056        3.65229795800591
C            7.11415736841992       -3.78351898708431        1.80599269288770
H            5.50797551446122       -4.05910618465201        0.35702357058380
C            6.41392538355816       -3.20725582752908        4.05341912715465
H            4.25654081392684       -3.03788225442117        4.35160370611912
C            7.43656895827094       -3.47568561034560        3.13420497689210
H            7.91161420654449       -3.98860305665820        1.08269077704897
H            6.66310681901774       -2.96186999396807        5.09192071009342
H            8.48709758303029       -3.44289285559701        3.45260652945451
C           -1.70000600100258       -6.53476395411702        1.07782565682302
C           -2.08909675490707       -6.99346289451781        2.34463414632400
C           -2.33718194981360       -7.00660668984254       -0.07808213861516
C           -3.10887623879439       -7.94760318018121        2.44616893793871
H           -1.59399982838199       -6.59694800541444        3.23750203492746
C           -3.36161936880144       -7.95434858561119        0.03795490915066
H           -2.02295874457762       -6.61454479724998       -1.05075847901616
C           -3.74604102385402       -8.43282321438082        1.29689563808003
H           -3.41287276144263       -8.31145282719381        3.43387267886953
H           -3.86189890768313       -8.32336003990876       -0.86394650315040
H           -4.54407893159927       -9.18198157928182        1.38351801372257
C            2.56715522652147        5.20443425152415       -1.22798793776714
C            2.85830247089102        6.26249167075758       -0.35298434676805
C            3.59569286510087        4.58719632647326       -1.95835127005787
C            4.18113866550041        6.70894214779501       -0.22942918300212
H            2.05754095725363        6.72389963207978        0.23342671919206
C            4.91265858086549        5.03642795124797       -1.82039570233615
H            3.35485492893103        3.75121964593529       -2.62267094295908
C            5.21107406672719        6.10373524696819       -0.96105943199292
H            4.40877995844706        7.53692792668108        0.45426577442167
H            5.69870392493592        4.53478640595225       -2.39534147095048
H            6.24328492114680        6.46263672142122       -0.85752889758045
C           -4.66335080385727        5.04336673186341       -1.10576990143526
C           -5.01941081097740        5.26204908552339       -2.44451116643996
C           -5.62714490941901        5.12692756358361       -0.09049404987271
C           -6.34512192757943        5.58530221283205       -2.75884704639913
H           -4.25999132921336        5.17119136659257       -3.22829468846791
C           -6.95085615488015        5.44351117100165       -0.41968611861100
H           -5.32196419408623        4.93320838793463        0.94265571148377
C           -7.31375129807629        5.67983183704537       -1.75152789767343
H           -6.62625313341798        5.75658534740219       -3.80365422790970
H           -7.70515013812651        5.50763066965323        0.37195843736381
H           -8.35175606337049        5.93224385881553       -2.00558895827666
N            1.29343806096721        0.40285280011347        0.25481876610582
C            2.51687309691453        0.72514027145986       -0.05070249601691
C            2.97621836165551        0.29462896357419       -1.33801257006947
C            4.25058385880403        0.55485471547324       -1.76895151142795
C            5.11726308723417        1.30455861163442       -0.97899559362663
C            4.69939422648742        1.72430827110887        0.27791463999704
C            3.44616080826667        1.43485131985049        0.78334850825943
C            3.10295037166497        1.83340001820329        2.19192090661208
C            1.75309437628102        2.56810753976187        2.28817529836625
C            1.76976372361605        3.95619436835804        2.84416145762971
C            2.55678262555448        4.98643567123530        2.27055809511860
C            2.21473025751302        6.21732930579648        2.71815756223672
S            0.97045888318445        6.15789909111349        3.90484629805942
C            0.90227186720707        4.44447622240691        3.77163432688842
H            2.27171048629254       -0.27313710675785       -1.92904113778875
H            4.57949968616087        0.19039677586136       -2.73215023326826
H            6.10018267560656        1.55630795411060       -1.34294572142564
H            5.38451818907941        2.29135368859216        0.89433590688675
H            3.04601855496614        0.91331495314660        2.79452185528243
H            3.90908002951488        2.46249026147268        2.59738221404893
H            1.35296788492681        2.66434397098117        1.27292366317062
H            1.04739983187650        1.96178867646569        2.84953867201509
H            3.33579809967818        4.79058504029747        1.56358265975762
H            2.59230196126967        7.16849490325419        2.40434443872010
H            0.20237072040926        3.92394166888692        4.39168275521658
239
 energy: -392.978821025900 gnorm: 0.007595875825 xtb: 6.7.1 (edcfbbe)
N            0.12847006963332       -1.74316316416862       -0.83885308173785
N           -0.14054376087439       -1.08114960197478        1.92096769526534
C           -0.44536976078624       -0.96783376181978       -3.12779597504077
C           -0.01050665229977       -1.93088550857829       -2.18948258243940
C            0.41471805532108       -3.27237856136187       -2.54333764307962
H            0.39751587665384       -3.68168454780493       -3.55446064399770
C            0.83607782771287       -3.86910364684366       -1.38876331050760
H            1.23663095154879       -4.87455585239825       -1.25309435816861
C            0.62183278100616       -2.91441269613907       -0.31805099752999
C            0.79841909181534       -3.20960195705549        1.04869952072407
C            0.37258883319181       -2.34507465937486        2.07607403092564
C            0.29290084974031       -2.73044762204910        3.47281266135300
H            0.63369419362658       -3.68793092847558        3.86965086464781
C           -0.31630554269492       -1.70371168155670        4.13600924678058
H           -0.57221613020886       -1.63084072330503        5.19388714583799
C           -0.57095007592196       -0.66551991723169        3.15494645636353
C            1.35342362184980       -4.55580661920477        1.43299495740727
C            2.69302684277332       -4.69273007990081        1.86818801631976
C            3.21989395035495       -5.94494812244643        2.23322967012703
C            2.40323707982719       -7.07685257858166        2.15484793647305
H            2.81353786694092       -8.05789929584109        2.42828759604406
C            1.07519071319342       -6.98182203894254        1.73112374322691
C            0.55224010820160       -5.72206014235663        1.38238146035380
N           -0.91257117465926        1.59106010437488        1.19714608150917
N           -0.59703475828419        0.94243919902367       -1.54323176506483
C           -1.14751393393197        0.58565360423461        3.46035580852871
C           -1.24191202265985        1.64344182709862        2.52901404715558
C           -1.63383808274713        2.99345280538936        2.88010013837181
H           -1.96159850760610        3.30289017509343        3.87378088538386
C           -1.49008082367769        3.75455191052326        1.75351789926873
H           -1.68430005768958        4.81988133056219        1.62673978961936
C           -1.07528665864716        2.86105839944167        0.69238697117797
C           -0.94950764132027        3.23614949987448       -0.65813796724993
C           -0.80715074091251        2.29011451243004       -1.69230674139707
C           -1.00440011753552        2.60074715766274       -3.09408802226956
H           -1.18954411385004        3.60139450211418       -3.48623804802131
C           -0.96454026551396        1.41610315748977       -3.77276447003295
H           -1.10608618420224        1.23738627621241       -4.83953104715054
C           -0.67633351134412        0.38332757070840       -2.79585144682436
C           -1.03828649076119        4.68866806193843       -1.03973561131811
C            0.14070444029608        5.39611796184439       -1.37985736116950
C            0.09095125890285        6.73937752821396       -1.79441883994732
C           -1.14485510172579        7.39184405447488       -1.84192791555825
H           -1.18793448600795        8.44301026954904       -2.15612234605480
C           -2.32724956636588        6.72898101224580       -1.49991973408665
C           -2.27270122936695        5.37584308676761       -1.11592107153651
Fe          -0.28328162926714       -0.03700912829118        0.19232980906651
Cl          -2.50319078935536       -0.69710859720330        0.14344975944254
C           -1.74344689322949        0.78502958655591        4.83222082210666
C           -0.99147618706560        1.33019660495378        5.90676965958543
C           -3.09956077848803        0.41177160569492        5.04792404784412
C           -1.58199519047221        1.50568408549083        7.17422334462933
N            0.35456942884721        1.69799242142698        5.65007060420446
C           -3.68654539010821        0.61169789397898        6.31591256237771
N           -3.81123922243985       -0.18121575401543        3.97816814742971
H           -0.98117004210711        1.91356176579363        7.99155494344551
C           -2.92183500419566        1.14942088336916        7.35454049064125
C            1.32019027689708        2.11691953710667        6.53843890284286
H            0.63565646569410        1.60449787477183        4.67218691045274
H           -4.73557515039719        0.34022174186408        6.45851144169116
C           -5.13641185999241       -0.56936605153229        3.94619890057834
H           -3.27300031203599       -0.34609265410797        3.12227069605766
H           -3.38436153064488        1.29399038325627        8.33942424238584
O            1.16384988503665        2.21866480947731        7.75009611175046
C            2.64729764334213        2.45714895773269        5.89407718694582
O           -5.94505123600862       -0.34747875836130        4.84218640036123
C           -5.53091566594197       -1.32094598736676        2.69741406302438
C            3.90340739265292        2.08348637767547        6.63838848786818
H            2.70926221725130        2.46447201727395        4.80144607355982
C            3.46908710235342        3.52922179144625        6.62008453147541
C           -6.88275613735750       -1.03406901054917        2.09268368860700
H           -4.73925301153426       -1.62177509983767        2.00153373715527
C           -6.69496882045355       -2.30213434692013        2.89114045039697
H            3.78284219941411        1.55578456539885        7.58752130623101
H            4.77410823221263        1.81606624466674        6.03613889021635
H            3.02328595412462        3.92096066290979        7.53778760551307
C            4.24180117854629        4.50814490475127        5.79396293740225
H           -7.48541148709100       -0.25743934739684        2.57208240562592
H           -6.96017401370091       -1.11845858468970        1.00519829776787
H           -7.12277197738776       -2.31597335116514        3.89842996466451
C           -6.65356250780963       -3.61904589233508        2.19126931735557
O            4.32000232885423        5.70051088295085        6.40652728139921
O            4.75272445083984        4.25673266975499        4.71854655058102
O           -7.25977619943182       -4.57375448364266        2.93105157524825
O           -6.15798165911870       -3.82487142303887        1.10167483950113
C            5.05543776893464        6.77779265579091        5.75359298782019
C           -7.33040367290724       -5.92167877245686        2.38705124915456
C            4.07254668961179        7.64805017028637        4.96122381451601
C            5.79808960828003        7.53725130319301        6.85170672691661
H            5.76659938948657        6.30099838490505        5.05542411187792
C           -7.32490123730687       -6.87722286991232        3.58134831095673
C           -8.57723607435460       -6.04695649481293        1.50428576376442
H           -6.42606065925888       -6.06853392697082        1.76640599680385
H            3.57530883430994        7.04900441615713        4.18223306621719
H            3.30881615537424        8.07056937156321        5.62798480180057
H            4.60901149576731        8.47645288738006        4.47807070492220
H            6.47635161261268        6.86942330355771        7.39788410836904
H            6.39599763396291        8.35087860721083        6.41930185890083
H            5.09491223013724        7.97248474030611        7.57328334933277
H           -6.41752518791181       -6.73539744459855        4.18265088865406
H           -8.20190260105132       -6.70501385438899        4.22334135611574
H           -7.35870351713209       -7.91970427279951        3.23620843212208
H           -8.52310412263765       -5.33908812869443        0.66599144734853
H           -8.65618965983409       -7.06454660552935        1.09698955982885
H           -9.48851130957077       -5.84300645438859        2.08691241353033
C           -0.66497891753006       -1.43161833774249       -4.54610787351336
C            0.30298400637231       -1.20738541999058       -5.56233558360934
C           -1.85683840315049       -2.13894390463683       -4.86481758609662
C            0.11517873523722       -1.73733024567718       -6.85429275842883
N            1.43367372040476       -0.41982124323590       -5.22688239247387
C           -2.03294310669447       -2.67303887438646       -6.15900060295396
N           -2.85199284077093       -2.23837323903442       -3.86467569447111
H            0.87639961017714       -1.55864647142293       -7.61907053592970
C           -1.04404159272088       -2.47174897853470       -7.12653702881628
C            2.37909490871863        0.13658450498291       -6.06090268691531
H            1.43733621580148       -0.09495226241462       -4.25846961098663
H           -2.94460338796914       -3.23556662312775       -6.37763189232097
C           -4.07372267150670       -2.87832382995350       -3.92632619641955
H           -2.65323148642009       -1.72827917315152       -2.99981411074385
H           -1.18619576039067       -2.89134332389766       -8.13094818773013
O            2.50095135133655       -0.11363768232968       -7.25418495793413
C            3.26167386336890        1.15792314131115       -5.37529166440854
O           -4.43535337543908       -3.59655156719133       -4.85298199962309
C           -4.96650010319743       -2.60209468559809       -2.74103390314978
C            3.57182823088711        2.41411138608131       -6.15150554970741
H            3.18752735272690        1.26102655160751       -4.28717288967170
C            4.65465702050571        1.37715664069341       -5.96563347141551
C           -5.86033537984707       -3.70824014235453       -2.24225591651292
H           -4.62224055532009       -1.88006838445859       -1.99128984092909
C           -6.46954200438289       -2.59485560591655       -3.05940579976645
H            3.14569215470145        2.49302407648328       -7.15514276719175
H            3.66374426789707        3.34307208386627       -5.58383229000811
H            4.91384616883881        0.76374801264267       -6.83255147008316
C            5.76611413201419        1.69372702432769       -5.01482899149613
H           -5.77877921353942       -4.67362944148361       -2.74862541941153
H           -6.05321825949491       -3.72683113162429       -1.16630563059182
H           -6.72389081368135       -2.82719921733844       -4.09810760811459
C           -7.33100795306096       -1.56862418715765       -2.40113743207761
O            6.94472989640155        1.24980516400212       -5.48428852554164
O            5.62661691938164        2.29025798302634       -3.96385688574563
O           -8.32278222295946       -1.17166557393067       -3.22725900260610
O           -7.18352321744930       -1.14321686456048       -1.27305950160090
C            8.14669780262160        1.49551794233782       -4.69666386574545
C           -9.26386579170098       -0.17443385940509       -2.73798752055852
C            9.07144662462679        0.29750949214503       -4.91885901871472
C            8.75674759785242        2.83468415616095       -5.12042366077301
H            7.83074241751677        1.55351266715920       -3.63743801533346
C           -8.70926198900860        1.22985595747371       -3.00952785737984
C          -10.59712695463001       -0.45349796479615       -3.43086576047410
H           -9.35160573962254       -0.32349103217059       -1.64641497538456
H            8.57139744560823       -0.63207000539647       -4.61661444160154
H            9.35581391503583        0.21615321711132       -5.97905526462723
H            9.99168786844879        0.41415709764054       -4.33052049327796
H            8.04937664870566        3.65373853943035       -4.93805473356947
H            9.67269377764281        3.03632717567031       -4.54822358065063
H            9.02081565844339        2.82084778448591       -6.18914442493327
H           -7.75382557641626        1.37320473137787       -2.47924818794607
H           -8.54697382351443        1.37838773182455       -4.08606587645726
H           -9.41988646163723        1.99115000633628       -2.65894688327422
H          -10.94156826811225       -1.47497351938080       -3.21629984536260
H          -11.36633048007510        0.24816455281806       -3.08136411683937
H          -10.50396253778912       -0.34434335147268       -4.51935638432533
H            4.25982680598942       -6.02707318431373        2.57040464453050
H            0.44342380146193       -7.87521466484801        1.66618603584556
H            1.01012631248334        7.26138052249278       -2.08412697015239
H           -3.29097148733324        7.25083829752673       -1.53313183772693
O            3.42803365845133       -3.52893878089352        1.91401461847586
O           -0.73388045522631       -5.54111785093773        0.93067599145832
O            1.29977879923226        4.65236294605909       -1.34855603276379
O           -3.38227373058897        4.65477133631936       -0.74052012489859
C            4.76047141975597       -3.55839524322317        2.32564591260505
C            5.77611811949288       -3.82189150398038        1.39619533442274
C            5.07134048836429       -3.24452840145537        3.65550670909954
C            7.11396192055555       -3.77771485198261        1.80959867363889
H            5.50815724340901       -4.05377051159744        0.36030804853192
C            6.41310695912115       -3.20173867082589        4.05689354471746
H            4.25560814344585       -3.03307586307036        4.35466026327250
C            7.43601386511263       -3.46981655906685        3.13787537147916
H            7.91162546174162       -3.98252624840133        1.08645065929212
H            6.66200352376600       -2.95630293266462        5.09545000055211
H            8.48646517525751       -3.43670117708945        3.45648938046035
C           -1.69917655715347       -6.53174052129804        1.07961685193999
C           -2.08837332975692       -6.99060073149349        2.34632806208286
C           -2.33597944135323       -7.00375770171132       -0.07642948199662
C           -3.10786760433473       -7.94506723848003        2.44763286031326
H           -1.59357950461205       -6.59395255687032        3.23930249236912
C           -3.36012898450684       -7.95182594457959        0.03937943754781
H           -2.02168715680823       -6.61156896421646       -1.04902778819975
C           -3.74464562613987       -8.43045677573356        1.29823171195346
H           -3.41193861837154       -8.30903939587832        3.43526865393212
H           -3.86011292506243       -8.32097249594546       -0.86262744841599
H           -4.54246052796182       -9.17987126236839        1.38466956538872
C            2.56464519795156        5.20889579677499       -1.22513006392845
C            2.85531259332608        6.26710793612075       -0.35008393529744
C            3.59355803189772        4.59201217341147       -1.95522150157543
C            4.17801771794298        6.71391840707741       -0.22616790539489
H            2.05431810428023        6.72812784343244        0.23635381666796
C            4.91035704209629        5.04166587002358       -1.81701993375813
H            3.35313381814757        3.75598702031371       -2.61961467855144
C            5.20830080761940        6.10898523429693       -0.95753724686500
H            4.40523613385504        7.54190494422668        0.45766125029968
H            5.69669472745942        4.54025596299746       -2.39178015921397
H            6.24036432650733        6.46823169261244       -0.85380405986315
C           -4.66578200164149        5.04549918719403       -1.10425277964489
C           -5.02165135700290        5.26410574799675       -2.44304983727720
C           -5.62980706139292        5.12872372547341       -0.08916178661736
C           -6.34740359475021        5.58694457985690       -2.75763188653877
H           -4.26205013032002        5.17351234292436       -3.22668507242228
C           -6.95354597815321        5.44489516802760       -0.41860159804615
H           -5.32476354887727        4.93507594443367        0.94403983854010
C           -7.31625128271926        5.68114586044773       -1.75050958933407
H           -6.62837979219263        5.75816598749346       -3.80249198120232
H           -7.70801546139835        5.50875187653237        0.37289409012401
H           -8.35428883967597        5.93322392180870       -2.00476062664292
N            1.29524775363077        0.40488057061349        0.24607092824144
C            2.52463386434438        0.69854924327362       -0.06734972643738
C            2.97882428960264        0.23597259148129       -1.34392440102486
C            4.25323397289332        0.47751434258008       -1.78188600692890
C            5.12936729818147        1.23561130930624       -1.00903152849689
C            4.71679979214263        1.68705378773889        0.23585067287838
C            3.46212683518255        1.41834254845622        0.74951721816611
C            3.13097045193115        1.84171682543991        2.15298563356586
C            1.77145004905343        2.55114768243357        2.26373294662535
C            1.77384524458078        3.93890607174485        2.82677625758616
C            2.55255448882716        4.98072815627294        2.26319753040200
C            2.20439183086561        6.20643306053960        2.72262699397269
S            0.96801852247512        6.12486446556514        3.91584699208119
C            0.90447457573576        4.41395788694075        3.76058900004379
H            2.27182327293722       -0.34252899527798       -1.92125113998875
H            4.57511372012779        0.08697357713045       -2.73555880917818
H            6.11718118808810        1.46880570545714       -1.37447172397742
H            5.40782648068953        2.26108707885953        0.83873196453331
H            3.10660652136910        0.93717995396864        2.77064036384694
H            3.92788160451495        2.48580373221192        2.53416170877089
H            1.35506621657441        2.63993207914243        1.25349653867247
H            1.08063767613086        1.92875141645868        2.82581890841700
H            3.32981631810721        4.79727281473223        1.54600503698690
H            2.57809761405499        7.16187075352262        2.41576739553852
H            0.21018633536695        3.88734445773678        4.37753233965888
239
 energy: -392.979243903937 gnorm: 0.009447528150 xtb: 6.7.1 (edcfbbe)
N            0.12813432745604       -1.73884359909410       -0.83611514803600
N           -0.14156057858496       -1.07670119740033        1.92355587379566
C           -0.44542682011032       -0.96354507505131       -3.12521207368812
C           -0.01047812875643       -1.92647478004884       -2.18680638589820
C            0.41540958627563       -3.26782180278912       -2.54058190823530
H            0.39861249153289       -3.67708141065176       -3.55172406192798
C            0.83675653304180       -3.86439224493861       -1.38593982042705
H            1.23765702970964       -4.86966670221716       -1.25016984384081
C            0.62184163087685       -2.90972948307690       -0.31526635459140
C            0.79827374553344       -3.20491517613909        1.05156943460427
C            0.37191583804481       -2.34061450527398        2.07887277989287
C            0.29204901782315       -2.72599082658683        3.47550800710212
H            0.63307732499388       -3.68334082043301        3.87245860871916
C           -0.31773578375401       -1.69940635553056        4.13858418214235
H           -0.57390304775772       -1.62674719457563        5.19643118252280
C           -0.57248130219562       -0.66147952679877        3.15747336848163
C            1.35370443241013       -4.55091291301428        1.43594187878302
C            2.69325421041010       -4.68734863060358        1.87144038009912
C            3.22051073274637       -5.93936383399287        2.23659328595420
C            2.40429976048439       -7.07157689631267        2.15800628535838
H            2.81490907623042       -8.05247007115576        2.43152589682104
C            1.07632004397747       -6.97703772134777        1.73397802899049
C            0.55297122365593       -5.71746878771157        1.38513690750642
N           -0.91421591171195        1.59501115340250        1.19967091899799
N           -0.59830439251356        0.94667421745923       -1.54067252050982
C           -1.14970012941520        0.58976886893700        3.46295909380297
C           -1.24403761095691        1.64744492220308        2.53153540475934
C           -1.63682942446253        2.99713864625521        2.88246239851641
H           -1.96493695953006        3.30650503448701        3.87606838986027
C           -1.49308359809682        3.75835737995996        1.75587379093971
H           -1.68762791185857        4.82360306612132        1.62912170078127
C           -1.07765554971543        2.86508547843185        0.69485166738685
C           -0.95169956443519        3.24022829105779       -0.65554873372183
C           -0.80874754769115        2.29419728481089       -1.68978265153617
C           -1.00580092181447        2.60482202668978       -3.09157493048897
H           -1.19122182810739        3.60539914079083       -3.48375164659879
C           -0.96531873838406        1.42018577915851       -3.77025692062906
H           -1.10655409534393        1.24145043688353       -4.83705961017855
C           -0.67695467533011        0.38751176525566       -2.79332554451957
C           -1.04093984239705        4.69268914839251       -1.03719241637311
C            0.13785456446435        5.40059575287380       -1.37702319957246
C            0.08768701463598        6.74384206387825       -1.79157853098537
C           -1.14835740147991        7.39584332184989       -1.83936201117017
H           -1.19176292456853        8.44699680769100       -2.15354970741439
C           -2.33057233260628        6.73252441929915       -1.49763637215420
C           -2.27559666068430        5.37940185116161       -1.11364842013823
Fe          -0.28385123286427       -0.03261714883384        0.19459780809243
Cl          -2.50400840470782       -0.69371184813707        0.14554912212459
C           -1.74594819377778        0.78866070766856        4.83447880781172
C           -0.99447231281326        1.33411683434597        5.90927724097456
C           -3.10198715635693        0.41491316617508        5.04992001244725
C           -1.58531341953194        1.50936062754580        7.17659295088935
N            0.35159103522791        1.70233508495102        5.65280454148535
C           -3.68932857132235        0.61459499053595        6.31778355790810
N           -3.81318164598830       -0.17831271796000        3.97999944201059
H           -0.98484925006260        1.91746091363499        7.99406341126728
C           -2.92506985263084        1.15259556959283        7.35659166910594
C            1.31677720996487        2.12162746528324        6.54152423359960
H            0.63287156479874        1.60906835391958        4.67492951978240
H           -4.73829257807076        0.34272367628956        6.46013400186142
C           -5.13821419934574       -0.56697566425134        3.94771526741967
H           -3.27469065429454       -0.34298049677343        3.12421693670562
H           -3.38787939039594        1.29697310707596        8.34136812573330
O            1.16013260267518        2.22337051032158        7.75308482107114
C            2.64399810072511        2.46239400644829        5.89744029384480
O           -5.94713137041510       -0.34540680912274        4.84352020649505
C           -5.53213535062188       -1.31867643021229        2.69883051340692
C            3.89997792207735        2.08923468111827        6.64204749350507
H            2.70616875707099        2.46986910915495        4.80471576548111
C            3.46511136855671        3.53481854423523        6.62365831355320
C           -6.88394946974920       -1.03230204964998        2.09379646718162
H           -4.74020360975415       -1.61919571080202        2.00312971628090
C           -6.69586641230097       -2.30031434792589        2.89227719135887
H            3.77938250948980        1.56149012395560        7.59113614315430
H            4.77090151895578        1.82220274136602        6.03999637249513
H            3.01893260519389        3.92639309588094        7.54124672161329
C            4.23770020488897        4.51402768825715        5.79767405222405
H           -7.48700742204158       -0.25591464996916        2.57306847438364
H           -6.96108557563429       -1.11670577721771        1.00629681320149
H           -7.12389452110534       -2.31432654538307        3.89946345529260
C           -6.65380067512055       -3.61718545699917        2.19238730660504
O            4.31521318614398        5.70647429987116        6.41034689871831
O            4.74891683685594        4.26289393384250        4.72242030514238
O           -7.25982722585893       -4.57213695421784        2.93202745801318
O           -6.15789644669835       -3.82281157341065        1.10291516796589
C            5.05037827548440        6.78403781871478        5.75756350613032
C           -7.32981896400967       -5.92008770108524        2.38797669274386
C            4.06731149108912        7.65394557178329        4.96493035085004
C            5.79250616440643        7.54375589744004        6.85587724546553
H            5.76190768647918        6.30750962335765        5.05958118722178
C           -7.32423145034671       -6.87564495036901        3.58226397919029
C           -8.57640364174312       -6.04581598090738        1.50492852038852
H           -6.42528203920168       -6.06658216547967        1.76754673684079
H            3.57045782162216        7.05477109110514        4.18573137875961
H            3.30331553072731        8.07612694972016        5.63159657552350
H            4.60363289299781        8.48253228770852        4.48198132902713
H            6.47089662768615        6.87617159492147        7.40220229011212
H            6.39021593225611        8.35759993011433        6.42363748619714
H            5.08900985954334        7.97868704137003        7.57731001380906
H           -6.41705006127421       -6.73348320271216        4.18377490023817
H           -8.20144423468528       -6.70377700360397        4.22405376554664
H           -7.35756263079422       -7.91812837915144        3.23710034536141
H           -8.52234446704368       -5.33791571764909        0.66666022221679
H           -8.65487884207245       -7.06342737306103        1.09759778347170
H           -9.48788503809139       -5.84222282546071        2.08734592158696
C           -0.66450341797805       -1.42740330350605       -4.54357544024523
C            0.30361005478911       -1.20277550160821       -5.55957725667877
C           -1.85602831113391       -2.13516499121589       -4.86256867130705
C            0.11629701564505       -1.73277620544877       -6.85158203898547
N            1.43392997410501       -0.41480936144933       -5.22384171876945
C           -2.03162718223283       -2.66930327349971       -6.15680015088793
N           -2.85137068666376       -2.23498785309942       -3.86265622899554
H            0.87762754720044       -1.55378653489040       -7.61618177570962
C           -1.04258174347276       -2.46762558724643       -7.12410692313261
C            2.37930955224445        0.14197827450853       -6.05765218312296
H            1.43727095855579       -0.08993471292777       -4.25540578402733
H           -2.94302579739686       -3.23216991264129       -6.37565023329988
C           -4.07284483930951       -2.87539627324797       -3.92459616250760
H           -2.65300226826739       -1.72483108058025       -2.99773984634418
H           -1.18434546018931       -2.88725324633512       -8.12855541668081
O            2.50155392681947       -0.10819019171181       -7.25090087526703
C            3.26139826994000        1.16363831019700       -5.37178958179597
O           -4.43399048036537       -3.59374490543975       -4.85134423182916
C           -4.96599526065628       -2.59952530208164       -2.73950153943319
C            3.57123193853271        2.41993362924399       -6.14793426433177
H            3.18699692080661        1.26663881975922       -4.28364777398925
C            4.65443209462153        1.38341122620886       -5.96179298353351
C           -5.85952567314260       -3.70601695473218       -2.24094662469021
H           -4.62218157117676       -1.87738248292066       -1.98966918568124
C           -6.46897294823949       -2.59284225876387       -3.05822138537809
H            3.14528244762673        2.49872314396105       -7.15166387808688
H            3.66266238975803        3.34892816879721       -5.58022907760187
H            4.91402028847319        0.77011881558999       -6.82869332037178
C            5.76548649831360        1.70028236810765       -5.01064361895939
H           -5.77749244710728       -4.67136181282091       -2.74731309846204
H           -6.05264913535727       -3.72469484073264       -1.16504529196667
H           -6.72299030030338       -2.82527161949028       -4.09698170469815
C           -7.33096445648010       -1.56696184819686       -2.40012664083577
O            6.94442007929220        1.25692418915990       -5.47993180155944
O            5.62553496290611        2.29676309766749       -3.95971145298359
O           -8.32270631299385       -1.17036076404859       -3.22648067517561
O           -7.18390800900017       -1.14151044941757       -1.27201805135840
C            8.14610657664289        1.50308801130581       -4.69204119169001
C           -9.26428119803745       -0.17348348288961       -2.73740021563816
C            9.07136043809180        0.30543201753419       -4.91403566388485
C            8.75574955857657        2.84249001147697       -5.11563048923474
H            7.82988260473740        1.56101992568618       -3.63290944909142
C           -8.71014781636993        1.23100898422572       -3.00879372731076
C          -10.59727857369978       -0.45304806148820       -3.43059396603976
H           -9.35221294040189       -0.32260198733722       -1.64585590713146
H            8.57158923458863       -0.62433736144513       -4.61192961022960
H            9.35600433348077        0.22419571130997       -5.97416244281707
H            9.99142068648956        0.42241662185897       -4.32548200612111
H            8.04802151191188        3.66126232965168       -4.93341734948389
H            9.67148088734226        3.04447578009998       -4.54321528222476
H            9.02006645683835        2.82876346198230       -6.18428942443241
H           -7.75488702557328        1.37471083874475       -2.47829382614639
H           -8.54766963261927        1.37962114495169       -4.08528955400822
H           -9.42113947338241        1.99202685957655       -2.65836461159103
H          -10.94137844290542       -1.47465378138614       -3.21612471412618
H          -11.36682408608245        0.24831341551618       -3.08125895596166
H          -10.50390455474708       -0.34384053011769       -4.51905754134895
H            4.26039573808109       -6.02110182851546        2.57401004574120
H            0.44490353537853       -7.87066798273862        1.66888047762758
H            1.00672679528640        7.26620137205989       -2.08107568657152
H           -3.29448727408437        7.25401577240644       -1.53105883040869
O            3.42781879345708       -3.52327186739696        1.91747270654782
O           -0.73311226014549       -5.53700637838808        0.93313518451130
O            1.29721035483554        4.65730351241727       -1.34550648714448
O           -3.38498265235065        4.65790219191538       -0.73850822083845
C            4.76017497364363       -3.55227451731544        2.32939338647027
C            5.77613389640700       -3.81532657550532        1.40017680149533
C            5.07061572495568       -3.23828395530973        3.65933692441740
C            7.11385936220247       -3.77064717804116        1.81390262780790
H            5.50849611487304       -4.04728762773412        0.36423110983458
C            6.41226820010977       -3.19497443880052        4.06103997956515
H            4.25463871141745       -3.02713482980339        4.35830527053496
C            7.43548785677410       -3.46265049940099        3.14225459746149
H            7.91176714029683       -3.97514712200455        1.09093762410796
H            6.66082852816043       -2.94945987746191        5.09965928105285
H            8.48584914986846       -3.42914128253242        3.46111960668693
C           -1.69806855551750       -6.52799350257373        1.08183761327384
C           -2.08738444884343       -6.98702137653360        2.34845034967871
C           -2.33442794770166       -7.00023529202068       -0.07436227722320
C           -3.10654031652175       -7.94187430170772        2.44950101174555
H           -1.59294590382825       -6.59019964393864        3.24154259414731
C           -3.35824234108733       -7.94869050853482        0.04119480187562
H           -2.02006008207474       -6.60791237929998       -1.04688025685183
C           -3.74286788365345       -8.42748558019152        1.29995110434855
H           -3.41069961847631       -8.30597590611805        3.43706274940863
H           -3.85787972666065       -8.31801138922578       -0.86093194476495
H           -4.54041971574591       -9.17720227627757        1.38618885989185
C            2.56175713648310        5.21431427033516       -1.22189133381838
C            2.85183507864012        6.27273815138786       -0.34684595485931
C            3.59114205440787        4.59782172311338       -1.95161766675894
C            4.17437658480753        6.71998895993307       -0.22245903108250
H            2.05059129507906        6.73334773762373        0.23954225190399
C            4.90775070955361        5.04796391656329       -1.81309506886889
H            3.35120798591334        3.76170796225953       -2.61607805346662
C            5.20508315207417        6.11540422995540       -0.95354424657210
H            4.40112751538113        7.54797910921110        0.46151840015448
H            5.69443407040628        4.54681895702818       -2.38764841385694
H            6.23698723864477        6.47501538635964       -0.84953131375430
C           -4.66855713325022        5.04814862365900       -1.10253183149578
C           -5.02420194231091        5.26664286639400       -2.44140580535433
C           -5.63284541602378        5.13098991377657       -0.08765878521980
C           -6.35000503447394        5.58898571470607       -2.75628087509587
H           -4.26438781451380        5.17634960142619       -3.22486760180972
C           -6.95662596869657        5.44666556618913       -0.41739565246890
H           -5.32796346288779        4.93743916218201        0.94560784572875
C           -7.31911814615773        5.68279182373623       -1.74938496668661
H           -6.63080391259704        5.76011818896523       -3.80120576108186
H           -7.71130008198106        5.51022270367961        0.37392805707019
H           -8.35718998269141        5.93449301122089       -2.00386492306182
N            1.29845144455934        0.40738730457774        0.22835743919760
C            2.53169860037954        0.66948559973485       -0.09057067061976
C            2.98324633917063        0.17224691459493       -1.35115877357650
C            4.25779443366330        0.39096990917885       -1.79407398379603
C            5.14050600942528        1.15126549270353       -1.03876996441602
C            4.73098284032273        1.63967371699486        0.18960201202311
C            3.47547516117363        1.39634776492677        0.70750694076825
C            3.15804025567493        1.84943508543228        2.10398885913331
C            1.78925046596347        2.52904041305356        2.23529520746375
C            1.78481272326533        3.91244236020762        2.80571621155711
C            2.54449586690201        4.96777785180881        2.24925744780746
C            2.19371211584681        6.18678852581341        2.72639645425322
S            0.96542190469622        6.07861214569207        3.92679572240712
C            0.92640014397403        4.37214130963656        3.75322914647499
H            2.27590005879678       -0.41007004805421       -1.91583883704661
H            4.57368881503630       -0.02840114996047       -2.73612812383319
H            6.13097742697373        1.36430669048850       -1.40271239105003
H            5.42616588804216        2.21588879414847        0.77932955031392
H            3.17706578944540        0.95954978491463        2.75129257016999
H            3.95100909852228        2.52328806894048        2.45191477486970
H            1.35715933782678        2.61471192350513        1.23262906708985
H            1.11718792639355        1.88973228033395        2.80320849628483
H            3.30283181443923        4.80069774717521        1.51280722412960
H            2.55315915246169        7.14847973761112        2.42507631642533
H            0.23348585288228        3.83339592134532        4.36261936312940
239
 energy: -392.979548908203 gnorm: 0.006747340257 xtb: 6.7.1 (edcfbbe)
N            0.12794344681295       -1.73479018142798       -0.83363900049846
N           -0.14246081863808       -1.07254867342485        1.92591647005782
C           -0.44538130160580       -0.95961816455012       -3.12286594446746
C           -0.01035334014166       -1.92247287301531       -2.18437140835329
C            0.41614695047329       -3.26362639532333       -2.53806880465104
H            0.39974349043696       -3.67285005063443       -3.54922166098366
C            0.83750912666042       -3.86001155383076       -1.38334397936993
H            1.23870859016683       -4.86514454504220       -1.24746626217560
C            0.62185581932205       -2.90550129972388       -0.31267252453779
C            0.79820546314795       -3.20055955791565        1.05418327958387
C            0.37134357015909       -2.33640725526403        2.08142055867157
C            0.29129775344395       -2.72182367863954        3.47799296163941
H            0.63254936977423       -3.67906467928237        3.87503164715621
C           -0.31902578325217       -1.69545205384303        4.14096454157098
H           -0.57546419784163       -1.62291988713658        5.19874337876973
C           -0.57385525517747       -0.65765656407073        3.15972293242203
C            1.35403487172540       -4.54635865946681        1.43866731597924
C            2.69353558279409       -4.68232181924616        1.87445817421693
C            3.22116614575845       -5.93414295543661        2.23972919494521
C            2.40537515146804       -7.06665043602435        2.16095332994172
H            2.81627824916012       -8.04739865810703        2.43456010227260
C            1.07745373350089       -6.97258784137332        1.73662771069374
C            0.55372677246217       -5.71320301876944        1.38767610188684
N           -0.91598908649694        1.59863265859377        1.20192372414165
N           -0.59939133302894        0.95059343757429       -1.53841585934261
C           -1.15151505857218        0.59337079058405        3.46505854567734
C           -1.24600119451428        1.65098915855317        2.53376754229816
C           -1.63936851415011        3.00049535392591        2.88459671418965
H           -1.96796665558190        3.30989814854530        3.87808591106046
C           -1.49576030623649        3.76184771559135        1.75799216528477
H           -1.69072260714889        4.82705471407269        1.63123588492707
C           -1.07978989962512        2.86880857735414        0.69713107207810
C           -0.95369870066062        3.24395493375338       -0.65326911859934
C           -0.81020131852032        2.29799405224368       -1.68751892716962
C           -1.00703697699315        2.60855009163082       -3.08935526059987
H           -1.19272954008703        3.60907246073143       -3.48155915951600
C           -0.96597306956762        1.42393847032752       -3.76802645342391
H           -1.10690679858528        1.24515704117784       -4.83486200847426
C           -0.67745206347029        0.39135923006555       -2.79102907141989
C           -1.04338785891744        4.69639596256637       -1.03494644732833
C            0.13523707537256        5.40472141501952       -1.37451758700988
C            0.08466999280030        6.74796202861807       -1.78908226805842
C           -1.15159807073379        7.39951808486872       -1.83713484644996
H           -1.19531364397180        8.45065981186014       -2.15132856344938
C           -2.33365506223363        6.73577166054837       -1.49567272073912
C           -2.27827040483990        5.38266663280381       -1.11167844408067
Fe          -0.28482820085765       -0.02833359725134        0.19693812062449
Cl          -2.50475398002258       -0.69058275150937        0.14741912591691
C           -1.74826182380312        0.79209414901843        4.83648375292112
C           -0.99728868829037        1.33778989412595        5.91155853140442
C           -3.10424576762710        0.41785244514539        5.05167537324812
C           -1.58844709504290        1.51281759768486        7.17869702648571
N            0.34874007177949        1.70640703630106        5.65535277984392
C           -3.69194967999449        0.61731169825405        6.31940682224321
N           -3.81498426454245       -0.17562868556641        3.98159457253236
H           -0.98831122930552        1.92113901951881        7.99630443557414
C           -2.92812551276650        1.15557960178609        7.35838813740793
C            1.31359724639504        2.12614525258165        6.54430772773268
H            0.63038063052430        1.61306474453526        4.67756093862956
H           -4.74084947656228        0.34505891162953        6.46152009803822
C           -5.13988125559742       -0.56477078997906        3.94900370947594
H           -3.27624895003741       -0.34010024063676        3.12592545225880
H           -3.39119897208384        1.29978444301665        8.34306795585765
O            1.15660958227858        2.22782658839734        7.75578880300799
C            2.64078191513499        2.46738071270344        5.90052368925653
O           -5.94907512420269       -0.34349315226677        4.84464176993183
C           -5.53324660293309       -1.31660104483416        2.70003756948404
C            3.89674136440956        2.09468699719674        6.64539654498756
H            2.70320189540395        2.47490319700968        4.80777810764842
C            3.46137283857325        3.54011035125976        6.62690402946370
C           -6.88503208781811       -1.03070949538807        2.09470070769125
H           -4.74105177004464       -1.61683617992095        2.00450561499474
C           -6.69667200636807       -2.29866004690508        2.89321685114697
H            3.77613711231171        1.56688232027105        7.59444868924880
H            4.76789329847143        1.82800923142737        6.04354061354737
H            3.01481758359127        3.93155028214450        7.54437254918317
C            4.23381747767027        4.51957577054406        5.80106121755349
H           -7.48847570811775       -0.25453907911212        2.57384686141929
H           -6.96189402038840       -1.11513680257413        1.00717976495148
H           -7.12491914265639       -2.31282931419126        3.90031037853860
C           -6.65397636800806       -3.61550829198481        2.19332826095658
O            4.31072339255859        5.71209229099314        6.41380881926556
O            4.74533726332752        4.26871046685568        4.72592456089858
O           -7.25982764839526       -4.57068460835865        2.93283399871286
O           -6.15775460848105       -3.82095389849480        1.10396086699807
C            5.04561862343632        6.78992971116493        5.76116353169376
C           -7.32921267996672       -5.91865639613683        2.38875280312031
C            4.06232957641662        7.65949730361048        4.96827812469203
C            5.78724740681776        7.54990999583422        6.85964834963570
H            5.75750318301272        6.31365246641329        5.06335073484725
C           -7.32354815742746       -6.87421725515907        3.58303642196001
C           -8.57555430734896       -6.04482601892482        1.50542659063109
H           -6.42448393620281       -6.06482256291100        1.76852428250370
H            3.56577204119830        7.06016292337138        4.18897765193549
H            3.29812374922685        8.08137263719481        5.63486554392194
H            4.59855835306238        8.48826713144347        4.48549438809842
H            6.46576162504635        6.88256361232572        7.40612662508177
H            6.38477347772465        8.36396541510116        6.42755074760124
H            5.08343918725575        7.98457075377073        7.58094307249190
H           -6.41654977740400       -6.73173491480044        4.18475257948440
H           -8.20096967820386       -6.70266717489624        4.22463343387335
H           -7.35642812934307       -7.91671571335477        3.23785742576553
H           -8.52156375133675       -5.33690076191131        0.66717178749549
H           -8.65357430466987       -7.06246727174759        1.09807018603664
H           -9.48724300225740       -5.84156186614505        2.08764361785184
C           -0.66396330770093       -1.42354372087567       -4.54128556634020
C            0.30430159248637       -1.19855115132115       -5.55707039803718
C           -1.85516981817292       -2.13172596299774       -4.86054663860787
C            0.11746381275452       -1.72861991794239       -6.84912296005735
N            1.43425359900974       -0.41021132965354       -5.22107145719790
C           -2.03028302971991       -2.66592169467070       -6.15482525183311
N           -2.85068383804162       -2.23191177940719       -3.86086112552396
H            0.87890428217502       -1.54934484314599       -7.61355039947540
C           -1.04109142638917       -2.46388055111934       -7.12190901659622
C            2.37960573513121        0.14694061802012       -6.05469476206678
H            1.43729702811833       -0.08532171772511       -4.25262251163245
H           -2.94143324943761       -3.22911272519334       -6.37388044259759
C           -4.07193424408767       -2.87275960696351       -3.92306963672203
H           -2.65270269233992       -1.72168807633591       -2.99589075560432
H           -1.18248026297069       -2.88355206734454       -8.12639472909540
O            2.50222154778696       -0.10319125032858       -7.24791165529219
C            3.26119795194106        1.16885833354587       -5.36864508037386
O           -4.43260339487718       -3.59123485547767       -4.84991276561027
C           -4.96543342327452       -2.59721615056229       -2.73817987518837
C            3.57077705679624        2.42529162584031       -6.14467854402265
H            3.18647057604920        1.27200709133975       -4.28051430610876
C            4.65430365129687        1.38912893692444       -5.95825849375871
C           -5.85868257513648       -3.70403224706979       -2.23982690773371
H           -4.62205006605632       -1.87495287505951       -1.98826041142091
C           -6.46834952488427       -2.59106947822021       -3.05723242981156
H            3.14499904698191        2.50397140627792       -7.14850206681572
H            3.66173715602423        3.35433357797902       -5.57694000598087
H            4.91428818456816        0.77598779704678       -6.82514618570485
C            5.76499777660812        1.70629437720970       -5.00670072478328
H           -5.77618773995597       -4.66934699590701       -2.74618518384822
H           -6.05203918469270       -3.72278363952131       -1.16396440404698
H           -6.72204804579555       -2.82358644882945       -4.09605448711884
C           -7.33085036568831       -1.56550764098817       -2.39932300727071
O            6.94423211115979        1.26351422899392       -5.47591465346499
O            5.62458998508773        2.30268837089180       -3.95577165260750
O           -8.32255410943331       -1.16925557843272       -3.22590293460898
O           -7.18420179884771       -1.14000413210518       -1.27117387980681
C            8.14562536864049        1.51013713430244       -4.68776413610368
C           -9.26459772133411       -0.17271743201589       -2.73701789887872
C            9.07136945108342        0.31280917119383       -4.90954673603155
C            8.75488529927119        2.84975483796607       -5.11120286085910
H            7.82913843515971        1.56805554242616       -3.62871377366596
C           -8.71090627951341        1.23197271729937       -3.00828154307364
C          -10.59733608783430       -0.45275806489135       -3.43051345100157
H           -9.35271687217807       -0.32187540009276       -1.64549545565712
H            8.57185963707684       -0.61714135689122       -4.60756156422018
H            9.35627989844949        0.23168340100886       -5.96961415386963
H            9.99126061813717        0.43012793627612       -4.32078200917149
H            8.04681754869962        3.66826809562578       -4.92914708938394
H            9.67041705401388        3.05207841858345       -4.53857723400461
H            9.01944469309332        2.83612803335233       -6.17980921772134
H           -7.75581322104595        1.37601647060773       -2.47756606617257
H           -8.54824063172654        1.38065136240848       -4.08474462700611
H           -9.42225160845340        1.99273696439268       -2.65800438588528
H          -10.94111954866056       -1.47449237699902       -3.21612648417180
H          -11.36721568246236        0.24832839437853       -3.08134438349175
H          -10.50375960442952       -0.34350936994000       -4.51896047317775
H            4.26100614403969       -6.01550734915221        2.57737960981420
H            0.44637092026873       -7.86644511009728        1.67138459160699
H            1.00359047039750        7.27065522311093       -2.07837180734623
H           -3.29775062862315        7.25691675054720       -1.52930673600057
O            3.42768358837300       -3.51797563788695        1.92064830188882
O           -0.73231467367348       -5.53319934238514        0.93538776601571
O            1.29483737985343        4.66187448119286       -1.34275580227097
O           -3.38748354895276        4.66076524893319       -0.73678570621408
C            4.75994896657191       -3.54651622245525        2.33288320044109
C            5.77621116533115       -3.80917776953414        1.40389152420977
C            5.06997889558698       -3.23240367354385        3.66290306983654
C            7.11383115487163       -3.76401473485778        1.81792145282865
H            5.50888777191265       -4.04123875819583        0.36788792837015
C            6.41152841026326       -3.18860811261596        4.06491024611076
H            4.25377149645629       -3.02153289690702        4.36169065168701
C            7.43505299569514       -3.45591013484987        3.14634970759987
H            7.91197553475142       -3.96822330054429        1.09513547607546
H            6.65976790787324       -2.94300642940174        5.10358921482657
H            8.48533066411310       -3.42201928181866        3.46545483264565
C           -1.69695202627996       -6.52453362912568        1.08386869047810
C           -2.08638351134420       -6.98370725195265        2.35039572775018
C           -2.33288027571953       -6.99699674690821       -0.07247743745947
C           -3.10522092095342       -7.93892771806957        2.45121357536573
H           -1.59228659702169       -6.58671248065628        3.24360193062920
C           -3.35638396777694       -7.94582174412519        0.04284485937166
H           -2.01843884621832       -6.60455513401363       -1.04492594852605
C           -3.74111993263436       -8.42476222112566        1.30151370302730
H           -3.40947160243825       -8.30314457371004        3.43870529975405
H           -3.85568900856830       -8.31531650675059       -0.85939690191948
H           -4.53842377481775       -9.17476566580941        1.38757090370466
C            2.55911377197580        5.21934745838976       -1.21891769431333
C            2.84862325033795        6.27792031087512       -0.34382014632718
C            3.58894330996817        4.60318983370208       -1.94833455352417
C            4.17098429594185        6.72562776919301       -0.21906832851376
H            2.04712836727641        6.73817336486889        0.24250241897224
C            4.90538315167020        5.05378453243291       -1.80949579137283
H            3.34947918735958        3.76697336393491       -2.61285194912538
C            5.20208004927022        6.12141945787638       -0.94993470135859
H            4.39730276670419        7.55365405035056        0.46499574669231
H            5.69237389466249        4.55291081110330       -2.38388212314716
H            6.23384377755468        6.48135779244287       -0.84565571011818
C           -4.67111487701558        5.05055246820659       -1.10109328673876
C           -5.02653771310558        5.26892584482011       -2.44005098020225
C           -5.63565667575379        5.13303994048425       -0.08643323597810
C           -6.35238845886629        5.59079467966428       -2.75521999333291
H           -4.26651647274856        5.17890948407637       -3.22334609168029
C           -6.95948211155027        5.44824103067683       -0.41646525879623
H           -5.33093702909312        4.93958980935004        0.94690215093731
C           -7.32176689297777        5.68423101868943       -1.74853673601082
H           -6.63301672496083        5.76183267521853       -3.80020778214671
H           -7.71435609380605        5.51152145228399        0.37469214631283
H           -8.35986919355889        5.93557662285348       -2.00324839161930
N            1.29858236878567        0.41332387525785        0.22335259474898
C            2.53477295435717        0.64906503723585       -0.10668158338459
C            2.98034377444746        0.10973040733240       -1.35769057619836
C            4.25956408346473        0.30057417385815       -1.81281559599002
C            5.15208912310772        1.07141136242670       -1.07725100620562
C            4.74980082251125        1.60018966561464        0.14277016012624
C            3.49120692953529        1.38308779198189        0.67158770762049
C            3.18869879209992        1.85850196025627        2.06340974459186
C            1.80646444794644        2.50975191772460        2.21336304087969
C            1.78665152393050        3.88909406131551        2.79233259001259
C            2.54309502402862        4.95354423414881        2.24418918517545
C            2.18549946130424        6.16620836222573        2.73227383506332
S            0.96443006935793        6.04100119108230        3.93893897584301
C            0.92478098162528        4.33641065633373        3.74534486145303
H            2.26508089847507       -0.48039860693655       -1.90740596388509
H            4.56709020230732       -0.14900673836315       -2.74803331393548
H            6.14603512882251        1.26424157522246       -1.44755836571978
H            5.45375114585310        2.18399271419807        0.71753345455092
H            3.24013826557420        0.98759481895301        2.72385554221450
H            3.97326459978412        2.54865503505060        2.38268192336129
H            1.36913613261582        2.59771553847279        1.21620993787145
H            1.15004267256024        1.85269977733551        2.78281164681177
H            3.30185218678650        4.80034072747561        1.50090810057490
H            2.54051195545293        7.13322974959900        2.43835771536852
H            0.23196849979269        3.78843459042881        4.34809193989521
239
 energy: -392.979692315513 gnorm: 0.007295629787 xtb: 6.7.1 (edcfbbe)
N            0.12773759431830       -1.73188689319254       -0.83198718427756
N           -0.14301213009818       -1.06951829531048        1.92749409996745
C           -0.44531678907374       -0.95680563906932       -3.12130351854142
C           -0.01020848758840       -1.91957886801695       -2.18273415091991
C            0.41669893429492       -3.26060576973674       -2.53635240059104
H            0.40053313769233       -3.66984360152726       -3.54750146212972
C            0.83803720764418       -3.85687028064535       -1.38156907945108
H            1.23945120858488       -4.86191141884773       -1.24560098575835
C            0.62200480267362       -2.90242359974418       -0.31090882490156
C            0.79822862269308       -3.19739357465295        1.05593015374897
C            0.37098351214730       -2.33332897552390        2.08314754453146
C            0.29084714923288       -2.71875148989216        3.47966568958122
H            0.63226920053136       -3.67590091534199        3.87679450974373
C           -0.31983074277493       -1.69251000983945        4.14257369445708
H           -0.57642950948501       -1.62003016058632        5.20030164101467
C           -0.57472351694312       -0.65481070509651        3.16122600665339
C            1.35431632878547       -4.54305249754411        1.44054451712904
C            2.69378445284560       -4.67868591906108        1.87653217520128
C            3.22166940087376       -5.93037339131982        2.24189729075784
C            2.40615856115169       -7.06308042224795        2.16302209711224
H            2.81725944501796       -8.04372665103498        2.43670394265118
C            1.07827377312075       -6.96934651635055        1.73850247757157
C            0.55429219540173       -5.71009285659687        1.38945066831067
N           -0.91702684023672        1.60129455963541        1.20335381778053
N           -0.60007366845696        0.95339157188320       -1.53694772783894
C           -1.15265861030662        0.59604040557607        3.46641390896114
C           -1.24725860039851        1.65361287482951        2.53519193044666
C           -1.64105554786915        3.00302515869594        2.88594317723207
H           -1.96992345608895        3.31247717314129        3.87936099305531
C           -1.49748857903419        3.76444195006315        1.75930296279232
H           -1.69272192709523        4.82962290380669        1.63255284921809
C           -1.08113367433971        2.87152570846635        0.69861042817931
C           -0.95497598716519        3.24664674768067       -0.65183720859270
C           -0.81111127384397        2.30074576872549       -1.68604808540973
C           -1.00782079830647        2.61121530868807       -3.08793306840825
H           -1.19370483248537        3.61169729215250       -3.48017073490302
C           -0.96637905801518        1.42661772341526       -3.76657699487233
H           -1.10711665854122        1.24777979651872       -4.83343068711760
C           -0.67776351196201        0.39411805294695       -2.78950986558893
C           -1.04497908298878        4.69908584306895       -1.03354192079353
C            0.13352811602264        5.40768380844907       -1.37296270962795
C            0.08269359003715        6.75091428179311       -1.78755562650691
C           -1.15372241701910        7.40217089927104       -1.83579486003737
H           -1.19764773894593        8.45329945848832       -2.15001205400837
C           -2.33567234013513        6.73814505280245       -1.49448874817675
C           -2.28001229563963        5.38505732302797       -1.11046733475067
Fe          -0.28575914043298       -0.02553151796970        0.19834928003653
Cl          -2.50525214819250       -0.68823287351943        0.14867425217734
C           -1.74973761380890        0.79471811740938        4.83780465394009
C           -0.99907330259434        1.34056576804570        5.91304667883719
C           -3.10567809674058        0.42014807590970        5.05283820421226
C           -1.59044809071734        1.51551152177626        7.18005079801906
N            0.34691571843373        1.70939278743001        5.65703223559697
C           -3.69361342152825        0.61948351307940        6.32048144886239
N           -3.81611498347737       -0.17352427012121        3.98266662367210
H           -0.99052846509563        1.92398749224489        7.99774597292988
C           -2.93007605104977        1.15795029590667        7.35955934155263
C            1.31159235476152        2.12952079584860        6.54610760846140
H            0.62882882621954        1.61594405860010        4.67932982218460
H           -4.74246995698113        0.34697781699340        6.46244548895520
C           -5.14092554463574       -0.56298991328641        3.94988099532617
H           -3.27722502534467       -0.33788237593045        3.12707104898190
H           -3.39331666217485        1.30205726512114        8.34417666977507
O            1.15434489016250        2.23118898305045        7.75752689042121
C            2.63872832846278        2.47104487972079        5.90247982819731
O           -5.95029529617258       -0.34188693980176        4.84541207423279
C           -5.53392380946069       -1.31492759803306        2.70088324078714
C            3.89467584292652        2.09869991763571        6.64755203409559
H            2.70136158503404        2.47853851806417        4.80971807071960
C            3.45894588282335        3.54401352661930        6.62896564034625
C           -6.88569440294200       -1.02937125788702        2.09534339937724
H           -4.74155869418451       -1.61498741674839        2.00546231702617
C           -6.69714507038293       -2.29726585860239        2.89390545601426
H            3.77405736197028        1.57087043229589        7.59658780411571
H            4.76597347224364        1.83222896910310        6.04581329515637
H            3.01215999699832        3.93536628442555        7.54635715734783
C            4.23126913647209        4.52363275084523        5.80320286039663
H           -7.48939191279053       -0.25333569050757        2.57439484490980
H           -6.96237895939808       -1.11383441480755        1.00780973472157
H           -7.12553197712304       -2.31151999244674        3.90094099378776
C           -6.65403194833001       -3.61411039721621        2.19404315789932
O            4.30779023717376        5.71621290244784        6.41596660744518
O            4.74300701693006        4.27290667627816        4.72816042173467
O           -7.25976112981602       -4.56942587910918        2.93348084975236
O           -6.15760465035091       -3.81945833399043        1.10474593333333
C            5.04251695582809        6.79420576377142        5.76338946167988
C           -7.32874378427832       -5.91742027373018        2.38940571232793
C            4.05908411051801        7.66354248287032        4.97031676854949
C            5.78380789214179        7.55439202222860        6.86196915243697
H            5.75463226198414        6.31808588922346        5.06569608605703
C           -7.32302092765202       -6.87296055744029        3.58370534216797
C           -8.57492712953229       -6.04390190486539        1.50590297649522
H           -6.42389028207332       -6.06338001478684        1.76930816515000
H            3.56277832562969        7.06409339729634        4.19093232922356
H            3.29473367961460        8.08522044951987        5.63683854054633
H            4.59524206477193        8.49241726124217        4.48762711277553
H            6.46241043896089        6.88721359678263        7.40855991972256
H            6.38121381056536        8.36857649435945        6.42994984726665
H            5.07979719230184        7.98888169051024        7.58316994953174
H           -6.41614123954727       -6.73025331652814        4.18555097231597
H           -8.20057800795212       -6.70161040527359        4.22517647894947
H           -7.35560044958343       -7.91547633337682        3.23853653480413
H           -8.52098756904527       -5.33597603234439        0.66764225048564
H           -8.65264516854417       -7.06157100376917        1.09854905689954
H           -9.48675164017438       -5.84084565841159        2.08798811710859
C           -0.66357560584569       -1.42081029632131       -4.53974714875198
C            0.30478938889621       -1.19559162627938       -5.55539428271014
C           -1.85457167652140       -2.12928636256359       -4.85916546682276
C            0.11825983406829       -1.72573449211299       -6.84746951174843
N            1.43448680478887       -0.40698787396125       -5.21924170067625
C           -2.02936544057269       -2.66354305753497       -6.15346756095647
N           -2.85018935888143       -2.22969376752398       -3.85963235416849
H            0.87976964815507       -1.54628356751636       -7.61178824677855
C           -1.04008047462863       -2.46127573933622       -7.12040961702167
C            2.37983994292225        0.15038692819245       -6.05273225736278
H            1.43734151134887       -0.08209168575818       -4.25078679920437
H           -2.94035069244950       -3.22695539188354       -6.37264336470751
C           -4.07130251918692       -2.87083742684923       -3.92199144357127
H           -2.65246895100673       -1.71941119955102       -2.99463231738922
H           -1.18122406426033       -2.88099618264954       -8.12491146826410
O            2.50268369446493       -0.09972458014173       -7.24593793580806
C            3.26107876978443        1.17248694122906       -5.36658785698497
O           -4.43164979662855       -3.58941481815626       -4.84888834012026
C           -4.96501957421328       -2.59549191829349       -2.73724681676505
C            3.57047540678597        2.42901806513412       -6.14258314642926
H            3.18621332481211        1.27561397261685       -4.27844039222714
C            4.65421925720241        1.39310023719884       -5.95598881498150
C           -5.85808186825980       -3.70251468537751       -2.23899876671588
H           -4.62192429318655       -1.87313342866211       -1.98728135911367
C           -6.46790050270288       -2.58970845683525       -3.05650802771402
H            3.14482238071922        2.50758708021406       -7.14647226080534
H            3.66112637785743        3.35809585705742       -5.57484424095689
H            4.91447372003227        0.78003399627958       -6.82283612749225
C            5.76471626887250        1.71056762121679       -5.00423546972131
H           -5.77528000106801       -4.66781915083404       -2.74533385651580
H           -6.05158805971327       -3.72129546364245       -1.16315995535136
H           -6.72138983213006       -2.82230297973076       -4.09536683208600
C           -7.33073608352970       -1.56434755292880       -2.39873732106123
O            6.94411088415215        1.26805764293945       -5.47332833675119
O            5.62400404638808        2.30692023366087       -3.95332364500663
O           -8.32241916994508       -1.16834208015336       -3.22547119910817
O           -7.18435521281021       -1.13878686351385       -1.27056977652254
C            8.14532485526737        1.51498531108346       -4.68500345417049
C           -9.26477316131149       -0.17202101729117       -2.73672841103547
C            9.07139846660164        0.31788150155092       -4.90661837574768
C            8.75432817938111        2.85474581117671       -5.10836339205277
H            7.82865399944970        1.57287407986832       -3.62601665865724
C           -8.71137783565846        1.23279558690468       -3.00793468941694
C          -10.59734111287383       -0.45239307893425       -3.43041283346294
H           -9.35301126480503       -0.32118537413489       -1.64521764684187
H            8.57207091229052       -0.61218474797424       -4.60469481989579
H            9.35648057733846        0.23681475590489       -5.96664674263788
H            9.99117820830094        0.43543783703762       -4.31771920876672
H            8.04603765014091        3.67309375395908       -4.92641992262050
H            9.66972948609554        3.05730775608656       -4.53560456941667
H            9.01904421595849        2.84117482887046       -6.17693534090694
H           -7.75639421478491        1.37707823546822       -2.47708313728473
H           -8.54859236797048        1.38149887565012       -4.08438024674872
H           -9.42295706097521        1.99339803287833       -2.65776877289191
H          -10.94091261077261       -1.47420946273626       -3.21605930347773
H          -11.36744175972910        0.24851750665367       -3.08136329419410
H          -10.50363514865933       -0.34313695609380       -4.51885208280935
H            4.26147999724088       -6.01148209653557        2.57970045179659
H            0.44741415406273       -7.86335680381852        1.67318268131946
H            1.00153189587514        7.27382473560725       -2.07672532805960
H           -3.29988742142926        7.25905864123073       -1.52827023597713
O            3.42764905396538       -3.51414868411966        1.92280324794796
O           -0.73172335341437       -5.53040528060961        0.93697914909088
O            1.29329061276743        4.66513373269432       -1.34101765794224
O           -3.38910557428898        4.66289637195925       -0.73572268081130
C            4.75984726847126       -3.54235745701894        2.33524486906979
C            5.77631558586670       -3.80480903103993        1.40640774745772
C            5.06962124158475       -3.22816474498192        3.66530495239395
C            7.11387058447334       -3.75930949082233        1.82061992854274
H            5.50919854257958       -4.03697931131692        0.37037799810797
C            6.41110454836215       -3.18403854083532        4.06750158814143
H            4.25326032433945       -3.01746609702172        4.36396562966342
C            7.43482889033037       -3.45110444945200        3.14908921149270
H            7.91216934925529       -3.96333475079413        1.09795154505615
H            6.65913682135154       -2.93835768972823        5.10621279828881
H            8.48505214205759       -3.41695347045680        3.46834780866912
C           -1.69614776099527       -6.52196881420689        1.08533583231584
C           -2.08564950477005       -6.98121541565035        2.35181879269752
C           -2.33179362450049       -6.99460033150805       -0.07109378861016
C           -3.10427300850199       -7.93667841260626        2.45250667874347
H           -1.59177613138345       -6.58408803435202        3.24509053218185
C           -3.35509024000077       -7.94367073022721        0.04409652628079
H           -2.01730900760064       -6.60209846026261       -1.04350604793267
C           -3.73989260331752       -8.42268435465376        1.30271700800138
H           -3.40858011258073       -8.30095370597435        3.43995987687585
H           -3.85417715061771       -8.31329844563812       -0.85821312973636
H           -4.53703010206131       -9.17287733090688        1.38867494692501
C            2.55738621246017        5.22292723509253       -1.21706325581843
C            2.84653606121315        6.28160158058739       -0.34191939667023
C            3.58749372767437        4.60699682009299       -1.94628534375360
C            4.16877186215851        6.72962010325112       -0.21695120810318
H            2.04486178404802        6.74162505607251        0.24435816104589
C            4.90381798649620        5.05791510161796       -1.80725707078418
H            3.34833483048357        3.77069756375946       -2.61081760055530
C            5.20012758702103        6.12562754357578       -0.94765528226331
H            4.39479770316968        7.55768300111494        0.46714567290940
H            5.69100987670103        4.55722446356450       -2.38151790274290
H            6.23179146429031        6.48581136063649       -0.84324146690979
C           -4.67277791349915        5.05237070012070       -1.10021767715247
C           -5.02805961025163        5.27063933938362       -2.43923559940488
C           -5.63748148147539        5.13464060976003       -0.08569793257954
C           -6.35394208501414        5.59218619561901       -2.75460022518358
H           -4.26790435956868        5.18079442739689       -3.22242146882931
C           -6.96133984955317        5.44951991229552       -0.41592642478110
H           -5.33286532295898        4.94127842828781        0.94768608299518
C           -7.32348994070223        5.68540724147997       -1.74805105142749
H           -6.63446372691903        5.76314162576342       -3.79963062642730
H           -7.71634216001930        5.51263032305311        0.37512381985197
H           -8.36161674849847        5.93649606871045       -2.00292075151945
N            1.30083866421280        0.40886228403191        0.21679170027009
C            2.53958963647961        0.62305809749339       -0.11791865490354
C            2.97759632673146        0.07101346339787       -1.36215507945817
C            4.25590636664929        0.25155414259245       -1.82159047154421
C            5.15619690166180        1.02399850275878       -1.09739554126623
C            4.76340627222071        1.56119797906908        0.11676990273339
C            3.50356931140761        1.36055639001397        0.64880693515531
C            3.20943270033663        1.85825584417750        2.03719510230814
C            1.82098208025448        2.49276793620046        2.19473772499140
C            1.78716556386118        3.87028667657718        2.77991805454407
C            2.53811313613956        4.94146778356995        2.23530966860406
C            2.17600201451791        6.14860659611380        2.73281120394090
S            0.96112467430872        6.01081798991694        3.94513629262684
C            0.92335908832484        4.30811485724951        3.73845699038571
H            2.25656521584241       -0.51901506718024       -1.90541244364081
H            4.55483552593733       -0.20145465149815       -2.75193167666563
H            6.15181566734248        1.20399343424971       -1.47066605280979
H            5.47204571928901        2.14889024278876        0.68345458686534
H            3.28353283727037        0.99861679742495        2.71217703177821
H            3.98745264931240        2.56596971474789        2.33847404429520
H            1.37805074806445        2.58022027067397        1.19983153986490
H            1.17384418611772        1.82795293507697        2.76459191814769
H            3.30226281459558        4.79937354588589        1.48941228129985
H            2.52835848570159        7.12053715273239        2.44590662807615
H            0.24302301296948        3.75118829210206        4.34113599920691
239
 energy: -392.979779523696 gnorm: 0.004575612840 xtb: 6.7.1 (edcfbbe)
N            0.12766662329305       -1.72968852646533       -0.83088917989420
N           -0.14336926926241       -1.06725199472053        1.92856581262934
C           -0.44517587175512       -0.95465338371118       -3.12027663479969
C           -0.00999337391367       -1.91736089300544       -2.18164679376395
C            0.41725475596478       -3.25827657665488       -2.53520053888174
H            0.40126862733547       -3.66754648777594       -3.54634164364902
C            0.83854002386075       -3.85446861972628       -1.38035662064177
H            1.24016125460708       -4.85943307590112       -1.24433804697254
C            0.62229435938256       -2.90005450335732       -0.30973135509574
C            0.79837667665657       -3.19496433803525        1.05711221742897
C            0.37082485030817       -2.33097263984582        2.08428296281091
C            0.29062123763794       -2.71640000672027        3.48079648673201
H            0.63219420422755       -3.67347934159592        3.87797946346378
C           -0.32031834036990       -1.69029656047774        4.14364714776968
H           -0.57705232456481       -1.61782148428761        5.20133352893309
C           -0.57534051739242       -0.65262726201818        3.16225032713233
C            1.35467515210766       -4.54051618110009        1.44181965062594
C            2.69412092588485       -4.67588125395012        1.87795660197566
C            3.22221076555559       -5.92746475429182        2.24339350582507
C            2.40692667738357       -7.06033178567377        2.16444529416774
H            2.81818803884487       -8.04089596452834        2.43818472722603
C            1.07906892831678       -6.96686276553442        1.73977883194067
C            0.55488041354761       -5.70771462016937        1.39065062255915
N           -0.91772125051384        1.60332329598502        1.20428441448049
N           -0.60047527021739        0.95551248390451       -1.53595854007007
C           -1.15344224158796        0.59806996067657        3.46728061258047
C           -1.24814183314326        1.65561436540130        2.53612161299356
C           -1.64235971480663        3.00497944842544        2.88679591232687
H           -1.97135501280093        3.31442011997048        3.88017606264964
C           -1.49878022034540        3.76641602824514        1.76013660900892
H           -1.69419259299534        4.83156787088610        1.63337963888066
C           -1.08209749222420        2.87357485457331        0.69956444716748
C           -0.95589365029524        3.24869061760484       -0.65091919109110
C           -0.81174678692942        2.30282507595915       -1.68507170792508
C           -1.00835320922449        2.61322858021756       -3.08701264873281
H           -1.19439137430167        3.61367920205359       -3.47927227225772
C           -0.96661129997127        1.42864949890974       -3.76563028775294
H           -1.10719565484131        1.24975974008517       -4.83249564452635
C           -0.67789240421267        0.39621245103870       -2.78848943657566
C           -1.04614488985604        4.70112546166566       -1.03263799795537
C            0.13226597953979        5.40994300865478       -1.37193963423613
C            0.08121305052562        6.75316131486699       -1.78655639878364
C           -1.15532159612907        7.40417642879562       -1.83494001040462
H           -1.19941809306603        8.45529383306865       -2.14917590890151
C           -2.33718268923001        6.73992630299093       -1.49375142163726
C           -2.28129914793371        5.38685260228497       -1.10970922786455
Fe          -0.28647998164090       -0.02341779086554        0.19934345713826
Cl          -2.50550293231099       -0.68646912767844        0.14947400938177
C           -1.75079073696753        0.79670949264763        4.83869107377444
C           -1.00034338888673        1.34266336043173        5.91400576425798
C           -3.10667522690044        0.42187141086375        5.05356809802591
C           -1.59188620221958        1.51756018155145        7.18092310662554
N            0.34560693990229        1.71166535166578        5.65815610536443
C           -3.69478728847087        0.62110898956039        6.32114629157530
N           -3.81688216148754       -0.17195581165323        3.98332814911145
H           -0.99213768258306        1.92616068229915        7.99868501394361
C           -2.93147145286235        1.15973867135181        7.36029631907698
C            1.31016627974520        2.13208562593724        6.54731504325136
H            0.62770585874353        1.61818092655043        4.68050074682023
H           -4.74360740039241        0.34840014876259        6.46299843576230
C           -5.14161402915045       -0.56167988623267        3.95040088316955
H           -3.27786811333745       -0.33622176177708        3.12779309757296
H           -3.39484216650979        1.30376737778270        8.34486453120252
O            1.15269514999423        2.23377496743893        7.75869329132250
C            2.63724835835023        2.47385412945112        5.90380609913447
O           -5.95112390937964       -0.34071985845477        4.84584559043545
C           -5.53433112878210       -1.31370871316856        2.70137565164466
C            3.89319534774281        2.10180118921826        6.64902758520131
H            2.70007069934193        2.48132571717341        4.81101775419798
C            3.45717475706915        3.54701587620234        6.63037402277326
C           -6.88609149557022       -1.02842287319039        2.09568228402937
H           -4.74183256751206       -1.61362588613715        2.00604049652117
C           -6.69738415196741       -2.29626907100358        2.89428012547664
H            3.77255911582892        1.57395743834609        7.59805284811118
H            4.76460539667622        1.83548658985477        6.04736617850754
H            3.01021243041862        3.93829287455807        7.54771450099694
C            4.22938982364641        4.52677577690020        5.80468294861294
H           -7.48999080612338       -0.25249551809904        2.57465944998997
H           -6.96264118695963       -1.11291420701972        1.00813959398538
H           -7.12587728996149       -2.31059356507184        3.90127184294940
C           -6.65394017293858       -3.61311582536999        2.19444193256710
O            4.30560644573736        5.71939924123045        6.41743564828025
O            4.74129103694930        4.27614958714745        4.72970862323629
O           -7.25956415696821       -4.56854175798241        2.93382366518793
O           -6.15735452741030       -3.81838234668584        1.10519742800994
C            5.04019601119812        6.79751074548820        5.76492275346811
C           -7.32822736378526       -5.91655193613990        2.38976140467211
C            4.05665718075014        7.66667279999409        4.97170235687443
C            5.78121150645964        7.55787501686026        6.86356432659781
H            5.75248049189928        6.32152789549968        5.06731205856846
C           -7.32244905507712       -6.87207663844886        3.58407292812404
C           -8.57428866187923       -6.04328841404297        1.50612329314064
H           -6.42327709498616       -6.06234807076986        1.76976053465008
H            3.56051748956977        7.06713811357414        4.19229380737782
H            3.29218571806084        8.08819399836007        5.63815732589090
H            4.59273470455351        8.49562875241794        4.48907873948829
H            6.45988910377749        6.89083358287301        7.41024034103716
H            6.37851438056774        8.37216464630479        6.43160223815930
H            5.07704227823012        7.99222988741044        7.58469011742594
H           -6.41566106047271       -6.72918780614055        4.18601600420549
H           -8.20010951322883       -6.70088786437945        4.22544868977626
H           -7.35478828999394       -7.91460565287986        3.23891395529649
H           -8.52039565444158       -5.33536276504336        0.66785727518632
H           -8.65176582195577       -7.06097888732064        1.09877336634005
H           -9.48621780312462       -5.84039937048598        2.08810804477999
C           -0.66317245196101       -1.41873645097248       -4.53873028363351
C            0.30526950373976       -1.19333953593958       -5.55427172482757
C           -1.85399664539878       -2.12745258773699       -4.85826782441763
C            0.11897641092245       -1.72354158511446       -6.84636386945601
N            1.43476657024833       -0.40451159387047       -5.21800151787301
C           -2.02854498625782       -2.66175926231540       -6.15258526506211
N           -2.84969932986946       -2.22803938896939       -3.85884805774942
H            0.88053560544272       -1.54395086668601       -7.61060055532804
C           -1.03919165202279       -2.45931029175299       -7.11942026771924
C            2.38011786216817        0.15304772931514       -6.05137838789755
H            1.43746602533769       -0.07961871787364       -4.24954746399050
H           -2.93939757594488       -3.22535062772890       -6.37185236005106
C           -4.07069207710479       -2.86942053355607       -3.92132310893064
H           -2.65217828687823       -1.71770848155706       -2.99382872420669
H           -1.18014480610361       -2.87907176212849       -8.12393313791700
O            2.50313021009355       -0.09705339304066       -7.24458546350470
C            3.26106787726952        1.17531477874603       -5.36515352084401
O           -4.43079220977809       -3.58808123778660       -4.84825741543214
C           -4.96458430213564       -2.59423455551295       -2.73668667012968
C            3.57029796668067        2.43191094977428       -6.14114719427286
H            3.18616427228175        1.27830483859546       -4.27696418810041
C            4.65421610175459        1.39621203511180       -5.95444494230440
C           -5.85749029729300       -3.70142337175570       -2.23851764763967
H           -4.62171428114865       -1.87179954761389       -1.98668864538042
C           -6.46743422770195       -2.58874688449579       -3.05610602478233
H            3.14474634198494        2.51036894678395       -7.14508820262635
H            3.66070781213087        3.36100613422702       -5.57341385953002
H            4.91469174553355        0.78317477972646       -6.82123848940432
C            5.76458242404060        1.71392495942842       -5.00257975885208
H           -5.77444461944456       -4.66672000536388       -2.74483240184715
H           -6.05110971286628       -3.72022880130749       -1.16269735315187
H           -6.72076465949474       -2.82140195380327       -4.09499212188218
C           -7.33054041871904       -1.56354287720362       -2.39844432512146
O            6.94408784123280        1.27159306804272       -5.47152657051922
O            5.62362859465135        2.31022282367736       -3.95169188064133
O           -8.32220956034167       -1.16773895073848       -3.22528951604235
O           -7.18436437048078       -1.13793909411622       -1.27026224238415
C            8.14516764296678        1.51875305584901       -4.68307128816346
C           -9.26480894700986       -0.17159677348706       -2.73666216042938
C            9.07150514388257        0.32183349492435       -4.90455936302552
C            8.75396356970713        2.85863241761212       -5.10637247444850
H            7.82837797101279        1.57657799334644       -3.62410848967180
C           -8.71165518320074        1.23332575359661       -3.00782538473834
C          -10.59724556183964       -0.45223437103568       -3.43048730548645
H           -9.35313726147725       -0.32076165783914       -1.64515754955152
H            8.57232927001049       -0.60832916129473       -4.60268504529395
H            9.35671723763980        0.24081463446828       -5.96455790732861
H            9.99119789592084        0.43958203775865       -4.31556179153111
H            8.04549633655808        3.67684832368904       -4.92451234806415
H            9.66926278783260        3.06138543336811       -4.53351568865594
H            9.01879651688681        2.84510751669552       -6.17491808694156
H           -7.75675731898578        1.37780058046062       -2.47687083524682
H           -8.54878076096556        1.38204696384352       -4.08425684163049
H           -9.42342040231756        1.99379600981488       -2.65774516679174
H          -10.94064428167487       -1.47411594533142       -3.21615769843976
H          -11.36752123725623        0.24853359885375       -3.08152986926337
H          -10.50344254340468       -0.34297358571550       -4.51891992497759
H            4.26199961158156       -6.00836802912499        2.58131299580309
H            0.44838943646333       -7.86099640080725        1.67440232745513
H            0.99998190856375        7.27624606319620       -2.07563604323055
H           -3.30149362083774        7.26065315095850       -1.52764630393241
O            3.42775467044005       -3.51119079064815        1.92429138605786
O           -0.73111870672704       -5.52828364559381        0.93804075642179
O            1.29215700446902        4.66762933758643       -1.33986558089354
O           -3.39029557826790        4.66448341987513       -0.73507499083014
C            4.75990005265055       -3.53913724505744        2.33689382286835
C            5.77653040532467       -3.80143229304340        1.40817690327297
C            5.06948158538695       -3.22488883787453        3.66697935638158
C            7.11403559791452       -3.75564936173673        1.82251394897371
H            5.50957030314694       -4.03368768625954        0.37212855473154
C            6.41091485399868       -3.18048551114877        4.06931278720866
H            4.25299987128333       -3.01432492855332        4.36554060827354
C            7.43479164888221       -3.44736078521738        3.15101345418522
H            7.91245266871047       -3.95952681592635        1.09993413200922
H            6.65878679610144       -2.93474175826184        5.10804802616917
H            8.48497318511864       -3.41300185980270        3.47038662715361
C           -1.69536959057162       -6.52003168894436        1.08630482109646
C           -2.08491985264065       -6.97933710448332        2.35275398613541
C           -2.33079676015825       -6.99279951836079       -0.07018677974763
C           -3.10336969832956       -7.93499489077589        2.45334626073286
H           -1.59122078104191       -6.58210255125651        3.24607516315886
C           -3.35392453928397       -7.94206763917749        0.04490555489194
H           -2.01628374825759       -6.60024970935424       -1.04257156247916
C           -3.73877131136828       -8.42113957972175        1.30348921342162
H           -3.40771500718566       -8.29931692269631        3.44077031335964
H           -3.85284113288940       -8.31180311721311       -0.85745496263622
H           -4.53577351076927       -9.17148525910690        1.38937393497402
C            2.55612489531484        5.22567671645233       -1.21579286106851
C            2.84499229602822        6.28439478637461       -0.34055697842302
C            3.58643541784259        4.60993108300362       -1.94488631784507
C            4.16712497614640        6.73267508138749       -0.21547818173451
H            2.04314941816607        6.74428451249426        0.24562243151092
C            4.90266444773076        5.06111160212533       -1.80572764726142
H            3.34751712555080        3.77357405069083       -2.60943199503113
C            5.19868417286672        6.12885986341709       -0.94607054975464
H            4.39291138368530        7.56079447111129        0.46861512993194
H            5.69001173003858        4.56057115920363       -2.37988628545668
H            6.23026319003813        6.48926269963034       -0.84157273933094
C           -4.67400135363782        5.05370480743770       -1.09971297504178
C           -5.02918007216088        5.27188838813554       -2.43877592897043
C           -5.63883020011976        5.13580054601232       -0.08530080203370
C           -6.35508870782836        5.59317505896079       -2.75429048640567
H           -4.26892159537628        5.18218147085223       -3.22187829318218
C           -6.96271584317116        5.45042042923480       -0.41567879889102
H           -5.33429011247908        4.94251110168803        0.94812054520508
C           -7.32476455266795        5.68622908786289       -1.74784236416782
H           -6.63553162404801        5.76406269769775       -3.79935251647914
H           -7.71781605887162        5.51339449017454        0.37528993268585
H           -8.36291373094901        5.93710455695443       -2.00283358413765
N            1.30124798079870        0.40674059230871        0.21482316627978
C            2.54013242647980        0.60859140467298       -0.12428238553147
C            2.97185180620983        0.04341373632608       -1.36410109384914
C            4.24902117184867        0.21476497238585       -1.82744742899259
C            5.15740418344820        0.98590997023032       -1.11163324729548
C            4.77048674589406        1.53510521713098        0.09929465762244
C            3.50983222792158        1.34801441045548        0.63384812757905
C            3.22228153093133        1.85863833976906        2.01883079714724
C            1.83106138908848        2.48162777328815        2.18374137042782
C            1.79219097157372        3.85637306784590        2.77351929626243
C            2.53450079025778        4.93149698794280        2.22751217874890
C            2.17364381147284        6.13494772505345        2.73297078142967
S            0.96841532167257        5.99037322512049        3.95205166633422
C            0.93496513209233        4.28867248104242        3.73900831116751
H            2.24725976993699       -0.54804216697121       -1.90222751410691
H            4.54538057693645       -0.25536831108524       -2.75535905338079
H            6.15478635498134        1.15295470912160       -1.48860982018706
H            5.48505686963522        2.11943954263362        0.66073143511391
H            3.31358732503520        1.00770270399628        2.70344122144118
H            3.99523432688197        2.57731033499484        2.30438768531703
H            1.38202779132588        2.56928885363550        1.18955506565250
H            1.19217125135345        1.81119358733726        2.75575887615342
H            3.28649797386193        4.79484425626945        1.47491301229733
H            2.51593571659024        7.10893564741424        2.44691165922886
H            0.25658856901438        3.72626006627435        4.34076239599817
239
 energy: -392.979818565476 gnorm: 0.004459461677 xtb: 6.7.1 (edcfbbe)
N            0.12770724894681       -1.72834341887903       -0.83027619870618
N           -0.14349381587665       -1.06585723427923        1.92917661220456
C           -0.44500931654651       -0.95335099780532       -3.11971790699597
C           -0.00979863824675       -1.91602304784157       -2.18103444945931
C            0.41768307671458       -3.25686558473650       -2.53453687280239
H            0.40179823310250       -3.66617260711354       -3.54566406152485
C            0.83894712004618       -3.85299192450772       -1.37964245807504
H            1.24069120458844       -4.85791235284632       -1.24359121858945
C            0.62256453364562       -2.89859649634704       -0.30905673884123
C            0.79857798196904       -3.19344346674850        1.05779997091566
C            0.37085699278305       -2.32947195114436        2.08491091258824
C            0.29062004449591       -2.71488984943753        3.48145251047088
H            0.63228588130917       -3.67192816879156        3.87866593301053
C           -0.32045744871650       -1.68888028577892        4.14424556107630
H           -0.57727934955976       -1.61637722598139        5.20190797456721
C           -0.57560917056004       -0.65120473971282        3.16283042829228
C            1.35501007337390       -4.53893057769581        1.44256854279120
C            2.69444538092580       -4.67413125648192        1.87878389421077
C            3.22265549280620       -5.92564888250744        2.24428002306897
C            2.40750711202829       -7.05861033304340        2.16530880741475
H            2.81886469135907       -8.03912182894961        2.43909245933813
C            1.07966419234459       -6.96530310650054        1.74056241304045
C            0.55535022433768       -5.70622244850279        1.39137789011522
N           -0.91795775048530        1.60463827005598        1.20476052719629
N           -0.60055936313769        0.95680355971373       -1.53541070591257
C           -1.15380091466796        0.59940895487311        3.46774931670366
C           -1.24856839634416        1.65693208904789        2.53659223514210
C           -1.64300269205728        3.00628223124834        2.88721402896465
H           -1.97203455105738        3.31568624022133        3.88057228972081
C           -1.49942562212566        3.76768253981973        1.76053570225292
H           -1.69494437048629        4.83280553211648        1.63374921835494
C           -1.08256970418513        2.87485991744656        0.70002411177724
C           -0.95633271759849        3.24995959701541       -0.65048541906357
C           -0.81202581073336        2.30409528020816       -1.68457054216540
C           -1.00857877882571        2.61443990874962       -3.08655920473651
H           -1.19470650299141        3.61486716808020       -3.47884006988932
C           -0.96666199435897        1.42986835631345       -3.76514140403706
H           -1.10715813549290        1.25092948182593       -4.83200801703004
C           -0.67786223083906        0.39747640221485       -2.78793387130788
C           -1.04672929740591        4.70238273054933       -1.03222289694124
C            0.13162120902008        5.41132619643603       -1.37146550721057
C            0.08043700955451        6.75452970517220       -1.78611421663494
C           -1.15616802907430        7.40540132154151       -1.83458538338347
H           -1.20036824531361        8.45650693222611       -2.14884656834394
C           -2.33797290628533        6.74102286674480       -1.49345117383142
C           -2.28195488549229        5.38796259933516       -1.10937957784607
Fe          -0.28668845077906       -0.02203246955151        0.19992471502356
Cl          -2.50549916157902       -0.68535532183001        0.14990827172814
C           -1.75129041791044        0.79801086907053        4.83918320811172
C           -1.00095449224190        1.34403547508072        5.91449408656572
C           -3.10712508634360        0.42302038700356        5.05395080856209
C           -1.59258533174677        1.51892574029424        7.18137376726763
N            0.34497673865385        1.71310432903358        5.65875564218035
C           -3.69533310847398        0.62221875142549        6.32149272591682
N           -3.81720306199255       -0.17091070830902        3.98368313782360
H           -0.99293555069860        1.92761610984522        7.99916143380911
C           -2.93214247413809        1.16095959441498        7.36067514458065
C            1.30949987697668        2.13371230562865        6.54794065242715
H            0.62717800791214        1.61958518677222        4.68111463287918
H           -4.74413004047656        0.34939248612730        6.46328903220882
C           -5.14188240807390       -0.56078665613842        3.95068766240996
H           -3.27811748442851       -0.33513164947578        3.12818637257190
H           -3.39558694757553        1.30495596419813        8.34521198356967
O            1.15187422340710        2.23547147990204        7.75928752294186
C            2.63651758149243        2.47564525440424        5.90449465023527
O           -5.95147312922817       -0.33990167485993        4.84607878014796
C           -5.53444299934390       -1.31288828526599        2.70165588630829
C            3.89247138232107        2.10378655777148        6.64979382361317
H            2.69944449942659        2.48308605522053        4.81170406016702
C            3.45628280176018        3.54893858470865        6.63107835435283
C           -6.88619899403173       -1.02777110346225        2.09587652851591
H           -4.74186977596834       -1.61272800967613        2.00637286263347
C           -6.69739388693355       -2.29557660003492        2.89451051712924
H            3.77183179484219        1.57594914628500        7.59881731715688
H            4.76394254151470        1.83755664450677        6.04817420365018
H            3.00922359853917        3.94017986557834        7.54838833496981
C            4.22841316902635        4.52878844266548        5.80541829813166
H           -7.49021556830933       -0.25190299103835        2.57480067102434
H           -6.96267547991955       -1.11229268156529        1.00833214207177
H           -7.12594498123719       -2.30993109420846        3.90147743664891
C           -6.65375844278830       -3.61243539321825        2.19470531187915
O            4.30445899113896        5.72143649827849        6.41813765691829
O            4.74040774495430        4.27819520530516        4.73048467511596
O           -7.25931486354599       -4.56791664928867        2.93406639688213
O           -6.15708566432739       -3.81766637184698        1.10549417523455
C            5.03896295566721        6.79960519787125        5.76565313655371
C           -7.32779272550190       -5.91594176978307        2.39003430712342
C            4.05535697270938        7.66865534208623        4.97232981491920
C            5.77982171741141        7.56009223071578        6.86431440660925
H            5.75134309942510        6.32369850232109        5.06809334944243
C           -7.32197481807668       -6.87144315291053        3.58436373599801
C           -8.57378596890979       -6.04284312739828        1.50632365610128
H           -6.42278868859562       -6.06165011160253        1.77008697307394
H            3.55933199158998        7.06906868628245        4.19289825719267
H            3.29082222876484        8.09008784906377        5.63874977734988
H            4.59138378381128        8.49765009231607        4.48974170708087
H            6.45854732719790        6.89314066524924        7.41104586243653
H            6.37705989266796        8.37443753290391        6.43237316779005
H            5.07556476737278        7.99437666509613        7.58539202534786
H           -6.41523885649040       -6.72843817589523        4.18635677762185
H           -8.19969129985812       -6.70034208331012        4.22568465093877
H           -7.35417334334629       -7.91398264650524        3.23922568939110
H           -8.51992484532775       -5.33492899944602        0.66804605281331
H           -8.65112247784478       -7.06054974444790        1.09899082428452
H           -9.48577241763687       -5.84004594198605        2.08824978699024
C           -0.66284700437074       -1.41750570748145       -4.53816450766382
C            0.30563527238015       -1.19202002203918       -5.55365017730045
C           -1.85356954811985       -2.12636723887277       -4.85775575473273
C            0.11947350734797       -1.72227167647881       -6.84574318345697
N            1.43501602241627       -0.40304803562678       -5.21733066703120
C           -2.02797938452378       -2.66072109078397       -6.15207218684763
N           -2.84931968729561       -2.22704790625896       -3.85839440169913
H            0.88105681106760       -1.54260869467904       -7.60993791881648
C           -1.03859228719795       -2.45817836589926       -7.11885226772161
C            2.38035796578286        0.15461502322554       -6.05065077982815
H            1.43762794428455       -0.07814969337263       -4.24888320498296
H           -2.93875355123121       -3.22442102547229       -6.37138123526516
C           -4.07023609287569       -2.86856976322909       -3.92092389402521
H           -2.65190976743954       -1.71667658214149       -2.99337273464256
H           -1.17943851205171       -2.87797711567284       -8.12336447300730
O            2.50346355621828       -0.09551390082921       -7.24385458999190
C            3.26113869723940        1.17699825075275       -5.36439736931447
O           -4.43019724755313       -3.58729158453480       -4.84786624048421
C           -4.96422808866001       -2.59346224223331       -2.73634917037250
C            3.57026671715890        2.43361057383288       -6.14041138031651
H            3.18621173616542        1.27990968121955       -4.27619432208566
C            4.65428540100921        1.39805635489671       -5.95364428385049
C           -5.85703728940277       -3.70074288012082       -2.23820836647597
H           -4.62148617880654       -1.87097340376178       -1.98634464137355
C           -6.46705862699488       -2.58815649237836       -3.05585424896931
H            3.14476736624927        2.51198101341123       -7.14437891136562
H            3.66053870659636        3.36271537786178       -5.57269353586562
H            4.91489557991958        0.78500843845578       -6.82038731317865
C            5.76458377214605        1.71588802967824       -5.00173297372920
H           -5.77385071077419       -4.66604087980297       -2.74449688312677
H           -6.05071699289574       -3.71954950957590       -1.16239965082195
H           -6.72030278582801       -2.82086016344791       -4.09475075857404
C           -7.33032385572923       -1.56303455996124       -2.39826733709867
O            6.94415060653439        1.27368154362399       -5.47057088499295
O            5.62348589731052        2.31221183051002       -3.95088452996922
O           -8.32198794708269       -1.16736273196467       -3.22517460938142
O           -7.18426149432122       -1.13739280139927       -1.27008514752194
C            8.14516060052711        1.52098994196606       -4.68205021578743
C           -9.26472927553697       -0.17132262293702       -2.73662858041135
C            9.07164920663154        0.32417486714817       -4.90345890665759
C            8.75382929171814        2.86093230686031       -5.10534027342150
H            7.82831273343453        1.57877780801699       -3.62309279809501
C           -8.71172164696850        1.23366063891622       -3.00778683581267
C          -10.59709288131645       -0.45212611258263       -3.43052503500172
H           -9.35310575310420       -0.32047150796138       -1.64512427217278
H            8.57256309222423       -0.60604338152136       -4.60160300933721
H            9.35693280008724        0.24316672635827       -5.96343751834320
H            9.99129264467313        0.44204358747251       -4.31441049342476
H            8.04525752972942        3.67906964507013       -4.92353801084768
H            9.66906973288488        3.06380368486606       -4.53243508041854
H            9.01872494479597        2.84741586826001       -6.17387040589981
H           -7.75687278656929        1.37825564122333       -2.47677901384200
H           -8.54880129654136        1.38237720867504       -4.08421115108724
H           -9.42359464485744        1.99405482735469       -2.65776469723858
H          -10.94038677197476       -1.47404195517209       -3.21619453093378
H          -11.36746919954445        0.24855974556338       -3.08162831648281
H          -10.50323853981331       -0.34287796547594       -4.51895386416543
H            4.26243310510145       -6.00642612556147        2.58226292516410
H            0.44909165400908       -7.85951042242080        1.67516766076781
H            0.99916189560477        7.27771425766574       -2.07515278465520
H           -3.30234049356344        7.26163799874414       -1.52741471509030
O            3.42794514373383       -3.50934930281706        1.92513538691937
O           -0.73064129658348       -5.52695080598132        0.93868950760006
O            1.29158881158660        4.66914959464277       -1.33931332814031
O           -3.39089216546565        4.66547651860797       -0.73479445997037
C            4.76005979173465       -3.53715402229565        2.33783296412573
C            5.77677932987565       -3.79937170841924        1.40919160027283
C            5.06953680630330       -3.22284663139990        3.66792224846367
C            7.11425530339898       -3.75339453197768        1.82358448412975
H            5.50990533548541       -4.03167072949522        0.37313372897693
C            6.41094047067098       -3.17826340228672        4.07032792405753
H            4.25298773291733       -3.01235181534668        4.36642652415632
C            7.43489970365737       -3.44503736282053        3.15209592560316
H            7.91273780324918       -3.95719262867422        1.10105590729398
H            6.65872174983797       -2.93246984060157        5.10907318217334
H            8.48505782678242       -3.41055047245600        3.47152988168786
C           -1.69478846801255       -6.51880570784861        1.08691658150014
C           -2.08436096423593       -6.97812998018500        2.35335244807746
C           -2.33009275528385       -6.99166997300507       -0.06960051344011
C           -3.10270580217728       -7.93390117154429        2.45390681018842
H           -1.59076013845879       -6.58082044482261        3.24669400958459
C           -3.35311838511391       -7.94105327024540        0.04545249781873
H           -2.01556848700431       -6.59910469594993       -1.04197486801802
C           -3.73798375721215       -8.42014295282295        1.30402092553089
H           -3.40706781796713       -8.29823798612530        3.44131932118673
H           -3.85193833191793       -8.31086454785396       -0.85692990945299
H           -4.53490440606642       -9.17057779206177        1.38987690898868
C            2.55548885323004        5.22735057039711       -1.21519525230037
C            2.84419777380567        6.28611788697150       -0.33992857135449
C            3.58590996335651        4.61169831021637       -1.94419412746633
C            4.16626302134868        6.73453863837948       -0.21477827249285
H            2.04224919015662        6.74592136104428        0.24618543957957
C            4.90208465752769        5.06303621121577       -1.80496788295346
H            3.34712959014916        3.77530635834284       -2.60873693218281
C            5.19793802536299        6.13081896021180       -0.94530784819287
H            4.39190841136414        7.56270500997753        0.46929618865137
H            5.68951398083645        4.56258448303606       -2.37907606520447
H            6.22946333069786        6.49135638120708       -0.84076473377184
C           -4.67461929122411        5.05454165913392       -1.09951406117472
C           -5.02974645957395        5.27265698512833       -2.43860349193000
C           -5.63951715216638        5.13654787619174       -0.08516290760806
C           -6.35567069954797        5.59378437501328       -2.75420441493540
H           -4.26943150557799        5.18302108340567       -3.22165905719947
C           -6.96341943026036        5.45100889880213       -0.41562653616905
H           -5.33501589675273        4.94331508330494        0.94828037306948
C           -7.32541660184755        5.68674949182407       -1.74781301074335
H           -6.63607302509793        5.76461759430871       -3.79928517888610
H           -7.71857246549879        5.51391267755867        0.37529679147353
H           -8.36357865898189        5.93749856932654       -2.00287372320585
N            1.30092845806735        0.40565703568345        0.21452649343418
C            2.53839262063771        0.60301177285504       -0.12761486630995
C            2.96671737193594        0.02839907930203       -1.36593394317463
C            4.24438243906881        0.19154007005240       -1.83060483253231
C            5.15746686208773        0.95838860158738       -1.11807672299450
C            4.77344479286038        1.51658607221249        0.09219416295264
C            3.51215944208290        1.33912403309375        0.62699684905647
C            3.22877121268038        1.85584578939833        2.00950928875093
C            1.83547327104841        2.47307085300515        2.17826134731649
C            1.79350310910585        3.84652762908010        2.77017960907272
C            2.53120980602045        4.92353070326955        2.22145096440077
C            2.17318569057739        6.12518261209098        2.73188188300488
S            0.97167053521906        5.97781127199657        3.95432240404184
C            0.94123467269582        4.27655432100349        3.73982858336638
H            2.23928237185903       -0.55733330532436       -1.90344742941264
H            4.53513042525619       -0.27281714912676       -2.75805633959748
H            6.15142864362036        1.12363443698751       -1.49792739639481
H            5.49187304840082        2.09695599111930        0.65164418013505
H            3.32832165687056        1.01112916519525        2.69811995502588
H            3.99940559377948        2.58034816935531        2.28418083102308
H            1.38629749555228        2.56170766100648        1.18350495773791
H            1.20004262384292        1.79798361091353        2.74914943209823
H            3.28142214361862        4.78890885914827        1.46870669068246
H            2.51371159888352        7.10058386923715        2.44817928141356
H            0.26286251106524        3.71186895598870        4.34198791936068
239
 energy: -392.979851877121 gnorm: 0.004187526998 xtb: 6.7.1 (edcfbbe)
N            0.12773319400989       -1.72737249638142       -0.82967928211848
N           -0.14365139955611       -1.06490693873390        1.92977067584019
C           -0.44487440388884       -0.95239203133846       -3.11917175543039
C           -0.00965856195323       -1.91505946120751       -2.18045108434351
C            0.41801217671425       -3.25583745877561       -2.53392690409297
H            0.40222612394800       -3.66515546312369       -3.54504863085564
C            0.83926937046811       -3.85191412628512       -1.37898704207091
H            1.24109306963519       -4.85680401344689       -1.24292579485894
C            0.62271081669128       -2.89755637770921       -0.30843578036152
C            0.79868026885127       -3.19236768544918        1.05845478597351
C            0.37082649056755       -2.32842011276531        2.08549286441204
C            0.29054019568367       -2.71385070462562        3.48207873689557
H            0.63227361431124       -3.67086590918983        3.87929277854913
C           -0.32064745567143       -1.68792817002597        4.14480946153387
H           -0.57755907424674       -1.61541528163642        5.20245785674675
C           -0.57587975361790       -0.65022492660386        3.16339488919149
C            1.35522053828178       -4.53780938411456        1.44324115052484
C            2.69464264820344       -4.67288934430587        1.87953077296570
C            3.22294137387113       -5.92435888585175        2.24506496232544
C            2.40790155684838       -7.05739272157249        2.16604958954708
H            2.81933108817854       -8.03786612463437        2.43985975483750
C            1.08007627231481       -6.96420580748497        1.74122463057647
C            0.55566811172866       -5.70517310720103        1.39200913528663
N           -0.91821512223889        1.60558052051863        1.20528183342531
N           -0.60059294711977        0.95773403225003       -1.53482900519542
C           -1.15418002817365        0.60034202745565        3.46826857174313
C           -1.24897041970057        1.65786786752946        2.53710293792489
C           -1.64352855026290        3.00716823167411        2.88769500582625
H           -1.97264695075855        3.31651043151609        3.88103239141980
C           -1.49997873430221        3.76855228783116        1.76101704403501
H           -1.69559363911955        4.83365116553053        1.63420636225809
C           -1.08299221641019        2.87575890579017        0.70052137647576
C           -0.95670155869347        3.25086987363023       -0.64998503965775
C           -0.81224410282662        2.30500407615797       -1.68403360543820
C           -1.00875387984209        2.61532919151230       -3.08605561361629
H           -1.19494292800710        3.61574174536475       -3.47834021693651
C           -0.96668861901402        1.43077198183454       -3.76462268342837
H           -1.10710044112552        1.25180846397654       -4.83149406710071
C           -0.67783783419720        0.39839677801790       -2.78737661314367
C           -1.04720773904661        4.70327898521129       -1.03172216135493
C            0.13109702186972        5.41232929813629       -1.37089241433858
C            0.07981788390753        6.75552453615984       -1.78554876514261
C           -1.15684310024115        7.40628538861727       -1.83409469808404
H           -1.20111992351858        8.45738531619323       -2.14836197724768
C           -2.33860679062400        6.74180121511687       -1.49302844818962
C           -2.28248905971261        5.38874668223651       -1.10895048502222
Fe          -0.28687810197346       -0.02102413765764        0.20056052528983
Cl          -2.50554063910929       -0.68458198192757        0.15033170783530
C           -1.75177729433273        0.79885679921149        4.83968663392687
C           -1.00154681010670        1.34494019418848        5.91500135896338
C           -3.10757602669040        0.42374831171114        5.05434216657419
C           -1.59326267959106        1.51979178544747        7.18186209378432
N            0.34437969878275        1.71407987402409        5.65937253873016
C           -3.69587741667341        0.62289817193018        6.32185216297481
N           -3.81754225499398       -0.17024853310856        3.98403635896190
H           -0.99370012296513        1.92854368021706        7.99967774715187
C           -2.93279616857597        1.16171315192871        7.36107979877972
C            1.30884076345396        2.13480504888661        6.54859630276974
H            0.62664391429444        1.62058487352364        4.68173339791012
H           -4.74465815229901        0.34997956105555        6.46358842181302
C           -5.14217578681221       -0.56024118432536        3.95096868484258
H           -3.27838685842662       -0.33442145132499        3.12857596429567
H           -3.39631556999083        1.30567105796608        8.34558570112513
O            1.15110146877399        2.23658945613164        7.75992636277314
C            2.63584190556390        2.47686638980483        5.90522885764026
O           -5.95184476608080       -0.33942955584017        4.84630636869888
C           -5.53460016730042       -1.31238585449098        2.70191118345927
C            3.89178096277456        2.10514768389888        6.65060136920754
H            2.69884798931382        2.48431214798344        4.81243245475713
C            3.45546768222324        3.55025306622186        6.63184705150970
C           -6.88634389160016       -1.02739191820245        2.09605283776604
H           -4.74195890779847       -1.61215320494196        2.00667792881277
C           -6.69747239974285       -2.29517632599826        2.89470055947063
H            3.77112939185961        1.57730554935076        7.59961665531370
H            4.76330653644787        1.83899904421327        6.04902895088596
H            3.00831520676683        3.94145908890323        7.54913263877036
C            4.22753883023782        4.53019525176973        5.80623580750995
H           -7.49045926576051       -0.25157781333558        2.57493702821237
H           -6.96274907884424       -1.11192239527085        1.00850594472166
H           -7.12608249479059       -2.30956881868598        3.90164094586224
C           -6.65367755504330       -3.61203595841652        2.19490264206667
O            4.30344588139365        5.72284102511584        6.41894821064357
O            4.73961968646324        4.27964068317075        4.73133002903608
O           -7.25919079258478       -4.56756983499194        2.93422622735105
O           -6.15692271218334       -3.81722328611054        1.10572326682517
C            5.03788552452316        6.80106961141326        5.76651426400279
C           -7.32751579042909       -5.91560008528460        2.39019867461184
C            4.05423661285661        7.67003852315034        4.97311503131028
C            5.77861298315244        7.56163233699765        6.86521271365820
H            5.75035273916456        6.32523083583673        5.06899767428396
C           -7.32168225845187       -6.87110036776899        3.58452885480064
C           -8.57344465004035       -6.04261933835735        1.50641234710057
H           -6.42246167256778       -6.06123045778554        1.77030394724062
H            3.55834545131791        7.07040644812182        4.19365782009611
H            3.28964044275835        8.09139214109594        5.63950139100313
H            4.59023110368447        8.49907094851682        4.49057220920626
H            6.45736798359978        6.89474462170220        7.41198664916282
H            6.37580380787093        8.37602844997308        6.43330674856624
H            5.07427768088648        7.99585310883790        7.58624738701173
H           -6.41499561224461       -6.72801135370094        4.18657450937719
H           -8.19945082178957       -6.70007707916951        4.22579639593506
H           -7.35376613667651       -7.91364204251157        3.23939241215824
H           -8.51959703892964       -5.33470274063752        0.66813728678047
H           -8.65066488099215       -7.06033247130288        1.09907833882932
H           -9.48548260898352       -5.83990306735676        2.08828253640992
C           -0.66256537894448       -1.41658416021299       -4.53762034271534
C            0.30595705604579       -1.19101735992541       -5.55304811945854
C           -1.85320301464999       -2.12555314345285       -4.85728005313961
C            0.11991982475819       -1.72128745529737       -6.84514924279478
N            1.43525280264184       -0.40194143669320       -5.21666417303222
C           -2.02748744274673       -2.65992691899379       -6.15160346065117
N           -2.84900863622333       -2.22632200832188       -3.85797491120645
H            0.88153181079309       -1.54155764210547       -7.60929940585521
C           -1.03806185506161       -2.45729849943181       -7.11832582970514
C            2.38058255887437        0.15581628225653       -6.04993041447583
H            1.43777258634470       -0.07703313223668       -4.24822143501579
H           -2.93819719092323       -3.22370891379207       -6.37096596745773
C           -4.06985536397019       -2.86795263676273       -3.92057790646762
H           -2.65169302379387       -1.71592944441194       -2.99294410552464
H           -1.17881076310689       -2.87711206330335       -8.12284472682229
O            2.50378694172240       -0.09432700508737       -7.24312473190328
C            3.26123285932784        1.17829055970792       -5.36362624952463
O           -4.42970058872062       -3.58671004846794       -4.84753728738458
C           -4.96394826261650       -2.59292190781701       -2.73605413222080
C            3.57029740655387        2.43491040884152       -6.13962836986568
H            3.18622015853035        1.28119801559123       -4.27543667823346
C            4.65439341669007        1.39947065233151       -5.95279714032021
C           -5.85668520356706       -3.70028237270605       -2.23796509811718
H           -4.62131377575427       -1.87040213167492       -1.98603249733848
C           -6.46675610634135       -2.58775608009332       -3.05564950518165
H            3.14484640384934        2.51323299924348       -7.14361907564239
H            3.66045262828084        3.36401726687925       -5.57190758566669
H            4.91511837173554        0.78642700145061       -6.81951512192975
C            5.76461075423329        1.71736052906174       -5.00080966754307
H           -5.77338205639748       -4.66557417713481       -2.74424443248459
H           -6.05042639073040       -3.71910448805526       -1.16216930660549
H           -6.71992024639864       -2.82048376732317       -4.09455955586877
C           -7.33015652300420       -1.56270644259601       -2.39811740902251
O            6.94424181731192        1.27529253653966       -5.46957639902712
O            5.62339651077411        2.31367354061706       -3.94996363378368
O           -8.32180556712812       -1.16712808112344       -3.22508062020257
O           -7.18419796033627       -1.13705155756085       -1.26992921725705
C            8.14518683388283        1.52270981605966       -4.68099432194755
C           -9.26466416431368       -0.17117546239523       -2.73659912149208
C            9.07179421613965        0.32597590057873       -4.90234595927783
C            8.75375951457661        2.86270477793175       -5.10424863862293
H            7.82827687695916        1.58046691912654       -3.62204546149542
C           -8.71176871605557        1.23386014006181       -3.00772654409911
C          -10.59696274440230       -0.45209968692883       -3.43057316287397
H           -9.35309358565195       -0.32032607376096       -1.64509773628709
H            8.57277180990946       -0.60428943145936       -4.60052258194479
H            9.35714878495558        0.24498812420764       -5.96230476510390
H            9.99139113369519        0.44392947916563       -4.31324440958781
H            8.04510189742730        3.68077574033269       -4.92249260234344
H            9.66894589751222        3.06565894675679       -4.53129192735144
H            9.01871917084803        2.84920417640473       -6.17276248762441
H           -7.75696546169881        1.37854161352800       -2.47666248806576
H           -8.54879848866710        1.38258708155362       -4.08414016554900
H           -9.42373083955145        1.99418840863445       -2.65774952033192
H          -10.94017611127125       -1.47404462192531       -3.21626067552462
H          -11.36742189174004        0.24851554017861       -3.08172509390208
H          -10.50305348689371       -0.34284698319241       -4.51899508942954
H            4.26270628689897       -6.00504129744654        2.58310997935305
H            0.44958836463079       -7.85847017970922        1.67579514732248
H            0.99851172104260        7.27879199870842       -2.07453445030899
H           -3.30301941905208        7.26232877926734       -1.52705044135401
O            3.42803765414645       -3.50804079869166        1.92592320122478
O           -0.73031258969901       -5.52602107861689        0.93924223596476
O            1.29112853467902        4.67025563724700       -1.33867208364009
O           -3.39138538989684        4.66616353975751       -0.73442797108948
C            4.76012868880183       -3.53574726060576        2.33870524565223
C            5.77692520700631       -3.79788502260019        1.41013683250246
C            5.06950098714517       -3.22139703543040        3.66880618769324
C            7.11437105904877       -3.75175536479030        1.82459387060877
H            5.51013317482490       -4.03018552620915        0.37405947054507
C            6.41087540017964       -3.17667966455507        4.07129188295640
H            4.25289105055451       -3.01097082324060        4.36726328799598
C            7.43491040645850       -3.44336264606263        3.15312403352472
H            7.91291506217636       -3.95548042146440        1.10211415410227
H            6.65857126454250       -2.93086094167363        5.11005214363329
H            8.48504639527911       -3.40877864032161        3.47261959767810
C           -1.69437924608235       -6.51796121252740        1.08741447570013
C           -2.08398621623157       -6.97731828542224        2.35382690413920
C           -2.32957265825396       -6.99088679208391       -0.06913820623369
C           -3.10224977656166       -7.93318037952685        2.45432398634776
H           -1.59047420984300       -6.57996180801139        3.24719640308695
C           -3.35251819097786       -7.94036170130164        0.04585704929057
H           -2.01502628493480       -6.59829566160655       -1.04149402814027
C           -3.73741475384879       -8.41948246561242        1.30440227896381
H           -3.40663721185283       -8.29754202852309        3.44171881310722
H           -3.85125076690470       -8.31022039920076       -0.85655374965034
H           -4.53427241111948       -9.16998876512085        1.39021319284375
C            2.55497600424633        5.22857821932503       -1.21449490222879
C            2.84354509151017        6.28738465093370       -0.33921750779281
C            3.58548936181746        4.61301169774909       -1.94341718981857
C            4.16555011736551        6.73590435152903       -0.21396906111458
H            2.04150816829132        6.74710032382408        0.24683312385847
C            4.90162309234894        5.06446376565351       -1.80410837221252
H            3.34683054932324        3.77659491555462       -2.60797023058141
C            5.19732690254779        6.13227812828955       -0.94444606803392
H            4.39108519752583        7.56409790614518        0.47010760032607
H            5.68912775443458        4.56407881310277       -2.37817165966243
H            6.22881139863528        6.49290915214903       -0.83983343284334
C           -4.67512404283694        5.05511027598537       -1.09922389160625
C           -5.03019410147160        5.27318993764932       -2.43833413290769
C           -5.64009081119707        5.13703274632746       -0.08493145526759
C           -6.35612699511158        5.59419624855239       -2.75401549314969
H           -4.26982452425973        5.18361986327790       -3.22134455569443
C           -6.96400054571754        5.45137293519049       -0.41547492169398
H           -5.33563261584897        4.94382999192916        0.94852968537840
C           -7.32594124314366        5.68707318742549       -1.74768263766140
H           -6.63648289508028        5.76500079546504       -3.79911298324956
H           -7.71920574697039        5.51421077402620        0.37540312813630
H           -8.36410914182840        5.93773165572856       -2.00280590065726
N            1.30031396199249        0.40390725461532        0.21540687739338
C            2.53661954025519        0.59961362627695       -0.12981313038376
C            2.95854074309228        0.02295066791814       -1.36870224329929
C            4.23625819234082        0.17876884297596       -1.83649684909732
C            5.15454907595908        0.94107764642265       -1.12663031063087
C            4.77626061981902        1.50027954945875        0.08463774976863
C            3.51514874548984        1.33095177713946        0.62195750170633
C            3.23667581897712        1.85504026856792        2.00337398425005
C            1.83914780442974        2.46619746468031        2.17423939189842
C            1.79307474017054        3.83965943961755        2.76699450775208
C            2.53176070400353        4.91688542569176        2.21704267486317
C            2.17546215133966        6.11830859738350        2.72880447058557
S            0.97129407839873        5.97156995534140        3.95018579382263
C            0.94056999050923        4.27008327955031        3.73644064162548
H            2.22816961178385       -0.55990574283662       -1.90457009439989
H            4.52521017470683       -0.29334804364665       -2.76509523157168
H            6.14785961431882        1.09948869111346       -1.50997870184845
H            5.49910937838602        2.07654306789443        0.64205567918264
H            3.34426965330365        1.01405279949599        2.69868534493419
H            4.00545612079882        2.58714020155335        2.26806352604255
H            1.39221560649047        2.55576436652433        1.17881202718213
H            1.20561081965147        1.78570650383697        2.74209467118543
H            3.28867159126849        4.78137285049348        1.46944638047059
H            2.52059132423690        7.09391038399663        2.44824158998299
H            0.26404718279528        3.70714557912249        4.34128914670003
239
 energy: -392.979892587151 gnorm: 0.001734993256 xtb: 6.7.1 (edcfbbe)
N            0.12769502451194       -1.72740122742122       -0.82963002284089
N           -0.14370990261053       -1.06490479620762        1.92978741304385
C           -0.44491552272212       -0.95241709166708       -3.11913261654276
C           -0.00968978816358       -1.91507945819959       -2.18041249173370
C            0.41796190064513       -3.25586660753279       -2.53388372687356
H            0.40218402194054       -3.66517449728544       -3.54500865900631
C            0.83923344028669       -3.85193479941411       -1.37894500322236
H            1.24104169765899       -4.85682370411916       -1.24288014736779
C            0.62263447768527       -2.89756339411591       -0.30840451352268
C            0.79861746173676       -3.19238687806536        1.05851106680859
C            0.37076514533381       -2.32844566777612        2.08552973166335
C            0.29047005335396       -2.71387000853557        3.48212054814477
H            0.63220095167598       -3.67088333403577        3.87933495433649
C           -0.32072674705458       -1.68792989205105        4.14483919084939
H           -0.57763625529222       -1.61543473234266        5.20249536881747
C           -0.57591475491391       -0.65025874245804        3.16341490251881
C            1.35515750812530       -4.53782601044946        1.44328661867276
C            2.69457743273594       -4.67290755176133        1.87958304520204
C            3.22287664635988       -5.92437550416598        2.24511847404820
C            2.40783748311997       -7.05741024296605        2.16609989493871
H            2.81926658324308       -8.03788302998889        2.43991221952331
C            1.08001389738294       -6.96422347267414        1.74126883993813
C            0.55560756119796       -5.70519072882624        1.39205035269486
N           -0.91830540601413        1.60555118803675        1.20531812992630
N           -0.60064776616170        0.95772788918563       -1.53479963716346
C           -1.15426672099203        0.60033915148570        3.46833175222260
C           -1.24903445976655        1.65785742425816        2.53714635818335
C           -1.64359692784134        3.00713535440247        2.88772343202508
H           -1.97273976390077        3.31648622396186        3.88105835971473
C           -1.50004500041842        3.76852729452724        1.76104931658221
H           -1.69565847130824        4.83362860167251        1.63423037521924
C           -1.08302997687611        2.87574051709160        0.70054906888128
C           -0.95674791078717        3.25085795051185       -0.64992991867115
C           -0.81228116480171        2.30497842690333       -1.68400931297622
C           -1.00879554760056        2.61531472218577       -3.08601788791645
H           -1.19498432314106        3.61572316268063       -3.47830669586169
C           -0.96672743107088        1.43074904896444       -3.76458732491173
H           -1.10713622708951        1.25179031317340       -4.83146106578052
C           -0.67789182931172        0.39837306800921       -2.78735868107023
C           -1.04725874607518        4.70325758578572       -1.03168764112768
C            0.13104529570843        5.41231111228366       -1.37085479521338
C            0.07976969743201        6.75550516527078       -1.78551244414785
C           -1.15689273038536        7.40626745583406       -1.83406292935662
H           -1.20116708451416        8.45736729053680       -2.14833045092349
C           -2.33865688592138        6.74178321907735       -1.49300266843774
C           -2.28254177057804        5.38872939342009       -1.10892247774755
Fe          -0.28710054506866       -0.02111145359594        0.20057678102556
Cl          -2.50563621755164       -0.68459946536557        0.15036747140213
C           -1.75184052562967        0.79883396795555        4.83969408802873
C           -1.00162535143697        1.34493504864850        5.91503267123880
C           -3.10765311157484        0.42372910684182        5.05436649138255
C           -1.59335096591051        1.51977435259769        7.18189486364255
N            0.34431312323769        1.71409297315476        5.65938808502162
C           -3.69596085209506        0.62287707229463        6.32187446056493
N           -3.81761554025806       -0.17026728707958        3.98405894874258
H           -0.99378921551280        1.92852301292610        7.99971149750813
C           -2.93288221967602        1.16169350118377        7.36110567054071
C            1.30872279706553        2.13480983691660        6.54863757887653
H            0.62656066794125        1.62064116416502        4.68175027449269
H           -4.74474260824284        0.34995930532089        6.46360645921237
C           -5.14225022696893       -0.56026026626422        3.95098673848340
H           -3.27845728143912       -0.33444111931586        3.12859892716036
H           -3.39640769356920        1.30565004127551        8.34560980632907
O            1.15101005542649        2.23657003816948        7.75997180015725
C            2.63576020087479        2.47685870069920        5.90528402728999
O           -5.95192258964281       -0.33944914699563        4.84631990169689
C           -5.53466897443498       -1.31240585622281        2.70192438923156
C            3.89168638594500        2.10512778511266        6.65065593796011
H            2.69873204513307        2.48432352724234        4.81248533994492
C            3.45537678200235        3.55023869464538        6.63190312367172
C           -6.88641056262776       -1.02741070886931        2.09606163438584
H           -4.74202452229761       -1.61217269115119        2.00669612317687
C           -6.69754172598139       -2.29519657664470        2.89471143437503
H            3.77103942714412        1.57728616312984        7.59967090936949
H            4.76321784281511        1.83898692546734        6.04909270535223
H            3.00821753268736        3.94145074604364        7.54918162411316
C            4.22746991319090        4.53017062883004        5.80628428637207
H           -7.49052797477917       -0.25159676664770        2.57494351032871
H           -6.96281108677448       -1.11194194675232        1.00851392546272
H           -7.12615555065084       -2.30958841602517        3.90164952133009
C           -6.65374306417831       -3.61205529713631        2.19491101661394
O            4.30336384788197        5.72282057795682        6.41900874680119
O            4.73954973418384        4.27962243968397        4.73138426096698
O           -7.25925974879338       -4.56758885682098        2.93423579412174
O           -6.15698386035918       -3.81724326784937        1.10573491352849
C            5.03780193782361        6.80105303079149        5.76657077131055
C           -7.32758085367456       -5.91562149169137        2.39020447655179
C            4.05415194592469        7.67002062332723        4.97317247494560
C            5.77852905516100        7.56161356638157        6.86527476016830
H            5.75027594911720        6.32520982432738        5.06906047774074
C           -7.32175180056444       -6.87112083292083        3.58453646120244
C           -8.57350716964712       -6.04263904082345        1.50641348594245
H           -6.42252485911085       -6.06124990639382        1.77031524884371
H            3.55824078323772        7.07037812089084        4.19374171096222
H            3.28955524887230        8.09137521410139        5.63955698340968
H            4.59015505051883        8.49905323409773        4.49062934558114
H            6.45728059136889        6.89472489214754        7.41205102794866
H            6.37572199344113        8.37600864332296        6.43337144509277
H            5.07419081769655        7.99583269806987        7.58630773900321
H           -6.41506781895870       -6.72803103865568        4.18658581668436
H           -8.19952373757650       -6.70009744928220        4.22579963889802
H           -7.35383440989533       -7.91366226615067        3.23939936421095
H           -8.51965595510955       -5.33472248395545        0.66813874225041
H           -8.65072489098841       -7.06035286352069        1.09907937724891
H           -9.48554708295597       -5.83992361602444        2.08828008773051
C           -0.66260277803434       -1.41660402187793       -4.53758409306163
C            0.30591864378091       -1.19103630186763       -5.55301039126705
C           -1.85323858584586       -2.12557298039058       -4.85725047179934
C            0.11989314082677       -1.72130612172043       -6.84511025647601
N            1.43521835601520       -0.40196399814639       -5.21662257068661
C           -2.02751773267620       -2.65994584705920       -6.15157398792496
N           -2.84905165543414       -2.22634093876145       -3.85794759657553
H            0.88150855823868       -1.54157599371165       -7.60925771456771
C           -1.03808816186522       -2.45731739765704       -7.11829285457732
C            2.38054640430485        0.15578352407791       -6.04989031305374
H            1.43772916592110       -0.07704739222928       -4.24818086360491
H           -2.93822696549476       -3.22372805606201       -6.37094089710222
C           -4.06989235955013       -2.86797223042355       -3.92056078452653
H           -2.65173658906467       -1.71594815585833       -2.99291764018099
H           -1.17883195309104       -2.87713037718920       -8.12281217913998
O            2.50376193493052       -0.09434824894361       -7.24307747207391
C            3.26120349258766        1.17826579332168       -5.36357742447123
O           -4.42973726022340       -3.58672979008495       -4.84751886539765
C           -4.96399545160287       -2.59294108154468       -2.73603594032282
C            3.57027175445491        2.43487894869806       -6.13957362889555
H            3.18616314255917        1.28120926770070       -4.27539848474643
C            4.65437062257869        1.39943522121591       -5.95272349204000
C           -5.85673210077592       -3.70030242849827       -2.23795224776271
H           -4.62136262041937       -1.87042110206049       -1.98601487295848
C           -6.46680067678315       -2.58777431131827       -3.05564079281002
H            3.14482416853805        2.51321457344391       -7.14356633178403
H            3.66042358457603        3.36399425337433       -5.57185240708297
H            4.91509211652263        0.78640150516110       -6.81945526002977
C            5.76456745351047        1.71732291511162       -5.00074749003537
H           -5.77342677331059       -4.66559397084198       -2.74423155229625
H           -6.05047864172596       -3.71912381745400       -1.16215713292955
H           -6.71995967094918       -2.82050301414466       -4.09455130653811
C           -7.33020312658089       -1.56272611746886       -2.39810966408846
O            6.94420895258945        1.27527686465327       -5.46950384718228
O            5.62335639262922        2.31364090871426       -3.94988166211810
O           -8.32184960548387       -1.16714690423119       -3.22508026528675
O           -7.18425061130933       -1.13707028099050       -1.26992192446191
C            8.14515169593681        1.52269388268470       -4.68091547528006
C           -9.26470999198268       -0.17119273835517       -2.73660058736351
C            9.07175943692914        0.32595933950521       -4.90226502981292
C            8.75372428641334        2.86268686032655       -5.10417107656340
H            7.82822553113703        1.58048007681871       -3.62197907093767
C           -8.71181364537576        1.23384203096245       -3.00772654118073
C          -10.59700620042052       -0.45211780230520       -3.43058101513301
H           -9.35314423250956       -0.32034489113357       -1.64510010288342
H            8.57273542927831       -0.60430303630040       -4.60044087707840
H            9.35711897940548        0.24497121725995       -5.96222226522662
H            9.99135387322132        0.44391218137430       -4.31315844065971
H            8.04506631978784        3.68075654651437       -4.92241795610945
H            9.66890793810689        3.06564148147960       -4.53120981157799
H            9.01868967911758        2.84918613190050       -6.17268326172366
H           -7.75701222056259        1.37852359130586       -2.47665823044853
H           -8.54883861481340        1.38256924046596       -4.08413958207741
H           -9.42377722401391        1.99417058387743       -2.65775253856538
H          -10.94021986375579       -1.47406296587490       -3.21626981842516
H          -11.36746636935340        0.24849760291153       -3.08173609502282
H          -10.50309176413415       -0.34286459948559       -4.51900248507896
H            4.26264060646086       -6.00505716128211        2.58316807787417
H            0.44952627045606       -7.85848838469630        1.67583710800826
H            0.99846414018456        7.27877356773325       -2.07449272630892
H           -3.30307060595843        7.26231091516600       -1.52702821118192
O            3.42797006320883       -3.50806146521721        1.92598161096030
O           -0.73037281973211       -5.52603935291190        0.93927829465459
O            1.29108269301065        4.67023440624108       -1.33862803696168
O           -3.39143952374163        4.66614519105314       -0.73440498826428
C            4.76006604164301       -3.53576441218886        2.33875703494865
C            5.77686232713717       -3.79789072983745        1.41019252397971
C            5.06942663677159       -3.22140624288326        3.66886394227117
C            7.11430625905325       -3.75177184956762        1.82466406585219
H            5.51007641683496       -4.03019052222824        0.37411178043877
C            6.41079952561620       -3.17669667192988        4.07135947083570
H            4.25281483690933       -3.01098371190442        4.36732090495495
C            7.43483950950949       -3.44338006011971        3.15319575626696
H            7.91285427375179       -3.95549625403228        1.10218838791636
H            6.65849194861411       -2.93087636775090        5.11012043411878
H            8.48497467103491       -3.40879508043574        3.47269559196291
C           -1.69443822806823       -6.51797932940999        1.08744725406428
C           -2.08405056786705       -6.97733656379403        2.35385755670811
C           -2.32962773733288       -6.99090600690277       -0.06910965192702
C           -3.10231500818963       -7.93319962907635        2.45434922944755
H           -1.59054241722722       -6.57997961233567        3.24722944280559
C           -3.35257262706457       -7.94038086595316        0.04588088926779
H           -2.01507663647498       -6.59831449261861       -1.04146391883065
C           -3.73747476537008       -8.41950174184788        1.30442649135637
H           -3.40670592992033       -8.29756088193972        3.44174394341753
H           -3.85130215920370       -8.31023989780534       -0.85653174521721
H           -4.53433285411146       -9.17000853185868        1.39023206720307
C            2.55492302382318        5.22855441019951       -1.21444066797286
C            2.84348082544362        6.28736773188590       -0.33917724098762
C            3.58543997250648        4.61299102567697       -1.94335894703173
C            4.16548418452847        6.73589009894077       -0.21392091424197
H            2.04145160859805        6.74708505998727        0.24686678063234
C            4.90157334106591        5.06444681564700       -1.80404793918539
H            3.34678920323675        3.77656916827747       -2.60791303903026
C            5.19727114026184        6.13226497960685       -0.94438980505062
H            4.39102651118345        7.56408147791700        0.47015944243665
H            5.68908434123091        4.56405426541846       -2.37810668998259
H            6.22875643379096        6.49289153503318       -0.83976745144230
C           -4.67517668715695        5.05509238627085       -1.09920848565750
C           -5.03024022871174        5.27317184850203       -2.43831922686822
C           -5.64014867149747        5.13701485727002       -0.08491848118881
C           -6.35617329077755        5.59417855888144       -2.75400531174135
H           -4.26986723435879        5.18360188746341       -3.22132659448426
C           -6.96405623868359        5.45135508752472       -0.41546704636818
H           -5.33569425596459        4.94381221273128        0.94854398538168
C           -7.32599127425115        5.68705496839314       -1.74767879922543
H           -6.63652360135908        5.76498328289532       -3.79910521606092
H           -7.71926560509483        5.51419293351103        0.37540730717858
H           -8.36415879134026        5.93771395133759       -2.00280444536957
N            1.30054742416531        0.40156684284506        0.21615161257128
C            2.53774359542832        0.59665806522448       -0.12876940980460
C            2.95797668440245        0.02632854678271       -1.37147569736849
C            4.23545715523519        0.18223768925083       -1.83900232351431
C            5.15502692042169        0.94069961045393       -1.12510666941110
C            4.77759488817513        1.49602827861151        0.08785965519130
C            3.51658323270044        1.32616873616651        0.62516522688268
C            3.23710616800993        1.85402267017346        2.00464400463565
C            1.84016712285032        2.46553080519573        2.17416216660955
C            1.79507247745763        3.83906178996378        2.76674102385456
C            2.53429859208196        4.91634908798038        2.21766972325067
C            2.17654113231470        6.11834380732376        2.72776331504395
S            0.97350582392531        5.97166046089717        3.95014279702702
C            0.94084543239908        4.27024525387845        3.73467806235370
H            2.22618669308361       -0.55361668382585       -1.91022237828354
H            4.52281391149065       -0.28413154304773       -2.77049226867903
H            6.14939019187429        1.09795471646472       -1.50766436645314
H            5.50062123575875        2.07170581021988        0.64683224732992
H            3.34759787146489        1.01808426001035        2.70339062186685
H            4.00287417491984        2.58903181240666        2.26327118979216
H            1.39270551625741        2.55483377208227        1.17907222536879
H            1.20645031482031        1.78570772400295        2.74170146484963
H            3.28879138290401        4.78046613309107        1.46755749330716
H            2.52068503934183        7.09324766375792        2.44579939635810
H            0.26287306574721        3.70885472543787        4.33905355670652
239
 energy: -392.979929138507 gnorm: 0.002858223879 xtb: 6.7.1 (edcfbbe)
N            0.12752399055736       -1.72749117507413       -0.82952533472037
N           -0.14397763835939       -1.06492163790866        1.92989694587696
C           -0.44507326757693       -0.95249343644102       -3.11903361739213
C           -0.00984230557803       -1.91514720010066       -2.18030306305222
C            0.41781058756317       -3.25594016019761       -2.53375389546597
H            0.40204455168808       -3.66524521830447       -3.54488019875227
C            0.83907279994401       -3.85199092980006       -1.37881050295557
H            1.24086958678642       -4.85687257125382       -1.24272597383060
C            0.62243160932024       -2.89756713423866       -0.30830806998700
C            0.79841051253510       -3.19241283330733        1.05866559053720
C            0.37054856252371       -2.32848785489335        2.08564643898686
C            0.29022949706137       -2.71387815318798        3.48224489618419
H            0.63195432326834       -3.67088576729982        3.87946731995671
C           -0.32098998692813       -1.68790307513262        4.14493516128123
H           -0.57790491244272       -1.61543271913256        5.20259577410000
C           -0.57613797193591       -0.65031365670058        3.16348580766469
C            1.35494592996090       -4.53784692910082        1.44343760108486
C            2.69436149833302       -4.67292111346827        1.87975741283808
C            3.22265819553702       -5.92438489812940        2.24531217890139
C            2.40762329876347       -7.05742382609847        2.16629178641194
H            2.81905129183000       -8.03789270058864        2.44011918412806
C            1.07980567873160       -6.96424457430590        1.74143977213186
C            0.55540298005962       -5.70521617048573        1.39220132904518
N           -0.91848968745387        1.60550366548398        1.20537613001625
N           -0.60082506534021        0.95768849891266       -1.53469344523964
C           -1.15455055019143        0.60035861231919        3.46844802071322
C           -1.24924954106125        1.65784411989026        2.53721290408298
C           -1.64385859035454        3.00709007262452        2.88775055991601
H           -1.97303227920299        3.31646839595186        3.88108614274435
C           -1.50028568012038        3.76849781299350        1.76108589671829
H           -1.69590048595573        4.83359641681400        1.63424443681886
C           -1.08323564539929        2.87570703872618        0.70057807372743
C           -0.95695077861918        3.25082249995910       -0.64984854027615
C           -0.81246128659588        2.30490184453995       -1.68396868826429
C           -1.00896063002386        2.61525051286725       -3.08595419703651
H           -1.19514539971091        3.61564570803527       -3.47826783094791
C           -0.96687511157464        1.43066114590672       -3.76451843917822
H           -1.10727218084120        1.25170392781841       -4.83139841237770
C           -0.67806465952497        0.39830235121351       -2.78730721246958
C           -1.04745755708563        4.70319941080101       -1.03165554404750
C            0.13084244871526        5.41226117735796       -1.37081157485323
C            0.07957639449426        6.75544755696899       -1.78548430473308
C           -1.15709063733722        7.40620829640369       -1.83405775739074
H           -1.20136081911378        8.45730498206916       -2.14833502508426
C           -2.33885522526048        6.74172322007113       -1.49301003269754
C           -2.28274374076584        5.38867368756258       -1.10891536866452
Fe          -0.28734763104700       -0.02125412257666        0.20069690480267
Cl          -2.50584768739767       -0.68464524760995        0.15041663110364
C           -1.75209378975428        0.79882709628036        4.83971635918207
C           -1.00191185904688        1.34496963624519        5.91509517569696
C           -3.10793054672605        0.42372515471772        5.05441143156411
C           -1.59366260263067        1.51979478538922        7.18194953581396
N            0.34405176467957        1.71416191502189        5.65942843012997
C           -3.69625709477786        0.62288099470305        6.32190526638213
N           -3.81787485293387       -0.17028209553784        3.98409677168982
H           -0.99411067895678        1.92854979363295        7.99976962732576
C           -2.93319060371089        1.16170922057968        7.36114373858728
C            1.30835823153159        2.13485451217983        6.54872120206635
H            0.62625923638700        1.62074891512813        4.68180420222062
H           -4.74503974745056        0.34996261938450        6.46362497876429
C           -5.14250864712516       -0.56027898652843        3.95100970549266
H           -3.27870373803266       -0.33446318133010        3.12864407611661
H           -3.39673449707150        1.30567231305725        8.34563989690549
O            1.15069306354897        2.23660696040470        7.76006289319179
C            2.63547768088861        2.47688799575936        5.90539938064443
O           -5.95219489405858       -0.33946257497896        4.84632698444082
C           -5.53490719940592       -1.31243852417082        2.70194344791598
C            3.89137243242588        2.10515471075682        6.65078236003023
H            2.69841028243727        2.48437371183233        4.81260198617472
C            3.45505955148850        3.55027155477158        6.63201580577891
C           -6.88664070230030       -1.02744993724209        2.09606110286516
H           -4.74225166412434       -1.61220781158794        2.00673228318298
C           -6.69777959804663       -2.29523047004312        2.89472698362853
H            3.77072299229690        1.57732218915895        7.59980107847241
H            4.76291947887915        1.83902450057195        6.04923849224527
H            3.00789008884824        3.94149382198925        7.54927918554711
C            4.22718845790599        4.53018502196405        5.80637940215379
H           -7.49076730436754       -0.25163434552622        2.57492763433408
H           -6.96302522576482       -1.11199264887116        1.00851298911209
H           -7.12640796976262       -2.30961324078784        3.90165750774583
C           -6.65396681453985       -3.61209304416275        2.19493463014930
O            4.30304389918594        5.72285675878751        6.41912003472348
O            4.73926964170480        4.27964308961040        4.73150668421516
O           -7.25949308512234       -4.56762074210705        2.93426536417430
O           -6.15719206417584       -3.81729066623709        1.10577000261614
C            5.03749209520542        6.80108222405815        5.76666944752214
C           -7.32780070139799       -5.91566274343749        2.39023898494185
C            4.05384996324133        7.67003896054790        4.97324466858157
C            5.77820859399349        7.56164870992361        6.86538239841918
H            5.74998334841173        6.32522799132401        5.06917926417055
C           -7.32198676398574       -6.87114947265365        3.58458206634345
C           -8.57371559456156       -6.04268827439605        1.50643262243222
H           -6.42273666412398       -6.06129105688285        1.77036735212882
H            3.55791448050181        7.07041807924227        4.19378388956696
H            3.28924779376286        8.09139505262125        5.63962457060658
H            4.58986485699337        8.49906673911305        4.49071055624430
H            6.45695231981275        6.89476529084458        7.41217430877898
H            6.37540676078882        8.37603920658873        6.43348160389582
H            5.07385924369171        7.99587027202103        7.58640281905325
H           -6.41531224217446       -6.72805104011833        4.18664304264899
H           -8.19976924511945       -6.70012215410842        4.22583011659209
H           -7.35406201199009       -7.91369366890836        3.23945317707580
H           -8.51985358580742       -5.33477946879736        0.66815251864447
H           -8.65092411654568       -7.06040667885871        1.09910624194387
H           -9.48576382175902       -5.83997092256508        2.08828417799068
C           -0.66273486122698       -1.41668674240259       -4.53749045211833
C            0.30579285123242       -1.19113078264297       -5.55290653068155
C           -1.85336368456261       -2.12566259103477       -4.85716877385592
C            0.11979676161577       -1.72140692253381       -6.84500193353007
N            1.43509992175145       -0.40205708562805       -5.21651041761538
C           -2.02762301900680       -2.66004623924623       -6.15148846302794
N           -2.84919652777341       -2.22642278991069       -3.85787565899308
H            0.88142203741629       -1.54168316571029       -7.60914103825539
C           -1.03818037029127       -2.45742440335676       -7.11819599311720
C            2.38042045538331        0.15567513567730       -6.04978049187719
H            1.43757635104096       -0.07710483744728       -4.24807843623102
H           -2.93832819057810       -3.22383371161527       -6.37086424364203
C           -4.07002385196520       -2.86806025577254       -3.92050888914515
H           -2.65188939462318       -1.71602324715791       -2.99284995245215
H           -1.17890730365957       -2.87724654694862       -8.12271322399337
O            2.50367014567002       -0.09445033770354       -7.24295012207436
C            3.26107628831504        1.17818747756734       -5.36345999755989
O           -4.42986101190341       -3.58682550026509       -4.84746067168670
C           -4.96415445411196       -2.59301903543781       -2.73599058463224
C            3.57015530860849        2.43477841797475       -6.13945436470972
H            3.18596839857124        1.28121127940060       -4.27531016078968
C            4.65426676821111        1.39932930290752       -5.95255491727734
C           -5.85689091513991       -3.70037963525997       -2.23791348526544
H           -4.62153086662019       -1.87049169339034       -1.98597479034279
C           -6.46695236672994       -2.58785734121846       -3.05562314169300
H            3.14472483954269        2.51312024889239       -7.14345243246965
H            3.66029693365088        3.36391025744362       -5.57173793307665
H            4.91498826734026        0.78630358936119       -6.81930127050148
C            5.76442583795356        1.71724217440817       -5.00060371025263
H           -5.77357671659269       -4.66567460318702       -2.74418352831341
H           -6.05065457013080       -3.71919050328622       -1.16212121009059
H           -6.72009513027370       -2.82059792322559       -4.09453368315943
C           -7.33036508822041       -1.56280896811296       -2.39810903782178
O            6.94408634368064        1.27520813587038       -5.46931662158547
O            5.62320949444501        2.31357612020313       -3.94971140800657
O           -8.32200265701308       -1.16723776395680       -3.22510340345829
O           -7.18443239710563       -1.13714063151268       -1.26992603708374
C            8.14501949906517        1.52263163265833       -4.68070771270159
C           -9.26487257520086       -0.17127982380399       -2.73664243660610
C            9.07162888731271        0.32589680436472       -4.90204005439135
C            8.75359022647384        2.86262153532790       -5.10397591166388
H            7.82806348527820        1.58045109647249       -3.62179102571805
C           -8.71197617486712        1.23375202965236       -3.00777384240259
C          -10.59715861096235       -0.45221535227510       -3.43064073952131
H           -9.35332210659157       -0.32042469807498       -1.64514308787202
H            8.57260287735182       -0.60436158161316       -4.60021046765624
H            9.35700567051670        0.24490245787062       -5.96199161179120
H            9.99121507506262        0.44385852560399       -4.31291994076175
H            8.04492928024608        3.68069017672322       -4.92223839005083
H            9.66876501851097        3.06558374553154       -4.53100180508036
H            9.01857287784306        2.84911250555717       -6.17248314313731
H           -7.75718227759723        1.37844090147922       -2.47669294205272
H           -8.54898569580253        1.38247044051170       -4.08418604302688
H           -9.42394671352801        1.99408236106846       -2.65781707626597
H          -10.94037202757791       -1.47415953753376       -3.21632537887610
H          -11.36762508193134        0.24840126631894       -3.08181315211157
H          -10.50322806220563       -0.34297124085326       -4.51906172319114
H            4.26241796796877       -6.00506091261569        2.58337735804364
H            0.44932110760110       -7.85851226082586        1.67600692253087
H            0.99827220131423        7.27871732721271       -2.07445615299247
H           -3.30327153414345        7.26224821528073       -1.52705255593366
O            3.42774460166051       -3.50808016333375        1.92616041191217
O           -0.73057514078593       -5.52607326326845        0.93940885385963
O            1.29089651781159        4.67018300792455       -1.33856542912875
O           -3.39164345647235        4.66608867406849       -0.73440630110814
C            4.75984343363479       -3.53578001967370        2.33894224070757
C            5.77664762069573       -3.79788930873926        1.41039265758094
C            5.06917694396805       -3.22139897622243        3.66905979236342
C            7.11408729010521       -3.75177346993991        1.82489653933794
H            5.50988055959024       -4.03018924556146        0.37430307805679
C            6.41054328995907       -3.17668100715142        4.07157623798812
H            4.25255550864653       -3.01096963914911        4.36750330105718
C            7.43459944919962       -3.44337055627233        3.15342860753781
H            7.91264653898888       -3.95550380044089        1.10243375174261
H            6.65822144423772       -2.93084982079733        5.11033816697166
H            8.48472980424128       -3.40878099755586        3.47294402990036
C           -1.69463658340163       -6.51801341090838        1.08757471195336
C           -2.08426706148244       -6.97736062682433        2.35398189981551
C           -2.32981079415249       -6.99095387262346       -0.06899002514112
C           -3.10253193177679       -7.93322661501617        2.45446530156704
H           -1.59077317257208       -6.57999407310771        3.24735775939957
C           -3.35275285497737       -7.94042948748823        0.04599338617470
H           -2.01524468842028       -6.59836961819473       -1.04134251148668
C           -3.73767283599946       -8.41954023652558        1.30454148171136
H           -3.40693517964898       -8.29757892088105        3.44186090086378
H           -3.85146957076832       -8.31029845365679       -0.85642247776069
H           -4.53453061378692       -9.17004875592415        1.39033804237270
C            2.55471295821066        5.22850866789741       -1.21437040740442
C            2.84324827678052        6.28734918423173       -0.33914125585458
C            3.58525385148560        4.61294009064229       -1.94325725403911
C            4.16525537666289        6.73586798210601       -0.21384231616739
H            2.04122469297119        6.74705225427545        0.24689442274769
C            4.90138556002725        5.06440492620404       -1.80392973079402
H            3.34662019051364        3.77650579423341       -2.60780243155760
C            5.19706777582608        6.13223227361397       -0.94427656042584
H            4.39080385787841        7.56405569810888        0.47024175360888
H            5.68890794428029        4.56400160057902       -2.37797390568177
H            6.22854867707041        6.49286015589331       -0.83964197796246
C           -4.67537709657269        5.05502942448388       -1.09923495699222
C           -5.03042055392217        5.27309605189340       -2.43834988801686
C           -5.64036542495792        5.13695856857594       -0.08495624944232
C           -6.35635279332931        5.59409697089340       -2.75405643557706
H           -4.27003661575991        5.18352093636749       -3.22134622202706
C           -6.96426708864921        5.45129265353273       -0.41552529947792
H           -5.33592416716416        4.94376597954842        0.94851173327034
C           -7.32618354613376        5.68697956554083       -1.74774922350814
H           -6.63668620222141        5.76489178687560       -3.79916419096387
H           -7.71948938076415        5.51413550213699        0.37533603857499
H           -8.36434923359865        5.93763395063543       -2.00288791276734
N            1.30072719091705        0.39864730292872        0.21674065281111
C            2.53886040378294        0.59444000409538       -0.12854638036807
C            2.95557234333309        0.03823417113548       -1.37925177667478
C            4.23291162772648        0.19316766559118       -1.84591567854224
C            5.15715159575032        0.93703995080338       -1.11991374151458
C            4.78184132895510        1.48220285647352        0.09724890778085
C            3.51929324664369        1.31538033174672        0.63247463088391
C            3.23982624880508        1.85294289183056        2.00800451895073
C            1.84253581852581        2.46278629014768        2.17363811729786
C            1.79909171696156        3.83671143852822        2.76544074501114
C            2.53933827711876        4.91391418189564        2.21761636257095
C            2.18151257377061        6.11678970983635        2.72647857026846
S            0.97586753446191        5.97098215621543        3.94611028453220
C            0.94215804401449        4.26918953962179        3.73083102840936
H            2.21957380516076       -0.53132952572642       -1.92601230659001
H            4.51635621536399       -0.25727956671317       -2.78574448325494
H            6.15362130114078        1.09118046713381       -1.50046828101042
H            5.50668869998797        2.05149939600587        0.66229347799544
H            3.35709674250938        1.02905024749542        2.71669703042005
H            4.00022641011406        2.59576287431043        2.25139902807776
H            1.39556728723792        2.55199719020167        1.17838779437264
H            1.20759591935860        1.78405380500217        2.74009316080423
H            3.29109109703281        4.77661938126261        1.46474083954837
H            2.52756522264002        7.09005974368837        2.44422716771635
H            0.26148611435781        3.71143174139264        4.33517478712338
239
 energy: -392.979942290312 gnorm: 0.001985316362 xtb: 6.7.1 (edcfbbe)
N            0.12749912445837       -1.72746668296340       -0.82950603179313
N           -0.14402810999608       -1.06489574523436        1.92992066509570
C           -0.44511010018199       -0.95248836039794       -3.11901309196324
C           -0.00987200364032       -1.91513363423940       -2.18026997565574
C            0.41778111178583       -3.25592725173176       -2.53372055620787
H            0.40201852647579       -3.66523846665813       -3.54484628101530
C            0.83903715195311       -3.85197360402410       -1.37877745221172
H            1.24084062652679       -4.85685416235873       -1.24268729277093
C            0.62240073978365       -2.89754740321285       -0.30827511356711
C            0.79836651089866       -3.19238847260900        1.05869207668152
C            0.37049929826281       -2.32845920516083        2.08567144223308
C            0.29017830697193       -2.71384472528151        3.48227002065421
H            0.63190432148877       -3.67085086337183        3.87950052765627
C           -0.32104612375737       -1.68787605056180        4.14495963468207
H           -0.57796676511160       -1.61539744878818        5.20261666830331
C           -0.57620395104040       -0.65028019931132        3.16350593810289
C            1.35490677907818       -4.53781912290732        1.44347662907587
C            2.69432277980352       -4.67288592473739        1.87980045063937
C            3.22262077584688       -5.92434845895834        2.24536192046153
C            2.40758997249944       -7.05738974207997        2.16634326757776
H            2.81901993739545       -8.03785652558232        2.44017540045784
C            1.07977336667651       -6.96421627818388        1.74148677840162
C            0.55536815465671       -5.70519063969444        1.39224230022381
N           -0.91853354149748        1.60552895322266        1.20538754438150
N           -0.60088269598442        0.95770039177551       -1.53468573358711
C           -1.15460683484924        0.60038203805329        3.46844873140293
C           -1.24931434816312        1.65786393683275        2.53721874506981
C           -1.64392487754167        3.00712154497146        2.88775439753012
H           -1.97309754068981        3.31649738585869        3.88108871141080
C           -1.50035463895944        3.76851989711071        1.76108509451809
H           -1.69596997712170        4.83361561581791        1.63423731832313
C           -1.08329563723752        2.87572537826423        0.70058709255512
C           -0.95700731133057        3.25083431135977       -0.64984874817884
C           -0.81251700508726        2.30491828861331       -1.68396161780341
C           -1.00900888018678        2.61525550586331       -3.08594788378880
H           -1.19519521067322        3.61564865345756       -3.47826566412910
C           -0.96691630568959        1.43066381897076       -3.76450972934420
H           -1.10730923396465        1.25170120214952       -4.83138819838680
C           -0.67810987505613        0.39831096062406       -2.78729515862966
C           -1.04751869390223        4.70321221933094       -1.03165715214701
C            0.13077928774621        5.41227629056543       -1.37081140505281
C            0.07951089033696        6.75546050441106       -1.78548890486455
C           -1.15715780561027        7.40621646656983       -1.83406858465134
H           -1.20143058610813        8.45731178450296       -2.14834964938176
C           -2.33892153276589        6.74172870886485       -1.49302229969604
C           -2.28280677990505        5.38868064924824       -1.10892292333330
Fe          -0.28732324370115       -0.02119957157810        0.20070538167968
Cl          -2.50589074264204       -0.68463531860125        0.15043273873781
C           -1.75216665008030        0.79885842005147        4.83973467471686
C           -1.00198637398351        1.34500013767304        5.91510637011430
C           -3.10799820698862        0.42375171326807        5.05441833394978
C           -1.59374028862684        1.51983328222583        7.18195614801839
N            0.34397637958927        1.71418995956039        5.65944989022785
C           -3.69632929852249        0.62291081414568        6.32190874245336
N           -3.81793658208163       -0.17026173710963        3.98410218885593
H           -0.99419361676843        1.92859437756440        7.99977817018651
C           -2.93326913208800        1.16174533224518        7.36114805970999
C            1.30828792905829        2.13489307844122        6.54873727886273
H            0.62619117613241        1.62075878057696        4.68182795031351
H           -4.74511153574771        0.34998966307643        6.46362599559710
C           -5.14256815545941       -0.56026288175288        3.95101218135521
H           -3.27876165807710       -0.33444360406698        3.12865270441740
H           -3.39681630414222        1.30571085174889        8.34564195582501
O            1.15061150715315        2.23665644726876        7.76007730589599
C            2.63540199844140        2.47693171582576        5.90541559661122
O           -5.95225845655054       -0.33944565302189        4.84632652401800
C           -5.53496035885806       -1.31242795803264        2.70194876373327
C            3.89129736505454        2.10520883635176        6.65080660348824
H            2.69834868771436        2.48441182759516        4.81261911337858
C            3.45497945551782        3.55032258902587        6.63203226185305
C           -6.88669259167189       -1.02744659338702        2.09606049326573
H           -4.74230135210625       -1.61219734370904        2.00674079795784
C           -6.69783009412518       -2.29522301025603        2.89473117577812
H            3.77064410924855        1.57737941105076        7.59982703481218
H            4.76284715654001        1.83907787254931        6.04926428823768
H            3.00780632905745        3.94154425562478        7.54929495615490
C            4.22710431314972        4.53023691427843        5.80639720937327
H           -7.49082336200899       -0.25163111343959        2.57492203353462
H           -6.96307315895820       -1.11199323479210        1.00851261413076
H           -7.12646200666931       -2.30960369829342        3.90166051240837
C           -6.65401082060158       -3.61208836156733        2.19494494023718
O            4.30295463352416        5.72291248477783        6.41913304945330
O            4.73919006087342        4.27969368932112        4.73152698804750
O           -7.25953629145617       -4.56761530336429        2.93427589148117
O           -6.15723171212532       -3.81728796511773        1.10578229785829
C            5.03740472941819        6.80113482981093        5.76668450518402
C           -7.32783809542646       -5.91565894260661        2.39025566046838
C            4.05376545111765        7.67008845035287        4.97326416844463
C            5.77811243484349        7.56171114271811        6.86539342094973
H            5.74989755965988        6.32528322098606        5.06919473887391
C           -7.32202527354012       -6.87114121095131        3.58460181836136
C           -8.57374922019224       -6.04269234939705        1.50644569708259
H           -6.42277129873178       -6.06128700067050        1.77038703345579
H            3.55786102313907        7.07043383212737        4.19384389965300
H            3.28915264647912        8.09144503085850        5.63962711339785
H            4.58977363795508        8.49911557007047        4.49071496849409
H            6.45685674113483        6.89483200001922        7.41219010539546
H            6.37530816576177        8.37610338191900        6.43349083155961
H            5.07375830915803        7.99593383818716        7.58640933430963
H           -6.41535316286454       -6.72803789532607        4.18666518321098
H           -8.19981024588424       -6.70011452667285        4.22584653115590
H           -7.35409580068063       -7.91368689398251        3.23947702857097
H           -8.51988681364144       -5.33478654342970        0.66816300870592
H           -8.65095327241391       -7.06041229059012        1.09912293371600
H           -9.48580025252799       -5.83997561121668        2.08829340234841
C           -0.66276392504972       -1.41668685539901       -4.53746970977724
C            0.30576609045515       -1.19113211927425       -5.55288256394797
C           -1.85338974610372       -2.12566813253783       -4.85714772361644
C            0.11977589831005       -1.72141300849580       -6.84497672811306
N            1.43506979364470       -0.40205186564553       -5.21648713644651
C           -2.02764263497411       -2.66005706185355       -6.15146634975921
N           -2.84922419907497       -2.22642712193995       -3.85785874664001
H            0.88140286215195       -1.54169001775741       -7.60911372774600
C           -1.03819756694451       -2.45743552460575       -7.11817118484166
C            2.38039258362604        0.15568336904048       -6.04975320940045
H            1.43753942646952       -0.07709377418483       -4.24805869527606
H           -2.93834504672425       -3.22384858211276       -6.37084285453976
C           -4.07005094202096       -2.86806959258342       -3.92049168263112
H           -2.65192252213560       -1.71602475495971       -2.99283324723585
H           -1.17892006023418       -2.87726223521773       -8.12268740285347
O            2.50364519896057       -0.09444967486283       -7.24292269452423
C            3.26103483232308        1.17820360578194       -5.36343833725461
O           -4.42988160467060       -3.58683911263093       -4.84744275076998
C           -4.96418474582764       -2.59302703854158       -2.73597898477065
C            3.57011547185547        2.43479291180978       -6.13943460183020
H            3.18591973080214        1.28123464146089       -4.27529394920968
C            4.65422998801047        1.39934601575661       -5.95253158591303
C           -5.85691983105691       -3.70038844067283       -2.23790028640843
H           -4.62156640485728       -1.87049569818070       -1.98596425046972
C           -6.46698200844044       -2.58787188280355       -3.05561545538524
H            3.14468983966460        2.51312388156763       -7.14343330301613
H            3.66025398150257        3.36392286844081       -5.57171956468013
H            4.91495864765527        0.78631620390300       -6.81926993706013
C            5.76439225899451        1.71727130345840       -5.00057221491499
H           -5.77360075525761       -4.66568508311795       -2.74416619936655
H           -6.05068668757038       -3.71919623378062       -1.16210866203134
H           -6.72012083458183       -2.82061692655021       -4.09452610857797
C           -7.33040043940296       -1.56282366949796       -2.39810894472969
O            6.94405052099097        1.27522836412779       -5.46928175430532
O            5.62316664213035        2.31360533504911       -3.94968622053643
O           -8.32203649649604       -1.16725905548271       -3.22510701536817
O           -7.18447259003368       -1.13715074803990       -1.26992676342499
C            8.14498048521599        1.52266005249381       -4.68066962679032
C           -9.26491146649292       -0.17130312521573       -2.73665363358184
C            9.07159388177049        0.32592715179717       -4.90199549522290
C            8.75354798004438        2.86265082529984       -5.10394037801140
H            7.82802379970650        1.58047274485959       -3.62175057587742
C           -8.71201880423891        1.23372990527128       -3.00778809974073
C          -10.59719399328077       -0.45224572027252       -3.43065500752002
H           -9.35336398213946       -0.32044368067358       -1.64515389601600
H            8.57257008379645       -0.60433306503860       -4.60016412654934
H            9.35697460141452        0.24492933940914       -5.96194551436487
H            9.99117783408287        0.44389458872876       -4.31287321239101
H            8.04488397902124        3.68071840253446       -4.92220739528872
H            9.66872030962075        3.06561800361690       -4.53096435389224
H            9.01853406249773        2.84913812342434       -6.17244672716635
H           -7.75722727397629        1.37842407594504       -2.47670463366449
H           -8.54902538018157        1.38244478010353       -4.08420025511847
H           -9.42399305367397        1.99405905088430       -2.65783655669788
H          -10.94040487727631       -1.47419018787650       -3.21633702950995
H          -11.36766416537414        0.24836952018278       -3.08183269152570
H          -10.50326046675497       -0.34300557031747       -4.51907607764354
H            4.26237959138918       -6.00502014166236        2.58343048180189
H            0.44929215760930       -7.85848608285306        1.67605500202505
H            0.99820609090400        7.27873223371261       -2.07445868435907
H           -3.30333907088574        7.26225017236259       -1.52707023027056
O            3.42770153714654       -3.50804520818073        1.92620090479768
O           -0.73060926379204       -5.52605364987266        0.93944473736716
O            1.29083696068252        4.67020186478926       -1.33855819828594
O           -3.39170506671681        4.66609337109292       -0.73441537375767
C            4.75979609835878       -3.53574010531909        2.33899126911815
C            5.77660631818565       -3.79785044049673        1.41044446587722
C            5.06912801553892       -3.22135551371787        3.66910705694376
C            7.11404498702797       -3.75172573243351        1.82495089400367
H            5.50984374005978       -4.03015150007923        0.37435438454592
C            6.41049209696463       -3.17662803632063        4.07162591695973
H            4.25250266643241       -3.01092437475069        4.36754536199818
C            7.43455203889149       -3.44331710839154        3.15348237329029
H            7.91260693110573       -3.95545599695081        1.10249089454486
H            6.65816597070591       -2.93079251194923        5.11038802140951
H            8.48468106714911       -3.40872269054820        3.47300150103085
C           -1.69466784069787       -6.51799623746314        1.08761107469376
C           -2.08430122840710       -6.97734024963739        2.35401859080789
C           -2.32983674810325       -6.99094292105820       -0.06895342116299
C           -3.10256314266639       -7.93320892785411        2.45450284647452
H           -1.59081165880881       -6.57996905079625        3.24739437685502
C           -3.35277611696208       -7.94042151817400        0.04603048630543
H           -2.01526872871510       -6.59836126449508       -1.04130618738409
C           -3.73769869538172       -8.41952887879843        1.30457861340302
H           -3.40696865252225       -8.29755873538536        3.44189844469137
H           -3.85148842825613       -8.31029548859691       -0.85638552724598
H           -4.53455419534165       -9.17003960413903        1.39037596469028
C            2.55465068333588        5.22853393483964       -1.21435745426232
C            2.84318405677981        6.28737175495825       -0.33912057875441
C            3.58519669369390        4.61296505712122       -1.94324323864992
C            4.16518869239262        6.73589488920791       -0.21382737425783
H            2.04115147622815        6.74707856409782        0.24691158912810
C            4.90132552853049        5.06443439175171       -1.80391436203796
H            3.34656554603069        3.77652936734892       -2.60778702601342
C            5.19700268541779        6.13226300323291       -0.94426084979203
H            4.39072908710788        7.56409049582144        0.47024673404724
H            5.68884913374670        4.56403448741495       -2.37795456181062
H            6.22848112248325        6.49289617583503       -0.83962701148581
C           -4.67543890897942        5.05502825639888       -1.09924937038284
C           -5.03047895900196        5.27308883336434       -2.43836630115589
C           -5.64043071288047        5.13695773782436       -0.08497475033321
C           -6.35641087946307        5.59408383133058       -2.75407897053489
H           -4.27009222982593        5.18351354099747       -3.22135968567672
C           -6.96433243909370        5.45128607073537       -0.41554960786565
H           -5.33599223337146        4.94376996852221        0.94849490509519
C           -7.32624530468466        5.68696691747125       -1.74777501560347
H           -6.63674169655371        5.76487377301401       -3.79918788443822
H           -7.71955735734349        5.51412927573911        0.37530889821262
H           -8.36441078179729        5.93761664381985       -2.00291863537224
N            1.30049233105880        0.39987453841109        0.21626577218526
C            2.53831502351459        0.59622661869444       -0.12926353267370
C            2.95434306801352        0.04219520517002       -1.38092213871176
C            4.23211315255579        0.19567952934736       -1.84711326584832
C            5.15803237286404        0.93483872144020       -1.11893967554998
C            4.78335379199269        1.47809317454616        0.09913120126147
C            3.51956917277515        1.31427885924201        0.63287985361439
C            3.24084825919203        1.85327580484454        2.00811265912589
C            1.84294316497625        2.46209137232269        2.17351999620375
C            1.79858470767745        3.83615016773458        2.76499732601002
C            2.53952621007727        4.91284026001455        2.21715700997536
C            2.18188982070777        6.11582245898010        2.72550270909821
S            0.97675298709375        5.97062264411137        3.94570967598750
C            0.94192061134114        4.26883520491427        3.73034867834879
H            2.21734128743039       -0.52428989703299       -1.92888384524699
H            4.51525954861572       -0.25307946639177       -2.78784397005899
H            6.15483607203032        1.08737406301535       -1.49872661900126
H            5.50941858201988        2.04347433744465        0.66614697593038
H            3.35948109976330        1.03053076686216        2.71856013805497
H            4.00137846472075        2.59722536387056        2.25017381296204
H            1.39694385853322        2.55149339675209        1.17779853563131
H            1.20787781977469        1.78279929503586        2.73949786725389
H            3.29259730432703        4.77512372927091        1.46572183004850
H            2.52890018511239        7.08898571031047        2.44318769354334
H            0.26135752391293        3.71135331664917        4.33516414924088
239
 energy: -392.979960890793 gnorm: 0.001518591799 xtb: 6.7.1 (edcfbbe)
N            0.12741750867487       -1.72725388781983       -0.82945396301861
N           -0.14419446254831       -1.06469700500114        1.92995553598167
C           -0.44525172374512       -0.95239233011842       -3.11896913099442
C           -0.00997695857202       -1.91499284460792       -2.18017874613774
C            0.41767885385721       -3.25579009363521       -2.53362544889799
H            0.40193399146820       -3.66512364019002       -3.54474686925235
C            0.83892610536980       -3.85181146565815       -1.37868398979611
H            1.24075688043567       -4.85668498229632       -1.24256558380839
C            0.62229429427901       -2.89738157713657       -0.30817569794974
C            0.79822538838961       -3.19219225187348        1.05875869037066
C            0.37032803639248       -2.32824791277430        2.08574208130395
C            0.29000817263391       -2.71361482996076        3.48233770143025
H            0.63174669633555       -3.67061024360948        3.87959776839356
C           -0.32123966807406       -1.68767014739274        4.14502154251235
H           -0.57817929376514       -1.61515822927585        5.20266592161397
C           -0.57643853917015       -0.65004762255749        3.16356093785236
C            1.35479137747327       -4.53760730026879        1.44359730010796
C            2.69420894370718       -4.67263533596557        1.87993326043701
C            3.22252276646210       -5.92408612349205        2.24552124921320
C            2.40751594292271       -7.05714245669435        2.16651297153184
H            2.81896156709493       -8.03759761281916        2.44036414773599
C            1.07970185003732       -6.96400201953844        1.74164233034102
C            0.55527624789371       -5.70499230419079        1.39237311511408
N           -0.91874361679231        1.60573024529516        1.20540565777718
N           -0.60113574314181        0.95782697364451       -1.53471003950612
C           -1.15481576287119        0.60056173764670        3.46842048924415
C           -1.24956557804532        1.65803790034049        2.53720340594966
C           -1.64421004131181        3.00732542411898        2.88772537136677
H           -1.97337803775870        3.31668904479625        3.88105414811425
C           -1.50063754185921        3.76868657436210        1.76104268354370
H           -1.69627044522670        4.83377474301260        1.63417527101570
C           -1.08353435734740        2.87587520945163        0.70058851242302
C           -0.95724952517232        3.25096126114798       -0.64988991483839
C           -0.81275123079970        2.30506770832886       -1.68396638545756
C           -1.00921774783504        2.61535263395700       -3.08596390068635
H           -1.19542114925499        3.61573733492476       -3.47830071817166
C           -0.96709591949313        1.43075433228914       -3.76451355085845
H           -1.10747414571099        1.25176647196882       -4.83138660207968
C           -0.67830145826230        0.39842757300933       -2.78727615870612
C           -1.04779079855215        4.70334364409342       -1.03170777551065
C            0.13049638561838        5.41242415084155       -1.37085992376885
C            0.07920605857206        6.75560098496200       -1.78556009113360
C           -1.15747407099645        7.40633027197548       -1.83416245837455
H           -1.20176517917260        8.45741982768586       -2.14846065870770
C           -2.33922984584930        6.74182444443497       -1.49311659315018
C           -2.28309163747892        5.38878234295041       -1.10899592360599
Fe          -0.28737147660578       -0.02089751768218        0.20066693852776
Cl          -2.50605407448619       -0.68451755166016        0.15046650229620
C           -1.75243780983511        0.79907105693478        4.83976927259483
C           -1.00226373154573        1.34522455451453        5.91510758227039
C           -3.10824529192783        0.42393615885952        5.05441319829188
C           -1.59402875492832        1.52007824186131        7.18194774251818
N            0.34368309982329        1.71442450929412        5.65948014754676
C           -3.69659306337548        0.62310523391755        6.32189577457243
N           -3.81816208797536       -0.17010942375235        3.98409908459037
H           -0.99450351767983        1.92886757464885        7.99977285891757
C           -2.93355748850161        1.16197016331476        7.36113444306478
C            1.30802179943863        2.13517109598836        6.54875127003545
H            0.62592988329007        1.62094820557306        4.68186118262982
H           -4.74537143643913        0.35016530682654        6.46360716702752
C           -5.14278363233274       -0.56013601355349        3.95100170000971
H           -3.27897540669277       -0.33429124447911        3.12865942801546
H           -3.39711534500205        1.30594360797657        8.34562067596895
O            1.15030055778950        2.23696409673306        7.76008615567417
C            2.63509983102126        2.47723365827420        5.90543297155067
O           -5.95248794874877       -0.33932034241575        4.84630643956305
C           -5.53514948588865       -1.31232729577087        2.70195096896616
C            3.89100732804624        2.10555535053396        6.65084775722165
H            2.69809013881505        2.48468937149545        4.81263664189077
C            3.45466374671484        3.55065540842352        6.63204223650690
C           -6.88688088481452       -1.02738450734490        2.09604294805407
H           -4.74247760086214       -1.61209273085203        2.00675301309948
C           -6.69800189308910       -2.29514220350465        2.89473398302124
H            3.77034921490187        1.57773830552528        7.59987424873020
H            4.76256685489672        1.83942776161032        6.04931333837738
H            3.00747309167371        3.94187632836241        7.54929951862710
C            4.22676000851599        4.53057928611978        5.80641036257508
H           -7.49103199980215       -0.25157297243622        2.57488562967912
H           -6.96324908989815       -1.11194878612480        1.00849627433691
H           -7.12664388926318       -2.30951621851259        3.90166024595102
C           -6.65415031582317       -3.61201904907599        2.19497325082499
O            4.30258886293662        5.72326681588112        6.41911505213099
O            4.73886655036712        4.28002710179723        4.73154308338222
O           -7.25966347076984       -4.56754642515264        2.93430858332123
O           -6.15735562686025       -3.81722536383853        1.10581696829818
C            5.03702268683916        6.80148995174885        5.76666712995153
C           -7.32793511288539       -5.91559694354879        2.39031432318362
C            4.05337090371100        7.67041062816160        4.97321689412890
C            5.77770620711716        7.56209635572517        6.86536733895071
H            5.74953054631851        6.32564467378013        5.06918898092422
C           -7.32211577652135       -6.87106064281188        3.58467392217073
C           -8.57383352797429       -6.04267144479013        1.50649348060993
H           -6.42285826626853       -6.06121931464070        1.77045468947156
H            3.55749968987106        7.07073673845206        4.19383391673149
H            3.28875350173558        8.09176439937857        5.63956396440012
H            4.58937081773848        8.49944237341896        4.49066417418036
H            6.45645884211873        6.89524104935762        7.41218252565110
H            6.37488825015009        8.37649680550444        6.43345769080286
H            5.07333555967068        7.99632034563913        7.58636736017765
H           -6.41545215663945       -6.72793072688034        4.18674375156294
H           -8.19990982103162       -6.70004147484866        4.22590764213479
H           -7.35416206311485       -7.91361274715172        3.23956636328341
H           -8.51997700367981       -5.33477816720337        0.66819958974003
H           -8.65101429376292       -7.06039865145762        1.09918650316477
H           -9.48589499398609       -5.83996259129506        2.08832860775855
C           -0.66287965320256       -1.41660789404305       -4.53742142878229
C            0.30565619020601       -1.19105260776949       -5.55282526405880
C           -1.85349024816202       -2.12561754948945       -4.85709525748594
C            0.11968758430150       -1.72135557132714       -6.84491437020561
N            1.43493598344920       -0.40193731520271       -5.21644065407307
C           -2.02771834435453       -2.66003096587553       -6.15140868460232
N           -2.84932699014183       -2.22637847709235       -3.85781949758552
H            0.88131887664401       -1.54163085690262       -7.60904588390146
C           -1.03826754131635       -2.45740535651693       -7.11810649913683
C            2.38026846174394        0.15581301695604       -6.04969252888750
H            1.43738795650040       -0.07695874240390       -4.24802421796744
H           -2.93840709979764       -3.22384465144201       -6.37078458317110
C           -4.07014856913750       -2.86804753918229       -3.92044598481271
H           -2.65204847175081       -1.71596103853060       -2.99279606866833
H           -1.17897259462271       -2.87725243521366       -8.12261775331253
O            2.50352805498826       -0.09435406773836       -7.24286294912564
C            3.26085613099851        1.17836204878205       -5.36339938949458
O           -4.42995074216907       -3.58683897974753       -4.84739351476013
C           -4.96429237721491       -2.59300364073693       -2.73595393827205
C            3.56993294988131        2.43494705303837       -6.13940873686531
H            3.18572472109136        1.28141856257499       -4.27527153839754
C            4.65406215809566        1.39951822208772       -5.95249074505372
C           -5.85701385265860       -3.70037358795795       -2.23786393790931
H           -4.62169810097509       -1.87045349428622       -1.98594460856943
C           -6.46708864743544       -2.58788499160007       -3.05560094222883
H            3.14452014566356        2.51323669232018       -7.14341057774334
H            3.66005243814505        3.36407476506402       -5.57170302663713
H            4.91482261481864        0.78647450567093       -6.81919925775908
C            5.76423625142423        1.71749543666679       -5.00049626695212
H           -5.77366998984099       -4.66567751109415       -2.74411258424928
H           -6.05078952842256       -3.71916890804281       -1.16207381101805
H           -6.72021333319882       -2.82065072218944       -4.09451140073930
C           -7.33053506910153       -1.56284122210127       -2.39812305323237
O            6.94388933977138        1.27543626363089       -5.46920446755211
O            5.62297460847739        2.31382732071023       -3.94963224178465
O           -8.32216995376337       -1.16731084719394       -3.22513313775795
O           -7.18462545837470       -1.13714866344389       -1.26994487730062
C            8.14480671228024        1.52290920646179       -4.68058292464102
C           -9.26506961516259       -0.17136765607275       -2.73670817272005
C            9.07144565465939        0.32618937606245       -4.90188107587031
C            8.75335339183825        2.86290462791109       -5.10386687652528
H            7.82784447921269        1.58071399100904       -3.62165753495209
C           -8.71220214469734        1.23367349410902       -3.00785893982149
C          -10.59733915190290       -0.45234714802099       -3.43071728966094
H           -9.35352990402037       -0.32049044167595       -1.64520624139785
H            8.57243564270513       -0.60407998819762       -4.60004199752883
H            9.35683864367188        0.24517824955949       -5.96182616450571
H            9.99102147836887        0.44418596470862       -4.31275204839205
H            8.04467219388001        3.68096322499479       -4.92215211445147
H            9.66851598040140        3.06589975830480       -4.53088546475545
H            9.01834977655525        2.84937901792502       -6.17237116472372
H           -7.75741930731019        1.37839504258392       -2.47676855721416
H           -8.54920145093242        1.38237385591960       -4.08427172642113
H           -9.42419512318694        1.99399366395479       -2.65792674362769
H          -10.94053242772113       -1.47429488603329       -3.21638627256291
H          -11.36782726365493        0.24825820204674       -3.08191410725422
H          -10.50339777601016       -0.34312322971933       -4.51913918974049
H            4.26227989183454       -6.00473236959170        2.58360029740272
H            0.44923949749931       -7.85828442094080        1.67621799549172
H            0.99789553563831        7.27888509618775       -2.07452786292085
H           -3.30365605320568        7.26232644245391       -1.52718315762412
O            3.42756433162696       -3.50778812924149        1.92632138013507
O           -0.73070009279658       -5.52588639721471        0.93955962215047
O            1.29057073168056        4.67037166388790       -1.33858306057332
O           -3.39197939451731        4.66618131723099       -0.73448928516683
C            4.75964410154933       -3.53545391933855        2.33913830939911
C            5.77647695511174       -3.79755933180597        1.41059815418597
C            5.06896966756159       -3.22104754499625        3.66924496726346
C            7.11391081142473       -3.75139365126181        1.82511365870846
H            5.50972941603718       -4.02986891821556        0.37450640285288
C            6.41032600600805       -3.17627463189414        4.07177173978797
H            4.25233007704174       -3.01061336162246        4.36766633358281
C            7.43439942180193       -3.44295727621349        3.15364319360066
H            7.91248345863080       -3.95512028097735        1.10266429229722
H            6.65798395886521       -2.93041887471705        5.11053287982264
H            8.48452396103870       -3.40833748699513        3.47317313768382
C           -1.69474088448980       -6.51784591714947        1.08773120450978
C           -2.08437826375155       -6.97717751674532        2.35414278516105
C           -2.32988841566462       -6.99082309230400       -0.06882985402242
C           -3.10262133463730       -7.93306370055816        2.45463432601485
H           -1.59090512074190       -6.57978274353668        3.24751626985170
C           -3.35281102433828       -7.94032042814746        0.04616042541330
H           -2.01531864489816       -6.59825112221838       -1.04118582514553
C           -3.73773629287778       -8.41941497096561        1.30471010044190
H           -3.40703020484760       -8.29740429251452        3.44203109657524
H           -3.85150613787299       -8.31021864441164       -0.85625477633061
H           -4.53457757454919       -9.16993969829669        1.39051409361803
C            2.55437816547549        5.22873328452805       -1.21435641841993
C            2.84289809380569        6.28755507605434       -0.33909673350653
C            3.58493873488712        4.61317212583311       -1.94324384771135
C            4.16487872738352        6.73611874752911       -0.21383601743824
H            2.04082034229064        6.74728911703639        0.24686351685920
C            4.90105480518456        5.06467011339696       -1.80391566220056
H            3.34632430743280        3.77672475308494       -2.60778280956411
C            5.19670789783274        6.13250689647739       -0.94426505929588
H            4.39039062223975        7.56434969833742        0.47020371940867
H            5.68858804842839        4.56428394701510       -2.37794185271467
H            6.22817568881321        6.49316880099613       -0.83963612992008
C           -4.67571691461060        5.05508376299189       -1.09933951951840
C           -5.03074939591524        5.27311589990162       -2.43846467663474
C           -5.64071996124590        5.13700989752620       -0.08507816689851
C           -6.35668276532864        5.59407879049785       -2.75419727968505
H           -4.27035313536188        5.18354348612562       -3.22144889002894
C           -6.96462559218286        5.45130636281806       -0.41567198113369
H           -5.33628871347397        4.94384456394293        0.94839752588915
C           -7.32652999431051        5.68695885234516       -1.74790189472288
H           -6.63700806759903        5.76484620154617       -3.79931020892287
H           -7.71985891180160        5.51414714437296        0.37517846168019
H           -8.36469715073662        5.93758333938777       -2.00306250397168
N            1.29954900208671        0.40470387146894        0.21468783288680
C            2.53622369701148        0.60363859460211       -0.13185123658401
C            2.94927312291992        0.05697259645114       -1.38712312713067
C            4.22927292802923        0.20287347709181       -1.85056461443502
C            5.16207460720357        0.92407235015993       -1.11476640789989
C            4.78981157776409        1.46182787030087        0.10641998401928
C            3.52115310452467        1.31079113487036        0.63392290756046
C            3.24437987123028        1.85423463217313        2.00809954657153
C            1.84445555972794        2.45919131139964        2.17323552826616
C            1.79742913999967        3.83326832131905        2.76469347932339
C            2.54007147359707        4.90823496499249        2.21551041174283
C            2.18528150572640        6.11147116725561        2.72414292938145
S            0.97753415601499        5.96937253581036        3.94217468013999
C            0.94224230135169        4.26705654877363        3.73019900056837
H            2.20799906660452       -0.49754626411321       -1.93957543030285
H            4.51079810873666       -0.24047157109055       -2.79458684079582
H            6.16065110981178        1.06923803855588       -1.49107802321120
H            5.52058022899282        2.01270924767860        0.68035619871052
H            3.36796880451323        1.03453253175697        2.72356669816634
H            4.00518498341139        2.60148993937879        2.24732469695494
H            1.40099815582416        2.54940811720463        1.17627301848599
H            1.20989407848709        1.77712160282891        2.73736452952185
H            3.29597371576661        4.76951146520033        1.46717757329814
H            2.53522692789062        7.08424891632759        2.44140022734682
H            0.26110264454085        3.71036058057080        4.33538384992784
239
 energy: -392.979966188551 gnorm: 0.000618100530 xtb: 6.7.1 (edcfbbe)
N            0.12741018924785       -1.72714313637157       -0.82945644740568
N           -0.14419819247646       -1.06458734082772        1.92994121343865
C           -0.44526382873742       -0.95229581184715       -3.11897763807175
C           -0.00998201546627       -1.91489031796273       -2.18018901729962
C            0.41769070060250       -3.25568308592138       -2.53363114249973
H            0.40194880350348       -3.66501483589402       -3.54475172603196
C            0.83894424680400       -3.85169522616552       -1.37868827614958
H            1.24078222372287       -4.85656396016980       -1.24256664460703
C            0.62229821852035       -2.89726316740975       -0.30818270453584
C            0.79823808077380       -3.19207082104418        1.05875377723573
C            0.37033087136610       -2.32813106282619        2.08573921016117
C            0.29001330028905       -2.71349713550360        3.48233356748632
H            0.63176189673684       -3.67048753059159        3.87959314121857
C           -0.32124502688291       -1.68754982312669        4.14501222284484
H           -0.57818376949029       -1.61504407874200        5.20265974288140
C           -0.57644921957481       -0.64994209282222        3.16355441389850
C            1.35481411774684       -4.53747981214765        1.44359384222609
C            2.69423153469456       -4.67249602722054        1.87993044582069
C            3.22255959104384       -5.92393972981501        2.24552082280608
C            2.40756369870048       -7.05700486315276        2.16651459594713
H            2.81901912264260       -8.03745534999850        2.44036772879097
C            1.07974858977270       -6.96387775880960        1.74164382491522
C            0.55531090260358       -5.70487322749959        1.39237220150236
N           -0.91879473973367        1.60583958292317        1.20539600012820
N           -0.60116696528828        0.95792670268738       -1.53471992423650
C           -1.15484691267274        0.60066923393094        3.46841975157656
C           -1.24959480359996        1.65814593804370        2.53718957342892
C           -1.64425265733574        3.00741995958650        2.88770975499359
H           -1.97343605586386        3.31678551939987        3.88103723063421
C           -1.50069235845801        3.76878544815691        1.76102559556371
H           -1.69633822180978        4.83387215755214        1.63415524798516
C           -1.08358476201480        2.87597364880342        0.70057082349132
C           -0.95730408589994        3.25106282095137       -0.64990501467006
C           -0.81279458952310        2.30516658989904       -1.68398026985021
C           -1.00926416902806        2.61544783272456       -3.08597992417101
H           -1.19547745758019        3.61582936833181       -3.47831896073363
C           -0.96713143482066        1.43084956957765       -3.76452671322770
H           -1.10750817331087        1.25185777389646       -4.83139960011002
C           -0.67832930167724        0.39852826659789       -2.78728373409143
C           -1.04785773440540        4.70344163713874       -1.03172714998936
C            0.13042197329449        5.41253334263875       -1.37088122642440
C            0.07911910670958        6.75570867730346       -1.78558378122603
C           -1.15756746254494        7.40642635264861       -1.83418686700048
H           -1.20186855791515        8.45751479024659       -2.14848701667334
C           -2.33931642256075        6.74190970652046       -1.49313993567602
C           -2.28316544311035        5.38886909308185       -1.10901656707704
Fe          -0.28744144421357       -0.02080116670647        0.20064597901412
Cl          -2.50606752455770       -0.68443012845013        0.15045422528254
C           -1.75246159722418        0.79917210072038        4.83974863540588
C           -1.00229380376604        1.34534029247566        5.91509394196330
C           -3.10826937685272        0.42402566818326        5.05440124517059
C           -1.59406521178637        1.52018743813333        7.18193538291602
N            0.34364920952392        1.71455007746188        5.65945974710393
C           -3.69662031263313        0.62319060826769        6.32188440563933
N           -3.81818142320918       -0.17002863490477        3.98408925484260
H           -0.99454210480566        1.92898223194956        7.99975827342933
C           -2.93358889728402        1.16206512197544        7.36112158394020
C            1.30797481311239        2.13531181480332        6.54873554969059
H            0.62589222827892        1.62109497370012        4.68183955679851
H           -4.74539603764333        0.35024069746201        6.46359594300156
C           -5.14279940269156       -0.56006867724179        3.95099288588760
H           -3.27899273379601       -0.33420780757967        3.12864929546167
H           -3.39714858199163        1.30603519108522        8.34560804921283
O            1.15025718805517        2.23710004106316        7.76007202795748
C            2.63505559056908        2.47737814226871        5.90542221299058
O           -5.95250602434604       -0.33925919845778        4.84629673753221
C           -5.53515771447032       -1.31226631398171        2.70194221243868
C            3.89096449113385        2.10571457983616        6.65083408833218
H            2.69803665546938        2.48483628875966        4.81262658077417
C            3.45460619486688        3.55081193704245        6.63202546705988
C           -6.88689224582352       -1.02733716087262        2.09603444612445
H           -4.74248292385999       -1.61202528185342        2.00674544317120
C           -6.69800062961017       -2.29509217484752        2.89472817733389
H            3.77031380101080        1.57789749935691        7.59986066644022
H            4.76252696878951        1.83959703852884        6.04930028490706
H            3.00741108864039        3.94203261796821        7.54928098499009
C            4.22669630077552        4.53074117472655        5.80638989296795
H           -7.49105082436223       -0.25153068368094        2.57487611015935
H           -6.96325970823671       -1.11190454353041        1.00848773668914
H           -7.12664223350205       -2.30946830862848        3.90165438437070
C           -6.65413602393008       -3.61196953133950        2.19496900365121
O            4.30251546812793        5.72342666699245        6.41909484640390
O            4.73880811976367        4.28018805194072        4.73152455850229
O           -7.25964007708875       -4.56750148869672        2.93430713655249
O           -6.15733969300137       -3.81717308163438        1.10581330980703
C            5.03693789904643        6.80165781934852        5.76664190550546
C           -7.32789820625621       -5.91555401133604        2.39031427032927
C            4.05327591464354        7.67057356539470        4.97319721393152
C            5.77761103392614        7.56227742050434        6.86534153342880
H            5.74945083296357        6.32581839677539        5.06916417489032
C           -7.32206934748545       -6.87101561968449        3.58467595167540
C           -8.57379592194094       -6.04264188786969        1.50649382805782
H           -6.42282022852786       -6.06116835380303        1.77045526549308
H            3.55741302123262        7.07088309950615        4.19381420084182
H            3.28865003923688        8.09191753557151        5.63954185090777
H            4.58926806090486        8.49960532801214        4.49063636472957
H            6.45637035252146        6.89542878414526        7.41215691404785
H            6.37478655185148        8.37668122018336        6.43343015455230
H            5.07323681225531        7.99649378574505        7.58634209835325
H           -6.41540710531371       -6.72787550648355        4.18674543283379
H           -8.19986520303433       -6.70000370833879        4.22590932872260
H           -7.35410555772171       -7.91356860642361        3.23956998348013
H           -8.51994620536735       -5.33474959515832        0.66819879102004
H           -8.65096646201769       -7.06037085969738        1.09918877383988
H           -9.48585904958461       -5.83994114289467        2.08832884238344
C           -0.66288832257214       -1.41651106967995       -4.53743013454992
C            0.30564601993912       -1.19094918986512       -5.55283457921822
C           -1.85349157663114       -2.12553363965041       -4.85710296537163
C            0.11968230187004       -1.72125617795297       -6.84492222354416
N            1.43491554949339       -0.40182310894470       -5.21645327706926
C           -2.02771423231770       -2.65995099016271       -6.15141477895394
N           -2.84932787191868       -2.22630271107076       -3.85782603873523
H            0.88131203539273       -1.54152521586812       -7.60905394521976
C           -1.03826547172626       -2.45731755626496       -7.11811305478567
C            2.38024380875150        0.15593426448232       -6.04970618339248
H            1.43736576253570       -0.07684013956691       -4.24803709166432
H           -2.93839755370018       -3.22377386281101       -6.37078965560707
C           -4.07014169536702       -2.86798401719856       -3.92045220953495
H           -2.65205315699558       -1.71588183588542       -2.99280387195836
H           -1.17896630389482       -2.87716771936783       -8.12262335466237
O            2.50350712311386       -0.09423295219843       -7.24287378005666
C            3.26082586018661        1.17849061466261       -5.36341247950778
O           -4.42993773980040       -3.58678027272935       -4.84739770918306
C           -4.96428915011390       -2.59294630800376       -2.73595962486255
C            3.56989000799780        2.43507615472728       -6.13942338585020
H            3.18569005432989        1.28155630876077       -4.27528553172332
C            4.65402892296885        1.39965956505803       -5.95249955691426
C           -5.85699934571803       -3.70032429054105       -2.23786768567345
H           -4.62170163157546       -1.87039174936974       -1.98595179184402
C           -6.46708530012760       -2.58784275257624       -3.05560709988987
H            3.14447472943625        2.51336539332766       -7.14342568677356
H            3.65999871493891        3.36420947746190       -5.57172013913489
H            4.91479354171875        0.78661869587011       -6.81921147125390
C            5.76419644130248        1.71764625895553       -5.00050842107786
H           -5.77364623349743       -4.66562817209185       -2.74411477798342
H           -6.05077491016690       -3.71911942270636       -1.16207760800451
H           -6.72020767977205       -2.82061297573725       -4.09451689182836
C           -7.33054164096458       -1.56280639810517       -2.39813009273398
O            6.94385538533554        1.27560669848790       -5.46921664329603
O            5.62293201166495        2.31397708904731       -3.94963719134742
O           -8.32218038066520       -1.16728708654909       -3.22514173923185
O           -7.18463602833075       -1.13711013786298       -1.26995294118467
C            8.14477095708947        1.52309042388864       -4.68059425075390
C           -9.26508968289359       -0.17135171011556       -2.73671767885017
C            9.07142118315106        0.32637896294840       -4.90189190696884
C            8.75330394524616        2.86309041293605       -5.10388336761327
H            7.82780333212176        1.58090406968246       -3.62167400134431
C           -8.71223593760453        1.23369408100400       -3.00787133382023
C          -10.59735675717006       -0.45234561711600       -3.43072648717732
H           -9.35354846439638       -0.32047385724086       -1.64521559941972
H            8.57241992649382       -0.60389372936615       -4.60005185488320
H            9.35681491812344        0.24536967532156       -5.96183670179492
H            9.99099582830573        0.44438569368569       -4.31276324123993
H            8.04461518893937        3.68114163074959       -4.92216953165805
H            9.66846424254916        3.06609609102653       -4.53090238773942
H            9.01830034109217        2.84956655076814       -6.17238740974623
H           -7.75745432558723        1.37842595457264       -2.47678109406054
H           -8.54923672668713        1.38239417489628       -4.08428448881163
H           -9.42423628152927        1.99400800958650       -2.65794036465177
H          -10.94053986055501       -1.47429639004731       -3.21639358487841
H          -11.36785147136433        0.24825288927859       -3.08192439320290
H          -10.50341632277255       -0.34312259425420       -4.51914861545240
H            4.26231783543955       -6.00457527971018        2.58360033983563
H            0.44929484517329       -7.85816678821746        1.67622126887136
H            0.99780329055922        7.27900148219267       -2.07455278705421
H           -3.30374810912297        7.26240217531414       -1.52720715878177
O            3.42757697832273       -3.50764042483763        1.92631842003469
O           -0.73066736730032       -5.52578124447024        0.93955870253489
O            1.29050291894735        4.67049171884722       -1.33860353133217
O           -3.39204622994324        4.66625755146623       -0.73450850143832
C            4.75965827548048       -3.53529450353602        2.33913151050689
C            5.77649226361188       -3.79739405052676        1.41059484499314
C            5.06897887990927       -3.22087964720471        3.66923881735284
C            7.11392575303859       -3.75121066419783        1.82510898552759
H            5.50974720527264       -4.02970384165969        0.37450173617089
C            6.41033591304898       -3.17609386376696        4.07176668459833
H            4.25233754669194       -3.01045197922861        4.36766179588949
C            7.43441193333443       -3.44276810369751        3.15363847577432
H            7.91250084200431       -3.95493044732550        1.10266026386902
H            6.65799126366493       -2.93023354603024        5.11052776899357
H            8.48453635782793       -3.40813802105151        3.47316782821310
C           -1.69469823075076       -6.51775001305658        1.08773210524918
C           -2.08433108594810       -6.97708312425063        2.35414474412412
C           -2.32984139740320       -6.99073548990172       -0.06882818602169
C           -3.10256488972705       -7.93297923002341        2.45463775144859
H           -1.59086167338945       -6.57968173456716        3.24751765475853
C           -3.35275467773411       -7.94024263987806        0.04616374561990
H           -2.01527554696107       -6.59816216879772       -1.04118475022120
C           -3.73767523240167       -8.41933875559336        1.30471442758253
H           -3.40697007060982       -8.29732095943508        3.44203551981175
H           -3.85144640012802       -8.31014735472900       -0.85625078702593
H           -4.53450924763611       -9.16987117261400        1.39051968438153
C            2.55430346673686        5.22886778681332       -1.21438459004258
C            2.84280999493090        6.28770355303253       -0.33913456532057
C            3.58487102941050        4.61331325318921       -1.94326346031995
C            4.16478859549419        6.73627323362087       -0.21386262707706
H            2.04073419251944        6.74741730861743        0.24684344499550
C            4.90098507416844        5.06482429572836       -1.80393361782088
H            3.34626784666712        3.77686028041179       -2.60779920463426
C            5.19662762303024        6.13266606381372       -0.94428700162171
H            4.39029728480343        7.56450299791762        0.47018010206426
H            5.68852329593718        4.56444268677870       -2.37796078314341
H            6.22809005657715        6.49333910197834       -0.83965880239653
C           -4.67578745894217        5.05514698532643       -1.09935917952472
C           -5.03082207877798        5.27317323175086       -2.43848504371165
C           -5.64079132170861        5.13706558376652       -0.08509757372610
C           -6.35675875937711        5.59412278408689       -2.75421775132262
H           -4.27042479927391        5.18360677376142       -3.22146926838609
C           -6.96470009193090        5.45134858007949       -0.41569189234991
H           -5.33635804607249        4.94390504102158        0.94837863167366
C           -7.32660690796780        5.68699511496298       -1.74792251341754
H           -6.63708570641151        5.76488559698776       -3.79933129608742
H           -7.71993408254669        5.51418335868104        0.37515872148674
H           -8.36477667654987        5.93760911009959       -2.00308331898378
N            1.29950555962476        0.40478065541241        0.21486087779680
C            2.53636384212837        0.60366735677171       -0.13169500337566
C            2.94829510748799        0.05844262014388       -1.38826308539001
C            4.22875360255254        0.20196966760993       -1.85077748079555
C            5.16282424220374        0.92032779426862       -1.11354497890115
C            4.79093162508330        1.45868530342436        0.10762847260998
C            3.52212868696652        1.30942316488258        0.63459464451234
C            3.24477557201064        1.85321223218944        2.00844717754391
C            1.84519931879020        2.45854385341109        2.17350460314311
C            1.79813326245257        3.83264811207904        2.76484113401273
C            2.54056343290592        4.90779490847153        2.21553793963705
C            2.18489406602966        6.11124242443001        2.72338256843583
S            0.97926449213355        5.96892902588814        3.94343784333207
C            0.94243665402891        4.26681557870056        3.72988529236740
H            2.20583825758049       -0.49384481025413       -1.94193992929987
H            4.50927344891243       -0.24056994791686       -2.79549950814834
H            6.16243585915791        1.06283208111500       -1.48867917434861
H            5.52230716072250        2.00844449941085        0.68199627372601
H            3.36803206846725        1.03361117701563        2.72347764858586
H            4.00511805952771        2.60026934802915        2.24754178031178
H            1.40109987936484        2.54875208452705        1.17688791254643
H            1.21072128553116        1.77659147601741        2.73755857046945
H            3.29552200585179        4.76931089208015        1.46622113593951
H            2.53416982964971        7.08391374521439        2.44035922869687
H            0.26133352338744        3.71006911230721        4.33496758953601
239
 energy: -392.979970764403 gnorm: 0.000539105091 xtb: 6.7.1 (edcfbbe)
N            0.12741885902205       -1.72686915902121       -0.82949218249708
N           -0.14418972914539       -1.06431269784724        1.92988573623769
C           -0.44528385558956       -0.95205201629866       -3.11902338910961
C           -0.00997573131713       -1.91463149951424       -2.18023545979484
C            0.41772480548361       -3.25541616448092       -2.53366921638335
H            0.40198913041152       -3.66474889799198       -3.54478938235712
C            0.83899837476589       -3.85141065802120       -1.37872571541468
H            1.24085571716854       -4.85627061182135       -1.24260092748973
C            0.62232555386762       -2.89697610884858       -0.30822528588087
C            0.79828141986029       -3.19177770010688        1.05871468755060
C            0.37035656281051       -2.32784256512944        2.08569909115624
C            0.29005172218765       -2.71320770511796        3.48229434421905
H            0.63182316030152       -3.67018765400151        3.87955505820616
C           -0.32123039802298       -1.68726323308139        4.14496529753036
H           -0.57816452126895       -1.61476680940416        5.20261781418821
C           -0.57644872829099       -0.64967633692427        3.16350871825908
C            1.35488747939386       -4.53717135681843        1.44355726255565
C            2.69430741528452       -4.67215911339158        1.87989027127264
C            3.22266725747469       -5.92358705727405        2.24548519535274
C            2.40769623458493       -7.05667171166704        2.16648553400527
H            2.81917473212614       -8.03711171618398        2.44034141617082
C            1.07987796483104       -6.96357586131730        1.74161776777009
C            0.55541125348546       -5.70458406300185        1.39234243466758
N           -0.91887171097306        1.60610315421880        1.20535070742611
N           -0.60122740824501        0.95817616338731       -1.53477652633620
C           -1.15488687268197        0.60093005478328        3.46838335403652
C           -1.24964857479438        1.65840576163489        2.53713599801831
C           -1.64433715144664        3.00765859614282        2.88765389340464
H           -1.97353042769504        3.31702747490242        3.88097812857633
C           -1.50080066284471        3.76903003902871        1.76096674509782
H           -1.69647504171243        4.83411057165557        1.63409194374349
C           -1.08367240995269        2.87622283625106        0.70051241727316
C           -0.95740824546043        3.25131065826036       -0.64996447421999
C           -0.81287988091951        2.30541135909072       -1.68403810527672
C           -1.00936263620881        2.61568312846005       -3.08604029820270
H           -1.19559929811881        3.61605857449597       -3.47838094873277
C           -0.96720532980377        1.43108489046507       -3.76458147107154
H           -1.10758088606547        1.25208427301818       -4.83145254012246
C           -0.67838280079567        0.39877399664033       -2.78733268015005
C           -1.04799730929978        4.70368378469978       -1.03179431864450
C            0.13026581687454        5.41280095981839       -1.37095497556697
C            0.07893089708860        6.75597336243001       -1.78566260027127
C           -1.15777064729934        7.40666355004644       -1.83426493794065
H           -1.20209593080694        8.45774972174974       -2.14856932124352
C           -2.33950334214760        6.74212185475993       -1.49321201170810
C           -2.28332125090224        5.38908446078629       -1.10908296359506
Fe          -0.28756316485832       -0.02055301752318        0.20056973707164
Cl          -2.50609540723919       -0.68421545714349        0.15041574710318
C           -1.75249220104494        0.79942058177537        4.83968904867659
C           -1.00233700542591        1.34561556060622        5.91504184101963
C           -3.10829613997274        0.42424668245088        5.05435740553944
C           -1.59411265376966        1.52045127635757        7.18188401804250
N            0.34359855217726        1.71484750771047        5.65939841340652
C           -3.69664869078989        0.62340276048187        6.32184160048251
N           -3.81819847190728       -0.16982751432420        3.98405030908504
H           -0.99459438153144        1.92926200070084        7.99970185761464
C           -2.93362546472690        1.16229900414704        7.36107388737431
C            1.30790942215675        2.13563822271126        6.54867448166590
H            0.62583831772407        1.62140686201970        4.68177676963185
H           -4.74541773422320        0.35043013786918        6.46355673838378
C           -5.14280797431464       -0.55989744439588        3.95095937254437
H           -3.27900818297535       -0.33399848022211        3.12860865353174
H           -3.39718630623617        1.30626214909247        8.34556146803000
O            1.15019577602287        2.23742873527179        7.76000996373182
C            2.63498789760324        2.47772775975352        5.90535866058332
O           -5.95251707741911       -0.33910327347853        4.84626375303050
C           -5.53515292714135       -1.31210957050759        2.70191118217971
C            3.89090169036310        2.10609869475116        6.65076493035415
H            2.69795727335367        2.48518461461842        4.81256494440322
C            3.45451027653246        3.55118835172786        6.63195155873159
C           -6.88689568323534       -1.02721243940118        2.09600662972288
H           -4.74247326834793       -1.61185329253024        2.00671436285701
C           -6.69797313718632       -2.29496084148058        2.89470527960867
H            3.77026775490260        1.57828373871726        7.59979330140008
H            4.76246839445660        1.84000017556775        6.04923099035326
H            3.00730918485288        3.94240499566040        7.54920498545857
C            4.22657870061230        4.53113261835280        5.80630836563393
H           -7.49107017444334       -0.25141783066923        2.57484713559005
H           -6.96326425785463       -1.11178629942532        1.00846034919170
H           -7.12661147533420       -2.30934235224824        3.90163242377950
C           -6.65408084526941       -3.61183937677098        2.19494998918520
O            4.30237151859892        5.72381921752092        6.41900920016161
O            4.73869501611830        4.28058103090025        4.73144376495622
O           -7.25956157205948       -4.56738227466056        2.93429491067932
O           -6.15728297424933       -3.81703651016021        1.10579415136575
C            5.03676583744673        6.80206740250226        5.76654585835302
C           -7.32779044845923       -5.91543899971815        2.39030613817507
C            4.05307935943141        7.67095876527132        4.97309208264900
C            5.77742653151802        7.56270669620058        6.86524351156905
H            5.74928962449464        6.32623899647247        5.06907184398743
C           -7.32193670988818       -6.87089581243160        3.58467198965234
C           -8.57368820827140       -6.04255783829838        1.50648963043692
H           -6.42271122908291       -6.06103497598679        1.77044575426149
H            3.55721176320361        7.07127426890620        4.19368037080544
H            3.28845201121499        8.09228340999781        5.63944817310939
H            4.58905757365127        8.49999777582064        4.49053718401537
H            6.45620264325875        6.89587480954636        7.41205992729832
H            6.37458448820658        8.37712003522251        6.43332824904420
H            5.07304600855547        7.99690821596803        7.58624525190705
H           -6.41527610582087       -6.72773266951480        4.18673839701688
H           -8.19973491395068       -6.69990090301260        4.22590688021717
H           -7.35395060617121       -7.91345075320881        3.23956985661666
H           -8.51985653867997       -5.33466765687001        0.66819177075476
H           -8.65083671196517       -7.06029041924055        1.09918873830557
H           -9.48575402226033       -5.83987554740669        2.08832650812036
C           -0.66290099158340       -1.41627291473342       -4.53747318777489
C            0.30562508254583       -1.19069352382818       -5.55288185653633
C           -1.85348810253758       -2.12532401467859       -4.85714097526026
C            0.11967069204265       -1.72101006090608       -6.84496663616329
N            1.43487648428388       -0.40154387513582       -5.21650917382413
C           -2.02770298153926       -2.65974993376872       -6.15144971756435
N           -2.84932159216488       -2.22611135665415       -3.85786010014581
H            0.88129480863906       -1.54126488176812       -7.60910122634642
C           -1.03826108582253       -2.45709825130472       -7.11815190594104
C            2.38019155721862        0.15623154944368       -6.04976634783950
H            1.43732227929677       -0.07655068054486       -4.24809506557285
H           -2.93837438261302       -3.22359414936434       -6.37082037692693
C           -4.07011861413313       -2.86782006438115       -3.92048215268895
H           -2.65205454471066       -1.71568252895629       -2.99284100952493
H           -1.17895509114931       -2.87695529957842       -8.12266013054135
O            2.50345822903565       -0.09393586464628       -7.24293081909632
C            3.26075771447039        1.17880790553486       -5.36347519437981
O           -4.42990262121423       -3.58662852680252       -4.84742300407901
C           -4.96427110370718       -2.59279789442257       -2.73598660713139
C            3.56979037959306        2.43539607321804       -6.13949239255316
H            3.18561965966290        1.28188422335223       -4.27534901845841
C            4.65395299424451        1.40000800584972       -5.95256234277041
C           -5.85695435828442       -3.70019420429285       -2.23788822730826
H           -4.62169741419696       -1.87023264072196       -1.98598295643071
C           -6.46706783127581       -2.58772891313514       -3.05563099940624
H            3.14436862643568        2.51367812374864       -7.14349439194987
H            3.65987791139940        3.36453778342693       -5.57179420627910
H            4.91472611486417        0.78697074162799       -6.81927828370551
C            5.76411295083236        1.71801569810244       -5.00057555030233
H           -5.77358098914704       -4.66549807627825       -2.74413198926824
H           -6.05072687808198       -3.71898918779348       -1.16209749326839
H           -6.72018756675040       -2.82050919953561       -4.09453894150755
C           -7.33054529706334       -1.56270956028428       -2.39815458100438
O            6.94378089397084        1.27601380948439       -5.46928865723575
O            5.62284033089367        2.31434132581883       -3.94969305201326
O           -8.32219514248738       -1.16721581130812       -3.22516619576318
O           -7.18464633595355       -1.13700562036212       -1.26997977952042
C            8.14469403460359        1.52352457284314       -4.68066761818786
C           -9.26512550075885       -0.17129880767288       -2.73674254571859
C            9.07136962341224        0.32683232512443       -4.90196700529057
C            8.75319510822915        2.86353573064363       -5.10396842881122
H            7.82772032746188        1.58134922431056       -3.62175426149869
C           -8.71230404347391        1.23375783660340       -3.00790358826472
C          -10.59738830520039       -0.45232570776188       -3.43074705398001
H           -9.35357796631260       -0.32041933254089       -1.64523985821639
H            8.57238962413329       -0.60344993984425       -4.60012343569534
H            9.35676257958284        0.24582587807227       -5.96191184773672
H            9.99094321037506        0.44486302541350       -4.31284082673780
H            8.04448891870109        3.68157054508739       -4.92225489011783
H            9.66835173478924        3.06656562152167       -4.53099023565636
H            9.01818862556786        2.85001436686011       -6.17247328225896
H           -7.75752409514991        1.37851322607570       -2.47681632154673
H           -8.54931102172513        1.38245741845974       -4.08431778260690
H           -9.42432042432888        1.99405722993348       -2.65797358971133
H          -10.94054768586908       -1.47428338551971       -3.21640923568711
H          -11.36789757318555        0.24825692527519       -3.08194555253946
H          -10.50345304531406       -0.34310469113478       -4.51916988941426
H            4.26242827283129       -6.00419825536679        2.58356251449086
H            0.44944391032455       -7.85787966726612        1.67620031015576
H            0.99760222441351        7.27928574876054       -2.07463666530694
H           -3.30394716412821        7.26259262330862       -1.52727844281196
O            3.42762865736763       -3.50728340153480        1.92627501167797
O           -0.73057246784834       -5.52552327271696        0.93953177327708
O            1.29036214691406        4.67078619875111       -1.33867758033563
O           -3.39218523636809        4.66644934102692       -0.73456885373236
C            4.75971294997540       -3.53491237956901        2.33908064429341
C            5.77654851233985       -3.79699490138716        1.41054735225150
C            5.06902840455645       -3.22047858145159        3.66918668647715
C            7.11398258638237       -3.75077310891556        1.82505472136267
H            5.50980664925820       -4.02930916733748        0.37445319370612
C            6.41038630667194       -3.17566207891457        4.07171212978402
H            4.25238467585713       -3.01006720381733        4.36761263438505
C            7.43446573336923       -3.44231718212152        3.15358259004507
H            7.91256078559775       -3.95447736581370        1.10260499306866
H            6.65803855029723       -2.92979185651258        5.11047167369864
H            8.48459038045914       -3.40766225486091        3.47310846217689
C           -1.69458045423800       -6.51751305737563        1.08771158125365
C           -2.08419961867053       -6.97684998335453        2.35412729615310
C           -2.32971627323523       -6.99051752574186       -0.06884542199263
C           -3.10241175943077       -7.93276875754279        2.45462634987655
H           -1.59073660087229       -6.57943376176036        3.24749744795460
C           -3.35260785363004       -7.94004725496688        0.04615283922982
H           -2.01516180235787       -6.59794090712821       -1.04120434418320
C           -3.73751428942907       -8.41914710698662        1.30470670221097
H           -3.40680596418225       -8.29711334892608        3.44202675670024
H           -3.85129389486872       -8.30996669792092       -0.85625904467407
H           -4.53433131325226       -9.16969715360330        1.39051669505075
C            2.55414894065327        5.22918914501918       -1.21447111047470
C            2.84263193463284        6.28804244565777       -0.33923148423284
C            3.58472823177865        4.61365632239919       -1.94334331995731
C            4.16460093947175        6.73664027512507       -0.21395539047460
H            2.04055212339447        6.74773464013469        0.24674849028837
C            4.90083608341084        5.06519826637569       -1.80401756263763
H            3.34614634679076        3.77719221955352       -2.60787271172541
C            5.19645685067062        6.13304863947243       -0.94437722796856
H            4.39009690459843        7.56487421364938        0.47008692089085
H            5.68838412768240        4.56482755281276       -2.37804498623893
H            6.22791036069745        6.49374531143144       -0.83975149539167
C           -4.67593583790244        5.05530853414612       -1.09941748736823
C           -5.03097899140632        5.27332153807674       -2.43854346035387
C           -5.64093885089066        5.13720960877097       -0.08515325771495
C           -6.35692381286128        5.59424037582193       -2.75427330684411
H           -4.27058177580702        5.18376905570838       -3.22152937457524
C           -6.96485549847224        5.45146166245524       -0.41574517666016
H           -5.33649832883550        4.94405987197958        0.94832288115274
C           -7.32677130963747        5.68709476962766       -1.74797601609876
H           -6.63725733354154        5.76499284706474       -3.79938708882138
H           -7.72008885373118        5.51428259661912        0.37510740270195
H           -8.36494749992700        5.93768469532255       -2.00313466456152
N            1.29939178322217        0.40495167500656        0.21509690964505
C            2.53633664747843        0.60366659514513       -0.13158646624829
C            2.94661049639778        0.05977311588019       -1.38955650722270
C            4.22810737763480        0.19847043576115       -1.85034466716287
C            5.16415508911708        0.91245030072114       -1.11128214759188
C            4.79271541799754        1.45292440994170        0.10931769122452
C            3.52340519107151        1.30736825398629        0.63524908200275
C            3.24513190554632        1.85116264298703        2.00891041802171
C            1.84606416073515        2.45728164732225        2.17396079999997
C            1.79951908995971        3.83145469805482        2.76519008994460
C            2.54105271151966        4.90709798369105        2.21543988379195
C            2.18534127263099        6.11051858807016        2.72369101261776
S            0.97933825286971        5.96785070689556        3.94333263506006
C            0.94382328002624        4.26572881367809        3.73037769356972
H            2.20229776922516       -0.48903536529995       -1.94469397786262
H            4.50722314649318       -0.24407938414932       -2.79541044088622
H            6.16560068584053        1.04966606443806       -1.48415649840357
H            5.52522165772820        2.00114531932458        0.68393889299142
H            3.36715585815384        1.03099506314319        2.72277831232950
H            4.00525718431404        2.59738420843402        2.24854248494345
H            1.40079286196172        2.54702675511434        1.17785029769412
H            1.21181298872686        1.77584043885897        2.73861516691317
H            3.29419882598248        4.76922697770105        1.46418335433925
H            2.53369546078378        7.08327182033004        2.44078988065662
H            0.26290864356435        3.70855566912806        4.33516793306006
