feature_name,mean,std,spearman_ee,pearson_ee
stage2pp_flexibility:stage2pp:flexibility:c_to_h_distance:all_200:mean,1.111940943873068,0.0006621875419036362,0.2469792924359243,0.031595205245209784
stage2pp_flexibility:stage2pp:flexibility:c_to_h_distance:all_200:median,1.1118059400249292,0.0008724349041641882,0.1053548030670726,-0.03065597920862861
stage2pp_flexibility:stage2pp:flexibility:c_to_h_distance:all_200:q10,1.1114903326980803,0.0009325206484216424,0.4483420886547651,0.15735706791458612
stage2pp_flexibility:stage2pp:flexibility:c_to_h_distance:all_200:q90,1.112290096771087,0.0004852428544805422,0.013918619113007664,-0.059721096049965894
stage2pp_flexibility:stage2pp:flexibility:c_to_h_distance:all_200:std,0.0003412131955216473,0.00029581622553327404,-0.3317101562333578,-0.19653685305825855
stage2pp_flexibility:stage2pp:flexibility:c_to_h_distance:bottom_100:mean,1.112015036489798,0.0006353214873990358,0.5337841227718413,0.33268129541244423
stage2pp_flexibility:stage2pp:flexibility:c_to_h_distance:bottom_100:median,1.1120053703614978,0.0006328839062636927,0.5182399714996503,0.3443408080555045
stage2pp_flexibility:stage2pp:flexibility:c_to_h_distance:bottom_100:q10,1.1117406185932692,0.0009289376244799319,0.5130585877422533,0.3948211169537756
stage2pp_flexibility:stage2pp:flexibility:c_to_h_distance:bottom_100:q90,1.1121865751233928,0.000543717324055959,0.30001227912928197,0.20537946811649288
stage2pp_flexibility:stage2pp:flexibility:c_to_h_distance:bottom_100:std,0.00018403600514180015,0.00023160862538683244,-0.5157000775009263,-0.43542374135102274
stage2pp_flexibility:stage2pp:flexibility:c_to_h_distance:top_100:mean,1.1118668512563386,0.0008785581383949479,-0.14030374448951521,-0.19294758699345652
stage2pp_flexibility:stage2pp:flexibility:c_to_h_distance:top_100:median,1.1118213733295583,0.000866760650576301,-0.0647164990874882,-0.17427374965034598
stage2pp_flexibility:stage2pp:flexibility:c_to_h_distance:top_100:q10,1.1118200791136392,0.0008665429007972922,-0.06969469132498728,-0.17411905377150827
stage2pp_flexibility:stage2pp:flexibility:c_to_h_distance:top_100:q90,1.1119251094458271,0.0009026475403074835,-0.17748779263083495,-0.20247009077983544
stage2pp_flexibility:stage2pp:flexibility:c_to_h_distance:top_100:std,5.085570228948378e-05,9.097644685452409e-05,-0.0014223406392854547,-0.18271461028673172
stage2pp_flexibility:stage2pp:flexibility:corridor_axial_mean:all_200:mean,3.174670237476542,0.8271943311128139,0.2787787652999491,0.19606582476070536
stage2pp_flexibility:stage2pp:flexibility:corridor_axial_mean:all_200:median,2.9827362877072585,0.8419981777289329,0.13613831833160783,0.08473446759887643
stage2pp_flexibility:stage2pp:flexibility:corridor_axial_mean:all_200:q10,2.511134587292206,0.829614491741805,0.35009898878411977,0.2179354637466429
stage2pp_flexibility:stage2pp:flexibility:corridor_axial_mean:all_200:q90,3.766998052038381,1.073902087087583,0.23356865212266148,0.1370593654231685
stage2pp_flexibility:stage2pp:flexibility:corridor_axial_mean:all_200:std,0.5194107627818761,0.3488582024220861,-0.05272819941351078,-0.052411759648300006
stage2pp_flexibility:stage2pp:flexibility:corridor_axial_mean:bottom_100:mean,3.4035939407054365,1.1019390848151482,0.42619421298589155,0.3108132646202682
stage2pp_flexibility:stage2pp:flexibility:corridor_axial_mean:bottom_100:median,3.323478618206633,1.114964766756456,0.3604617562989138,0.2854423744125629
stage2pp_flexibility:stage2pp:flexibility:corridor_axial_mean:bottom_100:q10,3.1333245909237575,1.1996387559010555,0.461752728968028,0.4012918720099368
stage2pp_flexibility:stage2pp:flexibility:corridor_axial_mean:bottom_100:q90,3.690406210979047,1.1239003350735068,0.26963514690454266,0.17653212709491212
stage2pp_flexibility:stage2pp:flexibility:corridor_axial_mean:bottom_100:std,0.24141613495867056,0.28319030859496824,-0.33262451807289845,-0.40388972449267596
stage2pp_flexibility:stage2pp:flexibility:corridor_axial_mean:top_100:mean,2.9457465342476468,0.7834556278193608,0.056588838291571304,-0.023138779257348023
stage2pp_flexibility:stage2pp:flexibility:corridor_axial_mean:top_100:median,2.8578171279480866,0.825721819741885,0.06105905172932559,-0.04165658810230095
stage2pp_flexibility:stage2pp:flexibility:corridor_axial_mean:top_100:q10,2.7871284263243425,0.8406804778886543,-0.007314894716325196,-0.09168756460965505
stage2pp_flexibility:stage2pp:flexibility:corridor_axial_mean:top_100:q90,3.083722718268324,0.8370325991748996,0.08777873659590235,0.01910882667002297
stage2pp_flexibility:stage2pp:flexibility:corridor_axial_mean:top_100:std,0.14234663180245455,0.24465166817508557,0.1960798167014948,0.18143693538724912
stage2pp_flexibility:stage2pp:flexibility:corridor_fraction:all_200:mean,0.29259586400225046,0.10769070564020987,-0.058623720353092115,-0.15522047968802097
stage2pp_flexibility:stage2pp:flexibility:corridor_fraction:all_200:median,0.2532119652594783,0.12320972180503742,-0.07789603472982497,-0.17556909414443292
stage2pp_flexibility:stage2pp:flexibility:corridor_fraction:all_200:q10,0.22598067467976962,0.08620552847557503,-0.12204145220176958,-0.15962271693872324
stage2pp_flexibility:stage2pp:flexibility:corridor_fraction:all_200:q90,0.40162865415128385,0.15671059551226904,-0.036464548225052656,-0.18719707086595821
stage2pp_flexibility:stage2pp:flexibility:corridor_fraction:all_200:std,0.08315926738441622,0.056126769967387836,0.0931596715115629,-0.08377292560876379
stage2pp_flexibility:stage2pp:flexibility:corridor_fraction:bottom_100:mean,0.2954421285452483,0.10330529361854712,-0.21892130437361207,-0.3750490604496827
stage2pp_flexibility:stage2pp:flexibility:corridor_fraction:bottom_100:median,0.2713744777093194,0.11966803771702499,-0.31967805952680095,-0.504443394392042
stage2pp_flexibility:stage2pp:flexibility:corridor_fraction:bottom_100:q10,0.23152801195787612,0.0978156856058522,-0.08707021076649082,-0.13564954942782428
stage2pp_flexibility:stage2pp:flexibility:corridor_fraction:bottom_100:q90,0.36221421029113343,0.13712765891023387,-0.2716406550603424,-0.3645844174854348
stage2pp_flexibility:stage2pp:flexibility:corridor_fraction:bottom_100:std,0.06355759774631443,0.06116196675199109,-0.10287235225213916,-0.21958025840442782
stage2pp_flexibility:stage2pp:flexibility:corridor_fraction:top_100:mean,0.28974959945925255,0.13923234195558318,0.04224940207766249,0.038158859225250474
stage2pp_flexibility:stage2pp:flexibility:corridor_fraction:top_100:median,0.2571017720338992,0.13775766712757934,-0.022135957859866665,0.028713531030466755
stage2pp_flexibility:stage2pp:flexibility:corridor_fraction:top_100:q10,0.2571017720338986,0.13775766712757964,-0.021437833813028308,0.028713531030466543
stage2pp_flexibility:stage2pp:flexibility:corridor_fraction:top_100:q90,0.3312688693910412,0.1680704845143831,0.09022748560831481,0.05900278595208411
stage2pp_flexibility:stage2pp:flexibility:corridor_fraction:top_100:std,0.03595652534227465,0.06464421843947614,-0.010802331361175872,0.038219693680017194
stage2pp_flexibility:stage2pp:flexibility:n_c_h_angle:all_200:mean,72.80906669943967,14.361303069841954,-0.23499099276194688,-0.2562638773444471
stage2pp_flexibility:stage2pp:flexibility:n_c_h_angle:all_200:median,64.21788747088497,18.81062869270606,-0.2099984358145025,-0.23865075319545537
stage2pp_flexibility:stage2pp:flexibility:n_c_h_angle:all_200:q10,58.83416833225685,14.967522248369864,0.043889368297951176,-0.1782710880937759
stage2pp_flexibility:stage2pp:flexibility:n_c_h_angle:all_200:q90,94.49932755591387,25.460567296855288,-0.03921596334029896,-0.17018336738858375
stage2pp_flexibility:stage2pp:flexibility:n_c_h_angle:all_200:std,17.197647030382566,11.989419026392387,-0.016052130071935847,-0.047389449209170674
stage2pp_flexibility:stage2pp:flexibility:n_c_h_angle:bottom_100:mean,73.96076225051809,15.539138783505441,-0.46500379328639474,-0.48991827700540436
stage2pp_flexibility:stage2pp:flexibility:n_c_h_angle:bottom_100:median,69.23086046521195,21.473795279515585,-0.4834942215971056,-0.626527743797863
stage2pp_flexibility:stage2pp:flexibility:n_c_h_angle:bottom_100:q10,60.58286141982369,15.00197439938628,-0.09509363131222753,-0.1332289476668262
stage2pp_flexibility:stage2pp:flexibility:n_c_h_angle:bottom_100:q90,87.57570057680047,24.277300605310106,-0.3171819625606564,-0.4035223574574127
stage2pp_flexibility:stage2pp:flexibility:n_c_h_angle:bottom_100:std,13.206819077089422,13.010238072846635,-0.2441346111573534,-0.22692299695240561
stage2pp_flexibility:stage2pp:flexibility:n_c_h_angle:top_100:mean,71.65737114836126,21.342900321823475,-0.05049309269463364,0.011823214200742562
stage2pp_flexibility:stage2pp:flexibility:n_c_h_angle:top_100:median,64.72180161161562,21.003907677335164,-0.04825798597575651,-0.02008336904172716
stage2pp_flexibility:stage2pp:flexibility:n_c_h_angle:top_100:q10,64.70817064921076,20.99948546741273,-0.048969156295399226,-0.020200906100545105
stage2pp_flexibility:stage2pp:flexibility:n_c_h_angle:top_100:q90,80.71912552145996,29.963703997180332,0.0008127660795916884,0.06146378817027608
stage2pp_flexibility:stage2pp:flexibility:n_c_h_angle:top_100:std,7.7298055514157324,13.72702529308132,0.1560510872816042,0.07259805047234318
stage2pp_flexibility:stage2pp:flexibility:n_to_c_distance:all_200:mean,3.845078572344269,0.958609922963893,0.06745958460611014,0.14672542458015997
stage2pp_flexibility:stage2pp:flexibility:n_to_c_distance:all_200:median,3.7512459147213,0.9941246085465287,0.07223458532371131,0.1570869833537734
stage2pp_flexibility:stage2pp:flexibility:n_to_c_distance:all_200:q10,3.6375617991693274,0.9455761236554786,0.26719684866576754,0.15106188021924288
stage2pp_flexibility:stage2pp:flexibility:n_to_c_distance:all_200:q90,4.119374979845259,0.9854114033059258,0.17017289791450974,0.14211687132054868
stage2pp_flexibility:stage2pp:flexibility:n_to_c_distance:all_200:std,0.2182361535649685,0.16766692209946205,0.018185641030864026,-0.06962528907262958
stage2pp_flexibility:stage2pp:flexibility:n_to_c_distance:bottom_100:mean,3.915563979464681,0.9712595282228355,0.09773512107090053,0.1353958270950145
stage2pp_flexibility:stage2pp:flexibility:n_to_c_distance:bottom_100:median,3.836844127743834,0.985084374219941,-0.08584841715687208,0.046424736974552606
stage2pp_flexibility:stage2pp:flexibility:n_to_c_distance:bottom_100:q10,3.683386207448498,1.0169611691193077,0.29188461833336504,0.19000459294480654
stage2pp_flexibility:stage2pp:flexibility:n_to_c_distance:bottom_100:q90,4.135412540496681,0.9780325526677823,0.21162396797368588,0.13389299915495673
stage2pp_flexibility:stage2pp:flexibility:n_to_c_distance:bottom_100:std,0.21471985710849012,0.20752156599384255,-0.09610958891171714,-0.09689602056300459
stage2pp_flexibility:stage2pp:flexibility:n_to_c_distance:top_100:mean,3.77459316522386,0.9622064745455947,0.08452767227753559,0.1556842660307004
stage2pp_flexibility:stage2pp:flexibility:n_to_c_distance:top_100:median,3.7153866871305126,0.9403172294827157,0.16570268447675549,0.14668975716131924
stage2pp_flexibility:stage2pp:flexibility:n_to_c_distance:top_100:q10,3.7153090985893176,0.9403201217740377,0.16549949295685754,0.14670938889055818
stage2pp_flexibility:stage2pp:flexibility:n_to_c_distance:top_100:q90,3.84913653541784,1.0001643881040316,0.10301810058824651,0.16190406778503474
stage2pp_flexibility:stage2pp:flexibility:n_to_c_distance:top_100:std,0.06520288732536421,0.12961639490512808,0.0524234121336639,0.09043198373536421
stage2pp_flexibility:stage2pp:flexibility:n_to_h_distance:all_200:mean,3.6734898441314283,1.0399365367567268,0.04744521989616481,0.06378356989856057
stage2pp_flexibility:stage2pp:flexibility:n_to_h_distance:all_200:median,3.4437142921632264,1.1146719913572083,0.10840267586554143,0.05104133870903652
stage2pp_flexibility:stage2pp:flexibility:n_to_h_distance:all_200:q10,3.259807805587552,1.074355616667002,0.24840163307520977,0.10807691657613681
stage2pp_flexibility:stage2pp:flexibility:n_to_h_distance:all_200:q90,4.29940032594151,1.1577210268835272,0.24118833411883353,0.03318501121361682
stage2pp_flexibility:stage2pp:flexibility:n_to_h_distance:all_200:std,0.48841407311942364,0.3381551351740587,-0.055064901892336884,-0.10044288663561714
stage2pp_flexibility:stage2pp:flexibility:n_to_h_distance:bottom_100:mean,3.764987928766575,0.9930250278551657,0.016966491911476495,-0.013721820800243307
stage2pp_flexibility:stage2pp:flexibility:n_to_h_distance:bottom_100:median,3.615456207621007,1.092447397056379,-0.13288725401324103,-0.1960739685305268
stage2pp_flexibility:stage2pp:flexibility:n_to_h_distance:bottom_100:q10,3.3154261228903974,1.05629009951953,0.24250907899817,0.13369119410867575
stage2pp_flexibility:stage2pp:flexibility:n_to_h_distance:bottom_100:q90,4.213333055173442,1.093638446446736,0.21324950013286922,-0.043568629952692305
stage2pp_flexibility:stage2pp:flexibility:n_to_h_distance:bottom_100:std,0.43785746020606964,0.42130645991835586,-0.15371438480277805,-0.1689162215836929
stage2pp_flexibility:stage2pp:flexibility:n_to_h_distance:top_100:mean,3.5819917594962827,1.1628410780308913,0.13634150985150573,0.12580209265971457
stage2pp_flexibility:stage2pp:flexibility:n_to_h_distance:top_100:median,3.4078046505175936,1.1738243434992728,0.1705792809543056,0.10998948009232742
stage2pp_flexibility:stage2pp:flexibility:n_to_h_distance:top_100:q10,3.4075681944807648,1.1737080611199266,0.1692585360749691,0.10997450999670225
stage2pp_flexibility:stage2pp:flexibility:n_to_h_distance:top_100:q90,3.8089706808987147,1.2440165769185594,0.169563323354816,0.1444093714572016
stage2pp_flexibility:stage2pp:flexibility:n_to_h_distance:top_100:std,0.1941538604301162,0.3267637030959382,0.0644117118076413,0.06926587092777702
stage2pp_flexibility:stage2pp:flexibility:parallel_motion_std:all_200:mean,2.285814151747547,0.28946902950021897,0.3527404785427928,0.3159180269502367
stage2pp_flexibility:stage2pp:flexibility:parallel_motion_std:all_200:median,2.1894945618865083,0.40538119863685607,-0.06278617964845792,0.0029274559049792957
stage2pp_flexibility:stage2pp:flexibility:parallel_motion_std:all_200:q10,1.7488347469916437,0.39904223772016273,0.14934576712497274,0.16178268159899037
stage2pp_flexibility:stage2pp:flexibility:parallel_motion_std:all_200:q90,2.658181789109464,0.43245585574603634,0.26120269882877883,0.2778660208712691
stage2pp_flexibility:stage2pp:flexibility:parallel_motion_std:all_200:std,0.3843065069228393,0.23848932068336975,0.09174097123391184,0.10681251394263308
stage2pp_flexibility:stage2pp:flexibility:parallel_motion_std:bottom_100:mean,2.4176415814222456,0.5108605691793962,0.5296186966139339,0.48804004600577294
stage2pp_flexibility:stage2pp:flexibility:parallel_motion_std:bottom_100:median,2.319847408790733,0.5869041764747596,0.584175619706526,0.4893787001451816
stage2pp_flexibility:stage2pp:flexibility:parallel_motion_std:bottom_100:q10,2.2010512016901482,0.6369848179533858,0.5229133764573025,0.4808047083852003
stage2pp_flexibility:stage2pp:flexibility:parallel_motion_std:bottom_100:q90,2.6387698269145736,0.45880280026444487,0.29178302257341615,0.30744491181393524
stage2pp_flexibility:stage2pp:flexibility:parallel_motion_std:bottom_100:std,0.19229574621216694,0.19839885599802715,-0.36025856477901586,-0.312200508576877
stage2pp_flexibility:stage2pp:flexibility:parallel_motion_std:top_100:mean,2.153986722072848,0.3905543081076336,-0.11846065610048857,-0.17007480132756347
stage2pp_flexibility:stage2pp:flexibility:parallel_motion_std:top_100:median,2.094925744840203,0.4923525514198038,-0.14934576712497274,-0.14207345702635385
stage2pp_flexibility:stage2pp:flexibility:parallel_motion_std:top_100:q10,2.035986570742081,0.5228007115133315,-0.2198532245295517,-0.20468010634081957
stage2pp_flexibility:stage2pp:flexibility:parallel_motion_std:top_100:q90,2.246105670553452,0.3656435478741949,-0.09336650339309521,-0.1160848028847695
stage2pp_flexibility:stage2pp:flexibility:parallel_motion_std:top_100:std,0.10059962266118647,0.2049237845173138,0.07822873516070002,0.14413199065375717
stage2pp_flexibility:stage2pp:flexibility:perpendicular_motion_std:all_200:mean,1.3682525754627692,0.1778332207998178,-0.09275692883340142,-0.03737380536432669
stage2pp_flexibility:stage2pp:flexibility:perpendicular_motion_std:all_200:median,1.2913979363033057,0.1753686093752785,-0.015036172472446234,0.025616546853826107
stage2pp_flexibility:stage2pp:flexibility:perpendicular_motion_std:all_200:q10,1.2273272459005133,0.18512257222397502,0.07965107579998547,0.10366752390217597
stage2pp_flexibility:stage2pp:flexibility:perpendicular_motion_std:all_200:q90,1.5379121373042257,0.2725908701844212,-0.10748831402600079,-0.16453948129151819
stage2pp_flexibility:stage2pp:flexibility:perpendicular_motion_std:all_200:std,0.13464823023917696,0.10205190437814804,-0.0753840538821291,-0.18536931193371217
stage2pp_flexibility:stage2pp:flexibility:perpendicular_motion_std:bottom_100:mean,1.3750768370066089,0.25599851336274976,-0.2459633348364347,-0.2208031019800763
stage2pp_flexibility:stage2pp:flexibility:perpendicular_motion_std:bottom_100:median,1.354085842026165,0.28728944826674563,-0.32612238943616495,-0.3470234587401929
stage2pp_flexibility:stage2pp:flexibility:perpendicular_motion_std:bottom_100:q10,1.2577714152266823,0.22432120081005244,0.03088511102448416,-0.030919319327653065
stage2pp_flexibility:stage2pp:flexibility:perpendicular_motion_std:bottom_100:q90,1.4755498030754959,0.3246620845973906,-0.22320588460786742,-0.27057857774646865
stage2pp_flexibility:stage2pp:flexibility:perpendicular_motion_std:bottom_100:std,0.10466954844579142,0.12907649406545396,-0.2600851454693403,-0.21897924305744967
stage2pp_flexibility:stage2pp:flexibility:perpendicular_motion_std:top_100:mean,1.361428313918929,0.16375741194771998,0.23356865212266148,0.264004279107793
stage2pp_flexibility:stage2pp:flexibility:perpendicular_motion_std:top_100:median,1.3568431814142958,0.166234810527598,0.22056439484919443,0.2692159496784775
stage2pp_flexibility:stage2pp:flexibility:perpendicular_motion_std:top_100:q10,1.3543693620112935,0.1670111696380436,0.21497662805200157,0.26670387909762844
stage2pp_flexibility:stage2pp:flexibility:perpendicular_motion_std:top_100:q90,1.3679753231079128,0.16239502454099292,0.26719684866576754,0.2584151197279386
stage2pp_flexibility:stage2pp:flexibility:perpendicular_motion_std:top_100:std,0.006399603391020476,0.015378638071803794,0.14467236216732055,-0.09396909066159045
stage2pp_flexibility:stage2pp:flexibility:preferred_h_distance:all_200:mean,3.6734898441314283,1.0399365367567268,0.04744521989616481,0.06378356989856057
stage2pp_flexibility:stage2pp:flexibility:preferred_h_distance:all_200:median,3.4437142921632264,1.1146719913572083,0.10840267586554143,0.05104133870903652
stage2pp_flexibility:stage2pp:flexibility:preferred_h_distance:all_200:q10,3.259807805587552,1.074355616667002,0.24840163307520977,0.10807691657613681
stage2pp_flexibility:stage2pp:flexibility:preferred_h_distance:all_200:q90,4.29940032594151,1.1577210268835272,0.24118833411883353,0.03318501121361682
stage2pp_flexibility:stage2pp:flexibility:preferred_h_distance:all_200:std,0.48841407311942364,0.3381551351740587,-0.055064901892336884,-0.10044288663561714
stage2pp_flexibility:stage2pp:flexibility:preferred_h_distance:bottom_100:mean,3.764987928766575,0.9930250278551657,0.016966491911476495,-0.013721820800243307
stage2pp_flexibility:stage2pp:flexibility:preferred_h_distance:bottom_100:median,3.615456207621007,1.092447397056379,-0.13288725401324103,-0.1960739685305268
stage2pp_flexibility:stage2pp:flexibility:preferred_h_distance:bottom_100:q10,3.3154261228903974,1.05629009951953,0.24250907899817,0.13369119410867575
stage2pp_flexibility:stage2pp:flexibility:preferred_h_distance:bottom_100:q90,4.213333055173442,1.093638446446736,0.21324950013286922,-0.043568629952692305
stage2pp_flexibility:stage2pp:flexibility:preferred_h_distance:bottom_100:std,0.43785746020606964,0.42130645991835586,-0.15371438480277805,-0.1689162215836929
stage2pp_flexibility:stage2pp:flexibility:preferred_h_distance:top_100:mean,3.5819917594962827,1.1628410780308913,0.13634150985150573,0.12580209265971457
stage2pp_flexibility:stage2pp:flexibility:preferred_h_distance:top_100:median,3.4078046505175936,1.1738243434992728,0.1705792809543056,0.10998948009232742
stage2pp_flexibility:stage2pp:flexibility:preferred_h_distance:top_100:q10,3.4075681944807648,1.1737080611199266,0.1692585360749691,0.10997450999670225
stage2pp_flexibility:stage2pp:flexibility:preferred_h_distance:top_100:q90,3.8089706808987147,1.2440165769185594,0.169563323354816,0.1444093714572016
stage2pp_flexibility:stage2pp:flexibility:preferred_h_distance:top_100:std,0.1941538604301162,0.3267637030959382,0.0644117118076413,0.06926587092777702
stage2pp_flexibility:stage2pp:flexibility:tether_dihedral:all_200:mean,4.751962560037093,19.68027860450955,-0.18719966161277682,-0.3379539289520238
stage2pp_flexibility:stage2pp:flexibility:tether_dihedral:all_200:median,35.213690701806094,82.65048897304956,0.08651316790408654,-0.09683329967526982
stage2pp_flexibility:stage2pp:flexibility:tether_dihedral:all_200:q10,-113.00343682108635,52.204799987019555,0.11668863574614609,0.09829954538566622
stage2pp_flexibility:stage2pp:flexibility:tether_dihedral:all_200:q90,110.03126812392588,47.50099229012777,-0.18140841020874518,-0.18116355163558132
stage2pp_flexibility:stage2pp:flexibility:tether_dihedral:all_200:std,98.357928875738,38.96014242396889,-0.021285388932361867,-0.022483764660155958
stage2pp_flexibility:stage2pp:flexibility:tether_dihedral:bottom_100:mean,7.418777504415502,34.69083093362803,-0.16474586230942612,-0.3149144523668482
stage2pp_flexibility:stage2pp:flexibility:tether_dihedral:bottom_100:median,24.550462908467946,96.92638955168064,-0.022707801557913496,-0.1134166406213358
stage2pp_flexibility:stage2pp:flexibility:tether_dihedral:bottom_100:q10,-118.1992248130611,54.379459060086134,-0.025247824103541403,0.04434152508496713
stage2pp_flexibility:stage2pp:flexibility:tether_dihedral:bottom_100:q90,117.48194062059788,51.037823837495154,-0.08996759856614049,-0.12726802749719276
stage2pp_flexibility:stage2pp:flexibility:tether_dihedral:bottom_100:std,102.65586519708293,41.71702375606048,-0.028295851158294895,-0.06142756392757867
stage2pp_flexibility:stage2pp:flexibility:tether_dihedral:top_100:mean,2.0851476156586877,14.28968666083968,-0.13497679807466703,-0.16637250244469842
stage2pp_flexibility:stage2pp:flexibility:tether_dihedral:top_100:median,-9.557297118470704,91.98131292324395,-0.3069871248645889,-0.38623241783369966
stage2pp_flexibility:stage2pp:flexibility:tether_dihedral:top_100:q10,-94.41706172678612,42.38544785293613,-0.10195650498150423,-0.021751628430845268
stage2pp_flexibility:stage2pp:flexibility:tether_dihedral:top_100:q90,95.3499737589337,42.26363217316143,0.00441963922939256,0.0087675979834704
stage2pp_flexibility:stage2pp:flexibility:tether_dihedral:top_100:std,89.41105459886795,38.265263075154714,0.02280940245973861,0.015787818220367865
stage2pp_flexibility:stage2pp:flexibility:two_h_distance_gap:all_200:mean,0.8237375850183517,0.3092218281025463,0.23671812068107922,0.3102483251313751
stage2pp_flexibility:stage2pp:flexibility:two_h_distance_gap:all_200:median,0.8930175785817428,0.47069230892619757,0.14446917064742262,0.19765253494536045
stage2pp_flexibility:stage2pp:flexibility:two_h_distance_gap:all_200:q10,0.24385130761447762,0.42268954990553265,0.15147927808390094,0.22998074221416753
stage2pp_flexibility:stage2pp:flexibility:two_h_distance_gap:all_200:q90,1.114366851155139,0.3226746896311226,0.037184048141319745,0.16359990122191068
stage2pp_flexibility:stage2pp:flexibility:two_h_distance_gap:all_200:std,0.35730727167374216,0.2241839758627431,-0.05597926373187754,-0.11769160578898184
stage2pp_flexibility:stage2pp:flexibility:two_h_distance_gap:bottom_100:mean,0.7371370198411048,0.3505843749026663,0.4373697465802773,0.3949545506289532
stage2pp_flexibility:stage2pp:flexibility:two_h_distance_gap:bottom_100:median,0.6395936728633411,0.541856569316708,0.20034683861935118,0.296863746194226
stage2pp_flexibility:stage2pp:flexibility:two_h_distance_gap:bottom_100:q10,0.3940529495013691,0.5121618250614979,0.19333673118287287,0.30073923060301283
stage2pp_flexibility:stage2pp:flexibility:two_h_distance_gap:bottom_100:q90,1.0445458958547607,0.37179562185543125,0.05872234925049948,0.10191373134176179
stage2pp_flexibility:stage2pp:flexibility:two_h_distance_gap:bottom_100:std,0.30059304860984987,0.2774558860450074,-0.07731437332115935,-0.15580516802560374
stage2pp_flexibility:stage2pp:flexibility:two_h_distance_gap:top_100:mean,0.9103381501955985,0.4076814971289297,0.14711066040609558,0.13099984829983377
stage2pp_flexibility:stage2pp:flexibility:two_h_distance_gap:top_100:median,0.8330799735860643,0.5201023471151838,0.2158909898915422,0.10768763227091356
stage2pp_flexibility:stage2pp:flexibility:two_h_distance_gap:top_100:q10,0.7482544826361698,0.5506592252595274,0.1507681077642582,0.048979804659206205
stage2pp_flexibility:stage2pp:flexibility:two_h_distance_gap:top_100:q90,1.035649802947283,0.4005981780670176,0.23194311996347808,0.1614903194692976
stage2pp_flexibility:stage2pp:flexibility:two_h_distance_gap:top_100:std,0.13888201433597133,0.2373838126630911,0.25185588891347443,0.06990908672873095
stage2pp_geometry:stage2pp:occupancy:activation:all_heavy:all_200:entropy,4.962542510770831,0.16016224386327552,0.15879417280022612,0.2475992300126929
stage2pp_geometry:stage2pp:occupancy:activation:all_heavy:all_200:mass,92.09863101797373,13.611514495349303,0.43422027802185953,0.4864546467831941
stage2pp_geometry:stage2pp:occupancy:activation:all_heavy:all_200:peak,1.3885290821256415,0.2505389833099446,0.12201650769870222,0.17538066717135845
stage2pp_geometry:stage2pp:occupancy:activation:all_heavy:all_200:variance_mean,0.02269198964075502,0.015534165691273496,0.08076862915942402,0.1302773014413076
stage2pp_geometry:stage2pp:occupancy:activation:all_heavy:bottom_100:entropy,4.896722082837836,0.17533448437060065,0.14792342648568726,0.15590632389690534
stage2pp_geometry:stage2pp:occupancy:activation:all_heavy:bottom_100:mass,91.89899445397339,13.472439577946222,0.4216224037881884,0.4814970389639905
stage2pp_geometry:stage2pp:occupancy:activation:all_heavy:bottom_100:peak,1.5218571613834224,0.3027729734957015,0.15371438480277805,0.21873787983013795
stage2pp_geometry:stage2pp:occupancy:activation:all_heavy:bottom_100:variance_mean,0.011776726316399344,0.011240428253517457,-0.3550771810216189,-0.2629769970937029
stage2pp_geometry:stage2pp:occupancy:activation:all_heavy:top_100:entropy,4.772727756686078,0.22883755035905387,0.17484630287216196,0.20797759340974117
stage2pp_geometry:stage2pp:occupancy:activation:all_heavy:top_100:mass,92.29826758197412,13.772405188276847,0.44041761937874613,0.49053372270713935
stage2pp_geometry:stage2pp:occupancy:activation:all_heavy:top_100:peak,1.701747596295533,0.4552516261030891,0.16295959895813353,0.1826603186967901
stage2pp_geometry:stage2pp:occupancy:activation:all_heavy:top_100:variance_mean,0.00869969070091728,0.01752304245648859,0.15147927808390094,0.17937183808473176
stage2pp_geometry:stage2pp:occupancy:activation:carbon:all_200:entropy,4.921593143466183,0.1698304455455976,0.10830108010559247,0.17536057539698768
stage2pp_geometry:stage2pp:occupancy:activation:carbon:all_200:mass,5.670984784269403,0.43953977287238133,0.01341064031326286,0.0014046423460255797
stage2pp_geometry:stage2pp:occupancy:activation:carbon:all_200:peak,0.08942308361697046,0.018051975929255906,-0.1048468242673278,-0.1722878016241138
stage2pp_geometry:stage2pp:occupancy:activation:carbon:all_200:variance_mean,9.154877519874023e-05,6.305021917560457e-05,-0.07690799028136351,-0.08691758791985209
stage2pp_geometry:stage2pp:occupancy:activation:carbon:bottom_100:entropy,4.851784068768865,0.18389836317761374,0.06532607364718195,0.08455087024441083
stage2pp_geometry:stage2pp:occupancy:activation:carbon:bottom_100:mass,5.6572347870435635,0.43962577121379437,-0.018592024070659872,-0.021651665654870395
stage2pp_geometry:stage2pp:occupancy:activation:carbon:bottom_100:peak,0.09519134220518682,0.01944442253186935,0.03220585590382065,-0.0925128424137563
stage2pp_geometry:stage2pp:occupancy:activation:carbon:bottom_100:variance_mean,5.1742684690435113e-05,5.533029704130793e-05,-0.39602027228105013,-0.4287484274399318
stage2pp_geometry:stage2pp:occupancy:activation:carbon:top_100:entropy,4.720296773977529,0.22822794523967158,0.11256810202344884,0.14302243688084143
stage2pp_geometry:stage2pp:occupancy:activation:carbon:top_100:mass,5.684734781495242,0.44344471271920943,0.0427718149385126,0.02424974807146507
stage2pp_geometry:stage2pp:occupancy:activation:carbon:top_100:peak,0.1105723173608643,0.031944933819446436,-0.12089895433926365,9.32834990918838e-05
stage2pp_geometry:stage2pp:occupancy:activation:carbon:top_100:variance_mean,2.7972663858859004e-05,5.336773258269032e-05,0.14020214872956624,0.09334515590856485
stage2pp_geometry:stage2pp:occupancy:activation:halogen:all_200:entropy,0.5627076538819795,1.2133017526464884,0.16177073192557723,0.25167284411823165
stage2pp_geometry:stage2pp:occupancy:activation:halogen:all_200:mass,0.09000985464563906,0.21078492668674695,0.1695138640965809,0.22145024479721706
stage2pp_geometry:stage2pp:occupancy:activation:halogen:all_200:peak,0.009344531206298556,0.020272970622709042,0.17892708359858542,0.2556430744817442
stage2pp_geometry:stage2pp:occupancy:activation:halogen:all_200:variance_mean,6.645823058324065e-07,1.8965612720508128e-06,0.15767142665857528,0.16769165567930938
stage2pp_geometry:stage2pp:occupancy:activation:halogen:bottom_100:entropy,0.5695966111540179,1.2305477491144077,0.1646554282245786,0.2519329681992212
stage2pp_geometry:stage2pp:occupancy:activation:halogen:bottom_100:mass,0.08997042626857465,0.21067441819173657,0.1695138640965809,0.2214123717074294
stage2pp_geometry:stage2pp:occupancy:activation:halogen:bottom_100:peak,0.009524649922600997,0.021724686127860715,0.17892708359858542,0.23617214834204103
stage2pp_geometry:stage2pp:occupancy:activation:halogen:bottom_100:variance_mean,6.554890705273939e-07,2.3127475630153395e-06,0.1596451662315762,0.15318698535701597
stage2pp_geometry:stage2pp:occupancy:activation:halogen:top_100:entropy,0.5164025360663964,1.1126406485405285,0.17452412608958334,0.2523816463976826
stage2pp_geometry:stage2pp:occupancy:activation:halogen:top_100:mass,0.09004928302270346,0.21089568644667742,0.17452412608958334,0.22148781431137615
stage2pp_geometry:stage2pp:occupancy:activation:halogen:top_100:peak,0.011326756096758565,0.02427325699100638,0.1602524707155765,0.25552582780745653
stage2pp_geometry:stage2pp:occupancy:activation:halogen:top_100:variance_mean,4.2610948288391985e-14,1.094775691652326e-13,0.1725503865165824,0.21646395296611126
stage2pp_geometry:stage2pp:occupancy:activation:hetero:all_200:entropy,2.8490296735700755,1.3866140626487293,0.053387694375514806,0.2531767826385235
stage2pp_geometry:stage2pp:occupancy:activation:hetero:all_200:mass,0.4619400736364276,0.33767199183347835,0.09393788972180277,0.06789523300036816
stage2pp_geometry:stage2pp:occupancy:activation:hetero:all_200:peak,0.039225667848875316,0.0269458381589838,0.020988292063656582,0.026119200456036752
stage2pp_geometry:stage2pp:occupancy:activation:hetero:all_200:variance_mean,7.494227443381085e-06,7.2371053643771305e-06,-0.038818151826471636,-0.07214707395510496
stage2pp_geometry:stage2pp:occupancy:activation:hetero:bottom_100:entropy,2.7034677283997204,1.320208803954534,0.00815079303442974,0.22243684035358818
stage2pp_geometry:stage2pp:occupancy:activation:hetero:bottom_100:mass,0.4641550065861387,0.34125959229225844,0.08976060829165752,0.0661840332947237
stage2pp_geometry:stage2pp:occupancy:activation:hetero:bottom_100:peak,0.04406285909229953,0.03202856174891749,0.22822220496403273,0.1266703539814922
stage2pp_geometry:stage2pp:occupancy:activation:hetero:bottom_100:variance_mean,4.985466086575563e-06,6.427326042010977e-06,-0.03423333074460491,-0.14060877570855018
stage2pp_geometry:stage2pp:occupancy:activation:hetero:top_100:entropy,2.537529982033018,1.2581130853741875,0.21365266241498956,0.31501037785848507
stage2pp_geometry:stage2pp:occupancy:activation:hetero:top_100:mass,0.45972514068671644,0.33415490851972607,0.09577181815454945,0.06962848761108856
stage2pp_geometry:stage2pp:occupancy:activation:hetero:top_100:peak,0.04977672935962029,0.029701731064366518,-0.11207340422340893,-0.0054959804334198375
stage2pp_geometry:stage2pp:occupancy:activation:hetero:top_100:variance_mean,2.6719194076811047e-06,5.586819670686226e-06,0.25185950476387897,0.1502161184389267
stage2pp_geometry:stage2pp:occupancy:activation:hydrogen:all_200:entropy,4.743433193498743,0.1944996371453553,0.07182820228391547,0.05398757731963903
stage2pp_geometry:stage2pp:occupancy:activation:hydrogen:all_200:mass,3.0073735254876683,0.6103331788807028,-0.3967314426006929,-0.42108084476711005
stage2pp_geometry:stage2pp:occupancy:activation:hydrogen:all_200:peak,0.08273060959223064,0.024989934881182445,-0.3473559032654978,-0.3920341550191086
stage2pp_geometry:stage2pp:occupancy:activation:hydrogen:all_200:variance_mean,4.13020824340402e-05,2.8101537922984687e-05,-0.30854632296499473,-0.36300618121960637
stage2pp_geometry:stage2pp:occupancy:activation:hydrogen:bottom_100:entropy,4.657162308523849,0.21125853069531766,-0.05801117893085676,-0.06719308916020335
stage2pp_geometry:stage2pp:occupancy:activation:hydrogen:bottom_100:mass,3.006384599275704,0.6122785331599164,-0.3839303768471238,-0.4195171701085205
stage2pp_geometry:stage2pp:occupancy:activation:hydrogen:bottom_100:peak,0.08668607830488606,0.025703618427624874,-0.3971378256404887,-0.3966360295127623
stage2pp_geometry:stage2pp:occupancy:activation:hydrogen:bottom_100:variance_mean,3.2922447663155576e-05,3.30428404366479e-05,-0.49619369159072574,-0.4554223692422119
stage2pp_geometry:stage2pp:occupancy:activation:hydrogen:top_100:entropy,4.525488717263774,0.18703723516893064,0.07731437332115935,0.1560189194829545
stage2pp_geometry:stage2pp:occupancy:activation:hydrogen:top_100:mass,3.008362451699633,0.608514337133992,-0.3948011231616626,-0.4225666477582099
stage2pp_geometry:stage2pp:occupancy:activation:hydrogen:top_100:peak,0.09053524189767051,0.03227279354911983,-0.32094100567876793,-0.3690153671798597
stage2pp_geometry:stage2pp:occupancy:activation:hydrogen:top_100:variance_mean,1.1079420604268843e-05,2.026947894901779e-05,0.10179895146885898,-0.013769728490838377
stage2pp_geometry:stage2pp:occupancy:activation:reactive_c:all_200:entropy,2.1555867709047716,1.2398658818783886e-15,-0.21379936186822135,-0.16228272881469663
stage2pp_geometry:stage2pp:occupancy:activation:reactive_c:all_200:mass,0.22161750499381455,0.034189717766072575,-0.44559900313614315,-0.5225220025621261
stage2pp_geometry:stage2pp:occupancy:activation:reactive_c:all_200:peak,0.053558010175790635,0.00826258400514813,-0.4097356998741599,-0.5225220025621227
stage2pp_geometry:stage2pp:occupancy:activation:reactive_c:all_200:variance_mean,2.5794421415552577e-20,3.3993514303197256e-20,0.04851443062149305,-0.14642786569033317
stage2pp_geometry:stage2pp:occupancy:activation:reactive_c:bottom_100:entropy,2.1555867709047716,1.3622943321981397e-15,0.0016531437014420723,-0.02155674790680559
stage2pp_geometry:stage2pp:occupancy:activation:reactive_c:bottom_100:mass,0.22161750499381475,0.03418971776607262,-0.4156616066149795,-0.5225220025621263
stage2pp_geometry:stage2pp:occupancy:activation:reactive_c:bottom_100:peak,0.05355801017579072,0.00826258400514812,-0.4419862934969571,-0.5225220025621252
stage2pp_geometry:stage2pp:occupancy:activation:reactive_c:bottom_100:variance_mean,1.0936935397705681e-20,1.2472459476629632e-20,-0.1324501834537031,0.16844736256276205
stage2pp_geometry:stage2pp:occupancy:activation:reactive_c:top_100:entropy,2.1555867709047716,1.0523494418272444e-15,0.059432600679508125,0.06751399188830742
stage2pp_geometry:stage2pp:occupancy:activation:reactive_c:top_100:mass,0.22161750499381463,0.034189717766072596,-0.425643348804131,-0.5225220025621256
stage2pp_geometry:stage2pp:occupancy:activation:reactive_c:top_100:peak,0.053558010175790684,0.008262584005148121,-0.4274256597676397,-0.5225220025621258
stage2pp_geometry:stage2pp:occupancy:activation:reactive_c:top_100:variance_mean,7.752265223958147e-21,1.0563976108934348e-20,-0.01708105898755082,-0.017453550039206192
stage2pp_geometry:stage2pp:occupancy:activation:reactive_h:all_200:entropy,2.407925291238658,0.20617480160493976,0.048867560535450265,-0.035138531952155966
stage2pp_geometry:stage2pp:occupancy:activation:reactive_h:all_200:mass,0.22021737214092774,0.034063140451351635,-0.43767453386012417,-0.5223668664159846
stage2pp_geometry:stage2pp:occupancy:activation:reactive_h:all_200:peak,0.046250593496701776,0.012683118912536661,-0.33496122055172456,-0.3096350563728405
stage2pp_geometry:stage2pp:occupancy:activation:reactive_h:all_200:variance_mean,1.9616631503785163e-06,1.664461884274594e-06,-0.019100002870404673,-0.20742006398656754
stage2pp_geometry:stage2pp:occupancy:activation:reactive_h:bottom_100:entropy,2.3520161811867477,0.2208744945672602,-0.15889576856017507,-0.20322102382466253
stage2pp_geometry:stage2pp:occupancy:activation:reactive_h:bottom_100:mass,0.2201935907440898,0.03407128323286252,-0.41928570130936227,-0.5231468582003893
stage2pp_geometry:stage2pp:occupancy:activation:reactive_h:bottom_100:peak,0.046838573827546415,0.013442884688342403,-0.21995482028950067,-0.2144878420064294
stage2pp_geometry:stage2pp:occupancy:activation:reactive_h:bottom_100:variance_mean,1.732891460702287e-06,1.8497117856601181e-06,-0.2553101447517391,-0.29408311877093496
stage2pp_geometry:stage2pp:occupancy:activation:reactive_h:top_100:entropy,2.2589925402869007,0.21732507013517338,0.03901277182040105,0.07381305151760965
stage2pp_geometry:stage2pp:occupancy:activation:reactive_h:top_100:mass,0.2202411535377656,0.034055918777298806,-0.42040325466880085,-0.5215723943243877
stage2pp_geometry:stage2pp:occupancy:activation:reactive_h:top_100:peak,0.05044353966419732,0.012379818395060692,-0.32561441063642016,-0.3820904317639559
stage2pp_geometry:stage2pp:occupancy:activation:reactive_h:top_100:variance_mean,8.637616054377429e-07,1.6889338101270478e-06,0.09285852459335038,-0.08536388055305591
stage2pp_geometry:stage2pp:occupancy:h_to_n:all_heavy:all_200:entropy,4.970550777948402,0.16237659930676435,0.03911436758035001,0.11679224561356237
stage2pp_geometry:stage2pp:occupancy:h_to_n:all_heavy:all_200:mass,95.86171793165562,13.408514502342891,0.4268037875455854,0.4932850987726114
stage2pp_geometry:stage2pp:occupancy:h_to_n:all_heavy:all_200:peak,1.5836831921762398,0.2841554084616741,0.3029585561678019,0.34651420662808485
stage2pp_geometry:stage2pp:occupancy:h_to_n:all_heavy:all_200:variance_mean,0.02594618122187651,0.015562870008622512,0.10880905890533728,0.10662593453432662
stage2pp_geometry:stage2pp:occupancy:h_to_n:all_heavy:bottom_100:entropy,4.948670068046354,0.1898117335542033,0.08889628995534091,0.09334614296715425
stage2pp_geometry:stage2pp:occupancy:h_to_n:all_heavy:bottom_100:mass,95.86044822514091,13.367373451514256,0.446005386175939,0.49532700925396467
stage2pp_geometry:stage2pp:occupancy:h_to_n:all_heavy:bottom_100:peak,1.5995504340767832,0.39728809249560343,0.11378725114283637,0.23418244216280656
stage2pp_geometry:stage2pp:occupancy:h_to_n:all_heavy:bottom_100:variance_mean,0.016246032707837768,0.014849816656156619,-0.2121319467734307,-0.17019983199505925
stage2pp_geometry:stage2pp:occupancy:h_to_n:all_heavy:top_100:entropy,4.741466986105292,0.215954166466048,0.13207448793364937,0.1352433215651863
stage2pp_geometry:stage2pp:occupancy:h_to_n:all_heavy:top_100:mass,95.86298763817031,13.451268257829115,0.4242638935468614,0.4911967824446126
stage2pp_geometry:stage2pp:occupancy:h_to_n:all_heavy:top_100:peak,2.058077138322033,0.47426920549967555,0.20593460541654404,0.2815096505885544
stage2pp_geometry:stage2pp:occupancy:h_to_n:all_heavy:top_100:variance_mean,0.008779151254344345,0.016806270259263737,0.15554310848185937,0.178712124574056
stage2pp_geometry:stage2pp:occupancy:h_to_n:carbon:all_200:entropy,4.930839635952093,0.16997633851440305,-0.025805323027036108,0.041605420502218875
stage2pp_geometry:stage2pp:occupancy:h_to_n:carbon:all_200:mass,5.931520245042625,0.41326475639519356,-0.006502128636733507,-0.06315452238240067
stage2pp_geometry:stage2pp:occupancy:h_to_n:carbon:all_200:peak,0.10407063296245138,0.021472892139960367,0.021944684148975588,-0.036714264898347275
stage2pp_geometry:stage2pp:occupancy:h_to_n:carbon:all_200:variance_mean,0.00010483487934602103,6.125617692400069e-05,-0.10108778114921624,-0.1535646626133417
stage2pp_geometry:stage2pp:occupancy:h_to_n:carbon:bottom_100:entropy,4.904493044477134,0.19828036212221825,0.028446812785709093,0.025497583415719526
stage2pp_geometry:stage2pp:occupancy:h_to_n:carbon:bottom_100:mass,5.930640952691879,0.4106594755932774,0.018388832550761947,-0.06109503965844022
stage2pp_geometry:stage2pp:occupancy:h_to_n:carbon:bottom_100:peak,0.1017499911294525,0.024390064295230194,-0.08788033235585131,-0.07962856088992777
stage2pp_geometry:stage2pp:occupancy:h_to_n:carbon:bottom_100:variance_mean,7.157811708630846e-05,6.498662117639769e-05,-0.3334372841524902,-0.3642355450374442
stage2pp_geometry:stage2pp:occupancy:h_to_n:carbon:top_100:entropy,4.696912556529476,0.2135691629295034,0.09438246099258482,0.07887837949976317
stage2pp_geometry:stage2pp:occupancy:h_to_n:carbon:top_100:mass,5.932399537393372,0.4160741139683592,-0.028548408545658054,-0.06515622759894009
stage2pp_geometry:stage2pp:occupancy:h_to_n:carbon:top_100:peak,0.13315196533424,0.03401588704650559,0.07619681996172079,0.042628696944218794
stage2pp_geometry:stage2pp:occupancy:h_to_n:carbon:top_100:variance_mean,2.945348096993107e-05,5.2458320743459344e-05,0.11368565538288741,0.08060890771988809
stage2pp_geometry:stage2pp:occupancy:h_to_n:halogen:all_200:entropy,0.5832259281046775,1.2616420621746967,0.1587342095055758,0.2501228169823165
stage2pp_geometry:stage2pp:occupancy:h_to_n:halogen:all_200:mass,0.09008346983285566,0.21093054661466515,0.1708802991855816,0.221496007683735
stage2pp_geometry:stage2pp:occupancy:h_to_n:halogen:all_200:peak,0.008446179922602147,0.018552017267276365,0.18864395534259004,0.25715217569481813
stage2pp_geometry:stage2pp:occupancy:h_to_n:halogen:all_200:variance_mean,8.481757835517894e-07,2.520747175497055e-06,0.15767142665857528,0.15403677404070049
stage2pp_geometry:stage2pp:occupancy:h_to_n:halogen:bottom_100:entropy,0.5792548027171808,1.2523282795753161,0.1646554282245786,0.25195499492720685
stage2pp_geometry:stage2pp:occupancy:h_to_n:halogen:bottom_100:mass,0.09015248004059191,0.21107567166905702,0.1708802991855816,0.2215224464516808
stage2pp_geometry:stage2pp:occupancy:h_to_n:halogen:bottom_100:peak,0.00899327419000407,0.020254889349062295,0.17756064850958478,0.2366408143533488
stage2pp_geometry:stage2pp:occupancy:h_to_n:halogen:bottom_100:variance_mean,6.779477648646411e-07,2.3937056424702274e-06,0.1596451662315762,0.15304481944607984
stage2pp_geometry:stage2pp:occupancy:h_to_n:halogen:top_100:entropy,0.5180327898688831,1.1167241971104502,0.1708802991855816,0.2517977197784594
stage2pp_geometry:stage2pp:occupancy:h_to_n:halogen:top_100:mass,0.0900144596251194,0.2107854707241908,0.1708802991855816,0.22146948085389925
stage2pp_geometry:stage2pp:occupancy:h_to_n:halogen:top_100:peak,0.010880955862341711,0.023336467491126306,0.1640481237405783,0.25560274996656684
stage2pp_geometry:stage2pp:occupancy:h_to_n:halogen:top_100:variance_mean,4.116533520361642e-14,1.0828040659713629e-13,0.1725503865165824,0.21527670326662274
stage2pp_geometry:stage2pp:occupancy:h_to_n:hetero:all_200:entropy,2.920830681018458,1.4267167268472618,0.03076924370497227,0.23582197104495173
stage2pp_geometry:stage2pp:occupancy:h_to_n:hetero:all_200:mass,0.45948727443408377,0.3294179832692812,0.09475296902524573,0.08214827894551885
stage2pp_geometry:stage2pp:occupancy:h_to_n:hetero:all_200:peak,0.035302692167828824,0.02003716517943935,0.06877231622800094,0.1814566452596282
stage2pp_geometry:stage2pp:occupancy:h_to_n:hetero:all_200:variance_mean,8.01265968240714e-06,7.19177989696549e-06,-0.050331146987603645,-0.0628275348441366
stage2pp_geometry:stage2pp:occupancy:h_to_n:hetero:bottom_100:entropy,2.7630795097681684,1.3588014559378951,-0.0035659719525630114,0.20565661731149112
stage2pp_geometry:stage2pp:occupancy:h_to_n:hetero:bottom_100:mass,0.46065055192891846,0.3320529876510414,0.09791140132608725,0.0793077327062065
stage2pp_geometry:stage2pp:occupancy:h_to_n:hetero:bottom_100:peak,0.03859260451988641,0.022884882222329594,0.23107498252608316,0.2591364664325605
stage2pp_geometry:stage2pp:occupancy:h_to_n:hetero:bottom_100:variance_mean,5.597291674901533e-06,7.19989463511757e-06,0.0002037698258607435,-0.10329611983582795
stage2pp_geometry:stage2pp:occupancy:h_to_n:hetero:top_100:entropy,2.557679311063793,1.2754799739132314,0.15924611891017104,0.2989355343437067
stage2pp_geometry:stage2pp:occupancy:h_to_n:hetero:top_100:mass,0.45832399693924925,0.3268494784433155,0.07468164117796249,0.08501733367288647
stage2pp_geometry:stage2pp:occupancy:h_to_n:hetero:top_100:peak,0.04654831172335563,0.025620267456701346,-0.03168620792134562,0.08068515342920746
stage2pp_geometry:stage2pp:occupancy:h_to_n:hetero:top_100:variance_mean,2.553718727707368e-06,4.90759330638258e-06,0.207743337465028,0.09500926199031604
stage2pp_geometry:stage2pp:occupancy:h_to_n:hydrogen:all_200:entropy,4.801275690460883,0.2182418945806533,-0.002641489758672987,-0.04506454441153109
stage2pp_geometry:stage2pp:occupancy:h_to_n:hydrogen:all_200:mass,2.8992820148460936,0.5999628956902914,-0.3662527146160046,-0.4116838120546159
stage2pp_geometry:stage2pp:occupancy:h_to_n:hydrogen:all_200:peak,0.07792366533538331,0.027947164288579737,-0.31901068623973766,-0.36807286395479294
stage2pp_geometry:stage2pp:occupancy:h_to_n:hydrogen:all_200:variance_mean,4.492716025003707e-05,3.185532961339082e-05,-0.3635096290973826,-0.3910643253409009
stage2pp_geometry:stage2pp:occupancy:h_to_n:hydrogen:bottom_100:entropy,4.728718414066195,0.25057023592107186,-0.13959257416987247,-0.12587608974851988
stage2pp_geometry:stage2pp:occupancy:h_to_n:hydrogen:bottom_100:mass,2.8995050830580196,0.600577892316661,-0.3690973958945754,-0.4109328372202697
stage2pp_geometry:stage2pp:occupancy:h_to_n:hydrogen:bottom_100:peak,0.0791974739619879,0.028890125162550104,-0.3593442029394752,-0.32108867455688667
stage2pp_geometry:stage2pp:occupancy:h_to_n:hydrogen:bottom_100:variance_mean,3.599719560260624e-05,3.613164440526487e-05,-0.4446846412966025,-0.44950685175117067
stage2pp_geometry:stage2pp:occupancy:h_to_n:hydrogen:top_100:entropy,4.542972842300799,0.21418240053978116,0.0670532015663143,0.12909100183639433
stage2pp_geometry:stage2pp:occupancy:h_to_n:hydrogen:top_100:mass,2.899058946634169,0.5993755311899337,-0.3813904828483998,-0.4124173141102467
stage2pp_geometry:stage2pp:occupancy:h_to_n:hydrogen:top_100:peak,0.09319644429596625,0.03280403750904358,-0.34430803046702896,-0.41361522952015173
stage2pp_geometry:stage2pp:occupancy:h_to_n:hydrogen:top_100:variance_mean,1.556994142084671e-05,2.849355226939487e-05,-0.008432448075763767,-0.06424029019603067
stage2pp_geometry:stage2pp:occupancy:h_to_n:reactive_c:all_200:entropy,2.9535380701917817,0.13507645917418423,0.05364256125305144,-0.031174552778138517
stage2pp_geometry:stage2pp:occupancy:h_to_n:reactive_c:all_200:mass,0.4341118245570682,0.06738528513305811,-0.40780538043512965,-0.515969526890835
stage2pp_geometry:stage2pp:occupancy:h_to_n:reactive_c:all_200:peak,0.05309596437615086,0.012693282107475987,-0.37316122629253395,-0.332327714057094
stage2pp_geometry:stage2pp:occupancy:h_to_n:reactive_c:all_200:variance_mean,2.825197911240724e-06,2.5016976670958323e-06,-0.019100002870404673,-0.20700870492234966
stage2pp_geometry:stage2pp:occupancy:h_to_n:reactive_c:bottom_100:entropy,2.917156894527957,0.14097661420447855,-0.17362715375277443,-0.18450728753945114
stage2pp_geometry:stage2pp:occupancy:h_to_n:reactive_c:bottom_100:mass,0.4344807043107725,0.06699759915224099,-0.3909404842836021,-0.5083845606640162
stage2pp_geometry:stage2pp:occupancy:h_to_n:reactive_c:bottom_100:peak,0.053752955216790514,0.012849590487637659,-0.24921439915480148,-0.2614793734443695
stage2pp_geometry:stage2pp:occupancy:h_to_n:reactive_c:bottom_100:variance_mean,2.4416733091189784e-06,2.7161666974324897e-06,-0.25622450659127977,-0.296863618219809
stage2pp_geometry:stage2pp:occupancy:h_to_n:reactive_c:top_100:entropy,2.859691437728895,0.14816212886536678,-0.1767766223111922,0.057274716782473395
stage2pp_geometry:stage2pp:occupancy:h_to_n:reactive_c:top_100:mass,0.43374294480336373,0.0678396851493759,-0.4515931529731319,-0.5229529336750831
stage2pp_geometry:stage2pp:occupancy:h_to_n:reactive_c:top_100:peak,0.05661096995475607,0.013236126076630442,-0.30722557808565826,-0.3772038734134502
stage2pp_geometry:stage2pp:occupancy:h_to_n:reactive_c:top_100:variance_mean,1.3102114043044502e-06,2.651488175160299e-06,0.08727075779615755,-0.08733051489723734
stage2pp_geometry:stage2pp:occupancy:h_to_n:reactive_h:all_200:entropy,1.4538945556174412,1.5865126963655923e-15,-0.09164916216817216,-0.19710356128068063
stage2pp_geometry:stage2pp:occupancy:h_to_n:reactive_h:all_200:mass,0.11030731652607972,0.017017500579048387,-0.4391921272737005,-0.5225220025621224
stage2pp_geometry:stage2pp:occupancy:h_to_n:reactive_h:all_200:peak,0.042047691152249794,0.006486846304178587,-0.4515931529731319,-0.5225220025621216
stage2pp_geometry:stage2pp:occupancy:h_to_n:reactive_h:all_200:variance_mean,1.4571145359248875e-20,1.6731123436325405e-20,-0.10324742077382255,-0.23895672268153698
stage2pp_geometry:stage2pp:occupancy:h_to_n:reactive_h:bottom_100:entropy,1.453894555617442,1.0999270709336185e-15,0.08960031804386764,0.15588602497700707
stage2pp_geometry:stage2pp:occupancy:h_to_n:reactive_h:bottom_100:mass,0.11030731652607975,0.017017500579048397,-0.41755412493119715,-0.5225220025621251
stage2pp_geometry:stage2pp:occupancy:h_to_n:reactive_h:bottom_100:peak,0.042047691152249794,0.006486846304178601,-0.41408655346682344,-0.5225220025621258
stage2pp_geometry:stage2pp:occupancy:h_to_n:reactive_h:bottom_100:variance_mean,9.151071119791874e-21,1.551440008367594e-20,-0.19314550853128343,0.1670823035604791
stage2pp_geometry:stage2pp:occupancy:h_to_n:reactive_h:top_100:entropy,1.4538945556174416,6.127539882213372e-16,-0.06526214722838962,0.04560667053608289
stage2pp_geometry:stage2pp:occupancy:h_to_n:reactive_h:top_100:mass,0.1103073165260797,0.017017500579048342,-0.4313114900189056,-0.5225220025621247
stage2pp_geometry:stage2pp:occupancy:h_to_n:reactive_h:top_100:peak,0.04204769115224977,0.006486846304178574,-0.41788861681779865,-0.5225220025621252
stage2pp_geometry:stage2pp:occupancy:h_to_n:reactive_h:top_100:variance_mean,7.79659213620412e-21,9.746759315282507e-21,-0.1893150704453549,-0.27188611607952223
stage2pp_geometry:stage2pp:occupancy:heavy_atom_count,15.0,2.0878156908535677,0.40057092188486343,0.49532783250094564
stage2pp_geometry:stage2pp:occupancy:n_to_h:all_heavy:all_200:entropy,4.944753334053686,0.15178312106349992,0.06105905172932559,0.1292514787282137
stage2pp_geometry:stage2pp:occupancy:n_to_h:all_heavy:all_200:mass,95.85089968604268,13.398960951375383,0.42416229778691233,0.4930058176400957
stage2pp_geometry:stage2pp:occupancy:n_to_h:all_heavy:all_200:peak,1.5934300144643931,0.2615077550562623,0.3621888842180461,0.38369226352128327
stage2pp_geometry:stage2pp:occupancy:n_to_h:all_heavy:all_200:variance_mean,0.02423372158122208,0.016243510582957366,0.06593564820687572,0.10458708453570807
stage2pp_geometry:stage2pp:occupancy:n_to_h:all_heavy:bottom_100:entropy,4.9066420124093435,0.15962852642221048,0.07304735140330298,0.09439006517836958
stage2pp_geometry:stage2pp:occupancy:n_to_h:all_heavy:bottom_100:mass,95.85429522219553,13.366223680141287,0.44336389641726603,0.49522248413151265
stage2pp_geometry:stage2pp:occupancy:n_to_h:all_heavy:bottom_100:peak,1.6672173472886844,0.3292677715432008,0.32652877247596085,0.3814428808725976
stage2pp_geometry:stage2pp:occupancy:n_to_h:all_heavy:bottom_100:variance_mean,0.012332186871519994,0.01125496947928412,-0.32754473007545043,-0.29422121518059874
stage2pp_geometry:stage2pp:occupancy:n_to_h:all_heavy:top_100:entropy,4.748504827522675,0.2130217036101695,0.14650108584640184,0.16458911195091372
stage2pp_geometry:stage2pp:occupancy:n_to_h:all_heavy:top_100:mass,95.84750414988983,13.43321906983794,0.4153234666713528,0.49074439046303625
stage2pp_geometry:stage2pp:occupancy:n_to_h:all_heavy:top_100:peak,2.0186235239250547,0.4790846764646901,0.2298096090045499,0.2442184119064766
stage2pp_geometry:stage2pp:occupancy:n_to_h:all_heavy:top_100:variance_mean,0.010306580684168882,0.019012362496467882,0.19394630574256663,0.21008224538258546
stage2pp_geometry:stage2pp:occupancy:n_to_h:carbon:all_200:entropy,4.906401541837352,0.15739131284731053,0.001828723679081299,0.05945627781834077
stage2pp_geometry:stage2pp:occupancy:n_to_h:carbon:all_200:mass,5.930817801693968,0.4135951397927324,-0.02153830110917974,-0.06426094048938866
stage2pp_geometry:stage2pp:occupancy:n_to_h:carbon:all_200:peak,0.1043392249787131,0.019771099688331857,-0.04084149549948234,-0.09776976454664656
stage2pp_geometry:stage2pp:occupancy:n_to_h:carbon:all_200:variance_mean,9.863565671808952e-05,6.500861680560193e-05,-0.10738671826605183,-0.13461990205598215
stage2pp_geometry:stage2pp:occupancy:n_to_h:carbon:bottom_100:entropy,4.862309376661947,0.16707424080636282,-0.02143670534923078,0.023573762121854372
stage2pp_geometry:stage2pp:occupancy:n_to_h:carbon:bottom_100:mass,5.930245613267453,0.4115255390094229,0.020928726549485976,-0.06140698220267207
stage2pp_geometry:stage2pp:occupancy:n_to_h:carbon:bottom_100:peak,0.10741408045448157,0.021512410315520675,0.12689310417625235,0.005382286158012504
stage2pp_geometry:stage2pp:occupancy:n_to_h:carbon:bottom_100:variance_mean,5.5881907071108094e-05,5.645135582028899e-05,-0.3936835698022241,-0.466706085926357
stage2pp_geometry:stage2pp:occupancy:n_to_h:carbon:top_100:entropy,4.703158491018379,0.20862992339312456,0.11693671970125417,0.11236350895215516
stage2pp_geometry:stage2pp:occupancy:n_to_h:carbon:top_100:mass,5.931389990120482,0.4158472686595989,-0.027532450946168442,-0.06705703266929969
stage2pp_geometry:stage2pp:occupancy:n_to_h:carbon:top_100:peak,0.1299192425495774,0.03468490136224113,0.058925540770397404,0.0090332856370856
stage2pp_geometry:stage2pp:occupancy:n_to_h:carbon:top_100:variance_mean,3.5350686963692574e-05,6.145420603524146e-05,0.16732821663593886,0.13351239756680994
stage2pp_geometry:stage2pp:occupancy:n_to_h:halogen:all_200:entropy,0.580677612670509,1.2555093880952328,0.1587342095055758,0.2501570123891353
stage2pp_geometry:stage2pp:occupancy:n_to_h:halogen:all_200:mass,0.09006331389689261,0.2108289504175136,0.16298534089357783,0.2215574518028704
stage2pp_geometry:stage2pp:occupancy:n_to_h:halogen:all_200:peak,0.008137461571421822,0.018003643175998407,0.1916804777625915,0.2568016134645483
stage2pp_geometry:stage2pp:occupancy:n_to_h:halogen:all_200:variance_mean,8.675973724928869e-07,2.553293219003947e-06,0.15569768708557435,0.1554389993359427
stage2pp_geometry:stage2pp:occupancy:n_to_h:halogen:bottom_100:entropy,0.5709988848281213,1.2329765660258567,0.16177073192557723,0.25206479194433845
stage2pp_geometry:stage2pp:occupancy:n_to_h:halogen:bottom_100:mass,0.09016264090452854,0.21109398227875814,0.16298534089357783,0.22148633177486107
stage2pp_geometry:stage2pp:occupancy:n_to_h:halogen:bottom_100:peak,0.00897220548270253,0.02019746667760911,0.18150812765558663,0.23722829764426928
stage2pp_geometry:stage2pp:occupancy:n_to_h:halogen:bottom_100:variance_mean,6.364499264816225e-07,2.272291267991115e-06,0.1596451662315762,0.15087396048101764
stage2pp_geometry:stage2pp:occupancy:n_to_h:halogen:top_100:entropy,0.5183878330579089,1.1171959156083044,0.16161890580457713,0.25186511219716384
stage2pp_geometry:stage2pp:occupancy:n_to_h:halogen:top_100:mass,0.08996398688925669,0.21056415033102002,0.16662916779757955,0.2216285069111855
stage2pp_geometry:stage2pp:occupancy:n_to_h:halogen:top_100:peak,0.010450960768970322,0.022429898376064263,0.17452412608958334,0.2550185100910795
stage2pp_geometry:stage2pp:occupancy:n_to_h:halogen:top_100:variance_mean,4.4764802214929726e-14,1.1348620679781389e-13,0.1725503865165824,0.22109777857122354
stage2pp_geometry:stage2pp:occupancy:n_to_h:hetero:all_200:entropy,2.8811048030426125,1.4110056061608585,0.02964850966273818,0.24390120410927152
stage2pp_geometry:stage2pp:occupancy:n_to_h:hetero:all_200:mass,0.45956812177609463,0.3293692250780209,0.07702499417536106,0.08187013862695972
stage2pp_geometry:stage2pp:occupancy:n_to_h:hetero:all_200:peak,0.03608006063823675,0.0203708157813989,0.10911874174842814,0.1758876747648711
stage2pp_geometry:stage2pp:occupancy:n_to_h:hetero:all_200:variance_mean,7.815575371202416e-06,7.680835167116152e-06,-0.030565473879111526,-0.06310313624599637
stage2pp_geometry:stage2pp:occupancy:n_to_h:hetero:bottom_100:entropy,2.7167000585506336,1.3351994903038849,-0.028731545446364835,0.20150630949951978
stage2pp_geometry:stage2pp:occupancy:n_to_h:hetero:bottom_100:mass,0.4606862369283513,0.33212473921010416,0.08884364407528418,0.0793724754522692
stage2pp_geometry:stage2pp:occupancy:n_to_h:hetero:bottom_100:peak,0.03892070685635956,0.022951763137346926,0.2649007736189666,0.27927357834369126
stage2pp_geometry:stage2pp:occupancy:n_to_h:hetero:bottom_100:variance_mean,5.248123548095823e-06,7.3547071392178965e-06,-0.011818649899923124,-0.1255460229380763
stage2pp_geometry:stage2pp:occupancy:n_to_h:hetero:top_100:entropy,2.5646168291610256,1.281983099608272,0.14528788583871013,0.2944847813463704
stage2pp_geometry:stage2pp:occupancy:n_to_h:hetero:top_100:mass,0.45845000662383767,0.32668424355688375,0.07223640326763357,0.08439172095650188
stage2pp_geometry:stage2pp:occupancy:n_to_h:hetero:top_100:peak,0.04677671987128163,0.025365963833765656,0.010901685683549777,0.10242319954371758
stage2pp_geometry:stage2pp:occupancy:n_to_h:hetero:top_100:variance_mean,2.82122763139032e-06,6.081591990319808e-06,0.23596545834674099,0.07573788085589143
stage2pp_geometry:stage2pp:occupancy:n_to_h:hydrogen:all_200:entropy,4.788031388371534,0.2055512296062018,0.030783515264535197,-0.003998630482256044
stage2pp_geometry:stage2pp:occupancy:n_to_h:hydrogen:all_200:mass,2.895244974108806,0.6005416129870411,-0.37427877965197254,-0.4140989875406663
stage2pp_geometry:stage2pp:occupancy:n_to_h:hydrogen:all_200:peak,0.08003977932442077,0.03220332042603722,-0.34857505238488534,-0.37220984933378476
stage2pp_geometry:stage2pp:occupancy:n_to_h:hydrogen:all_200:variance_mean,4.2853576242699056e-05,2.6847083659662987e-05,-0.35670271318080227,-0.3913142022116024
stage2pp_geometry:stage2pp:occupancy:n_to_h:hydrogen:bottom_100:entropy,4.717262842101342,0.24043247869531467,-0.07711118180126143,-0.07316112996863945
stage2pp_geometry:stage2pp:occupancy:n_to_h:hydrogen:bottom_100:mass,2.893380695742896,0.6013520006480426,-0.36117292661855654,-0.41627572394911544
stage2pp_geometry:stage2pp:occupancy:n_to_h:hydrogen:bottom_100:peak,0.08006792491858057,0.032092601994823264,-0.4024208051578347,-0.3892695293502162
stage2pp_geometry:stage2pp:occupancy:n_to_h:hydrogen:bottom_100:variance_mean,3.4425843789174786e-05,3.18005032312874e-05,-0.4205048504287498,-0.43540676190203575
stage2pp_geometry:stage2pp:occupancy:n_to_h:hydrogen:top_100:entropy,4.528498440276246,0.20150625325908741,0.10606597338671535,0.14687770565420322
stage2pp_geometry:stage2pp:occupancy:n_to_h:hydrogen:top_100:mass,2.897109252474717,0.6000828075063301,-0.3796633549292674,-0.4116750310453207
stage2pp_geometry:stage2pp:occupancy:n_to_h:hydrogen:top_100:peak,0.09176503749656226,0.03315996106209623,-0.30824153568514784,-0.38102028536654203
stage2pp_geometry:stage2pp:occupancy:n_to_h:hydrogen:top_100:variance_mean,1.370925263031314e-05,2.446890765757942e-05,0.14619629856655494,-0.03422026593149982
stage2pp_geometry:stage2pp:occupancy:n_to_h:reactive_c:all_200:entropy,2.9121549083914937,0.1211432752481111,0.03118989830433104,-0.06062683958961829
stage2pp_geometry:stage2pp:occupancy:n_to_h:reactive_c:all_200:mass,0.43427961255869063,0.06730768206544997,-0.4065862313157421,-0.5156640896946242
stage2pp_geometry:stage2pp:occupancy:n_to_h:reactive_c:all_200:peak,0.05469016879515426,0.011338232903225243,-0.33221813503310266,-0.33344599227633404
stage2pp_geometry:stage2pp:occupancy:n_to_h:reactive_c:all_200:variance_mean,2.2836123388367827e-06,2.210824208064704e-06,-0.07010107436478312,-0.21674092089487074
stage2pp_geometry:stage2pp:occupancy:n_to_h:reactive_c:bottom_100:entropy,2.9239274723332422,0.1470433962738615,0.018998407110455716,-0.045107231327552164
stage2pp_geometry:stage2pp:occupancy:n_to_h:reactive_c:bottom_100:mass,0.434329693738152,0.06702723020639936,-0.4035383585172733,-0.5081143895696961
stage2pp_geometry:stage2pp:occupancy:n_to_h:reactive_c:bottom_100:peak,0.05333018667848028,0.012185291039974153,-0.2953388741716298,-0.36019512890075084
stage2pp_geometry:stage2pp:occupancy:n_to_h:reactive_c:bottom_100:variance_mean,2.6384840642621597e-06,2.8169389965127337e-06,-0.13837342505048494,-0.19340033618656505
stage2pp_geometry:stage2pp:occupancy:n_to_h:reactive_c:top_100:entropy,2.821891796345759,0.08588278650297398,0.06542766940713092,0.09522997710774858
stage2pp_geometry:stage2pp:occupancy:n_to_h:reactive_c:top_100:mass,0.4342295313792294,0.06765422511219284,-0.4260926172259426,-0.52264007139188
stage2pp_geometry:stage2pp:occupancy:n_to_h:reactive_c:top_100:peak,0.059558826825136496,0.011380892489278401,-0.4341186822619105,-0.48691963525418636
stage2pp_geometry:stage2pp:occupancy:n_to_h:reactive_c:top_100:variance_mean,7.614871022317237e-07,1.7021301253007724e-06,0.05211862485381702,0.021205108951039955
stage2pp_geometry:stage2pp:occupancy:n_to_h:reactive_h:all_200:entropy,1.81850959054392,0.27033000661539236,-0.0404351124596865,-0.10107360318288247
stage2pp_geometry:stage2pp:occupancy:n_to_h:reactive_h:all_200:mass,0.11022748703072126,0.017058961167335518,-0.38758782420528637,-0.5220785829721215
stage2pp_geometry:stage2pp:occupancy:n_to_h:reactive_h:all_200:peak,0.03870511759712152,0.010917313128547192,-0.24189950443847624,-0.23474964256576192
stage2pp_geometry:stage2pp:occupancy:n_to_h:reactive_h:all_200:variance_mean,1.2217437869579048e-06,1.0189805851160008e-06,-0.15168246960379886,-0.27311093218043936
stage2pp_geometry:stage2pp:occupancy:n_to_h:reactive_h:bottom_100:entropy,1.7829390309469149,0.31686693046108994,-0.11978140097982506,-0.1854071021281867
stage2pp_geometry:stage2pp:occupancy:n_to_h:reactive_h:bottom_100:mass,0.11027719875219727,0.017041170933523784,-0.4097356998741599,-0.5220336860413755
stage2pp_geometry:stage2pp:occupancy:n_to_h:reactive_h:bottom_100:peak,0.037841015769177276,0.010990360021227169,-0.10758990978594975,-0.19447185316280055
stage2pp_geometry:stage2pp:occupancy:n_to_h:reactive_h:bottom_100:variance_mean,1.1744097939714672e-06,1.188860135196824e-06,-0.3173851540805543,-0.3126310615763334
stage2pp_geometry:stage2pp:occupancy:n_to_h:reactive_h:top_100:entropy,1.6065588367213526,0.26919702840530296,-0.06451330756759026,0.07330435105264281
stage2pp_geometry:stage2pp:occupancy:n_to_h:reactive_h:top_100:mass,0.11017777530924529,0.0170770725818748,-0.3962234638009481,-0.5221135664090817
stage2pp_geometry:stage2pp:occupancy:n_to_h:reactive_h:top_100:peak,0.044119655174661224,0.012096419621640873,-0.2714638705836239,-0.32104088752399507
stage2pp_geometry:stage2pp:occupancy:n_to_h:reactive_h:top_100:variance_mean,5.421445584371877e-07,9.87526776068217e-07,0.03149468558417792,-0.08326871376327274
stage2pp_geometry:stage2pp:occupancy:nitrene:all_heavy:all_200:entropy,4.944753334053686,0.15178312106349992,0.06105905172932559,0.1292514787282137
stage2pp_geometry:stage2pp:occupancy:nitrene:all_heavy:all_200:mass,95.85089968604268,13.398960951375383,0.42416229778691233,0.4930058176400957
stage2pp_geometry:stage2pp:occupancy:nitrene:all_heavy:all_200:peak,1.5934300144643931,0.2615077550562623,0.3621888842180461,0.38369226352128327
stage2pp_geometry:stage2pp:occupancy:nitrene:all_heavy:all_200:variance_mean,0.02423372158122208,0.016243510582957366,0.06593564820687572,0.10458708453570807
stage2pp_geometry:stage2pp:occupancy:nitrene:all_heavy:bottom_100:entropy,4.9066420124093435,0.15962852642221048,0.07304735140330298,0.09439006517836958
stage2pp_geometry:stage2pp:occupancy:nitrene:all_heavy:bottom_100:mass,95.85429522219553,13.366223680141287,0.44336389641726603,0.49522248413151265
stage2pp_geometry:stage2pp:occupancy:nitrene:all_heavy:bottom_100:peak,1.6672173472886844,0.3292677715432008,0.32652877247596085,0.3814428808725976
stage2pp_geometry:stage2pp:occupancy:nitrene:all_heavy:bottom_100:variance_mean,0.012332186871519994,0.01125496947928412,-0.32754473007545043,-0.29422121518059874
stage2pp_geometry:stage2pp:occupancy:nitrene:all_heavy:top_100:entropy,4.748504827522675,0.2130217036101695,0.14650108584640184,0.16458911195091372
stage2pp_geometry:stage2pp:occupancy:nitrene:all_heavy:top_100:mass,95.84750414988983,13.43321906983794,0.4153234666713528,0.49074439046303625
stage2pp_geometry:stage2pp:occupancy:nitrene:all_heavy:top_100:peak,2.0186235239250547,0.4790846764646901,0.2298096090045499,0.2442184119064766
stage2pp_geometry:stage2pp:occupancy:nitrene:all_heavy:top_100:variance_mean,0.010306580684168882,0.019012362496467882,0.19394630574256663,0.21008224538258546
stage2pp_geometry:stage2pp:occupancy:nitrene:carbon:all_200:entropy,4.906401541837352,0.15739131284731053,0.001828723679081299,0.05945627781834077
stage2pp_geometry:stage2pp:occupancy:nitrene:carbon:all_200:mass,5.930817801693968,0.4135951397927324,-0.02153830110917974,-0.06426094048938866
stage2pp_geometry:stage2pp:occupancy:nitrene:carbon:all_200:peak,0.1043392249787131,0.019771099688331857,-0.04084149549948234,-0.09776976454664656
stage2pp_geometry:stage2pp:occupancy:nitrene:carbon:all_200:variance_mean,9.863565671808952e-05,6.500861680560193e-05,-0.10738671826605183,-0.13461990205598215
stage2pp_geometry:stage2pp:occupancy:nitrene:carbon:bottom_100:entropy,4.862309376661947,0.16707424080636282,-0.02143670534923078,0.023573762121854372
stage2pp_geometry:stage2pp:occupancy:nitrene:carbon:bottom_100:mass,5.930245613267453,0.4115255390094229,0.020928726549485976,-0.06140698220267207
stage2pp_geometry:stage2pp:occupancy:nitrene:carbon:bottom_100:peak,0.10741408045448157,0.021512410315520675,0.12689310417625235,0.005382286158012504
stage2pp_geometry:stage2pp:occupancy:nitrene:carbon:bottom_100:variance_mean,5.5881907071108094e-05,5.645135582028899e-05,-0.3936835698022241,-0.466706085926357
stage2pp_geometry:stage2pp:occupancy:nitrene:carbon:top_100:entropy,4.703158491018379,0.20862992339312456,0.11693671970125417,0.11236350895215516
stage2pp_geometry:stage2pp:occupancy:nitrene:carbon:top_100:mass,5.931389990120482,0.4158472686595989,-0.027532450946168442,-0.06705703266929969
stage2pp_geometry:stage2pp:occupancy:nitrene:carbon:top_100:peak,0.1299192425495774,0.03468490136224113,0.058925540770397404,0.0090332856370856
stage2pp_geometry:stage2pp:occupancy:nitrene:carbon:top_100:variance_mean,3.5350686963692574e-05,6.145420603524146e-05,0.16732821663593886,0.13351239756680994
stage2pp_geometry:stage2pp:occupancy:nitrene:halogen:all_200:entropy,0.580677612670509,1.2555093880952328,0.1587342095055758,0.2501570123891353
stage2pp_geometry:stage2pp:occupancy:nitrene:halogen:all_200:mass,0.09006331389689261,0.2108289504175136,0.16298534089357783,0.2215574518028704
stage2pp_geometry:stage2pp:occupancy:nitrene:halogen:all_200:peak,0.008137461571421822,0.018003643175998407,0.1916804777625915,0.2568016134645483
stage2pp_geometry:stage2pp:occupancy:nitrene:halogen:all_200:variance_mean,8.675973724928869e-07,2.553293219003947e-06,0.15569768708557435,0.1554389993359427
stage2pp_geometry:stage2pp:occupancy:nitrene:halogen:bottom_100:entropy,0.5709988848281213,1.2329765660258567,0.16177073192557723,0.25206479194433845
stage2pp_geometry:stage2pp:occupancy:nitrene:halogen:bottom_100:mass,0.09016264090452854,0.21109398227875814,0.16298534089357783,0.22148633177486107
stage2pp_geometry:stage2pp:occupancy:nitrene:halogen:bottom_100:peak,0.00897220548270253,0.02019746667760911,0.18150812765558663,0.23722829764426928
stage2pp_geometry:stage2pp:occupancy:nitrene:halogen:bottom_100:variance_mean,6.364499264816225e-07,2.272291267991115e-06,0.1596451662315762,0.15087396048101764
stage2pp_geometry:stage2pp:occupancy:nitrene:halogen:top_100:entropy,0.5183878330579089,1.1171959156083044,0.16161890580457713,0.25186511219716384
stage2pp_geometry:stage2pp:occupancy:nitrene:halogen:top_100:mass,0.08996398688925669,0.21056415033102002,0.16662916779757955,0.2216285069111855
stage2pp_geometry:stage2pp:occupancy:nitrene:halogen:top_100:peak,0.010450960768970322,0.022429898376064263,0.17452412608958334,0.2550185100910795
stage2pp_geometry:stage2pp:occupancy:nitrene:halogen:top_100:variance_mean,4.4764802214929726e-14,1.1348620679781389e-13,0.1725503865165824,0.22109777857122354
stage2pp_geometry:stage2pp:occupancy:nitrene:hetero:all_200:entropy,2.8811048030426125,1.4110056061608585,0.02964850966273818,0.24390120410927152
stage2pp_geometry:stage2pp:occupancy:nitrene:hetero:all_200:mass,0.45956812177609463,0.3293692250780209,0.07702499417536106,0.08187013862695972
stage2pp_geometry:stage2pp:occupancy:nitrene:hetero:all_200:peak,0.03608006063823675,0.0203708157813989,0.10911874174842814,0.1758876747648711
stage2pp_geometry:stage2pp:occupancy:nitrene:hetero:all_200:variance_mean,7.815575371202416e-06,7.680835167116152e-06,-0.030565473879111526,-0.06310313624599637
stage2pp_geometry:stage2pp:occupancy:nitrene:hetero:bottom_100:entropy,2.7167000585506336,1.3351994903038849,-0.028731545446364835,0.20150630949951978
stage2pp_geometry:stage2pp:occupancy:nitrene:hetero:bottom_100:mass,0.4606862369283513,0.33212473921010416,0.08884364407528418,0.0793724754522692
stage2pp_geometry:stage2pp:occupancy:nitrene:hetero:bottom_100:peak,0.03892070685635956,0.022951763137346926,0.2649007736189666,0.27927357834369126
stage2pp_geometry:stage2pp:occupancy:nitrene:hetero:bottom_100:variance_mean,5.248123548095823e-06,7.3547071392178965e-06,-0.011818649899923124,-0.1255460229380763
stage2pp_geometry:stage2pp:occupancy:nitrene:hetero:top_100:entropy,2.5646168291610256,1.281983099608272,0.14528788583871013,0.2944847813463704
stage2pp_geometry:stage2pp:occupancy:nitrene:hetero:top_100:mass,0.45845000662383767,0.32668424355688375,0.07223640326763357,0.08439172095650188
stage2pp_geometry:stage2pp:occupancy:nitrene:hetero:top_100:peak,0.04677671987128163,0.025365963833765656,0.010901685683549777,0.10242319954371758
stage2pp_geometry:stage2pp:occupancy:nitrene:hetero:top_100:variance_mean,2.82122763139032e-06,6.081591990319808e-06,0.23596545834674099,0.07573788085589143
stage2pp_geometry:stage2pp:occupancy:nitrene:hydrogen:all_200:entropy,4.788031388371534,0.2055512296062018,0.030783515264535197,-0.003998630482256044
stage2pp_geometry:stage2pp:occupancy:nitrene:hydrogen:all_200:mass,2.895244974108806,0.6005416129870411,-0.37427877965197254,-0.4140989875406663
stage2pp_geometry:stage2pp:occupancy:nitrene:hydrogen:all_200:peak,0.08003977932442077,0.03220332042603722,-0.34857505238488534,-0.37220984933378476
stage2pp_geometry:stage2pp:occupancy:nitrene:hydrogen:all_200:variance_mean,4.2853576242699056e-05,2.6847083659662987e-05,-0.35670271318080227,-0.3913142022116024
stage2pp_geometry:stage2pp:occupancy:nitrene:hydrogen:bottom_100:entropy,4.717262842101342,0.24043247869531467,-0.07711118180126143,-0.07316112996863945
stage2pp_geometry:stage2pp:occupancy:nitrene:hydrogen:bottom_100:mass,2.893380695742896,0.6013520006480426,-0.36117292661855654,-0.41627572394911544
stage2pp_geometry:stage2pp:occupancy:nitrene:hydrogen:bottom_100:peak,0.08006792491858057,0.032092601994823264,-0.4024208051578347,-0.3892695293502162
stage2pp_geometry:stage2pp:occupancy:nitrene:hydrogen:bottom_100:variance_mean,3.4425843789174786e-05,3.18005032312874e-05,-0.4205048504287498,-0.43540676190203575
stage2pp_geometry:stage2pp:occupancy:nitrene:hydrogen:top_100:entropy,4.528498440276246,0.20150625325908741,0.10606597338671535,0.14687770565420322
stage2pp_geometry:stage2pp:occupancy:nitrene:hydrogen:top_100:mass,2.897109252474717,0.6000828075063301,-0.3796633549292674,-0.4116750310453207
stage2pp_geometry:stage2pp:occupancy:nitrene:hydrogen:top_100:peak,0.09176503749656226,0.03315996106209623,-0.30824153568514784,-0.38102028536654203
stage2pp_geometry:stage2pp:occupancy:nitrene:hydrogen:top_100:variance_mean,1.370925263031314e-05,2.446890765757942e-05,0.14619629856655494,-0.03422026593149982
stage2pp_geometry:stage2pp:occupancy:nitrene:reactive_c:all_200:entropy,2.9121549083914937,0.1211432752481111,0.03118989830433104,-0.06062683958961829
stage2pp_geometry:stage2pp:occupancy:nitrene:reactive_c:all_200:mass,0.43427961255869063,0.06730768206544997,-0.4065862313157421,-0.5156640896946242
stage2pp_geometry:stage2pp:occupancy:nitrene:reactive_c:all_200:peak,0.05469016879515426,0.011338232903225243,-0.33221813503310266,-0.33344599227633404
stage2pp_geometry:stage2pp:occupancy:nitrene:reactive_c:all_200:variance_mean,2.2836123388367827e-06,2.210824208064704e-06,-0.07010107436478312,-0.21674092089487074
stage2pp_geometry:stage2pp:occupancy:nitrene:reactive_c:bottom_100:entropy,2.9239274723332422,0.1470433962738615,0.018998407110455716,-0.045107231327552164
stage2pp_geometry:stage2pp:occupancy:nitrene:reactive_c:bottom_100:mass,0.434329693738152,0.06702723020639936,-0.4035383585172733,-0.5081143895696961
stage2pp_geometry:stage2pp:occupancy:nitrene:reactive_c:bottom_100:peak,0.05333018667848028,0.012185291039974153,-0.2953388741716298,-0.36019512890075084
stage2pp_geometry:stage2pp:occupancy:nitrene:reactive_c:bottom_100:variance_mean,2.6384840642621597e-06,2.8169389965127337e-06,-0.13837342505048494,-0.19340033618656505
stage2pp_geometry:stage2pp:occupancy:nitrene:reactive_c:top_100:entropy,2.821891796345759,0.08588278650297398,0.06542766940713092,0.09522997710774858
stage2pp_geometry:stage2pp:occupancy:nitrene:reactive_c:top_100:mass,0.4342295313792294,0.06765422511219284,-0.4260926172259426,-0.52264007139188
stage2pp_geometry:stage2pp:occupancy:nitrene:reactive_c:top_100:peak,0.059558826825136496,0.011380892489278401,-0.4341186822619105,-0.48691963525418636
stage2pp_geometry:stage2pp:occupancy:nitrene:reactive_c:top_100:variance_mean,7.614871022317237e-07,1.7021301253007724e-06,0.05211862485381702,0.021205108951039955
stage2pp_geometry:stage2pp:occupancy:nitrene:reactive_h:all_200:entropy,1.81850959054392,0.27033000661539236,-0.0404351124596865,-0.10107360318288247
stage2pp_geometry:stage2pp:occupancy:nitrene:reactive_h:all_200:mass,0.11022748703072126,0.017058961167335518,-0.38758782420528637,-0.5220785829721215
stage2pp_geometry:stage2pp:occupancy:nitrene:reactive_h:all_200:peak,0.03870511759712152,0.010917313128547192,-0.24189950443847624,-0.23474964256576192
stage2pp_geometry:stage2pp:occupancy:nitrene:reactive_h:all_200:variance_mean,1.2217437869579048e-06,1.0189805851160008e-06,-0.15168246960379886,-0.27311093218043936
stage2pp_geometry:stage2pp:occupancy:nitrene:reactive_h:bottom_100:entropy,1.7829390309469149,0.31686693046108994,-0.11978140097982506,-0.1854071021281867
stage2pp_geometry:stage2pp:occupancy:nitrene:reactive_h:bottom_100:mass,0.11027719875219727,0.017041170933523784,-0.4097356998741599,-0.5220336860413755
stage2pp_geometry:stage2pp:occupancy:nitrene:reactive_h:bottom_100:peak,0.037841015769177276,0.010990360021227169,-0.10758990978594975,-0.19447185316280055
stage2pp_geometry:stage2pp:occupancy:nitrene:reactive_h:bottom_100:variance_mean,1.1744097939714672e-06,1.188860135196824e-06,-0.3173851540805543,-0.3126310615763334
stage2pp_geometry:stage2pp:occupancy:nitrene:reactive_h:top_100:entropy,1.6065588367213526,0.26919702840530296,-0.06451330756759026,0.07330435105264281
stage2pp_geometry:stage2pp:occupancy:nitrene:reactive_h:top_100:mass,0.11017777530924529,0.0170770725818748,-0.3962234638009481,-0.5221135664090817
stage2pp_geometry:stage2pp:occupancy:nitrene:reactive_h:top_100:peak,0.044119655174661224,0.012096419621640873,-0.2714638705836239,-0.32104088752399507
stage2pp_geometry:stage2pp:occupancy:nitrene:reactive_h:top_100:variance_mean,5.421445584371877e-07,9.87526776068217e-07,0.03149468558417792,-0.08326871376327274
stage2pp_relational:stage2pp:flexibility_relation:c_to_h_distance:top_bottom:energy_distance,0.028782509405458977,0.013151158901122883,0.03992713365994169,0.0723136279293888
stage2pp_relational:stage2pp:flexibility_relation:c_to_h_distance:top_bottom:wasserstein,0.0005545182246430632,0.0005267666691400562,-0.11338086810304053,-0.029229715510905523
stage2pp_relational:stage2pp:flexibility_relation:c_to_h_distance:uff_rank_spearman,0.35172537005732846,0.6439393376498287,0.4655117720861395,0.48463368237471066
stage2pp_relational:stage2pp:flexibility_relation:corridor_axial_mean:top_bottom:energy_distance,1.0116124629443692,0.5302699937677383,0.08005745883978131,0.09011165460816571
stage2pp_relational:stage2pp:flexibility_relation:corridor_axial_mean:top_bottom:wasserstein,0.751790304326432,0.7056753072298614,-0.016763300391578573,0.02194964657554537
stage2pp_relational:stage2pp:flexibility_relation:corridor_axial_mean:uff_rank_spearman,0.47734166431083863,0.5527444404626377,0.36950377893437136,0.407544558074789
stage2pp_relational:stage2pp:flexibility_relation:corridor_fraction:top_bottom:energy_distance,0.18847048953769113,0.23955161536429379,-0.10963168450383365,-0.09477963011165999
stage2pp_relational:stage2pp:flexibility_relation:corridor_fraction:top_bottom:wasserstein,0.0657235692077321,0.09105310411476696,-0.109529654085496,-0.060472326615513064
stage2pp_relational:stage2pp:flexibility_relation:corridor_fraction:uff_rank_spearman,0.02105789635333739,0.40609050040391487,-0.5440074669859809,-0.43045709918126934
stage2pp_relational:stage2pp:flexibility_relation:n_c_h_angle:top_bottom:energy_distance,3.4649806499825795,2.690259473111652,-0.12039097553951884,-0.05740449793871734
stage2pp_relational:stage2pp:flexibility_relation:n_c_h_angle:top_bottom:wasserstein,13.888035809159923,17.453146004325102,-0.09499203555227857,-0.05922707384352259
stage2pp_relational:stage2pp:flexibility_relation:n_c_h_angle:uff_rank_spearman,0.30023427508764644,0.6042582266180403,0.021843088389026627,0.09715292827834202
stage2pp_relational:stage2pp:flexibility_relation:n_to_c_distance:top_bottom:energy_distance,0.36981316691103683,0.18275210824532884,-0.08015905459973027,-0.12369896371130162
stage2pp_relational:stage2pp:flexibility_relation:n_to_c_distance:top_bottom:wasserstein,0.12614988210845843,0.11376138298209505,-0.15239363992344157,-0.1626502522193901
stage2pp_relational:stage2pp:flexibility_relation:n_to_c_distance:uff_rank_spearman,0.3557767405723606,0.5502102429734305,0.09092820515432014,0.029976646203062098
stage2pp_relational:stage2pp:flexibility_relation:n_to_h_distance:top_bottom:energy_distance,0.5722412744181498,0.346291311224234,-0.09021703483467741,-0.1245386054953398
stage2pp_relational:stage2pp:flexibility_relation:n_to_h_distance:top_bottom:wasserstein,0.3358609346140689,0.3512906241136078,-0.06837394644565079,-0.1588870744530561
stage2pp_relational:stage2pp:flexibility_relation:n_to_h_distance:uff_rank_spearman,0.28469261731543294,0.6030329957483785,0.1283154448155378,0.15493841897800475
stage2pp_relational:stage2pp:flexibility_relation:parallel_motion_std:top_bottom:energy_distance,0.8387096124611935,0.5343633282626802,0.13806863777063808,0.1121605728360336
stage2pp_relational:stage2pp:flexibility_relation:parallel_motion_std:top_bottom:wasserstein,0.5632251964680359,0.5019690493905958,0.062176605088764166,0.10587446505209176
stage2pp_relational:stage2pp:flexibility_relation:parallel_motion_std:uff_rank_spearman,0.1765801068103626,0.7075189512461936,0.36797984253513694,0.2818554045180032
stage2pp_relational:stage2pp:flexibility_relation:perpendicular_motion_std:top_bottom:energy_distance,0.4861801286627656,0.30470751881196917,-0.016966491911476495,-0.03339559114135169
stage2pp_relational:stage2pp:flexibility_relation:perpendicular_motion_std:top_bottom:wasserstein,0.184560218746863,0.19003238061159625,-0.10464363274742988,-0.13794214057351784
stage2pp_relational:stage2pp:flexibility_relation:perpendicular_motion_std:uff_rank_spearman,-0.41702234863563903,0.5819064435541268,-0.37448197117187043,-0.3861263717724882
stage2pp_relational:stage2pp:flexibility_relation:preferred_h_distance:top_bottom:energy_distance,0.5722412744181498,0.346291311224234,-0.09021703483467741,-0.1245386054953398
stage2pp_relational:stage2pp:flexibility_relation:preferred_h_distance:top_bottom:wasserstein,0.3358609346140689,0.3512906241136078,-0.06837394644565079,-0.1588870744530561
stage2pp_relational:stage2pp:flexibility_relation:preferred_h_distance:uff_rank_spearman,0.28469261731543294,0.6030329957483785,0.1283154448155378,0.15493841897800475
stage2pp_relational:stage2pp:flexibility_relation:tether_dihedral:top_bottom:energy_distance,2.747758569997982,1.2494314716549522,-0.09342202922819445,0.008072770496932977
stage2pp_relational:stage2pp:flexibility_relation:tether_dihedral:top_bottom:wasserstein,22.417095314165213,15.572952512247893,-0.025755828612666988,0.006419885631261352
stage2pp_relational:stage2pp:flexibility_relation:tether_dihedral:uff_rank_spearman,0.019802341212376475,0.122843278523204,0.044145591843013046,0.049691970292667975
stage2pp_relational:stage2pp:flexibility_relation:two_h_distance_gap:top_bottom:energy_distance,0.4719823086033408,0.32323151832049685,-0.10271331330839963,-0.2036270046978164
stage2pp_relational:stage2pp:flexibility_relation:two_h_distance_gap:top_bottom:wasserstein,0.2503807614152881,0.2829715717457335,-0.21711013901092976,-0.22415301407249358
stage2pp_relational:stage2pp:flexibility_relation:two_h_distance_gap:uff_rank_spearman,-0.272252767857658,0.6000302160008605,-0.03220585590382065,-0.0628151135318836
stage2pp_relational:stage2pp:occupancy_relation:activation:all_heavy:top_bottom:cosine,0.7634332323140105,0.19777903241756006,0.009651597195151301,-0.034840862218622384
stage2pp_relational:stage2pp:occupancy_relation:activation:all_heavy:top_bottom:js,0.12803168997922848,0.10955982009710566,-0.02611011030688299,0.02265938458349725
stage2pp_relational:stage2pp:occupancy_relation:activation:all_heavy:top_bottom:l1,0.6204268307194654,0.36237962430103454,-0.04480373013749182,-0.007344820397353549
stage2pp_relational:stage2pp:occupancy_relation:activation:all_heavy:top_bottom:mean_abs,0.0007755335383993315,0.0004529745303762932,-0.04480373013749182,-0.007344820397353529
stage2pp_relational:stage2pp:occupancy_relation:activation:carbon:top_bottom:cosine,0.7557217860530214,0.2213908367520165,-0.023468620548210004,-0.05222031840357148
stage2pp_relational:stage2pp:occupancy_relation:activation:carbon:top_bottom:js,0.1358964615976865,0.12556179093870223,0.011886703914028442,0.04741380379235992
stage2pp_relational:stage2pp:occupancy_relation:activation:carbon:top_bottom:l1,0.6295782488392513,0.39398122412398806,0.004673404957652208,0.00045557386883776353
stage2pp_relational:stage2pp:occupancy_relation:activation:carbon:top_bottom:mean_abs,0.0007869728110490641,0.0004924765301549851,0.004673404957652208,0.00045557386883769946
stage2pp_relational:stage2pp:occupancy_relation:activation:halogen:top_bottom:cosine,0.14575427128022908,0.31975136790584585,0.1833300411075875,0.2597359044128586
stage2pp_relational:stage2pp:occupancy_relation:activation:halogen:top_bottom:js,0.019709963779095785,0.0591458885819486,0.15994881847357637,0.16811406353578784
stage2pp_relational:stage2pp:occupancy_relation:activation:halogen:top_bottom:l1,0.11211777259923068,0.28645906604928456,0.15994881847357637,0.20037479080977577
stage2pp_relational:stage2pp:occupancy_relation:activation:halogen:top_bottom:mean_abs,0.00014014721574903837,0.00035807383256160574,0.15994881847357637,0.20037479080977583
stage2pp_relational:stage2pp:occupancy_relation:activation:hetero:top_bottom:cosine,0.46059659513653717,0.3536487816202062,0.21986764210374224,0.26313779551503574
stage2pp_relational:stage2pp:occupancy_relation:activation:hetero:top_bottom:js,0.22853565216861071,0.2127859036518261,0.15995931330068364,0.029172917587805845
stage2pp_relational:stage2pp:occupancy_relation:activation:hetero:top_bottom:l1,0.8895940924675446,0.6300143662871097,0.1717779632006068,0.0868157006442
stage2pp_relational:stage2pp:occupancy_relation:activation:hetero:top_bottom:mean_abs,0.0011119926155844307,0.0007875179578588871,0.1717779632006068,0.08681570064420001
stage2pp_relational:stage2pp:occupancy_relation:activation:hydrogen:top_bottom:cosine,0.7635610681255507,0.13280082884472494,-0.0983446956305943,-0.018266263176866318
stage2pp_relational:stage2pp:occupancy_relation:activation:hydrogen:top_bottom:js,0.1520958737990403,0.08359523415291388,0.10911384618518416,0.035817588689011776
stage2pp_relational:stage2pp:occupancy_relation:activation:hydrogen:top_bottom:l1,0.7207990897119644,0.2589822369323444,0.09123299243416702,-0.03745486398993628
stage2pp_relational:stage2pp:occupancy_relation:activation:hydrogen:top_bottom:mean_abs,0.0009009988621399555,0.00032372779616543057,0.09123299243416702,-0.0374548639899363
stage2pp_relational:stage2pp:occupancy_relation:activation:reactive_c:top_bottom:cosine,1.0,1.8560564268089507e-16,0.043393677213347984,0.030623341253192535
stage2pp_relational:stage2pp:occupancy_relation:activation:reactive_c:top_bottom:js,1.0428544141654742e-17,3.197563834817263e-17,-0.22422184220735702,-0.18870383482590486
stage2pp_relational:stage2pp:occupancy_relation:activation:reactive_c:top_bottom:l1,1.1790948826281204e-15,7.552039162276736e-16,-0.09265533307345249,-0.054484941456716986
stage2pp_relational:stage2pp:occupancy_relation:activation:reactive_c:top_bottom:mean_abs,1.4738686032851505e-18,9.44004895284592e-19,-0.09265533307345249,-0.05448494145671698
stage2pp_relational:stage2pp:occupancy_relation:activation:reactive_h:top_bottom:cosine,0.826861391374238,0.21132806280583133,-0.16763300391578573,-0.013894644315950269
stage2pp_relational:stage2pp:occupancy_relation:activation:reactive_h:top_bottom:js,0.10241781298520565,0.11614438077696489,0.18459949582726223,0.0618004337742971
stage2pp_relational:stage2pp:occupancy_relation:activation:reactive_h:top_bottom:l1,0.5602300293340271,0.4537562763445954,0.17383034527267235,0.022037264066703255
stage2pp_relational:stage2pp:occupancy_relation:activation:reactive_h:top_bottom:mean_abs,0.0007002875366675339,0.0005671953454307443,0.17383034527267235,0.022037264066703272
stage2pp_relational:stage2pp:occupancy_relation:h_to_n:all_heavy:top_bottom:cosine,0.7677648535373641,0.16872873492242255,0.024789365427546495,0.03392005004226619
stage2pp_relational:stage2pp:occupancy_relation:h_to_n:all_heavy:top_bottom:js,0.1254804298183442,0.08844653889717237,-0.016966491911476495,-0.05069838313640633
stage2pp_relational:stage2pp:occupancy_relation:h_to_n:all_heavy:top_bottom:l1,0.6308974707070777,0.3061361294012547,-0.05597926373187754,-0.10059456285183463
stage2pp_relational:stage2pp:occupancy_relation:h_to_n:all_heavy:top_bottom:mean_abs,0.000788621838383847,0.00038267016175156835,-0.05597926373187754,-0.10059456285183459
stage2pp_relational:stage2pp:occupancy_relation:h_to_n:carbon:top_bottom:cosine,0.7645991146385268,0.18566394947723325,0.030783515264535197,0.031439689849461695
stage2pp_relational:stage2pp:occupancy_relation:h_to_n:carbon:top_bottom:js,0.13015114729407065,0.10116793705267986,-0.012089895433926363,-0.03834196354081332
stage2pp_relational:stage2pp:occupancy_relation:h_to_n:carbon:top_bottom:l1,0.6337817330425006,0.33039831059456826,-0.02143670534923078,-0.10115559527441029
stage2pp_relational:stage2pp:occupancy_relation:h_to_n:carbon:top_bottom:mean_abs,0.0007922271663031257,0.0004129978882432103,-0.02143670534923078,-0.10115559527441027
stage2pp_relational:stage2pp:occupancy_relation:h_to_n:halogen:top_bottom:cosine,0.12155284677878228,0.29886557097898875,0.1872775202535894,0.24009451400972143
stage2pp_relational:stage2pp:occupancy_relation:h_to_n:halogen:top_bottom:js,0.03454985246630146,0.11403222950620463,0.15903786174757592,0.15072120174966352
stage2pp_relational:stage2pp:occupancy_relation:h_to_n:halogen:top_bottom:l1,0.14596642252272657,0.41015880532158117,0.15903786174757592,0.1776354997352724
stage2pp_relational:stage2pp:occupancy_relation:h_to_n:halogen:top_bottom:mean_abs,0.0001824580281534082,0.0005126985066519762,0.15903786174757592,0.17763549973527235
stage2pp_relational:stage2pp:occupancy_relation:h_to_n:hetero:top_bottom:cosine,0.40910043932163315,0.3391544954021873,0.3092107083765277,0.2939928297739584
stage2pp_relational:stage2pp:occupancy_relation:h_to_n:hetero:top_bottom:js,0.2602373438446136,0.22088581243260075,0.08721348546839822,0.027383053081315757
stage2pp_relational:stage2pp:occupancy_relation:h_to_n:hetero:top_bottom:l1,0.9576581121188772,0.6573886952440634,0.09057568759510048,0.06857442454063872
stage2pp_relational:stage2pp:occupancy_relation:h_to_n:hetero:top_bottom:mean_abs,0.0011970726401485962,0.000821735869055079,0.09057568759510048,0.06857442454063874
stage2pp_relational:stage2pp:occupancy_relation:h_to_n:hydrogen:top_bottom:cosine,0.7364245602090872,0.13972411930416206,-0.008229256555865845,0.10356139353040494
stage2pp_relational:stage2pp:occupancy_relation:h_to_n:hydrogen:top_bottom:js,0.16544849646514295,0.08359575563499529,0.02722766366632156,-0.09421653769164576
stage2pp_relational:stage2pp:occupancy_relation:h_to_n:hydrogen:top_bottom:l1,0.7532304813002273,0.269756491248102,-0.034440962622697795,-0.16831156700220626
stage2pp_relational:stage2pp:occupancy_relation:h_to_n:hydrogen:top_bottom:mean_abs,0.0009415381016252842,0.00033719561406012755,-0.034440962622697795,-0.16831156700220623
stage2pp_relational:stage2pp:occupancy_relation:h_to_n:reactive_c:top_bottom:cosine,0.882236465906615,0.1472442534055832,-0.16814098271553052,-0.02355639444320881
stage2pp_relational:stage2pp:occupancy_relation:h_to_n:reactive_c:top_bottom:js,0.06535451951080819,0.07723839213903569,0.177386196870886,0.05791723192564771
stage2pp_relational:stage2pp:occupancy_relation:h_to_n:reactive_c:top_bottom:l1,0.43830287092989223,0.3665634180941596,0.15686385336119585,0.0203263641339412
stage2pp_relational:stage2pp:occupancy_relation:h_to_n:reactive_c:top_bottom:mean_abs,0.0005478785886623653,0.00045820427261769944,0.15686385336119585,0.020326364133941212
stage2pp_relational:stage2pp:occupancy_relation:h_to_n:reactive_h:top_bottom:cosine,1.0,1.7509098802941813e-16,-0.1505765867239919,-0.11794653831420884
stage2pp_relational:stage2pp:occupancy_relation:h_to_n:reactive_h:top_bottom:js,-6.274635792070259e-18,4.4038034932666413e-17,0.07253937260355818,0.09908636758528161
stage2pp_relational:stage2pp:occupancy_relation:h_to_n:reactive_h:top_bottom:l1,7.703061835119576e-16,6.719852720720488e-16,0.12242289073849806,0.057838152784202006
stage2pp_relational:stage2pp:occupancy_relation:h_to_n:reactive_h:top_bottom:mean_abs,9.62882729389947e-19,8.399815900900611e-19,0.12242289073849806,0.05783815278420199
stage2pp_relational:stage2pp:occupancy_relation:n_to_h:all_heavy:top_bottom:cosine,0.7778097557416155,0.1776108409330767,0.07741596908110832,0.03133442510325475
stage2pp_relational:stage2pp:occupancy_relation:n_to_h:all_heavy:top_bottom:js,0.11716367296410532,0.09131716216619333,-0.08798192811580026,-0.059595291265751194
stage2pp_relational:stage2pp:occupancy_relation:n_to_h:all_heavy:top_bottom:l1,0.6017108630198388,0.3052097413719692,-0.09966544050993079,-0.10245298142890608
stage2pp_relational:stage2pp:occupancy_relation:n_to_h:all_heavy:top_bottom:mean_abs,0.0007521385787747986,0.0003815121767149615,-0.09966544050993079,-0.10245298142890608
stage2pp_relational:stage2pp:occupancy_relation:n_to_h:carbon:top_bottom:cosine,0.7722443831242393,0.19081074841533802,0.05872234925049948,0.02433865356166565
stage2pp_relational:stage2pp:occupancy_relation:n_to_h:carbon:top_bottom:js,0.12366785637730697,0.1046097715329535,-0.08076862915942402,-0.04151777858998963
stage2pp_relational:stage2pp:occupancy_relation:n_to_h:carbon:top_bottom:l1,0.6125043753371779,0.32986927341829003,-0.0795494800400365,-0.10490692866749238
stage2pp_relational:stage2pp:occupancy_relation:n_to_h:carbon:top_bottom:mean_abs,0.0007656304691714725,0.0004123365917728626,-0.0795494800400365,-0.10490692866749238
stage2pp_relational:stage2pp:occupancy_relation:n_to_h:halogen:top_bottom:cosine,0.11685870386700617,0.2918236627143922,0.1824190843815871,0.23648541006670504
stage2pp_relational:stage2pp:occupancy_relation:n_to_h:halogen:top_bottom:js,0.03596109901534514,0.11816491603272793,0.15994881847357637,0.15210944377140756
stage2pp_relational:stage2pp:occupancy_relation:n_to_h:halogen:top_bottom:l1,0.1541360609269564,0.4150624756774024,0.16693282003957968,0.18852711402540698
stage2pp_relational:stage2pp:occupancy_relation:n_to_h:halogen:top_bottom:mean_abs,0.00019267007615869552,0.0005188280945967528,0.16693282003957968,0.1885271140254069
stage2pp_relational:stage2pp:occupancy_relation:n_to_h:hetero:top_bottom:cosine,0.4359130367594335,0.35136836163876495,0.2398044039177964,0.2272316172285197
stage2pp_relational:stage2pp:occupancy_relation:n_to_h:hetero:top_bottom:js,0.24044401603847065,0.22244895199943776,0.1345899699810211,0.09303554401422033
stage2pp_relational:stage2pp:occupancy_relation:n_to_h:hetero:top_bottom:l1,0.9165598141395099,0.6342605162698878,0.14167818243273697,0.13669513287570834
stage2pp_relational:stage2pp:occupancy_relation:n_to_h:hetero:top_bottom:mean_abs,0.0011456997676743874,0.0007928256453373598,0.14167818243273697,0.13669513287570836
stage2pp_relational:stage2pp:occupancy_relation:n_to_h:hydrogen:top_bottom:cosine,0.7356268278728977,0.12199822684188492,-0.15584789576170624,0.07391732319917828
stage2pp_relational:stage2pp:occupancy_relation:n_to_h:hydrogen:top_bottom:js,0.16508409312561992,0.07573027149718736,0.05973830684998909,-0.09037022163032211
stage2pp_relational:stage2pp:occupancy_relation:n_to_h:hydrogen:top_bottom:l1,0.7724036889128547,0.24425041305769413,0.08168299099896469,-0.1276428651877408
stage2pp_relational:stage2pp:occupancy_relation:n_to_h:hydrogen:top_bottom:mean_abs,0.0009655046111410684,0.00030531301632211763,0.08168299099896469,-0.12764286518774076
stage2pp_relational:stage2pp:occupancy_relation:n_to_h:reactive_c:top_bottom:cosine,0.9294649867743755,0.09562127164508691,-0.09651597195151301,0.21577267605565517
stage2pp_relational:stage2pp:occupancy_relation:n_to_h:reactive_c:top_bottom:js,0.03928197247199481,0.04880611779914337,0.08940426875508573,-0.1687840686311551
stage2pp_relational:stage2pp:occupancy_relation:n_to_h:reactive_c:top_bottom:l1,0.32850240622797205,0.26682671449221884,0.08991224755483053,-0.11056182355195164
stage2pp_relational:stage2pp:occupancy_relation:n_to_h:reactive_c:top_bottom:mean_abs,0.0004106280077849651,0.0003335333931152736,0.08991224755483053,-0.11056182355195172
stage2pp_relational:stage2pp:occupancy_relation:n_to_h:reactive_h:top_bottom:cosine,0.8021944677743849,0.21371084350525044,-0.05933192381019326,0.10019236118991169
stage2pp_relational:stage2pp:occupancy_relation:n_to_h:reactive_h:top_bottom:js,0.12371565912265813,0.120646832400398,0.10708193098620496,-0.06472156233193563
stage2pp_relational:stage2pp:occupancy_relation:n_to_h:reactive_h:top_bottom:l1,0.6295442090375896,0.43133491771188365,0.10962182498492896,-0.07659640210757249
stage2pp_relational:stage2pp:occupancy_relation:n_to_h:reactive_h:top_bottom:mean_abs,0.0007869302612969867,0.0005391686471398548,0.10962182498492896,-0.07659640210757251
stage2pp_relational:stage2pp:occupancy_relation:nitrene:all_heavy:top_bottom:cosine,0.7778097557416155,0.1776108409330767,0.07741596908110832,0.03133442510325475
stage2pp_relational:stage2pp:occupancy_relation:nitrene:all_heavy:top_bottom:js,0.11716367296410532,0.09131716216619333,-0.08798192811580026,-0.059595291265751194
stage2pp_relational:stage2pp:occupancy_relation:nitrene:all_heavy:top_bottom:l1,0.6017108630198388,0.3052097413719692,-0.09966544050993079,-0.10245298142890608
stage2pp_relational:stage2pp:occupancy_relation:nitrene:all_heavy:top_bottom:mean_abs,0.0007521385787747986,0.0003815121767149615,-0.09966544050993079,-0.10245298142890608
stage2pp_relational:stage2pp:occupancy_relation:nitrene:carbon:top_bottom:cosine,0.7722443831242393,0.19081074841533802,0.05872234925049948,0.02433865356166565
stage2pp_relational:stage2pp:occupancy_relation:nitrene:carbon:top_bottom:js,0.12366785637730697,0.1046097715329535,-0.08076862915942402,-0.04151777858998963
stage2pp_relational:stage2pp:occupancy_relation:nitrene:carbon:top_bottom:l1,0.6125043753371779,0.32986927341829003,-0.0795494800400365,-0.10490692866749238
stage2pp_relational:stage2pp:occupancy_relation:nitrene:carbon:top_bottom:mean_abs,0.0007656304691714725,0.0004123365917728626,-0.0795494800400365,-0.10490692866749238
stage2pp_relational:stage2pp:occupancy_relation:nitrene:halogen:top_bottom:cosine,0.11685870386700617,0.2918236627143922,0.1824190843815871,0.23648541006670504
stage2pp_relational:stage2pp:occupancy_relation:nitrene:halogen:top_bottom:js,0.03596109901534514,0.11816491603272793,0.15994881847357637,0.15210944377140756
stage2pp_relational:stage2pp:occupancy_relation:nitrene:halogen:top_bottom:l1,0.1541360609269564,0.4150624756774024,0.16693282003957968,0.18852711402540698
stage2pp_relational:stage2pp:occupancy_relation:nitrene:halogen:top_bottom:mean_abs,0.00019267007615869552,0.0005188280945967528,0.16693282003957968,0.1885271140254069
stage2pp_relational:stage2pp:occupancy_relation:nitrene:hetero:top_bottom:cosine,0.4359130367594335,0.35136836163876495,0.2398044039177964,0.2272316172285197
stage2pp_relational:stage2pp:occupancy_relation:nitrene:hetero:top_bottom:js,0.24044401603847065,0.22244895199943776,0.1345899699810211,0.09303554401422033
stage2pp_relational:stage2pp:occupancy_relation:nitrene:hetero:top_bottom:l1,0.9165598141395099,0.6342605162698878,0.14167818243273697,0.13669513287570834
stage2pp_relational:stage2pp:occupancy_relation:nitrene:hetero:top_bottom:mean_abs,0.0011456997676743874,0.0007928256453373598,0.14167818243273697,0.13669513287570836
stage2pp_relational:stage2pp:occupancy_relation:nitrene:hydrogen:top_bottom:cosine,0.7356268278728977,0.12199822684188492,-0.15584789576170624,0.07391732319917828
stage2pp_relational:stage2pp:occupancy_relation:nitrene:hydrogen:top_bottom:js,0.16508409312561992,0.07573027149718736,0.05973830684998909,-0.09037022163032211
stage2pp_relational:stage2pp:occupancy_relation:nitrene:hydrogen:top_bottom:l1,0.7724036889128547,0.24425041305769413,0.08168299099896469,-0.1276428651877408
stage2pp_relational:stage2pp:occupancy_relation:nitrene:hydrogen:top_bottom:mean_abs,0.0009655046111410684,0.00030531301632211763,0.08168299099896469,-0.12764286518774076
stage2pp_relational:stage2pp:occupancy_relation:nitrene:reactive_c:top_bottom:cosine,0.9294649867743755,0.09562127164508691,-0.09651597195151301,0.21577267605565517
stage2pp_relational:stage2pp:occupancy_relation:nitrene:reactive_c:top_bottom:js,0.03928197247199481,0.04880611779914337,0.08940426875508573,-0.1687840686311551
stage2pp_relational:stage2pp:occupancy_relation:nitrene:reactive_c:top_bottom:l1,0.32850240622797205,0.26682671449221884,0.08991224755483053,-0.11056182355195164
stage2pp_relational:stage2pp:occupancy_relation:nitrene:reactive_c:top_bottom:mean_abs,0.0004106280077849651,0.0003335333931152736,0.08991224755483053,-0.11056182355195172
stage2pp_relational:stage2pp:occupancy_relation:nitrene:reactive_h:top_bottom:cosine,0.8021944677743849,0.21371084350525044,-0.05933192381019326,0.10019236118991169
stage2pp_relational:stage2pp:occupancy_relation:nitrene:reactive_h:top_bottom:js,0.12371565912265813,0.120646832400398,0.10708193098620496,-0.06472156233193563
stage2pp_relational:stage2pp:occupancy_relation:nitrene:reactive_h:top_bottom:l1,0.6295442090375896,0.43133491771188365,0.10962182498492896,-0.07659640210757249
stage2pp_relational:stage2pp:occupancy_relation:nitrene:reactive_h:top_bottom:mean_abs,0.0007869302612969867,0.0005391686471398548,0.10962182498492896,-0.07659640210757251
stage2pp_relational:stage2pp:pose_relation:activation:radial_mean:uff_rank_spearman,0.45229673049518565,0.5717898328447009,0.4262958087458406,0.5165114706876722
stage2pp_relational:stage2pp:pose_relation:activation:radial_mean:wasserstein,0.4821768347184314,0.4707880953288757,0.12100055009921261,0.12022419141756917
stage2pp_relational:stage2pp:pose_relation:h_to_n:radial_mean:uff_rank_spearman,0.45229673049518565,0.5717898328447009,0.4262958087458406,0.5165114706876722
stage2pp_relational:stage2pp:pose_relation:h_to_n:radial_mean:wasserstein,0.4821768347184314,0.4707880953288757,0.12100055009921261,0.12022419141756917
stage2pp_relational:stage2pp:pose_relation:n_to_h:radial_mean:uff_rank_spearman,0.45229673049518565,0.5717898328447009,0.4262958087458406,0.5165114706876722
stage2pp_relational:stage2pp:pose_relation:n_to_h:radial_mean:wasserstein,0.4821768347184314,0.4707880953288757,0.12100055009921261,0.12022419141756917
stage2pp_relational:stage2pp:pose_relation:nitrene:radial_mean:uff_rank_spearman,0.45229673049518565,0.5717898328447009,0.4262958087458406,0.5165114706876722
stage2pp_relational:stage2pp:pose_relation:nitrene:radial_mean:wasserstein,0.4821768347184314,0.4707880953288757,0.12100055009921261,0.12022419141756917
