abs_error,bayesian_normal_interval_95_high,bayesian_normal_interval_95_low,family_id,feature_set,gp_predictive_std,heldout_count,heldout_family_id,model_name,observed_ee_percent,observed_target_value,observed_yield_percent,prediction,prediction_interval_80_high,prediction_interval_80_low,prediction_interval_95_high,prediction_interval_95_low,residual,selected_estimator_params,split_id,split_mode,target_name,target_substrate_id,train_count,train_substrate_ids,validation_count,validation_mae,validation_substrate_ids
0.5586432241139079,,,alkyl-aryl-chain,stage2_alt,,2,alkyl-aryl-chain,ridge_regression,50.0,50.0,,50.55864322411391,54.42882060461184,37.814140086155675,61.60574217547011,36.642382245316256,0.5586432241139079,"{""alpha"": 1000.0}",alkyl-aryl-chain,family_holdout,ee,1ah,30,1am|1i|1p|1ao|1ab|1af|1x|1u|1l|1aj|1aa|1k|1s|1ac|1g|1y|1z|1c|1t|1w|1o|1q|1v|1b|1ag|1n|1j|1m|1d|1e,7,9.123010491486458,1a|1ae|1ak|1al|1f|1h|1r
22.452877397520652,,,alkyl-aryl-chain,stage2_alt,,2,alkyl-aryl-chain,ridge_regression,50.0,50.0,,72.45287739752065,76.32305477801859,59.70837425956242,83.49997634887686,58.536616418723,22.452877397520652,"{""alpha"": 1000.0}",alkyl-aryl-chain,family_holdout,ee,1ai,30,1am|1i|1p|1ao|1ab|1af|1x|1u|1l|1aj|1aa|1k|1s|1ac|1g|1y|1z|1c|1t|1w|1o|1q|1v|1b|1ag|1n|1j|1m|1d|1e,7,9.123010491486458,1a|1ae|1ak|1al|1f|1h|1r
7.167500177762079,,,alkyl-aryl-chain,stage2_alt,,2,alkyl-aryl-chain,elastic_net,50.0,50.0,,57.16750017776208,64.92724625667385,44.3784560611823,70.56612989358231,43.612296248271846,7.167500177762079,"{""alpha"": 10.0, ""l1_ratio"": 0.2}",alkyl-aryl-chain,family_holdout,ee,1ah,30,1am|1i|1p|1ao|1ab|1af|1x|1u|1l|1aj|1aa|1k|1s|1ac|1g|1y|1z|1c|1t|1w|1o|1q|1v|1b|1ag|1n|1j|1m|1d|1e,7,9.2356232917799,1a|1ae|1ak|1al|1f|1h|1r
24.7188547877863,,,alkyl-aryl-chain,stage2_alt,,2,alkyl-aryl-chain,elastic_net,50.0,50.0,,74.7188547877863,82.47860086669807,61.92981067120652,88.11748450360653,61.163650858296066,24.7188547877863,"{""alpha"": 10.0, ""l1_ratio"": 0.2}",alkyl-aryl-chain,family_holdout,ee,1ai,30,1am|1i|1p|1ao|1ab|1af|1x|1u|1l|1aj|1aa|1k|1s|1ac|1g|1y|1z|1c|1t|1w|1o|1q|1v|1b|1ag|1n|1j|1m|1d|1e,7,9.2356232917799,1a|1ae|1ak|1al|1f|1h|1r
21.41237392873262,,,alkyl-aryl-chain,stage2_alt,,2,alkyl-aryl-chain,lightgbm,50.0,50.0,,71.41237392873262,85.95575466315688,67.11136359707073,91.39598260327708,64.67871026783602,21.41237392873262,"{""learning_rate"": 0.1, ""n_estimators"": 25, ""num_leaves"": 7}",alkyl-aryl-chain,family_holdout,ee,1ah,30,1am|1i|1p|1ao|1ab|1af|1x|1u|1l|1aj|1aa|1k|1s|1ac|1g|1y|1z|1c|1t|1w|1o|1q|1v|1b|1ag|1n|1j|1m|1d|1e,7,6.152061163804,1a|1ae|1ak|1al|1f|1h|1r
2.8244164857924474,,,alkyl-aryl-chain,stage2_alt,,2,alkyl-aryl-chain,lightgbm,50.0,50.0,,47.17558351420755,61.718964248631806,42.874573182545674,67.15919218875202,40.44191985331096,-2.8244164857924474,"{""learning_rate"": 0.1, ""n_estimators"": 25, ""num_leaves"": 7}",alkyl-aryl-chain,family_holdout,ee,1ai,30,1am|1i|1p|1ao|1ab|1af|1x|1u|1l|1aj|1aa|1k|1s|1ac|1g|1y|1z|1c|1t|1w|1o|1q|1v|1b|1ag|1n|1j|1m|1d|1e,7,6.152061163804,1a|1ae|1ak|1al|1f|1h|1r
30.03333333333333,120.03020855547356,40.03645811119309,alkyl-aryl-chain,stage2_alt,20.406568990887877,2,alkyl-aryl-chain,gaussian_process,50.0,50.0,,80.03333333333333,99.86666666666667,68.66666665564685,105.26666666666665,68.21666664324934,30.03333333333333,"{""alpha"": 1e-05, ""kernel"": ""1**2 * RBF(length_scale=2) + WhiteKernel(noise_level=10)""}",alkyl-aryl-chain,family_holdout,ee,1ah,30,1am|1i|1p|1ao|1ab|1af|1x|1u|1l|1aj|1aa|1k|1s|1ac|1g|1y|1z|1c|1t|1w|1o|1q|1v|1b|1ag|1n|1j|1m|1d|1e,7,13.13809454284916,1a|1ae|1ak|1al|1f|1h|1r
30.03333333333333,120.03020855547356,40.03645811119309,alkyl-aryl-chain,stage2_alt,20.406568990887877,2,alkyl-aryl-chain,gaussian_process,50.0,50.0,,80.03333333333333,99.86666666666667,68.66666665564685,105.26666666666665,68.21666664324934,30.03333333333333,"{""alpha"": 1e-05, ""kernel"": ""1**2 * RBF(length_scale=2) + WhiteKernel(noise_level=10)""}",alkyl-aryl-chain,family_holdout,ee,1ai,30,1am|1i|1p|1ao|1ab|1af|1x|1u|1l|1aj|1aa|1k|1s|1ac|1g|1y|1z|1c|1t|1w|1o|1q|1v|1b|1ag|1n|1j|1m|1d|1e,7,13.13809454284916,1a|1ae|1ak|1al|1f|1h|1r
11.449429941617034,,,branched-diaryl-alkyl,stage2_alt,,1,branched-diaryl-alkyl,ridge_regression,72.0,72.0,,60.55057005838297,83.18682790630683,47.975620656035375,92.33898584428731,46.900344109688454,-11.449429941617034,"{""alpha"": 1000.0}",branched-diaryl-alkyl,family_holdout,ee,1ao,30,1l|1am|1af|1y|1s|1x|1i|1ab|1p|1aa|1k|1al|1ac|1g|1u|1z|1c|1t|1w|1o|1q|1v|1ai|1b|1ag|1n|1j|1m|1ah|1d,8,12.6862629346059,1a|1ae|1aj|1ak|1e|1f|1h|1r
5.85139212717398,,,branched-diaryl-alkyl,stage2_alt,,1,branched-diaryl-alkyl,elastic_net,72.0,72.0,,66.14860787282602,80.50198035262541,54.32230159357209,80.84112548134334,53.65045366316102,-5.85139212717398,"{""alpha"": 10.0, ""l1_ratio"": 0.2}",branched-diaryl-alkyl,family_holdout,ee,1ao,30,1l|1am|1af|1y|1s|1x|1i|1ab|1p|1aa|1k|1al|1ac|1g|1u|1z|1c|1t|1w|1o|1q|1v|1ai|1b|1ag|1n|1j|1m|1ah|1d,8,9.324794784039293,1a|1ae|1aj|1ak|1e|1f|1h|1r
21.259078353965073,,,branched-diaryl-alkyl,stage2_alt,,1,branched-diaryl-alkyl,lightgbm,72.0,72.0,,50.74092164603493,56.95110486350416,35.60341485111608,57.56766708244247,26.07108065100443,-21.259078353965073,"{""learning_rate"": 0.1, ""n_estimators"": 75, ""num_leaves"": 7}",branched-diaryl-alkyl,family_holdout,ee,1ao,30,1l|1am|1af|1y|1s|1x|1i|1ab|1p|1aa|1k|1al|1ac|1g|1u|1z|1c|1t|1w|1o|1q|1v|1ai|1b|1ag|1n|1j|1m|1ah|1d,8,7.035409505748094,1a|1ae|1aj|1ak|1e|1f|1h|1r
6.86666666666666,119.35120670078231,38.38212663255101,branched-diaryl-alkyl,stage2_alt,20.655377568426353,1,branched-diaryl-alkyl,gaussian_process,72.0,72.0,,78.86666666666666,107.43333333333332,65.73333333175776,112.15833333333333,65.73333332900056,6.86666666666666,"{""alpha"": 1e-05, ""kernel"": ""1**2 * RBF(length_scale=2) + WhiteKernel(noise_level=10)""}",branched-diaryl-alkyl,family_holdout,ee,1ao,30,1l|1am|1af|1y|1s|1x|1i|1ab|1p|1aa|1k|1al|1ac|1g|1u|1z|1c|1t|1w|1o|1q|1v|1ai|1b|1ag|1n|1j|1m|1ah|1d,8,16.908332528520926,1a|1ae|1aj|1ak|1e|1f|1h|1r
15.541064060087706,,,carbonyl-alkyl-aryl,stage2_alt,,3,carbonyl-alkyl-aryl,ridge_regression,53.0,53.0,,68.5410640600877,63.571021097492334,55.32165818077237,64.26276288894586,55.008643772284145,15.541064060087706,"{""alpha"": 1000.0}",carbonyl-alkyl-aryl,family_holdout,ee,1ae,29,1am|1i|1p|1ao|1ab|1x|1u|1l|1aj|1d|1aa|1s|1ac|1j|1y|1z|1v|1f|1o|1t|1w|1b|1q|1ai|1h|1m|1n|1ah|1c,7,7.931498937317967,1a|1ak|1al|1e|1g|1k|1r
15.152632215446445,,,carbonyl-alkyl-aryl,stage2_alt,,3,carbonyl-alkyl-aryl,ridge_regression,61.0,61.0,,76.15263221544645,71.18258925285107,62.933226336131106,71.8743310443046,62.620211927642885,15.152632215446445,"{""alpha"": 1000.0}",carbonyl-alkyl-aryl,family_holdout,ee,1af,29,1am|1i|1p|1ao|1ab|1x|1u|1l|1aj|1d|1aa|1s|1ac|1j|1y|1z|1v|1f|1o|1t|1w|1b|1q|1ai|1h|1m|1n|1ah|1c,7,7.931498937317967,1a|1ak|1al|1e|1g|1k|1r
11.332802627393846,,,carbonyl-alkyl-aryl,stage2_alt,,3,carbonyl-alkyl-aryl,ridge_regression,90.0,90.0,,78.66719737260615,73.69715441001078,65.44779149329082,74.3888962014643,65.1347770848026,-11.332802627393846,"{""alpha"": 1000.0}",carbonyl-alkyl-aryl,family_holdout,ee,1ag,29,1am|1i|1p|1ao|1ab|1x|1u|1l|1aj|1d|1aa|1s|1ac|1j|1y|1z|1v|1f|1o|1t|1w|1b|1q|1ai|1h|1m|1n|1ah|1c,7,7.931498937317967,1a|1ak|1al|1e|1g|1k|1r
17.38809493521805,,,carbonyl-alkyl-aryl,stage2_alt,,3,carbonyl-alkyl-aryl,elastic_net,53.0,53.0,,70.38809493521805,67.03463281310569,56.7320981718038,67.82140468695677,55.96451881404443,17.38809493521805,"{""alpha"": 10.0, ""l1_ratio"": 0.2}",carbonyl-alkyl-aryl,family_holdout,ee,1ae,29,1am|1i|1p|1ao|1ab|1x|1u|1l|1aj|1d|1aa|1s|1ac|1j|1y|1z|1v|1f|1o|1t|1w|1b|1q|1ai|1h|1m|1n|1ah|1c,7,7.484565453832919,1a|1ak|1al|1e|1g|1k|1r
11.649401569580561,,,carbonyl-alkyl-aryl,stage2_alt,,3,carbonyl-alkyl-aryl,elastic_net,61.0,61.0,,72.64940156958056,69.2959394474682,58.99340480616631,70.08271132131928,58.225825448406944,11.649401569580561,"{""alpha"": 10.0, ""l1_ratio"": 0.2}",carbonyl-alkyl-aryl,family_holdout,ee,1af,29,1am|1i|1p|1ao|1ab|1x|1u|1l|1aj|1d|1aa|1s|1ac|1j|1y|1z|1v|1f|1o|1t|1w|1b|1q|1ai|1h|1m|1n|1ah|1c,7,7.484565453832919,1a|1ak|1al|1e|1g|1k|1r
12.408709836024173,,,carbonyl-alkyl-aryl,stage2_alt,,3,carbonyl-alkyl-aryl,elastic_net,90.0,90.0,,77.59129016397583,74.23782804186347,63.93529340056158,75.02459991571455,63.16771404280221,-12.408709836024173,"{""alpha"": 10.0, ""l1_ratio"": 0.2}",carbonyl-alkyl-aryl,family_holdout,ee,1ag,29,1am|1i|1p|1ao|1ab|1x|1u|1l|1aj|1d|1aa|1s|1ac|1j|1y|1z|1v|1f|1o|1t|1w|1b|1q|1ai|1h|1m|1n|1ah|1c,7,7.484565453832919,1a|1ak|1al|1e|1g|1k|1r
9.23593432461982,,,carbonyl-alkyl-aryl,stage2_alt,,3,carbonyl-alkyl-aryl,lightgbm,53.0,53.0,,62.23593432461982,57.311984089875516,46.89144002627906,58.93189750939861,44.132349774621744,9.23593432461982,"{""learning_rate"": 0.03, ""n_estimators"": 25, ""num_leaves"": 3}",carbonyl-alkyl-aryl,family_holdout,ee,1ae,29,1am|1i|1p|1ao|1ab|1x|1u|1l|1aj|1d|1aa|1s|1ac|1j|1y|1z|1v|1f|1o|1t|1w|1b|1q|1ai|1h|1m|1n|1ah|1c,7,9.647857443496136,1a|1ak|1al|1e|1g|1k|1r
5.745572418091314,,,carbonyl-alkyl-aryl,stage2_alt,,3,carbonyl-alkyl-aryl,lightgbm,61.0,61.0,,66.74557241809131,61.82162218334701,51.40107811975055,63.441535602870104,48.64198786809324,5.745572418091314,"{""learning_rate"": 0.03, ""n_estimators"": 25, ""num_leaves"": 3}",carbonyl-alkyl-aryl,family_holdout,ee,1af,29,1am|1i|1p|1ao|1ab|1x|1u|1l|1aj|1d|1aa|1s|1ac|1j|1y|1z|1v|1f|1o|1t|1w|1b|1q|1ai|1h|1m|1n|1ah|1c,7,9.647857443496136,1a|1ak|1al|1e|1g|1k|1r
7.891969630200933,,,carbonyl-alkyl-aryl,stage2_alt,,3,carbonyl-alkyl-aryl,lightgbm,90.0,90.0,,82.10803036979907,77.18408013505477,66.7635360714583,78.80399355457786,64.00444581980099,-7.891969630200933,"{""learning_rate"": 0.03, ""n_estimators"": 25, ""num_leaves"": 3}",carbonyl-alkyl-aryl,family_holdout,ee,1ag,29,1am|1i|1p|1ao|1ab|1x|1u|1l|1aj|1d|1aa|1s|1ac|1j|1y|1z|1v|1f|1o|1t|1w|1b|1q|1ai|1h|1m|1n|1ah|1c,7,9.647857443496136,1a|1ak|1al|1e|1g|1k|1r
24.689655172413794,119.83409158106514,35.54521876376245,carbonyl-alkyl-aryl,stage2_alt,21.502263473801708,3,carbonyl-alkyl-aryl,gaussian_process,53.0,53.0,,77.6896551724138,85.57931034482759,62.179310344827584,89.17931034482758,60.82931034482759,24.689655172413794,"{""alpha"": 1e-05, ""kernel"": ""1**2 * RBF(length_scale=2) + WhiteKernel(noise_level=10)""}",carbonyl-alkyl-aryl,family_holdout,ee,1ae,29,1am|1i|1p|1ao|1ab|1x|1u|1l|1aj|1d|1aa|1s|1ac|1j|1y|1z|1v|1f|1o|1t|1w|1b|1q|1ai|1h|1m|1n|1ah|1c,7,12.704433496828003,1a|1ak|1al|1e|1g|1k|1r
16.689655172413794,119.83409158106514,35.54521876376245,carbonyl-alkyl-aryl,stage2_alt,21.502263473801708,3,carbonyl-alkyl-aryl,gaussian_process,61.0,61.0,,77.6896551724138,85.57931034482759,62.179310344827584,89.17931034482758,60.82931034482759,16.689655172413794,"{""alpha"": 1e-05, ""kernel"": ""1**2 * RBF(length_scale=2) + WhiteKernel(noise_level=10)""}",carbonyl-alkyl-aryl,family_holdout,ee,1af,29,1am|1i|1p|1ao|1ab|1x|1u|1l|1aj|1d|1aa|1s|1ac|1j|1y|1z|1v|1f|1o|1t|1w|1b|1q|1ai|1h|1m|1n|1ah|1c,7,12.704433496828003,1a|1ak|1al|1e|1g|1k|1r
12.310344827586206,119.83409158106514,35.54521876376245,carbonyl-alkyl-aryl,stage2_alt,21.502263473801708,3,carbonyl-alkyl-aryl,gaussian_process,90.0,90.0,,77.6896551724138,85.57931034482759,62.179310344827584,89.17931034482758,60.82931034482759,-12.310344827586206,"{""alpha"": 1e-05, ""kernel"": ""1**2 * RBF(length_scale=2) + WhiteKernel(noise_level=10)""}",carbonyl-alkyl-aryl,family_holdout,ee,1ag,29,1am|1i|1p|1ao|1ab|1x|1u|1l|1aj|1d|1aa|1s|1ac|1j|1y|1z|1v|1f|1o|1t|1w|1b|1q|1ai|1h|1m|1n|1ah|1c,7,12.704433496828003,1a|1ak|1al|1e|1g|1k|1r
1.6827423875733984,,,carbonyl-heterocycle-fused,stage2_alt,,1,carbonyl-heterocycle-fused,ridge_regression,86.0,86.0,,87.6827423875734,109.78691070882417,75.03923992520372,121.00303210966305,73.99931792129544,1.6827423875733984,"{""alpha"": 1000.0}",carbonyl-heterocycle-fused,family_holdout,ee,1u,30,1am|1i|1p|1ao|1ab|1af|1x|1l|1s|1y|1k|1al|1aa|1ac|1g|1z|1t|1c|1w|1o|1q|1v|1ai|1b|1ag|1n|1j|1m|1ah|1d,8,12.728911475224537,1a|1ae|1aj|1ak|1e|1f|1h|1r
0.8118583938164647,,,carbonyl-heterocycle-fused,stage2_alt,,1,carbonyl-heterocycle-fused,elastic_net,86.0,86.0,,86.81185839381646,103.3393676598512,74.7627469499352,104.45168548811657,74.21845539556935,0.8118583938164647,"{""alpha"": 10.0, ""l1_ratio"": 0.2}",carbonyl-heterocycle-fused,family_holdout,ee,1u,30,1am|1i|1p|1ao|1ab|1af|1x|1l|1s|1y|1k|1al|1aa|1ac|1g|1z|1t|1c|1w|1o|1q|1v|1ai|1b|1ag|1n|1j|1m|1ah|1d,8,10.263869559338097,1a|1ae|1aj|1ak|1e|1f|1h|1r
5.909122487923526,,,carbonyl-heterocycle-fused,stage2_alt,,1,carbonyl-heterocycle-fused,lightgbm,86.0,86.0,,91.90912248792353,100.13079239344313,82.36761237906897,104.1857652180465,75.40813830256353,5.909122487923526,"{""learning_rate"": 0.1, ""n_estimators"": 75, ""num_leaves"": 3}",carbonyl-heterocycle-fused,family_holdout,ee,1u,30,1am|1i|1p|1ao|1ab|1af|1x|1l|1s|1y|1k|1al|1aa|1ac|1g|1z|1t|1c|1w|1o|1q|1v|1ai|1b|1ag|1n|1j|1m|1ah|1d,8,6.119872093784929,1a|1ae|1aj|1ak|1e|1f|1h|1r
7.599999999474889,118.86830011349045,37.93169988755978,carbonyl-heterocycle-fused,stage2_alt,20.647091894370067,1,carbonyl-heterocycle-fused,gaussian_process,86.0,86.0,,78.40000000052511,106.50000000052512,64.79999999556857,111.22500000052511,64.7999999868946,-7.599999999474889,"{""alpha"": 1e-05, ""kernel"": ""1**2 * RBF(length_scale=2) + WhiteKernel(noise_level=10)""}",carbonyl-heterocycle-fused,family_holdout,ee,1u,30,1am|1i|1p|1ao|1ab|1af|1x|1l|1s|1y|1k|1al|1aa|1ac|1g|1z|1t|1c|1w|1o|1q|1v|1ai|1b|1ag|1n|1j|1m|1ah|1d,8,17.024999031319872,1a|1ae|1aj|1ak|1e|1f|1h|1r
31.9085620684544,,,cycloalkyl-alkyl-aryl,stage2_alt,,3,cycloalkyl-alkyl-aryl,ridge_regression,44.0,44.0,,75.9085620684544,84.08129336455832,63.651604451733135,90.37297228295989,62.53701896306302,31.9085620684544,"{""alpha"": 1000.0}",cycloalkyl-alkyl-aryl,family_holdout,ee,1aj,29,1i|1am|1p|1ao|1ab|1af|1x|1u|1k|1e|1ac|1s|1aa|1y|1z|1v|1c|1o|1w|1t|1q|1ai|1b|1m|1ag|1n|1h|1j|1ah,7,8.410723083546689,1a|1ae|1d|1f|1g|1l|1r
3.991395064254945,,,cycloalkyl-alkyl-aryl,stage2_alt,,3,cycloalkyl-alkyl-aryl,ridge_regression,65.0,65.0,,61.008604935745055,69.18133623184897,48.75164731902379,75.47301515025055,47.63706183035367,-3.991395064254945,"{""alpha"": 1000.0}",cycloalkyl-alkyl-aryl,family_holdout,ee,1ak,29,1i|1am|1p|1ao|1ab|1af|1x|1u|1k|1e|1ac|1s|1aa|1y|1z|1v|1c|1o|1w|1t|1q|1ai|1b|1m|1ag|1n|1h|1j|1ah,7,8.410723083546689,1a|1ae|1d|1f|1g|1l|1r
12.025703703455143,,,cycloalkyl-alkyl-aryl,stage2_alt,,3,cycloalkyl-alkyl-aryl,ridge_regression,73.0,73.0,,60.97429629654486,69.14702759264877,48.717338679823584,75.43870651105036,47.60275319115347,-12.025703703455143,"{""alpha"": 1000.0}",cycloalkyl-alkyl-aryl,family_holdout,ee,1al,29,1i|1am|1p|1ao|1ab|1af|1x|1u|1k|1e|1ac|1s|1aa|1y|1z|1v|1c|1o|1w|1t|1q|1ai|1b|1m|1ag|1n|1h|1j|1ah,7,8.410723083546689,1a|1ae|1d|1f|1g|1l|1r
16.351041963330438,,,cycloalkyl-alkyl-aryl,stage2_alt,,3,cycloalkyl-alkyl-aryl,elastic_net,44.0,44.0,,60.35104196333044,69.19172754351233,49.001239478521185,75.70590238103753,48.04629855873673,16.351041963330438,"{""alpha"": 10.0, ""l1_ratio"": 0.2}",cycloalkyl-alkyl-aryl,family_holdout,ee,1aj,29,1i|1am|1p|1ao|1ab|1af|1x|1u|1k|1e|1ac|1s|1aa|1y|1z|1v|1c|1o|1w|1t|1q|1ai|1b|1m|1ag|1n|1h|1j|1ah,7,8.316728203981183,1a|1ae|1d|1f|1g|1l|1r
2.120674269906168,,,cycloalkyl-alkyl-aryl,stage2_alt,,3,cycloalkyl-alkyl-aryl,elastic_net,65.0,65.0,,62.87932573009383,71.72001131027572,51.52952324528458,78.23418614780093,50.574582325500124,-2.120674269906168,"{""alpha"": 10.0, ""l1_ratio"": 0.2}",cycloalkyl-alkyl-aryl,family_holdout,ee,1ak,29,1i|1am|1p|1ao|1ab|1af|1x|1u|1k|1e|1ac|1s|1aa|1y|1z|1v|1c|1o|1w|1t|1q|1ai|1b|1m|1ag|1n|1h|1j|1ah,7,8.316728203981183,1a|1ae|1d|1f|1g|1l|1r
10.601808542546522,,,cycloalkyl-alkyl-aryl,stage2_alt,,3,cycloalkyl-alkyl-aryl,elastic_net,73.0,73.0,,62.39819145745348,71.23887703763536,51.04838897264422,77.75305187516057,50.09344805285977,-10.601808542546522,"{""alpha"": 10.0, ""l1_ratio"": 0.2}",cycloalkyl-alkyl-aryl,family_holdout,ee,1al,29,1i|1am|1p|1ao|1ab|1af|1x|1u|1k|1e|1ac|1s|1aa|1y|1z|1v|1c|1o|1w|1t|1q|1ai|1b|1m|1ag|1n|1h|1j|1ah,7,8.316728203981183,1a|1ae|1d|1f|1g|1l|1r
6.546115595937586,,,cycloalkyl-alkyl-aryl,stage2_alt,,3,cycloalkyl-alkyl-aryl,lightgbm,44.0,44.0,,50.546115595937586,54.30308392822869,43.60730260501248,57.51395281769488,39.67331357079012,6.546115595937586,"{""learning_rate"": 0.1, ""n_estimators"": 25, ""num_leaves"": 7}",cycloalkyl-alkyl-aryl,family_holdout,ee,1aj,29,1i|1am|1p|1ao|1ab|1af|1x|1u|1k|1e|1ac|1s|1aa|1y|1z|1v|1c|1o|1w|1t|1q|1ai|1b|1m|1ag|1n|1h|1j|1ah,7,3.9703676542656297,1a|1ae|1d|1f|1g|1l|1r
0.0494083320129306,,,cycloalkyl-alkyl-aryl,stage2_alt,,3,cycloalkyl-alkyl-aryl,lightgbm,65.0,65.0,,65.04940833201293,68.80637666430404,58.110595341087816,72.01724555377022,54.176606306865466,0.0494083320129306,"{""learning_rate"": 0.1, ""n_estimators"": 25, ""num_leaves"": 7}",cycloalkyl-alkyl-aryl,family_holdout,ee,1ak,29,1i|1am|1p|1ao|1ab|1af|1x|1u|1k|1e|1ac|1s|1aa|1y|1z|1v|1c|1o|1w|1t|1q|1ai|1b|1m|1ag|1n|1h|1j|1ah,7,3.9703676542656297,1a|1ae|1d|1f|1g|1l|1r
7.950591667987069,,,cycloalkyl-alkyl-aryl,stage2_alt,,3,cycloalkyl-alkyl-aryl,lightgbm,73.0,73.0,,65.04940833201293,68.80637666430404,58.110595341087816,72.01724555377022,54.176606306865466,-7.950591667987069,"{""learning_rate"": 0.1, ""n_estimators"": 25, ""num_leaves"": 7}",cycloalkyl-alkyl-aryl,family_holdout,ee,1al,29,1i|1am|1p|1ao|1ab|1af|1x|1u|1k|1e|1ac|1s|1aa|1y|1z|1v|1c|1o|1w|1t|1q|1ai|1b|1m|1ag|1n|1h|1j|1ah,7,3.9703676542656297,1a|1ae|1d|1f|1g|1l|1r
34.79310344827586,120.05215916029177,37.53404773625995,cycloalkyl-alkyl-aryl,stage2_alt,21.050538628579545,3,cycloalkyl-alkyl-aryl,gaussian_process,44.0,44.0,,78.79310344827586,87.18620689655172,66.18620689325628,100.2362068965517,65.73620688954891,34.79310344827586,"{""alpha"": 1e-05, ""kernel"": ""1**2 * RBF(length_scale=2) + WhiteKernel(noise_level=10)""}",cycloalkyl-alkyl-aryl,family_holdout,ee,1aj,29,1i|1am|1p|1ao|1ab|1af|1x|1u|1k|1e|1ac|1s|1aa|1y|1z|1v|1c|1o|1w|1t|1q|1ai|1b|1m|1ag|1n|1h|1j|1ah,7,12.57635239668465,1a|1ae|1d|1f|1g|1l|1r
13.793103448275858,120.05215916029177,37.53404773625995,cycloalkyl-alkyl-aryl,stage2_alt,21.050538628579545,3,cycloalkyl-alkyl-aryl,gaussian_process,65.0,65.0,,78.79310344827586,87.18620689655172,66.18620689325628,100.2362068965517,65.73620688954891,13.793103448275858,"{""alpha"": 1e-05, ""kernel"": ""1**2 * RBF(length_scale=2) + WhiteKernel(noise_level=10)""}",cycloalkyl-alkyl-aryl,family_holdout,ee,1ak,29,1i|1am|1p|1ao|1ab|1af|1x|1u|1k|1e|1ac|1s|1aa|1y|1z|1v|1c|1o|1w|1t|1q|1ai|1b|1m|1ag|1n|1h|1j|1ah,7,12.57635239668465,1a|1ae|1d|1f|1g|1l|1r
5.793103448275858,120.05215916029177,37.53404773625995,cycloalkyl-alkyl-aryl,stage2_alt,21.050538628579545,3,cycloalkyl-alkyl-aryl,gaussian_process,73.0,73.0,,78.79310344827586,87.18620689655172,66.18620689325628,100.2362068965517,65.73620688954891,5.793103448275858,"{""alpha"": 1e-05, ""kernel"": ""1**2 * RBF(length_scale=2) + WhiteKernel(noise_level=10)""}",cycloalkyl-alkyl-aryl,family_holdout,ee,1al,29,1i|1am|1p|1ao|1ab|1af|1x|1u|1k|1e|1ac|1s|1aa|1y|1z|1v|1c|1o|1w|1t|1q|1ai|1b|1m|1ag|1n|1h|1j|1ah,7,12.57635239668465,1a|1ae|1d|1f|1g|1l|1r
15.590150468544564,,,cycloalkyl-aryl,stage2_alt,,1,cycloalkyl-aryl,ridge_regression,45.0,45.0,,60.590150468544564,83.00957233039684,48.29579262241843,93.68484982682241,47.35251627929086,15.590150468544564,"{""alpha"": 1000.0}",cycloalkyl-aryl,family_holdout,ee,1am,30,1i|1al|1u|1ao|1ab|1af|1x|1p|1l|1aa|1k|1s|1ac|1g|1y|1z|1c|1w|1t|1o|1q|1v|1ai|1b|1ag|1n|1j|1m|1ah|1d,8,12.795149989951566,1a|1ae|1aj|1ak|1e|1f|1h|1r
18.894343124668474,,,cycloalkyl-aryl,stage2_alt,,1,cycloalkyl-aryl,elastic_net,45.0,45.0,,63.894343124668474,82.46767723886313,52.34545787593421,83.47865132326247,51.897026956416205,18.894343124668474,"{""alpha"": 10.0, ""l1_ratio"": 0.2}",cycloalkyl-aryl,family_holdout,ee,1am,30,1i|1al|1u|1ao|1ab|1af|1x|1p|1l|1aa|1k|1s|1ac|1g|1y|1z|1c|1w|1t|1o|1q|1v|1ai|1b|1ag|1n|1j|1m|1ah|1d,8,10.558418616117304,1a|1ae|1aj|1ak|1e|1f|1h|1r
18.326730042989688,,,cycloalkyl-aryl,stage2_alt,,1,cycloalkyl-aryl,lightgbm,45.0,45.0,,63.32673004298969,70.24896915194944,50.096722275246925,70.27464675153914,45.930596394731744,18.326730042989688,"{""learning_rate"": 0.1, ""n_estimators"": 75, ""num_leaves"": 3}",cycloalkyl-aryl,family_holdout,ee,1am,30,1i|1al|1u|1ao|1ab|1af|1x|1p|1l|1aa|1k|1s|1ac|1g|1y|1z|1c|1w|1t|1o|1q|1v|1ai|1b|1ag|1n|1j|1m|1ah|1d,8,6.627816379681242,1a|1ae|1aj|1ak|1e|1f|1h|1r
34.766666666666666,118.43260347403549,41.10072985929785,cycloalkyl-aryl,stage2_alt,19.727518779269804,1,cycloalkyl-aryl,gaussian_process,45.0,45.0,,79.76666666666667,109.23333333333333,67.53333333227194,113.95833333333334,67.53333333041451,34.766666666666666,"{""alpha"": 1e-05, ""kernel"": ""1**2 * RBF(length_scale=2) + WhiteKernel(noise_level=10)""}",cycloalkyl-aryl,family_holdout,ee,1am,30,1i|1al|1u|1ao|1ab|1af|1x|1p|1l|1aa|1k|1s|1ac|1g|1y|1z|1c|1w|1t|1o|1q|1v|1ai|1b|1ag|1n|1j|1m|1ah|1d,8,16.683333220579442,1a|1ae|1aj|1ak|1e|1f|1h|1r
5.084410667018474,,,diaryl-ethyl-aryl-substituted,stage2_alt,,12,diaryl-ethyl-aryl-substituted,ridge_regression,80.0,80.0,,74.91558933298153,107.1589079938057,61.47724733592541,116.18285037429744,58.408327509514436,-5.084410667018474,"{""alpha"": 1000.0}",diaryl-ethyl-aryl-substituted,family_holdout,ee,1b,22,1am|1q|1ao|1ab|1af|1x|1s|1al|1y|1ac|1z|1w|1u|1aa|1v|1o|1t|1p|1ai|1ag|1n|1ah,5,16.93219257675297,1a|1ae|1aj|1ak|1r
14.218174673408384,,,diaryl-ethyl-aryl-substituted,stage2_alt,,12,diaryl-ethyl-aryl-substituted,ridge_regression,92.0,92.0,,77.78182532659162,110.02514398741579,64.3434833295355,119.04908636790753,61.274563503124526,-14.218174673408384,"{""alpha"": 1000.0}",diaryl-ethyl-aryl-substituted,family_holdout,ee,1c,22,1am|1q|1ao|1ab|1af|1x|1s|1al|1y|1ac|1z|1w|1u|1aa|1v|1o|1t|1p|1ai|1ag|1n|1ah,5,16.93219257675297,1a|1ae|1aj|1ak|1r
13.990119042860897,,,diaryl-ethyl-aryl-substituted,stage2_alt,,12,diaryl-ethyl-aryl-substituted,ridge_regression,90.0,90.0,,76.0098809571391,108.25319961796328,62.57153896008299,117.27714199845502,59.50261913367201,-13.990119042860897,"{""alpha"": 1000.0}",diaryl-ethyl-aryl-substituted,family_holdout,ee,1d,22,1am|1q|1ao|1ab|1af|1x|1s|1al|1y|1ac|1z|1w|1u|1aa|1v|1o|1t|1p|1ai|1ag|1n|1ah,5,16.93219257675297,1a|1ae|1aj|1ak|1r
10.723415223696804,,,diaryl-ethyl-aryl-substituted,stage2_alt,,12,diaryl-ethyl-aryl-substituted,ridge_regression,92.0,92.0,,81.2765847763032,113.51990343712737,67.83824277924708,122.54384581761911,64.7693229528361,-10.723415223696804,"{""alpha"": 1000.0}",diaryl-ethyl-aryl-substituted,family_holdout,ee,1e,22,1am|1q|1ao|1ab|1af|1x|1s|1al|1y|1ac|1z|1w|1u|1aa|1v|1o|1t|1p|1ai|1ag|1n|1ah,5,16.93219257675297,1a|1ae|1aj|1ak|1r
15.609392650198217,,,diaryl-ethyl-aryl-substituted,stage2_alt,,12,diaryl-ethyl-aryl-substituted,ridge_regression,90.0,90.0,,74.39060734980178,106.63392601062596,60.95226535274567,115.6578683911177,57.88334552633469,-15.609392650198217,"{""alpha"": 1000.0}",diaryl-ethyl-aryl-substituted,family_holdout,ee,1f,22,1am|1q|1ao|1ab|1af|1x|1s|1al|1y|1ac|1z|1w|1u|1aa|1v|1o|1t|1p|1ai|1ag|1n|1ah,5,16.93219257675297,1a|1ae|1aj|1ak|1r
12.323024994274846,,,diaryl-ethyl-aryl-substituted,stage2_alt,,12,diaryl-ethyl-aryl-substituted,ridge_regression,90.0,90.0,,77.67697500572515,109.92029366654933,64.23863300866904,118.94423604704107,61.169713182258064,-12.323024994274846,"{""alpha"": 1000.0}",diaryl-ethyl-aryl-substituted,family_holdout,ee,1g,22,1am|1q|1ao|1ab|1af|1x|1s|1al|1y|1ac|1z|1w|1u|1aa|1v|1o|1t|1p|1ai|1ag|1n|1ah,5,16.93219257675297,1a|1ae|1aj|1ak|1r
14.628357692364872,,,diaryl-ethyl-aryl-substituted,stage2_alt,,12,diaryl-ethyl-aryl-substituted,ridge_regression,90.0,90.0,,75.37164230763513,107.6149609684593,61.933300310579014,116.63890334895105,58.86438048416804,-14.628357692364872,"{""alpha"": 1000.0}",diaryl-ethyl-aryl-substituted,family_holdout,ee,1h,22,1am|1q|1ao|1ab|1af|1x|1s|1al|1y|1ac|1z|1w|1u|1aa|1v|1o|1t|1p|1ai|1ag|1n|1ah,5,16.93219257675297,1a|1ae|1aj|1ak|1r
14.514534758868194,,,diaryl-ethyl-aryl-substituted,stage2_alt,,12,diaryl-ethyl-aryl-substituted,ridge_regression,73.0,73.0,,87.5145347588682,119.75785341969237,74.07619276181208,128.7817958001841,71.0072729354011,14.514534758868194,"{""alpha"": 1000.0}",diaryl-ethyl-aryl-substituted,family_holdout,ee,1i,22,1am|1q|1ao|1ab|1af|1x|1s|1al|1y|1ac|1z|1w|1u|1aa|1v|1o|1t|1p|1ai|1ag|1n|1ah,5,16.93219257675297,1a|1ae|1aj|1ak|1r
18.27517953717964,,,diaryl-ethyl-aryl-substituted,stage2_alt,,12,diaryl-ethyl-aryl-substituted,ridge_regression,95.0,95.0,,76.72482046282036,108.96813912364453,63.28647846576425,117.99208150413628,60.21755863935327,-18.27517953717964,"{""alpha"": 1000.0}",diaryl-ethyl-aryl-substituted,family_holdout,ee,1j,22,1am|1q|1ao|1ab|1af|1x|1s|1al|1y|1ac|1z|1w|1u|1aa|1v|1o|1t|1p|1ai|1ag|1n|1ah,5,16.93219257675297,1a|1ae|1aj|1ak|1r
17.641513331745088,,,diaryl-ethyl-aryl-substituted,stage2_alt,,12,diaryl-ethyl-aryl-substituted,ridge_regression,95.0,95.0,,77.35848666825491,109.60180532907908,63.9201446711988,118.62574770957083,60.85122484478782,-17.641513331745088,"{""alpha"": 1000.0}",diaryl-ethyl-aryl-substituted,family_holdout,ee,1k,22,1am|1q|1ao|1ab|1af|1x|1s|1al|1y|1ac|1z|1w|1u|1aa|1v|1o|1t|1p|1ai|1ag|1n|1ah,5,16.93219257675297,1a|1ae|1aj|1ak|1r
2.7973125434650683,,,diaryl-ethyl-aryl-substituted,stage2_alt,,12,diaryl-ethyl-aryl-substituted,ridge_regression,82.0,82.0,,79.20268745653493,111.4460061173591,65.76434545947882,120.46994849785085,62.69542563306784,-2.7973125434650683,"{""alpha"": 1000.0}",diaryl-ethyl-aryl-substituted,family_holdout,ee,1l,22,1am|1q|1ao|1ab|1af|1x|1s|1al|1y|1ac|1z|1w|1u|1aa|1v|1o|1t|1p|1ai|1ag|1n|1ah,5,16.93219257675297,1a|1ae|1aj|1ak|1r
17.51678874977597,,,diaryl-ethyl-aryl-substituted,stage2_alt,,12,diaryl-ethyl-aryl-substituted,ridge_regression,94.0,94.0,,76.48321125022403,108.7265299110482,63.04486925316792,117.75047229153995,59.97594942675694,-17.51678874977597,"{""alpha"": 1000.0}",diaryl-ethyl-aryl-substituted,family_holdout,ee,1m,22,1am|1q|1ao|1ab|1af|1x|1s|1al|1y|1ac|1z|1w|1u|1aa|1v|1o|1t|1p|1ai|1ag|1n|1ah,5,16.93219257675297,1a|1ae|1aj|1ak|1r
30.902899105780634,,,diaryl-ethyl-aryl-substituted,stage2_alt,,12,diaryl-ethyl-aryl-substituted,elastic_net,80.0,80.0,,49.097100894219366,63.09629343638617,29.848858540959654,69.83886786307883,21.470336495560936,-30.902899105780634,"{""alpha"": 1.0, ""l1_ratio"": 1.0}",diaryl-ethyl-aryl-substituted,family_holdout,ee,1b,22,1am|1q|1ao|1ab|1af|1x|1s|1al|1y|1ac|1z|1w|1u|1aa|1v|1o|1t|1p|1ai|1ag|1n|1ah,5,11.703385899767266,1a|1ae|1aj|1ak|1r
6.731467924125184,,,diaryl-ethyl-aryl-substituted,stage2_alt,,12,diaryl-ethyl-aryl-substituted,elastic_net,92.0,92.0,,98.73146792412518,112.730660466292,79.48322557086547,119.47323489298465,71.10470352546676,6.731467924125184,"{""alpha"": 1.0, ""l1_ratio"": 1.0}",diaryl-ethyl-aryl-substituted,family_holdout,ee,1c,22,1am|1q|1ao|1ab|1af|1x|1s|1al|1y|1ac|1z|1w|1u|1aa|1v|1o|1t|1p|1ai|1ag|1n|1ah,5,11.703385899767266,1a|1ae|1aj|1ak|1r
8.403170598790823,,,diaryl-ethyl-aryl-substituted,stage2_alt,,12,diaryl-ethyl-aryl-substituted,elastic_net,90.0,90.0,,81.59682940120918,95.59602194337597,62.348587047949465,102.33859637006864,53.97006500255075,-8.403170598790823,"{""alpha"": 1.0, ""l1_ratio"": 1.0}",diaryl-ethyl-aryl-substituted,family_holdout,ee,1d,22,1am|1q|1ao|1ab|1af|1x|1s|1al|1y|1ac|1z|1w|1u|1aa|1v|1o|1t|1p|1ai|1ag|1n|1ah,5,11.703385899767266,1a|1ae|1aj|1ak|1r
3.46504515657395,,,diaryl-ethyl-aryl-substituted,stage2_alt,,12,diaryl-ethyl-aryl-substituted,elastic_net,92.0,92.0,,88.53495484342605,102.53414738559286,69.28671249016634,109.27672181228552,60.90819044476762,-3.46504515657395,"{""alpha"": 1.0, ""l1_ratio"": 1.0}",diaryl-ethyl-aryl-substituted,family_holdout,ee,1e,22,1am|1q|1ao|1ab|1af|1x|1s|1al|1y|1ac|1z|1w|1u|1aa|1v|1o|1t|1p|1ai|1ag|1n|1ah,5,11.703385899767266,1a|1ae|1aj|1ak|1r
19.108621707317056,,,diaryl-ethyl-aryl-substituted,stage2_alt,,12,diaryl-ethyl-aryl-substituted,elastic_net,90.0,90.0,,70.89137829268294,84.89057083484974,51.64313593942323,91.63314526154241,43.264613894024514,-19.108621707317056,"{""alpha"": 1.0, ""l1_ratio"": 1.0}",diaryl-ethyl-aryl-substituted,family_holdout,ee,1f,22,1am|1q|1ao|1ab|1af|1x|1s|1al|1y|1ac|1z|1w|1u|1aa|1v|1o|1t|1p|1ai|1ag|1n|1ah,5,11.703385899767266,1a|1ae|1aj|1ak|1r
9.172682497831545,,,diaryl-ethyl-aryl-substituted,stage2_alt,,12,diaryl-ethyl-aryl-substituted,elastic_net,90.0,90.0,,99.17268249783154,113.17187503999835,79.92444014457183,119.91444946669101,71.54591809917312,9.172682497831545,"{""alpha"": 1.0, ""l1_ratio"": 1.0}",diaryl-ethyl-aryl-substituted,family_holdout,ee,1g,22,1am|1q|1ao|1ab|1af|1x|1s|1al|1y|1ac|1z|1w|1u|1aa|1v|1o|1t|1p|1ai|1ag|1n|1ah,5,11.703385899767266,1a|1ae|1aj|1ak|1r
19.901167011102103,,,diaryl-ethyl-aryl-substituted,stage2_alt,,12,diaryl-ethyl-aryl-substituted,elastic_net,90.0,90.0,,70.0988329888979,84.0980255310647,50.850590635638184,90.84059995775736,42.472068590239466,-19.901167011102103,"{""alpha"": 1.0, ""l1_ratio"": 1.0}",diaryl-ethyl-aryl-substituted,family_holdout,ee,1h,22,1am|1q|1ao|1ab|1af|1x|1s|1al|1y|1ac|1z|1w|1u|1aa|1v|1o|1t|1p|1ai|1ag|1n|1ah,5,11.703385899767266,1a|1ae|1aj|1ak|1r
27.0,,,diaryl-ethyl-aryl-substituted,stage2_alt,,12,diaryl-ethyl-aryl-substituted,elastic_net,73.0,73.0,,100.0,113.99919254216681,80.75175764674029,120.74176696885947,72.37323560134158,27.0,"{""alpha"": 1.0, ""l1_ratio"": 1.0}",diaryl-ethyl-aryl-substituted,family_holdout,ee,1i,22,1am|1q|1ao|1ab|1af|1x|1s|1al|1y|1ac|1z|1w|1u|1aa|1v|1o|1t|1p|1ai|1ag|1n|1ah,5,11.703385899767266,1a|1ae|1aj|1ak|1r
1.627339182146713,,,diaryl-ethyl-aryl-substituted,stage2_alt,,12,diaryl-ethyl-aryl-substituted,elastic_net,95.0,95.0,,96.62733918214671,110.62653172431351,77.379096828887,117.36910615100618,69.00057478348828,1.627339182146713,"{""alpha"": 1.0, ""l1_ratio"": 1.0}",diaryl-ethyl-aryl-substituted,family_holdout,ee,1j,22,1am|1q|1ao|1ab|1af|1x|1s|1al|1y|1ac|1z|1w|1u|1aa|1v|1o|1t|1p|1ai|1ag|1n|1ah,5,11.703385899767266,1a|1ae|1aj|1ak|1r
21.67598518464699,,,diaryl-ethyl-aryl-substituted,stage2_alt,,12,diaryl-ethyl-aryl-substituted,elastic_net,95.0,95.0,,73.32401481535301,87.3232073575198,54.0757724620933,94.06578178421248,45.69725041669458,-21.67598518464699,"{""alpha"": 1.0, ""l1_ratio"": 1.0}",diaryl-ethyl-aryl-substituted,family_holdout,ee,1k,22,1am|1q|1ao|1ab|1af|1x|1s|1al|1y|1ac|1z|1w|1u|1aa|1v|1o|1t|1p|1ai|1ag|1n|1ah,5,11.703385899767266,1a|1ae|1aj|1ak|1r
10.900622883718412,,,diaryl-ethyl-aryl-substituted,stage2_alt,,12,diaryl-ethyl-aryl-substituted,elastic_net,82.0,82.0,,71.09937711628159,85.09856965844838,51.851134763021875,91.84114408514105,43.47261271762316,-10.900622883718412,"{""alpha"": 1.0, ""l1_ratio"": 1.0}",diaryl-ethyl-aryl-substituted,family_holdout,ee,1l,22,1am|1q|1ao|1ab|1af|1x|1s|1al|1y|1ac|1z|1w|1u|1aa|1v|1o|1t|1p|1ai|1ag|1n|1ah,5,11.703385899767266,1a|1ae|1aj|1ak|1r
21.72207249804717,,,diaryl-ethyl-aryl-substituted,stage2_alt,,12,diaryl-ethyl-aryl-substituted,elastic_net,94.0,94.0,,72.27792750195283,86.27712004411964,53.02968514869312,93.0196944708123,44.6511631032944,-21.72207249804717,"{""alpha"": 1.0, ""l1_ratio"": 1.0}",diaryl-ethyl-aryl-substituted,family_holdout,ee,1m,22,1am|1q|1ao|1ab|1af|1x|1s|1al|1y|1ac|1z|1w|1u|1aa|1v|1o|1t|1p|1ai|1ag|1n|1ah,5,11.703385899767266,1a|1ae|1aj|1ak|1r
13.11477615596661,,,diaryl-ethyl-aryl-substituted,stage2_alt,,12,diaryl-ethyl-aryl-substituted,lightgbm,80.0,80.0,,66.88522384403339,69.30427861715279,60.25900717344384,69.32085793863315,57.89055799325114,-13.11477615596661,"{""learning_rate"": 0.1, ""n_estimators"": 75, ""num_leaves"": 3}",diaryl-ethyl-aryl-substituted,family_holdout,ee,1b,22,1am|1q|1ao|1ab|1af|1x|1s|1al|1y|1ac|1z|1w|1u|1aa|1v|1o|1t|1p|1ai|1ag|1n|1ah,5,3.5003608704500735,1a|1ae|1aj|1ak|1r
0.949509800572983,,,diaryl-ethyl-aryl-substituted,stage2_alt,,12,diaryl-ethyl-aryl-substituted,lightgbm,92.0,92.0,,91.05049019942702,93.46954497254642,84.42427352883746,93.48612429402678,82.05582434864476,-0.949509800572983,"{""learning_rate"": 0.1, ""n_estimators"": 75, ""num_leaves"": 3}",diaryl-ethyl-aryl-substituted,family_holdout,ee,1c,22,1am|1q|1ao|1ab|1af|1x|1s|1al|1y|1ac|1z|1w|1u|1aa|1v|1o|1t|1p|1ai|1ag|1n|1ah,5,3.5003608704500735,1a|1ae|1aj|1ak|1r
7.753477342129273,,,diaryl-ethyl-aryl-substituted,stage2_alt,,12,diaryl-ethyl-aryl-substituted,lightgbm,90.0,90.0,,82.24652265787073,84.66557743099013,75.62030598728117,84.68215675247049,73.25185680708847,-7.753477342129273,"{""learning_rate"": 0.1, ""n_estimators"": 75, ""num_leaves"": 3}",diaryl-ethyl-aryl-substituted,family_holdout,ee,1d,22,1am|1q|1ao|1ab|1af|1x|1s|1al|1y|1ac|1z|1w|1u|1aa|1v|1o|1t|1p|1ai|1ag|1n|1ah,5,3.5003608704500735,1a|1ae|1aj|1ak|1r
33.36935580588419,,,diaryl-ethyl-aryl-substituted,stage2_alt,,12,diaryl-ethyl-aryl-substituted,lightgbm,92.0,92.0,,58.63064419411581,61.04969896723521,52.00442752352626,61.066278288715566,49.63597834333356,-33.36935580588419,"{""learning_rate"": 0.1, ""n_estimators"": 75, ""num_leaves"": 3}",diaryl-ethyl-aryl-substituted,family_holdout,ee,1e,22,1am|1q|1ao|1ab|1af|1x|1s|1al|1y|1ac|1z|1w|1u|1aa|1v|1o|1t|1p|1ai|1ag|1n|1ah,5,3.5003608704500735,1a|1ae|1aj|1ak|1r
3.017593830229046,,,diaryl-ethyl-aryl-substituted,stage2_alt,,12,diaryl-ethyl-aryl-substituted,lightgbm,90.0,90.0,,93.01759383022905,95.43664860334844,86.39137715963949,95.45322792482881,84.02292797944679,3.017593830229046,"{""learning_rate"": 0.1, ""n_estimators"": 75, ""num_leaves"": 3}",diaryl-ethyl-aryl-substituted,family_holdout,ee,1f,22,1am|1q|1ao|1ab|1af|1x|1s|1al|1y|1ac|1z|1w|1u|1aa|1v|1o|1t|1p|1ai|1ag|1n|1ah,5,3.5003608704500735,1a|1ae|1aj|1ak|1r
14.81888008234101,,,diaryl-ethyl-aryl-substituted,stage2_alt,,12,diaryl-ethyl-aryl-substituted,lightgbm,90.0,90.0,,75.18111991765899,77.60017469077839,68.55490324706943,77.61675401225875,66.18645406687673,-14.81888008234101,"{""learning_rate"": 0.1, ""n_estimators"": 75, ""num_leaves"": 3}",diaryl-ethyl-aryl-substituted,family_holdout,ee,1g,22,1am|1q|1ao|1ab|1af|1x|1s|1al|1y|1ac|1z|1w|1u|1aa|1v|1o|1t|1p|1ai|1ag|1n|1ah,5,3.5003608704500735,1a|1ae|1aj|1ak|1r
5.956972415182733,,,diaryl-ethyl-aryl-substituted,stage2_alt,,12,diaryl-ethyl-aryl-substituted,lightgbm,90.0,90.0,,84.04302758481727,86.46208235793667,77.41681091422771,86.47866167941703,75.04836173403501,-5.956972415182733,"{""learning_rate"": 0.1, ""n_estimators"": 75, ""num_leaves"": 3}",diaryl-ethyl-aryl-substituted,family_holdout,ee,1h,22,1am|1q|1ao|1ab|1af|1x|1s|1al|1y|1ac|1z|1w|1u|1aa|1v|1o|1t|1p|1ai|1ag|1n|1ah,5,3.5003608704500735,1a|1ae|1aj|1ak|1r
18.96571738852667,,,diaryl-ethyl-aryl-substituted,stage2_alt,,12,diaryl-ethyl-aryl-substituted,lightgbm,73.0,73.0,,91.96571738852667,94.38477216164607,85.33950071793711,94.40135148312643,82.97105153774442,18.96571738852667,"{""learning_rate"": 0.1, ""n_estimators"": 75, ""num_leaves"": 3}",diaryl-ethyl-aryl-substituted,family_holdout,ee,1i,22,1am|1q|1ao|1ab|1af|1x|1s|1al|1y|1ac|1z|1w|1u|1aa|1v|1o|1t|1p|1ai|1ag|1n|1ah,5,3.5003608704500735,1a|1ae|1aj|1ak|1r
13.835686848886652,,,diaryl-ethyl-aryl-substituted,stage2_alt,,12,diaryl-ethyl-aryl-substituted,lightgbm,95.0,95.0,,81.16431315111335,83.58336792423275,74.53809648052379,83.59994724571311,72.16964730033109,-13.835686848886652,"{""learning_rate"": 0.1, ""n_estimators"": 75, ""num_leaves"": 3}",diaryl-ethyl-aryl-substituted,family_holdout,ee,1j,22,1am|1q|1ao|1ab|1af|1x|1s|1al|1y|1ac|1z|1w|1u|1aa|1v|1o|1t|1p|1ai|1ag|1n|1ah,5,3.5003608704500735,1a|1ae|1aj|1ak|1r
6.234914779923727,,,diaryl-ethyl-aryl-substituted,stage2_alt,,12,diaryl-ethyl-aryl-substituted,lightgbm,95.0,95.0,,88.76508522007627,91.18413999319567,82.13886854948672,91.20071931467604,79.77041936929402,-6.234914779923727,"{""learning_rate"": 0.1, ""n_estimators"": 75, ""num_leaves"": 3}",diaryl-ethyl-aryl-substituted,family_holdout,ee,1k,22,1am|1q|1ao|1ab|1af|1x|1s|1al|1y|1ac|1z|1w|1u|1aa|1v|1o|1t|1p|1ai|1ag|1n|1ah,5,3.5003608704500735,1a|1ae|1aj|1ak|1r
15.19106241629025,,,diaryl-ethyl-aryl-substituted,stage2_alt,,12,diaryl-ethyl-aryl-substituted,lightgbm,82.0,82.0,,66.80893758370975,69.22799235682915,60.1827209131202,69.24457167830951,57.8142717329275,-15.19106241629025,"{""learning_rate"": 0.1, ""n_estimators"": 75, ""num_leaves"": 3}",diaryl-ethyl-aryl-substituted,family_holdout,ee,1l,22,1am|1q|1ao|1ab|1af|1x|1s|1al|1y|1ac|1z|1w|1u|1aa|1v|1o|1t|1p|1ai|1ag|1n|1ah,5,3.5003608704500735,1a|1ae|1aj|1ak|1r
17.560203563322332,,,diaryl-ethyl-aryl-substituted,stage2_alt,,12,diaryl-ethyl-aryl-substituted,lightgbm,94.0,94.0,,76.43979643667767,78.85885120979707,69.81357976608811,78.87543053127743,67.44513058589541,-17.560203563322332,"{""learning_rate"": 0.1, ""n_estimators"": 75, ""num_leaves"": 3}",diaryl-ethyl-aryl-substituted,family_holdout,ee,1m,22,1am|1q|1ao|1ab|1af|1x|1s|1al|1y|1ac|1z|1w|1u|1aa|1v|1o|1t|1p|1ai|1ag|1n|1ah,5,3.5003608704500735,1a|1ae|1aj|1ak|1r
5.13636363636364,119.24186682225297,30.485405905019753,diaryl-ethyl-aryl-substituted,stage2_alt,22.64195431562072,12,diaryl-ethyl-aryl-substituted,gaussian_process,80.0,80.0,,74.86363636363636,102.12727272727273,58.12727272727272,104.82727272727271,57.82727272727272,-5.13636363636364,"{""alpha"": 1e-05, ""kernel"": ""1**2 * RBF(length_scale=0.5) + WhiteKernel(noise_level=1)""}",diaryl-ethyl-aryl-substituted,family_holdout,ee,1b,22,1am|1q|1ao|1ab|1af|1x|1s|1al|1y|1ac|1z|1w|1u|1aa|1v|1o|1t|1p|1ai|1ag|1n|1ah,5,19.172727272727272,1a|1ae|1aj|1ak|1r
17.13636363636364,119.24186682225297,30.485405905019753,diaryl-ethyl-aryl-substituted,stage2_alt,22.64195431562072,12,diaryl-ethyl-aryl-substituted,gaussian_process,92.0,92.0,,74.86363636363636,102.12727272727273,58.12727272727272,104.82727272727271,57.82727272727272,-17.13636363636364,"{""alpha"": 1e-05, ""kernel"": ""1**2 * RBF(length_scale=0.5) + WhiteKernel(noise_level=1)""}",diaryl-ethyl-aryl-substituted,family_holdout,ee,1c,22,1am|1q|1ao|1ab|1af|1x|1s|1al|1y|1ac|1z|1w|1u|1aa|1v|1o|1t|1p|1ai|1ag|1n|1ah,5,19.172727272727272,1a|1ae|1aj|1ak|1r
15.13636363636364,119.24186682225297,30.485405905019753,diaryl-ethyl-aryl-substituted,stage2_alt,22.64195431562072,12,diaryl-ethyl-aryl-substituted,gaussian_process,90.0,90.0,,74.86363636363636,102.12727272727273,58.12727272727272,104.82727272727271,57.82727272727272,-15.13636363636364,"{""alpha"": 1e-05, ""kernel"": ""1**2 * RBF(length_scale=0.5) + WhiteKernel(noise_level=1)""}",diaryl-ethyl-aryl-substituted,family_holdout,ee,1d,22,1am|1q|1ao|1ab|1af|1x|1s|1al|1y|1ac|1z|1w|1u|1aa|1v|1o|1t|1p|1ai|1ag|1n|1ah,5,19.172727272727272,1a|1ae|1aj|1ak|1r
17.13636363636364,119.24186682225297,30.485405905019753,diaryl-ethyl-aryl-substituted,stage2_alt,22.64195431562072,12,diaryl-ethyl-aryl-substituted,gaussian_process,92.0,92.0,,74.86363636363636,102.12727272727273,58.12727272727272,104.82727272727271,57.82727272727272,-17.13636363636364,"{""alpha"": 1e-05, ""kernel"": ""1**2 * RBF(length_scale=0.5) + WhiteKernel(noise_level=1)""}",diaryl-ethyl-aryl-substituted,family_holdout,ee,1e,22,1am|1q|1ao|1ab|1af|1x|1s|1al|1y|1ac|1z|1w|1u|1aa|1v|1o|1t|1p|1ai|1ag|1n|1ah,5,19.172727272727272,1a|1ae|1aj|1ak|1r
15.13636363636364,119.24186682225297,30.485405905019753,diaryl-ethyl-aryl-substituted,stage2_alt,22.64195431562072,12,diaryl-ethyl-aryl-substituted,gaussian_process,90.0,90.0,,74.86363636363636,102.12727272727273,58.12727272727272,104.82727272727271,57.82727272727272,-15.13636363636364,"{""alpha"": 1e-05, ""kernel"": ""1**2 * RBF(length_scale=0.5) + WhiteKernel(noise_level=1)""}",diaryl-ethyl-aryl-substituted,family_holdout,ee,1f,22,1am|1q|1ao|1ab|1af|1x|1s|1al|1y|1ac|1z|1w|1u|1aa|1v|1o|1t|1p|1ai|1ag|1n|1ah,5,19.172727272727272,1a|1ae|1aj|1ak|1r
15.13636363636364,119.24186682225297,30.485405905019753,diaryl-ethyl-aryl-substituted,stage2_alt,22.64195431562072,12,diaryl-ethyl-aryl-substituted,gaussian_process,90.0,90.0,,74.86363636363636,102.12727272727273,58.12727272727272,104.82727272727271,57.82727272727272,-15.13636363636364,"{""alpha"": 1e-05, ""kernel"": ""1**2 * RBF(length_scale=0.5) + WhiteKernel(noise_level=1)""}",diaryl-ethyl-aryl-substituted,family_holdout,ee,1g,22,1am|1q|1ao|1ab|1af|1x|1s|1al|1y|1ac|1z|1w|1u|1aa|1v|1o|1t|1p|1ai|1ag|1n|1ah,5,19.172727272727272,1a|1ae|1aj|1ak|1r
15.13636363636364,119.24186682225297,30.485405905019753,diaryl-ethyl-aryl-substituted,stage2_alt,22.64195431562072,12,diaryl-ethyl-aryl-substituted,gaussian_process,90.0,90.0,,74.86363636363636,102.12727272727273,58.12727272727272,104.82727272727271,57.82727272727272,-15.13636363636364,"{""alpha"": 1e-05, ""kernel"": ""1**2 * RBF(length_scale=0.5) + WhiteKernel(noise_level=1)""}",diaryl-ethyl-aryl-substituted,family_holdout,ee,1h,22,1am|1q|1ao|1ab|1af|1x|1s|1al|1y|1ac|1z|1w|1u|1aa|1v|1o|1t|1p|1ai|1ag|1n|1ah,5,19.172727272727272,1a|1ae|1aj|1ak|1r
1.8636363636363598,119.24186682225297,30.485405905019753,diaryl-ethyl-aryl-substituted,stage2_alt,22.64195431562072,12,diaryl-ethyl-aryl-substituted,gaussian_process,73.0,73.0,,74.86363636363636,102.12727272727273,58.12727272727272,104.82727272727271,57.82727272727272,1.8636363636363598,"{""alpha"": 1e-05, ""kernel"": ""1**2 * RBF(length_scale=0.5) + WhiteKernel(noise_level=1)""}",diaryl-ethyl-aryl-substituted,family_holdout,ee,1i,22,1am|1q|1ao|1ab|1af|1x|1s|1al|1y|1ac|1z|1w|1u|1aa|1v|1o|1t|1p|1ai|1ag|1n|1ah,5,19.172727272727272,1a|1ae|1aj|1ak|1r
20.13636363636364,119.24186682225297,30.485405905019753,diaryl-ethyl-aryl-substituted,stage2_alt,22.64195431562072,12,diaryl-ethyl-aryl-substituted,gaussian_process,95.0,95.0,,74.86363636363636,102.12727272727273,58.12727272727272,104.82727272727271,57.82727272727272,-20.13636363636364,"{""alpha"": 1e-05, ""kernel"": ""1**2 * RBF(length_scale=0.5) + WhiteKernel(noise_level=1)""}",diaryl-ethyl-aryl-substituted,family_holdout,ee,1j,22,1am|1q|1ao|1ab|1af|1x|1s|1al|1y|1ac|1z|1w|1u|1aa|1v|1o|1t|1p|1ai|1ag|1n|1ah,5,19.172727272727272,1a|1ae|1aj|1ak|1r
20.13636363636364,119.24186682225297,30.485405905019753,diaryl-ethyl-aryl-substituted,stage2_alt,22.64195431562072,12,diaryl-ethyl-aryl-substituted,gaussian_process,95.0,95.0,,74.86363636363636,102.12727272727273,58.12727272727272,104.82727272727271,57.82727272727272,-20.13636363636364,"{""alpha"": 1e-05, ""kernel"": ""1**2 * RBF(length_scale=0.5) + WhiteKernel(noise_level=1)""}",diaryl-ethyl-aryl-substituted,family_holdout,ee,1k,22,1am|1q|1ao|1ab|1af|1x|1s|1al|1y|1ac|1z|1w|1u|1aa|1v|1o|1t|1p|1ai|1ag|1n|1ah,5,19.172727272727272,1a|1ae|1aj|1ak|1r
7.13636363636364,119.24186682225297,30.485405905019753,diaryl-ethyl-aryl-substituted,stage2_alt,22.64195431562072,12,diaryl-ethyl-aryl-substituted,gaussian_process,82.0,82.0,,74.86363636363636,102.12727272727273,58.12727272727272,104.82727272727271,57.82727272727272,-7.13636363636364,"{""alpha"": 1e-05, ""kernel"": ""1**2 * RBF(length_scale=0.5) + WhiteKernel(noise_level=1)""}",diaryl-ethyl-aryl-substituted,family_holdout,ee,1l,22,1am|1q|1ao|1ab|1af|1x|1s|1al|1y|1ac|1z|1w|1u|1aa|1v|1o|1t|1p|1ai|1ag|1n|1ah,5,19.172727272727272,1a|1ae|1aj|1ak|1r
19.13636363636364,119.24186682225297,30.485405905019753,diaryl-ethyl-aryl-substituted,stage2_alt,22.64195431562072,12,diaryl-ethyl-aryl-substituted,gaussian_process,94.0,94.0,,74.86363636363636,102.12727272727273,58.12727272727272,104.82727272727271,57.82727272727272,-19.13636363636364,"{""alpha"": 1e-05, ""kernel"": ""1**2 * RBF(length_scale=0.5) + WhiteKernel(noise_level=1)""}",diaryl-ethyl-aryl-substituted,family_holdout,ee,1m,22,1am|1q|1ao|1ab|1af|1x|1s|1al|1y|1ac|1z|1w|1u|1aa|1v|1o|1t|1p|1ai|1ag|1n|1ah,5,19.172727272727272,1a|1ae|1aj|1ak|1r
14.284324699107486,,,diaryl-ethyl-parent,stage2_alt,,1,diaryl-ethyl-parent,ridge_regression,92.0,92.0,,77.71567530089251,79.57466694397652,65.67424266921446,88.77143582621228,65.16257101898518,-14.284324699107486,"{""alpha"": 1000.0}",diaryl-ethyl-parent,family_holdout,ee,1a,30,1am|1i|1p|1ao|1ab|1af|1x|1u|1l|1aj|1aa|1k|1s|1ac|1g|1y|1z|1c|1w|1t|1o|1q|1v|1ai|1b|1ag|1n|1j|1m|1ah,8,8.62547465064442,1ae|1ak|1al|1d|1e|1f|1h|1r
14.288586545481891,,,diaryl-ethyl-parent,stage2_alt,,1,diaryl-ethyl-parent,elastic_net,92.0,92.0,,77.71141345451811,83.78501579649591,67.44902536823275,90.83300597327155,66.93242880879572,-14.288586545481891,"{""alpha"": 10.0, ""l1_ratio"": 0.5}",diaryl-ethyl-parent,family_holdout,ee,1a,30,1am|1i|1p|1ao|1ab|1af|1x|1u|1l|1aj|1aa|1k|1s|1ac|1g|1y|1z|1c|1w|1t|1o|1q|1v|1ai|1b|1ag|1n|1j|1m|1ah,8,8.647847376183815,1ae|1ak|1al|1d|1e|1f|1h|1r
10.50961952557411,,,diaryl-ethyl-parent,stage2_alt,,1,diaryl-ethyl-parent,lightgbm,92.0,92.0,,81.49038047442589,80.07028542521417,60.373749468866436,80.07028542521417,58.72457811661659,-10.50961952557411,"{""learning_rate"": 0.03, ""n_estimators"": 75, ""num_leaves"": 3}",diaryl-ethyl-parent,family_holdout,ee,1a,30,1am|1i|1p|1ao|1ab|1af|1x|1u|1l|1aj|1aa|1k|1s|1ac|1g|1y|1z|1c|1w|1t|1o|1q|1v|1ai|1b|1ag|1n|1j|1m|1ah,8,8.024929399373883,1ae|1ak|1al|1d|1e|1f|1h|1r
14.70000004782851,119.38323065055518,35.2167692537878,diaryl-ethyl-parent,stage2_alt,21.471036070603922,1,diaryl-ethyl-parent,gaussian_process,92.0,92.0,,77.29999995217149,93.19999995217148,63.2999999521719,99.49999995217149,62.77499995217159,-14.70000004782851,"{""alpha"": 1e-05, ""kernel"": ""1**2 * RBF(length_scale=2) + WhiteKernel(noise_level=10)""}",diaryl-ethyl-parent,family_holdout,ee,1a,30,1am|1i|1p|1ao|1ab|1af|1x|1u|1l|1aj|1aa|1k|1s|1ac|1g|1y|1z|1c|1w|1t|1o|1q|1v|1ai|1b|1ag|1n|1j|1m|1ah,8,13.424998861001402,1ae|1ak|1al|1d|1e|1f|1h|1r
1.7932148915707842,,,nitrogen-heteroaryl,stage2_alt,,3,nitrogen-heteroaryl,ridge_regression,88.0,88.0,,89.79321489157078,94.48503010321365,80.43911171406003,97.12086920524597,75.84230234232926,1.7932148915707842,"{""alpha"": 100.0}",nitrogen-heteroaryl,family_holdout,ee,1aa,29,1am|1i|1p|1ao|1af|1x|1u|1l|1aj|1k|1o|1s|1ac|1f|1y|1v|1w|1t|1b|1q|1h|1ai|1ag|1n|1m|1j|1ah|1c|1e,7,4.9925497935609915,1a|1ae|1ak|1al|1d|1g|1r
22.793235881428984,,,nitrogen-heteroaryl,stage2_alt,,3,nitrogen-heteroaryl,ridge_regression,95.0,95.0,,72.20676411857102,76.89857933021388,62.85266094106026,79.5344184322462,58.255851569329494,-22.793235881428984,"{""alpha"": 100.0}",nitrogen-heteroaryl,family_holdout,ee,1ab,29,1am|1i|1p|1ao|1af|1x|1u|1l|1aj|1k|1o|1s|1ac|1f|1y|1v|1w|1t|1b|1q|1h|1ai|1ag|1n|1m|1j|1ah|1c|1e,7,4.9925497935609915,1a|1ae|1ak|1al|1d|1g|1r
85.18019963331881,,,nitrogen-heteroaryl,stage2_alt,,3,nitrogen-heteroaryl,ridge_regression,0.0,0.0,,85.18019963331881,89.87201484496167,75.82609645580806,92.50785394699399,71.22928708407728,85.18019963331881,"{""alpha"": 100.0}",nitrogen-heteroaryl,family_holdout,ee,1z,29,1am|1i|1p|1ao|1af|1x|1u|1l|1aj|1k|1o|1s|1ac|1f|1y|1v|1w|1t|1b|1q|1h|1ai|1ag|1n|1m|1j|1ah|1c|1e,7,4.9925497935609915,1a|1ae|1ak|1al|1d|1g|1r
3.216965573010313,,,nitrogen-heteroaryl,stage2_alt,,3,nitrogen-heteroaryl,elastic_net,88.0,88.0,,91.21696557301031,100.27753207241449,89.29413919453602,106.28331858291875,88.29445515232153,3.216965573010313,"{""alpha"": 1.0, ""l1_ratio"": 1.0}",nitrogen-heteroaryl,family_holdout,ee,1aa,29,1am|1i|1p|1ao|1af|1x|1u|1l|1aj|1k|1o|1s|1ac|1f|1y|1v|1w|1t|1b|1q|1h|1ai|1ag|1n|1m|1j|1ah|1c|1e,7,3.6765540822056186,1a|1ae|1ak|1al|1d|1g|1r
32.124811558082854,,,nitrogen-heteroaryl,stage2_alt,,3,nitrogen-heteroaryl,elastic_net,95.0,95.0,,62.875188441917146,71.93575494132133,60.952362063442855,77.94154145182557,59.952678021228365,-32.124811558082854,"{""alpha"": 1.0, ""l1_ratio"": 1.0}",nitrogen-heteroaryl,family_holdout,ee,1ab,29,1am|1i|1p|1ao|1af|1x|1u|1l|1aj|1k|1o|1s|1ac|1f|1y|1v|1w|1t|1b|1q|1h|1ai|1ag|1n|1m|1j|1ah|1c|1e,7,3.6765540822056186,1a|1ae|1ak|1al|1d|1g|1r
85.63917846152314,,,nitrogen-heteroaryl,stage2_alt,,3,nitrogen-heteroaryl,elastic_net,0.0,0.0,,85.63917846152314,94.69974496092732,83.71635208304885,100.70553147143158,82.71666804083436,85.63917846152314,"{""alpha"": 1.0, ""l1_ratio"": 1.0}",nitrogen-heteroaryl,family_holdout,ee,1z,29,1am|1i|1p|1ao|1af|1x|1u|1l|1aj|1k|1o|1s|1ac|1f|1y|1v|1w|1t|1b|1q|1h|1ai|1ag|1n|1m|1j|1ah|1c|1e,7,3.6765540822056186,1a|1ae|1ak|1al|1d|1g|1r
4.661131649597834,,,nitrogen-heteroaryl,stage2_alt,,3,nitrogen-heteroaryl,lightgbm,88.0,88.0,,83.33886835040217,92.08509647458578,79.6396531855108,94.83772654965557,79.58597122383706,-4.661131649597834,"{""learning_rate"": 0.1, ""n_estimators"": 75, ""num_leaves"": 7}",nitrogen-heteroaryl,family_holdout,ee,1aa,29,1am|1i|1p|1ao|1af|1x|1u|1l|1aj|1k|1o|1s|1ac|1f|1y|1v|1w|1t|1b|1q|1h|1ai|1ag|1n|1m|1j|1ah|1c|1e,7,4.496059544375021,1a|1ae|1ak|1al|1d|1g|1r
25.690430264141725,,,nitrogen-heteroaryl,stage2_alt,,3,nitrogen-heteroaryl,lightgbm,95.0,95.0,,69.30956973585828,78.0557978600419,65.6103545709669,80.80842793511168,65.55667260929317,-25.690430264141725,"{""learning_rate"": 0.1, ""n_estimators"": 75, ""num_leaves"": 7}",nitrogen-heteroaryl,family_holdout,ee,1ab,29,1am|1i|1p|1ao|1af|1x|1u|1l|1aj|1k|1o|1s|1ac|1f|1y|1v|1w|1t|1b|1q|1h|1ai|1ag|1n|1m|1j|1ah|1c|1e,7,4.496059544375021,1a|1ae|1ak|1al|1d|1g|1r
81.98956281015258,,,nitrogen-heteroaryl,stage2_alt,,3,nitrogen-heteroaryl,lightgbm,0.0,0.0,,81.98956281015258,90.7357909343362,78.2903476452612,93.48842100940598,78.23666568358747,81.98956281015258,"{""learning_rate"": 0.1, ""n_estimators"": 75, ""num_leaves"": 7}",nitrogen-heteroaryl,family_holdout,ee,1z,29,1am|1i|1p|1ao|1af|1x|1u|1l|1aj|1k|1o|1s|1ac|1f|1y|1v|1w|1t|1b|1q|1h|1ai|1ag|1n|1m|1j|1ah|1c|1e,7,4.496059544375021,1a|1ae|1ak|1al|1d|1g|1r
8.06894534259935,111.66850367057778,48.193605644223524,nitrogen-heteroaryl,stage2_alt,16.19257602713119,3,nitrogen-heteroaryl,gaussian_process,88.0,88.0,,79.93105465740065,99.66208914015928,68.46208915452378,105.06208914015926,68.01208917068324,-8.06894534259935,"{""alpha"": 1e-05, ""kernel"": ""1**2 * RBF(length_scale=2) + WhiteKernel(noise_level=10)""}",nitrogen-heteroaryl,family_holdout,ee,1aa,29,1am|1i|1p|1ao|1af|1x|1u|1l|1aj|1k|1o|1s|1ac|1f|1y|1v|1w|1t|1b|1q|1h|1ai|1ag|1n|1m|1j|1ah|1c|1e,7,13.152709354475766,1a|1ae|1ak|1al|1d|1g|1r
15.06896551724138,111.66848349599945,48.193585469517785,nitrogen-heteroaryl,stage2_alt,16.192576027163692,3,nitrogen-heteroaryl,gaussian_process,95.0,95.0,,79.93103448275862,99.66206896551725,68.46206897988175,105.06206896551723,68.01206899604121,-15.06896551724138,"{""alpha"": 1e-05, ""kernel"": ""1**2 * RBF(length_scale=2) + WhiteKernel(noise_level=10)""}",nitrogen-heteroaryl,family_holdout,ee,1ab,29,1am|1i|1p|1ao|1af|1x|1u|1l|1aj|1k|1o|1s|1ac|1f|1y|1v|1w|1t|1b|1q|1h|1ai|1ag|1n|1m|1j|1ah|1c|1e,7,13.152709354475766,1a|1ae|1ak|1al|1d|1g|1r
79.93103494846889,111.6684839617097,48.193585935228086,nitrogen-heteroaryl,stage2_alt,16.192576027163675,3,nitrogen-heteroaryl,gaussian_process,0.0,0.0,,79.93103494846889,99.66206943122751,68.46206944559202,105.06206943122751,68.01206946175148,79.93103494846889,"{""alpha"": 1e-05, ""kernel"": ""1**2 * RBF(length_scale=2) + WhiteKernel(noise_level=10)""}",nitrogen-heteroaryl,family_holdout,ee,1z,29,1am|1i|1p|1ao|1af|1x|1u|1l|1aj|1k|1o|1s|1ac|1f|1y|1v|1w|1t|1b|1q|1h|1ai|1ag|1n|1m|1j|1ah|1c|1e,7,13.152709354475766,1a|1ae|1ak|1al|1d|1g|1r
15.146556774084871,,,oxygen-heteroaryl,stage2_alt,,1,oxygen-heteroaryl,ridge_regression,89.0,89.0,,73.85344322591513,74.24212678718608,60.0637963915599,83.65465842293598,58.58112848593817,-15.146556774084871,"{""alpha"": 1000.0}",oxygen-heteroaryl,family_holdout,ee,1o,30,1am|1i|1p|1ao|1ab|1af|1x|1u|1l|1aj|1aa|1k|1s|1ac|1g|1y|1z|1c|1w|1t|1q|1v|1ai|1b|1ag|1n|1j|1m|1ah|1d,8,10.362928731918329,1a|1ae|1ak|1al|1e|1f|1h|1r
11.920375926952545,,,oxygen-heteroaryl,stage2_alt,,1,oxygen-heteroaryl,elastic_net,89.0,89.0,,77.07962407304746,82.34723985177688,64.53649832463218,88.81422855257361,62.627254511633126,-11.920375926952545,"{""alpha"": 10.0, ""l1_ratio"": 0.5}",oxygen-heteroaryl,family_holdout,ee,1o,30,1am|1i|1p|1ao|1ab|1af|1x|1u|1l|1aj|1aa|1k|1s|1ac|1g|1y|1z|1c|1w|1t|1q|1v|1ai|1b|1ag|1n|1j|1m|1ah|1d,8,9.364562089277047,1a|1ae|1ak|1al|1e|1f|1h|1r
41.91993354317389,,,oxygen-heteroaryl,stage2_alt,,1,oxygen-heteroaryl,lightgbm,89.0,89.0,,47.08006645682611,46.49613577127645,20.811737245960764,46.83318036528097,13.690917475868936,-41.91993354317389,"{""learning_rate"": 0.03, ""n_estimators"": 75, ""num_leaves"": 7}",oxygen-heteroaryl,family_holdout,ee,1o,30,1am|1i|1p|1ao|1ab|1af|1x|1u|1l|1aj|1aa|1k|1s|1ac|1g|1y|1z|1c|1w|1t|1q|1v|1ai|1b|1ag|1n|1j|1m|1ah|1d,8,10.355184483570442,1a|1ae|1ak|1al|1e|1f|1h|1r
11.666666666490997,119.45361951100836,35.21304715600966,oxygen-heteroaryl,stage2_alt,21.489941927295586,1,oxygen-heteroaryl,gaussian_process,89.0,89.0,,77.333333333509,93.26666666684233,62.666666656759595,99.56666666684234,62.6666666391148,-11.666666666490997,"{""alpha"": 1e-05, ""kernel"": ""1**2 * RBF(length_scale=2) + WhiteKernel(noise_level=10)""}",oxygen-heteroaryl,family_holdout,ee,1o,30,1am|1i|1p|1ao|1ab|1af|1x|1u|1l|1aj|1aa|1k|1s|1ac|1g|1y|1z|1c|1w|1t|1q|1v|1ai|1b|1ag|1n|1j|1m|1ah|1d,8,13.66666572137022,1a|1ae|1ak|1al|1e|1f|1h|1r
22.905281978237866,,,oxygen-heteroaryl-fused,stage2_alt,,2,oxygen-heteroaryl-fused,ridge_regression,61.0,61.0,,83.90528197823787,110.63031762677612,71.43821560668593,124.81489500227791,70.30305595880532,22.905281978237866,"{""alpha"": 1000.0}",oxygen-heteroaryl-fused,family_holdout,ee,1p,30,1am|1i|1ae|1y|1ab|1s|1ao|1x|1l|1k|1al|1aa|1ac|1g|1w|1u|1z|1c|1o|1t|1v|1ai|1b|1n|1ag|1j|1m|1ah|1d|1e,7,14.29529782978868,1a|1af|1aj|1ak|1f|1h|1r
1.1962642678437874,,,oxygen-heteroaryl-fused,stage2_alt,,2,oxygen-heteroaryl-fused,ridge_regression,90.0,90.0,,91.19626426784379,117.92129991638204,78.72919789629185,132.10587729188381,77.59403824841124,1.1962642678437874,"{""alpha"": 1000.0}",oxygen-heteroaryl-fused,family_holdout,ee,1q,30,1am|1i|1ae|1y|1ab|1s|1ao|1x|1l|1k|1al|1aa|1ac|1g|1w|1u|1z|1c|1o|1t|1v|1ai|1b|1n|1ag|1j|1m|1ah|1d|1e,7,14.29529782978868,1a|1af|1aj|1ak|1f|1h|1r
21.754671717764055,,,oxygen-heteroaryl-fused,stage2_alt,,2,oxygen-heteroaryl-fused,elastic_net,61.0,61.0,,82.75467171776405,100.23831266032039,71.80216333168997,104.8247207058659,69.75665903382458,21.754671717764055,"{""alpha"": 10.0, ""l1_ratio"": 0.5}",oxygen-heteroaryl-fused,family_holdout,ee,1p,30,1am|1i|1ae|1y|1ab|1s|1ao|1x|1l|1k|1al|1aa|1ac|1g|1w|1u|1z|1c|1o|1t|1v|1ai|1b|1n|1ag|1j|1m|1ah|1d|1e,7,11.451931935904424,1a|1af|1aj|1ak|1f|1h|1r
6.055531189366604,,,oxygen-heteroaryl-fused,stage2_alt,,2,oxygen-heteroaryl-fused,elastic_net,90.0,90.0,,83.9444688106334,101.42810975318974,72.99196042455931,106.01451779873524,70.94645612669392,-6.055531189366604,"{""alpha"": 10.0, ""l1_ratio"": 0.5}",oxygen-heteroaryl-fused,family_holdout,ee,1q,30,1am|1i|1ae|1y|1ab|1s|1ao|1x|1l|1k|1al|1aa|1ac|1g|1w|1u|1z|1c|1o|1t|1v|1ai|1b|1n|1ag|1j|1m|1ah|1d|1e,7,11.451931935904424,1a|1af|1aj|1ak|1f|1h|1r
27.90647537596344,,,oxygen-heteroaryl-fused,stage2_alt,,2,oxygen-heteroaryl-fused,lightgbm,61.0,61.0,,88.90647537596344,97.96796403538059,86.51920123430642,101.45591376527217,84.24011476440806,27.90647537596344,"{""learning_rate"": 0.1, ""n_estimators"": 25, ""num_leaves"": 7}",oxygen-heteroaryl-fused,family_holdout,ee,1p,30,1am|1i|1ae|1y|1ab|1s|1ao|1x|1l|1k|1al|1aa|1ac|1g|1w|1u|1z|1c|1o|1t|1v|1ai|1b|1n|1ag|1j|1m|1ah|1d|1e,7,4.369250873036819,1a|1af|1aj|1ak|1f|1h|1r
0.4590592380091323,,,oxygen-heteroaryl-fused,stage2_alt,,2,oxygen-heteroaryl-fused,lightgbm,90.0,90.0,,90.45905923800913,99.52054789742628,88.07178509635212,103.00849762731787,85.79269862645376,0.4590592380091323,"{""learning_rate"": 0.1, ""n_estimators"": 25, ""num_leaves"": 7}",oxygen-heteroaryl-fused,family_holdout,ee,1q,30,1am|1i|1ae|1y|1ab|1s|1ao|1x|1l|1k|1al|1aa|1ac|1g|1w|1u|1z|1c|1o|1t|1v|1ai|1b|1n|1ag|1j|1m|1ah|1d|1e,7,4.369250873036819,1a|1af|1aj|1ak|1f|1h|1r
18.03333333333333,119.71586661742441,38.35080004924225,oxygen-heteroaryl-fused,stage2_alt,20.75639453269953,2,oxygen-heteroaryl-fused,gaussian_process,61.0,61.0,,79.03333333333333,103.86666666666667,66.66666666128398,111.51666666666665,66.21666665522845,18.03333333333333,"{""alpha"": 1e-05, ""kernel"": ""1**2 * RBF(length_scale=2) + WhiteKernel(noise_level=10)""}",oxygen-heteroaryl-fused,family_holdout,ee,1p,30,1am|1i|1ae|1y|1ab|1s|1ao|1x|1l|1k|1al|1aa|1ac|1g|1w|1u|1z|1c|1o|1t|1v|1ai|1b|1n|1ag|1j|1m|1ah|1d|1e,7,16.280948080227034,1a|1af|1aj|1ak|1f|1h|1r
10.966666666666669,119.71586661742441,38.35080004924225,oxygen-heteroaryl-fused,stage2_alt,20.75639453269953,2,oxygen-heteroaryl-fused,gaussian_process,90.0,90.0,,79.03333333333333,103.86666666666667,66.66666666128398,111.51666666666665,66.21666665522845,-10.966666666666669,"{""alpha"": 1e-05, ""kernel"": ""1**2 * RBF(length_scale=2) + WhiteKernel(noise_level=10)""}",oxygen-heteroaryl-fused,family_holdout,ee,1q,30,1am|1i|1ae|1y|1ab|1s|1ao|1x|1l|1k|1al|1aa|1ac|1g|1w|1u|1z|1c|1o|1t|1v|1ai|1b|1n|1ag|1j|1m|1ah|1d|1e,7,16.280948080227034,1a|1af|1aj|1ak|1f|1h|1r
7.236112250023595,,,oxygen-heterocycle-fused,stage2_alt,,3,oxygen-heterocycle-fused,ridge_regression,91.0,91.0,,83.7638877499764,87.00579113986703,70.38796088881857,95.86908479003834,69.65757817298874,-7.236112250023595,"{""alpha"": 1000.0}",oxygen-heterocycle-fused,family_holdout,ee,1r,29,1am|1i|1p|1ao|1ab|1af|1x|1u|1k|1aj|1aa|1l|1ac|1g|1y|1z|1c|1w|1o|1q|1v|1ai|1b|1ag|1n|1j|1m|1ah|1d,7,10.6569840123194,1a|1ae|1ak|1al|1e|1f|1h
7.848091790219087,,,oxygen-heterocycle-fused,stage2_alt,,3,oxygen-heterocycle-fused,ridge_regression,80.0,80.0,,87.84809179021909,91.08999518010971,74.47216492906125,99.95328883028102,73.74178221323142,7.848091790219087,"{""alpha"": 1000.0}",oxygen-heterocycle-fused,family_holdout,ee,1s,29,1am|1i|1p|1ao|1ab|1af|1x|1u|1k|1aj|1aa|1l|1ac|1g|1y|1z|1c|1w|1o|1q|1v|1ai|1b|1ag|1n|1j|1m|1ah|1d,7,10.6569840123194,1a|1ae|1ak|1al|1e|1f|1h
5.125985550783383,,,oxygen-heterocycle-fused,stage2_alt,,3,oxygen-heterocycle-fused,ridge_regression,91.0,91.0,,85.87401444921662,89.11591783910724,72.49808758805878,97.97921148927855,71.76770487222895,-5.125985550783383,"{""alpha"": 1000.0}",oxygen-heterocycle-fused,family_holdout,ee,1t,29,1am|1i|1p|1ao|1ab|1af|1x|1u|1k|1aj|1aa|1l|1ac|1g|1y|1z|1c|1w|1o|1q|1v|1ai|1b|1ag|1n|1j|1m|1ah|1d,7,10.6569840123194,1a|1ae|1ak|1al|1e|1f|1h
10.281848738342418,,,oxygen-heterocycle-fused,stage2_alt,,3,oxygen-heterocycle-fused,elastic_net,91.0,91.0,,80.71815126165758,88.1550855715594,67.63134831950642,94.39302728469035,66.4159359547337,-10.281848738342418,"{""alpha"": 10.0, ""l1_ratio"": 0.5}",oxygen-heterocycle-fused,family_holdout,ee,1r,29,1am|1i|1p|1ao|1ab|1af|1x|1u|1k|1aj|1aa|1l|1ac|1g|1y|1z|1c|1w|1o|1q|1v|1ai|1b|1ag|1n|1j|1m|1ah|1d,7,9.991408452697195,1a|1ae|1ak|1al|1e|1f|1h
3.9311562772391113,,,oxygen-heterocycle-fused,stage2_alt,,3,oxygen-heterocycle-fused,elastic_net,80.0,80.0,,83.93115627723911,91.36809058714093,70.84435333508794,97.60603230027188,69.62894097031523,3.9311562772391113,"{""alpha"": 10.0, ""l1_ratio"": 0.5}",oxygen-heterocycle-fused,family_holdout,ee,1s,29,1am|1i|1p|1ao|1ab|1af|1x|1u|1k|1aj|1aa|1l|1ac|1g|1y|1z|1c|1w|1o|1q|1v|1ai|1b|1ag|1n|1j|1m|1ah|1d,7,9.991408452697195,1a|1ae|1ak|1al|1e|1f|1h
9.974743408713152,,,oxygen-heterocycle-fused,stage2_alt,,3,oxygen-heterocycle-fused,elastic_net,91.0,91.0,,81.02525659128685,88.46219090118866,67.93845364913568,94.70013261431961,66.72304128436298,-9.974743408713152,"{""alpha"": 10.0, ""l1_ratio"": 0.5}",oxygen-heterocycle-fused,family_holdout,ee,1t,29,1am|1i|1p|1ao|1ab|1af|1x|1u|1k|1aj|1aa|1l|1ac|1g|1y|1z|1c|1w|1o|1q|1v|1ai|1b|1ag|1n|1j|1m|1ah|1d,7,9.991408452697195,1a|1ae|1ak|1al|1e|1f|1h
1.9800333751258847,,,oxygen-heterocycle-fused,stage2_alt,,3,oxygen-heterocycle-fused,lightgbm,91.0,91.0,,89.01996662487412,88.03993324974823,68.11954289386762,88.03993324974823,67.79971435072422,-1.9800333751258847,"{""learning_rate"": 0.03, ""n_estimators"": 75, ""num_leaves"": 3}",oxygen-heterocycle-fused,family_holdout,ee,1r,29,1am|1i|1p|1ao|1ab|1af|1x|1u|1k|1aj|1aa|1l|1ac|1g|1y|1z|1c|1w|1o|1q|1v|1ai|1b|1ag|1n|1j|1m|1ah|1d,7,9.778539481626142,1a|1ae|1ak|1al|1e|1f|1h
8.856065492591654,,,oxygen-heterocycle-fused,stage2_alt,,3,oxygen-heterocycle-fused,lightgbm,80.0,80.0,,88.85606549259165,87.87603211746577,67.95564176158516,87.87603211746577,67.63581321844175,8.856065492591654,"{""learning_rate"": 0.03, ""n_estimators"": 75, ""num_leaves"": 3}",oxygen-heterocycle-fused,family_holdout,ee,1s,29,1am|1i|1p|1ao|1ab|1af|1x|1u|1k|1aj|1aa|1l|1ac|1g|1y|1z|1c|1w|1o|1q|1v|1ai|1b|1ag|1n|1j|1m|1ah|1d,7,9.778539481626142,1a|1ae|1ak|1al|1e|1f|1h
2.5885199613660745,,,oxygen-heterocycle-fused,stage2_alt,,3,oxygen-heterocycle-fused,lightgbm,91.0,91.0,,88.41148003863393,87.43144666350804,67.51105630762743,87.43144666350804,67.19122776448403,-2.5885199613660745,"{""learning_rate"": 0.03, ""n_estimators"": 75, ""num_leaves"": 3}",oxygen-heterocycle-fused,family_holdout,ee,1t,29,1am|1i|1p|1ao|1ab|1af|1x|1u|1k|1aj|1aa|1l|1ac|1g|1y|1z|1c|1w|1o|1q|1v|1ai|1b|1ag|1n|1j|1m|1ah|1d,7,9.778539481626142,1a|1ae|1ak|1al|1e|1f|1h
13.827586206896555,119.92217221307516,34.42265537313174,oxygen-heterocycle-fused,stage2_alt,21.81110123467944,3,oxygen-heterocycle-fused,gaussian_process,91.0,91.0,,77.17241379310344,94.1448275862069,62.344827564706556,99.54482758620688,62.34482754051868,-13.827586206896555,"{""alpha"": 1e-05, ""kernel"": ""1**2 * RBF(length_scale=2) + WhiteKernel(noise_level=10)""}",oxygen-heterocycle-fused,family_holdout,ee,1r,29,1am|1i|1p|1ao|1ab|1af|1x|1u|1k|1aj|1aa|1l|1ac|1g|1y|1z|1c|1w|1o|1q|1v|1ai|1b|1ag|1n|1j|1m|1ah|1d,7,13.689653856725954,1a|1ae|1ak|1al|1e|1f|1h
2.827586206896555,119.92217221307516,34.42265537313174,oxygen-heterocycle-fused,stage2_alt,21.81110123467944,3,oxygen-heterocycle-fused,gaussian_process,80.0,80.0,,77.17241379310344,94.1448275862069,62.344827564706556,99.54482758620688,62.34482754051868,-2.827586206896555,"{""alpha"": 1e-05, ""kernel"": ""1**2 * RBF(length_scale=2) + WhiteKernel(noise_level=10)""}",oxygen-heterocycle-fused,family_holdout,ee,1s,29,1am|1i|1p|1ao|1ab|1af|1x|1u|1k|1aj|1aa|1l|1ac|1g|1y|1z|1c|1w|1o|1q|1v|1ai|1b|1ag|1n|1j|1m|1ah|1d,7,13.689653856725954,1a|1ae|1ak|1al|1e|1f|1h
13.827586206070023,119.92217221390169,34.42265537395827,oxygen-heterocycle-fused,stage2_alt,21.81110123467944,3,oxygen-heterocycle-fused,gaussian_process,91.0,91.0,,77.17241379392998,94.14482758703343,62.34482756553309,99.54482758703341,62.34482754134521,-13.827586206070023,"{""alpha"": 1e-05, ""kernel"": ""1**2 * RBF(length_scale=2) + WhiteKernel(noise_level=10)""}",oxygen-heterocycle-fused,family_holdout,ee,1t,29,1am|1i|1p|1ao|1ab|1af|1x|1u|1k|1aj|1aa|1l|1ac|1g|1y|1z|1c|1w|1o|1q|1v|1ai|1b|1ag|1n|1j|1m|1ah|1d,7,13.689653856725954,1a|1ae|1ak|1al|1e|1f|1h
4.615390759426191,,,polycyclic-aryl,stage2_alt,,1,polycyclic-aryl,ridge_regression,91.0,91.0,,86.38460924057381,87.55112709099616,73.04013667368923,97.44638848639424,72.2169891286695,-4.615390759426191,"{""alpha"": 1000.0}",polycyclic-aryl,family_holdout,ee,1n,30,1am|1i|1p|1ao|1ab|1af|1x|1u|1l|1aj|1aa|1k|1s|1ac|1g|1y|1z|1c|1o|1w|1t|1q|1v|1ai|1b|1ag|1j|1m|1ah|1d,8,10.099700463931974,1a|1ae|1ak|1al|1e|1f|1h|1r
9.022597921100669,,,polycyclic-aryl,stage2_alt,,1,polycyclic-aryl,elastic_net,91.0,91.0,,81.97740207889933,88.22078248063423,69.80224148637463,95.33385309425583,67.97764853674892,-9.022597921100669,"{""alpha"": 10.0, ""l1_ratio"": 0.5}",polycyclic-aryl,family_holdout,ee,1n,30,1am|1i|1p|1ao|1ab|1af|1x|1u|1l|1aj|1aa|1k|1s|1ac|1g|1y|1z|1c|1o|1w|1t|1q|1v|1ai|1b|1ag|1j|1m|1ah|1d,8,9.551496122908503,1a|1ae|1ak|1al|1e|1f|1h|1r
4.141020543351274,,,polycyclic-aryl,stage2_alt,,1,polycyclic-aryl,lightgbm,91.0,91.0,,86.85897945664873,85.75027858050541,65.93812016692101,86.07836708590544,64.3591911656927,-4.141020543351274,"{""learning_rate"": 0.03, ""n_estimators"": 75, ""num_leaves"": 3}",polycyclic-aryl,family_holdout,ee,1n,30,1am|1i|1p|1ao|1ab|1af|1x|1u|1l|1aj|1aa|1k|1s|1ac|1g|1y|1z|1c|1o|1w|1t|1q|1v|1ai|1b|1ag|1j|1m|1ah|1d,8,8.989260933854524,1a|1ae|1ak|1al|1e|1f|1h|1r
13.733333295296404,119.30966212188055,35.22367128752664,polycyclic-aryl,stage2_alt,21.45050786590661,1,polycyclic-aryl,gaussian_process,91.0,91.0,,77.2666667047036,93.13333337137026,62.5333333555215,99.43333337137027,62.53333332778617,-13.733333295296404,"{""alpha"": 1e-05, ""kernel"": ""1**2 * RBF(length_scale=2) + WhiteKernel(noise_level=10)""}",polycyclic-aryl,family_holdout,ee,1n,30,1am|1i|1p|1ao|1ab|1af|1x|1u|1l|1aj|1aa|1k|1s|1ac|1g|1y|1z|1c|1o|1w|1t|1q|1v|1ai|1b|1ag|1j|1m|1ah|1d,8,13.683332517560899,1a|1ae|1ak|1al|1e|1f|1h|1r
11.316088144348342,,,silyl-alkyl-aryl,stage2_alt,,1,silyl-alkyl-aryl,ridge_regression,67.0,67.0,,55.68391185565166,76.16495900192268,49.63547170680695,88.93938260141951,43.95802717033368,-11.316088144348342,"{""alpha"": 100.0}",silyl-alkyl-aryl,family_holdout,ee,1ac,30,1l|1am|1af|1y|1s|1ao|1x|1i|1ab|1p|1k|1aa|1al|1ai|1t|1z|1v|1f|1b|1u|1w|1o|1q|1h|1ag|1n|1m|1j|1ah|1c,8,9.663174252591839,1a|1ae|1aj|1ak|1d|1e|1g|1r
2.330611727714981,,,silyl-alkyl-aryl,stage2_alt,,1,silyl-alkyl-aryl,elastic_net,67.0,67.0,,64.66938827228502,81.04031540961105,56.63365458829886,82.23716946455386,53.526693574177166,-2.330611727714981,"{""alpha"": 10.0, ""l1_ratio"": 0.2}",silyl-alkyl-aryl,family_holdout,ee,1ac,30,1l|1am|1af|1y|1s|1ao|1x|1i|1ab|1p|1k|1aa|1al|1ai|1t|1z|1v|1f|1b|1u|1w|1o|1q|1h|1ag|1n|1m|1j|1ah|1c,8,8.547216159917125,1a|1ae|1aj|1ak|1d|1e|1g|1r
10.234724162565563,,,silyl-alkyl-aryl,stage2_alt,,1,silyl-alkyl-aryl,lightgbm,67.0,67.0,,56.76527583743444,61.78685314037742,44.99425548693567,67.35411064564333,36.5134423482787,-10.234724162565563,"{""learning_rate"": 0.1, ""n_estimators"": 75, ""num_leaves"": 7}",silyl-alkyl-aryl,family_holdout,ee,1ac,30,1l|1am|1af|1y|1s|1ao|1x|1i|1ab|1p|1k|1aa|1al|1ai|1t|1z|1v|1f|1b|1u|1w|1o|1q|1h|1ag|1n|1m|1j|1ah|1c,8,6.163874957464363,1a|1ae|1aj|1ak|1d|1e|1g|1r
12.033333333333331,119.36814522418172,38.69852144248494,silyl-alkyl-aryl,stage2_alt,20.578985658596118,1,silyl-alkyl-aryl,gaussian_process,67.0,67.0,,79.03333333333333,107.76666666666667,66.06666666827856,112.49166666666667,66.06666666706964,12.033333333333331,"{""alpha"": 1e-05, ""kernel"": ""1**2 * RBF(length_scale=2) + WhiteKernel(noise_level=10)""}",silyl-alkyl-aryl,family_holdout,ee,1ac,30,1l|1am|1af|1y|1s|1ao|1x|1i|1ab|1p|1k|1aa|1al|1ai|1t|1z|1v|1f|1b|1u|1w|1o|1q|1h|1ag|1n|1m|1j|1ah|1c,8,16.866666666378826,1a|1ae|1aj|1ak|1d|1e|1g|1r
19.56498330330622,,,sulfur-heteroaryl,stage2_alt,,1,sulfur-heteroaryl,ridge_regression,91.0,91.0,,71.43501669669378,71.89441204981216,57.03430994933852,81.31091083434089,55.91071316026898,-19.56498330330622,"{""alpha"": 1000.0}",sulfur-heteroaryl,family_holdout,ee,1v,30,1am|1i|1p|1ao|1ab|1af|1x|1u|1l|1aj|1aa|1k|1s|1ac|1g|1y|1z|1c|1w|1t|1o|1q|1ai|1b|1ag|1n|1j|1m|1ah|1d,8,10.697120888492787,1a|1ae|1ak|1al|1e|1f|1h|1r
15.185761904299042,,,sulfur-heteroaryl,stage2_alt,,1,sulfur-heteroaryl,elastic_net,91.0,91.0,,75.81423809570096,81.41921306592316,62.69407339561623,87.87836610304196,61.50798868137634,-15.185761904299042,"{""alpha"": 10.0, ""l1_ratio"": 0.5}",sulfur-heteroaryl,family_holdout,ee,1v,30,1am|1i|1p|1ao|1ab|1af|1x|1u|1l|1aj|1aa|1k|1s|1ac|1g|1y|1z|1c|1w|1t|1o|1q|1ai|1b|1ag|1n|1j|1m|1ah|1d,8,9.735321648328835,1a|1ae|1ak|1al|1e|1f|1h|1r
10.236747052231564,,,sulfur-heteroaryl,stage2_alt,,1,sulfur-heteroaryl,lightgbm,91.0,91.0,,80.76325294776844,79.88153689024895,60.154145259867676,80.39208301756632,58.45168178643039,-10.236747052231564,"{""learning_rate"": 0.03, ""n_estimators"": 75, ""num_leaves"": 7}",sulfur-heteroaryl,family_holdout,ee,1v,30,1am|1i|1p|1ao|1ab|1af|1x|1u|1l|1aj|1aa|1k|1s|1ac|1g|1y|1z|1c|1w|1t|1o|1q|1ai|1b|1ag|1n|1j|1m|1ah|1d,8,8.63272621899032,1a|1ae|1ak|1al|1e|1f|1h|1r
13.733333333101001,119.30966208128797,35.22367125251004,sulfur-heteroaryl,stage2_alt,21.450507864484166,1,sulfur-heteroaryl,gaussian_process,91.0,91.0,,77.266666666899,93.13333333356566,62.53333332186729,99.43333333356567,62.53333330139513,-13.733333333101001,"{""alpha"": 1e-05, ""kernel"": ""1**2 * RBF(length_scale=2) + WhiteKernel(noise_level=10)""}",sulfur-heteroaryl,family_holdout,ee,1v,30,1am|1i|1p|1ao|1ab|1af|1x|1u|1l|1aj|1aa|1k|1s|1ac|1g|1y|1z|1c|1w|1t|1o|1q|1ai|1b|1ag|1n|1j|1m|1ah|1d,8,13.683332752947944,1a|1ae|1ak|1al|1e|1f|1h|1r
22.723279524217276,,,sulfur-heteroaryl-fused,stage2_alt,,2,sulfur-heteroaryl-fused,ridge_regression,92.0,92.0,,69.27672047578272,90.62512797086112,59.17683823926452,95.1137553665853,57.398779111606515,-22.723279524217276,"{""alpha"": 1000.0}",sulfur-heteroaryl-fused,family_holdout,ee,1w,30,1am|1i|1p|1ao|1ab|1af|1e|1k|1s|1al|1y|1aa|1ac|1t|1z|1v|1c|1o|1u|1q|1ai|1b|1m|1ag|1h|1n|1j|1ah|1f|1l,7,10.930053636023128,1a|1ae|1aj|1ak|1d|1g|1r
11.022233846783891,,,sulfur-heteroaryl-fused,stage2_alt,,2,sulfur-heteroaryl-fused,ridge_regression,94.0,94.0,,82.97776615321611,104.32617364829451,72.8778839166979,108.81480104401868,71.0998247890399,-11.022233846783891,"{""alpha"": 1000.0}",sulfur-heteroaryl-fused,family_holdout,ee,1x,30,1am|1i|1p|1ao|1ab|1af|1e|1k|1s|1al|1y|1aa|1ac|1t|1z|1v|1c|1o|1u|1q|1ai|1b|1m|1ag|1h|1n|1j|1ah|1f|1l,7,10.930053636023128,1a|1ae|1aj|1ak|1d|1g|1r
29.561654827765324,,,sulfur-heteroaryl-fused,stage2_alt,,2,sulfur-heteroaryl-fused,elastic_net,92.0,92.0,,62.438345172234676,80.72964566285674,50.50734587144275,80.88825043323239,50.365625550654215,-29.561654827765324,"{""alpha"": 10.0, ""l1_ratio"": 0.2}",sulfur-heteroaryl-fused,family_holdout,ee,1w,30,1am|1i|1p|1ao|1ab|1af|1e|1k|1s|1al|1y|1aa|1ac|1t|1z|1v|1c|1o|1u|1q|1ai|1b|1m|1ag|1h|1n|1j|1ah|1f|1l,7,10.786592474578017,1a|1ae|1aj|1ak|1d|1g|1r
13.060498827919787,,,sulfur-heteroaryl-fused,stage2_alt,,2,sulfur-heteroaryl-fused,elastic_net,94.0,94.0,,80.93950117208021,99.23080166270228,69.00850187128829,99.38940643307792,68.86678155049975,-13.060498827919787,"{""alpha"": 10.0, ""l1_ratio"": 0.2}",sulfur-heteroaryl-fused,family_holdout,ee,1x,30,1am|1i|1p|1ao|1ab|1af|1e|1k|1s|1al|1y|1aa|1ac|1t|1z|1v|1c|1o|1u|1q|1ai|1b|1m|1ag|1h|1n|1j|1ah|1f|1l,7,10.786592474578017,1a|1ae|1aj|1ak|1d|1g|1r
40.89339017384797,,,sulfur-heteroaryl-fused,stage2_alt,,2,sulfur-heteroaryl-fused,lightgbm,92.0,92.0,,51.10660982615203,67.77135212077701,46.91137603338974,74.29682032068604,41.328061181636755,-40.89339017384797,"{""learning_rate"": 0.1, ""n_estimators"": 75, ""num_leaves"": 7}",sulfur-heteroaryl-fused,family_holdout,ee,1w,30,1am|1i|1p|1ao|1ab|1af|1e|1k|1s|1al|1y|1aa|1ac|1t|1z|1v|1c|1o|1u|1q|1ai|1b|1m|1ag|1h|1n|1j|1ah|1f|1l,7,9.36195323524569,1a|1ae|1aj|1ak|1d|1g|1r
18.5559960230334,,,sulfur-heteroaryl-fused,stage2_alt,,2,sulfur-heteroaryl-fused,lightgbm,94.0,94.0,,75.4440039769666,92.10874627159158,71.2487701842043,98.6342144715006,65.66545533245133,-18.5559960230334,"{""learning_rate"": 0.1, ""n_estimators"": 75, ""num_leaves"": 7}",sulfur-heteroaryl-fused,family_holdout,ee,1x,30,1am|1i|1p|1ao|1ab|1af|1e|1k|1s|1al|1y|1aa|1ac|1t|1z|1v|1c|1o|1u|1q|1ai|1b|1m|1ag|1h|1n|1j|1ah|1f|1l,7,9.36195323524569,1a|1ae|1aj|1ak|1d|1g|1r
13.86666666666666,118.30351662325202,37.963150043414664,sulfur-heteroaryl-fused,stage2_alt,20.494991474448305,2,sulfur-heteroaryl-fused,gaussian_process,92.0,92.0,,78.13333333333334,106.86666666666667,64.86666666884052,110.91666666666669,64.4166666712861,-13.86666666666666,"{""alpha"": 1e-05, ""kernel"": ""1**2 * RBF(length_scale=2) + WhiteKernel(noise_level=10)""}",sulfur-heteroaryl-fused,family_holdout,ee,1w,30,1am|1i|1p|1ao|1ab|1af|1e|1k|1s|1al|1y|1aa|1ac|1t|1z|1v|1c|1o|1u|1q|1ai|1b|1m|1ag|1h|1n|1j|1ah|1f|1l,7,17.55238095160458,1a|1ae|1aj|1ak|1d|1g|1r
15.86666666666666,118.30351662325202,37.963150043414664,sulfur-heteroaryl-fused,stage2_alt,20.494991474448305,2,sulfur-heteroaryl-fused,gaussian_process,94.0,94.0,,78.13333333333334,106.86666666666667,64.86666666884052,110.91666666666669,64.4166666712861,-15.86666666666666,"{""alpha"": 1e-05, ""kernel"": ""1**2 * RBF(length_scale=2) + WhiteKernel(noise_level=10)""}",sulfur-heteroaryl-fused,family_holdout,ee,1x,30,1am|1i|1p|1ao|1ab|1af|1e|1k|1s|1al|1y|1aa|1ac|1t|1z|1v|1c|1o|1u|1q|1ai|1b|1m|1ag|1h|1n|1j|1ah|1f|1l,7,17.55238095160458,1a|1ae|1aj|1ak|1d|1g|1r
2.9124478357371117,,,sulfur-heterocycle-fused,stage2_alt,,1,sulfur-heterocycle-fused,ridge_regression,91.0,91.0,,88.08755216426289,89.25245752687235,74.77081151112027,99.06684471633487,74.04526456478199,-2.9124478357371117,"{""alpha"": 1000.0}",sulfur-heterocycle-fused,family_holdout,ee,1y,30,1am|1i|1p|1ao|1ab|1af|1x|1u|1l|1aj|1aa|1k|1s|1ac|1g|1z|1c|1o|1w|1t|1q|1v|1ai|1b|1ag|1n|1j|1m|1ah|1d,8,10.017276763971562,1a|1ae|1ak|1al|1e|1f|1h|1r
7.52342269948258,,,sulfur-heterocycle-fused,stage2_alt,,1,sulfur-heterocycle-fused,elastic_net,91.0,91.0,,83.47657730051742,89.51001514070376,71.45933269035389,96.67374608627892,69.73706015476239,-7.52342269948258,"{""alpha"": 10.0, ""l1_ratio"": 0.5}",sulfur-heterocycle-fused,family_holdout,ee,1y,30,1am|1i|1p|1ao|1ab|1af|1x|1u|1l|1aj|1aa|1k|1s|1ac|1g|1z|1c|1o|1w|1t|1q|1v|1ai|1b|1ag|1n|1j|1m|1ah|1d,8,9.498181437156894,1a|1ae|1ak|1al|1e|1f|1h|1r
0.5319182578636088,,,sulfur-heterocycle-fused,stage2_alt,,1,sulfur-heterocycle-fused,lightgbm,91.0,91.0,,90.46808174213639,90.45638208734037,67.5530386558533,90.95542328509045,66.90882169250524,-0.5319182578636088,"{""learning_rate"": 0.03, ""n_estimators"": 75, ""num_leaves"": 7}",sulfur-heterocycle-fused,family_holdout,ee,1y,30,1am|1i|1p|1ao|1ab|1af|1x|1u|1l|1aj|1aa|1k|1s|1ac|1g|1z|1c|1o|1w|1t|1q|1v|1ai|1b|1ag|1n|1j|1m|1ah|1d,8,8.988323597105461,1a|1ae|1ak|1al|1e|1f|1h|1r
13.733333331728971,119.30966208307146,35.223671253470606,sulfur-heterocycle-fused,stage2_alt,21.450507864694092,1,sulfur-heterocycle-fused,gaussian_process,91.0,91.0,,77.26666666827103,93.13333333493769,62.533333319408946,99.4333333349377,62.533333292233635,-13.733333331728971,"{""alpha"": 1e-05, ""kernel"": ""1**2 * RBF(length_scale=2) + WhiteKernel(noise_level=10)""}",sulfur-heterocycle-fused,family_holdout,ee,1y,30,1am|1i|1p|1ao|1ab|1af|1x|1u|1l|1aj|1aa|1k|1s|1ac|1g|1z|1c|1o|1w|1t|1q|1v|1ai|1b|1ag|1n|1j|1m|1ah|1d,8,13.68333235909562,1a|1ae|1ak|1al|1e|1f|1h|1r
23.322312711312065,,,alkyl-aryl-chain,stage2p,,2,alkyl-aryl-chain,ridge_regression,50.0,50.0,,73.32231271131207,81.90757611422107,60.86613615231117,90.55763633237834,55.49843907546838,23.322312711312065,"{""alpha"": 1000.0}",alkyl-aryl-chain,family_holdout,ee,1ah,30,1am|1i|1p|1ao|1ab|1af|1x|1u|1l|1aj|1aa|1k|1s|1ac|1g|1y|1z|1c|1t|1w|1o|1q|1v|1b|1ag|1n|1j|1m|1d|1e,7,8.979328178374303,1a|1ae|1ak|1al|1f|1h|1r
21.90170894449696,,,alkyl-aryl-chain,stage2p,,2,alkyl-aryl-chain,ridge_regression,50.0,50.0,,71.90170894449696,80.48697234740597,59.445532385496065,89.13703256556323,54.07783530865328,21.90170894449696,"{""alpha"": 1000.0}",alkyl-aryl-chain,family_holdout,ee,1ai,30,1am|1i|1p|1ao|1ab|1af|1x|1u|1l|1aj|1aa|1k|1s|1ac|1g|1y|1z|1c|1t|1w|1o|1q|1v|1b|1ag|1n|1j|1m|1d|1e,7,8.979328178374303,1a|1ae|1ak|1al|1f|1h|1r
21.251132566616164,,,alkyl-aryl-chain,stage2p,,2,alkyl-aryl-chain,elastic_net,50.0,50.0,,71.25113256661616,79.06925825915516,59.89991955070026,86.04882676510388,53.543680953579894,21.251132566616164,"{""alpha"": 10.0, ""l1_ratio"": 0.2}",alkyl-aryl-chain,family_holdout,ee,1ah,30,1am|1i|1p|1ao|1ab|1af|1x|1u|1l|1aj|1aa|1k|1s|1ac|1g|1y|1z|1c|1t|1w|1o|1q|1v|1b|1ag|1n|1j|1m|1d|1e,7,8.630104669092416,1a|1ae|1ak|1al|1f|1h|1r
21.028821684639695,,,alkyl-aryl-chain,stage2p,,2,alkyl-aryl-chain,elastic_net,50.0,50.0,,71.0288216846397,78.8469473771787,59.67760866872379,85.82651588312741,53.321370071603425,21.028821684639695,"{""alpha"": 10.0, ""l1_ratio"": 0.2}",alkyl-aryl-chain,family_holdout,ee,1ai,30,1am|1i|1p|1ao|1ab|1af|1x|1u|1l|1aj|1aa|1k|1s|1ac|1g|1y|1z|1c|1t|1w|1o|1q|1v|1b|1ag|1n|1j|1m|1d|1e,7,8.630104669092416,1a|1ae|1ak|1al|1f|1h|1r
20.218179435266862,,,alkyl-aryl-chain,stage2p,,2,alkyl-aryl-chain,lightgbm,50.0,50.0,,70.21817943526686,75.22786696501004,53.746738999160705,81.01005099370784,48.441123439229685,20.218179435266862,"{""learning_rate"": 0.1, ""n_estimators"": 25, ""num_leaves"": 7}",alkyl-aryl-chain,family_holdout,ee,1ah,30,1am|1i|1p|1ao|1ab|1af|1x|1u|1l|1aj|1aa|1k|1s|1ac|1g|1y|1z|1c|1t|1w|1o|1q|1v|1b|1ag|1n|1j|1m|1d|1e,7,8.61317736205687,1a|1ae|1ak|1al|1f|1h|1r
24.284943698247275,,,alkyl-aryl-chain,stage2p,,2,alkyl-aryl-chain,lightgbm,50.0,50.0,,74.28494369824728,79.29463122799046,57.81350326214112,85.07681525668823,52.5078877022101,24.284943698247275,"{""learning_rate"": 0.1, ""n_estimators"": 25, ""num_leaves"": 7}",alkyl-aryl-chain,family_holdout,ee,1ai,30,1am|1i|1p|1ao|1ab|1af|1x|1u|1l|1aj|1aa|1k|1s|1ac|1g|1y|1z|1c|1t|1w|1o|1q|1v|1b|1ag|1n|1j|1m|1d|1e,7,8.61317736205687,1a|1ae|1ak|1al|1f|1h|1r
30.033333311619216,120.4501343034251,39.61653231981333,alkyl-aryl-chain,stage2p,20.620816832554024,2,alkyl-aryl-chain,gaussian_process,50.0,50.0,,80.03333331161922,99.81875484106956,69.26666452649754,105.17106886886921,68.36666214323546,30.033333311619216,"{""alpha"": 1e-05, ""kernel"": ""1**2 * RBF(length_scale=1) + WhiteKernel(noise_level=1)""}",alkyl-aryl-chain,family_holdout,ee,1ah,30,1am|1i|1p|1ao|1ab|1af|1x|1u|1l|1aj|1aa|1k|1s|1ac|1g|1y|1z|1c|1t|1w|1o|1q|1v|1b|1ag|1n|1j|1m|1d|1e,7,10.985085204523477,1a|1ae|1ak|1al|1f|1h|1r
30.034123198194678,120.45092408516892,39.617322311220434,alkyl-aryl-chain,stage2p,20.62081677906849,2,alkyl-aryl-chain,gaussian_process,50.0,50.0,,80.03412319819468,99.81954472764502,69.267454413073,105.17185875544467,68.36745202981092,30.034123198194678,"{""alpha"": 1e-05, ""kernel"": ""1**2 * RBF(length_scale=1) + WhiteKernel(noise_level=1)""}",alkyl-aryl-chain,family_holdout,ee,1ai,30,1am|1i|1p|1ao|1ab|1af|1x|1u|1l|1aj|1aa|1k|1s|1ac|1g|1y|1z|1c|1t|1w|1o|1q|1v|1b|1ag|1n|1j|1m|1d|1e,7,10.985085204523477,1a|1ae|1ak|1al|1f|1h|1r
14.582455391181973,,,branched-diaryl-alkyl,stage2p,,1,branched-diaryl-alkyl,ridge_regression,72.0,72.0,,57.41754460881803,67.27947191662005,47.336636602214114,74.43964792846737,38.57005691437033,-14.582455391181973,"{""alpha"": 100.0}",branched-diaryl-alkyl,family_holdout,ee,1ao,30,1l|1am|1af|1y|1s|1x|1i|1ab|1p|1aa|1k|1al|1ac|1g|1u|1z|1c|1t|1w|1o|1q|1v|1ai|1b|1ag|1n|1j|1m|1ah|1d,8,7.177554285228026,1a|1ae|1aj|1ak|1e|1f|1h|1r
17.34535444339751,,,branched-diaryl-alkyl,stage2p,,1,branched-diaryl-alkyl,elastic_net,72.0,72.0,,54.65464555660249,63.49370023521933,47.62619100215607,70.29687649974281,42.629430627641334,-17.34535444339751,"{""alpha"": 1.0, ""l1_ratio"": 1.0}",branched-diaryl-alkyl,family_holdout,ee,1ao,30,1l|1am|1af|1y|1s|1x|1i|1ab|1p|1aa|1k|1al|1ac|1g|1u|1z|1c|1t|1w|1o|1q|1v|1ai|1b|1ag|1n|1j|1m|1ah|1d,8,6.009204239547867,1a|1ae|1aj|1ak|1e|1f|1h|1r
1.2002839658265856,,,branched-diaryl-alkyl,stage2p,,1,branched-diaryl-alkyl,lightgbm,72.0,72.0,,70.79971603417341,85.22798932445636,56.83132391772753,87.92363316223249,52.72509790502009,-1.2002839658265856,"{""learning_rate"": 0.1, ""n_estimators"": 25, ""num_leaves"": 7}",branched-diaryl-alkyl,family_holdout,ee,1ao,30,1l|1am|1af|1y|1s|1x|1i|1ab|1p|1aa|1k|1al|1ac|1g|1u|1z|1c|1t|1w|1o|1q|1v|1ai|1b|1ag|1n|1j|1m|1ah|1d,8,8.229654220300306,1a|1ae|1aj|1ak|1e|1f|1h|1r
6.866612580343386,119.75107690122276,37.98214825946401,branched-diaryl-alkyl,stage2p,20.859420571877234,1,branched-diaryl-alkyl,gaussian_process,72.0,72.0,,78.86661258034339,107.35790976970108,65.73326846450082,112.13635538374078,65.73315592134657,6.866612580343386,"{""alpha"": 1e-05, ""kernel"": ""1**2 * RBF(length_scale=0.5) + WhiteKernel(noise_level=1)""}",branched-diaryl-alkyl,family_holdout,ee,1ao,30,1l|1am|1af|1y|1s|1x|1i|1ab|1p|1aa|1k|1al|1ac|1g|1u|1z|1c|1t|1w|1o|1q|1v|1ai|1b|1ag|1n|1j|1m|1ah|1d,8,14.538396382002974,1a|1ae|1aj|1ak|1e|1f|1h|1r
19.886309025419564,,,carbonyl-alkyl-aryl,stage2p,,3,carbonyl-alkyl-aryl,ridge_regression,53.0,53.0,,72.88630902541956,70.55548760403776,58.458549923809855,70.75552182876177,52.79705687840894,19.886309025419564,"{""alpha"": 1000.0}",carbonyl-alkyl-aryl,family_holdout,ee,1ae,29,1am|1i|1p|1ao|1ab|1x|1u|1l|1aj|1d|1aa|1s|1ac|1j|1y|1z|1v|1f|1o|1t|1w|1b|1q|1ai|1h|1m|1n|1ah|1c,7,8.463564828062285,1a|1ak|1al|1e|1g|1k|1r
15.611661487453674,,,carbonyl-alkyl-aryl,stage2p,,3,carbonyl-alkyl-aryl,ridge_regression,61.0,61.0,,76.61166148745367,74.28084006607187,62.183902385843965,74.48087429079588,56.52240934044305,15.611661487453674,"{""alpha"": 1000.0}",carbonyl-alkyl-aryl,family_holdout,ee,1af,29,1am|1i|1p|1ao|1ab|1x|1u|1l|1aj|1d|1aa|1s|1ac|1j|1y|1z|1v|1f|1o|1t|1w|1b|1q|1ai|1h|1m|1n|1ah|1c,7,8.463564828062285,1a|1ak|1al|1e|1g|1k|1r
14.111646930847499,,,carbonyl-alkyl-aryl,stage2p,,3,carbonyl-alkyl-aryl,ridge_regression,90.0,90.0,,75.8883530691525,73.5575316477707,61.46059396754279,73.75756587249471,55.799100922141875,-14.111646930847499,"{""alpha"": 1000.0}",carbonyl-alkyl-aryl,family_holdout,ee,1ag,29,1am|1i|1p|1ao|1ab|1x|1u|1l|1aj|1d|1aa|1s|1ac|1j|1y|1z|1v|1f|1o|1t|1w|1b|1q|1ai|1h|1m|1n|1ah|1c,7,8.463564828062285,1a|1ak|1al|1e|1g|1k|1r
15.905541187177676,,,carbonyl-alkyl-aryl,stage2p,,3,carbonyl-alkyl-aryl,elastic_net,53.0,53.0,,68.90554118717768,65.10044572942438,53.69622445236757,65.61578240959423,48.75695413117295,15.905541187177676,"{""alpha"": 10.0, ""l1_ratio"": 0.2}",carbonyl-alkyl-aryl,family_holdout,ee,1ae,29,1am|1i|1p|1ao|1ab|1x|1u|1l|1aj|1d|1aa|1s|1ac|1j|1y|1z|1v|1f|1o|1t|1w|1b|1q|1ai|1h|1m|1n|1ah|1c,7,8.54480344840614,1a|1ak|1al|1e|1g|1k|1r
12.53714584889417,,,carbonyl-alkyl-aryl,stage2p,,3,carbonyl-alkyl-aryl,elastic_net,61.0,61.0,,73.53714584889417,69.73205039114087,58.32782911408406,70.24738707131073,53.38855879288944,12.53714584889417,"{""alpha"": 10.0, ""l1_ratio"": 0.2}",carbonyl-alkyl-aryl,family_holdout,ee,1af,29,1am|1i|1p|1ao|1ab|1x|1u|1l|1aj|1d|1aa|1s|1ac|1j|1y|1z|1v|1f|1o|1t|1w|1b|1q|1ai|1h|1m|1n|1ah|1c,7,8.54480344840614,1a|1ak|1al|1e|1g|1k|1r
18.48131742268714,,,carbonyl-alkyl-aryl,stage2p,,3,carbonyl-alkyl-aryl,elastic_net,90.0,90.0,,71.51868257731286,67.71358711955956,56.30936584250275,68.22892379972942,51.37009552130813,-18.48131742268714,"{""alpha"": 10.0, ""l1_ratio"": 0.2}",carbonyl-alkyl-aryl,family_holdout,ee,1ag,29,1am|1i|1p|1ao|1ab|1x|1u|1l|1aj|1d|1aa|1s|1ac|1j|1y|1z|1v|1f|1o|1t|1w|1b|1q|1ai|1h|1m|1n|1ah|1c,7,8.54480344840614,1a|1ak|1al|1e|1g|1k|1r
22.31643694612005,,,carbonyl-alkyl-aryl,stage2p,,3,carbonyl-alkyl-aryl,lightgbm,53.0,53.0,,75.31643694612005,73.20603249634354,55.17831870226709,74.27265752510837,51.32832917211876,22.31643694612005,"{""learning_rate"": 0.1, ""n_estimators"": 25, ""num_leaves"": 3}",carbonyl-alkyl-aryl,family_holdout,ee,1ae,29,1am|1i|1p|1ao|1ab|1x|1u|1l|1aj|1d|1aa|1s|1ac|1j|1y|1z|1v|1f|1o|1t|1w|1b|1q|1ai|1h|1m|1n|1ah|1c,7,10.557434887734951,1a|1ak|1al|1e|1g|1k|1r
16.650701211559138,,,carbonyl-alkyl-aryl,stage2p,,3,carbonyl-alkyl-aryl,lightgbm,61.0,61.0,,77.65070121155914,75.54029676178263,57.51258296770618,76.60692179054746,53.662593437557845,16.650701211559138,"{""learning_rate"": 0.1, ""n_estimators"": 25, ""num_leaves"": 3}",carbonyl-alkyl-aryl,family_holdout,ee,1af,29,1am|1i|1p|1ao|1ab|1x|1u|1l|1aj|1d|1aa|1s|1ac|1j|1y|1z|1v|1f|1o|1t|1w|1b|1q|1ai|1h|1m|1n|1ah|1c,7,10.557434887734951,1a|1ak|1al|1e|1g|1k|1r
11.448271008316567,,,carbonyl-alkyl-aryl,stage2p,,3,carbonyl-alkyl-aryl,lightgbm,90.0,90.0,,78.55172899168343,76.44132454190692,58.413610747830475,77.50794957067176,54.56362121768214,-11.448271008316567,"{""learning_rate"": 0.1, ""n_estimators"": 25, ""num_leaves"": 3}",carbonyl-alkyl-aryl,family_holdout,ee,1ag,29,1am|1i|1p|1ao|1ab|1x|1u|1l|1aj|1d|1aa|1s|1ac|1j|1y|1z|1v|1f|1o|1t|1w|1b|1q|1ai|1h|1m|1n|1ah|1c,7,10.557434887734951,1a|1ak|1al|1e|1g|1k|1r
24.689655171211655,120.23345500643022,35.14585533599309,carbonyl-alkyl-aryl,stage2p,21.706020324091106,3,carbonyl-alkyl-aryl,gaussian_process,53.0,53.0,,77.68965517121165,85.57591615941608,62.21827715694119,89.17348730725263,60.91214894004816,24.689655171211655,"{""alpha"": 1e-05, ""kernel"": ""1**2 * RBF(length_scale=0.5) + WhiteKernel(noise_level=1)""}",carbonyl-alkyl-aryl,family_holdout,ee,1ae,29,1am|1i|1p|1ao|1ab|1x|1u|1l|1aj|1d|1aa|1s|1ac|1j|1y|1z|1v|1f|1o|1t|1w|1b|1q|1ai|1h|1m|1n|1ah|1c,7,9.95156793088972,1a|1ak|1al|1e|1g|1k|1r
16.689655166627915,120.23345500184648,35.14585533140935,carbonyl-alkyl-aryl,stage2p,21.706020324091106,3,carbonyl-alkyl-aryl,gaussian_process,61.0,61.0,,77.68965516662792,85.57591615483234,62.21827715235745,89.17348730266889,60.91214893546442,16.689655166627915,"{""alpha"": 1e-05, ""kernel"": ""1**2 * RBF(length_scale=0.5) + WhiteKernel(noise_level=1)""}",carbonyl-alkyl-aryl,family_holdout,ee,1af,29,1am|1i|1p|1ao|1ab|1x|1u|1l|1aj|1d|1aa|1s|1ac|1j|1y|1z|1v|1f|1o|1t|1w|1b|1q|1ai|1h|1m|1n|1ah|1c,7,9.95156793088972,1a|1ak|1al|1e|1g|1k|1r
12.310344827585638,120.23345500763293,35.1458553371958,carbonyl-alkyl-aryl,stage2p,21.706020324091106,3,carbonyl-alkyl-aryl,gaussian_process,90.0,90.0,,77.68965517241436,85.57591616061879,62.2182771581439,89.17348730845534,60.91214894125087,-12.310344827585638,"{""alpha"": 1e-05, ""kernel"": ""1**2 * RBF(length_scale=0.5) + WhiteKernel(noise_level=1)""}",carbonyl-alkyl-aryl,family_holdout,ee,1ag,29,1am|1i|1p|1ao|1ab|1x|1u|1l|1aj|1d|1aa|1s|1ac|1j|1y|1z|1v|1f|1o|1t|1w|1b|1q|1ai|1h|1m|1n|1ah|1c,7,9.95156793088972,1a|1ak|1al|1e|1g|1k|1r
5.646694135896865,,,carbonyl-heterocycle-fused,stage2p,,1,carbonyl-heterocycle-fused,ridge_regression,86.0,86.0,,91.64669413589687,104.22004264966928,82.39769802117544,110.1073716755558,72.48024707973302,5.646694135896865,"{""alpha"": 100.0}",carbonyl-heterocycle-fused,family_holdout,ee,1u,30,1am|1i|1p|1ao|1ab|1af|1x|1l|1s|1y|1k|1al|1aa|1ac|1g|1z|1t|1c|1w|1o|1q|1v|1ai|1b|1ag|1n|1j|1m|1ah|1d,8,7.605791210012688,1a|1ae|1aj|1ak|1e|1f|1h|1r
7.555989020028974,,,carbonyl-heterocycle-fused,stage2p,,1,carbonyl-heterocycle-fused,elastic_net,86.0,86.0,,93.55598902002897,109.12999681256045,85.0037056616458,116.27572697694534,77.38944159679184,7.555989020028974,"{""alpha"": 1.0, ""l1_ratio"": 1.0}",carbonyl-heterocycle-fused,family_holdout,ee,1u,30,1am|1i|1p|1ao|1ab|1af|1x|1l|1s|1y|1k|1al|1aa|1ac|1g|1z|1t|1c|1w|1o|1q|1v|1ai|1b|1ag|1n|1j|1m|1ah|1d,8,8.72363885843697,1a|1ae|1aj|1ak|1e|1f|1h|1r
0.1452725893252449,,,carbonyl-heterocycle-fused,stage2p,,1,carbonyl-heterocycle-fused,lightgbm,86.0,86.0,,85.85472741067476,100.60926739081732,79.56897835863852,118.08681248195848,75.0737648301877,-0.1452725893252449,"{""learning_rate"": 0.1, ""n_estimators"": 75, ""num_leaves"": 3}",carbonyl-heterocycle-fused,family_holdout,ee,1u,30,1am|1i|1p|1ao|1ab|1af|1x|1l|1s|1y|1k|1al|1aa|1ac|1g|1z|1t|1c|1w|1o|1q|1v|1ai|1b|1ag|1n|1j|1m|1ah|1d,8,8.71682496073932,1a|1ae|1aj|1ak|1e|1f|1h|1r
0.9391022167286849,121.417399132154,48.70439643438862,carbonyl-heterocycle-fused,stage2p,18.54923538208301,1,carbonyl-heterocycle-fused,gaussian_process,86.0,86.0,,85.06089778327132,113.13522163600581,71.46089649854054,117.87896443520695,71.4608906953011,-0.9391022167286849,"{""alpha"": 1e-05, ""kernel"": ""1**2 * RBF(length_scale=1) + WhiteKernel(noise_level=1)""}",carbonyl-heterocycle-fused,family_holdout,ee,1u,30,1am|1i|1p|1ao|1ab|1af|1x|1l|1s|1y|1k|1al|1aa|1ac|1g|1z|1t|1c|1w|1o|1q|1v|1ai|1b|1ag|1n|1j|1m|1ah|1d,8,14.87669194627682,1a|1ae|1aj|1ak|1e|1f|1h|1r
14.656963535309814,,,cycloalkyl-alkyl-aryl,stage2p,,3,cycloalkyl-alkyl-aryl,ridge_regression,44.0,44.0,,58.65696353530981,72.03738335808563,44.91695507605649,75.50206849100377,35.712453871278896,14.656963535309814,"{""alpha"": 100.0}",cycloalkyl-alkyl-aryl,family_holdout,ee,1aj,29,1i|1am|1p|1ao|1ab|1af|1x|1u|1k|1e|1ac|1s|1aa|1y|1z|1v|1c|1o|1w|1t|1q|1ai|1b|1m|1ag|1n|1h|1j|1ah,7,9.334871716558467,1a|1ae|1d|1f|1g|1l|1r
7.747348852358272,,,cycloalkyl-alkyl-aryl,stage2p,,3,cycloalkyl-alkyl-aryl,ridge_regression,65.0,65.0,,57.25265114764173,70.63307097041755,43.512642688388404,74.09775610333568,34.30814148361081,-7.747348852358272,"{""alpha"": 100.0}",cycloalkyl-alkyl-aryl,family_holdout,ee,1ak,29,1i|1am|1p|1ao|1ab|1af|1x|1u|1k|1e|1ac|1s|1aa|1y|1z|1v|1c|1o|1w|1t|1q|1ai|1b|1m|1ag|1n|1h|1j|1ah,7,9.334871716558467,1a|1ae|1d|1f|1g|1l|1r
16.59127161431448,,,cycloalkyl-alkyl-aryl,stage2p,,3,cycloalkyl-alkyl-aryl,ridge_regression,73.0,73.0,,56.40872838568552,69.78914820846134,42.668719926432196,73.25383334137948,33.4642187216546,-16.59127161431448,"{""alpha"": 100.0}",cycloalkyl-alkyl-aryl,family_holdout,ee,1al,29,1i|1am|1p|1ao|1ab|1af|1x|1u|1k|1e|1ac|1s|1aa|1y|1z|1v|1c|1o|1w|1t|1q|1ai|1b|1m|1ag|1n|1h|1j|1ah,7,9.334871716558467,1a|1ae|1d|1f|1g|1l|1r
19.026890408580826,,,cycloalkyl-alkyl-aryl,stage2p,,3,cycloalkyl-alkyl-aryl,elastic_net,44.0,44.0,,63.026890408580826,71.39610787377693,51.36099581966262,77.16701486103227,45.179485326445956,19.026890408580826,"{""alpha"": 10.0, ""l1_ratio"": 0.2}",cycloalkyl-alkyl-aryl,family_holdout,ee,1aj,29,1i|1am|1p|1ao|1ab|1af|1x|1u|1k|1e|1ac|1s|1aa|1y|1z|1v|1c|1o|1w|1t|1q|1ai|1b|1m|1ag|1n|1h|1j|1ah,7,8.38134249562472,1a|1ae|1d|1f|1g|1l|1r
2.211639298471084,,,cycloalkyl-alkyl-aryl,stage2p,,3,cycloalkyl-alkyl-aryl,elastic_net,65.0,65.0,,67.21163929847108,75.58085676366719,55.54574470955288,81.35176375092253,49.364234216336214,2.211639298471084,"{""alpha"": 10.0, ""l1_ratio"": 0.2}",cycloalkyl-alkyl-aryl,family_holdout,ee,1ak,29,1i|1am|1p|1ao|1ab|1af|1x|1u|1k|1e|1ac|1s|1aa|1y|1z|1v|1c|1o|1w|1t|1q|1ai|1b|1m|1ag|1n|1h|1j|1ah,7,8.38134249562472,1a|1ae|1d|1f|1g|1l|1r
5.240293985099839,,,cycloalkyl-alkyl-aryl,stage2p,,3,cycloalkyl-alkyl-aryl,elastic_net,73.0,73.0,,67.75970601490016,76.12892348009626,56.093811425981954,81.8998304673516,49.91230093276529,-5.240293985099839,"{""alpha"": 10.0, ""l1_ratio"": 0.2}",cycloalkyl-alkyl-aryl,family_holdout,ee,1al,29,1i|1am|1p|1ao|1ab|1af|1x|1u|1k|1e|1ac|1s|1aa|1y|1z|1v|1c|1o|1w|1t|1q|1ai|1b|1m|1ag|1n|1h|1j|1ah,7,8.38134249562472,1a|1ae|1d|1f|1g|1l|1r
25.414435693402908,,,cycloalkyl-alkyl-aryl,stage2p,,3,cycloalkyl-alkyl-aryl,lightgbm,44.0,44.0,,69.41443569340291,76.91934470250003,61.270098547920725,77.19227988912387,55.91100813531241,25.414435693402908,"{""learning_rate"": 0.1, ""n_estimators"": 25, ""num_leaves"": 3}",cycloalkyl-alkyl-aryl,family_holdout,ee,1aj,29,1i|1am|1p|1ao|1ab|1af|1x|1u|1k|1e|1ac|1s|1aa|1y|1z|1v|1c|1o|1w|1t|1q|1ai|1b|1m|1ag|1n|1h|1j|1ah,7,5.177627425833668,1a|1ae|1d|1f|1g|1l|1r
8.423832905950306,,,cycloalkyl-alkyl-aryl,stage2p,,3,cycloalkyl-alkyl-aryl,lightgbm,65.0,65.0,,56.576167094049694,64.08107610314681,48.43182994856751,64.35401128977065,43.072739535959194,-8.423832905950306,"{""learning_rate"": 0.1, ""n_estimators"": 25, ""num_leaves"": 3}",cycloalkyl-alkyl-aryl,family_holdout,ee,1ak,29,1i|1am|1p|1ao|1ab|1af|1x|1u|1k|1e|1ac|1s|1aa|1y|1z|1v|1c|1o|1w|1t|1q|1ai|1b|1m|1ag|1n|1h|1j|1ah,7,5.177627425833668,1a|1ae|1d|1f|1g|1l|1r
5.998650415758476,,,cycloalkyl-alkyl-aryl,stage2p,,3,cycloalkyl-alkyl-aryl,lightgbm,73.0,73.0,,67.00134958424152,74.50625859333864,58.85701243875934,74.77919377996248,53.49792202615102,-5.998650415758476,"{""learning_rate"": 0.1, ""n_estimators"": 25, ""num_leaves"": 3}",cycloalkyl-alkyl-aryl,family_holdout,ee,1al,29,1i|1am|1p|1ao|1ab|1af|1x|1u|1k|1e|1ac|1s|1aa|1y|1z|1v|1c|1o|1w|1t|1q|1ai|1b|1m|1ag|1n|1h|1j|1ah,7,5.177627425833668,1a|1ae|1d|1f|1g|1l|1r
34.78780615675531,120.49096531344584,37.08464700006478,cycloalkyl-alkyl-aryl,stage2p,21.27712201871966,3,cycloalkyl-alkyl-aryl,gaussian_process,44.0,44.0,,78.78780615675531,88.14812486996772,66.78090297900712,100.4106051884008,65.8808955247281,34.78780615675531,"{""alpha"": 1e-05, ""kernel"": ""1**2 * RBF(length_scale=2) + WhiteKernel(noise_level=1)""}",cycloalkyl-alkyl-aryl,family_holdout,ee,1aj,29,1i|1am|1p|1ao|1ab|1af|1x|1u|1k|1e|1ac|1s|1aa|1y|1z|1v|1c|1o|1w|1t|1q|1ai|1b|1m|1ag|1n|1h|1j|1ah,7,10.125218725182751,1a|1ae|1d|1f|1g|1l|1r
13.79204092203912,120.49520057049858,37.088881273579666,cycloalkyl-alkyl-aryl,stage2p,21.277122269622172,3,cycloalkyl-alkyl-aryl,gaussian_process,65.0,65.0,,78.79204092203912,88.15235963525153,66.78513774429094,100.4148399536846,65.88513029001192,13.79204092203912,"{""alpha"": 1e-05, ""kernel"": ""1**2 * RBF(length_scale=2) + WhiteKernel(noise_level=1)""}",cycloalkyl-alkyl-aryl,family_holdout,ee,1ak,29,1i|1am|1p|1ao|1ab|1af|1x|1u|1k|1e|1ac|1s|1aa|1y|1z|1v|1c|1o|1w|1t|1q|1ai|1b|1m|1ag|1n|1h|1j|1ah,7,10.125218725182751,1a|1ae|1d|1f|1g|1l|1r
5.792727851624761,120.49588751812253,37.08956818512699,cycloalkyl-alkyl-aryl,stage2p,21.27712227882539,3,cycloalkyl-alkyl-aryl,gaussian_process,73.0,73.0,,78.79272785162476,88.15304656483717,66.78582467387658,100.41552688327025,65.88581721959756,5.792727851624761,"{""alpha"": 1e-05, ""kernel"": ""1**2 * RBF(length_scale=2) + WhiteKernel(noise_level=1)""}",cycloalkyl-alkyl-aryl,family_holdout,ee,1al,29,1i|1am|1p|1ao|1ab|1af|1x|1u|1k|1e|1ac|1s|1aa|1y|1z|1v|1c|1o|1w|1t|1q|1ai|1b|1m|1ag|1n|1h|1j|1ah,7,10.125218725182751,1a|1ae|1d|1f|1g|1l|1r
21.768525791187926,,,cycloalkyl-aryl,stage2p,,1,cycloalkyl-aryl,ridge_regression,45.0,45.0,,66.76852579118793,82.75988022351001,56.8848116108194,92.95013391488541,48.36432131936176,21.768525791187926,"{""alpha"": 100.0}",cycloalkyl-aryl,family_holdout,ee,1am,30,1i|1al|1u|1ao|1ab|1af|1x|1p|1l|1aa|1k|1s|1ac|1g|1y|1z|1c|1w|1t|1o|1q|1v|1ai|1b|1ag|1n|1j|1m|1ah|1d,8,9.325019244337637,1a|1ae|1aj|1ak|1e|1f|1h|1r
12.823787530800075,,,cycloalkyl-aryl,stage2p,,1,cycloalkyl-aryl,elastic_net,45.0,45.0,,57.823787530800075,74.77858928186413,47.69644939280908,83.99133265935652,40.276723622180796,12.823787530800075,"{""alpha"": 1.0, ""l1_ratio"": 1.0}",cycloalkyl-aryl,family_holdout,ee,1am,30,1i|1al|1u|1ao|1ab|1af|1x|1p|1l|1aa|1k|1s|1ac|1g|1y|1z|1c|1w|1t|1o|1q|1v|1ai|1b|1ag|1n|1j|1m|1ah|1d,8,10.782123357010244,1a|1ae|1aj|1ak|1e|1f|1h|1r
21.052118130116966,,,cycloalkyl-aryl,stage2p,,1,cycloalkyl-aryl,lightgbm,45.0,45.0,,66.05211813011697,85.50775724696828,63.109996746095995,102.13228256994152,60.67309134751885,21.052118130116966,"{""learning_rate"": 0.1, ""n_estimators"": 75, ""num_leaves"": 7}",cycloalkyl-aryl,family_holdout,ee,1am,30,1i|1al|1u|1ao|1ab|1af|1x|1p|1l|1aa|1k|1s|1ac|1g|1y|1z|1c|1w|1t|1o|1q|1v|1ai|1b|1ag|1n|1j|1m|1ah|1d,8,8.709608391571887,1a|1ae|1aj|1ak|1e|1f|1h|1r
34.766646438578434,118.81687735759391,40.71641551956296,cycloalkyl-aryl,stage2p,19.923587203579324,1,cycloalkyl-aryl,gaussian_process,45.0,45.0,,79.76664643857843,109.17621095262675,67.53331837194685,113.94402344796259,67.53328541559641,34.766646438578434,"{""alpha"": 1e-05, ""kernel"": ""1**2 * RBF(length_scale=1) + WhiteKernel(noise_level=1)""}",cycloalkyl-aryl,family_holdout,ee,1am,30,1i|1al|1u|1ao|1ab|1af|1x|1p|1l|1aa|1k|1s|1ac|1g|1y|1z|1c|1w|1t|1o|1q|1v|1ai|1b|1ag|1n|1j|1m|1ah|1d,8,14.52672866745825,1a|1ae|1aj|1ak|1e|1f|1h|1r
1.099056979341725,,,diaryl-ethyl-aryl-substituted,stage2p,,12,diaryl-ethyl-aryl-substituted,ridge_regression,80.0,80.0,,81.09905697934173,97.64166588573869,64.57660320867572,99.85101159025056,58.92728935503188,1.099056979341725,"{""alpha"": 100.0}",diaryl-ethyl-aryl-substituted,family_holdout,ee,1b,22,1am|1q|1ao|1ab|1af|1x|1s|1al|1y|1ac|1z|1w|1u|1aa|1v|1o|1t|1p|1ai|1ag|1n|1ah,5,12.285400665686678,1a|1ae|1aj|1ak|1r
11.286877978381497,,,diaryl-ethyl-aryl-substituted,stage2p,,12,diaryl-ethyl-aryl-substituted,ridge_regression,92.0,92.0,,80.7131220216185,97.25573092801545,64.1906682509525,99.46507663252734,58.54135439730866,-11.286877978381497,"{""alpha"": 100.0}",diaryl-ethyl-aryl-substituted,family_holdout,ee,1c,22,1am|1q|1ao|1ab|1af|1x|1s|1al|1y|1ac|1z|1w|1u|1aa|1v|1o|1t|1p|1ai|1ag|1n|1ah,5,12.285400665686678,1a|1ae|1aj|1ak|1r
2.855097696353724,,,diaryl-ethyl-aryl-substituted,stage2p,,12,diaryl-ethyl-aryl-substituted,ridge_regression,90.0,90.0,,87.14490230364628,103.68751121004323,70.62244853298027,105.89685691455512,64.97313467933643,-2.855097696353724,"{""alpha"": 100.0}",diaryl-ethyl-aryl-substituted,family_holdout,ee,1d,22,1am|1q|1ao|1ab|1af|1x|1s|1al|1y|1ac|1z|1w|1u|1aa|1v|1o|1t|1p|1ai|1ag|1n|1ah,5,12.285400665686678,1a|1ae|1aj|1ak|1r
1.5074867278484447,,,diaryl-ethyl-aryl-substituted,stage2p,,12,diaryl-ethyl-aryl-substituted,ridge_regression,92.0,92.0,,93.50748672784844,110.0500956342454,76.98503295718244,112.25944133875728,71.3357191035386,1.5074867278484447,"{""alpha"": 100.0}",diaryl-ethyl-aryl-substituted,family_holdout,ee,1e,22,1am|1q|1ao|1ab|1af|1x|1s|1al|1y|1ac|1z|1w|1u|1aa|1v|1o|1t|1p|1ai|1ag|1n|1ah,5,12.285400665686678,1a|1ae|1aj|1ak|1r
1.941129385857593,,,diaryl-ethyl-aryl-substituted,stage2p,,12,diaryl-ethyl-aryl-substituted,ridge_regression,90.0,90.0,,91.9411293858576,108.48373829225454,75.41867561519159,110.69308399676643,69.76936176154774,1.941129385857593,"{""alpha"": 100.0}",diaryl-ethyl-aryl-substituted,family_holdout,ee,1f,22,1am|1q|1ao|1ab|1af|1x|1s|1al|1y|1ac|1z|1w|1u|1aa|1v|1o|1t|1p|1ai|1ag|1n|1ah,5,12.285400665686678,1a|1ae|1aj|1ak|1r
3.9101339196103027,,,diaryl-ethyl-aryl-substituted,stage2p,,12,diaryl-ethyl-aryl-substituted,ridge_regression,90.0,90.0,,86.0898660803897,102.63247498678666,69.5674123097237,104.84182069129854,63.91809845607985,-3.9101339196103027,"{""alpha"": 100.0}",diaryl-ethyl-aryl-substituted,family_holdout,ee,1g,22,1am|1q|1ao|1ab|1af|1x|1s|1al|1y|1ac|1z|1w|1u|1aa|1v|1o|1t|1p|1ai|1ag|1n|1ah,5,12.285400665686678,1a|1ae|1aj|1ak|1r
3.2984073646390755,,,diaryl-ethyl-aryl-substituted,stage2p,,12,diaryl-ethyl-aryl-substituted,ridge_regression,90.0,90.0,,86.70159263536092,103.24420154175789,70.17913886469492,105.45354724626976,64.52982501105109,-3.2984073646390755,"{""alpha"": 100.0}",diaryl-ethyl-aryl-substituted,family_holdout,ee,1h,22,1am|1q|1ao|1ab|1af|1x|1s|1al|1y|1ac|1z|1w|1u|1aa|1v|1o|1t|1p|1ai|1ag|1n|1ah,5,12.285400665686678,1a|1ae|1aj|1ak|1r
13.413854042450566,,,diaryl-ethyl-aryl-substituted,stage2p,,12,diaryl-ethyl-aryl-substituted,ridge_regression,73.0,73.0,,86.41385404245057,102.95646294884753,69.89140027178456,105.1658086533594,64.24208641814073,13.413854042450566,"{""alpha"": 100.0}",diaryl-ethyl-aryl-substituted,family_holdout,ee,1i,22,1am|1q|1ao|1ab|1af|1x|1s|1al|1y|1ac|1z|1w|1u|1aa|1v|1o|1t|1p|1ai|1ag|1n|1ah,5,12.285400665686678,1a|1ae|1aj|1ak|1r
14.92158533039516,,,diaryl-ethyl-aryl-substituted,stage2p,,12,diaryl-ethyl-aryl-substituted,ridge_regression,95.0,95.0,,80.07841466960484,96.62102357600179,63.555960898938835,98.83036928051368,57.906647045294996,-14.92158533039516,"{""alpha"": 100.0}",diaryl-ethyl-aryl-substituted,family_holdout,ee,1j,22,1am|1q|1ao|1ab|1af|1x|1s|1al|1y|1ac|1z|1w|1u|1aa|1v|1o|1t|1p|1ai|1ag|1n|1ah,5,12.285400665686678,1a|1ae|1aj|1ak|1r
3.352948229724234,,,diaryl-ethyl-aryl-substituted,stage2p,,12,diaryl-ethyl-aryl-substituted,ridge_regression,95.0,95.0,,91.64705177027577,108.18966067667273,75.12459799960976,110.3990063811846,69.47528414596593,-3.352948229724234,"{""alpha"": 100.0}",diaryl-ethyl-aryl-substituted,family_holdout,ee,1k,22,1am|1q|1ao|1ab|1af|1x|1s|1al|1y|1ac|1z|1w|1u|1aa|1v|1o|1t|1p|1ai|1ag|1n|1ah,5,12.285400665686678,1a|1ae|1aj|1ak|1r
18.0,,,diaryl-ethyl-aryl-substituted,stage2p,,12,diaryl-ethyl-aryl-substituted,ridge_regression,82.0,82.0,,100.0,116.54260890639696,83.477546229334,118.75195461090884,77.82823237569016,18.0,"{""alpha"": 100.0}",diaryl-ethyl-aryl-substituted,family_holdout,ee,1l,22,1am|1q|1ao|1ab|1af|1x|1s|1al|1y|1ac|1z|1w|1u|1aa|1v|1o|1t|1p|1ai|1ag|1n|1ah,5,12.285400665686678,1a|1ae|1aj|1ak|1r
6.0,,,diaryl-ethyl-aryl-substituted,stage2p,,12,diaryl-ethyl-aryl-substituted,ridge_regression,94.0,94.0,,100.0,116.54260890639696,83.477546229334,118.75195461090884,77.82823237569016,6.0,"{""alpha"": 100.0}",diaryl-ethyl-aryl-substituted,family_holdout,ee,1m,22,1am|1q|1ao|1ab|1af|1x|1s|1al|1y|1ac|1z|1w|1u|1aa|1v|1o|1t|1p|1ai|1ag|1n|1ah,5,12.285400665686678,1a|1ae|1aj|1ak|1r
1.1251167511063898,,,diaryl-ethyl-aryl-substituted,stage2p,,12,diaryl-ethyl-aryl-substituted,elastic_net,80.0,80.0,,78.87488324889361,96.73582892030527,63.31033209257027,98.2335327136043,59.45137738343553,-1.1251167511063898,"{""alpha"": 10.0, ""l1_ratio"": 0.2}",diaryl-ethyl-aryl-substituted,family_holdout,ee,1b,22,1am|1q|1ao|1ab|1af|1x|1s|1al|1y|1ac|1z|1w|1u|1aa|1v|1o|1t|1p|1ai|1ag|1n|1ah,5,13.201206830989609,1a|1ae|1aj|1ak|1r
11.400465488579115,,,diaryl-ethyl-aryl-substituted,stage2p,,12,diaryl-ethyl-aryl-substituted,elastic_net,92.0,92.0,,80.59953451142088,98.46048018283255,65.03498335509755,99.95818397613158,61.1760286459628,-11.400465488579115,"{""alpha"": 10.0, ""l1_ratio"": 0.2}",diaryl-ethyl-aryl-substituted,family_holdout,ee,1c,22,1am|1q|1ao|1ab|1af|1x|1s|1al|1y|1ac|1z|1w|1u|1aa|1v|1o|1t|1p|1ai|1ag|1n|1ah,5,13.201206830989609,1a|1ae|1aj|1ak|1r
7.115404227055194,,,diaryl-ethyl-aryl-substituted,stage2p,,12,diaryl-ethyl-aryl-substituted,elastic_net,90.0,90.0,,82.8845957729448,100.74554144435646,67.32004461662147,102.2432452376555,63.46108990748672,-7.115404227055194,"{""alpha"": 10.0, ""l1_ratio"": 0.2}",diaryl-ethyl-aryl-substituted,family_holdout,ee,1d,22,1am|1q|1ao|1ab|1af|1x|1s|1al|1y|1ac|1z|1w|1u|1aa|1v|1o|1t|1p|1ai|1ag|1n|1ah,5,13.201206830989609,1a|1ae|1aj|1ak|1r
8.685695597955657,,,diaryl-ethyl-aryl-substituted,stage2p,,12,diaryl-ethyl-aryl-substituted,elastic_net,92.0,92.0,,83.31430440204434,101.175250073456,67.74975324572101,102.67295386675504,63.89079853658626,-8.685695597955657,"{""alpha"": 10.0, ""l1_ratio"": 0.2}",diaryl-ethyl-aryl-substituted,family_holdout,ee,1e,22,1am|1q|1ao|1ab|1af|1x|1s|1al|1y|1ac|1z|1w|1u|1aa|1v|1o|1t|1p|1ai|1ag|1n|1ah,5,13.201206830989609,1a|1ae|1aj|1ak|1r
10.043476171712825,,,diaryl-ethyl-aryl-substituted,stage2p,,12,diaryl-ethyl-aryl-substituted,elastic_net,90.0,90.0,,79.95652382828717,97.81746949969883,64.39197267196384,99.31517329299787,60.53301796282909,-10.043476171712825,"{""alpha"": 10.0, ""l1_ratio"": 0.2}",diaryl-ethyl-aryl-substituted,family_holdout,ee,1f,22,1am|1q|1ao|1ab|1af|1x|1s|1al|1y|1ac|1z|1w|1u|1aa|1v|1o|1t|1p|1ai|1ag|1n|1ah,5,13.201206830989609,1a|1ae|1aj|1ak|1r
10.715669129804184,,,diaryl-ethyl-aryl-substituted,stage2p,,12,diaryl-ethyl-aryl-substituted,elastic_net,90.0,90.0,,79.28433087019582,97.14527654160747,63.71977971387248,98.64298033490651,59.860825004737734,-10.715669129804184,"{""alpha"": 10.0, ""l1_ratio"": 0.2}",diaryl-ethyl-aryl-substituted,family_holdout,ee,1g,22,1am|1q|1ao|1ab|1af|1x|1s|1al|1y|1ac|1z|1w|1u|1aa|1v|1o|1t|1p|1ai|1ag|1n|1ah,5,13.201206830989609,1a|1ae|1aj|1ak|1r
10.341440121596662,,,diaryl-ethyl-aryl-substituted,stage2p,,12,diaryl-ethyl-aryl-substituted,elastic_net,90.0,90.0,,79.65855987840334,97.519505549815,64.09400872208,99.01720934311403,60.235054012945255,-10.341440121596662,"{""alpha"": 10.0, ""l1_ratio"": 0.2}",diaryl-ethyl-aryl-substituted,family_holdout,ee,1h,22,1am|1q|1ao|1ab|1af|1x|1s|1al|1y|1ac|1z|1w|1u|1aa|1v|1o|1t|1p|1ai|1ag|1n|1ah,5,13.201206830989609,1a|1ae|1aj|1ak|1r
6.64858058712818,,,diaryl-ethyl-aryl-substituted,stage2p,,12,diaryl-ethyl-aryl-substituted,elastic_net,73.0,73.0,,79.64858058712818,97.50952625853984,64.08402943080485,99.00723005183887,60.2250747216701,6.64858058712818,"{""alpha"": 10.0, ""l1_ratio"": 0.2}",diaryl-ethyl-aryl-substituted,family_holdout,ee,1i,22,1am|1q|1ao|1ab|1af|1x|1s|1al|1y|1ac|1z|1w|1u|1aa|1v|1o|1t|1p|1ai|1ag|1n|1ah,5,13.201206830989609,1a|1ae|1aj|1ak|1r
15.218131505790936,,,diaryl-ethyl-aryl-substituted,stage2p,,12,diaryl-ethyl-aryl-substituted,elastic_net,95.0,95.0,,79.78186849420906,97.64281416562073,64.21731733788573,99.14051795891976,60.35836262875098,-15.218131505790936,"{""alpha"": 10.0, ""l1_ratio"": 0.2}",diaryl-ethyl-aryl-substituted,family_holdout,ee,1j,22,1am|1q|1ao|1ab|1af|1x|1s|1al|1y|1ac|1z|1w|1u|1aa|1v|1o|1t|1p|1ai|1ag|1n|1ah,5,13.201206830989609,1a|1ae|1aj|1ak|1r
9.638122883887917,,,diaryl-ethyl-aryl-substituted,stage2p,,12,diaryl-ethyl-aryl-substituted,elastic_net,95.0,95.0,,85.36187711611208,103.22282278752374,69.79732595978875,104.72052658082278,65.938371250654,-9.638122883887917,"{""alpha"": 10.0, ""l1_ratio"": 0.2}",diaryl-ethyl-aryl-substituted,family_holdout,ee,1k,22,1am|1q|1ao|1ab|1af|1x|1s|1al|1y|1ac|1z|1w|1u|1aa|1v|1o|1t|1p|1ai|1ag|1n|1ah,5,13.201206830989609,1a|1ae|1aj|1ak|1r
1.8143350524453297,,,diaryl-ethyl-aryl-substituted,stage2p,,12,diaryl-ethyl-aryl-substituted,elastic_net,82.0,82.0,,80.18566494755467,98.04661061896633,64.62111379123134,99.54431441226536,60.76215908209659,-1.8143350524453297,"{""alpha"": 10.0, ""l1_ratio"": 0.2}",diaryl-ethyl-aryl-substituted,family_holdout,ee,1l,22,1am|1q|1ao|1ab|1af|1x|1s|1al|1y|1ac|1z|1w|1u|1aa|1v|1o|1t|1p|1ai|1ag|1n|1ah,5,13.201206830989609,1a|1ae|1aj|1ak|1r
16.833405160182835,,,diaryl-ethyl-aryl-substituted,stage2p,,12,diaryl-ethyl-aryl-substituted,elastic_net,94.0,94.0,,77.16659483981717,95.02754051122884,61.602043683493825,96.52524430452786,57.74308897435908,-16.833405160182835,"{""alpha"": 10.0, ""l1_ratio"": 0.2}",diaryl-ethyl-aryl-substituted,family_holdout,ee,1m,22,1am|1q|1ao|1ab|1af|1x|1s|1al|1y|1ac|1z|1w|1u|1aa|1v|1o|1t|1p|1ai|1ag|1n|1ah,5,13.201206830989609,1a|1ae|1aj|1ak|1r
8.91617766279559,,,diaryl-ethyl-aryl-substituted,stage2p,,12,diaryl-ethyl-aryl-substituted,lightgbm,80.0,80.0,,71.08382233720441,99.00571437896815,61.243733069610116,106.41868309787543,60.45460884113264,-8.91617766279559,"{""learning_rate"": 0.03, ""n_estimators"": 25, ""num_leaves"": 7}",diaryl-ethyl-aryl-substituted,family_holdout,ee,1b,22,1am|1q|1ao|1ab|1af|1x|1s|1al|1y|1ac|1z|1w|1u|1aa|1v|1o|1t|1p|1ai|1ag|1n|1ah,5,15.255717840301239,1a|1ae|1aj|1ak|1r
28.870361331973555,,,diaryl-ethyl-aryl-substituted,stage2p,,12,diaryl-ethyl-aryl-substituted,lightgbm,92.0,92.0,,63.129638668026445,91.05153070979019,53.28954940043215,98.46449942869745,52.500425171954674,-28.870361331973555,"{""learning_rate"": 0.03, ""n_estimators"": 25, ""num_leaves"": 7}",diaryl-ethyl-aryl-substituted,family_holdout,ee,1c,22,1am|1q|1ao|1ab|1af|1x|1s|1al|1y|1ac|1z|1w|1u|1aa|1v|1o|1t|1p|1ai|1ag|1n|1ah,5,15.255717840301239,1a|1ae|1aj|1ak|1r
13.651736380070844,,,diaryl-ethyl-aryl-substituted,stage2p,,12,diaryl-ethyl-aryl-substituted,lightgbm,90.0,90.0,,76.34826361992916,104.2701556616929,66.50817435233486,111.68312438060016,65.71905012385739,-13.651736380070844,"{""learning_rate"": 0.03, ""n_estimators"": 25, ""num_leaves"": 7}",diaryl-ethyl-aryl-substituted,family_holdout,ee,1d,22,1am|1q|1ao|1ab|1af|1x|1s|1al|1y|1ac|1z|1w|1u|1aa|1v|1o|1t|1p|1ai|1ag|1n|1ah,5,15.255717840301239,1a|1ae|1aj|1ak|1r
9.9025107504892,,,diaryl-ethyl-aryl-substituted,stage2p,,12,diaryl-ethyl-aryl-substituted,lightgbm,92.0,92.0,,82.0974892495108,110.01938129127454,72.2573999819165,117.4323500101818,71.46827575343903,-9.9025107504892,"{""learning_rate"": 0.03, ""n_estimators"": 25, ""num_leaves"": 7}",diaryl-ethyl-aryl-substituted,family_holdout,ee,1e,22,1am|1q|1ao|1ab|1af|1x|1s|1al|1y|1ac|1z|1w|1u|1aa|1v|1o|1t|1p|1ai|1ag|1n|1ah,5,15.255717840301239,1a|1ae|1aj|1ak|1r
8.252285035625505,,,diaryl-ethyl-aryl-substituted,stage2p,,12,diaryl-ethyl-aryl-substituted,lightgbm,90.0,90.0,,81.7477149643745,109.66960700613824,71.9076256967802,117.0825757250455,71.11850146830272,-8.252285035625505,"{""learning_rate"": 0.03, ""n_estimators"": 25, ""num_leaves"": 7}",diaryl-ethyl-aryl-substituted,family_holdout,ee,1f,22,1am|1q|1ao|1ab|1af|1x|1s|1al|1y|1ac|1z|1w|1u|1aa|1v|1o|1t|1p|1ai|1ag|1n|1ah,5,15.255717840301239,1a|1ae|1aj|1ak|1r
9.238527850629652,,,diaryl-ethyl-aryl-substituted,stage2p,,12,diaryl-ethyl-aryl-substituted,lightgbm,90.0,90.0,,80.76147214937035,108.68336419113409,70.92138288177605,116.09633291004135,70.13225865329858,-9.238527850629652,"{""learning_rate"": 0.03, ""n_estimators"": 25, ""num_leaves"": 7}",diaryl-ethyl-aryl-substituted,family_holdout,ee,1g,22,1am|1q|1ao|1ab|1af|1x|1s|1al|1y|1ac|1z|1w|1u|1aa|1v|1o|1t|1p|1ai|1ag|1n|1ah,5,15.255717840301239,1a|1ae|1aj|1ak|1r
8.892254905564258,,,diaryl-ethyl-aryl-substituted,stage2p,,12,diaryl-ethyl-aryl-substituted,lightgbm,90.0,90.0,,81.10774509443574,109.02963713619948,71.26765582684145,116.44260585510676,70.47853159836397,-8.892254905564258,"{""learning_rate"": 0.03, ""n_estimators"": 25, ""num_leaves"": 7}",diaryl-ethyl-aryl-substituted,family_holdout,ee,1h,22,1am|1q|1ao|1ab|1af|1x|1s|1al|1y|1ac|1z|1w|1u|1aa|1v|1o|1t|1p|1ai|1ag|1n|1ah,5,15.255717840301239,1a|1ae|1aj|1ak|1r
2.148628140577131,,,diaryl-ethyl-aryl-substituted,stage2p,,12,diaryl-ethyl-aryl-substituted,lightgbm,73.0,73.0,,75.14862814057713,103.07052018234087,65.30853887298284,110.48348890124814,64.51941464450536,2.148628140577131,"{""learning_rate"": 0.03, ""n_estimators"": 25, ""num_leaves"": 7}",diaryl-ethyl-aryl-substituted,family_holdout,ee,1i,22,1am|1q|1ao|1ab|1af|1x|1s|1al|1y|1ac|1z|1w|1u|1aa|1v|1o|1t|1p|1ai|1ag|1n|1ah,5,15.255717840301239,1a|1ae|1aj|1ak|1r
13.616093461038446,,,diaryl-ethyl-aryl-substituted,stage2p,,12,diaryl-ethyl-aryl-substituted,lightgbm,95.0,95.0,,81.38390653896155,109.3057985807253,71.54381727136726,116.71876729963256,70.75469304288978,-13.616093461038446,"{""learning_rate"": 0.03, ""n_estimators"": 25, ""num_leaves"": 7}",diaryl-ethyl-aryl-substituted,family_holdout,ee,1j,22,1am|1q|1ao|1ab|1af|1x|1s|1al|1y|1ac|1z|1w|1u|1aa|1v|1o|1t|1p|1ai|1ag|1n|1ah,5,15.255717840301239,1a|1ae|1aj|1ak|1r
18.998009325136238,,,diaryl-ethyl-aryl-substituted,stage2p,,12,diaryl-ethyl-aryl-substituted,lightgbm,95.0,95.0,,76.00199067486376,103.9238827166275,66.16190140726947,111.33685143553478,65.37277717879199,-18.998009325136238,"{""learning_rate"": 0.03, ""n_estimators"": 25, ""num_leaves"": 7}",diaryl-ethyl-aryl-substituted,family_holdout,ee,1k,22,1am|1q|1ao|1ab|1af|1x|1s|1al|1y|1ac|1z|1w|1u|1aa|1v|1o|1t|1p|1ai|1ag|1n|1ah,5,15.255717840301239,1a|1ae|1aj|1ak|1r
1.0760767885016946,,,diaryl-ethyl-aryl-substituted,stage2p,,12,diaryl-ethyl-aryl-substituted,lightgbm,82.0,82.0,,80.9239232114983,108.84581525326205,71.08383394390401,116.25878397216931,70.29470971542654,-1.0760767885016946,"{""learning_rate"": 0.03, ""n_estimators"": 25, ""num_leaves"": 7}",diaryl-ethyl-aryl-substituted,family_holdout,ee,1l,22,1am|1q|1ao|1ab|1af|1x|1s|1al|1y|1ac|1z|1w|1u|1aa|1v|1o|1t|1p|1ai|1ag|1n|1ah,5,15.255717840301239,1a|1ae|1aj|1ak|1r
22.043982617788203,,,diaryl-ethyl-aryl-substituted,stage2p,,12,diaryl-ethyl-aryl-substituted,lightgbm,94.0,94.0,,71.9560173822118,99.87790942397554,62.1159281146175,107.2908781428828,61.32680388614003,-22.043982617788203,"{""learning_rate"": 0.03, ""n_estimators"": 25, ""num_leaves"": 7}",diaryl-ethyl-aryl-substituted,family_holdout,ee,1m,22,1am|1q|1ao|1ab|1af|1x|1s|1al|1y|1ac|1z|1w|1u|1aa|1v|1o|1t|1p|1ai|1ag|1n|1ah,5,15.255717840301239,1a|1ae|1aj|1ak|1r
5.1422236418581235,119.61672419961124,30.098828516672505,diaryl-ethyl-aryl-substituted,stage2p,22.836197878300702,12,diaryl-ethyl-aryl-substituted,gaussian_process,80.0,80.0,,74.85777635814188,102.1086693638575,62.12755175648588,104.81520586252321,58.822353515794994,-5.1422236418581235,"{""alpha"": 1e-05, ""kernel"": ""1**2 * RBF(length_scale=0.5) + WhiteKernel(noise_level=10)""}",diaryl-ethyl-aryl-substituted,family_holdout,ee,1b,22,1am|1q|1ao|1ab|1af|1x|1s|1al|1y|1ac|1z|1w|1u|1aa|1v|1o|1t|1p|1ai|1ag|1n|1ah,5,17.06266871263863,1a|1ae|1aj|1ak|1r
17.13632976967932,119.62281657523195,30.104523885409414,diaryl-ethyl-aryl-substituted,stage2p,22.836299155566973,12,diaryl-ethyl-aryl-substituted,gaussian_process,92.0,92.0,,74.86367023032068,102.1145632360363,62.13344562866468,104.82109973470202,58.828247387973796,-17.13632976967932,"{""alpha"": 1e-05, ""kernel"": ""1**2 * RBF(length_scale=0.5) + WhiteKernel(noise_level=10)""}",diaryl-ethyl-aryl-substituted,family_holdout,ee,1c,22,1am|1q|1ao|1ab|1af|1x|1s|1al|1y|1ac|1z|1w|1u|1aa|1v|1o|1t|1p|1ai|1ag|1n|1ah,5,17.06266871263863,1a|1ae|1aj|1ak|1r
15.13636363636364,119.62278270861714,30.10449001865559,diaryl-ethyl-aryl-substituted,stage2p,22.836299155602433,12,diaryl-ethyl-aryl-substituted,gaussian_process,90.0,90.0,,74.86363636363636,102.11452936935197,62.13341176198036,104.82106586801768,58.82821352128948,-15.13636363636364,"{""alpha"": 1e-05, ""kernel"": ""1**2 * RBF(length_scale=0.5) + WhiteKernel(noise_level=10)""}",diaryl-ethyl-aryl-substituted,family_holdout,ee,1d,22,1am|1q|1ao|1ab|1af|1x|1s|1al|1y|1ac|1z|1w|1u|1aa|1v|1o|1t|1p|1ai|1ag|1n|1ah,5,17.06266871263863,1a|1ae|1aj|1ak|1r
17.13636363636364,119.62278270861714,30.10449001865559,diaryl-ethyl-aryl-substituted,stage2p,22.836299155602433,12,diaryl-ethyl-aryl-substituted,gaussian_process,92.0,92.0,,74.86363636363636,102.11452936935197,62.13341176198036,104.82106586801768,58.82821352128948,-17.13636363636364,"{""alpha"": 1e-05, ""kernel"": ""1**2 * RBF(length_scale=0.5) + WhiteKernel(noise_level=10)""}",diaryl-ethyl-aryl-substituted,family_holdout,ee,1e,22,1am|1q|1ao|1ab|1af|1x|1s|1al|1y|1ac|1z|1w|1u|1aa|1v|1o|1t|1p|1ai|1ag|1n|1ah,5,17.06266871263863,1a|1ae|1aj|1ak|1r
15.13636363636364,119.62278270861714,30.10449001865559,diaryl-ethyl-aryl-substituted,stage2p,22.836299155602433,12,diaryl-ethyl-aryl-substituted,gaussian_process,90.0,90.0,,74.86363636363636,102.11452936935197,62.13341176198036,104.82106586801768,58.82821352128948,-15.13636363636364,"{""alpha"": 1e-05, ""kernel"": ""1**2 * RBF(length_scale=0.5) + WhiteKernel(noise_level=10)""}",diaryl-ethyl-aryl-substituted,family_holdout,ee,1f,22,1am|1q|1ao|1ab|1af|1x|1s|1al|1y|1ac|1z|1w|1u|1aa|1v|1o|1t|1p|1ai|1ag|1n|1ah,5,17.06266871263863,1a|1ae|1aj|1ak|1r
15.13408005406609,119.62506561461515,30.106774277252676,diaryl-ethyl-aryl-substituted,stage2p,22.83629881055165,12,diaryl-ethyl-aryl-substituted,gaussian_process,90.0,90.0,,74.86591994593391,102.11681295164954,62.13569534427791,104.82334945031525,58.83049710358703,-15.13408005406609,"{""alpha"": 1e-05, ""kernel"": ""1**2 * RBF(length_scale=0.5) + WhiteKernel(noise_level=10)""}",diaryl-ethyl-aryl-substituted,family_holdout,ee,1g,22,1am|1q|1ao|1ab|1af|1x|1s|1al|1y|1ac|1z|1w|1u|1aa|1v|1o|1t|1p|1ai|1ag|1n|1ah,5,17.06266871263863,1a|1ae|1aj|1ak|1r
15.136231121125022,119.62291522157835,30.104622536171604,diaryl-ethyl-aryl-substituted,stage2p,22.836299154440496,12,diaryl-ethyl-aryl-substituted,gaussian_process,90.0,90.0,,74.86376887887498,102.11466188459059,62.13354427721898,104.8211983832563,58.828346036528096,-15.136231121125022,"{""alpha"": 1e-05, ""kernel"": ""1**2 * RBF(length_scale=0.5) + WhiteKernel(noise_level=10)""}",diaryl-ethyl-aryl-substituted,family_holdout,ee,1h,22,1am|1q|1ao|1ab|1af|1x|1s|1al|1y|1ac|1z|1w|1u|1aa|1v|1o|1t|1p|1ai|1ag|1n|1ah,5,17.06266871263863,1a|1ae|1aj|1ak|1r
1.863636363636644,119.62278270861742,30.104490018655873,diaryl-ethyl-aryl-substituted,stage2p,22.836299155602433,12,diaryl-ethyl-aryl-substituted,gaussian_process,73.0,73.0,,74.86363636363664,102.11452936935225,62.133411761980646,104.82106586801797,58.82821352128976,1.863636363636644,"{""alpha"": 1e-05, ""kernel"": ""1**2 * RBF(length_scale=0.5) + WhiteKernel(noise_level=10)""}",diaryl-ethyl-aryl-substituted,family_holdout,ee,1i,22,1am|1q|1ao|1ab|1af|1x|1s|1al|1y|1ac|1z|1w|1u|1aa|1v|1o|1t|1p|1ai|1ag|1n|1ah,5,17.06266871263863,1a|1ae|1aj|1ak|1r
20.136363636222853,119.62278270875791,30.104490018796376,diaryl-ethyl-aryl-substituted,stage2p,22.836299155602433,12,diaryl-ethyl-aryl-substituted,gaussian_process,95.0,95.0,,74.86363636377715,102.11452936949277,62.13341176212115,104.82106586815848,58.828213521430264,-20.136363636222853,"{""alpha"": 1e-05, ""kernel"": ""1**2 * RBF(length_scale=0.5) + WhiteKernel(noise_level=10)""}",diaryl-ethyl-aryl-substituted,family_holdout,ee,1j,22,1am|1q|1ao|1ab|1af|1x|1s|1al|1y|1ac|1z|1w|1u|1aa|1v|1o|1t|1p|1ai|1ag|1n|1ah,5,17.06266871263863,1a|1ae|1aj|1ak|1r
20.13636363636418,119.6227827086166,30.10449001865505,diaryl-ethyl-aryl-substituted,stage2p,22.836299155602433,12,diaryl-ethyl-aryl-substituted,gaussian_process,95.0,95.0,,74.86363636363582,102.11452936935143,62.13341176197982,104.82106586801714,58.82821352128894,-20.13636363636418,"{""alpha"": 1e-05, ""kernel"": ""1**2 * RBF(length_scale=0.5) + WhiteKernel(noise_level=10)""}",diaryl-ethyl-aryl-substituted,family_holdout,ee,1k,22,1am|1q|1ao|1ab|1af|1x|1s|1al|1y|1ac|1z|1w|1u|1aa|1v|1o|1t|1p|1ai|1ag|1n|1ah,5,17.06266871263863,1a|1ae|1aj|1ak|1r
7.13636363636364,119.62278270861714,30.10449001865559,diaryl-ethyl-aryl-substituted,stage2p,22.836299155602433,12,diaryl-ethyl-aryl-substituted,gaussian_process,82.0,82.0,,74.86363636363636,102.11452936935197,62.13341176198036,104.82106586801768,58.82821352128948,-7.13636363636364,"{""alpha"": 1e-05, ""kernel"": ""1**2 * RBF(length_scale=0.5) + WhiteKernel(noise_level=10)""}",diaryl-ethyl-aryl-substituted,family_holdout,ee,1l,22,1am|1q|1ao|1ab|1af|1x|1s|1al|1y|1ac|1z|1w|1u|1aa|1v|1o|1t|1p|1ai|1ag|1n|1ah,5,17.06266871263863,1a|1ae|1aj|1ak|1r
19.13636363636364,119.62278270861714,30.10449001865559,diaryl-ethyl-aryl-substituted,stage2p,22.836299155602433,12,diaryl-ethyl-aryl-substituted,gaussian_process,94.0,94.0,,74.86363636363636,102.11452936935197,62.13341176198036,104.82106586801768,58.82821352128948,-19.13636363636364,"{""alpha"": 1e-05, ""kernel"": ""1**2 * RBF(length_scale=0.5) + WhiteKernel(noise_level=10)""}",diaryl-ethyl-aryl-substituted,family_holdout,ee,1m,22,1am|1q|1ao|1ab|1af|1x|1s|1al|1y|1ac|1z|1w|1u|1aa|1v|1o|1t|1p|1ai|1ag|1n|1ah,5,17.06266871263863,1a|1ae|1aj|1ak|1r
21.920442749047453,,,diaryl-ethyl-parent,stage2p,,1,diaryl-ethyl-parent,ridge_regression,92.0,92.0,,70.07955725095255,74.54722101677446,61.26148747818478,84.98302264885146,61.10788805438856,-21.920442749047453,"{""alpha"": 1000.0}",diaryl-ethyl-parent,family_holdout,ee,1a,30,1am|1i|1p|1ao|1ab|1af|1x|1u|1l|1aj|1aa|1k|1s|1ac|1g|1y|1z|1c|1w|1t|1o|1q|1v|1ai|1b|1ag|1n|1j|1m|1ah,8,6.677216337013997,1ae|1ak|1al|1d|1e|1f|1h|1r
25.24312927150217,,,diaryl-ethyl-parent,stage2p,,1,diaryl-ethyl-parent,elastic_net,92.0,92.0,,66.75687072849783,75.16105245946291,60.64112391791057,76.06084900491662,56.169389441907796,-25.24312927150217,"{""alpha"": 1.0, ""l1_ratio"": 1.0}",diaryl-ethyl-parent,family_holdout,ee,1a,30,1am|1i|1p|1ao|1ab|1af|1x|1u|1l|1aj|1aa|1k|1s|1ac|1g|1y|1z|1c|1w|1t|1o|1q|1v|1ai|1b|1ag|1n|1j|1m|1ah,8,5.166183173008382,1ae|1ak|1al|1d|1e|1f|1h|1r
16.376421139271088,,,diaryl-ethyl-parent,stage2p,,1,diaryl-ethyl-parent,lightgbm,92.0,92.0,,75.62357886072891,76.18106481428457,60.32007267166947,79.01490972453297,57.07925980215545,-16.376421139271088,"{""learning_rate"": 0.1, ""n_estimators"": 25, ""num_leaves"": 3}",diaryl-ethyl-parent,family_holdout,ee,1a,30,1am|1i|1p|1ao|1ab|1af|1x|1u|1l|1aj|1aa|1k|1s|1ac|1g|1y|1z|1c|1w|1t|1o|1q|1v|1ai|1b|1ag|1n|1j|1m|1ah,8,6.4228396805021335,1ae|1ak|1al|1d|1e|1f|1h|1r
14.700056642712482,119.72740133750219,34.87248537707284,diaryl-ethyl-parent,stage2p,21.646662234803408,1,diaryl-ethyl-parent,gaussian_process,92.0,92.0,,77.29994335728752,93.17045306648532,63.999964198622365,99.42734429738582,62.950000670957735,-14.700056642712482,"{""alpha"": 1e-05, ""kernel"": ""1**2 * RBF(length_scale=1) + WhiteKernel(noise_level=1)""}",diaryl-ethyl-parent,family_holdout,ee,1a,30,1am|1i|1p|1ao|1ab|1af|1x|1u|1l|1aj|1aa|1k|1s|1ac|1g|1y|1z|1c|1w|1t|1o|1q|1v|1ai|1b|1ag|1n|1j|1m|1ah,8,10.993896983228092,1ae|1ak|1al|1d|1e|1f|1h|1r
5.007917244278559,,,nitrogen-heteroaryl,stage2p,,3,nitrogen-heteroaryl,ridge_regression,88.0,88.0,,93.00791724427856,96.76668421189068,81.44234629371878,98.60679245986663,76.01034902895805,5.007917244278559,"{""alpha"": 10.0}",nitrogen-heteroaryl,family_holdout,ee,1aa,29,1am|1i|1p|1ao|1af|1x|1u|1l|1aj|1k|1o|1s|1ac|1f|1y|1v|1w|1t|1b|1q|1h|1ai|1ag|1n|1m|1j|1ah|1c|1e,7,5.902525220186966,1a|1ae|1ak|1al|1d|1g|1r
17.84330663998047,,,nitrogen-heteroaryl,stage2p,,3,nitrogen-heteroaryl,ridge_regression,95.0,95.0,,77.15669336001953,80.91546032763165,65.59112240945976,82.7555685756076,60.15912514469902,-17.84330663998047,"{""alpha"": 10.0}",nitrogen-heteroaryl,family_holdout,ee,1ab,29,1am|1i|1p|1ao|1af|1x|1u|1l|1aj|1k|1o|1s|1ac|1f|1y|1v|1w|1t|1b|1q|1h|1ai|1ag|1n|1m|1j|1ah|1c|1e,7,5.902525220186966,1a|1ae|1ak|1al|1d|1g|1r
77.8475485844158,,,nitrogen-heteroaryl,stage2p,,3,nitrogen-heteroaryl,ridge_regression,0.0,0.0,,77.8475485844158,81.60631555202792,66.28197763385603,83.44642380000387,60.84998036909529,77.8475485844158,"{""alpha"": 10.0}",nitrogen-heteroaryl,family_holdout,ee,1z,29,1am|1i|1p|1ao|1af|1x|1u|1l|1aj|1k|1o|1s|1ac|1f|1y|1v|1w|1t|1b|1q|1h|1ai|1ag|1n|1m|1j|1ah|1c|1e,7,5.902525220186966,1a|1ae|1ak|1al|1d|1g|1r
1.4365747333934848,,,nitrogen-heteroaryl,stage2p,,3,nitrogen-heteroaryl,elastic_net,88.0,88.0,,89.43657473339348,93.7763497141264,84.20320651611412,95.18633253571863,83.42118329923488,1.4365747333934848,"{""alpha"": 1.0, ""l1_ratio"": 0.8}",nitrogen-heteroaryl,family_holdout,ee,1aa,29,1am|1i|1p|1ao|1af|1x|1u|1l|1aj|1k|1o|1s|1ac|1f|1y|1v|1w|1t|1b|1q|1h|1ai|1ag|1n|1m|1j|1ah|1c|1e,7,3.4675590622997134,1a|1ae|1ak|1al|1d|1g|1r
18.28627973202981,,,nitrogen-heteroaryl,stage2p,,3,nitrogen-heteroaryl,elastic_net,95.0,95.0,,76.71372026797019,81.0534952487031,71.48035205069083,82.46347807029534,70.69832883381159,-18.28627973202981,"{""alpha"": 1.0, ""l1_ratio"": 0.8}",nitrogen-heteroaryl,family_holdout,ee,1ab,29,1am|1i|1p|1ao|1af|1x|1u|1l|1aj|1k|1o|1s|1ac|1f|1y|1v|1w|1t|1b|1q|1h|1ai|1ag|1n|1m|1j|1ah|1c|1e,7,3.4675590622997134,1a|1ae|1ak|1al|1d|1g|1r
80.37302031436734,,,nitrogen-heteroaryl,stage2p,,3,nitrogen-heteroaryl,elastic_net,0.0,0.0,,80.37302031436734,84.71279529510025,75.13965209708797,86.12277811669249,74.35762888020874,80.37302031436734,"{""alpha"": 1.0, ""l1_ratio"": 0.8}",nitrogen-heteroaryl,family_holdout,ee,1z,29,1am|1i|1p|1ao|1af|1x|1u|1l|1aj|1k|1o|1s|1ac|1f|1y|1v|1w|1t|1b|1q|1h|1ai|1ag|1n|1m|1j|1ah|1c|1e,7,3.4675590622997134,1a|1ae|1ak|1al|1d|1g|1r
0.7803915770779923,,,nitrogen-heteroaryl,stage2p,,3,nitrogen-heteroaryl,lightgbm,88.0,88.0,,88.78039157707799,94.39395884940149,80.34073447269134,101.41971000306471,77.39947020228928,0.7803915770779923,"{""learning_rate"": 0.03, ""n_estimators"": 75, ""num_leaves"": 3}",nitrogen-heteroaryl,family_holdout,ee,1aa,29,1am|1i|1p|1ao|1af|1x|1u|1l|1aj|1k|1o|1s|1ac|1f|1y|1v|1w|1t|1b|1q|1h|1ai|1ag|1n|1m|1j|1ah|1c|1e,7,5.768045463714494,1a|1ae|1ak|1al|1d|1g|1r
10.70251303180433,,,nitrogen-heteroaryl,stage2p,,3,nitrogen-heteroaryl,lightgbm,95.0,95.0,,84.29748696819567,89.91105424051916,75.85782986380902,96.93680539418239,72.91656559340694,-10.70251303180433,"{""learning_rate"": 0.03, ""n_estimators"": 75, ""num_leaves"": 3}",nitrogen-heteroaryl,family_holdout,ee,1ab,29,1am|1i|1p|1ao|1af|1x|1u|1l|1aj|1k|1o|1s|1ac|1f|1y|1v|1w|1t|1b|1q|1h|1ai|1ag|1n|1m|1j|1ah|1c|1e,7,5.768045463714494,1a|1ae|1ak|1al|1d|1g|1r
84.17232300172515,,,nitrogen-heteroaryl,stage2p,,3,nitrogen-heteroaryl,lightgbm,0.0,0.0,,84.17232300172515,89.78589027404864,75.73266589733849,96.81164142771186,72.79140162693642,84.17232300172515,"{""learning_rate"": 0.03, ""n_estimators"": 75, ""num_leaves"": 3}",nitrogen-heteroaryl,family_holdout,ee,1z,29,1am|1i|1p|1ao|1af|1x|1u|1l|1aj|1k|1o|1s|1ac|1f|1y|1v|1w|1t|1b|1q|1h|1ai|1ag|1n|1m|1j|1ah|1c|1e,7,5.768045463714494,1a|1ae|1ak|1al|1d|1g|1r
2.7643117521051153,111.46950286709948,70.05912063711075,nitrogen-heteroaryl,stage2p,10.563873017854268,3,nitrogen-heteroaryl,gaussian_process,88.0,88.0,,90.76431175210512,95.8987923320533,75.23731914297143,100.24712108388267,74.81554260755573,2.7643117521051153,"{""alpha"": 1e-05, ""kernel"": ""1**2 * RBF(length_scale=0.5) + WhiteKernel(noise_level=1)""}",nitrogen-heteroaryl,family_holdout,ee,1aa,29,1am|1i|1p|1ao|1af|1x|1u|1l|1aj|1k|1o|1s|1ac|1f|1y|1v|1w|1t|1b|1q|1h|1ai|1ag|1n|1m|1j|1ah|1c|1e,7,7.564289593559897,1a|1ae|1ak|1al|1d|1g|1r
18.68863080190721,101.71855745072438,50.904180945461206,nitrogen-heteroaryl,stage2p,12.962851149301827,3,nitrogen-heteroaryl,gaussian_process,95.0,95.0,,76.31136919809279,81.44584977804098,60.784376588959105,85.79417852987035,60.36260005354341,-18.68863080190721,"{""alpha"": 1e-05, ""kernel"": ""1**2 * RBF(length_scale=0.5) + WhiteKernel(noise_level=1)""}",nitrogen-heteroaryl,family_holdout,ee,1ab,29,1am|1i|1p|1ao|1af|1x|1u|1l|1aj|1k|1o|1s|1ac|1f|1y|1v|1w|1t|1b|1q|1h|1ai|1ag|1n|1m|1j|1ah|1c|1e,7,7.564289593559897,1a|1ae|1ak|1al|1d|1g|1r
81.59961441827132,101.66106162528332,61.53816721125931,nitrogen-heteroaryl,stage2p,10.235432248475515,3,nitrogen-heteroaryl,gaussian_process,0.0,0.0,,81.59961441827132,86.7340949982195,66.07262180913763,91.08242375004887,65.65084527372193,81.59961441827132,"{""alpha"": 1e-05, ""kernel"": ""1**2 * RBF(length_scale=0.5) + WhiteKernel(noise_level=1)""}",nitrogen-heteroaryl,family_holdout,ee,1z,29,1am|1i|1p|1ao|1af|1x|1u|1l|1aj|1k|1o|1s|1ac|1f|1y|1v|1w|1t|1b|1q|1h|1ai|1ag|1n|1m|1j|1ah|1c|1e,7,7.564289593559897,1a|1ae|1ak|1al|1d|1g|1r
14.830422712303289,,,oxygen-heteroaryl,stage2p,,1,oxygen-heteroaryl,ridge_regression,89.0,89.0,,74.16957728769671,78.2985251926694,60.63777386849584,89.12597218277853,53.77139821083087,-14.830422712303289,"{""alpha"": 1000.0}",oxygen-heteroaryl,family_holdout,ee,1o,30,1am|1i|1p|1ao|1ab|1af|1x|1u|1l|1aj|1aa|1k|1s|1ac|1g|1y|1z|1c|1w|1t|1q|1v|1ai|1b|1ag|1n|1j|1m|1ah|1d,8,9.425992665243605,1a|1ae|1ak|1al|1e|1f|1h|1r
15.051352893353226,,,oxygen-heteroaryl,stage2p,,1,oxygen-heteroaryl,elastic_net,89.0,89.0,,73.94864710664677,77.0550119320474,60.56636031584834,86.27467330327022,53.22458904246213,-15.051352893353226,"{""alpha"": 10.0, ""l1_ratio"": 0.2}",oxygen-heteroaryl,family_holdout,ee,1o,30,1am|1i|1p|1ao|1ab|1af|1x|1u|1l|1aj|1aa|1k|1s|1ac|1g|1y|1z|1c|1w|1t|1q|1v|1ai|1b|1ag|1n|1j|1m|1ah|1d,8,9.224348602229512,1a|1ae|1ak|1al|1e|1f|1h|1r
30.197020664824954,,,oxygen-heteroaryl,stage2p,,1,oxygen-heteroaryl,lightgbm,89.0,89.0,,58.802979335175046,62.53204209544627,50.59673061613459,66.09050572847346,50.44382624732066,-30.197020664824954,"{""learning_rate"": 0.1, ""n_estimators"": 75, ""num_leaves"": 3}",oxygen-heteroaryl,family_holdout,ee,1o,30,1am|1i|1p|1ao|1ab|1af|1x|1u|1l|1aj|1aa|1k|1s|1ac|1g|1y|1z|1c|1w|1t|1q|1v|1ai|1b|1ag|1n|1j|1m|1ah|1d,8,3.99933733038964,1a|1ae|1ak|1al|1e|1f|1h|1r
0.7598229114138775,113.18027887784177,63.30007529933047,oxygen-heteroaryl,stage2p,12.724541729212067,1,oxygen-heteroaryl,gaussian_process,89.0,89.0,,88.24017708858612,104.1734680904873,73.57351042192134,110.47339411326415,73.57351042191982,-0.7598229114138775,"{""alpha"": 1e-05, ""kernel"": ""1**2 * RBF(length_scale=1) + WhiteKernel(noise_level=10)""}",oxygen-heteroaryl,family_holdout,ee,1o,30,1am|1i|1p|1ao|1ab|1af|1x|1u|1l|1aj|1aa|1k|1s|1ac|1g|1y|1z|1c|1w|1t|1q|1v|1ai|1b|1ag|1n|1j|1m|1ah|1d,8,12.224154743990836,1a|1ae|1ak|1al|1e|1f|1h|1r
9.866745006863923,,,oxygen-heteroaryl-fused,stage2p,,2,oxygen-heteroaryl-fused,ridge_regression,61.0,61.0,,70.86674500686392,84.58684534744651,59.22376003593345,88.53656107985809,51.33061011661874,9.866745006863923,"{""alpha"": 100.0}",oxygen-heteroaryl-fused,family_holdout,ee,1p,30,1am|1i|1ae|1y|1ab|1s|1ao|1x|1l|1k|1al|1aa|1ac|1g|1w|1u|1z|1c|1o|1t|1v|1ai|1b|1n|1ag|1j|1m|1ah|1d|1e,7,8.601610832867765,1a|1af|1aj|1ak|1f|1h|1r
1.7012306672800293,,,oxygen-heteroaryl-fused,stage2p,,2,oxygen-heteroaryl-fused,ridge_regression,90.0,90.0,,88.29876933271997,102.01886967330256,76.6557843617895,105.96858540571414,68.76263444247479,-1.7012306672800293,"{""alpha"": 100.0}",oxygen-heteroaryl-fused,family_holdout,ee,1q,30,1am|1i|1ae|1y|1ab|1s|1ao|1x|1l|1k|1al|1aa|1ac|1g|1w|1u|1z|1c|1o|1t|1v|1ai|1b|1n|1ag|1j|1m|1ah|1d|1e,7,8.601610832867765,1a|1af|1aj|1ak|1f|1h|1r
2.291984535096347,,,oxygen-heteroaryl-fused,stage2p,,2,oxygen-heteroaryl-fused,elastic_net,61.0,61.0,,58.70801546490365,67.7261464952544,49.137935957737724,70.76152140362682,42.19232333710671,-2.291984535096347,"{""alpha"": 1.0, ""l1_ratio"": 1.0}",oxygen-heteroaryl-fused,family_holdout,ee,1p,30,1am|1i|1ae|1y|1ab|1s|1ao|1x|1l|1k|1al|1aa|1ac|1g|1w|1u|1z|1c|1o|1t|1v|1ai|1b|1n|1ag|1j|1m|1ah|1d|1e,7,6.749414351336349,1a|1af|1aj|1ak|1f|1h|1r
10.0,,,oxygen-heteroaryl-fused,stage2p,,2,oxygen-heteroaryl-fused,elastic_net,90.0,90.0,,100.0,109.01813103035073,90.42992049283407,112.05350593872316,83.48430787220306,10.0,"{""alpha"": 1.0, ""l1_ratio"": 1.0}",oxygen-heteroaryl-fused,family_holdout,ee,1q,30,1am|1i|1ae|1y|1ab|1s|1ao|1x|1l|1k|1al|1aa|1ac|1g|1w|1u|1z|1c|1o|1t|1v|1ai|1b|1n|1ag|1j|1m|1ah|1d|1e,7,6.749414351336349,1a|1af|1aj|1ak|1f|1h|1r
21.327463862594712,,,oxygen-heteroaryl-fused,stage2p,,2,oxygen-heteroaryl-fused,lightgbm,61.0,61.0,,82.32746386259471,105.66947469846437,79.23523392468178,108.69393510667255,76.67688830074509,21.327463862594712,"{""learning_rate"": 0.1, ""n_estimators"": 25, ""num_leaves"": 7}",oxygen-heteroaryl-fused,family_holdout,ee,1p,30,1am|1i|1ae|1y|1ab|1s|1ao|1x|1l|1k|1al|1aa|1ac|1g|1w|1u|1z|1c|1o|1t|1v|1ai|1b|1n|1ag|1j|1m|1ah|1d|1e,7,8.160017247975258,1a|1af|1aj|1ak|1f|1h|1r
1.0559518640123429,,,oxygen-heteroaryl-fused,stage2p,,2,oxygen-heteroaryl-fused,lightgbm,90.0,90.0,,91.05595186401234,114.397962699882,87.96372192609941,117.42242310809019,85.40537630216272,1.0559518640123429,"{""learning_rate"": 0.1, ""n_estimators"": 25, ""num_leaves"": 7}",oxygen-heteroaryl-fused,family_holdout,ee,1q,30,1am|1i|1ae|1y|1ab|1s|1ao|1x|1l|1k|1al|1aa|1ac|1g|1w|1u|1z|1c|1o|1t|1v|1ai|1b|1n|1ag|1j|1m|1ah|1d|1e,7,8.160017247975258,1a|1af|1aj|1ak|1f|1h|1r
24.625779642966634,120.72672925307114,50.524830032862134,oxygen-heteroaryl-fused,stage2p,17.9086477602574,2,oxygen-heteroaryl-fused,gaussian_process,61.0,61.0,,85.62577964296663,110.05809013091009,73.85785334040817,117.96961071142928,72.95643624945464,24.625779642966634,"{""alpha"": 1e-05, ""kernel"": ""1**2 * RBF(length_scale=2) + WhiteKernel(noise_level=1)""}",oxygen-heteroaryl-fused,family_holdout,ee,1p,30,1am|1i|1ae|1y|1ab|1s|1ao|1x|1l|1k|1al|1aa|1ac|1g|1w|1u|1z|1c|1o|1t|1v|1ai|1b|1n|1ag|1j|1m|1ah|1d|1e,7,13.253835253630372,1a|1af|1aj|1ak|1f|1h|1r
9.69917972866888,121.01656001926563,39.58508052339661,oxygen-heteroaryl-fused,stage2p,20.773336606089035,2,oxygen-heteroaryl-fused,gaussian_process,90.0,90.0,,80.30082027133112,104.73313075927457,68.53289396877265,112.64465133979377,67.63147687781913,-9.69917972866888,"{""alpha"": 1e-05, ""kernel"": ""1**2 * RBF(length_scale=2) + WhiteKernel(noise_level=1)""}",oxygen-heteroaryl-fused,family_holdout,ee,1q,30,1am|1i|1ae|1y|1ab|1s|1ao|1x|1l|1k|1al|1aa|1ac|1g|1w|1u|1z|1c|1o|1t|1v|1ai|1b|1n|1ag|1j|1m|1ah|1d|1e,7,13.253835253630372,1a|1af|1aj|1ak|1f|1h|1r
9.68368860609668,,,oxygen-heterocycle-fused,stage2p,,3,oxygen-heterocycle-fused,ridge_regression,91.0,91.0,,81.31631139390332,87.90230960378338,67.33061353119615,96.91314434859379,61.33659263406135,-9.68368860609668,"{""alpha"": 1000.0}",oxygen-heterocycle-fused,family_holdout,ee,1r,29,1am|1i|1p|1ao|1ab|1af|1x|1u|1k|1aj|1aa|1l|1ac|1g|1y|1z|1c|1w|1o|1q|1v|1ai|1b|1ag|1n|1j|1m|1ah|1d,7,9.165696673963216,1a|1ae|1ak|1al|1e|1f|1h
0.7250734333974407,,,oxygen-heterocycle-fused,stage2p,,3,oxygen-heterocycle-fused,ridge_regression,80.0,80.0,,79.27492656660256,85.86092477648262,65.28922870389539,94.87175952129303,59.29520780676059,-0.7250734333974407,"{""alpha"": 1000.0}",oxygen-heterocycle-fused,family_holdout,ee,1s,29,1am|1i|1p|1ao|1ab|1af|1x|1u|1k|1aj|1aa|1l|1ac|1g|1y|1z|1c|1w|1o|1q|1v|1ai|1b|1ag|1n|1j|1m|1ah|1d,7,9.165696673963216,1a|1ae|1ak|1al|1e|1f|1h
8.671561295099053,,,oxygen-heterocycle-fused,stage2p,,3,oxygen-heterocycle-fused,ridge_regression,91.0,91.0,,82.32843870490095,88.91443691478099,68.34274084219378,97.92527165959142,62.348719945058974,-8.671561295099053,"{""alpha"": 1000.0}",oxygen-heterocycle-fused,family_holdout,ee,1t,29,1am|1i|1p|1ao|1ab|1af|1x|1u|1k|1aj|1aa|1l|1ac|1g|1y|1z|1c|1w|1o|1q|1v|1ai|1b|1ag|1n|1j|1m|1ah|1d,7,9.165696673963216,1a|1ae|1ak|1al|1e|1f|1h
1.7410237776638553,,,oxygen-heterocycle-fused,stage2p,,3,oxygen-heterocycle-fused,elastic_net,91.0,91.0,,89.25897622233614,98.16278518507148,70.95908286327843,99.22890311358279,65.60150474035336,-1.7410237776638553,"{""alpha"": 1.0, ""l1_ratio"": 1.0}",oxygen-heterocycle-fused,family_holdout,ee,1r,29,1am|1i|1p|1ao|1ab|1af|1x|1u|1k|1aj|1aa|1l|1ac|1g|1y|1z|1c|1w|1o|1q|1v|1ai|1b|1ag|1n|1j|1m|1ah|1d,7,9.235015426068887,1a|1ae|1ak|1al|1e|1f|1h
4.6432070447418,,,oxygen-heterocycle-fused,stage2p,,3,oxygen-heterocycle-fused,elastic_net,80.0,80.0,,84.6432070447418,93.54701600747714,66.34331368568408,94.61313393598844,60.985735562759025,4.6432070447418,"{""alpha"": 1.0, ""l1_ratio"": 1.0}",oxygen-heterocycle-fused,family_holdout,ee,1s,29,1am|1i|1p|1ao|1ab|1af|1x|1u|1k|1aj|1aa|1l|1ac|1g|1y|1z|1c|1w|1o|1q|1v|1ai|1b|1ag|1n|1j|1m|1ah|1d,7,9.235015426068887,1a|1ae|1ak|1al|1e|1f|1h
3.398014020611754,,,oxygen-heterocycle-fused,stage2p,,3,oxygen-heterocycle-fused,elastic_net,91.0,91.0,,94.39801402061175,103.3018229833471,76.09812066155403,104.3679409118584,70.74054253862897,3.398014020611754,"{""alpha"": 1.0, ""l1_ratio"": 1.0}",oxygen-heterocycle-fused,family_holdout,ee,1t,29,1am|1i|1p|1ao|1ab|1af|1x|1u|1k|1aj|1aa|1l|1ac|1g|1y|1z|1c|1w|1o|1q|1v|1ai|1b|1ag|1n|1j|1m|1ah|1d,7,9.235015426068887,1a|1ae|1ak|1al|1e|1f|1h
3.672241490721049,,,oxygen-heterocycle-fused,stage2p,,3,oxygen-heterocycle-fused,lightgbm,91.0,91.0,,87.32775850927895,92.10469351360942,68.56053330844239,97.89085016961596,66.35001543689641,-3.672241490721049,"{""learning_rate"": 0.1, ""n_estimators"": 25, ""num_leaves"": 3}",oxygen-heterocycle-fused,family_holdout,ee,1r,29,1am|1i|1p|1ao|1ab|1af|1x|1u|1k|1aj|1aa|1l|1ac|1g|1y|1z|1c|1w|1o|1q|1v|1ai|1b|1ag|1n|1j|1m|1ah|1d,7,9.905380949387505,1a|1ae|1ak|1al|1e|1f|1h
7.327758509278951,,,oxygen-heterocycle-fused,stage2p,,3,oxygen-heterocycle-fused,lightgbm,80.0,80.0,,87.32775850927895,92.10469351360942,68.56053330844239,97.89085016961596,66.35001543689641,7.327758509278951,"{""learning_rate"": 0.1, ""n_estimators"": 25, ""num_leaves"": 3}",oxygen-heterocycle-fused,family_holdout,ee,1s,29,1am|1i|1p|1ao|1ab|1af|1x|1u|1k|1aj|1aa|1l|1ac|1g|1y|1z|1c|1w|1o|1q|1v|1ai|1b|1ag|1n|1j|1m|1ah|1d,7,9.905380949387505,1a|1ae|1ak|1al|1e|1f|1h
3.672241490721049,,,oxygen-heterocycle-fused,stage2p,,3,oxygen-heterocycle-fused,lightgbm,91.0,91.0,,87.32775850927895,92.10469351360942,68.56053330844239,97.89085016961596,66.35001543689641,-3.672241490721049,"{""learning_rate"": 0.1, ""n_estimators"": 25, ""num_leaves"": 3}",oxygen-heterocycle-fused,family_holdout,ee,1t,29,1am|1i|1p|1ao|1ab|1af|1x|1u|1k|1aj|1aa|1l|1ac|1g|1y|1z|1c|1w|1o|1q|1v|1ai|1b|1ag|1n|1j|1m|1ah|1d,7,9.905380949387505,1a|1ae|1ak|1al|1e|1f|1h
6.713634297189529,122.75314327170791,45.81958813391303,oxygen-heterocycle-fused,stage2p,19.625906922906857,3,oxygen-heterocycle-fused,gaussian_process,91.0,91.0,,84.28636570281047,101.23965741740383,69.4587809615488,106.61982075857598,69.45877821033537,-6.713634297189529,"{""alpha"": 1e-05, ""kernel"": ""1**2 * RBF(length_scale=0.5) + WhiteKernel(noise_level=1)""}",oxygen-heterocycle-fused,family_holdout,ee,1r,29,1am|1i|1p|1ao|1ab|1af|1x|1u|1k|1aj|1aa|1l|1ac|1g|1y|1z|1c|1w|1o|1q|1v|1ai|1b|1ag|1n|1j|1m|1ah|1d,7,12.168356238721815,1a|1ae|1ak|1al|1e|1f|1h
2.783971583033363,120.19353208882893,34.23852474510435,oxygen-heterocycle-fused,stage2p,21.927297791766474,3,oxygen-heterocycle-fused,gaussian_process,80.0,80.0,,77.21602841696664,94.16932013156,62.38844367570496,99.54948347273215,62.38844092449154,-2.783971583033363,"{""alpha"": 1e-05, ""kernel"": ""1**2 * RBF(length_scale=0.5) + WhiteKernel(noise_level=1)""}",oxygen-heterocycle-fused,family_holdout,ee,1s,29,1am|1i|1p|1ao|1ab|1af|1x|1u|1k|1aj|1aa|1l|1ac|1g|1y|1z|1c|1w|1o|1q|1v|1ai|1b|1ag|1n|1j|1m|1ah|1d,7,12.168356238721815,1a|1ae|1ak|1al|1e|1f|1h
9.581526000999617,119.9840324482565,42.85291554974426,oxygen-heterocycle-fused,stage2p,19.676305331253126,3,oxygen-heterocycle-fused,gaussian_process,91.0,91.0,,81.41847399900038,98.37176571359373,66.59088925773871,103.7519290547659,66.5908865065253,-9.581526000999617,"{""alpha"": 1e-05, ""kernel"": ""1**2 * RBF(length_scale=0.5) + WhiteKernel(noise_level=1)""}",oxygen-heterocycle-fused,family_holdout,ee,1t,29,1am|1i|1p|1ao|1ab|1af|1x|1u|1k|1aj|1aa|1l|1ac|1g|1y|1z|1c|1w|1o|1q|1v|1ai|1b|1ag|1n|1j|1m|1ah|1d,7,12.168356238721815,1a|1ae|1ak|1al|1e|1f|1h
20.961190448979735,,,polycyclic-aryl,stage2p,,1,polycyclic-aryl,ridge_regression,91.0,91.0,,70.03880955102026,73.76221587832936,54.972629211434864,85.03898031874732,47.57520798180217,-20.961190448979735,"{""alpha"": 1000.0}",polycyclic-aryl,family_holdout,ee,1n,30,1am|1i|1p|1ao|1ab|1af|1x|1u|1l|1aj|1aa|1k|1s|1ac|1g|1y|1z|1c|1o|1w|1t|1q|1v|1ai|1b|1ag|1j|1m|1ah|1d,8,9.863148690715661,1a|1ae|1ak|1al|1e|1f|1h|1r
5.240957518995742,,,polycyclic-aryl,stage2p,,1,polycyclic-aryl,elastic_net,91.0,91.0,,96.24095751899574,104.21118220326984,79.78107148865917,105.69395403115848,73.15118660571108,5.240957518995742,"{""alpha"": 1.0, ""l1_ratio"": 1.0}",polycyclic-aryl,family_holdout,ee,1n,30,1am|1i|1p|1ao|1ab|1af|1x|1u|1l|1aj|1aa|1k|1s|1ac|1g|1y|1z|1c|1o|1w|1t|1q|1v|1ai|1b|1ag|1j|1m|1ah|1d,8,8.253786464458523,1a|1ae|1ak|1al|1e|1f|1h|1r
27.81186392274175,,,polycyclic-aryl,stage2p,,1,polycyclic-aryl,lightgbm,91.0,91.0,,63.18813607725825,65.86809240391506,39.842222227611586,68.45902107312013,33.098658976823955,-27.81186392274175,"{""learning_rate"": 0.1, ""n_estimators"": 75, ""num_leaves"": 3}",polycyclic-aryl,family_holdout,ee,1n,30,1am|1i|1p|1ao|1ab|1af|1x|1u|1l|1aj|1aa|1k|1s|1ac|1g|1y|1z|1c|1o|1w|1t|1q|1v|1ai|1b|1ag|1j|1m|1ah|1d,8,10.743340922443391,1a|1ae|1ak|1al|1e|1f|1h|1r
13.739566823896155,119.62809607196729,34.892770280240406,polycyclic-aryl,stage2p,21.616154538705835,1,polycyclic-aryl,gaussian_process,91.0,91.0,,77.26043317610385,93.07665107463598,62.527142390235085,99.31046281080546,62.52709915800434,-13.739566823896155,"{""alpha"": 1e-05, ""kernel"": ""1**2 * RBF(length_scale=0.5) + WhiteKernel(noise_level=1)""}",polycyclic-aryl,family_holdout,ee,1n,30,1am|1i|1p|1ao|1ab|1af|1x|1u|1l|1aj|1aa|1k|1s|1ac|1g|1y|1z|1c|1o|1w|1t|1q|1v|1ai|1b|1ag|1j|1m|1ah|1d,8,11.23087514183195,1a|1ae|1ak|1al|1e|1f|1h|1r
13.437084316980126,,,silyl-alkyl-aryl,stage2p,,1,silyl-alkyl-aryl,ridge_regression,67.0,67.0,,53.562915683019874,64.94440365888147,43.591347848302185,73.13009128728783,34.96701453325144,-13.437084316980126,"{""alpha"": 100.0}",silyl-alkyl-aryl,family_holdout,ee,1ac,30,1l|1am|1af|1y|1s|1ao|1x|1i|1ab|1p|1k|1aa|1al|1ai|1t|1z|1v|1f|1b|1u|1w|1o|1q|1h|1ag|1n|1m|1j|1ah|1c,8,7.395769256440753,1a|1ae|1aj|1ak|1d|1e|1g|1r
1.8448614585667116,,,silyl-alkyl-aryl,stage2p,,1,silyl-alkyl-aryl,elastic_net,67.0,67.0,,68.84486145856671,86.73828422221226,58.907094901011554,89.58590006233328,52.66661065363199,1.8448614585667116,"{""alpha"": 10.0, ""l1_ratio"": 0.2}",silyl-alkyl-aryl,family_holdout,ee,1ac,30,1l|1am|1af|1y|1s|1ao|1x|1i|1ab|1p|1k|1aa|1al|1ai|1t|1z|1v|1f|1b|1u|1w|1o|1q|1h|1ag|1n|1m|1j|1ah|1c,8,10.15911320487185,1a|1ae|1aj|1ak|1d|1e|1g|1r
7.460259909581026,,,silyl-alkyl-aryl,stage2p,,1,silyl-alkyl-aryl,lightgbm,67.0,67.0,,74.46025990958103,90.41213619149286,64.33157541062224,104.72297318576123,60.32498093792987,7.460259909581026,"{""learning_rate"": 0.1, ""n_estimators"": 75, ""num_leaves"": 3}",silyl-alkyl-aryl,family_holdout,ee,1ac,30,1l|1am|1af|1y|1s|1ao|1x|1i|1ab|1p|1k|1aa|1al|1ai|1t|1z|1v|1f|1b|1u|1w|1o|1q|1h|1ag|1n|1m|1j|1ah|1c,8,9.302765981908676,1a|1ae|1aj|1ak|1d|1e|1g|1r
12.03333332266449,119.78806226014302,38.27860438518595,silyl-alkyl-aryl,stage2p,20.79322904973395,1,silyl-alkyl-aryl,gaussian_process,67.0,67.0,,79.03333332266449,107.71966478722595,66.0667244001853,112.47776568037048,66.06655013258225,12.03333332266449,"{""alpha"": 1e-05, ""kernel"": ""1**2 * RBF(length_scale=1) + WhiteKernel(noise_level=1)""}",silyl-alkyl-aryl,family_holdout,ee,1ac,30,1l|1am|1af|1y|1s|1ao|1x|1i|1ab|1p|1k|1aa|1al|1ai|1t|1z|1v|1f|1b|1u|1w|1o|1q|1h|1ag|1n|1m|1j|1ah|1c,8,14.45235834698273,1a|1ae|1aj|1ak|1d|1e|1g|1r
16.34975772607524,,,sulfur-heteroaryl,stage2p,,1,sulfur-heteroaryl,ridge_regression,91.0,91.0,,74.65024227392476,78.7614870797789,61.04216623409957,89.6005463750451,54.21200293193542,-16.34975772607524,"{""alpha"": 1000.0}",sulfur-heteroaryl,family_holdout,ee,1v,30,1am|1i|1p|1ao|1ab|1af|1x|1u|1l|1aj|1aa|1k|1s|1ac|1g|1y|1z|1c|1w|1t|1o|1q|1ai|1b|1ag|1n|1j|1m|1ah|1d,8,9.468032921396588,1a|1ae|1ak|1al|1e|1f|1h|1r
16.154417350719697,,,sulfur-heteroaryl,stage2p,,1,sulfur-heteroaryl,elastic_net,91.0,91.0,,74.8455826492803,78.02398062085001,61.537024132534114,87.2159092868921,54.19057284072548,-16.154417350719697,"{""alpha"": 10.0, ""l1_ratio"": 0.2}",sulfur-heteroaryl,family_holdout,ee,1v,30,1am|1i|1p|1ao|1ab|1af|1x|1u|1l|1aj|1aa|1k|1s|1ac|1g|1y|1z|1c|1w|1t|1o|1q|1ai|1b|1ag|1n|1j|1m|1ah|1d,8,9.22782216713599,1a|1ae|1ak|1al|1e|1f|1h|1r
9.903680169964275,,,sulfur-heteroaryl,stage2p,,1,sulfur-heteroaryl,lightgbm,91.0,91.0,,81.09631983003572,84.14705580632761,64.7932348947872,84.18108024187231,64.36869606148872,-9.903680169964275,"{""learning_rate"": 0.1, ""n_estimators"": 75, ""num_leaves"": 3}",sulfur-heteroaryl,family_holdout,ee,1v,30,1am|1i|1p|1ao|1ab|1af|1x|1u|1l|1aj|1aa|1k|1s|1ac|1g|1y|1z|1c|1w|1t|1o|1q|1ai|1b|1ag|1n|1j|1m|1ah|1d,8,7.354864251077995,1a|1ae|1ak|1al|1e|1f|1h|1r
4.756161384212675,113.38543427233046,59.10224295924419,sulfur-heteroaryl,stage2p,13.847752885991397,1,sulfur-heteroaryl,gaussian_process,91.0,91.0,,86.24383861578733,102.11050300773712,71.51050528245399,108.41049902763683,71.51050528245399,-4.756161384212675,"{""alpha"": 1e-05, ""kernel"": ""1**2 * RBF(length_scale=2) + WhiteKernel(noise_level=10)""}",sulfur-heteroaryl,family_holdout,ee,1v,30,1am|1i|1p|1ao|1ab|1af|1x|1u|1l|1aj|1aa|1k|1s|1ac|1g|1y|1z|1c|1w|1t|1o|1q|1ai|1b|1ag|1n|1j|1m|1ah|1d,8,12.462712884757053,1a|1ae|1ak|1al|1e|1f|1h|1r
24.49265160726182,,,sulfur-heteroaryl-fused,stage2p,,2,sulfur-heteroaryl-fused,ridge_regression,92.0,92.0,,67.50734839273818,82.3711839928637,55.465600230176996,88.67405666800212,49.340874834717184,-24.49265160726182,"{""alpha"": 100.0}",sulfur-heteroaryl-fused,family_holdout,ee,1w,30,1am|1i|1p|1ao|1ab|1af|1e|1k|1s|1al|1y|1aa|1ac|1t|1z|1v|1c|1o|1u|1q|1ai|1b|1m|1ag|1h|1n|1j|1ah|1f|1l,7,9.482894198425901,1a|1ae|1aj|1ak|1d|1g|1r
11.887319164105378,,,sulfur-heteroaryl-fused,stage2p,,2,sulfur-heteroaryl-fused,ridge_regression,94.0,94.0,,82.11268083589462,96.97651643602015,70.07093267333343,103.27938911115857,63.946207277873626,-11.887319164105378,"{""alpha"": 100.0}",sulfur-heteroaryl-fused,family_holdout,ee,1x,30,1am|1i|1p|1ao|1ab|1af|1e|1k|1s|1al|1y|1aa|1ac|1t|1z|1v|1c|1o|1u|1q|1ai|1b|1m|1ag|1h|1n|1j|1ah|1f|1l,7,9.482894198425901,1a|1ae|1aj|1ak|1d|1g|1r
39.00802619418402,,,sulfur-heteroaryl-fused,stage2p,,2,sulfur-heteroaryl-fused,elastic_net,92.0,92.0,,52.99197380581598,69.73551780104208,45.8947923010169,77.32200479567143,42.668965670181436,-39.00802619418402,"{""alpha"": 1.0, ""l1_ratio"": 1.0}",sulfur-heteroaryl-fused,family_holdout,ee,1w,30,1am|1i|1p|1ao|1ab|1af|1e|1k|1s|1al|1y|1aa|1ac|1t|1z|1v|1c|1o|1u|1q|1ai|1b|1m|1ag|1h|1n|1j|1ah|1f|1l,7,9.97095718543475,1a|1ae|1aj|1ak|1d|1g|1r
1.0217181189487974,,,sulfur-heteroaryl-fused,stage2p,,2,sulfur-heteroaryl-fused,elastic_net,94.0,94.0,,95.0217181189488,111.7652621141749,87.92453661414972,119.35174910880426,84.69870998331426,1.0217181189487974,"{""alpha"": 1.0, ""l1_ratio"": 1.0}",sulfur-heteroaryl-fused,family_holdout,ee,1x,30,1am|1i|1p|1ao|1ab|1af|1e|1k|1s|1al|1y|1aa|1ac|1t|1z|1v|1c|1o|1u|1q|1ai|1b|1m|1ag|1h|1n|1j|1ah|1f|1l,7,9.97095718543475,1a|1ae|1aj|1ak|1d|1g|1r
22.38488184832741,,,sulfur-heteroaryl-fused,stage2p,,2,sulfur-heteroaryl-fused,lightgbm,92.0,92.0,,69.61511815167259,91.14448287108922,59.604690478687886,104.92353263461845,54.785344326701946,-22.38488184832741,"{""learning_rate"": 0.1, ""n_estimators"": 75, ""num_leaves"": 3}",sulfur-heteroaryl-fused,family_holdout,ee,1w,30,1am|1i|1p|1ao|1ab|1af|1e|1k|1s|1al|1y|1aa|1ac|1t|1z|1v|1c|1o|1u|1q|1ai|1b|1m|1ag|1h|1n|1j|1ah|1f|1l,7,11.224552813131679,1a|1ae|1aj|1ak|1d|1g|1r
11.104312327002077,,,sulfur-heteroaryl-fused,stage2p,,2,sulfur-heteroaryl-fused,lightgbm,94.0,94.0,,82.89568767299792,104.42505239241456,72.88526000001322,118.20410215594379,68.06591384802728,-11.104312327002077,"{""learning_rate"": 0.1, ""n_estimators"": 75, ""num_leaves"": 3}",sulfur-heteroaryl-fused,family_holdout,ee,1x,30,1am|1i|1p|1ao|1ab|1af|1e|1k|1s|1al|1y|1aa|1ac|1t|1z|1v|1c|1o|1u|1q|1ai|1b|1m|1ag|1h|1n|1j|1ah|1f|1l,7,11.224552813131679,1a|1ae|1aj|1ak|1d|1g|1r
22.995066455740172,102.8684034263141,35.14146366220556,sulfur-heteroaryl-fused,stage2p,17.277280552068504,2,sulfur-heteroaryl-fused,gaussian_process,92.0,92.0,,69.00493354425983,97.45910002141031,56.53564292736564,101.67506450030035,55.48091983802888,-22.995066455740172,"{""alpha"": 1e-05, ""kernel"": ""1**2 * RBF(length_scale=1) + WhiteKernel(noise_level=10)""}",sulfur-heteroaryl-fused,family_holdout,ee,1w,30,1am|1i|1p|1ao|1ab|1af|1e|1k|1s|1al|1y|1aa|1ac|1t|1z|1v|1c|1o|1u|1q|1ai|1b|1m|1ag|1h|1n|1j|1ah|1f|1l,7,14.095539835318906,1a|1ae|1aj|1ak|1d|1g|1r
16.37950669371544,117.82107507419492,37.419911538374194,sulfur-heteroaryl-fused,stage2p,20.510500901995083,2,sulfur-heteroaryl-fused,gaussian_process,94.0,94.0,,77.62049330628456,106.07465978343504,65.15120268939037,110.29062426232508,64.09647960005361,-16.37950669371544,"{""alpha"": 1e-05, ""kernel"": ""1**2 * RBF(length_scale=1) + WhiteKernel(noise_level=10)""}",sulfur-heteroaryl-fused,family_holdout,ee,1x,30,1am|1i|1p|1ao|1ab|1af|1e|1k|1s|1al|1y|1aa|1ac|1t|1z|1v|1c|1o|1u|1q|1ai|1b|1m|1ag|1h|1n|1j|1ah|1f|1l,7,14.095539835318906,1a|1ae|1aj|1ak|1d|1g|1r
9.007724221910806,,,sulfur-heterocycle-fused,stage2p,,1,sulfur-heterocycle-fused,ridge_regression,91.0,91.0,,81.9922757780892,86.46312592378241,68.61068970667539,97.15707412393635,62.054605205312114,-9.007724221910806,"{""alpha"": 1000.0}",sulfur-heterocycle-fused,family_holdout,ee,1y,30,1am|1i|1p|1ao|1ab|1af|1x|1u|1l|1aj|1aa|1k|1s|1ac|1g|1z|1c|1o|1w|1t|1q|1v|1ai|1b|1ag|1n|1j|1m|1ah|1d,8,9.259701509970805,1a|1ae|1ak|1al|1e|1f|1h|1r
0.08342965558478,,,sulfur-heterocycle-fused,stage2p,,1,sulfur-heterocycle-fused,elastic_net,91.0,91.0,,91.08342965558478,98.71370506980983,75.70051476625456,99.79024010106656,68.95734804063179,0.08342965558478,"{""alpha"": 1.0, ""l1_ratio"": 1.0}",sulfur-heterocycle-fused,family_holdout,ee,1y,30,1am|1i|1p|1ao|1ab|1af|1x|1u|1l|1aj|1aa|1k|1s|1ac|1g|1z|1c|1o|1w|1t|1q|1v|1ai|1b|1ag|1n|1j|1m|1ah|1d,8,7.530504768807895,1a|1ae|1ak|1al|1e|1f|1h|1r
1.1862522411941967,,,sulfur-heterocycle-fused,stage2p,,1,sulfur-heterocycle-fused,lightgbm,91.0,91.0,,89.8137477588058,89.63493445606228,72.31308730318355,92.65316830634902,71.81841904572302,-1.1862522411941967,"{""learning_rate"": 0.1, ""n_estimators"": 25, ""num_leaves"": 3}",sulfur-heterocycle-fused,family_holdout,ee,1y,30,1am|1i|1p|1ao|1ab|1af|1x|1u|1l|1aj|1aa|1k|1s|1ac|1g|1z|1c|1o|1w|1t|1q|1v|1ai|1b|1ag|1n|1j|1m|1ah|1d,8,7.837691152606505,1a|1ae|1ak|1al|1e|1f|1h|1r
11.626051264119468,121.0249263712585,37.72297110050256,sulfur-heterocycle-fused,stage2p,21.25049879356019,1,sulfur-heterocycle-fused,gaussian_process,91.0,91.0,,79.37394873588053,95.2151273429297,64.64062474972728,101.47726792472841,64.64061118888716,-11.626051264119468,"{""alpha"": 1e-05, ""kernel"": ""1**2 * RBF(length_scale=1) + WhiteKernel(noise_level=1)""}",sulfur-heterocycle-fused,family_holdout,ee,1y,30,1am|1i|1p|1ao|1ab|1af|1x|1u|1l|1aj|1aa|1k|1s|1ac|1g|1z|1c|1o|1w|1t|1q|1v|1ai|1b|1ag|1n|1j|1m|1ah|1d,8,11.992509008959779,1a|1ae|1ak|1al|1e|1f|1h|1r
10.999949547028265,,,alkyl-aryl-chain,stage2pp,,2,alkyl-aryl-chain,ridge_regression,50.0,50.0,,60.999949547028265,67.64680000923197,42.58080295787182,72.20987318348938,39.88131045113461,10.999949547028265,"{""alpha"": 100.0}",alkyl-aryl-chain,family_holdout,ee,1ah,30,1am|1i|1p|1ao|1ab|1af|1x|1u|1l|1aj|1aa|1k|1s|1ac|1g|1y|1z|1c|1t|1w|1o|1q|1v|1b|1ag|1n|1j|1m|1d|1e,7,9.998350728884295,1a|1ae|1ak|1al|1f|1h|1r
18.19197005197421,,,alkyl-aryl-chain,stage2pp,,2,alkyl-aryl-chain,ridge_regression,50.0,50.0,,68.19197005197421,74.83882051417791,49.77282346281776,79.40189368843532,47.073330956080554,18.19197005197421,"{""alpha"": 100.0}",alkyl-aryl-chain,family_holdout,ee,1ai,30,1am|1i|1p|1ao|1ab|1af|1x|1u|1l|1aj|1aa|1k|1s|1ac|1g|1y|1z|1c|1t|1w|1o|1q|1v|1b|1ag|1n|1j|1m|1d|1e,7,9.998350728884295,1a|1ae|1ak|1al|1f|1h|1r
25.54579621894659,,,alkyl-aryl-chain,stage2pp,,2,alkyl-aryl-chain,elastic_net,50.0,50.0,,75.54579621894659,87.28932659920298,65.40730083169187,91.59455793410643,60.238002160039244,25.54579621894659,"{""alpha"": 1.0, ""l1_ratio"": 0.8}",alkyl-aryl-chain,family_holdout,ee,1ah,30,1am|1i|1p|1ao|1ab|1af|1x|1u|1l|1aj|1aa|1k|1s|1ac|1g|1y|1z|1c|1t|1w|1o|1q|1v|1b|1ag|1n|1j|1m|1d|1e,7,8.775129965354674,1a|1ae|1ak|1al|1f|1h|1r
12.103061165596237,,,alkyl-aryl-chain,stage2pp,,2,alkyl-aryl-chain,elastic_net,50.0,50.0,,62.10306116559624,73.84659154585262,51.96456577834151,78.15182288075607,46.79526710668889,12.103061165596237,"{""alpha"": 1.0, ""l1_ratio"": 0.8}",alkyl-aryl-chain,family_holdout,ee,1ai,30,1am|1i|1p|1ao|1ab|1af|1x|1u|1l|1aj|1aa|1k|1s|1ac|1g|1y|1z|1c|1t|1w|1o|1q|1v|1b|1ag|1n|1j|1m|1d|1e,7,8.775129965354674,1a|1ae|1ak|1al|1f|1h|1r
21.003811851908736,,,alkyl-aryl-chain,stage2pp,,2,alkyl-aryl-chain,lightgbm,50.0,50.0,,71.00381185190874,75.9124226592332,60.80265208377507,78.09918085652087,56.18992092338768,21.003811851908736,"{""learning_rate"": 0.03, ""n_estimators"": 75, ""num_leaves"": 7}",alkyl-aryl-chain,family_holdout,ee,1ah,30,1am|1i|1p|1ao|1ab|1af|1x|1u|1l|1aj|1aa|1k|1s|1ac|1g|1y|1z|1c|1t|1w|1o|1q|1v|1b|1ag|1n|1j|1m|1d|1e,7,5.109294121941331,1a|1ae|1ak|1al|1f|1h|1r
22.588811861737412,,,alkyl-aryl-chain,stage2pp,,2,alkyl-aryl-chain,lightgbm,50.0,50.0,,72.58881186173741,77.49742266906188,62.38765209360375,79.68418086634955,57.77492093321636,22.588811861737412,"{""learning_rate"": 0.03, ""n_estimators"": 75, ""num_leaves"": 7}",alkyl-aryl-chain,family_holdout,ee,1ai,30,1am|1i|1p|1ao|1ab|1af|1x|1u|1l|1aj|1aa|1k|1s|1ac|1g|1y|1z|1c|1t|1w|1o|1q|1v|1b|1ag|1n|1j|1m|1d|1e,7,5.109294121941331,1a|1ae|1ak|1al|1f|1h|1r
30.03333333333333,120.02879639996615,40.0378702667005,alkyl-aryl-chain,stage2pp,20.405848503384096,2,alkyl-aryl-chain,gaussian_process,50.0,50.0,,80.03333333333333,99.86666666666449,68.67257408431044,105.26666666666611,68.21814352113012,30.03333333333333,"{""alpha"": 1e-05, ""kernel"": ""1**2 * RBF(length_scale=2) + WhiteKernel(noise_level=10)""}",alkyl-aryl-chain,family_holdout,ee,1ah,30,1am|1i|1p|1ao|1ab|1af|1x|1u|1l|1aj|1aa|1k|1s|1ac|1g|1y|1z|1c|1t|1w|1o|1q|1v|1b|1ag|1n|1j|1m|1d|1e,7,13.136501203936854,1a|1ae|1ak|1al|1f|1h|1r
30.03333333333333,120.02879639996615,40.0378702667005,alkyl-aryl-chain,stage2pp,20.405848503384096,2,alkyl-aryl-chain,gaussian_process,50.0,50.0,,80.03333333333333,99.86666666666449,68.67257408431044,105.26666666666611,68.21814352113012,30.03333333333333,"{""alpha"": 1e-05, ""kernel"": ""1**2 * RBF(length_scale=2) + WhiteKernel(noise_level=10)""}",alkyl-aryl-chain,family_holdout,ee,1ai,30,1am|1i|1p|1ao|1ab|1af|1x|1u|1l|1aj|1aa|1k|1s|1ac|1g|1y|1z|1c|1t|1w|1o|1q|1v|1b|1ag|1n|1j|1m|1d|1e,7,13.136501203936854,1a|1ae|1ak|1al|1f|1h|1r
5.371175330217909,,,branched-diaryl-alkyl,stage2pp,,1,branched-diaryl-alkyl,ridge_regression,72.0,72.0,,66.62882466978209,79.77300296340312,55.46155123699789,83.65800228302756,50.08105005359889,-5.371175330217909,"{""alpha"": 100.0}",branched-diaryl-alkyl,family_holdout,ee,1ao,30,1l|1am|1af|1y|1s|1x|1i|1ab|1p|1aa|1k|1al|1ac|1g|1u|1z|1c|1t|1w|1o|1q|1v|1ai|1b|1ag|1n|1j|1m|1ah|1d,8,8.009233467629645,1a|1ae|1aj|1ak|1e|1f|1h|1r
15.229962839521747,,,branched-diaryl-alkyl,stage2pp,,1,branched-diaryl-alkyl,elastic_net,72.0,72.0,,56.77003716047825,67.27521910491703,50.044949611091106,68.15928750768487,43.53039299644719,-15.229962839521747,"{""alpha"": 1.0, ""l1_ratio"": 0.8}",branched-diaryl-alkyl,family_holdout,ee,1ao,30,1l|1am|1af|1y|1s|1x|1i|1ab|1p|1aa|1k|1al|1ac|1g|1u|1z|1c|1t|1w|1o|1q|1v|1ai|1b|1ag|1n|1j|1m|1ah|1d,8,7.351797625633608,1a|1ae|1aj|1ak|1e|1f|1h|1r
2.115997502082422,,,branched-diaryl-alkyl,stage2pp,,1,branched-diaryl-alkyl,lightgbm,72.0,72.0,,74.11599750208242,83.35762111847582,64.16361037739767,85.19618986326978,63.90385388896891,2.115997502082422,"{""learning_rate"": 0.1, ""n_estimators"": 75, ""num_leaves"": 3}",branched-diaryl-alkyl,family_holdout,ee,1ao,30,1l|1am|1af|1y|1s|1x|1i|1ab|1p|1aa|1k|1al|1ac|1g|1u|1z|1c|1t|1w|1o|1q|1v|1ai|1b|1ag|1n|1j|1m|1ah|1d,8,6.21192153053113,1a|1ae|1aj|1ak|1e|1f|1h|1r
6.86666666666666,119.35164784734391,38.3816854859894,branched-diaryl-alkyl,stage2pp,20.655602643202684,1,branched-diaryl-alkyl,gaussian_process,72.0,72.0,,78.86666666666666,107.43333333333332,65.73333333333619,112.15833333333333,65.73333333333404,6.86666666666666,"{""alpha"": 1e-05, ""kernel"": ""1**2 * RBF(length_scale=2) + WhiteKernel(noise_level=10)""}",branched-diaryl-alkyl,family_holdout,ee,1ao,30,1l|1am|1af|1y|1s|1x|1i|1ab|1p|1aa|1k|1al|1ac|1g|1u|1z|1c|1t|1w|1o|1q|1v|1ai|1b|1ag|1n|1j|1m|1ah|1d,8,16.908333123959853,1a|1ae|1aj|1ak|1e|1f|1h|1r
23.767531158372634,,,carbonyl-alkyl-aryl,stage2pp,,3,carbonyl-alkyl-aryl,ridge_regression,53.0,53.0,,76.76753115837263,75.42617163689096,59.676734970315636,78.04925794112107,55.458441551554955,23.767531158372634,"{""alpha"": 1000.0}",carbonyl-alkyl-aryl,family_holdout,ee,1ae,29,1am|1i|1p|1ao|1ab|1x|1u|1l|1aj|1d|1aa|1s|1ac|1j|1y|1z|1v|1f|1o|1t|1w|1b|1q|1ai|1h|1m|1n|1ah|1c,7,9.26591492827502,1a|1ak|1al|1e|1g|1k|1r
16.593153692728222,,,carbonyl-alkyl-aryl,stage2pp,,3,carbonyl-alkyl-aryl,ridge_regression,61.0,61.0,,77.59315369272822,76.25179417124654,60.502357504671224,78.87488047547666,56.28406408591054,16.593153692728222,"{""alpha"": 1000.0}",carbonyl-alkyl-aryl,family_holdout,ee,1af,29,1am|1i|1p|1ao|1ab|1x|1u|1l|1aj|1d|1aa|1s|1ac|1j|1y|1z|1v|1f|1o|1t|1w|1b|1q|1ai|1h|1m|1n|1ah|1c,7,9.26591492827502,1a|1ak|1al|1e|1g|1k|1r
12.51804791574429,,,carbonyl-alkyl-aryl,stage2pp,,3,carbonyl-alkyl-aryl,ridge_regression,90.0,90.0,,77.48195208425571,76.14059256277403,60.39115589619871,78.76367886700415,56.17286247743803,-12.51804791574429,"{""alpha"": 1000.0}",carbonyl-alkyl-aryl,family_holdout,ee,1ag,29,1am|1i|1p|1ao|1ab|1x|1u|1l|1aj|1d|1aa|1s|1ac|1j|1y|1z|1v|1f|1o|1t|1w|1b|1q|1ai|1h|1m|1n|1ah|1c,7,9.26591492827502,1a|1ak|1al|1e|1g|1k|1r
22.594436972504326,,,carbonyl-alkyl-aryl,stage2pp,,3,carbonyl-alkyl-aryl,elastic_net,53.0,53.0,,75.59443697250433,74.3211582513063,60.58937141641528,74.53190621281604,57.23108400220279,22.594436972504326,"{""alpha"": 10.0, ""l1_ratio"": 0.2}",carbonyl-alkyl-aryl,family_holdout,ee,1ae,29,1am|1i|1p|1ao|1ab|1x|1u|1l|1aj|1d|1aa|1s|1ac|1j|1y|1z|1v|1f|1o|1t|1w|1b|1q|1ai|1h|1m|1n|1ah|1c,7,8.434209755664815,1a|1ak|1al|1e|1g|1k|1r
15.124708059152027,,,carbonyl-alkyl-aryl,stage2pp,,3,carbonyl-alkyl-aryl,elastic_net,61.0,61.0,,76.12470805915203,74.851429337954,61.119642503062984,75.06217729946374,57.76135508885049,15.124708059152027,"{""alpha"": 10.0, ""l1_ratio"": 0.2}",carbonyl-alkyl-aryl,family_holdout,ee,1af,29,1am|1i|1p|1ao|1ab|1x|1u|1l|1aj|1d|1aa|1s|1ac|1j|1y|1z|1v|1f|1o|1t|1w|1b|1q|1ai|1h|1m|1n|1ah|1c,7,8.434209755664815,1a|1ak|1al|1e|1g|1k|1r
14.730164747010562,,,carbonyl-alkyl-aryl,stage2pp,,3,carbonyl-alkyl-aryl,elastic_net,90.0,90.0,,75.26983525298944,73.99655653179141,60.264769696900395,74.20730449330115,56.906482282687904,-14.730164747010562,"{""alpha"": 10.0, ""l1_ratio"": 0.2}",carbonyl-alkyl-aryl,family_holdout,ee,1ag,29,1am|1i|1p|1ao|1ab|1x|1u|1l|1aj|1d|1aa|1s|1ac|1j|1y|1z|1v|1f|1o|1t|1w|1b|1q|1ai|1h|1m|1n|1ah|1c,7,8.434209755664815,1a|1ak|1al|1e|1g|1k|1r
13.25848835565526,,,carbonyl-alkyl-aryl,stage2pp,,3,carbonyl-alkyl-aryl,lightgbm,53.0,53.0,,66.25848835565526,68.23820825662636,59.955662333659575,69.2411970963402,59.26597763044721,13.25848835565526,"{""learning_rate"": 0.1, ""n_estimators"": 25, ""num_leaves"": 7}",carbonyl-alkyl-aryl,family_holdout,ee,1ae,29,1am|1i|1p|1ao|1ab|1x|1u|1l|1aj|1d|1aa|1s|1ac|1j|1y|1z|1v|1f|1o|1t|1w|1b|1q|1ai|1h|1m|1n|1ah|1c,7,3.5752524878796867,1a|1ak|1al|1e|1g|1k|1r
22.580695963724068,,,carbonyl-alkyl-aryl,stage2pp,,3,carbonyl-alkyl-aryl,lightgbm,61.0,61.0,,83.58069596372407,85.56041586469517,77.27786994172838,86.56340470440901,76.58818523851602,22.580695963724068,"{""learning_rate"": 0.1, ""n_estimators"": 25, ""num_leaves"": 7}",carbonyl-alkyl-aryl,family_holdout,ee,1af,29,1am|1i|1p|1ao|1ab|1x|1u|1l|1aj|1d|1aa|1s|1ac|1j|1y|1z|1v|1f|1o|1t|1w|1b|1q|1ai|1h|1m|1n|1ah|1c,7,3.5752524878796867,1a|1ak|1al|1e|1g|1k|1r
27.262246974260997,,,carbonyl-alkyl-aryl,stage2pp,,3,carbonyl-alkyl-aryl,lightgbm,90.0,90.0,,62.737753025739,64.71747292671012,56.43492700374332,65.72046176642394,55.745242300530954,-27.262246974260997,"{""learning_rate"": 0.1, ""n_estimators"": 25, ""num_leaves"": 7}",carbonyl-alkyl-aryl,family_holdout,ee,1ag,29,1am|1i|1p|1ao|1ab|1x|1u|1l|1aj|1d|1aa|1s|1ac|1j|1y|1z|1v|1f|1o|1t|1w|1b|1q|1ai|1h|1m|1n|1ah|1c,7,3.5752524878796867,1a|1ak|1al|1e|1g|1k|1r
24.689655172413794,119.83409519967609,35.54521514515151,carbonyl-alkyl-aryl,stage2pp,21.50226532003178,3,carbonyl-alkyl-aryl,gaussian_process,53.0,53.0,,77.6896551724138,85.57931034482759,62.179310344827584,89.17931034482758,60.82931034482759,24.689655172413794,"{""alpha"": 1e-05, ""kernel"": ""1**2 * RBF(length_scale=2) + WhiteKernel(noise_level=10)""}",carbonyl-alkyl-aryl,family_holdout,ee,1ae,29,1am|1i|1p|1ao|1ab|1x|1u|1l|1aj|1d|1aa|1s|1ac|1j|1y|1z|1v|1f|1o|1t|1w|1b|1q|1ai|1h|1m|1n|1ah|1c,7,12.704433446916173,1a|1ak|1al|1e|1g|1k|1r
16.689655172413794,119.83409519967609,35.54521514515151,carbonyl-alkyl-aryl,stage2pp,21.50226532003178,3,carbonyl-alkyl-aryl,gaussian_process,61.0,61.0,,77.6896551724138,85.57931034482759,62.179310344827584,89.17931034482758,60.82931034482759,16.689655172413794,"{""alpha"": 1e-05, ""kernel"": ""1**2 * RBF(length_scale=2) + WhiteKernel(noise_level=10)""}",carbonyl-alkyl-aryl,family_holdout,ee,1af,29,1am|1i|1p|1ao|1ab|1x|1u|1l|1aj|1d|1aa|1s|1ac|1j|1y|1z|1v|1f|1o|1t|1w|1b|1q|1ai|1h|1m|1n|1ah|1c,7,12.704433446916173,1a|1ak|1al|1e|1g|1k|1r
12.310344827586206,119.83409519967609,35.54521514515151,carbonyl-alkyl-aryl,stage2pp,21.50226532003178,3,carbonyl-alkyl-aryl,gaussian_process,90.0,90.0,,77.6896551724138,85.57931034482759,62.179310344827584,89.17931034482758,60.82931034482759,-12.310344827586206,"{""alpha"": 1e-05, ""kernel"": ""1**2 * RBF(length_scale=2) + WhiteKernel(noise_level=10)""}",carbonyl-alkyl-aryl,family_holdout,ee,1ag,29,1am|1i|1p|1ao|1ab|1x|1u|1l|1aj|1d|1aa|1s|1ac|1j|1y|1z|1v|1f|1o|1t|1w|1b|1q|1ai|1h|1m|1n|1ah|1c,7,12.704433446916173,1a|1ak|1al|1e|1g|1k|1r
1.3155379953257125,,,carbonyl-heterocycle-fused,stage2pp,,1,carbonyl-heterocycle-fused,ridge_regression,86.0,86.0,,87.31553799532571,100.2198376180214,75.75255824877279,104.83359801997759,70.2165474484568,1.3155379953257125,"{""alpha"": 100.0}",carbonyl-heterocycle-fused,family_holdout,ee,1u,30,1am|1i|1p|1ao|1ab|1af|1x|1l|1s|1y|1k|1al|1aa|1ac|1g|1z|1t|1c|1w|1o|1q|1v|1ai|1b|1ag|1n|1j|1m|1ah|1d,8,8.04246696536297,1a|1ae|1aj|1ak|1e|1f|1h|1r
10.72714048254771,,,carbonyl-heterocycle-fused,stage2pp,,1,carbonyl-heterocycle-fused,elastic_net,86.0,86.0,,75.27285951745229,87.24061971723775,67.3249487495477,90.68420006686232,61.38049931980769,-10.72714048254771,"{""alpha"": 1.0, ""l1_ratio"": 0.8}",carbonyl-heterocycle-fused,family_holdout,ee,1u,30,1am|1i|1p|1ao|1ab|1af|1x|1l|1s|1y|1k|1al|1aa|1ac|1g|1z|1t|1c|1w|1o|1q|1v|1ai|1b|1ag|1n|1j|1m|1ah|1d,8,8.434446047030539,1a|1ae|1aj|1ak|1e|1f|1h|1r
4.207504823090517,,,carbonyl-heterocycle-fused,stage2pp,,1,carbonyl-heterocycle-fused,lightgbm,86.0,86.0,,90.20750482309052,97.15219239206215,80.21154428836839,98.77068938002544,78.13123395856701,4.207504823090517,"{""learning_rate"": 0.1, ""n_estimators"": 75, ""num_leaves"": 3}",carbonyl-heterocycle-fused,family_holdout,ee,1u,30,1am|1i|1p|1ao|1ab|1af|1x|1l|1s|1y|1k|1al|1aa|1ac|1g|1z|1t|1c|1w|1o|1q|1v|1ai|1b|1ag|1n|1j|1m|1ah|1d,8,5.609446559949069,1a|1ae|1aj|1ak|1e|1f|1h|1r
7.599999974424875,118.86872749854003,37.931272552610224,carbonyl-heterocycle-fused,stage2pp,20.647309935186176,1,carbonyl-heterocycle-fused,gaussian_process,86.0,86.0,,78.40000002557512,106.50000002557513,64.80000002558265,111.22500002557513,64.800000025577,-7.599999974424875,"{""alpha"": 1e-05, ""kernel"": ""1**2 * RBF(length_scale=2) + WhiteKernel(noise_level=10)""}",carbonyl-heterocycle-fused,family_holdout,ee,1u,30,1am|1i|1p|1ao|1ab|1af|1x|1l|1s|1y|1k|1al|1aa|1ac|1g|1z|1t|1c|1w|1o|1q|1v|1ai|1b|1ag|1n|1j|1m|1ah|1d,8,17.024999775836154,1a|1ae|1aj|1ak|1e|1f|1h|1r
4.88184532155347,,,cycloalkyl-alkyl-aryl,stage2pp,,3,cycloalkyl-alkyl-aryl,ridge_regression,44.0,44.0,,48.88184532155347,68.38792411497589,36.02284902260237,70.08226275757612,28.02102199627306,4.88184532155347,"{""alpha"": 100.0}",cycloalkyl-alkyl-aryl,family_holdout,ee,1aj,29,1i|1am|1p|1ao|1ab|1af|1x|1u|1k|1e|1ac|1s|1aa|1y|1z|1v|1c|1o|1w|1t|1q|1ai|1b|1m|1ag|1n|1h|1j|1ah,7,11.399583081122099,1a|1ae|1d|1f|1g|1l|1r
10.701280288369077,,,cycloalkyl-alkyl-aryl,stage2pp,,3,cycloalkyl-alkyl-aryl,ridge_regression,65.0,65.0,,54.29871971163092,73.80479850505334,41.439723412679825,75.49913714765357,33.437896386350516,-10.701280288369077,"{""alpha"": 100.0}",cycloalkyl-alkyl-aryl,family_holdout,ee,1ak,29,1i|1am|1p|1ao|1ab|1af|1x|1u|1k|1e|1ac|1s|1aa|1y|1z|1v|1c|1o|1w|1t|1q|1ai|1b|1m|1ag|1n|1h|1j|1ah,7,11.399583081122099,1a|1ae|1d|1f|1g|1l|1r
23.33474320067448,,,cycloalkyl-alkyl-aryl,stage2pp,,3,cycloalkyl-alkyl-aryl,ridge_regression,73.0,73.0,,49.66525679932552,69.17133559274794,36.80626050037442,70.86567423534817,28.80443347404511,-23.33474320067448,"{""alpha"": 100.0}",cycloalkyl-alkyl-aryl,family_holdout,ee,1al,29,1i|1am|1p|1ao|1ab|1af|1x|1u|1k|1e|1ac|1s|1aa|1y|1z|1v|1c|1o|1w|1t|1q|1ai|1b|1m|1ag|1n|1h|1j|1ah,7,11.399583081122099,1a|1ae|1d|1f|1g|1l|1r
11.853917247305262,,,cycloalkyl-alkyl-aryl,stage2pp,,3,cycloalkyl-alkyl-aryl,elastic_net,44.0,44.0,,55.85391724730526,77.09464881269713,45.21619021642883,80.74047182376296,43.23866815352538,11.853917247305262,"{""alpha"": 1.0, ""l1_ratio"": 1.0}",cycloalkyl-alkyl-aryl,family_holdout,ee,1aj,29,1i|1am|1p|1ao|1ab|1af|1x|1u|1k|1e|1ac|1s|1aa|1y|1z|1v|1c|1o|1w|1t|1q|1ai|1b|1m|1ag|1n|1h|1j|1ah,7,10.69138360670266,1a|1ae|1d|1f|1g|1l|1r
20.150119534347468,,,cycloalkyl-alkyl-aryl,stage2pp,,3,cycloalkyl-alkyl-aryl,elastic_net,65.0,65.0,,85.15011953434747,106.39085109973934,74.51239250347103,110.03667411080517,72.53487044056759,20.150119534347468,"{""alpha"": 1.0, ""l1_ratio"": 1.0}",cycloalkyl-alkyl-aryl,family_holdout,ee,1ak,29,1i|1am|1p|1ao|1ab|1af|1x|1u|1k|1e|1ac|1s|1aa|1y|1z|1v|1c|1o|1w|1t|1q|1ai|1b|1m|1ag|1n|1h|1j|1ah,7,10.69138360670266,1a|1ae|1d|1f|1g|1l|1r
11.070046000793994,,,cycloalkyl-alkyl-aryl,stage2pp,,3,cycloalkyl-alkyl-aryl,elastic_net,73.0,73.0,,84.070046000794,105.31077756618586,73.43231896991756,108.95660057725169,71.45479690701411,11.070046000793994,"{""alpha"": 1.0, ""l1_ratio"": 1.0}",cycloalkyl-alkyl-aryl,family_holdout,ee,1al,29,1i|1am|1p|1ao|1ab|1af|1x|1u|1k|1e|1ac|1s|1aa|1y|1z|1v|1c|1o|1w|1t|1q|1ai|1b|1m|1ag|1n|1h|1j|1ah,7,10.69138360670266,1a|1ae|1d|1f|1g|1l|1r
4.073442309316626,,,cycloalkyl-alkyl-aryl,stage2pp,,3,cycloalkyl-alkyl-aryl,lightgbm,44.0,44.0,,48.073442309316626,49.90488845703622,29.74222110891165,53.01544301395569,16.165138708856077,4.073442309316626,"{""learning_rate"": 0.03, ""n_estimators"": 75, ""num_leaves"": 7}",cycloalkyl-alkyl-aryl,family_holdout,ee,1aj,29,1i|1am|1p|1ao|1ab|1af|1x|1u|1k|1e|1ac|1s|1aa|1y|1z|1v|1c|1o|1w|1t|1q|1ai|1b|1m|1ag|1n|1h|1j|1ah,7,8.375176381619207,1a|1ae|1d|1f|1g|1l|1r
11.527256764451579,,,cycloalkyl-alkyl-aryl,stage2pp,,3,cycloalkyl-alkyl-aryl,lightgbm,65.0,65.0,,76.52725676445158,78.35870291217118,58.1960355640466,81.46925746909064,44.61895316399103,11.527256764451579,"{""learning_rate"": 0.03, ""n_estimators"": 75, ""num_leaves"": 7}",cycloalkyl-alkyl-aryl,family_holdout,ee,1ak,29,1i|1am|1p|1ao|1ab|1af|1x|1u|1k|1e|1ac|1s|1aa|1y|1z|1v|1c|1o|1w|1t|1q|1ai|1b|1m|1ag|1n|1h|1j|1ah,7,8.375176381619207,1a|1ae|1d|1f|1g|1l|1r
1.3605742410926354,,,cycloalkyl-alkyl-aryl,stage2pp,,3,cycloalkyl-alkyl-aryl,lightgbm,73.0,73.0,,74.36057424109264,76.19202038881224,56.02935304068766,79.30257494573169,42.452270640632086,1.3605742410926354,"{""learning_rate"": 0.03, ""n_estimators"": 75, ""num_leaves"": 7}",cycloalkyl-alkyl-aryl,family_holdout,ee,1al,29,1i|1am|1p|1ao|1ab|1af|1x|1u|1k|1e|1ac|1s|1aa|1y|1z|1v|1c|1o|1w|1t|1q|1ai|1b|1m|1ag|1n|1h|1j|1ah,7,8.375176381619207,1a|1ae|1d|1f|1g|1l|1r
34.79310344827586,120.05233796796847,37.533868928583246,cycloalkyl-alkyl-aryl,stage2pp,21.050629856986028,3,cycloalkyl-alkyl-aryl,gaussian_process,44.0,44.0,,78.79310344827586,87.18620689655467,66.18620772599054,100.23620689655243,65.73620710391143,34.79310344827586,"{""alpha"": 1e-05, ""kernel"": ""1**2 * RBF(length_scale=2) + WhiteKernel(noise_level=10)""}",cycloalkyl-alkyl-aryl,family_holdout,ee,1aj,29,1i|1am|1p|1ao|1ab|1af|1x|1u|1k|1e|1ac|1s|1aa|1y|1z|1v|1c|1o|1w|1t|1q|1ai|1b|1m|1ag|1n|1h|1j|1ah,7,12.576339398269837,1a|1ae|1d|1f|1g|1l|1r
13.793103448275858,120.05233796796847,37.533868928583246,cycloalkyl-alkyl-aryl,stage2pp,21.050629856986028,3,cycloalkyl-alkyl-aryl,gaussian_process,65.0,65.0,,78.79310344827586,87.18620689655467,66.18620772599054,100.23620689655243,65.73620710391143,13.793103448275858,"{""alpha"": 1e-05, ""kernel"": ""1**2 * RBF(length_scale=2) + WhiteKernel(noise_level=10)""}",cycloalkyl-alkyl-aryl,family_holdout,ee,1ak,29,1i|1am|1p|1ao|1ab|1af|1x|1u|1k|1e|1ac|1s|1aa|1y|1z|1v|1c|1o|1w|1t|1q|1ai|1b|1m|1ag|1n|1h|1j|1ah,7,12.576339398269837,1a|1ae|1d|1f|1g|1l|1r
5.793103448275858,120.05233796796847,37.533868928583246,cycloalkyl-alkyl-aryl,stage2pp,21.050629856986028,3,cycloalkyl-alkyl-aryl,gaussian_process,73.0,73.0,,78.79310344827586,87.18620689655467,66.18620772599054,100.23620689655243,65.73620710391143,5.793103448275858,"{""alpha"": 1e-05, ""kernel"": ""1**2 * RBF(length_scale=2) + WhiteKernel(noise_level=10)""}",cycloalkyl-alkyl-aryl,family_holdout,ee,1al,29,1i|1am|1p|1ao|1ab|1af|1x|1u|1k|1e|1ac|1s|1aa|1y|1z|1v|1c|1o|1w|1t|1q|1ai|1b|1m|1ag|1n|1h|1j|1ah,7,12.576339398269837,1a|1ae|1d|1f|1g|1l|1r
26.763644801661357,,,cycloalkyl-aryl,stage2pp,,1,cycloalkyl-aryl,ridge_regression,45.0,45.0,,71.76364480166136,97.8791490311616,62.614629501453784,98.46596673095733,59.287950227369635,26.763644801661357,"{""alpha"": 100.0}",cycloalkyl-aryl,family_holdout,ee,1am,30,1i|1al|1u|1ao|1ab|1af|1x|1p|1l|1aa|1k|1s|1ac|1g|1y|1z|1c|1w|1t|1o|1q|1v|1ai|1b|1ag|1n|1j|1m|1ah|1d,8,10.529755166195443,1a|1ae|1aj|1ak|1e|1f|1h|1r
29.318801982238668,,,cycloalkyl-aryl,stage2pp,,1,cycloalkyl-aryl,elastic_net,45.0,45.0,,74.31880198223867,97.78334675959907,69.36866860347142,101.63511437735497,62.78097957948025,29.318801982238668,"{""alpha"": 1.0, ""l1_ratio"": 1.0}",cycloalkyl-aryl,family_holdout,ee,1am,30,1i|1al|1u|1ao|1ab|1af|1x|1p|1l|1aa|1k|1s|1ac|1g|1y|1z|1c|1w|1t|1o|1q|1v|1ai|1b|1ag|1n|1j|1m|1ah|1d,8,12.042073511512388,1a|1ae|1aj|1ak|1e|1f|1h|1r
26.50345516066298,,,cycloalkyl-aryl,stage2pp,,1,cycloalkyl-aryl,lightgbm,45.0,45.0,,71.50345516066298,74.18283848252948,58.422371419957074,75.62052788999449,52.3104382667325,26.50345516066298,"{""learning_rate"": 0.1, ""n_estimators"": 75, ""num_leaves"": 3}",cycloalkyl-aryl,family_holdout,ee,1am,30,1i|1al|1u|1ao|1ab|1af|1x|1p|1l|1aa|1k|1s|1ac|1g|1y|1z|1c|1w|1t|1o|1q|1v|1ai|1b|1ag|1n|1j|1m|1ah|1d,8,6.327536416466718,1a|1ae|1aj|1ak|1e|1f|1h|1r
34.766666666666666,118.43300897814444,41.10032435518888,cycloalkyl-aryl,stage2pp,19.72772566912132,1,cycloalkyl-aryl,gaussian_process,45.0,45.0,,79.76666666666667,109.23333333333333,67.5333333333366,113.95833333333334,67.53333333333416,34.766666666666666,"{""alpha"": 1e-05, ""kernel"": ""1**2 * RBF(length_scale=2) + WhiteKernel(noise_level=10)""}",cycloalkyl-aryl,family_holdout,ee,1am,30,1i|1al|1u|1ao|1ab|1af|1x|1p|1l|1aa|1k|1s|1ac|1g|1y|1z|1c|1w|1t|1o|1q|1v|1ai|1b|1ag|1n|1j|1m|1ah|1d,8,16.683333208260393,1a|1ae|1aj|1ak|1e|1f|1h|1r
14.570016291396115,,,diaryl-ethyl-aryl-substituted,stage2pp,,12,diaryl-ethyl-aryl-substituted,ridge_regression,80.0,80.0,,94.57001629139612,114.8763477902595,85.41480572013697,115.43980949026249,80.75778440045416,14.570016291396115,"{""alpha"": 100.0}",diaryl-ethyl-aryl-substituted,family_holdout,ee,1b,22,1am|1q|1ao|1ab|1af|1x|1s|1al|1y|1ac|1z|1w|1u|1aa|1v|1o|1t|1p|1ai|1ag|1n|1ah,5,11.341576320296094,1a|1ae|1aj|1ak|1r
24.96086558678573,,,diaryl-ethyl-aryl-substituted,stage2pp,,12,diaryl-ethyl-aryl-substituted,ridge_regression,92.0,92.0,,67.03913441321427,87.34546591207766,57.88392384195512,87.90892761208065,53.22690252227231,-24.96086558678573,"{""alpha"": 100.0}",diaryl-ethyl-aryl-substituted,family_holdout,ee,1c,22,1am|1q|1ao|1ab|1af|1x|1s|1al|1y|1ac|1z|1w|1u|1aa|1v|1o|1t|1p|1ai|1ag|1n|1ah,5,11.341576320296094,1a|1ae|1aj|1ak|1r
29.820713147565,,,diaryl-ethyl-aryl-substituted,stage2pp,,12,diaryl-ethyl-aryl-substituted,ridge_regression,90.0,90.0,,60.179286852435,80.48561835129837,51.024076281175844,81.04908005130137,46.36705496149304,-29.820713147565,"{""alpha"": 100.0}",diaryl-ethyl-aryl-substituted,family_holdout,ee,1d,22,1am|1q|1ao|1ab|1af|1x|1s|1al|1y|1ac|1z|1w|1u|1aa|1v|1o|1t|1p|1ai|1ag|1n|1ah,5,11.341576320296094,1a|1ae|1aj|1ak|1r
8.0,,,diaryl-ethyl-aryl-substituted,stage2pp,,12,diaryl-ethyl-aryl-substituted,ridge_regression,92.0,92.0,,100.0,120.30633149886339,90.84478942874085,120.86979319886638,86.18776810905804,8.0,"{""alpha"": 100.0}",diaryl-ethyl-aryl-substituted,family_holdout,ee,1e,22,1am|1q|1ao|1ab|1af|1x|1s|1al|1y|1ac|1z|1w|1u|1aa|1v|1o|1t|1p|1ai|1ag|1n|1ah,5,11.341576320296094,1a|1ae|1aj|1ak|1r
9.657700826813127,,,diaryl-ethyl-aryl-substituted,stage2pp,,12,diaryl-ethyl-aryl-substituted,ridge_regression,90.0,90.0,,80.34229917318687,100.64863067205025,71.18708860192771,101.21209237205325,66.53006728224491,-9.657700826813127,"{""alpha"": 100.0}",diaryl-ethyl-aryl-substituted,family_holdout,ee,1f,22,1am|1q|1ao|1ab|1af|1x|1s|1al|1y|1ac|1z|1w|1u|1aa|1v|1o|1t|1p|1ai|1ag|1n|1ah,5,11.341576320296094,1a|1ae|1aj|1ak|1r
5.250583982181297,,,diaryl-ethyl-aryl-substituted,stage2pp,,12,diaryl-ethyl-aryl-substituted,ridge_regression,90.0,90.0,,95.2505839821813,115.55691548104468,86.09537341092215,116.12037718104767,81.43835209123934,5.250583982181297,"{""alpha"": 100.0}",diaryl-ethyl-aryl-substituted,family_holdout,ee,1g,22,1am|1q|1ao|1ab|1af|1x|1s|1al|1y|1ac|1z|1w|1u|1aa|1v|1o|1t|1p|1ai|1ag|1n|1ah,5,11.341576320296094,1a|1ae|1aj|1ak|1r
10.0,,,diaryl-ethyl-aryl-substituted,stage2pp,,12,diaryl-ethyl-aryl-substituted,ridge_regression,90.0,90.0,,100.0,120.30633149886339,90.84478942874085,120.86979319886638,86.18776810905804,10.0,"{""alpha"": 100.0}",diaryl-ethyl-aryl-substituted,family_holdout,ee,1h,22,1am|1q|1ao|1ab|1af|1x|1s|1al|1y|1ac|1z|1w|1u|1aa|1v|1o|1t|1p|1ai|1ag|1n|1ah,5,11.341576320296094,1a|1ae|1aj|1ak|1r
1.3677773951414594,,,diaryl-ethyl-aryl-substituted,stage2pp,,12,diaryl-ethyl-aryl-substituted,ridge_regression,73.0,73.0,,71.63222260485854,91.93855410372191,62.47701203359939,92.50201580372492,57.81999071391658,-1.3677773951414594,"{""alpha"": 100.0}",diaryl-ethyl-aryl-substituted,family_holdout,ee,1i,22,1am|1q|1ao|1ab|1af|1x|1s|1al|1y|1ac|1z|1w|1u|1aa|1v|1o|1t|1p|1ai|1ag|1n|1ah,5,11.341576320296094,1a|1ae|1aj|1ak|1r
36.2479302049886,,,diaryl-ethyl-aryl-substituted,stage2pp,,12,diaryl-ethyl-aryl-substituted,ridge_regression,95.0,95.0,,58.7520697950114,79.05840129387478,49.59685922375225,79.62186299387778,44.93983790406944,-36.2479302049886,"{""alpha"": 100.0}",diaryl-ethyl-aryl-substituted,family_holdout,ee,1j,22,1am|1q|1ao|1ab|1af|1x|1s|1al|1y|1ac|1z|1w|1u|1aa|1v|1o|1t|1p|1ai|1ag|1n|1ah,5,11.341576320296094,1a|1ae|1aj|1ak|1r
39.907108672306535,,,diaryl-ethyl-aryl-substituted,stage2pp,,12,diaryl-ethyl-aryl-substituted,ridge_regression,95.0,95.0,,55.092891327693465,75.39922282655684,45.93768075643431,75.96268452655984,41.280659436751506,-39.907108672306535,"{""alpha"": 100.0}",diaryl-ethyl-aryl-substituted,family_holdout,ee,1k,22,1am|1q|1ao|1ab|1af|1x|1s|1al|1y|1ac|1z|1w|1u|1aa|1v|1o|1t|1p|1ai|1ag|1n|1ah,5,11.341576320296094,1a|1ae|1aj|1ak|1r
18.0,,,diaryl-ethyl-aryl-substituted,stage2pp,,12,diaryl-ethyl-aryl-substituted,ridge_regression,82.0,82.0,,100.0,120.30633149886339,90.84478942874085,120.86979319886638,86.18776810905804,18.0,"{""alpha"": 100.0}",diaryl-ethyl-aryl-substituted,family_holdout,ee,1l,22,1am|1q|1ao|1ab|1af|1x|1s|1al|1y|1ac|1z|1w|1u|1aa|1v|1o|1t|1p|1ai|1ag|1n|1ah,5,11.341576320296094,1a|1ae|1aj|1ak|1r
0.5836794901105407,,,diaryl-ethyl-aryl-substituted,stage2pp,,12,diaryl-ethyl-aryl-substituted,ridge_regression,94.0,94.0,,94.58367949011054,114.89001098897393,85.4284689188514,115.45347268897692,80.77144759916858,0.5836794901105407,"{""alpha"": 100.0}",diaryl-ethyl-aryl-substituted,family_holdout,ee,1m,22,1am|1q|1ao|1ab|1af|1x|1s|1al|1y|1ac|1z|1w|1u|1aa|1v|1o|1t|1p|1ai|1ag|1n|1ah,5,11.341576320296094,1a|1ae|1aj|1ak|1r
4.847529431786029,,,diaryl-ethyl-aryl-substituted,stage2pp,,12,diaryl-ethyl-aryl-substituted,elastic_net,80.0,80.0,,84.84752943178603,97.01942209373038,71.47631199998074,97.09921943884794,67.93079560474568,4.847529431786029,"{""alpha"": 10.0, ""l1_ratio"": 0.2}",diaryl-ethyl-aryl-substituted,family_holdout,ee,1b,22,1am|1q|1ao|1ab|1af|1x|1s|1al|1y|1ac|1z|1w|1u|1aa|1v|1o|1t|1p|1ai|1ag|1n|1ah,5,10.230920073207045,1a|1ae|1aj|1ak|1r
20.89837253924938,,,diaryl-ethyl-aryl-substituted,stage2pp,,12,diaryl-ethyl-aryl-substituted,elastic_net,92.0,92.0,,71.10162746075062,83.27352012269498,57.73041002894533,83.35331746781253,54.184893633710274,-20.89837253924938,"{""alpha"": 10.0, ""l1_ratio"": 0.2}",diaryl-ethyl-aryl-substituted,family_holdout,ee,1c,22,1am|1q|1ao|1ab|1af|1x|1s|1al|1y|1ac|1z|1w|1u|1aa|1v|1o|1t|1p|1ai|1ag|1n|1ah,5,10.230920073207045,1a|1ae|1aj|1ak|1r
27.018933706001462,,,diaryl-ethyl-aryl-substituted,stage2pp,,12,diaryl-ethyl-aryl-substituted,elastic_net,90.0,90.0,,62.98106629399854,75.15295895594289,49.609848862193246,75.23275630106045,46.06433246695819,-27.018933706001462,"{""alpha"": 10.0, ""l1_ratio"": 0.2}",diaryl-ethyl-aryl-substituted,family_holdout,ee,1d,22,1am|1q|1ao|1ab|1af|1x|1s|1al|1y|1ac|1z|1w|1u|1aa|1v|1o|1t|1p|1ai|1ag|1n|1ah,5,10.230920073207045,1a|1ae|1aj|1ak|1r
3.4940289742357464,,,diaryl-ethyl-aryl-substituted,stage2pp,,12,diaryl-ethyl-aryl-substituted,elastic_net,92.0,92.0,,88.50597102576425,100.67786368770861,75.13475359395896,100.75766103282616,71.58923719872391,-3.4940289742357464,"{""alpha"": 10.0, ""l1_ratio"": 0.2}",diaryl-ethyl-aryl-substituted,family_holdout,ee,1e,22,1am|1q|1ao|1ab|1af|1x|1s|1al|1y|1ac|1z|1w|1u|1aa|1v|1o|1t|1p|1ai|1ag|1n|1ah,5,10.230920073207045,1a|1ae|1aj|1ak|1r
13.953290168774373,,,diaryl-ethyl-aryl-substituted,stage2pp,,12,diaryl-ethyl-aryl-substituted,elastic_net,90.0,90.0,,76.04670983122563,88.21860249316998,62.675492399420335,88.29839983828754,59.12997600418528,-13.953290168774373,"{""alpha"": 10.0, ""l1_ratio"": 0.2}",diaryl-ethyl-aryl-substituted,family_holdout,ee,1f,22,1am|1q|1ao|1ab|1af|1x|1s|1al|1y|1ac|1z|1w|1u|1aa|1v|1o|1t|1p|1ai|1ag|1n|1ah,5,10.230920073207045,1a|1ae|1aj|1ak|1r
8.270010401071275,,,diaryl-ethyl-aryl-substituted,stage2pp,,12,diaryl-ethyl-aryl-substituted,elastic_net,90.0,90.0,,81.72998959892873,93.90188226087308,68.35877216712343,93.98167960599064,64.81325577188838,-8.270010401071275,"{""alpha"": 10.0, ""l1_ratio"": 0.2}",diaryl-ethyl-aryl-substituted,family_holdout,ee,1g,22,1am|1q|1ao|1ab|1af|1x|1s|1al|1y|1ac|1z|1w|1u|1aa|1v|1o|1t|1p|1ai|1ag|1n|1ah,5,10.230920073207045,1a|1ae|1aj|1ak|1r
8.238670613773607,,,diaryl-ethyl-aryl-substituted,stage2pp,,12,diaryl-ethyl-aryl-substituted,elastic_net,90.0,90.0,,81.7613293862264,93.93322204817075,68.3901119544211,94.0130193932883,64.84459555918605,-8.238670613773607,"{""alpha"": 10.0, ""l1_ratio"": 0.2}",diaryl-ethyl-aryl-substituted,family_holdout,ee,1h,22,1am|1q|1ao|1ab|1af|1x|1s|1al|1y|1ac|1z|1w|1u|1aa|1v|1o|1t|1p|1ai|1ag|1n|1ah,5,10.230920073207045,1a|1ae|1aj|1ak|1r
1.7269995707931258,,,diaryl-ethyl-aryl-substituted,stage2pp,,12,diaryl-ethyl-aryl-substituted,elastic_net,73.0,73.0,,71.27300042920687,83.44489309115123,57.90178299740158,83.52469043626878,54.35626660216653,-1.7269995707931258,"{""alpha"": 10.0, ""l1_ratio"": 0.2}",diaryl-ethyl-aryl-substituted,family_holdout,ee,1i,22,1am|1q|1ao|1ab|1af|1x|1s|1al|1y|1ac|1z|1w|1u|1aa|1v|1o|1t|1p|1ai|1ag|1n|1ah,5,10.230920073207045,1a|1ae|1aj|1ak|1r
23.579996318824683,,,diaryl-ethyl-aryl-substituted,stage2pp,,12,diaryl-ethyl-aryl-substituted,elastic_net,95.0,95.0,,71.42000368117532,83.59189634311967,58.048786249370025,83.67169368823723,54.50326985413497,-23.579996318824683,"{""alpha"": 10.0, ""l1_ratio"": 0.2}",diaryl-ethyl-aryl-substituted,family_holdout,ee,1j,22,1am|1q|1ao|1ab|1af|1x|1s|1al|1y|1ac|1z|1w|1u|1aa|1v|1o|1t|1p|1ai|1ag|1n|1ah,5,10.230920073207045,1a|1ae|1aj|1ak|1r
25.49524588603944,,,diaryl-ethyl-aryl-substituted,stage2pp,,12,diaryl-ethyl-aryl-substituted,elastic_net,95.0,95.0,,69.50475411396056,81.67664677590491,56.13353668215527,81.75644412102247,52.58802028692021,-25.49524588603944,"{""alpha"": 10.0, ""l1_ratio"": 0.2}",diaryl-ethyl-aryl-substituted,family_holdout,ee,1k,22,1am|1q|1ao|1ab|1af|1x|1s|1al|1y|1ac|1z|1w|1u|1aa|1v|1o|1t|1p|1ai|1ag|1n|1ah,5,10.230920073207045,1a|1ae|1aj|1ak|1r
6.169551767263556,,,diaryl-ethyl-aryl-substituted,stage2pp,,12,diaryl-ethyl-aryl-substituted,elastic_net,82.0,82.0,,88.16955176726356,100.34144442920791,74.79833433545826,100.42124177432547,71.25281794022321,6.169551767263556,"{""alpha"": 10.0, ""l1_ratio"": 0.2}",diaryl-ethyl-aryl-substituted,family_holdout,ee,1l,22,1am|1q|1ao|1ab|1af|1x|1s|1al|1y|1ac|1z|1w|1u|1aa|1v|1o|1t|1p|1ai|1ag|1n|1ah,5,10.230920073207045,1a|1ae|1aj|1ak|1r
12.633555667815799,,,diaryl-ethyl-aryl-substituted,stage2pp,,12,diaryl-ethyl-aryl-substituted,elastic_net,94.0,94.0,,81.3664443321842,93.53833699412856,67.99522690037891,93.61813433924611,64.44971050514386,-12.633555667815799,"{""alpha"": 10.0, ""l1_ratio"": 0.2}",diaryl-ethyl-aryl-substituted,family_holdout,ee,1m,22,1am|1q|1ao|1ab|1af|1x|1s|1al|1y|1ac|1z|1w|1u|1aa|1v|1o|1t|1p|1ai|1ag|1n|1ah,5,10.230920073207045,1a|1ae|1aj|1ak|1r
0.9473785593338278,,,diaryl-ethyl-aryl-substituted,stage2pp,,12,diaryl-ethyl-aryl-substituted,lightgbm,80.0,80.0,,79.05262144066617,84.43379558578602,63.53165641895882,84.99393538517518,56.675272652620365,-0.9473785593338278,"{""learning_rate"": 0.1, ""n_estimators"": 25, ""num_leaves"": 3}",diaryl-ethyl-aryl-substituted,family_holdout,ee,1b,22,1am|1q|1ao|1ab|1af|1x|1s|1al|1y|1ac|1z|1w|1u|1aa|1v|1o|1t|1p|1ai|1ag|1n|1ah,5,7.521998459417465,1a|1ae|1aj|1ak|1r
10.306811903434152,,,diaryl-ethyl-aryl-substituted,stage2pp,,12,diaryl-ethyl-aryl-substituted,lightgbm,92.0,92.0,,81.69318809656585,87.07436224168569,66.1722230748585,87.63450204107485,59.31583930852004,-10.306811903434152,"{""learning_rate"": 0.1, ""n_estimators"": 25, ""num_leaves"": 3}",diaryl-ethyl-aryl-substituted,family_holdout,ee,1c,22,1am|1q|1ao|1ab|1af|1x|1s|1al|1y|1ac|1z|1w|1u|1aa|1v|1o|1t|1p|1ai|1ag|1n|1ah,5,7.521998459417465,1a|1ae|1aj|1ak|1r
39.27820744369271,,,diaryl-ethyl-aryl-substituted,stage2pp,,12,diaryl-ethyl-aryl-substituted,lightgbm,90.0,90.0,,50.72179255630729,56.102966701427135,35.20082753459994,56.6631065008163,28.344443768261485,-39.27820744369271,"{""learning_rate"": 0.1, ""n_estimators"": 25, ""num_leaves"": 3}",diaryl-ethyl-aryl-substituted,family_holdout,ee,1d,22,1am|1q|1ao|1ab|1af|1x|1s|1al|1y|1ac|1z|1w|1u|1aa|1v|1o|1t|1p|1ai|1ag|1n|1ah,5,7.521998459417465,1a|1ae|1aj|1ak|1r
18.69244597456462,,,diaryl-ethyl-aryl-substituted,stage2pp,,12,diaryl-ethyl-aryl-substituted,lightgbm,92.0,92.0,,73.30755402543538,78.68872817055522,57.786589003728025,79.24886796994438,50.93020523738957,-18.69244597456462,"{""learning_rate"": 0.1, ""n_estimators"": 25, ""num_leaves"": 3}",diaryl-ethyl-aryl-substituted,family_holdout,ee,1e,22,1am|1q|1ao|1ab|1af|1x|1s|1al|1y|1ac|1z|1w|1u|1aa|1v|1o|1t|1p|1ai|1ag|1n|1ah,5,7.521998459417465,1a|1ae|1aj|1ak|1r
25.539488628731448,,,diaryl-ethyl-aryl-substituted,stage2pp,,12,diaryl-ethyl-aryl-substituted,lightgbm,90.0,90.0,,64.46051137126855,69.8416855163884,48.9395463495612,70.40182531577756,42.083162583222745,-25.539488628731448,"{""learning_rate"": 0.1, ""n_estimators"": 25, ""num_leaves"": 3}",diaryl-ethyl-aryl-substituted,family_holdout,ee,1f,22,1am|1q|1ao|1ab|1af|1x|1s|1al|1y|1ac|1z|1w|1u|1aa|1v|1o|1t|1p|1ai|1ag|1n|1ah,5,7.521998459417465,1a|1ae|1aj|1ak|1r
26.713672848380185,,,diaryl-ethyl-aryl-substituted,stage2pp,,12,diaryl-ethyl-aryl-substituted,lightgbm,90.0,90.0,,63.286327151619815,68.66750129673966,47.76536212991246,69.22764109612882,40.90897836357401,-26.713672848380185,"{""learning_rate"": 0.1, ""n_estimators"": 25, ""num_leaves"": 3}",diaryl-ethyl-aryl-substituted,family_holdout,ee,1g,22,1am|1q|1ao|1ab|1af|1x|1s|1al|1y|1ac|1z|1w|1u|1aa|1v|1o|1t|1p|1ai|1ag|1n|1ah,5,7.521998459417465,1a|1ae|1aj|1ak|1r
28.51997768273754,,,diaryl-ethyl-aryl-substituted,stage2pp,,12,diaryl-ethyl-aryl-substituted,lightgbm,90.0,90.0,,61.48002231726246,66.8611964623823,45.959057295555105,67.42133626177146,39.10267352921665,-28.51997768273754,"{""learning_rate"": 0.1, ""n_estimators"": 25, ""num_leaves"": 3}",diaryl-ethyl-aryl-substituted,family_holdout,ee,1h,22,1am|1q|1ao|1ab|1af|1x|1s|1al|1y|1ac|1z|1w|1u|1aa|1v|1o|1t|1p|1ai|1ag|1n|1ah,5,7.521998459417465,1a|1ae|1aj|1ak|1r
14.70491099015728,,,diaryl-ethyl-aryl-substituted,stage2pp,,12,diaryl-ethyl-aryl-substituted,lightgbm,73.0,73.0,,58.29508900984272,63.67626315496256,42.774123988135365,64.23640295435172,35.91774022179691,-14.70491099015728,"{""learning_rate"": 0.1, ""n_estimators"": 25, ""num_leaves"": 3}",diaryl-ethyl-aryl-substituted,family_holdout,ee,1i,22,1am|1q|1ao|1ab|1af|1x|1s|1al|1y|1ac|1z|1w|1u|1aa|1v|1o|1t|1p|1ai|1ag|1n|1ah,5,7.521998459417465,1a|1ae|1aj|1ak|1r
11.55326490426124,,,diaryl-ethyl-aryl-substituted,stage2pp,,12,diaryl-ethyl-aryl-substituted,lightgbm,95.0,95.0,,83.44673509573876,88.8279092408586,67.9257700740314,89.38804904024776,61.06938630769295,-11.55326490426124,"{""learning_rate"": 0.1, ""n_estimators"": 25, ""num_leaves"": 3}",diaryl-ethyl-aryl-substituted,family_holdout,ee,1j,22,1am|1q|1ao|1ab|1af|1x|1s|1al|1y|1ac|1z|1w|1u|1aa|1v|1o|1t|1p|1ai|1ag|1n|1ah,5,7.521998459417465,1a|1ae|1aj|1ak|1r
11.55326490426124,,,diaryl-ethyl-aryl-substituted,stage2pp,,12,diaryl-ethyl-aryl-substituted,lightgbm,95.0,95.0,,83.44673509573876,88.8279092408586,67.9257700740314,89.38804904024776,61.06938630769295,-11.55326490426124,"{""learning_rate"": 0.1, ""n_estimators"": 25, ""num_leaves"": 3}",diaryl-ethyl-aryl-substituted,family_holdout,ee,1k,22,1am|1q|1ao|1ab|1af|1x|1s|1al|1y|1ac|1z|1w|1u|1aa|1v|1o|1t|1p|1ai|1ag|1n|1ah,5,7.521998459417465,1a|1ae|1aj|1ak|1r
20.51997768273754,,,diaryl-ethyl-aryl-substituted,stage2pp,,12,diaryl-ethyl-aryl-substituted,lightgbm,82.0,82.0,,61.48002231726246,66.8611964623823,45.959057295555105,67.42133626177146,39.10267352921665,-20.51997768273754,"{""learning_rate"": 0.1, ""n_estimators"": 25, ""num_leaves"": 3}",diaryl-ethyl-aryl-substituted,family_holdout,ee,1l,22,1am|1q|1ao|1ab|1af|1x|1s|1al|1y|1ac|1z|1w|1u|1aa|1v|1o|1t|1p|1ai|1ag|1n|1ah,5,7.521998459417465,1a|1ae|1aj|1ak|1r
32.51997768273754,,,diaryl-ethyl-aryl-substituted,stage2pp,,12,diaryl-ethyl-aryl-substituted,lightgbm,94.0,94.0,,61.48002231726246,66.8611964623823,45.959057295555105,67.42133626177146,39.10267352921665,-32.51997768273754,"{""learning_rate"": 0.1, ""n_estimators"": 25, ""num_leaves"": 3}",diaryl-ethyl-aryl-substituted,family_holdout,ee,1m,22,1am|1q|1ao|1ab|1af|1x|1s|1al|1y|1ac|1z|1w|1u|1aa|1v|1o|1t|1p|1ai|1ag|1n|1ah,5,7.521998459417465,1a|1ae|1aj|1ak|1r
5.13636363636364,119.24188814405565,30.48538458321707,diaryl-ethyl-aryl-substituted,stage2pp,22.641965194091476,12,diaryl-ethyl-aryl-substituted,gaussian_process,80.0,80.0,,74.86363636363636,102.12727272727273,58.12727438279505,104.82727272727271,57.8272731411533,-5.13636363636364,"{""alpha"": 1e-05, ""kernel"": ""1**2 * RBF(length_scale=2) + WhiteKernel(noise_level=10)""}",diaryl-ethyl-aryl-substituted,family_holdout,ee,1b,22,1am|1q|1ao|1ab|1af|1x|1s|1al|1y|1ac|1z|1w|1u|1aa|1v|1o|1t|1p|1ai|1ag|1n|1ah,5,19.172726444963757,1a|1ae|1aj|1ak|1r
17.13636363636364,119.24188814405565,30.48538458321707,diaryl-ethyl-aryl-substituted,stage2pp,22.641965194091476,12,diaryl-ethyl-aryl-substituted,gaussian_process,92.0,92.0,,74.86363636363636,102.12727272727273,58.12727438279505,104.82727272727271,57.8272731411533,-17.13636363636364,"{""alpha"": 1e-05, ""kernel"": ""1**2 * RBF(length_scale=2) + WhiteKernel(noise_level=10)""}",diaryl-ethyl-aryl-substituted,family_holdout,ee,1c,22,1am|1q|1ao|1ab|1af|1x|1s|1al|1y|1ac|1z|1w|1u|1aa|1v|1o|1t|1p|1ai|1ag|1n|1ah,5,19.172726444963757,1a|1ae|1aj|1ak|1r
15.13636363636364,119.24188814405565,30.48538458321707,diaryl-ethyl-aryl-substituted,stage2pp,22.641965194091476,12,diaryl-ethyl-aryl-substituted,gaussian_process,90.0,90.0,,74.86363636363636,102.12727272727273,58.12727438279505,104.82727272727271,57.8272731411533,-15.13636363636364,"{""alpha"": 1e-05, ""kernel"": ""1**2 * RBF(length_scale=2) + WhiteKernel(noise_level=10)""}",diaryl-ethyl-aryl-substituted,family_holdout,ee,1d,22,1am|1q|1ao|1ab|1af|1x|1s|1al|1y|1ac|1z|1w|1u|1aa|1v|1o|1t|1p|1ai|1ag|1n|1ah,5,19.172726444963757,1a|1ae|1aj|1ak|1r
17.13636363636364,119.24188814405565,30.48538458321707,diaryl-ethyl-aryl-substituted,stage2pp,22.641965194091476,12,diaryl-ethyl-aryl-substituted,gaussian_process,92.0,92.0,,74.86363636363636,102.12727272727273,58.12727438279505,104.82727272727271,57.8272731411533,-17.13636363636364,"{""alpha"": 1e-05, ""kernel"": ""1**2 * RBF(length_scale=2) + WhiteKernel(noise_level=10)""}",diaryl-ethyl-aryl-substituted,family_holdout,ee,1e,22,1am|1q|1ao|1ab|1af|1x|1s|1al|1y|1ac|1z|1w|1u|1aa|1v|1o|1t|1p|1ai|1ag|1n|1ah,5,19.172726444963757,1a|1ae|1aj|1ak|1r
15.136363635625543,119.24188814479375,30.485384583955167,diaryl-ethyl-aryl-substituted,stage2pp,22.641965194091476,12,diaryl-ethyl-aryl-substituted,gaussian_process,90.0,90.0,,74.86363636437446,102.12727272801082,58.12727438353315,104.82727272801081,57.827273141891396,-15.136363635625543,"{""alpha"": 1e-05, ""kernel"": ""1**2 * RBF(length_scale=2) + WhiteKernel(noise_level=10)""}",diaryl-ethyl-aryl-substituted,family_holdout,ee,1f,22,1am|1q|1ao|1ab|1af|1x|1s|1al|1y|1ac|1z|1w|1u|1aa|1v|1o|1t|1p|1ai|1ag|1n|1ah,5,19.172726444963757,1a|1ae|1aj|1ak|1r
15.13636363636364,119.24188814405565,30.48538458321707,diaryl-ethyl-aryl-substituted,stage2pp,22.641965194091476,12,diaryl-ethyl-aryl-substituted,gaussian_process,90.0,90.0,,74.86363636363636,102.12727272727273,58.12727438279505,104.82727272727271,57.8272731411533,-15.13636363636364,"{""alpha"": 1e-05, ""kernel"": ""1**2 * RBF(length_scale=2) + WhiteKernel(noise_level=10)""}",diaryl-ethyl-aryl-substituted,family_holdout,ee,1g,22,1am|1q|1ao|1ab|1af|1x|1s|1al|1y|1ac|1z|1w|1u|1aa|1v|1o|1t|1p|1ai|1ag|1n|1ah,5,19.172726444963757,1a|1ae|1aj|1ak|1r
15.13636363636364,119.24188814405565,30.48538458321707,diaryl-ethyl-aryl-substituted,stage2pp,22.641965194091476,12,diaryl-ethyl-aryl-substituted,gaussian_process,90.0,90.0,,74.86363636363636,102.12727272727273,58.12727438279505,104.82727272727271,57.8272731411533,-15.13636363636364,"{""alpha"": 1e-05, ""kernel"": ""1**2 * RBF(length_scale=2) + WhiteKernel(noise_level=10)""}",diaryl-ethyl-aryl-substituted,family_holdout,ee,1h,22,1am|1q|1ao|1ab|1af|1x|1s|1al|1y|1ac|1z|1w|1u|1aa|1v|1o|1t|1p|1ai|1ag|1n|1ah,5,19.172726444963757,1a|1ae|1aj|1ak|1r
1.8636363636363598,119.24188814405565,30.48538458321707,diaryl-ethyl-aryl-substituted,stage2pp,22.641965194091476,12,diaryl-ethyl-aryl-substituted,gaussian_process,73.0,73.0,,74.86363636363636,102.12727272727273,58.12727438279505,104.82727272727271,57.8272731411533,1.8636363636363598,"{""alpha"": 1e-05, ""kernel"": ""1**2 * RBF(length_scale=2) + WhiteKernel(noise_level=10)""}",diaryl-ethyl-aryl-substituted,family_holdout,ee,1i,22,1am|1q|1ao|1ab|1af|1x|1s|1al|1y|1ac|1z|1w|1u|1aa|1v|1o|1t|1p|1ai|1ag|1n|1ah,5,19.172726444963757,1a|1ae|1aj|1ak|1r
20.13636363636364,119.24188814405565,30.48538458321707,diaryl-ethyl-aryl-substituted,stage2pp,22.641965194091476,12,diaryl-ethyl-aryl-substituted,gaussian_process,95.0,95.0,,74.86363636363636,102.12727272727273,58.12727438279505,104.82727272727271,57.8272731411533,-20.13636363636364,"{""alpha"": 1e-05, ""kernel"": ""1**2 * RBF(length_scale=2) + WhiteKernel(noise_level=10)""}",diaryl-ethyl-aryl-substituted,family_holdout,ee,1j,22,1am|1q|1ao|1ab|1af|1x|1s|1al|1y|1ac|1z|1w|1u|1aa|1v|1o|1t|1p|1ai|1ag|1n|1ah,5,19.172726444963757,1a|1ae|1aj|1ak|1r
20.13636363636364,119.24188814405565,30.48538458321707,diaryl-ethyl-aryl-substituted,stage2pp,22.641965194091476,12,diaryl-ethyl-aryl-substituted,gaussian_process,95.0,95.0,,74.86363636363636,102.12727272727273,58.12727438279505,104.82727272727271,57.8272731411533,-20.13636363636364,"{""alpha"": 1e-05, ""kernel"": ""1**2 * RBF(length_scale=2) + WhiteKernel(noise_level=10)""}",diaryl-ethyl-aryl-substituted,family_holdout,ee,1k,22,1am|1q|1ao|1ab|1af|1x|1s|1al|1y|1ac|1z|1w|1u|1aa|1v|1o|1t|1p|1ai|1ag|1n|1ah,5,19.172726444963757,1a|1ae|1aj|1ak|1r
7.13636363636364,119.24188814405565,30.48538458321707,diaryl-ethyl-aryl-substituted,stage2pp,22.641965194091476,12,diaryl-ethyl-aryl-substituted,gaussian_process,82.0,82.0,,74.86363636363636,102.12727272727273,58.12727438279505,104.82727272727271,57.8272731411533,-7.13636363636364,"{""alpha"": 1e-05, ""kernel"": ""1**2 * RBF(length_scale=2) + WhiteKernel(noise_level=10)""}",diaryl-ethyl-aryl-substituted,family_holdout,ee,1l,22,1am|1q|1ao|1ab|1af|1x|1s|1al|1y|1ac|1z|1w|1u|1aa|1v|1o|1t|1p|1ai|1ag|1n|1ah,5,19.172726444963757,1a|1ae|1aj|1ak|1r
19.13636363636364,119.24188814405565,30.48538458321707,diaryl-ethyl-aryl-substituted,stage2pp,22.641965194091476,12,diaryl-ethyl-aryl-substituted,gaussian_process,94.0,94.0,,74.86363636363636,102.12727272727273,58.12727438279505,104.82727272727271,57.8272731411533,-19.13636363636364,"{""alpha"": 1e-05, ""kernel"": ""1**2 * RBF(length_scale=2) + WhiteKernel(noise_level=10)""}",diaryl-ethyl-aryl-substituted,family_holdout,ee,1m,22,1am|1q|1ao|1ab|1af|1x|1s|1al|1y|1ac|1z|1w|1u|1aa|1v|1o|1t|1p|1ai|1ag|1n|1ah,5,19.172726444963757,1a|1ae|1aj|1ak|1r
23.1722897875933,,,diaryl-ethyl-parent,stage2pp,,1,diaryl-ethyl-parent,ridge_regression,92.0,92.0,,68.8277102124067,75.347785048611,56.06651286039971,85.67753249575513,55.452904231508946,-23.1722897875933,"{""alpha"": 1000.0}",diaryl-ethyl-parent,family_holdout,ee,1a,30,1am|1i|1p|1ao|1ab|1af|1x|1u|1l|1aj|1aa|1k|1s|1ac|1g|1y|1z|1c|1w|1t|1o|1q|1v|1ai|1b|1ag|1n|1j|1m|1ah,8,9.125199355666968,1ae|1ak|1al|1d|1e|1f|1h|1r
18.428688375092676,,,diaryl-ethyl-parent,stage2pp,,1,diaryl-ethyl-parent,elastic_net,92.0,92.0,,73.57131162490732,85.65426676618318,66.64636876924096,89.29943826341594,65.32451368510954,-18.428688375092676,"{""alpha"": 1.0, ""l1_ratio"": 0.8}",diaryl-ethyl-parent,family_holdout,ee,1a,30,1am|1i|1p|1ao|1ab|1af|1x|1u|1l|1aj|1aa|1k|1s|1ac|1g|1y|1z|1c|1w|1t|1o|1q|1v|1ai|1b|1ag|1n|1j|1m|1ah,8,8.011326662187145,1ae|1ak|1al|1d|1e|1f|1h|1r
2.416749500286315,,,diaryl-ethyl-parent,stage2pp,,1,diaryl-ethyl-parent,lightgbm,92.0,92.0,,89.58325049971369,104.97435297039172,71.24267220599467,107.01028766790635,53.09200855156311,-2.416749500286315,"{""learning_rate"": 0.03, ""n_estimators"": 75, ""num_leaves"": 7}",diaryl-ethyl-parent,family_holdout,ee,1a,30,1am|1i|1p|1ao|1ab|1af|1x|1u|1l|1aj|1aa|1k|1s|1ac|1g|1y|1z|1c|1w|1t|1o|1q|1v|1ai|1b|1ag|1n|1j|1m|1ah,8,11.5243326805263,1ae|1ak|1al|1d|1e|1f|1h|1r
14.700000000000003,119.38367197588175,35.21632802411823,diaryl-ethyl-parent,stage2pp,21.471261212184572,1,diaryl-ethyl-parent,gaussian_process,92.0,92.0,,77.3,93.19999999999999,63.30000207595372,99.5,62.77500051899174,-14.700000000000003,"{""alpha"": 1e-05, ""kernel"": ""1**2 * RBF(length_scale=2) + WhiteKernel(noise_level=10)""}",diaryl-ethyl-parent,family_holdout,ee,1a,30,1am|1i|1p|1ao|1ab|1af|1x|1u|1l|1aj|1aa|1k|1s|1ac|1g|1y|1z|1c|1w|1t|1o|1q|1v|1ai|1b|1ag|1n|1j|1m|1ah,8,13.42499962611706,1ae|1ak|1al|1d|1e|1f|1h|1r
0.8664537648419071,,,nitrogen-heteroaryl,stage2pp,,3,nitrogen-heteroaryl,ridge_regression,88.0,88.0,,87.1335462351581,93.19860086367268,70.69553584936901,98.35800634951634,67.35285862756646,-0.8664537648419071,"{""alpha"": 10.0}",nitrogen-heteroaryl,family_holdout,ee,1aa,29,1am|1i|1p|1ao|1af|1x|1u|1l|1aj|1k|1o|1s|1ac|1f|1y|1v|1w|1t|1b|1q|1h|1ai|1ag|1n|1m|1j|1ah|1c|1e,7,7.438548371299585,1a|1ae|1ak|1al|1d|1g|1r
29.218005117016475,,,nitrogen-heteroaryl,stage2pp,,3,nitrogen-heteroaryl,ridge_regression,95.0,95.0,,65.78199488298353,71.84704951149811,49.34398449719444,77.00645499734178,46.001307275391895,-29.218005117016475,"{""alpha"": 10.0}",nitrogen-heteroaryl,family_holdout,ee,1ab,29,1am|1i|1p|1ao|1af|1x|1u|1l|1aj|1k|1o|1s|1ac|1f|1y|1v|1w|1t|1b|1q|1h|1ai|1ag|1n|1m|1j|1ah|1c|1e,7,7.438548371299585,1a|1ae|1ak|1al|1d|1g|1r
82.2711980595381,,,nitrogen-heteroaryl,stage2pp,,3,nitrogen-heteroaryl,ridge_regression,0.0,0.0,,82.2711980595381,88.33625268805268,65.83318767374901,93.49565817389635,62.49051045194646,82.2711980595381,"{""alpha"": 10.0}",nitrogen-heteroaryl,family_holdout,ee,1z,29,1am|1i|1p|1ao|1af|1x|1u|1l|1aj|1k|1o|1s|1ac|1f|1y|1v|1w|1t|1b|1q|1h|1ai|1ag|1n|1m|1j|1ah|1c|1e,7,7.438548371299585,1a|1ae|1ak|1al|1d|1g|1r
2.2011509924643065,,,nitrogen-heteroaryl,stage2pp,,3,nitrogen-heteroaryl,elastic_net,88.0,88.0,,90.2011509924643,97.71265582907188,80.58814854446653,104.61020938270525,78.57827685256021,2.2011509924643065,"{""alpha"": 1.0, ""l1_ratio"": 0.5}",nitrogen-heteroaryl,family_holdout,ee,1aa,29,1am|1i|1p|1ao|1af|1x|1u|1l|1aj|1k|1o|1s|1ac|1f|1y|1v|1w|1t|1b|1q|1h|1ai|1ag|1n|1m|1j|1ah|1c|1e,7,6.485802892774034,1a|1ae|1ak|1al|1d|1g|1r
27.313374312570815,,,nitrogen-heteroaryl,stage2pp,,3,nitrogen-heteroaryl,elastic_net,95.0,95.0,,67.68662568742918,75.19813052403676,58.07362323943141,82.09568407767013,56.063751547525094,-27.313374312570815,"{""alpha"": 1.0, ""l1_ratio"": 0.5}",nitrogen-heteroaryl,family_holdout,ee,1ab,29,1am|1i|1p|1ao|1af|1x|1u|1l|1aj|1k|1o|1s|1ac|1f|1y|1v|1w|1t|1b|1q|1h|1ai|1ag|1n|1m|1j|1ah|1c|1e,7,6.485802892774034,1a|1ae|1ak|1al|1d|1g|1r
85.54204495488013,,,nitrogen-heteroaryl,stage2pp,,3,nitrogen-heteroaryl,elastic_net,0.0,0.0,,85.54204495488013,93.0535497914877,75.92904250688235,99.95110334512107,73.91917081497604,85.54204495488013,"{""alpha"": 1.0, ""l1_ratio"": 0.5}",nitrogen-heteroaryl,family_holdout,ee,1z,29,1am|1i|1p|1ao|1af|1x|1u|1l|1aj|1k|1o|1s|1ac|1f|1y|1v|1w|1t|1b|1q|1h|1ai|1ag|1n|1m|1j|1ah|1c|1e,7,6.485802892774034,1a|1ae|1ak|1al|1d|1g|1r
1.8044544364413042,,,nitrogen-heteroaryl,stage2pp,,3,nitrogen-heteroaryl,lightgbm,88.0,88.0,,89.8044544364413,95.99746054813414,83.47088250196813,99.92219837607787,82.35003383740722,1.8044544364413042,"{""learning_rate"": 0.1, ""n_estimators"": 75, ""num_leaves"": 3}",nitrogen-heteroaryl,family_holdout,ee,1aa,29,1am|1i|1p|1ao|1af|1x|1u|1l|1aj|1k|1o|1s|1ac|1f|1y|1v|1w|1t|1b|1q|1h|1ai|1ag|1n|1m|1j|1ah|1c|1e,7,4.8329807635282735,1a|1ae|1ak|1al|1d|1g|1r
15.534259148224066,,,nitrogen-heteroaryl,stage2pp,,3,nitrogen-heteroaryl,lightgbm,95.0,95.0,,79.46574085177593,85.65874696346877,73.13216891730276,89.5834847914125,72.01132025274185,-15.534259148224066,"{""learning_rate"": 0.1, ""n_estimators"": 75, ""num_leaves"": 3}",nitrogen-heteroaryl,family_holdout,ee,1ab,29,1am|1i|1p|1ao|1af|1x|1u|1l|1aj|1k|1o|1s|1ac|1f|1y|1v|1w|1t|1b|1q|1h|1ai|1ag|1n|1m|1j|1ah|1c|1e,7,4.8329807635282735,1a|1ae|1ak|1al|1d|1g|1r
78.09933959173117,,,nitrogen-heteroaryl,stage2pp,,3,nitrogen-heteroaryl,lightgbm,0.0,0.0,,78.09933959173117,84.292345703424,71.765767657258,88.21708353136773,70.64491899269709,78.09933959173117,"{""learning_rate"": 0.1, ""n_estimators"": 75, ""num_leaves"": 3}",nitrogen-heteroaryl,family_holdout,ee,1z,29,1am|1i|1p|1ao|1af|1x|1u|1l|1aj|1k|1o|1s|1ac|1f|1y|1v|1w|1t|1b|1q|1h|1ai|1ag|1n|1m|1j|1ah|1c|1e,7,4.8329807635282735,1a|1ae|1ak|1al|1d|1g|1r
8.068965470870907,111.66901564489493,48.19305341336326,nitrogen-heteroaryl,stage2pp,16.192847508043794,3,nitrogen-heteroaryl,gaussian_process,88.0,88.0,,79.9310345291291,99.66206901188772,68.46207007986784,105.0620690118877,68.01206927888275,-8.068965470870907,"{""alpha"": 1e-05, ""kernel"": ""1**2 * RBF(length_scale=2) + WhiteKernel(noise_level=10)""}",nitrogen-heteroaryl,family_holdout,ee,1aa,29,1am|1i|1p|1ao|1af|1x|1u|1l|1aj|1k|1o|1s|1ac|1f|1y|1v|1w|1t|1b|1q|1h|1ai|1ag|1n|1m|1j|1ah|1c|1e,7,13.152697873161229,1a|1ae|1ak|1al|1d|1g|1r
15.06896551724138,111.66901559852445,48.193053366992785,nitrogen-heteroaryl,stage2pp,16.192847508043794,3,nitrogen-heteroaryl,gaussian_process,95.0,95.0,,79.93103448275862,99.66206896551725,68.46207003349737,105.06206896551723,68.01206923251227,-15.06896551724138,"{""alpha"": 1e-05, ""kernel"": ""1**2 * RBF(length_scale=2) + WhiteKernel(noise_level=10)""}",nitrogen-heteroaryl,family_holdout,ee,1ab,29,1am|1i|1p|1ao|1af|1x|1u|1l|1aj|1k|1o|1s|1ac|1f|1y|1v|1w|1t|1b|1q|1h|1ai|1ag|1n|1m|1j|1ah|1c|1e,7,13.152697873161229,1a|1ae|1ak|1al|1d|1g|1r
79.93103459855332,111.66901571431916,48.19305348278749,nitrogen-heteroaryl,stage2pp,16.192847508043794,3,nitrogen-heteroaryl,gaussian_process,0.0,0.0,,79.93103459855332,99.66206908131196,68.46207014929207,105.06206908131193,68.01206934830698,79.93103459855332,"{""alpha"": 1e-05, ""kernel"": ""1**2 * RBF(length_scale=2) + WhiteKernel(noise_level=10)""}",nitrogen-heteroaryl,family_holdout,ee,1z,29,1am|1i|1p|1ao|1af|1x|1u|1l|1aj|1k|1o|1s|1ac|1f|1y|1v|1w|1t|1b|1q|1h|1ai|1ag|1n|1m|1j|1ah|1c|1e,7,13.152697873161229,1a|1ae|1ak|1al|1d|1g|1r
13.10727647738365,,,oxygen-heteroaryl,stage2pp,,1,oxygen-heteroaryl,ridge_regression,89.0,89.0,,75.89272352261635,88.09034349341303,61.626136209105255,96.30056884852151,59.302661285655645,-13.10727647738365,"{""alpha"": 10000.0}",oxygen-heteroaryl,family_holdout,ee,1o,30,1am|1i|1p|1ao|1ab|1af|1x|1u|1l|1aj|1aa|1k|1s|1ac|1g|1y|1z|1c|1w|1t|1q|1v|1ai|1b|1ag|1n|1j|1m|1ah|1d,8,11.920216493566027,1a|1ae|1ak|1al|1e|1f|1h|1r
13.85557066809244,,,oxygen-heteroaryl,stage2pp,,1,oxygen-heteroaryl,elastic_net,89.0,89.0,,75.14442933190756,85.05673993466887,61.48005453241491,93.53205570671454,59.47230817169063,-13.85557066809244,"{""alpha"": 10.0, ""l1_ratio"": 0.5}",oxygen-heteroaryl,family_holdout,ee,1o,30,1am|1i|1p|1ao|1ab|1af|1x|1u|1l|1aj|1aa|1k|1s|1ac|1g|1y|1z|1c|1w|1t|1q|1v|1ai|1b|1ag|1n|1j|1m|1ah|1d,8,11.0083136649767,1a|1ae|1ak|1al|1e|1f|1h|1r
8.788820310728354,,,oxygen-heteroaryl,stage2pp,,1,oxygen-heteroaryl,lightgbm,89.0,89.0,,80.21117968927165,84.94314338153298,72.23799459169699,93.81091888472012,69.69097849957937,-8.788820310728354,"{""learning_rate"": 0.03, ""n_estimators"": 75, ""num_leaves"": 7}",oxygen-heteroaryl,family_holdout,ee,1o,30,1am|1i|1p|1ao|1ab|1af|1x|1u|1l|1aj|1aa|1k|1s|1ac|1g|1y|1z|1c|1w|1t|1q|1v|1ai|1b|1ag|1n|1j|1m|1ah|1d,8,6.209844209840439,1a|1ae|1ak|1al|1e|1f|1h|1r
11.666666666666671,119.45372637589998,35.21294029076669,oxygen-heteroaryl,stage2pp,21.4899964502891,1,oxygen-heteroaryl,gaussian_process,89.0,89.0,,77.33333333333333,93.26666666666665,62.666666666677116,99.56666666666666,62.66666666666927,-11.666666666666671,"{""alpha"": 1e-05, ""kernel"": ""1**2 * RBF(length_scale=2) + WhiteKernel(noise_level=10)""}",oxygen-heteroaryl,family_holdout,ee,1o,30,1am|1i|1p|1ao|1ab|1af|1x|1u|1l|1aj|1aa|1k|1s|1ac|1g|1y|1z|1c|1w|1t|1q|1v|1ai|1b|1ag|1n|1j|1m|1ah|1d,8,13.666666526111003,1a|1ae|1ak|1al|1e|1f|1h|1r
4.559563767592522,,,oxygen-heteroaryl-fused,stage2pp,,2,oxygen-heteroaryl-fused,ridge_regression,61.0,61.0,,65.55956376759252,70.94066410247906,54.78410014204365,70.98127422982705,50.66634026599647,4.559563767592522,"{""alpha"": 100.0}",oxygen-heteroaryl-fused,family_holdout,ee,1p,30,1am|1i|1ae|1y|1ab|1s|1ao|1x|1l|1k|1al|1aa|1ac|1g|1w|1u|1z|1c|1o|1t|1v|1ai|1b|1n|1ag|1j|1m|1ah|1d|1e,7,5.815084179715961,1a|1af|1aj|1ak|1f|1h|1r
9.296836382401906,,,oxygen-heteroaryl-fused,stage2pp,,2,oxygen-heteroaryl-fused,ridge_regression,90.0,90.0,,99.2968363824019,104.67793671728845,88.52137275685304,104.71854684463644,84.40361288080585,9.296836382401906,"{""alpha"": 100.0}",oxygen-heteroaryl-fused,family_holdout,ee,1q,30,1am|1i|1ae|1y|1ab|1s|1ao|1x|1l|1k|1al|1aa|1ac|1g|1w|1u|1z|1c|1o|1t|1v|1ai|1b|1n|1ag|1j|1m|1ah|1d|1e,7,5.815084179715961,1a|1af|1aj|1ak|1f|1h|1r
0.5572652032196146,,,oxygen-heteroaryl-fused,stage2pp,,2,oxygen-heteroaryl-fused,elastic_net,61.0,61.0,,60.442734796780385,69.17532222962822,53.318882195173956,70.12588165499234,50.034977454642885,-0.5572652032196146,"{""alpha"": 1.0, ""l1_ratio"": 0.2}",oxygen-heteroaryl-fused,family_holdout,ee,1p,30,1am|1i|1ae|1y|1ab|1s|1ao|1x|1l|1k|1al|1aa|1ac|1g|1w|1u|1z|1c|1o|1t|1v|1ai|1b|1n|1ag|1j|1m|1ah|1d|1e,7,6.535433946747139,1a|1af|1aj|1ak|1f|1h|1r
10.0,,,oxygen-heteroaryl-fused,stage2pp,,2,oxygen-heteroaryl-fused,elastic_net,90.0,90.0,,100.0,108.73258743284784,92.87614739839357,109.68314685821196,89.5922426578625,10.0,"{""alpha"": 1.0, ""l1_ratio"": 0.2}",oxygen-heteroaryl-fused,family_holdout,ee,1q,30,1am|1i|1ae|1y|1ab|1s|1ao|1x|1l|1k|1al|1aa|1ac|1g|1w|1u|1z|1c|1o|1t|1v|1ai|1b|1n|1ag|1j|1m|1ah|1d|1e,7,6.535433946747139,1a|1af|1aj|1ak|1f|1h|1r
12.460147704345971,,,oxygen-heteroaryl-fused,stage2pp,,2,oxygen-heteroaryl-fused,lightgbm,61.0,61.0,,73.46014770434597,83.2557759504548,62.77561888677067,89.29959857597792,55.94306641580154,12.460147704345971,"{""learning_rate"": 0.1, ""n_estimators"": 75, ""num_leaves"": 3}",oxygen-heteroaryl-fused,family_holdout,ee,1p,30,1am|1i|1ae|1y|1ab|1s|1ao|1x|1l|1k|1al|1aa|1ac|1g|1w|1u|1z|1c|1o|1t|1v|1ai|1b|1n|1ag|1j|1m|1ah|1d|1e,7,7.412549188006843,1a|1af|1aj|1ak|1f|1h|1r
2.083033220409135,,,oxygen-heteroaryl-fused,stage2pp,,2,oxygen-heteroaryl-fused,lightgbm,90.0,90.0,,92.08303322040913,101.87866146651797,81.39850440283384,107.92248409204109,74.5659519318647,2.083033220409135,"{""learning_rate"": 0.1, ""n_estimators"": 75, ""num_leaves"": 3}",oxygen-heteroaryl-fused,family_holdout,ee,1q,30,1am|1i|1ae|1y|1ab|1s|1ao|1x|1l|1k|1al|1aa|1ac|1g|1w|1u|1z|1c|1o|1t|1v|1ai|1b|1n|1ag|1j|1m|1ah|1d|1e,7,7.412549188006843,1a|1af|1aj|1ak|1f|1h|1r
18.491049457391597,120.13377004769642,38.84832886708678,oxygen-heteroaryl-fused,stage2pp,20.73608193382899,2,oxygen-heteroaryl-fused,gaussian_process,61.0,61.0,,79.4910494573916,104.32438279073365,67.21989879130288,111.97438279072404,66.69826604689587,18.491049457391597,"{""alpha"": 1e-05, ""kernel"": ""1**2 * RBF(length_scale=2) + WhiteKernel(noise_level=10)""}",oxygen-heteroaryl-fused,family_holdout,ee,1p,30,1am|1i|1ae|1y|1ab|1s|1ao|1x|1l|1k|1al|1aa|1ac|1g|1w|1u|1z|1c|1o|1t|1v|1ai|1b|1n|1ag|1j|1m|1ah|1d|1e,7,16.249693561193826,1a|1af|1aj|1ak|1f|1h|1r
10.96650715381837,119.7033548402357,38.363630852127564,oxygen-heteroaryl-fused,stage2pp,20.749929588803095,2,oxygen-heteroaryl-fused,gaussian_process,90.0,90.0,,79.03349284618163,103.86682617952368,66.76234218009292,111.51682617951406,66.24070943568589,-10.96650715381837,"{""alpha"": 1e-05, ""kernel"": ""1**2 * RBF(length_scale=2) + WhiteKernel(noise_level=10)""}",oxygen-heteroaryl-fused,family_holdout,ee,1q,30,1am|1i|1ae|1y|1ab|1s|1ao|1x|1l|1k|1al|1aa|1ac|1g|1w|1u|1z|1c|1o|1t|1v|1ai|1b|1n|1ag|1j|1m|1ah|1d|1e,7,16.249693561193826,1a|1af|1aj|1ak|1f|1h|1r
13.393624721319597,,,oxygen-heterocycle-fused,stage2pp,,3,oxygen-heterocycle-fused,ridge_regression,91.0,91.0,,77.6063752786804,91.67220590980392,63.295740625353204,98.76205317232419,61.232123069100034,-13.393624721319597,"{""alpha"": 10000.0}",oxygen-heterocycle-fused,family_holdout,ee,1r,29,1am|1i|1p|1ao|1ab|1af|1x|1u|1k|1aj|1aa|1l|1ac|1g|1y|1z|1c|1w|1o|1q|1v|1ai|1b|1ag|1n|1j|1m|1ah|1d,7,11.804977174597814,1a|1ae|1ak|1al|1e|1f|1h
0.26083684664895657,,,oxygen-heterocycle-fused,stage2pp,,3,oxygen-heterocycle-fused,ridge_regression,80.0,80.0,,80.26083684664896,94.32666747777247,65.95020219332176,101.41651474029274,63.88658463706859,0.26083684664895657,"{""alpha"": 10000.0}",oxygen-heterocycle-fused,family_holdout,ee,1s,29,1am|1i|1p|1ao|1ab|1af|1x|1u|1k|1aj|1aa|1l|1ac|1g|1y|1z|1c|1w|1o|1q|1v|1ai|1b|1ag|1n|1j|1m|1ah|1d,7,11.804977174597814,1a|1ae|1ak|1al|1e|1f|1h
12.724685662206184,,,oxygen-heterocycle-fused,stage2pp,,3,oxygen-heterocycle-fused,ridge_regression,91.0,91.0,,78.27531433779382,92.34114496891733,63.96467968446662,99.4309922314376,61.90106212821345,-12.724685662206184,"{""alpha"": 10000.0}",oxygen-heterocycle-fused,family_holdout,ee,1t,29,1am|1i|1p|1ao|1ab|1af|1x|1u|1k|1aj|1aa|1l|1ac|1g|1y|1z|1c|1w|1o|1q|1v|1ai|1b|1ag|1n|1j|1m|1ah|1d,7,11.804977174597814,1a|1ae|1ak|1al|1e|1f|1h
1.1313928811739231,,,oxygen-heterocycle-fused,stage2pp,,3,oxygen-heterocycle-fused,elastic_net,91.0,91.0,,89.86860711882608,99.20833151260601,85.83337481222264,99.70353821727106,81.76755762636094,-1.1313928811739231,"{""alpha"": 1.0, ""l1_ratio"": 1.0}",oxygen-heterocycle-fused,family_holdout,ee,1r,29,1am|1i|1p|1ao|1ab|1af|1x|1u|1k|1aj|1aa|1l|1ac|1g|1y|1z|1c|1w|1o|1q|1v|1ai|1b|1ag|1n|1j|1m|1ah|1d,7,6.588906849272186,1a|1ae|1ak|1al|1e|1f|1h
20.0,,,oxygen-heterocycle-fused,stage2pp,,3,oxygen-heterocycle-fused,elastic_net,80.0,80.0,,100.0,109.33972439377993,95.96476769339657,109.83493109844498,91.89895050753486,20.0,"{""alpha"": 1.0, ""l1_ratio"": 1.0}",oxygen-heterocycle-fused,family_holdout,ee,1s,29,1am|1i|1p|1ao|1ab|1af|1x|1u|1k|1aj|1aa|1l|1ac|1g|1y|1z|1c|1w|1o|1q|1v|1ai|1b|1ag|1n|1j|1m|1ah|1d,7,6.588906849272186,1a|1ae|1ak|1al|1e|1f|1h
2.56045121451578,,,oxygen-heterocycle-fused,stage2pp,,3,oxygen-heterocycle-fused,elastic_net,91.0,91.0,,88.43954878548422,97.77927317926415,84.40431647888079,98.2744798839292,80.33849929301908,-2.56045121451578,"{""alpha"": 1.0, ""l1_ratio"": 1.0}",oxygen-heterocycle-fused,family_holdout,ee,1t,29,1am|1i|1p|1ao|1ab|1af|1x|1u|1k|1aj|1aa|1l|1ac|1g|1y|1z|1c|1w|1o|1q|1v|1ai|1b|1ag|1n|1j|1m|1ah|1d,7,6.588906849272186,1a|1ae|1ak|1al|1e|1f|1h
4.820085439288391,,,oxygen-heterocycle-fused,stage2pp,,3,oxygen-heterocycle-fused,lightgbm,91.0,91.0,,86.17991456071161,87.94286108889304,75.77744156620027,89.1881071344701,74.98918266818094,-4.820085439288391,"{""learning_rate"": 0.1, ""n_estimators"": 75, ""num_leaves"": 3}",oxygen-heterocycle-fused,family_holdout,ee,1r,29,1am|1i|1p|1ao|1ab|1af|1x|1u|1k|1aj|1aa|1l|1ac|1g|1y|1z|1c|1w|1o|1q|1v|1ai|1b|1ag|1n|1j|1m|1ah|1d,7,4.982400433176778,1a|1ae|1ak|1al|1e|1f|1h
11.737561337201598,,,oxygen-heterocycle-fused,stage2pp,,3,oxygen-heterocycle-fused,lightgbm,80.0,80.0,,91.7375613372016,93.50050786538303,81.33508834269026,94.74575391096009,80.54682944467093,11.737561337201598,"{""learning_rate"": 0.1, ""n_estimators"": 75, ""num_leaves"": 3}",oxygen-heterocycle-fused,family_holdout,ee,1s,29,1am|1i|1p|1ao|1ab|1af|1x|1u|1k|1aj|1aa|1l|1ac|1g|1y|1z|1c|1w|1o|1q|1v|1ai|1b|1ag|1n|1j|1m|1ah|1d,7,4.982400433176778,1a|1ae|1ak|1al|1e|1f|1h
7.525966712425202,,,oxygen-heterocycle-fused,stage2pp,,3,oxygen-heterocycle-fused,lightgbm,91.0,91.0,,83.4740332875748,85.23697981575623,73.07156029306346,86.48222586133329,72.28330139504413,-7.525966712425202,"{""learning_rate"": 0.1, ""n_estimators"": 75, ""num_leaves"": 3}",oxygen-heterocycle-fused,family_holdout,ee,1t,29,1am|1i|1p|1ao|1ab|1af|1x|1u|1k|1aj|1aa|1l|1ac|1g|1y|1z|1c|1w|1o|1q|1v|1ai|1b|1ag|1n|1j|1m|1ah|1d,7,4.982400433176778,1a|1ae|1ak|1al|1e|1f|1h
13.827586206896555,119.9223498979351,34.422477688271776,oxygen-heterocycle-fused,stage2pp,21.81119189022024,3,oxygen-heterocycle-fused,gaussian_process,91.0,91.0,,77.17241379310344,94.1448275862069,62.34482758622319,99.54482758620688,62.34482758621097,-13.827586206896555,"{""alpha"": 1e-05, ""kernel"": ""1**2 * RBF(length_scale=2) + WhiteKernel(noise_level=10)""}",oxygen-heterocycle-fused,family_holdout,ee,1r,29,1am|1i|1p|1ao|1ab|1af|1x|1u|1k|1aj|1aa|1l|1ac|1g|1y|1z|1c|1w|1o|1q|1v|1ai|1b|1ag|1n|1j|1m|1ah|1d,7,13.689655167863652,1a|1ae|1ak|1al|1e|1f|1h
2.8275861314022848,119.92234997342939,34.42247776376605,oxygen-heterocycle-fused,stage2pp,21.81119189022024,3,oxygen-heterocycle-fused,gaussian_process,80.0,80.0,,77.17241386859772,94.14482766170116,62.34482766171746,99.54482766170116,62.34482766170524,-2.8275861314022848,"{""alpha"": 1e-05, ""kernel"": ""1**2 * RBF(length_scale=2) + WhiteKernel(noise_level=10)""}",oxygen-heterocycle-fused,family_holdout,ee,1s,29,1am|1i|1p|1ao|1ab|1af|1x|1u|1k|1aj|1aa|1l|1ac|1g|1y|1z|1c|1w|1o|1q|1v|1ai|1b|1ag|1n|1j|1m|1ah|1d,7,13.689655167863652,1a|1ae|1ak|1al|1e|1f|1h
13.827586206896555,119.9223498979351,34.422477688271776,oxygen-heterocycle-fused,stage2pp,21.81119189022024,3,oxygen-heterocycle-fused,gaussian_process,91.0,91.0,,77.17241379310344,94.1448275862069,62.34482758622319,99.54482758620688,62.34482758621097,-13.827586206896555,"{""alpha"": 1e-05, ""kernel"": ""1**2 * RBF(length_scale=2) + WhiteKernel(noise_level=10)""}",oxygen-heterocycle-fused,family_holdout,ee,1t,29,1am|1i|1p|1ao|1ab|1af|1x|1u|1k|1aj|1aa|1l|1ac|1g|1y|1z|1c|1w|1o|1q|1v|1ai|1b|1ag|1n|1j|1m|1ah|1d,7,13.689655167863652,1a|1ae|1ak|1al|1e|1f|1h
12.73106634802852,,,polycyclic-aryl,stage2pp,,1,polycyclic-aryl,ridge_regression,91.0,91.0,,78.26893365197148,90.5491208900886,63.762678800547306,99.1962462698225,61.54765434440641,-12.73106634802852,"{""alpha"": 10000.0}",polycyclic-aryl,family_holdout,ee,1n,30,1am|1i|1p|1ao|1ab|1af|1x|1u|1l|1aj|1aa|1k|1s|1ac|1g|1y|1z|1c|1o|1w|1t|1q|1v|1ai|1b|1ag|1j|1m|1ah|1d,8,12.00353031242612,1a|1ae|1ak|1al|1e|1f|1h|1r
16.802095395891016,,,polycyclic-aryl,stage2pp,,1,polycyclic-aryl,elastic_net,91.0,91.0,,74.19790460410898,84.19790460410898,55.358088934189816,84.19790460410898,47.378844837271636,-16.802095395891016,"{""alpha"": 0.1, ""l1_ratio"": 1.0}",polycyclic-aryl,family_holdout,ee,1n,30,1am|1i|1p|1ao|1ab|1af|1x|1u|1l|1aj|1aa|1k|1s|1ac|1g|1y|1z|1c|1o|1w|1t|1q|1v|1ai|1b|1ag|1j|1m|1ah|1d,8,10.192862018381813,1a|1ae|1ak|1al|1e|1f|1h|1r
12.867009169439001,,,polycyclic-aryl,stage2pp,,1,polycyclic-aryl,lightgbm,91.0,91.0,,78.132990830561,84.89006445806422,66.11199420435959,88.74520447624455,59.36448045903164,-12.867009169439001,"{""learning_rate"": 0.1, ""n_estimators"": 25, ""num_leaves"": 7}",polycyclic-aryl,family_holdout,ee,1n,30,1am|1i|1p|1ao|1ab|1af|1x|1u|1l|1aj|1aa|1k|1s|1ac|1g|1y|1z|1c|1o|1w|1t|1q|1v|1ai|1b|1ag|1j|1m|1ah|1d,8,8.134774553275841,1a|1ae|1ak|1al|1e|1f|1h|1r
13.733333333333334,119.31011762474543,35.22321570858791,polycyclic-aryl,stage2pp,21.45074028473406,1,polycyclic-aryl,gaussian_process,91.0,91.0,,77.26666666666667,93.13333333333333,62.53333333334293,99.43333333333334,62.53333333333573,-13.733333333333334,"{""alpha"": 1e-05, ""kernel"": ""1**2 * RBF(length_scale=2) + WhiteKernel(noise_level=10)""}",polycyclic-aryl,family_holdout,ee,1n,30,1am|1i|1p|1ao|1ab|1af|1x|1u|1l|1aj|1aa|1k|1s|1ac|1g|1y|1z|1c|1o|1w|1t|1q|1v|1ai|1b|1ag|1j|1m|1ah|1d,8,13.68333306769819,1a|1ae|1ak|1al|1e|1f|1h|1r
5.539670983978624,,,silyl-alkyl-aryl,stage2pp,,1,silyl-alkyl-aryl,ridge_regression,67.0,67.0,,72.53967098397862,85.42813930823564,63.376917715483415,89.24440366482965,56.32783431911246,5.539670983978624,"{""alpha"": 100.0}",silyl-alkyl-aryl,family_holdout,ee,1ac,30,1l|1am|1af|1y|1s|1ao|1x|1i|1ab|1p|1k|1aa|1al|1ai|1t|1z|1v|1f|1b|1u|1w|1o|1q|1h|1ag|1n|1m|1j|1ah|1c,8,6.858902567034286,1a|1ae|1aj|1ak|1d|1e|1g|1r
3.7636043766236043,,,silyl-alkyl-aryl,stage2pp,,1,silyl-alkyl-aryl,elastic_net,67.0,67.0,,70.7636043766236,80.89513609840822,60.33398873614819,88.05679652634846,54.51260561228034,3.7636043766236043,"{""alpha"": 1.0, ""l1_ratio"": 0.5}",silyl-alkyl-aryl,family_holdout,ee,1ac,30,1l|1am|1af|1y|1s|1ao|1x|1i|1ab|1p|1k|1aa|1al|1ai|1t|1z|1v|1f|1b|1u|1w|1o|1q|1h|1ag|1n|1m|1j|1ah|1c,8,7.5409265080906245,1a|1ae|1aj|1ak|1d|1e|1g|1r
7.861449853987054,,,silyl-alkyl-aryl,stage2pp,,1,silyl-alkyl-aryl,lightgbm,67.0,67.0,,74.86144985398705,81.9804249745142,57.57980831254042,90.47585489774696,37.46906993675582,7.861449853987054,"{""learning_rate"": 0.1, ""n_estimators"": 75, ""num_leaves"": 3}",silyl-alkyl-aryl,family_holdout,ee,1ac,30,1l|1am|1af|1y|1s|1ao|1x|1i|1ab|1p|1k|1aa|1al|1ai|1t|1z|1v|1f|1b|1u|1w|1o|1q|1h|1ag|1n|1m|1j|1ah|1c,8,9.740941559895838,1a|1ae|1aj|1ak|1d|1e|1g|1r
12.033333333333331,119.36824138434744,38.69842528231922,silyl-alkyl-aryl,stage2pp,20.57903471990516,1,silyl-alkyl-aryl,gaussian_process,67.0,67.0,,79.03333333333333,107.76666666666667,66.06666666666682,112.49166666666667,66.0666666666667,12.033333333333331,"{""alpha"": 1e-05, ""kernel"": ""1**2 * RBF(length_scale=2) + WhiteKernel(noise_level=10)""}",silyl-alkyl-aryl,family_holdout,ee,1ac,30,1l|1am|1af|1y|1s|1ao|1x|1i|1ab|1p|1k|1aa|1al|1ai|1t|1z|1v|1f|1b|1u|1w|1o|1q|1h|1ag|1n|1m|1j|1ah|1c,8,16.86666660084776,1a|1ae|1aj|1ak|1d|1e|1g|1r
16.57846711187615,,,sulfur-heteroaryl,stage2pp,,1,sulfur-heteroaryl,ridge_regression,91.0,91.0,,74.42153288812385,86.54918098285208,59.98888025073866,94.79137753145822,57.72053573311009,-16.57846711187615,"{""alpha"": 10000.0}",sulfur-heteroaryl,family_holdout,ee,1v,30,1am|1i|1p|1ao|1ab|1af|1x|1u|1l|1aj|1aa|1k|1s|1ac|1g|1y|1z|1c|1w|1t|1o|1q|1ai|1b|1ag|1n|1j|1m|1ah|1d,8,12.02517303444229,1a|1ae|1ak|1al|1e|1f|1h|1r
19.996069803827908,,,sulfur-heteroaryl,stage2pp,,1,sulfur-heteroaryl,elastic_net,91.0,91.0,,71.00393019617209,81.13901292175936,55.52629590766321,89.15906404195181,55.03452209207644,-19.996069803827908,"{""alpha"": 10.0, ""l1_ratio"": 0.5}",sulfur-heteroaryl,family_holdout,ee,1v,30,1am|1i|1p|1ao|1ab|1af|1x|1u|1l|1aj|1aa|1k|1s|1ac|1g|1y|1z|1c|1w|1t|1o|1q|1ai|1b|1ag|1n|1j|1m|1ah|1d,8,11.352441528353497,1a|1ae|1ak|1al|1e|1f|1h|1r
25.946921815162426,,,sulfur-heteroaryl,stage2pp,,1,sulfur-heteroaryl,lightgbm,91.0,91.0,,65.05307818483757,69.98355374446508,59.237197843753044,82.81353994821052,58.68012398938772,-25.946921815162426,"{""learning_rate"": 0.1, ""n_estimators"": 25, ""num_leaves"": 3}",sulfur-heteroaryl,family_holdout,ee,1v,30,1am|1i|1p|1ao|1ab|1af|1x|1u|1l|1aj|1aa|1k|1s|1ac|1g|1y|1z|1c|1w|1t|1o|1q|1ai|1b|1ag|1n|1j|1m|1ah|1d,8,6.58477556391128,1a|1ae|1ak|1al|1e|1f|1h|1r
13.733334821115236,119.31011270700384,35.22321765076568,sulfur-heteroaryl,stage2pp,21.450738534754635,1,sulfur-heteroaryl,gaussian_process,91.0,91.0,,77.26666517888476,93.13333184555142,62.53333184556273,99.43333184555144,62.53333184555426,-13.733334821115236,"{""alpha"": 1e-05, ""kernel"": ""1**2 * RBF(length_scale=2) + WhiteKernel(noise_level=10)""}",sulfur-heteroaryl,family_holdout,ee,1v,30,1am|1i|1p|1ao|1ab|1af|1x|1u|1l|1aj|1aa|1k|1s|1ac|1g|1y|1z|1c|1w|1t|1o|1q|1ai|1b|1ag|1n|1j|1m|1ah|1d,8,13.683332877740709,1a|1ae|1ak|1al|1e|1f|1h|1r
42.44986370941988,,,sulfur-heteroaryl-fused,stage2pp,,2,sulfur-heteroaryl-fused,ridge_regression,92.0,92.0,,49.55013629058012,62.64545172087883,42.59079741861624,63.25832842630987,36.781369365060385,-42.44986370941988,"{""alpha"": 100.0}",sulfur-heteroaryl-fused,family_holdout,ee,1w,30,1am|1i|1p|1ao|1ab|1af|1e|1k|1s|1al|1y|1aa|1ac|1t|1z|1v|1c|1o|1u|1q|1ai|1b|1m|1ag|1h|1n|1j|1ah|1f|1l,7,6.525534605788681,1a|1ae|1aj|1ak|1d|1g|1r
9.617385433404095,,,sulfur-heteroaryl-fused,stage2pp,,2,sulfur-heteroaryl-fused,ridge_regression,94.0,94.0,,84.3826145665959,97.47792999689462,77.42327569463203,98.09080670232566,71.61384764107618,-9.617385433404095,"{""alpha"": 100.0}",sulfur-heteroaryl-fused,family_holdout,ee,1x,30,1am|1i|1p|1ao|1ab|1af|1e|1k|1s|1al|1y|1aa|1ac|1t|1z|1v|1c|1o|1u|1q|1ai|1b|1m|1ag|1h|1n|1j|1ah|1f|1l,7,6.525534605788681,1a|1ae|1aj|1ak|1d|1g|1r
48.308420254437735,,,sulfur-heteroaryl-fused,stage2pp,,2,sulfur-heteroaryl-fused,elastic_net,92.0,92.0,,43.691579745562265,49.230877259833534,35.33343826799231,50.26499160791405,31.957052823816454,-48.308420254437735,"{""alpha"": 1.0, ""l1_ratio"": 0.5}",sulfur-heteroaryl-fused,family_holdout,ee,1w,30,1am|1i|1p|1ao|1ab|1af|1e|1k|1s|1al|1y|1aa|1ac|1t|1z|1v|1c|1o|1u|1q|1ai|1b|1m|1ag|1h|1n|1j|1ah|1f|1l,7,5.723217972654412,1a|1ae|1aj|1ak|1d|1g|1r
0.5927644409906208,,,sulfur-heteroaryl-fused,stage2pp,,2,sulfur-heteroaryl-fused,elastic_net,94.0,94.0,,93.40723555900938,98.94653307328065,85.04909408143942,99.98064742136116,81.67270863726357,-0.5927644409906208,"{""alpha"": 1.0, ""l1_ratio"": 0.5}",sulfur-heteroaryl-fused,family_holdout,ee,1x,30,1am|1i|1p|1ao|1ab|1af|1e|1k|1s|1al|1y|1aa|1ac|1t|1z|1v|1c|1o|1u|1q|1ai|1b|1m|1ag|1h|1n|1j|1ah|1f|1l,7,5.723217972654412,1a|1ae|1aj|1ak|1d|1g|1r
42.75163662143654,,,sulfur-heteroaryl-fused,stage2pp,,2,sulfur-heteroaryl-fused,lightgbm,92.0,92.0,,49.24836337856346,60.637752077702615,35.657982103929264,64.0631103223152,29.49197323184951,-42.75163662143654,"{""learning_rate"": 0.1, ""n_estimators"": 25, ""num_leaves"": 7}",sulfur-heteroaryl-fused,family_holdout,ee,1w,30,1am|1i|1p|1ao|1ab|1af|1e|1k|1s|1al|1y|1aa|1ac|1t|1z|1v|1c|1o|1u|1q|1ai|1b|1m|1ag|1h|1n|1j|1ah|1f|1l,7,8.800193865233425,1a|1ae|1aj|1ak|1d|1g|1r
10.727835894154765,,,sulfur-heteroaryl-fused,stage2pp,,2,sulfur-heteroaryl-fused,lightgbm,94.0,94.0,,83.27216410584523,94.6615528049844,69.68178283121104,98.08691104959696,63.51577395913128,-10.727835894154765,"{""learning_rate"": 0.1, ""n_estimators"": 25, ""num_leaves"": 7}",sulfur-heteroaryl-fused,family_holdout,ee,1x,30,1am|1i|1p|1ao|1ab|1af|1e|1k|1s|1al|1y|1aa|1ac|1t|1z|1v|1c|1o|1u|1q|1ai|1b|1m|1ag|1h|1n|1j|1ah|1f|1l,7,8.800193865233425,1a|1ae|1aj|1ak|1d|1g|1r
13.866694645418008,118.30348926742545,37.96312144173853,sulfur-heteroaryl-fused,stage2pp,20.494991792267072,2,sulfur-heteroaryl-fused,gaussian_process,92.0,92.0,,78.13330535458199,106.86663868791533,64.86663953359958,110.91663868791534,64.41663889933639,-13.866694645418008,"{""alpha"": 1e-05, ""kernel"": ""1**2 * RBF(length_scale=2) + WhiteKernel(noise_level=10)""}",sulfur-heteroaryl-fused,family_holdout,ee,1w,30,1am|1i|1p|1ao|1ab|1af|1e|1k|1s|1al|1y|1aa|1ac|1t|1z|1v|1c|1o|1u|1q|1ai|1b|1m|1ag|1h|1n|1j|1ah|1f|1l,7,17.552338462311074,1a|1ae|1aj|1ak|1d|1g|1r
15.86666666666666,118.30351724623036,37.963149420436324,sulfur-heteroaryl-fused,stage2pp,20.494991792294396,2,sulfur-heteroaryl-fused,gaussian_process,94.0,94.0,,78.13333333333334,106.86666666666667,64.86666751235093,110.91666666666669,64.41666687808774,-15.86666666666666,"{""alpha"": 1e-05, ""kernel"": ""1**2 * RBF(length_scale=2) + WhiteKernel(noise_level=10)""}",sulfur-heteroaryl-fused,family_holdout,ee,1x,30,1am|1i|1p|1ao|1ab|1af|1e|1k|1s|1al|1y|1aa|1ac|1t|1z|1v|1c|1o|1u|1q|1ai|1b|1m|1ag|1h|1n|1j|1ah|1f|1l,7,17.552338462311074,1a|1ae|1aj|1ak|1d|1g|1r
4.150209941615742,,,sulfur-heterocycle-fused,stage2pp,,1,sulfur-heterocycle-fused,ridge_regression,91.0,91.0,,86.84979005838426,93.57249605843135,70.14189536595873,104.29738732005374,65.13695078998555,-4.150209941615742,"{""alpha"": 1000.0}",sulfur-heterocycle-fused,family_holdout,ee,1y,30,1am|1i|1p|1ao|1ab|1af|1x|1u|1l|1aj|1aa|1k|1s|1ac|1g|1z|1c|1o|1w|1t|1q|1v|1ai|1b|1ag|1n|1j|1m|1ah|1d,8,11.754949882125185,1a|1ae|1ak|1al|1e|1f|1h|1r
9.0,,,sulfur-heterocycle-fused,stage2pp,,1,sulfur-heterocycle-fused,elastic_net,91.0,91.0,,100.0,112.69190068303787,92.11937149010542,117.40272687835414,82.65868294700824,9.0,"{""alpha"": 1.0, ""l1_ratio"": 1.0}",sulfur-heterocycle-fused,family_holdout,ee,1y,30,1am|1i|1p|1ao|1ab|1af|1x|1u|1l|1aj|1aa|1k|1s|1ac|1g|1z|1c|1o|1w|1t|1q|1v|1ai|1b|1ag|1n|1j|1m|1ah|1d,8,8.599595475041255,1a|1ae|1ak|1al|1e|1f|1h|1r
0.8416105793904904,,,sulfur-heterocycle-fused,stage2pp,,1,sulfur-heterocycle-fused,lightgbm,91.0,91.0,,91.84161057939049,97.1195159412711,82.7107615106816,105.1961397510675,81.16339901397099,0.8416105793904904,"{""learning_rate"": 0.1, ""n_estimators"": 75, ""num_leaves"": 3}",sulfur-heterocycle-fused,family_holdout,ee,1y,30,1am|1i|1p|1ao|1ab|1af|1x|1u|1l|1aj|1aa|1k|1s|1ac|1g|1z|1c|1o|1w|1t|1q|1v|1ai|1b|1ag|1n|1j|1m|1ah|1d,8,5.659615321013207,1a|1ae|1ak|1al|1e|1f|1h|1r
13.73333333331378,119.31009143164124,35.2232419017312,sulfur-heterocycle-fused,stage2pp,21.45072692089542,1,sulfur-heterocycle-fused,gaussian_process,91.0,91.0,,77.26666666668622,93.13333333335288,62.533333333364375,99.43333333335289,62.533333333355756,-13.73333333331378,"{""alpha"": 1e-05, ""kernel"": ""1**2 * RBF(length_scale=2) + WhiteKernel(noise_level=10)""}",sulfur-heterocycle-fused,family_holdout,ee,1y,30,1am|1i|1p|1ao|1ab|1af|1x|1u|1l|1aj|1aa|1k|1s|1ac|1g|1z|1c|1o|1w|1t|1q|1v|1ai|1b|1ag|1n|1j|1m|1ah|1d,8,13.683332859740824,1a|1ae|1ak|1al|1e|1f|1h|1r
14.489472287404851,,,alkyl-aryl-chain,stage2p_plus_stage2pp,,2,alkyl-aryl-chain,ridge_regression,50.0,50.0,,64.48947228740485,68.38921134854776,47.841276121252235,77.58157145750387,43.05142197150356,14.489472287404851,"{""alpha"": 1000.0}",alkyl-aryl-chain,family_holdout,ee,1ah,30,1am|1i|1p|1ao|1ab|1af|1x|1u|1l|1aj|1aa|1k|1s|1ac|1g|1y|1z|1c|1t|1w|1o|1q|1v|1b|1ag|1n|1j|1m|1d|1e,7,11.04361547930622,1a|1ae|1ak|1al|1f|1h|1r
17.574599527835545,,,alkyl-aryl-chain,stage2p_plus_stage2pp,,2,alkyl-aryl-chain,ridge_regression,50.0,50.0,,67.57459952783555,71.47433858897845,50.92640336168293,80.66669869793456,46.13654921193425,17.574599527835545,"{""alpha"": 1000.0}",alkyl-aryl-chain,family_holdout,ee,1ai,30,1am|1i|1p|1ao|1ab|1af|1x|1u|1l|1aj|1aa|1k|1s|1ac|1g|1y|1z|1c|1t|1w|1o|1q|1v|1b|1ag|1n|1j|1m|1d|1e,7,11.04361547930622,1a|1ae|1ak|1al|1f|1h|1r
34.64610586375008,,,alkyl-aryl-chain,stage2p_plus_stage2pp,,2,alkyl-aryl-chain,elastic_net,50.0,50.0,,84.64610586375008,93.07735965710896,73.37630827132323,94.2539193120898,65.65268861411774,34.64610586375008,"{""alpha"": 1.0, ""l1_ratio"": 0.8}",alkyl-aryl-chain,family_holdout,ee,1ah,30,1am|1i|1p|1ao|1ab|1af|1x|1u|1l|1aj|1aa|1k|1s|1ac|1g|1y|1z|1c|1t|1w|1o|1q|1v|1b|1ag|1n|1j|1m|1d|1e,7,7.750772294624022,1a|1ae|1ak|1al|1f|1h|1r
16.483612116609095,,,alkyl-aryl-chain,stage2p_plus_stage2pp,,2,alkyl-aryl-chain,elastic_net,50.0,50.0,,66.4836121166091,74.91486590996797,55.21381452418224,76.09142556494882,47.49019486697675,16.483612116609095,"{""alpha"": 1.0, ""l1_ratio"": 0.8}",alkyl-aryl-chain,family_holdout,ee,1ai,30,1am|1i|1p|1ao|1ab|1af|1x|1u|1l|1aj|1aa|1k|1s|1ac|1g|1y|1z|1c|1t|1w|1o|1q|1v|1b|1ag|1n|1j|1m|1d|1e,7,7.750772294624022,1a|1ae|1ak|1al|1f|1h|1r
20.64567650942631,,,alkyl-aryl-chain,stage2p_plus_stage2pp,,2,alkyl-aryl-chain,lightgbm,50.0,50.0,,70.64567650942631,73.60987729121612,60.39684448845501,74.39110411152288,56.64604880672596,20.64567650942631,"{""learning_rate"": 0.03, ""n_estimators"": 75, ""num_leaves"": 7}",alkyl-aryl-chain,family_holdout,ee,1ah,30,1am|1i|1p|1ao|1ab|1af|1x|1u|1l|1aj|1aa|1k|1s|1ac|1g|1y|1z|1c|1t|1w|1o|1q|1v|1b|1ag|1n|1j|1m|1d|1e,7,4.899004787705716,1a|1ae|1ak|1al|1f|1h|1r
25.433044273006303,,,alkyl-aryl-chain,stage2p_plus_stage2pp,,2,alkyl-aryl-chain,lightgbm,50.0,50.0,,75.4330442730063,78.39724505479612,65.184212252035,79.17847187510287,61.43341657030595,25.433044273006303,"{""learning_rate"": 0.03, ""n_estimators"": 75, ""num_leaves"": 7}",alkyl-aryl-chain,family_holdout,ee,1ai,30,1am|1i|1p|1ao|1ab|1af|1x|1u|1l|1aj|1aa|1k|1s|1ac|1g|1y|1z|1c|1t|1w|1o|1q|1v|1b|1ag|1n|1j|1m|1d|1e,7,4.899004787705716,1a|1ae|1ak|1al|1f|1h|1r
30.03333333333333,120.03020923153028,40.03645743513639,alkyl-aryl-chain,stage2p_plus_stage2pp,20.406569335814766,2,alkyl-aryl-chain,gaussian_process,50.0,50.0,,80.03333333333333,99.86666666666667,68.66666669118953,105.26666666666665,68.21666667279737,30.03333333333333,"{""alpha"": 1e-05, ""kernel"": ""1**2 * RBF(length_scale=2) + WhiteKernel(noise_level=10)""}",alkyl-aryl-chain,family_holdout,ee,1ah,30,1am|1i|1p|1ao|1ab|1af|1x|1u|1l|1aj|1aa|1k|1s|1ac|1g|1y|1z|1c|1t|1w|1o|1q|1v|1b|1ag|1n|1j|1m|1d|1e,7,13.138095232256461,1a|1ae|1ak|1al|1f|1h|1r
30.03333333333333,120.03020923153028,40.03645743513639,alkyl-aryl-chain,stage2p_plus_stage2pp,20.406569335814766,2,alkyl-aryl-chain,gaussian_process,50.0,50.0,,80.03333333333333,99.86666666666667,68.66666669118953,105.26666666666665,68.21666667279737,30.03333333333333,"{""alpha"": 1e-05, ""kernel"": ""1**2 * RBF(length_scale=2) + WhiteKernel(noise_level=10)""}",alkyl-aryl-chain,family_holdout,ee,1ai,30,1am|1i|1p|1ao|1ab|1af|1x|1u|1l|1aj|1aa|1k|1s|1ac|1g|1y|1z|1c|1t|1w|1o|1q|1v|1b|1ag|1n|1j|1m|1d|1e,7,13.138095232256461,1a|1ae|1ak|1al|1f|1h|1r
15.277049520784075,,,branched-diaryl-alkyl,stage2p_plus_stage2pp,,1,branched-diaryl-alkyl,ridge_regression,72.0,72.0,,56.722950479215925,70.83574811240146,49.996209713263966,74.92208654826186,40.29543608029239,-15.277049520784075,"{""alpha"": 100.0}",branched-diaryl-alkyl,family_holdout,ee,1ao,30,1l|1am|1af|1y|1s|1x|1i|1ab|1p|1aa|1k|1al|1ac|1g|1u|1z|1c|1t|1w|1o|1q|1v|1ai|1b|1ag|1n|1j|1m|1ah|1d,8,8.192623503206468,1a|1ae|1aj|1ak|1e|1f|1h|1r
41.458776207985906,,,branched-diaryl-alkyl,stage2p_plus_stage2pp,,1,branched-diaryl-alkyl,elastic_net,72.0,72.0,,30.541223792014094,41.18611727240275,22.318783224049305,42.3146808630829,15.948064848861234,-41.458776207985906,"{""alpha"": 1.0, ""l1_ratio"": 1.0}",branched-diaryl-alkyl,family_holdout,ee,1ao,30,1l|1am|1af|1y|1s|1x|1i|1ab|1p|1aa|1k|1al|1ac|1g|1u|1z|1c|1t|1w|1o|1q|1v|1ai|1b|1ag|1n|1j|1m|1ah|1d,8,8.161797449393905,1a|1ae|1aj|1ak|1e|1f|1h|1r
1.8322257293980044,,,branched-diaryl-alkyl,stage2p_plus_stage2pp,,1,branched-diaryl-alkyl,lightgbm,72.0,72.0,,73.832225729398,83.40731335025276,68.4971652630273,85.55153315926171,66.27086166024974,1.8322257293980044,"{""learning_rate"": 0.1, ""n_estimators"": 75, ""num_leaves"": 3}",branched-diaryl-alkyl,family_holdout,ee,1ao,30,1l|1am|1af|1y|1s|1x|1i|1ab|1p|1aa|1k|1al|1ac|1g|1u|1z|1c|1t|1w|1o|1q|1v|1ai|1b|1ag|1n|1j|1m|1ah|1d,8,5.03565070203583,1a|1ae|1aj|1ak|1e|1f|1h|1r
6.86666666666666,119.35120807267397,38.38212526065935,branched-diaryl-alkyl,stage2p_plus_stage2pp,20.655378268371077,1,branched-diaryl-alkyl,gaussian_process,72.0,72.0,,78.86666666666666,107.43333333333332,65.73333333333332,112.15833333333333,65.73333333333332,6.86666666666666,"{""alpha"": 1e-05, ""kernel"": ""1**2 * RBF(length_scale=2) + WhiteKernel(noise_level=10)""}",branched-diaryl-alkyl,family_holdout,ee,1ao,30,1l|1am|1af|1y|1s|1x|1i|1ab|1p|1aa|1k|1al|1ac|1g|1u|1z|1c|1t|1w|1o|1q|1v|1ai|1b|1ag|1n|1j|1m|1ah|1d,8,16.908333325338994,1a|1ae|1aj|1ak|1e|1f|1h|1r
23.9007517729367,,,carbonyl-alkyl-aryl,stage2p_plus_stage2pp,,3,carbonyl-alkyl-aryl,ridge_regression,53.0,53.0,,76.9007517729367,78.0015088745318,61.48398257016611,81.70089488140191,59.745403929401554,23.9007517729367,"{""alpha"": 10000.0}",carbonyl-alkyl-aryl,family_holdout,ee,1ae,29,1am|1i|1p|1ao|1ab|1x|1u|1l|1aj|1d|1aa|1s|1ac|1j|1y|1z|1v|1f|1o|1t|1w|1b|1q|1ai|1h|1m|1n|1ah|1c,7,9.689316579544705,1a|1ak|1al|1e|1g|1k|1r
16.390993037405636,,,carbonyl-alkyl-aryl,stage2p_plus_stage2pp,,3,carbonyl-alkyl-aryl,ridge_regression,61.0,61.0,,77.39099303740564,78.49175013900073,61.97422383463505,82.19113614587084,60.23564519387049,16.390993037405636,"{""alpha"": 10000.0}",carbonyl-alkyl-aryl,family_holdout,ee,1af,29,1am|1i|1p|1ao|1ab|1x|1u|1l|1aj|1d|1aa|1s|1ac|1j|1y|1z|1v|1f|1o|1t|1w|1b|1q|1ai|1h|1m|1n|1ah|1c,7,9.689316579544705,1a|1ak|1al|1e|1g|1k|1r
13.209157820319561,,,carbonyl-alkyl-aryl,stage2p_plus_stage2pp,,3,carbonyl-alkyl-aryl,ridge_regression,90.0,90.0,,76.79084217968044,77.89159928127553,61.37407297690985,81.59098528814565,59.63549433614529,-13.209157820319561,"{""alpha"": 10000.0}",carbonyl-alkyl-aryl,family_holdout,ee,1ag,29,1am|1i|1p|1ao|1ab|1x|1u|1l|1aj|1d|1aa|1s|1ac|1j|1y|1z|1v|1f|1o|1t|1w|1b|1q|1ai|1h|1m|1n|1ah|1c,7,9.689316579544705,1a|1ak|1al|1e|1g|1k|1r
18.987079159205678,,,carbonyl-alkyl-aryl,stage2p_plus_stage2pp,,3,carbonyl-alkyl-aryl,elastic_net,53.0,53.0,,71.98707915920568,70.11222996669612,56.609364511051794,70.91956591944577,52.775925740415445,18.987079159205678,"{""alpha"": 10.0, ""l1_ratio"": 0.2}",carbonyl-alkyl-aryl,family_holdout,ee,1ae,29,1am|1i|1p|1ao|1ab|1x|1u|1l|1aj|1d|1aa|1s|1ac|1j|1y|1z|1v|1f|1o|1t|1w|1b|1q|1ai|1h|1m|1n|1ah|1c,7,8.002309544868037,1a|1ak|1al|1e|1g|1k|1r
13.091769340993338,,,carbonyl-alkyl-aryl,stage2p_plus_stage2pp,,3,carbonyl-alkyl-aryl,elastic_net,61.0,61.0,,74.09176934099334,72.21692014848378,58.714054692839454,73.02425610123343,54.880615922203106,13.091769340993338,"{""alpha"": 10.0, ""l1_ratio"": 0.2}",carbonyl-alkyl-aryl,family_holdout,ee,1af,29,1am|1i|1p|1ao|1ab|1x|1u|1l|1aj|1d|1aa|1s|1ac|1j|1y|1z|1v|1f|1o|1t|1w|1b|1q|1ai|1h|1m|1n|1ah|1c,7,8.002309544868037,1a|1ak|1al|1e|1g|1k|1r
16.98872505278071,,,carbonyl-alkyl-aryl,stage2p_plus_stage2pp,,3,carbonyl-alkyl-aryl,elastic_net,90.0,90.0,,73.01127494721929,71.13642575470973,57.63356029906541,71.94376170745939,53.80012152842906,-16.98872505278071,"{""alpha"": 10.0, ""l1_ratio"": 0.2}",carbonyl-alkyl-aryl,family_holdout,ee,1ag,29,1am|1i|1p|1ao|1ab|1x|1u|1l|1aj|1d|1aa|1s|1ac|1j|1y|1z|1v|1f|1o|1t|1w|1b|1q|1ai|1h|1m|1n|1ah|1c,7,8.002309544868037,1a|1ak|1al|1e|1g|1k|1r
16.30459455361101,,,carbonyl-alkyl-aryl,stage2p_plus_stage2pp,,3,carbonyl-alkyl-aryl,lightgbm,53.0,53.0,,69.30459455361101,71.25930928534332,58.45057490103872,73.33576214656107,54.92614667647513,16.30459455361101,"{""learning_rate"": 0.1, ""n_estimators"": 75, ""num_leaves"": 3}",carbonyl-alkyl-aryl,family_holdout,ee,1ae,29,1am|1i|1p|1ao|1ab|1x|1u|1l|1aj|1d|1aa|1s|1ac|1j|1y|1z|1v|1f|1o|1t|1w|1b|1q|1ai|1h|1m|1n|1ah|1c,7,5.211929062362344,1a|1ak|1al|1e|1g|1k|1r
26.2995653311379,,,carbonyl-alkyl-aryl,stage2p_plus_stage2pp,,3,carbonyl-alkyl-aryl,lightgbm,61.0,61.0,,87.2995653311379,89.25428006287021,76.44554567856561,91.33073292408795,72.92111745400202,26.2995653311379,"{""learning_rate"": 0.1, ""n_estimators"": 75, ""num_leaves"": 3}",carbonyl-alkyl-aryl,family_holdout,ee,1af,29,1am|1i|1p|1ao|1ab|1x|1u|1l|1aj|1d|1aa|1s|1ac|1j|1y|1z|1v|1f|1o|1t|1w|1b|1q|1ai|1h|1m|1n|1ah|1c,7,5.211929062362344,1a|1ak|1al|1e|1g|1k|1r
15.732677844169473,,,carbonyl-alkyl-aryl,stage2p_plus_stage2pp,,3,carbonyl-alkyl-aryl,lightgbm,90.0,90.0,,74.26732215583053,76.22203688756284,63.41330250325824,78.29848974878058,59.888874278694644,-15.732677844169473,"{""learning_rate"": 0.1, ""n_estimators"": 75, ""num_leaves"": 3}",carbonyl-alkyl-aryl,family_holdout,ee,1ag,29,1am|1i|1p|1ao|1ab|1x|1u|1l|1aj|1d|1aa|1s|1ac|1j|1y|1z|1v|1f|1o|1t|1w|1b|1q|1ai|1h|1m|1n|1ah|1c,7,5.211929062362344,1a|1ak|1al|1e|1g|1k|1r
24.689655172413794,119.83409270621553,35.54521763861205,carbonyl-alkyl-aryl,stage2p_plus_stage2pp,21.50226404785803,3,carbonyl-alkyl-aryl,gaussian_process,53.0,53.0,,77.6896551724138,85.57931034482759,62.179310344827584,89.17931034482758,60.82931034482759,24.689655172413794,"{""alpha"": 1e-05, ""kernel"": ""1**2 * RBF(length_scale=2) + WhiteKernel(noise_level=10)""}",carbonyl-alkyl-aryl,family_holdout,ee,1ae,29,1am|1i|1p|1ao|1ab|1x|1u|1l|1aj|1d|1aa|1s|1ac|1j|1y|1z|1v|1f|1o|1t|1w|1b|1q|1ai|1h|1m|1n|1ah|1c,7,12.70443349699306,1a|1ak|1al|1e|1g|1k|1r
16.689655172413794,119.83409270621553,35.54521763861205,carbonyl-alkyl-aryl,stage2p_plus_stage2pp,21.50226404785803,3,carbonyl-alkyl-aryl,gaussian_process,61.0,61.0,,77.6896551724138,85.57931034482759,62.179310344827584,89.17931034482758,60.82931034482759,16.689655172413794,"{""alpha"": 1e-05, ""kernel"": ""1**2 * RBF(length_scale=2) + WhiteKernel(noise_level=10)""}",carbonyl-alkyl-aryl,family_holdout,ee,1af,29,1am|1i|1p|1ao|1ab|1x|1u|1l|1aj|1d|1aa|1s|1ac|1j|1y|1z|1v|1f|1o|1t|1w|1b|1q|1ai|1h|1m|1n|1ah|1c,7,12.70443349699306,1a|1ak|1al|1e|1g|1k|1r
12.310344827586206,119.83409270621553,35.54521763861205,carbonyl-alkyl-aryl,stage2p_plus_stage2pp,21.50226404785803,3,carbonyl-alkyl-aryl,gaussian_process,90.0,90.0,,77.6896551724138,85.57931034482759,62.179310344827584,89.17931034482758,60.82931034482759,-12.310344827586206,"{""alpha"": 1e-05, ""kernel"": ""1**2 * RBF(length_scale=2) + WhiteKernel(noise_level=10)""}",carbonyl-alkyl-aryl,family_holdout,ee,1ag,29,1am|1i|1p|1ao|1ab|1x|1u|1l|1aj|1d|1aa|1s|1ac|1j|1y|1z|1v|1f|1o|1t|1w|1b|1q|1ai|1h|1m|1n|1ah|1c,7,12.70443349699306,1a|1ak|1al|1e|1g|1k|1r
2.6484884596349616,,,carbonyl-heterocycle-fused,stage2p_plus_stage2pp,,1,carbonyl-heterocycle-fused,ridge_regression,86.0,86.0,,88.64848845963496,104.4741390250567,81.99476431105157,105.92122557865022,71.33732144908384,2.6484884596349616,"{""alpha"": 100.0}",carbonyl-heterocycle-fused,family_holdout,ee,1u,30,1am|1i|1p|1ao|1ab|1af|1x|1l|1s|1y|1k|1al|1aa|1ac|1g|1z|1t|1c|1w|1o|1q|1v|1ai|1b|1ag|1n|1j|1m|1ah|1d,8,8.453648056805928,1a|1ae|1aj|1ak|1e|1f|1h|1r
4.650220528066626,,,carbonyl-heterocycle-fused,stage2p_plus_stage2pp,,1,carbonyl-heterocycle-fused,elastic_net,86.0,86.0,,90.65022052806663,106.747172577568,78.08844537225939,107.1029888168342,73.66035828140133,4.650220528066626,"{""alpha"": 10.0, ""l1_ratio"": 0.2}",carbonyl-heterocycle-fused,family_holdout,ee,1u,30,1am|1i|1p|1ao|1ab|1af|1x|1l|1s|1y|1k|1al|1aa|1ac|1g|1z|1t|1c|1w|1o|1q|1v|1ai|1b|1ag|1n|1j|1m|1ah|1d,8,9.816412006262018,1a|1ae|1aj|1ak|1e|1f|1h|1r
3.8520923057990757,,,carbonyl-heterocycle-fused,stage2p_plus_stage2pp,,1,carbonyl-heterocycle-fused,lightgbm,86.0,86.0,,89.85209230579908,102.58866039303592,85.83931693324503,112.8451709812139,84.92512902866255,3.8520923057990757,"{""learning_rate"": 0.1, ""n_estimators"": 75, ""num_leaves"": 3}",carbonyl-heterocycle-fused,family_holdout,ee,1u,30,1am|1i|1p|1ao|1ab|1af|1x|1l|1s|1y|1k|1al|1aa|1ac|1g|1z|1t|1c|1w|1o|1q|1v|1ai|1b|1ag|1n|1j|1m|1ah|1d,8,6.214878729845497,1a|1ae|1aj|1ak|1e|1f|1h|1r
7.599999999999213,118.86830157654106,37.931698423460524,carbonyl-heterocycle-fused,stage2p_plus_stage2pp,20.64709264109197,1,carbonyl-heterocycle-fused,gaussian_process,86.0,86.0,,78.40000000000079,106.5000000000008,64.8000000000008,111.22500000000079,64.8000000000008,-7.599999999999213,"{""alpha"": 1e-05, ""kernel"": ""1**2 * RBF(length_scale=2) + WhiteKernel(noise_level=10)""}",carbonyl-heterocycle-fused,family_holdout,ee,1u,30,1am|1i|1p|1ao|1ab|1af|1x|1l|1s|1y|1k|1al|1aa|1ac|1g|1z|1t|1c|1w|1o|1q|1v|1ai|1b|1ag|1n|1j|1m|1ah|1d,8,17.024999991591457,1a|1ae|1aj|1ak|1e|1f|1h|1r
14.070292263720553,,,cycloalkyl-alkyl-aryl,stage2p_plus_stage2pp,,3,cycloalkyl-alkyl-aryl,ridge_regression,44.0,44.0,,58.07029226372055,73.79711614163003,44.55705112146028,75.4277503804708,37.7098059475026,14.070292263720553,"{""alpha"": 1000.0}",cycloalkyl-alkyl-aryl,family_holdout,ee,1aj,29,1i|1am|1p|1ao|1ab|1af|1x|1u|1k|1e|1ac|1s|1aa|1y|1z|1v|1c|1o|1w|1t|1q|1ai|1b|1m|1ag|1n|1h|1j|1ah,7,10.462685192756481,1a|1ae|1d|1f|1g|1l|1r
4.865321265133183,,,cycloalkyl-alkyl-aryl,stage2p_plus_stage2pp,,3,cycloalkyl-alkyl-aryl,ridge_regression,65.0,65.0,,60.13467873486682,75.86150261277629,46.62143759260655,77.49213685161706,39.774192418648866,-4.865321265133183,"{""alpha"": 1000.0}",cycloalkyl-alkyl-aryl,family_holdout,ee,1ak,29,1i|1am|1p|1ao|1ab|1af|1x|1u|1k|1e|1ac|1s|1aa|1y|1z|1v|1c|1o|1w|1t|1q|1ai|1b|1m|1ag|1n|1h|1j|1ah,7,10.462685192756481,1a|1ae|1d|1f|1g|1l|1r
14.15863210568643,,,cycloalkyl-alkyl-aryl,stage2p_plus_stage2pp,,3,cycloalkyl-alkyl-aryl,ridge_regression,73.0,73.0,,58.84136789431357,74.56819177222305,45.3281267520533,76.19882601106382,38.48088157809562,-14.15863210568643,"{""alpha"": 1000.0}",cycloalkyl-alkyl-aryl,family_holdout,ee,1al,29,1i|1am|1p|1ao|1ab|1af|1x|1u|1k|1e|1ac|1s|1aa|1y|1z|1v|1c|1o|1w|1t|1q|1ai|1b|1m|1ag|1n|1h|1j|1ah,7,10.462685192756481,1a|1ae|1d|1f|1g|1l|1r
16.182207179087058,,,cycloalkyl-alkyl-aryl,stage2p_plus_stage2pp,,3,cycloalkyl-alkyl-aryl,elastic_net,44.0,44.0,,60.18220717908706,73.38220717908706,52.42184384308564,76.98220717908706,48.96850625802482,16.182207179087058,"{""alpha"": 1.0, ""l1_ratio"": 1.0}",cycloalkyl-alkyl-aryl,family_holdout,ee,1aj,29,1i|1am|1p|1ao|1ab|1af|1x|1u|1k|1e|1ac|1s|1aa|1y|1z|1v|1c|1o|1w|1t|1q|1ai|1b|1m|1ag|1n|1h|1j|1ah,7,8.389566430155387,1a|1ae|1d|1f|1g|1l|1r
16.948546957361955,,,cycloalkyl-alkyl-aryl,stage2p_plus_stage2pp,,3,cycloalkyl-alkyl-aryl,elastic_net,65.0,65.0,,81.94854695736196,95.14854695736196,74.18818362136054,98.74854695736195,70.73484603629971,16.948546957361955,"{""alpha"": 1.0, ""l1_ratio"": 1.0}",cycloalkyl-alkyl-aryl,family_holdout,ee,1ak,29,1i|1am|1p|1ao|1ab|1af|1x|1u|1k|1e|1ac|1s|1aa|1y|1z|1v|1c|1o|1w|1t|1q|1ai|1b|1m|1ag|1n|1h|1j|1ah,7,8.389566430155387,1a|1ae|1d|1f|1g|1l|1r
9.096788802198716,,,cycloalkyl-alkyl-aryl,stage2p_plus_stage2pp,,3,cycloalkyl-alkyl-aryl,elastic_net,73.0,73.0,,82.09678880219872,95.29678880219872,74.3364254661973,98.89678880219871,70.88308788113648,9.096788802198716,"{""alpha"": 1.0, ""l1_ratio"": 1.0}",cycloalkyl-alkyl-aryl,family_holdout,ee,1al,29,1i|1am|1p|1ao|1ab|1af|1x|1u|1k|1e|1ac|1s|1aa|1y|1z|1v|1c|1o|1w|1t|1q|1ai|1b|1m|1ag|1n|1h|1j|1ah,7,8.389566430155387,1a|1ae|1d|1f|1g|1l|1r
13.654320047516421,,,cycloalkyl-alkyl-aryl,stage2p_plus_stage2pp,,3,cycloalkyl-alkyl-aryl,lightgbm,44.0,44.0,,57.65432004751642,58.062147626935065,41.09617224235746,58.117471791460844,24.89215484297265,13.654320047516421,"{""learning_rate"": 0.03, ""n_estimators"": 75, ""num_leaves"": 7}",cycloalkyl-alkyl-aryl,family_holdout,ee,1aj,29,1i|1am|1p|1ao|1ab|1af|1x|1u|1k|1e|1ac|1s|1aa|1y|1z|1v|1c|1o|1w|1t|1q|1ai|1b|1m|1ag|1n|1h|1j|1ah,7,6.486123140631055,1a|1ae|1d|1f|1g|1l|1r
15.828911385528855,,,cycloalkyl-alkyl-aryl,stage2p_plus_stage2pp,,3,cycloalkyl-alkyl-aryl,lightgbm,65.0,65.0,,80.82891138552885,81.23673896494749,64.2707635803699,81.29206312947328,48.066746180985085,15.828911385528855,"{""learning_rate"": 0.03, ""n_estimators"": 75, ""num_leaves"": 7}",cycloalkyl-alkyl-aryl,family_holdout,ee,1ak,29,1i|1am|1p|1ao|1ab|1af|1x|1u|1k|1e|1ac|1s|1aa|1y|1z|1v|1c|1o|1w|1t|1q|1ai|1b|1m|1ag|1n|1h|1j|1ah,7,6.486123140631055,1a|1ae|1d|1f|1g|1l|1r
15.046032402012074,,,cycloalkyl-alkyl-aryl,stage2p_plus_stage2pp,,3,cycloalkyl-alkyl-aryl,lightgbm,73.0,73.0,,88.04603240201207,88.45385998143071,71.48788459685312,88.5091841459565,55.283867197468304,15.046032402012074,"{""learning_rate"": 0.03, ""n_estimators"": 75, ""num_leaves"": 7}",cycloalkyl-alkyl-aryl,family_holdout,ee,1al,29,1i|1am|1p|1ao|1ab|1af|1x|1u|1k|1e|1ac|1s|1aa|1y|1z|1v|1c|1o|1w|1t|1q|1ai|1b|1m|1ag|1n|1h|1j|1ah,7,6.486123140631055,1a|1ae|1d|1f|1g|1l|1r
34.79310344827586,120.05216038656211,37.53404650998961,cycloalkyl-alkyl-aryl,stage2p_plus_stage2pp,21.05053925422768,3,cycloalkyl-alkyl-aryl,gaussian_process,44.0,44.0,,78.79310344827586,87.18620689655172,66.18620692441434,100.2362068965517,65.73620690351737,34.79310344827586,"{""alpha"": 1e-05, ""kernel"": ""1**2 * RBF(length_scale=2) + WhiteKernel(noise_level=10)""}",cycloalkyl-alkyl-aryl,family_holdout,ee,1aj,29,1i|1am|1p|1ao|1ab|1af|1x|1u|1k|1e|1ac|1s|1aa|1y|1z|1v|1c|1o|1w|1t|1q|1ai|1b|1m|1ag|1n|1h|1j|1ah,7,12.576354673169002,1a|1ae|1d|1f|1g|1l|1r
13.793103448275858,120.05216038656211,37.53404650998961,cycloalkyl-alkyl-aryl,stage2p_plus_stage2pp,21.05053925422768,3,cycloalkyl-alkyl-aryl,gaussian_process,65.0,65.0,,78.79310344827586,87.18620689655172,66.18620692441434,100.2362068965517,65.73620690351737,13.793103448275858,"{""alpha"": 1e-05, ""kernel"": ""1**2 * RBF(length_scale=2) + WhiteKernel(noise_level=10)""}",cycloalkyl-alkyl-aryl,family_holdout,ee,1ak,29,1i|1am|1p|1ao|1ab|1af|1x|1u|1k|1e|1ac|1s|1aa|1y|1z|1v|1c|1o|1w|1t|1q|1ai|1b|1m|1ag|1n|1h|1j|1ah,7,12.576354673169002,1a|1ae|1d|1f|1g|1l|1r
5.793103448275858,120.05216038656211,37.53404650998961,cycloalkyl-alkyl-aryl,stage2p_plus_stage2pp,21.05053925422768,3,cycloalkyl-alkyl-aryl,gaussian_process,73.0,73.0,,78.79310344827586,87.18620689655172,66.18620692441434,100.2362068965517,65.73620690351737,5.793103448275858,"{""alpha"": 1e-05, ""kernel"": ""1**2 * RBF(length_scale=2) + WhiteKernel(noise_level=10)""}",cycloalkyl-alkyl-aryl,family_holdout,ee,1al,29,1i|1am|1p|1ao|1ab|1af|1x|1u|1k|1e|1ac|1s|1aa|1y|1z|1v|1c|1o|1w|1t|1q|1ai|1b|1m|1ag|1n|1h|1j|1ah,7,12.576354673169002,1a|1ae|1d|1f|1g|1l|1r
25.085565028026352,,,cycloalkyl-aryl,stage2p_plus_stage2pp,,1,cycloalkyl-aryl,ridge_regression,45.0,45.0,,70.08556502802635,92.09610299789418,59.8582278230647,95.88553249739506,54.87295136312883,25.085565028026352,"{""alpha"": 1000.0}",cycloalkyl-aryl,family_holdout,ee,1am,30,1i|1al|1u|1ao|1ab|1af|1x|1p|1l|1aa|1k|1s|1ac|1g|1y|1z|1c|1w|1t|1o|1q|1v|1ai|1b|1ag|1n|1j|1m|1ah|1d,8,10.944631693422611,1a|1ae|1aj|1ak|1e|1f|1h|1r
14.027506019624667,,,cycloalkyl-aryl,stage2p_plus_stage2pp,,1,cycloalkyl-aryl,elastic_net,45.0,45.0,,59.02750601962467,78.12968411581454,54.51190121939079,88.51215968897971,46.20848727673325,14.027506019624667,"{""alpha"": 1.0, ""l1_ratio"": 0.8}",cycloalkyl-aryl,family_holdout,ee,1am,30,1i|1al|1u|1ao|1ab|1af|1x|1p|1l|1aa|1k|1s|1ac|1g|1y|1z|1c|1w|1t|1o|1q|1v|1ai|1b|1ag|1n|1j|1m|1ah|1d,8,11.312213821274286,1a|1ae|1aj|1ak|1e|1f|1h|1r
30.255933713624742,,,cycloalkyl-aryl,stage2p_plus_stage2pp,,1,cycloalkyl-aryl,lightgbm,45.0,45.0,,75.25593371362474,94.31923632529632,71.92846706492874,105.22050483113793,71.73976109761017,30.255933713624742,"{""learning_rate"": 0.1, ""n_estimators"": 75, ""num_leaves"": 3}",cycloalkyl-aryl,family_holdout,ee,1am,30,1i|1al|1u|1ao|1ab|1af|1x|1p|1l|1aa|1k|1s|1ac|1g|1y|1z|1c|1w|1t|1o|1q|1v|1ai|1b|1ag|1n|1j|1m|1ah|1d,8,7.9643407567518665,1a|1ae|1aj|1ak|1e|1f|1h|1r
34.766666666666666,118.43260479512921,41.100728538204116,cycloalkyl-aryl,stage2p_plus_stage2pp,19.72751945329722,1,cycloalkyl-aryl,gaussian_process,45.0,45.0,,79.76666666666667,109.23333333333333,67.53333333333333,113.95833333333334,67.53333333333333,34.766666666666666,"{""alpha"": 1e-05, ""kernel"": ""1**2 * RBF(length_scale=2) + WhiteKernel(noise_level=10)""}",cycloalkyl-aryl,family_holdout,ee,1am,30,1i|1al|1u|1ao|1ab|1af|1x|1p|1l|1aa|1k|1s|1ac|1g|1y|1z|1c|1w|1t|1o|1q|1v|1ai|1b|1ag|1n|1j|1m|1ah|1d,8,16.68333332935257,1a|1ae|1aj|1ak|1e|1f|1h|1r
2.635604182256131,,,diaryl-ethyl-aryl-substituted,stage2p_plus_stage2pp,,12,diaryl-ethyl-aryl-substituted,ridge_regression,80.0,80.0,,82.63560418225613,100.33545452942671,67.43698409107421,101.81317458751899,63.23294972731766,2.635604182256131,"{""alpha"": 1000.0}",diaryl-ethyl-aryl-substituted,family_holdout,ee,1b,22,1am|1q|1ao|1ab|1af|1x|1s|1al|1y|1ac|1z|1w|1u|1aa|1v|1o|1t|1p|1ai|1ag|1n|1ah,5,12.410540418251113,1a|1ae|1aj|1ak|1r
16.870904996303338,,,diaryl-ethyl-aryl-substituted,stage2p_plus_stage2pp,,12,diaryl-ethyl-aryl-substituted,ridge_regression,92.0,92.0,,75.12909500369666,92.82894535086724,59.93047491251474,94.30666540895952,55.72644054875819,-16.870904996303338,"{""alpha"": 1000.0}",diaryl-ethyl-aryl-substituted,family_holdout,ee,1c,22,1am|1q|1ao|1ab|1af|1x|1s|1al|1y|1ac|1z|1w|1u|1aa|1v|1o|1t|1p|1ai|1ag|1n|1ah,5,12.410540418251113,1a|1ae|1aj|1ak|1r
17.613623701023684,,,diaryl-ethyl-aryl-substituted,stage2p_plus_stage2pp,,12,diaryl-ethyl-aryl-substituted,ridge_regression,90.0,90.0,,72.38637629897632,90.0862266461469,57.18775620779439,91.56394670423917,52.983721844037845,-17.613623701023684,"{""alpha"": 1000.0}",diaryl-ethyl-aryl-substituted,family_holdout,ee,1d,22,1am|1q|1ao|1ab|1af|1x|1s|1al|1y|1ac|1z|1w|1u|1aa|1v|1o|1t|1p|1ai|1ag|1n|1ah,5,12.410540418251113,1a|1ae|1aj|1ak|1r
5.481839182221336,,,diaryl-ethyl-aryl-substituted,stage2p_plus_stage2pp,,12,diaryl-ethyl-aryl-substituted,ridge_regression,92.0,92.0,,97.48183918222134,115.18168952939192,82.28321909103941,116.65940958748419,78.07918472728286,5.481839182221336,"{""alpha"": 1000.0}",diaryl-ethyl-aryl-substituted,family_holdout,ee,1e,22,1am|1q|1ao|1ab|1af|1x|1s|1al|1y|1ac|1z|1w|1u|1aa|1v|1o|1t|1p|1ai|1ag|1n|1ah,5,12.410540418251113,1a|1ae|1aj|1ak|1r
6.459939550533392,,,diaryl-ethyl-aryl-substituted,stage2p_plus_stage2pp,,12,diaryl-ethyl-aryl-substituted,ridge_regression,90.0,90.0,,83.54006044946661,101.23991079663719,68.34144035828469,102.71763085472946,64.13740599452814,-6.459939550533392,"{""alpha"": 1000.0}",diaryl-ethyl-aryl-substituted,family_holdout,ee,1f,22,1am|1q|1ao|1ab|1af|1x|1s|1al|1y|1ac|1z|1w|1u|1aa|1v|1o|1t|1p|1ai|1ag|1n|1ah,5,12.410540418251113,1a|1ae|1aj|1ak|1r
0.9276955475864526,,,diaryl-ethyl-aryl-substituted,stage2p_plus_stage2pp,,12,diaryl-ethyl-aryl-substituted,ridge_regression,90.0,90.0,,89.07230445241355,106.77215479958413,73.87368436123162,108.2498748576764,69.66964999747508,-0.9276955475864526,"{""alpha"": 1000.0}",diaryl-ethyl-aryl-substituted,family_holdout,ee,1g,22,1am|1q|1ao|1ab|1af|1x|1s|1al|1y|1ac|1z|1w|1u|1aa|1v|1o|1t|1p|1ai|1ag|1n|1ah,5,12.410540418251113,1a|1ae|1aj|1ak|1r
1.738749861653119,,,diaryl-ethyl-aryl-substituted,stage2p_plus_stage2pp,,12,diaryl-ethyl-aryl-substituted,ridge_regression,90.0,90.0,,88.26125013834688,105.96110048551746,73.06263004716496,107.43882054360974,68.85859568340841,-1.738749861653119,"{""alpha"": 1000.0}",diaryl-ethyl-aryl-substituted,family_holdout,ee,1h,22,1am|1q|1ao|1ab|1af|1x|1s|1al|1y|1ac|1z|1w|1u|1aa|1v|1o|1t|1p|1ai|1ag|1n|1ah,5,12.410540418251113,1a|1ae|1aj|1ak|1r
1.2272055899333338,,,diaryl-ethyl-aryl-substituted,stage2p_plus_stage2pp,,12,diaryl-ethyl-aryl-substituted,ridge_regression,73.0,73.0,,74.22720558993333,91.92705593710392,59.02858549875141,93.40477599519619,54.82455113499486,1.2272055899333338,"{""alpha"": 1000.0}",diaryl-ethyl-aryl-substituted,family_holdout,ee,1i,22,1am|1q|1ao|1ab|1af|1x|1s|1al|1y|1ac|1z|1w|1u|1aa|1v|1o|1t|1p|1ai|1ag|1n|1ah,5,12.410540418251113,1a|1ae|1aj|1ak|1r
22.30504734131138,,,diaryl-ethyl-aryl-substituted,stage2p_plus_stage2pp,,12,diaryl-ethyl-aryl-substituted,ridge_regression,95.0,95.0,,72.69495265868862,90.3948030058592,57.4963325675067,91.87252306395148,53.29229820375015,-22.30504734131138,"{""alpha"": 1000.0}",diaryl-ethyl-aryl-substituted,family_holdout,ee,1j,22,1am|1q|1ao|1ab|1af|1x|1s|1al|1y|1ac|1z|1w|1u|1aa|1v|1o|1t|1p|1ai|1ag|1n|1ah,5,12.410540418251113,1a|1ae|1aj|1ak|1r
18.875231985077022,,,diaryl-ethyl-aryl-substituted,stage2p_plus_stage2pp,,12,diaryl-ethyl-aryl-substituted,ridge_regression,95.0,95.0,,76.12476801492298,93.82461836209356,60.926147923741055,95.30233842018583,56.72211355998451,-18.875231985077022,"{""alpha"": 1000.0}",diaryl-ethyl-aryl-substituted,family_holdout,ee,1k,22,1am|1q|1ao|1ab|1af|1x|1s|1al|1y|1ac|1z|1w|1u|1aa|1v|1o|1t|1p|1ai|1ag|1n|1ah,5,12.410540418251113,1a|1ae|1aj|1ak|1r
18.0,,,diaryl-ethyl-aryl-substituted,stage2p_plus_stage2pp,,12,diaryl-ethyl-aryl-substituted,ridge_regression,82.0,82.0,,100.0,117.69985034717058,84.80137990881808,119.17757040526286,80.59734554506153,18.0,"{""alpha"": 1000.0}",diaryl-ethyl-aryl-substituted,family_holdout,ee,1l,22,1am|1q|1ao|1ab|1af|1x|1s|1al|1y|1ac|1z|1w|1u|1aa|1v|1o|1t|1p|1ai|1ag|1n|1ah,5,12.410540418251113,1a|1ae|1aj|1ak|1r
6.0,,,diaryl-ethyl-aryl-substituted,stage2p_plus_stage2pp,,12,diaryl-ethyl-aryl-substituted,ridge_regression,94.0,94.0,,100.0,117.69985034717058,84.80137990881808,119.17757040526286,80.59734554506153,6.0,"{""alpha"": 1000.0}",diaryl-ethyl-aryl-substituted,family_holdout,ee,1m,22,1am|1q|1ao|1ab|1af|1x|1s|1al|1y|1ac|1z|1w|1u|1aa|1v|1o|1t|1p|1ai|1ag|1n|1ah,5,12.410540418251113,1a|1ae|1aj|1ak|1r
1.6127826783924348,,,diaryl-ethyl-aryl-substituted,stage2p_plus_stage2pp,,12,diaryl-ethyl-aryl-substituted,elastic_net,80.0,80.0,,78.38721732160757,82.71020431469644,64.84305905156793,82.88667559086039,59.47615520207593,-1.6127826783924348,"{""alpha"": 1.0, ""l1_ratio"": 1.0}",diaryl-ethyl-aryl-substituted,family_holdout,ee,1b,22,1am|1q|1ao|1ab|1af|1x|1s|1al|1y|1ac|1z|1w|1u|1aa|1v|1o|1t|1p|1ai|1ag|1n|1ah,5,7.168624739630829,1a|1ae|1aj|1ak|1r
30.318138766014755,,,diaryl-ethyl-aryl-substituted,stage2p_plus_stage2pp,,12,diaryl-ethyl-aryl-substituted,elastic_net,92.0,92.0,,61.681861233985245,66.00484822707412,48.137702963945614,66.18131950323807,42.77079911445361,-30.318138766014755,"{""alpha"": 1.0, ""l1_ratio"": 1.0}",diaryl-ethyl-aryl-substituted,family_holdout,ee,1c,22,1am|1q|1ao|1ab|1af|1x|1s|1al|1y|1ac|1z|1w|1u|1aa|1v|1o|1t|1p|1ai|1ag|1n|1ah,5,7.168624739630829,1a|1ae|1aj|1ak|1r
52.29645815529869,,,diaryl-ethyl-aryl-substituted,stage2p_plus_stage2pp,,12,diaryl-ethyl-aryl-substituted,elastic_net,90.0,90.0,,37.70354184470131,42.026528837790195,24.159383574661682,42.20300011395415,18.79247972516968,-52.29645815529869,"{""alpha"": 1.0, ""l1_ratio"": 1.0}",diaryl-ethyl-aryl-substituted,family_holdout,ee,1d,22,1am|1q|1ao|1ab|1af|1x|1s|1al|1y|1ac|1z|1w|1u|1aa|1v|1o|1t|1p|1ai|1ag|1n|1ah,5,7.168624739630829,1a|1ae|1aj|1ak|1r
7.9803947119589935,,,diaryl-ethyl-aryl-substituted,stage2p_plus_stage2pp,,12,diaryl-ethyl-aryl-substituted,elastic_net,92.0,92.0,,99.980394711959,104.30338170504787,86.43623644191936,104.47985298121182,81.06933259242736,7.9803947119589935,"{""alpha"": 1.0, ""l1_ratio"": 1.0}",diaryl-ethyl-aryl-substituted,family_holdout,ee,1e,22,1am|1q|1ao|1ab|1af|1x|1s|1al|1y|1ac|1z|1w|1u|1aa|1v|1o|1t|1p|1ai|1ag|1n|1ah,5,7.168624739630829,1a|1ae|1aj|1ak|1r
1.2949444266880334,,,diaryl-ethyl-aryl-substituted,stage2p_plus_stage2pp,,12,diaryl-ethyl-aryl-substituted,elastic_net,90.0,90.0,,88.70505557331197,93.02804256640084,75.16089730327234,93.2045138425648,69.79399345378033,-1.2949444266880334,"{""alpha"": 1.0, ""l1_ratio"": 1.0}",diaryl-ethyl-aryl-substituted,family_holdout,ee,1f,22,1am|1q|1ao|1ab|1af|1x|1s|1al|1y|1ac|1z|1w|1u|1aa|1v|1o|1t|1p|1ai|1ag|1n|1ah,5,7.168624739630829,1a|1ae|1aj|1ak|1r
22.154424488952316,,,diaryl-ethyl-aryl-substituted,stage2p_plus_stage2pp,,12,diaryl-ethyl-aryl-substituted,elastic_net,90.0,90.0,,67.84557551104768,72.16856250413656,54.30141724100805,72.34503378030051,48.93451339151605,-22.154424488952316,"{""alpha"": 1.0, ""l1_ratio"": 1.0}",diaryl-ethyl-aryl-substituted,family_holdout,ee,1g,22,1am|1q|1ao|1ab|1af|1x|1s|1al|1y|1ac|1z|1w|1u|1aa|1v|1o|1t|1p|1ai|1ag|1n|1ah,5,7.168624739630829,1a|1ae|1aj|1ak|1r
0.27641673756639307,,,diaryl-ethyl-aryl-substituted,stage2p_plus_stage2pp,,12,diaryl-ethyl-aryl-substituted,elastic_net,90.0,90.0,,89.7235832624336,94.04657025552248,76.17942499239398,94.22304153168643,70.81252114290197,-0.27641673756639307,"{""alpha"": 1.0, ""l1_ratio"": 1.0}",diaryl-ethyl-aryl-substituted,family_holdout,ee,1h,22,1am|1q|1ao|1ab|1af|1x|1s|1al|1y|1ac|1z|1w|1u|1aa|1v|1o|1t|1p|1ai|1ag|1n|1ah,5,7.168624739630829,1a|1ae|1aj|1ak|1r
25.281869814291127,,,diaryl-ethyl-aryl-substituted,stage2p_plus_stage2pp,,12,diaryl-ethyl-aryl-substituted,elastic_net,73.0,73.0,,47.71813018570887,52.041117178797755,34.17397191566924,52.21758845496171,28.80706806617724,-25.281869814291127,"{""alpha"": 1.0, ""l1_ratio"": 1.0}",diaryl-ethyl-aryl-substituted,family_holdout,ee,1i,22,1am|1q|1ao|1ab|1af|1x|1s|1al|1y|1ac|1z|1w|1u|1aa|1v|1o|1t|1p|1ai|1ag|1n|1ah,5,7.168624739630829,1a|1ae|1aj|1ak|1r
49.44495399768126,,,diaryl-ethyl-aryl-substituted,stage2p_plus_stage2pp,,12,diaryl-ethyl-aryl-substituted,elastic_net,95.0,95.0,,45.55504600231874,49.87803299540762,32.01088773227911,50.054504271571574,26.643983882787108,-49.44495399768126,"{""alpha"": 1.0, ""l1_ratio"": 1.0}",diaryl-ethyl-aryl-substituted,family_holdout,ee,1j,22,1am|1q|1ao|1ab|1af|1x|1s|1al|1y|1ac|1z|1w|1u|1aa|1v|1o|1t|1p|1ai|1ag|1n|1ah,5,7.168624739630829,1a|1ae|1aj|1ak|1r
73.15082107152925,,,diaryl-ethyl-aryl-substituted,stage2p_plus_stage2pp,,12,diaryl-ethyl-aryl-substituted,elastic_net,95.0,95.0,,21.84917892847075,26.17216592155963,8.305020658431118,26.348637197723583,2.9381168089391174,-73.15082107152925,"{""alpha"": 1.0, ""l1_ratio"": 1.0}",diaryl-ethyl-aryl-substituted,family_holdout,ee,1k,22,1am|1q|1ao|1ab|1af|1x|1s|1al|1y|1ac|1z|1w|1u|1aa|1v|1o|1t|1p|1ai|1ag|1n|1ah,5,7.168624739630829,1a|1ae|1aj|1ak|1r
18.0,,,diaryl-ethyl-aryl-substituted,stage2p_plus_stage2pp,,12,diaryl-ethyl-aryl-substituted,elastic_net,82.0,82.0,,100.0,104.32298699308888,86.45584172996037,104.49945826925283,81.08893788046836,18.0,"{""alpha"": 1.0, ""l1_ratio"": 1.0}",diaryl-ethyl-aryl-substituted,family_holdout,ee,1l,22,1am|1q|1ao|1ab|1af|1x|1s|1al|1y|1ac|1z|1w|1u|1aa|1v|1o|1t|1p|1ai|1ag|1n|1ah,5,7.168624739630829,1a|1ae|1aj|1ak|1r
29.33562547256335,,,diaryl-ethyl-aryl-substituted,stage2p_plus_stage2pp,,12,diaryl-ethyl-aryl-substituted,elastic_net,94.0,94.0,,64.66437452743665,68.98736152052552,51.12021625739702,69.16383279668948,45.753312407905014,-29.33562547256335,"{""alpha"": 1.0, ""l1_ratio"": 1.0}",diaryl-ethyl-aryl-substituted,family_holdout,ee,1m,22,1am|1q|1ao|1ab|1af|1x|1s|1al|1y|1ac|1z|1w|1u|1aa|1v|1o|1t|1p|1ai|1ag|1n|1ah,5,7.168624739630829,1a|1ae|1aj|1ak|1r
2.789964850540059,,,diaryl-ethyl-aryl-substituted,stage2p_plus_stage2pp,,12,diaryl-ethyl-aryl-substituted,lightgbm,80.0,80.0,,82.78996485054006,92.57923241094699,71.15958841573742,95.0586527924355,66.05907088960143,2.789964850540059,"{""learning_rate"": 0.1, ""n_estimators"": 25, ""num_leaves"": 3}",diaryl-ethyl-aryl-substituted,family_holdout,ee,1b,22,1am|1q|1ao|1ab|1af|1x|1s|1al|1y|1ac|1z|1w|1u|1aa|1v|1o|1t|1p|1ai|1ag|1n|1ah,5,8.143693478669068,1a|1ae|1aj|1ak|1r
25.060966210305168,,,diaryl-ethyl-aryl-substituted,stage2p_plus_stage2pp,,12,diaryl-ethyl-aryl-substituted,lightgbm,92.0,92.0,,66.93903378969483,76.72830135010176,55.30865735489219,79.20772173159027,50.2081398287562,-25.060966210305168,"{""learning_rate"": 0.1, ""n_estimators"": 25, ""num_leaves"": 3}",diaryl-ethyl-aryl-substituted,family_holdout,ee,1c,22,1am|1q|1ao|1ab|1af|1x|1s|1al|1y|1ac|1z|1w|1u|1aa|1v|1o|1t|1p|1ai|1ag|1n|1ah,5,8.143693478669068,1a|1ae|1aj|1ak|1r
26.56374670722532,,,diaryl-ethyl-aryl-substituted,stage2p_plus_stage2pp,,12,diaryl-ethyl-aryl-substituted,lightgbm,90.0,90.0,,63.43625329277468,73.2255208531816,51.80587685797204,75.70494123467012,46.70535933183605,-26.56374670722532,"{""learning_rate"": 0.1, ""n_estimators"": 25, ""num_leaves"": 3}",diaryl-ethyl-aryl-substituted,family_holdout,ee,1d,22,1am|1q|1ao|1ab|1af|1x|1s|1al|1y|1ac|1z|1w|1u|1aa|1v|1o|1t|1p|1ai|1ag|1n|1ah,5,8.143693478669068,1a|1ae|1aj|1ak|1r
4.8023020697582695,,,diaryl-ethyl-aryl-substituted,stage2p_plus_stage2pp,,12,diaryl-ethyl-aryl-substituted,lightgbm,92.0,92.0,,87.19769793024173,96.98696549064866,75.56732149543909,99.46638587213717,70.4668039693031,-4.8023020697582695,"{""learning_rate"": 0.1, ""n_estimators"": 25, ""num_leaves"": 3}",diaryl-ethyl-aryl-substituted,family_holdout,ee,1e,22,1am|1q|1ao|1ab|1af|1x|1s|1al|1y|1ac|1z|1w|1u|1aa|1v|1o|1t|1p|1ai|1ag|1n|1ah,5,8.143693478669068,1a|1ae|1aj|1ak|1r
16.2317758407207,,,diaryl-ethyl-aryl-substituted,stage2p_plus_stage2pp,,12,diaryl-ethyl-aryl-substituted,lightgbm,90.0,90.0,,73.7682241592793,83.55749171968623,62.13784772447666,86.03691210117474,57.03733019834067,-16.2317758407207,"{""learning_rate"": 0.1, ""n_estimators"": 25, ""num_leaves"": 3}",diaryl-ethyl-aryl-substituted,family_holdout,ee,1f,22,1am|1q|1ao|1ab|1af|1x|1s|1al|1y|1ac|1z|1w|1u|1aa|1v|1o|1t|1p|1ai|1ag|1n|1ah,5,8.143693478669068,1a|1ae|1aj|1ak|1r
16.43106646965063,,,diaryl-ethyl-aryl-substituted,stage2p_plus_stage2pp,,12,diaryl-ethyl-aryl-substituted,lightgbm,90.0,90.0,,73.56893353034937,83.3582010907563,61.93855709554673,85.8376214722448,56.83803956941074,-16.43106646965063,"{""learning_rate"": 0.1, ""n_estimators"": 25, ""num_leaves"": 3}",diaryl-ethyl-aryl-substituted,family_holdout,ee,1g,22,1am|1q|1ao|1ab|1af|1x|1s|1al|1y|1ac|1z|1w|1u|1aa|1v|1o|1t|1p|1ai|1ag|1n|1ah,5,8.143693478669068,1a|1ae|1aj|1ak|1r
11.067365264322518,,,diaryl-ethyl-aryl-substituted,stage2p_plus_stage2pp,,12,diaryl-ethyl-aryl-substituted,lightgbm,90.0,90.0,,78.93263473567748,88.72190229608441,67.30225830087484,91.20132267757292,62.20174077473885,-11.067365264322518,"{""learning_rate"": 0.1, ""n_estimators"": 25, ""num_leaves"": 3}",diaryl-ethyl-aryl-substituted,family_holdout,ee,1h,22,1am|1q|1ao|1ab|1af|1x|1s|1al|1y|1ac|1z|1w|1u|1aa|1v|1o|1t|1p|1ai|1ag|1n|1ah,5,8.143693478669068,1a|1ae|1aj|1ak|1r
13.51321010380098,,,diaryl-ethyl-aryl-substituted,stage2p_plus_stage2pp,,12,diaryl-ethyl-aryl-substituted,lightgbm,73.0,73.0,,59.48678989619902,69.27605745660595,47.856413461396386,71.75547783809446,42.755895935260384,-13.51321010380098,"{""learning_rate"": 0.1, ""n_estimators"": 25, ""num_leaves"": 3}",diaryl-ethyl-aryl-substituted,family_holdout,ee,1i,22,1am|1q|1ao|1ab|1af|1x|1s|1al|1y|1ac|1z|1w|1u|1aa|1v|1o|1t|1p|1ai|1ag|1n|1ah,5,8.143693478669068,1a|1ae|1aj|1ak|1r
7.369868526600428,,,diaryl-ethyl-aryl-substituted,stage2p_plus_stage2pp,,12,diaryl-ethyl-aryl-substituted,lightgbm,95.0,95.0,,87.63013147339957,97.4193990338065,75.99975503859693,99.89881941529501,70.89923751246094,-7.369868526600428,"{""learning_rate"": 0.1, ""n_estimators"": 25, ""num_leaves"": 3}",diaryl-ethyl-aryl-substituted,family_holdout,ee,1j,22,1am|1q|1ao|1ab|1af|1x|1s|1al|1y|1ac|1z|1w|1u|1aa|1v|1o|1t|1p|1ai|1ag|1n|1ah,5,8.143693478669068,1a|1ae|1aj|1ak|1r
9.777770158659791,,,diaryl-ethyl-aryl-substituted,stage2p_plus_stage2pp,,12,diaryl-ethyl-aryl-substituted,lightgbm,95.0,95.0,,85.22222984134021,95.01149740174714,73.59185340653757,97.49091778323564,68.49133588040158,-9.777770158659791,"{""learning_rate"": 0.1, ""n_estimators"": 25, ""num_leaves"": 3}",diaryl-ethyl-aryl-substituted,family_holdout,ee,1k,22,1am|1q|1ao|1ab|1af|1x|1s|1al|1y|1ac|1z|1w|1u|1aa|1v|1o|1t|1p|1ai|1ag|1n|1ah,5,8.143693478669068,1a|1ae|1aj|1ak|1r
3.8839971096576846,,,diaryl-ethyl-aryl-substituted,stage2p_plus_stage2pp,,12,diaryl-ethyl-aryl-substituted,lightgbm,82.0,82.0,,78.11600289034232,87.90527045074924,66.48562645553967,90.38469083223775,61.385108929403685,-3.8839971096576846,"{""learning_rate"": 0.1, ""n_estimators"": 25, ""num_leaves"": 3}",diaryl-ethyl-aryl-substituted,family_holdout,ee,1l,22,1am|1q|1ao|1ab|1af|1x|1s|1al|1y|1ac|1z|1w|1u|1aa|1v|1o|1t|1p|1ai|1ag|1n|1ah,5,8.143693478669068,1a|1ae|1aj|1ak|1r
23.603016393540614,,,diaryl-ethyl-aryl-substituted,stage2p_plus_stage2pp,,12,diaryl-ethyl-aryl-substituted,lightgbm,94.0,94.0,,70.39698360645939,80.18625116686631,58.766607171656744,82.66567154835482,53.666089645520756,-23.603016393540614,"{""learning_rate"": 0.1, ""n_estimators"": 25, ""num_leaves"": 3}",diaryl-ethyl-aryl-substituted,family_holdout,ee,1m,22,1am|1q|1ao|1ab|1af|1x|1s|1al|1y|1ac|1z|1w|1u|1aa|1v|1o|1t|1p|1ai|1ag|1n|1ah,5,8.143693478669068,1a|1ae|1aj|1ak|1r
5.13636363636364,119.24187208088591,30.485400646386815,diaryl-ethyl-aryl-substituted,stage2p_plus_stage2pp,22.641956998596708,12,diaryl-ethyl-aryl-substituted,gaussian_process,80.0,80.0,,74.86363636363636,102.12727272727273,58.12727279517542,104.82727272727271,57.8272727442484,-5.13636363636364,"{""alpha"": 1e-05, ""kernel"": ""1**2 * RBF(length_scale=2) + WhiteKernel(noise_level=10)""}",diaryl-ethyl-aryl-substituted,family_holdout,ee,1b,22,1am|1q|1ao|1ab|1af|1x|1s|1al|1y|1ac|1z|1w|1u|1aa|1v|1o|1t|1p|1ai|1ag|1n|1ah,5,19.17272723877575,1a|1ae|1aj|1ak|1r
17.13636363636364,119.24187208088591,30.485400646386815,diaryl-ethyl-aryl-substituted,stage2p_plus_stage2pp,22.641956998596708,12,diaryl-ethyl-aryl-substituted,gaussian_process,92.0,92.0,,74.86363636363636,102.12727272727273,58.12727279517542,104.82727272727271,57.8272727442484,-17.13636363636364,"{""alpha"": 1e-05, ""kernel"": ""1**2 * RBF(length_scale=2) + WhiteKernel(noise_level=10)""}",diaryl-ethyl-aryl-substituted,family_holdout,ee,1c,22,1am|1q|1ao|1ab|1af|1x|1s|1al|1y|1ac|1z|1w|1u|1aa|1v|1o|1t|1p|1ai|1ag|1n|1ah,5,19.17272723877575,1a|1ae|1aj|1ak|1r
15.13636363636364,119.24187208088591,30.485400646386815,diaryl-ethyl-aryl-substituted,stage2p_plus_stage2pp,22.641956998596708,12,diaryl-ethyl-aryl-substituted,gaussian_process,90.0,90.0,,74.86363636363636,102.12727272727273,58.12727279517542,104.82727272727271,57.8272727442484,-15.13636363636364,"{""alpha"": 1e-05, ""kernel"": ""1**2 * RBF(length_scale=2) + WhiteKernel(noise_level=10)""}",diaryl-ethyl-aryl-substituted,family_holdout,ee,1d,22,1am|1q|1ao|1ab|1af|1x|1s|1al|1y|1ac|1z|1w|1u|1aa|1v|1o|1t|1p|1ai|1ag|1n|1ah,5,19.17272723877575,1a|1ae|1aj|1ak|1r
17.13636363636364,119.24187208088591,30.485400646386815,diaryl-ethyl-aryl-substituted,stage2p_plus_stage2pp,22.641956998596708,12,diaryl-ethyl-aryl-substituted,gaussian_process,92.0,92.0,,74.86363636363636,102.12727272727273,58.12727279517542,104.82727272727271,57.8272727442484,-17.13636363636364,"{""alpha"": 1e-05, ""kernel"": ""1**2 * RBF(length_scale=2) + WhiteKernel(noise_level=10)""}",diaryl-ethyl-aryl-substituted,family_holdout,ee,1e,22,1am|1q|1ao|1ab|1af|1x|1s|1al|1y|1ac|1z|1w|1u|1aa|1v|1o|1t|1p|1ai|1ag|1n|1ah,5,19.17272723877575,1a|1ae|1aj|1ak|1r
15.13636363636364,119.24187208088591,30.485400646386815,diaryl-ethyl-aryl-substituted,stage2p_plus_stage2pp,22.641956998596708,12,diaryl-ethyl-aryl-substituted,gaussian_process,90.0,90.0,,74.86363636363636,102.12727272727273,58.12727279517542,104.82727272727271,57.8272727442484,-15.13636363636364,"{""alpha"": 1e-05, ""kernel"": ""1**2 * RBF(length_scale=2) + WhiteKernel(noise_level=10)""}",diaryl-ethyl-aryl-substituted,family_holdout,ee,1f,22,1am|1q|1ao|1ab|1af|1x|1s|1al|1y|1ac|1z|1w|1u|1aa|1v|1o|1t|1p|1ai|1ag|1n|1ah,5,19.17272723877575,1a|1ae|1aj|1ak|1r
15.13636363636364,119.24187208088591,30.485400646386815,diaryl-ethyl-aryl-substituted,stage2p_plus_stage2pp,22.641956998596708,12,diaryl-ethyl-aryl-substituted,gaussian_process,90.0,90.0,,74.86363636363636,102.12727272727273,58.12727279517542,104.82727272727271,57.8272727442484,-15.13636363636364,"{""alpha"": 1e-05, ""kernel"": ""1**2 * RBF(length_scale=2) + WhiteKernel(noise_level=10)""}",diaryl-ethyl-aryl-substituted,family_holdout,ee,1g,22,1am|1q|1ao|1ab|1af|1x|1s|1al|1y|1ac|1z|1w|1u|1aa|1v|1o|1t|1p|1ai|1ag|1n|1ah,5,19.17272723877575,1a|1ae|1aj|1ak|1r
15.13636363636364,119.24187208088591,30.485400646386815,diaryl-ethyl-aryl-substituted,stage2p_plus_stage2pp,22.641956998596708,12,diaryl-ethyl-aryl-substituted,gaussian_process,90.0,90.0,,74.86363636363636,102.12727272727273,58.12727279517542,104.82727272727271,57.8272727442484,-15.13636363636364,"{""alpha"": 1e-05, ""kernel"": ""1**2 * RBF(length_scale=2) + WhiteKernel(noise_level=10)""}",diaryl-ethyl-aryl-substituted,family_holdout,ee,1h,22,1am|1q|1ao|1ab|1af|1x|1s|1al|1y|1ac|1z|1w|1u|1aa|1v|1o|1t|1p|1ai|1ag|1n|1ah,5,19.17272723877575,1a|1ae|1aj|1ak|1r
1.8636363636363598,119.24187208088591,30.485400646386815,diaryl-ethyl-aryl-substituted,stage2p_plus_stage2pp,22.641956998596708,12,diaryl-ethyl-aryl-substituted,gaussian_process,73.0,73.0,,74.86363636363636,102.12727272727273,58.12727279517542,104.82727272727271,57.8272727442484,1.8636363636363598,"{""alpha"": 1e-05, ""kernel"": ""1**2 * RBF(length_scale=2) + WhiteKernel(noise_level=10)""}",diaryl-ethyl-aryl-substituted,family_holdout,ee,1i,22,1am|1q|1ao|1ab|1af|1x|1s|1al|1y|1ac|1z|1w|1u|1aa|1v|1o|1t|1p|1ai|1ag|1n|1ah,5,19.17272723877575,1a|1ae|1aj|1ak|1r
20.13636363636364,119.24187208088591,30.485400646386815,diaryl-ethyl-aryl-substituted,stage2p_plus_stage2pp,22.641956998596708,12,diaryl-ethyl-aryl-substituted,gaussian_process,95.0,95.0,,74.86363636363636,102.12727272727273,58.12727279517542,104.82727272727271,57.8272727442484,-20.13636363636364,"{""alpha"": 1e-05, ""kernel"": ""1**2 * RBF(length_scale=2) + WhiteKernel(noise_level=10)""}",diaryl-ethyl-aryl-substituted,family_holdout,ee,1j,22,1am|1q|1ao|1ab|1af|1x|1s|1al|1y|1ac|1z|1w|1u|1aa|1v|1o|1t|1p|1ai|1ag|1n|1ah,5,19.17272723877575,1a|1ae|1aj|1ak|1r
20.13636363636364,119.24187208088591,30.485400646386815,diaryl-ethyl-aryl-substituted,stage2p_plus_stage2pp,22.641956998596708,12,diaryl-ethyl-aryl-substituted,gaussian_process,95.0,95.0,,74.86363636363636,102.12727272727273,58.12727279517542,104.82727272727271,57.8272727442484,-20.13636363636364,"{""alpha"": 1e-05, ""kernel"": ""1**2 * RBF(length_scale=2) + WhiteKernel(noise_level=10)""}",diaryl-ethyl-aryl-substituted,family_holdout,ee,1k,22,1am|1q|1ao|1ab|1af|1x|1s|1al|1y|1ac|1z|1w|1u|1aa|1v|1o|1t|1p|1ai|1ag|1n|1ah,5,19.17272723877575,1a|1ae|1aj|1ak|1r
7.13636363636364,119.24187208088591,30.485400646386815,diaryl-ethyl-aryl-substituted,stage2p_plus_stage2pp,22.641956998596708,12,diaryl-ethyl-aryl-substituted,gaussian_process,82.0,82.0,,74.86363636363636,102.12727272727273,58.12727279517542,104.82727272727271,57.8272727442484,-7.13636363636364,"{""alpha"": 1e-05, ""kernel"": ""1**2 * RBF(length_scale=2) + WhiteKernel(noise_level=10)""}",diaryl-ethyl-aryl-substituted,family_holdout,ee,1l,22,1am|1q|1ao|1ab|1af|1x|1s|1al|1y|1ac|1z|1w|1u|1aa|1v|1o|1t|1p|1ai|1ag|1n|1ah,5,19.17272723877575,1a|1ae|1aj|1ak|1r
19.13636363636364,119.24187208088591,30.485400646386815,diaryl-ethyl-aryl-substituted,stage2p_plus_stage2pp,22.641956998596708,12,diaryl-ethyl-aryl-substituted,gaussian_process,94.0,94.0,,74.86363636363636,102.12727272727273,58.12727279517542,104.82727272727271,57.8272727442484,-19.13636363636364,"{""alpha"": 1e-05, ""kernel"": ""1**2 * RBF(length_scale=2) + WhiteKernel(noise_level=10)""}",diaryl-ethyl-aryl-substituted,family_holdout,ee,1m,22,1am|1q|1ao|1ab|1af|1x|1s|1al|1y|1ac|1z|1w|1u|1aa|1v|1o|1t|1p|1ai|1ag|1n|1ah,5,19.17272723877575,1a|1ae|1aj|1ak|1r
24.783507906642967,,,diaryl-ethyl-parent,stage2p_plus_stage2pp,,1,diaryl-ethyl-parent,ridge_regression,92.0,92.0,,67.21649209335703,74.1647947691615,56.50081695903222,82.01979611205851,52.170516538060006,-24.783507906642967,"{""alpha"": 1000.0}",diaryl-ethyl-parent,family_holdout,ee,1a,30,1am|1i|1p|1ao|1ab|1af|1x|1u|1l|1aj|1aa|1k|1s|1ac|1g|1y|1z|1c|1w|1t|1o|1q|1v|1ai|1b|1ag|1n|1j|1m|1ah,8,8.292441338486249,1ae|1ak|1al|1d|1e|1f|1h|1r
33.5248813879089,,,diaryl-ethyl-parent,stage2p_plus_stage2pp,,1,diaryl-ethyl-parent,elastic_net,92.0,92.0,,58.4751186120911,69.8064622080457,56.0719596326243,72.13631350096624,55.72533051088331,-33.5248813879089,"{""alpha"": 0.1, ""l1_ratio"": 1.0}",diaryl-ethyl-parent,family_holdout,ee,1a,30,1am|1i|1p|1ao|1ab|1af|1x|1u|1l|1aj|1aa|1k|1s|1ac|1g|1y|1z|1c|1w|1t|1o|1q|1v|1ai|1b|1ag|1n|1j|1m|1ah,8,6.362201039983903,1ae|1ak|1al|1d|1e|1f|1h|1r
2.9917874611068527,,,diaryl-ethyl-parent,stage2p_plus_stage2pp,,1,diaryl-ethyl-parent,lightgbm,92.0,92.0,,89.00821253889315,102.71041665079139,72.93717728899858,105.20990619104272,50.176951732355306,-2.9917874611068527,"{""learning_rate"": 0.1, ""n_estimators"": 25, ""num_leaves"": 3}",diaryl-ethyl-parent,family_holdout,ee,1a,30,1am|1i|1p|1ao|1ab|1af|1x|1u|1l|1aj|1aa|1k|1s|1ac|1g|1y|1z|1c|1w|1t|1o|1q|1v|1ai|1b|1ag|1n|1j|1m|1ah,8,11.598562017592432,1ae|1ak|1al|1d|1e|1f|1h|1r
14.700000000000003,119.3832322917832,35.216767708216786,diaryl-ethyl-parent,stage2p_plus_stage2pp,21.471036883562864,1,diaryl-ethyl-parent,gaussian_process,92.0,92.0,,77.3,93.19999999999999,63.30000008021369,99.5,62.77500002005342,-14.700000000000003,"{""alpha"": 1e-05, ""kernel"": ""1**2 * RBF(length_scale=2) + WhiteKernel(noise_level=10)""}",diaryl-ethyl-parent,family_holdout,ee,1a,30,1am|1i|1p|1ao|1ab|1af|1x|1u|1l|1aj|1aa|1k|1s|1ac|1g|1y|1z|1c|1w|1t|1o|1q|1v|1ai|1b|1ag|1n|1j|1m|1ah,8,13.424999985676125,1ae|1ak|1al|1d|1e|1f|1h|1r
1.1010705972995538,,,nitrogen-heteroaryl,stage2p_plus_stage2pp,,3,nitrogen-heteroaryl,ridge_regression,88.0,88.0,,89.10107059729955,95.6692383644924,74.47624813598587,98.69391353529439,73.29314108414695,1.1010705972995538,"{""alpha"": 10.0}",nitrogen-heteroaryl,family_holdout,ee,1aa,29,1am|1i|1p|1ao|1af|1x|1u|1l|1aj|1k|1o|1s|1ac|1f|1y|1v|1w|1t|1b|1q|1h|1ai|1ag|1n|1m|1j|1ah|1c|1e,7,7.0223082937361285,1a|1ae|1ak|1al|1d|1g|1r
30.624487119291743,,,nitrogen-heteroaryl,stage2p_plus_stage2pp,,3,nitrogen-heteroaryl,ridge_regression,95.0,95.0,,64.37551288070826,70.9436806479011,49.75069041939457,73.96835581870309,48.567583367555656,-30.624487119291743,"{""alpha"": 10.0}",nitrogen-heteroaryl,family_holdout,ee,1ab,29,1am|1i|1p|1ao|1af|1x|1u|1l|1aj|1k|1o|1s|1ac|1f|1y|1v|1w|1t|1b|1q|1h|1ai|1ag|1n|1m|1j|1ah|1c|1e,7,7.0223082937361285,1a|1ae|1ak|1al|1d|1g|1r
79.74598466660436,,,nitrogen-heteroaryl,stage2p_plus_stage2pp,,3,nitrogen-heteroaryl,ridge_regression,0.0,0.0,,79.74598466660436,86.3141524337972,65.12116220529067,89.33882760459919,63.93805515345176,79.74598466660436,"{""alpha"": 10.0}",nitrogen-heteroaryl,family_holdout,ee,1z,29,1am|1i|1p|1ao|1af|1x|1u|1l|1aj|1k|1o|1s|1ac|1f|1y|1v|1w|1t|1b|1q|1h|1ai|1ag|1n|1m|1j|1ah|1c|1e,7,7.0223082937361285,1a|1ae|1ak|1al|1d|1g|1r
3.847768306257251,,,nitrogen-heteroaryl,stage2p_plus_stage2pp,,3,nitrogen-heteroaryl,elastic_net,88.0,88.0,,91.84776830625725,98.50455208523458,85.72608034709728,99.67776082900433,83.63889254132764,3.847768306257251,"{""alpha"": 1.0, ""l1_ratio"": 1.0}",nitrogen-heteroaryl,family_holdout,ee,1aa,29,1am|1i|1p|1ao|1af|1x|1u|1l|1aj|1k|1o|1s|1ac|1f|1y|1v|1w|1t|1b|1q|1h|1ai|1ag|1n|1m|1j|1ah|1c|1e,7,4.748804128052683,1a|1ae|1ak|1al|1d|1g|1r
29.748420423640397,,,nitrogen-heteroaryl,stage2p_plus_stage2pp,,3,nitrogen-heteroaryl,elastic_net,95.0,95.0,,65.2515795763596,71.90836335533693,59.12989161719963,73.08157209910668,57.042703811429995,-29.748420423640397,"{""alpha"": 1.0, ""l1_ratio"": 1.0}",nitrogen-heteroaryl,family_holdout,ee,1ab,29,1am|1i|1p|1ao|1af|1x|1u|1l|1aj|1k|1o|1s|1ac|1f|1y|1v|1w|1t|1b|1q|1h|1ai|1ag|1n|1m|1j|1ah|1c|1e,7,4.748804128052683,1a|1ae|1ak|1al|1d|1g|1r
88.88418282892081,,,nitrogen-heteroaryl,stage2p_plus_stage2pp,,3,nitrogen-heteroaryl,elastic_net,0.0,0.0,,88.88418282892081,95.54096660789814,82.76249486976084,96.71417535166789,80.6753070639912,88.88418282892081,"{""alpha"": 1.0, ""l1_ratio"": 1.0}",nitrogen-heteroaryl,family_holdout,ee,1z,29,1am|1i|1p|1ao|1af|1x|1u|1l|1aj|1k|1o|1s|1ac|1f|1y|1v|1w|1t|1b|1q|1h|1ai|1ag|1n|1m|1j|1ah|1c|1e,7,4.748804128052683,1a|1ae|1ak|1al|1d|1g|1r
2.596280672290078,,,nitrogen-heteroaryl,stage2p_plus_stage2pp,,3,nitrogen-heteroaryl,lightgbm,88.0,88.0,,90.59628067229008,95.07891977300213,82.3850681592331,97.15839568775914,77.10749539673333,2.596280672290078,"{""learning_rate"": 0.1, ""n_estimators"": 75, ""num_leaves"": 7}",nitrogen-heteroaryl,family_holdout,ee,1aa,29,1am|1i|1p|1ao|1af|1x|1u|1l|1aj|1k|1o|1s|1ac|1f|1y|1v|1w|1t|1b|1q|1h|1ai|1ag|1n|1m|1j|1ah|1c|1e,7,4.465867731812567,1a|1ae|1ak|1al|1d|1g|1r
9.398615576186003,,,nitrogen-heteroaryl,stage2p_plus_stage2pp,,3,nitrogen-heteroaryl,lightgbm,95.0,95.0,,85.601384423814,90.08402352452605,77.39017191075702,92.16349943928306,72.11259914825725,-9.398615576186003,"{""learning_rate"": 0.1, ""n_estimators"": 75, ""num_leaves"": 7}",nitrogen-heteroaryl,family_holdout,ee,1ab,29,1am|1i|1p|1ao|1af|1x|1u|1l|1aj|1k|1o|1s|1ac|1f|1y|1v|1w|1t|1b|1q|1h|1ai|1ag|1n|1m|1j|1ah|1c|1e,7,4.465867731812567,1a|1ae|1ak|1al|1d|1g|1r
77.39085186195585,,,nitrogen-heteroaryl,stage2p_plus_stage2pp,,3,nitrogen-heteroaryl,lightgbm,0.0,0.0,,77.39085186195585,81.8734909626679,69.17963934889887,83.95296687742491,63.9020665863991,77.39085186195585,"{""learning_rate"": 0.1, ""n_estimators"": 75, ""num_leaves"": 7}",nitrogen-heteroaryl,family_holdout,ee,1z,29,1am|1i|1p|1ao|1af|1x|1u|1l|1aj|1k|1o|1s|1ac|1f|1y|1v|1w|1t|1b|1q|1h|1ai|1ag|1n|1m|1j|1ah|1c|1e,7,4.465867731812567,1a|1ae|1ak|1al|1d|1g|1r
8.068965517231021,111.66848546021504,48.19358350532292,nitrogen-heteroaryl,stage2p_plus_stage2pp,16.192577029309213,3,nitrogen-heteroaryl,gaussian_process,88.0,88.0,,79.93103448276898,99.6620689655276,68.46206901509458,105.0620689655276,68.01206897791934,-8.068965517231021,"{""alpha"": 1e-05, ""kernel"": ""1**2 * RBF(length_scale=2) + WhiteKernel(noise_level=10)""}",nitrogen-heteroaryl,family_holdout,ee,1aa,29,1am|1i|1p|1ao|1af|1x|1u|1l|1aj|1k|1o|1s|1ac|1f|1y|1v|1w|1t|1b|1q|1h|1ai|1ag|1n|1m|1j|1ah|1c|1e,7,13.152709347802643,1a|1ae|1ak|1al|1d|1g|1r
15.06896551724138,111.66848546020468,48.19358350531256,nitrogen-heteroaryl,stage2p_plus_stage2pp,16.192577029309213,3,nitrogen-heteroaryl,gaussian_process,95.0,95.0,,79.93103448275862,99.66206896551725,68.46206901508423,105.06206896551723,68.01206897790898,-15.06896551724138,"{""alpha"": 1e-05, ""kernel"": ""1**2 * RBF(length_scale=2) + WhiteKernel(noise_level=10)""}",nitrogen-heteroaryl,family_holdout,ee,1ab,29,1am|1i|1p|1ao|1af|1x|1u|1l|1aj|1k|1o|1s|1ac|1f|1y|1v|1w|1t|1b|1q|1h|1ai|1ag|1n|1m|1j|1ah|1c|1e,7,13.152709347802643,1a|1ae|1ak|1al|1d|1g|1r
79.93103448334696,111.66848546079302,48.193583505900904,nitrogen-heteroaryl,stage2p_plus_stage2pp,16.192577029309213,3,nitrogen-heteroaryl,gaussian_process,0.0,0.0,,79.93103448334696,99.66206896610558,68.46206901567257,105.06206896610558,68.01206897849733,79.93103448334696,"{""alpha"": 1e-05, ""kernel"": ""1**2 * RBF(length_scale=2) + WhiteKernel(noise_level=10)""}",nitrogen-heteroaryl,family_holdout,ee,1z,29,1am|1i|1p|1ao|1af|1x|1u|1l|1aj|1k|1o|1s|1ac|1f|1y|1v|1w|1t|1b|1q|1h|1ai|1ag|1n|1m|1j|1ah|1c|1e,7,13.152709347802643,1a|1ae|1ak|1al|1d|1g|1r
13.45659782770457,,,oxygen-heteroaryl,stage2p_plus_stage2pp,,1,oxygen-heteroaryl,ridge_regression,89.0,89.0,,75.54340217229543,86.1059917027846,61.32603516916845,95.03348497992923,58.074236201763696,-13.45659782770457,"{""alpha"": 10000.0}",oxygen-heteroaryl,family_holdout,ee,1o,30,1am|1i|1p|1ao|1ab|1af|1x|1u|1l|1aj|1aa|1k|1s|1ac|1g|1y|1z|1c|1w|1t|1q|1v|1ai|1b|1ag|1n|1j|1m|1ah|1d,8,11.441071830419634,1a|1ae|1ak|1al|1e|1f|1h|1r
16.710338281221482,,,oxygen-heteroaryl,stage2p_plus_stage2pp,,1,oxygen-heteroaryl,elastic_net,89.0,89.0,,72.28966171877852,76.23385989775295,57.94972568753566,86.34679512044461,51.17324736628295,-16.710338281221482,"{""alpha"": 10.0, ""l1_ratio"": 0.2}",oxygen-heteroaryl,family_holdout,ee,1o,30,1am|1i|1p|1ao|1ab|1af|1x|1u|1l|1aj|1aa|1k|1s|1ac|1g|1y|1z|1c|1w|1t|1q|1v|1ai|1b|1ag|1n|1j|1m|1ah|1d,8,10.108248258886638,1a|1ae|1ak|1al|1e|1f|1h|1r
33.43805600390568,,,oxygen-heteroaryl,stage2p_plus_stage2pp,,1,oxygen-heteroaryl,lightgbm,89.0,89.0,,55.56194399609432,61.61652041106716,43.65187826473093,66.59665100527576,42.94247949332218,-33.43805600390568,"{""learning_rate"": 0.1, ""n_estimators"": 75, ""num_leaves"": 3}",oxygen-heteroaryl,family_holdout,ee,1o,30,1am|1i|1p|1ao|1ab|1af|1x|1u|1l|1aj|1aa|1k|1s|1ac|1g|1y|1z|1c|1w|1t|1q|1v|1ai|1b|1ag|1n|1j|1m|1ah|1d,8,7.18732264883852,1a|1ae|1ak|1al|1e|1f|1h|1r
11.666666666666671,119.45362028696523,35.213046379701424,oxygen-heteroaryl,stage2p_plus_stage2pp,21.489942323281586,1,oxygen-heteroaryl,gaussian_process,89.0,89.0,,77.33333333333333,93.26666666666665,62.66666666666666,99.56666666666666,62.66666666666666,-11.666666666666671,"{""alpha"": 1e-05, ""kernel"": ""1**2 * RBF(length_scale=2) + WhiteKernel(noise_level=10)""}",oxygen-heteroaryl,family_holdout,ee,1o,30,1am|1i|1p|1ao|1ab|1af|1x|1u|1l|1aj|1aa|1k|1s|1ac|1g|1y|1z|1c|1w|1t|1q|1v|1ai|1b|1ag|1n|1j|1m|1ah|1d,8,13.666666661092119,1a|1ae|1ak|1al|1e|1f|1h|1r
1.8798697734980578,,,oxygen-heteroaryl-fused,stage2p_plus_stage2pp,,2,oxygen-heteroaryl-fused,ridge_regression,61.0,61.0,,62.87986977349806,71.00519202982457,56.44732542297998,75.15833086789448,47.51800744250882,1.8798697734980578,"{""alpha"": 100.0}",oxygen-heteroaryl-fused,family_holdout,ee,1p,30,1am|1i|1ae|1y|1ab|1s|1ao|1x|1l|1k|1al|1aa|1ac|1g|1w|1u|1z|1c|1o|1t|1v|1ai|1b|1n|1ag|1j|1m|1ah|1d|1e,7,6.508888342278703,1a|1af|1aj|1ak|1f|1h|1r
10.0,,,oxygen-heteroaryl-fused,stage2p_plus_stage2pp,,2,oxygen-heteroaryl-fused,ridge_regression,90.0,90.0,,100.0,108.12532225632651,93.56745564948193,112.27846109439642,84.63813766901076,10.0,"{""alpha"": 100.0}",oxygen-heteroaryl-fused,family_holdout,ee,1q,30,1am|1i|1ae|1y|1ab|1s|1ao|1x|1l|1k|1al|1aa|1ac|1g|1w|1u|1z|1c|1o|1t|1v|1ai|1b|1n|1ag|1j|1m|1ah|1d|1e,7,6.508888342278703,1a|1af|1aj|1ak|1f|1h|1r
13.921521436974459,,,oxygen-heteroaryl-fused,stage2p_plus_stage2pp,,2,oxygen-heteroaryl-fused,elastic_net,61.0,61.0,,74.92152143697446,87.43747421648978,63.3101843811854,89.54134099754596,59.58660785644368,13.921521436974459,"{""alpha"": 10.0, ""l1_ratio"": 0.2}",oxygen-heteroaryl-fused,family_holdout,ee,1p,30,1am|1i|1ae|1y|1ab|1s|1ao|1x|1l|1k|1al|1aa|1ac|1g|1w|1u|1z|1c|1o|1t|1v|1ai|1b|1n|1ag|1j|1m|1ah|1d|1e,7,9.121029011758166,1a|1af|1aj|1ak|1f|1h|1r
0.8377715572064375,,,oxygen-heteroaryl-fused,stage2p_plus_stage2pp,,2,oxygen-heteroaryl-fused,elastic_net,90.0,90.0,,89.16222844279356,101.67818122230888,77.55089138700451,103.78204800336506,73.82731486226278,-0.8377715572064375,"{""alpha"": 10.0, ""l1_ratio"": 0.2}",oxygen-heteroaryl-fused,family_holdout,ee,1q,30,1am|1i|1ae|1y|1ab|1s|1ao|1x|1l|1k|1al|1aa|1ac|1g|1w|1u|1z|1c|1o|1t|1v|1ai|1b|1n|1ag|1j|1m|1ah|1d|1e,7,9.121029011758166,1a|1af|1aj|1ak|1f|1h|1r
10.763176330406779,,,oxygen-heteroaryl-fused,stage2p_plus_stage2pp,,2,oxygen-heteroaryl-fused,lightgbm,61.0,61.0,,71.76317633040678,85.98575362293124,70.95503298844983,88.34212353272807,69.05527375972798,10.763176330406779,"{""learning_rate"": 0.1, ""n_estimators"": 75, ""num_leaves"": 7}",oxygen-heteroaryl-fused,family_holdout,ee,1p,30,1am|1i|1ae|1y|1ab|1s|1ao|1x|1l|1k|1al|1aa|1ac|1g|1w|1u|1z|1c|1o|1t|1v|1ai|1b|1n|1ag|1j|1m|1ah|1d|1e,7,6.21797361772695,1a|1af|1aj|1ak|1f|1h|1r
0.33763998543430773,,,oxygen-heteroaryl-fused,stage2p_plus_stage2pp,,2,oxygen-heteroaryl-fused,lightgbm,90.0,90.0,,90.33763998543431,104.56021727795877,89.52949664347736,106.9165871877556,87.62973741475551,0.33763998543430773,"{""learning_rate"": 0.1, ""n_estimators"": 75, ""num_leaves"": 7}",oxygen-heteroaryl-fused,family_holdout,ee,1q,30,1am|1i|1ae|1y|1ab|1s|1ao|1x|1l|1k|1al|1aa|1ac|1g|1w|1u|1z|1c|1o|1t|1v|1ai|1b|1n|1ag|1j|1m|1ah|1d|1e,7,6.21797361772695,1a|1af|1aj|1ak|1f|1h|1r
18.03335179852742,119.71588508265697,38.35081851439787,oxygen-heteroaryl-fused,stage2p_plus_stage2pp,20.756394532719156,2,oxygen-heteroaryl-fused,gaussian_process,61.0,61.0,,79.03335179852742,103.86668513186075,66.66668519071195,111.51668513186075,66.21668514657355,18.03335179852742,"{""alpha"": 1e-05, ""kernel"": ""1**2 * RBF(length_scale=2) + WhiteKernel(noise_level=10)""}",oxygen-heteroaryl-fused,family_holdout,ee,1p,30,1am|1i|1ae|1y|1ab|1s|1ao|1x|1l|1k|1al|1aa|1ac|1g|1w|1u|1z|1c|1o|1t|1v|1ai|1b|1n|1ag|1j|1m|1ah|1d|1e,7,16.280952366927846,1a|1af|1aj|1ak|1f|1h|1r
10.966666666666669,119.71586661750413,38.35080004916254,oxygen-heteroaryl-fused,stage2p_plus_stage2pp,20.756394532740202,2,oxygen-heteroaryl-fused,gaussian_process,90.0,90.0,,79.03333333333333,103.86666666666667,66.66666672551786,111.51666666666665,66.21666668137946,-10.966666666666669,"{""alpha"": 1e-05, ""kernel"": ""1**2 * RBF(length_scale=2) + WhiteKernel(noise_level=10)""}",oxygen-heteroaryl-fused,family_holdout,ee,1q,30,1am|1i|1ae|1y|1ab|1s|1ao|1x|1l|1k|1al|1aa|1ac|1g|1w|1u|1z|1c|1o|1t|1v|1ai|1b|1n|1ag|1j|1m|1ah|1d|1e,7,16.280952366927846,1a|1af|1aj|1ak|1f|1h|1r
12.796268980793414,,,oxygen-heterocycle-fused,stage2p_plus_stage2pp,,3,oxygen-heterocycle-fused,ridge_regression,91.0,91.0,,78.20373101920659,90.85474540131656,64.16654734021337,98.5082939614242,61.090986855311236,-12.796268980793414,"{""alpha"": 10000.0}",oxygen-heterocycle-fused,family_holdout,ee,1r,29,1am|1i|1p|1ao|1ab|1af|1x|1u|1k|1aj|1aa|1l|1ac|1g|1y|1z|1c|1w|1o|1q|1v|1ai|1b|1ag|1n|1j|1m|1ah|1d,7,11.333592725186017,1a|1ae|1ak|1al|1e|1f|1h
0.4044765291502017,,,oxygen-heterocycle-fused,stage2p_plus_stage2pp,,3,oxygen-heterocycle-fused,ridge_regression,80.0,80.0,,80.4044765291502,93.05549091126016,66.36729285015699,100.70903947136782,63.29173236525485,0.4044765291502017,"{""alpha"": 10000.0}",oxygen-heterocycle-fused,family_holdout,ee,1s,29,1am|1i|1p|1ao|1ab|1af|1x|1u|1k|1aj|1aa|1l|1ac|1g|1y|1z|1c|1w|1o|1q|1v|1ai|1b|1ag|1n|1j|1m|1ah|1d,7,11.333592725186017,1a|1ae|1ak|1al|1e|1f|1h
12.072457975939997,,,oxygen-heterocycle-fused,stage2p_plus_stage2pp,,3,oxygen-heterocycle-fused,ridge_regression,91.0,91.0,,78.92754202406,91.57855640616998,64.89035834506679,99.23210496627762,61.81479786016465,-12.072457975939997,"{""alpha"": 10000.0}",oxygen-heterocycle-fused,family_holdout,ee,1t,29,1am|1i|1p|1ao|1ab|1af|1x|1u|1k|1aj|1aa|1l|1ac|1g|1y|1z|1c|1w|1o|1q|1v|1ai|1b|1ag|1n|1j|1m|1ah|1d,7,11.333592725186017,1a|1ae|1ak|1al|1e|1f|1h
1.8737901373556127,,,oxygen-heterocycle-fused,stage2p_plus_stage2pp,,3,oxygen-heterocycle-fused,elastic_net,91.0,91.0,,89.12620986264439,99.93824102762937,76.16708535574352,100.85177608823747,70.98814780973305,-1.8737901373556127,"{""alpha"": 1.0, ""l1_ratio"": 0.8}",oxygen-heterocycle-fused,family_holdout,ee,1r,29,1am|1i|1p|1ao|1ab|1af|1x|1u|1k|1aj|1aa|1l|1ac|1g|1y|1z|1c|1w|1o|1q|1v|1ai|1b|1ag|1n|1j|1m|1ah|1d,7,9.546273410396564,1a|1ae|1ak|1al|1e|1f|1h
14.736253849435883,,,oxygen-heterocycle-fused,stage2p_plus_stage2pp,,3,oxygen-heterocycle-fused,elastic_net,80.0,80.0,,94.73625384943588,105.54828501442086,81.77712934253502,106.46182007502895,76.59819179652456,14.736253849435883,"{""alpha"": 1.0, ""l1_ratio"": 0.8}",oxygen-heterocycle-fused,family_holdout,ee,1s,29,1am|1i|1p|1ao|1ab|1af|1x|1u|1k|1aj|1aa|1l|1ac|1g|1y|1z|1c|1w|1o|1q|1v|1ai|1b|1ag|1n|1j|1m|1ah|1d,7,9.546273410396564,1a|1ae|1ak|1al|1e|1f|1h
0.16495553259250073,,,oxygen-heterocycle-fused,stage2p_plus_stage2pp,,3,oxygen-heterocycle-fused,elastic_net,91.0,91.0,,91.1649555325925,101.97698669757747,78.20583102569164,102.89052175818557,73.02689347968118,0.16495553259250073,"{""alpha"": 1.0, ""l1_ratio"": 0.8}",oxygen-heterocycle-fused,family_holdout,ee,1t,29,1am|1i|1p|1ao|1ab|1af|1x|1u|1k|1aj|1aa|1l|1ac|1g|1y|1z|1c|1w|1o|1q|1v|1ai|1b|1ag|1n|1j|1m|1ah|1d,7,9.546273410396564,1a|1ae|1ak|1al|1e|1f|1h
2.8563290991400834,,,oxygen-heterocycle-fused,stage2p_plus_stage2pp,,3,oxygen-heterocycle-fused,lightgbm,91.0,91.0,,88.14367090085992,92.6532548889182,78.64802748479875,94.17422336861534,77.32125515780693,-2.8563290991400834,"{""learning_rate"": 0.1, ""n_estimators"": 75, ""num_leaves"": 3}",oxygen-heterocycle-fused,family_holdout,ee,1r,29,1am|1i|1p|1ao|1ab|1af|1x|1u|1k|1aj|1aa|1l|1ac|1g|1y|1z|1c|1w|1o|1q|1v|1ai|1b|1ag|1n|1j|1m|1ah|1d,7,5.013689115292953,1a|1ae|1ak|1al|1e|1f|1h
7.692257131559643,,,oxygen-heterocycle-fused,stage2p_plus_stage2pp,,3,oxygen-heterocycle-fused,lightgbm,80.0,80.0,,87.69225713155964,92.20184111961792,78.19661371549847,93.72280959931507,76.86984138850666,7.692257131559643,"{""learning_rate"": 0.1, ""n_estimators"": 75, ""num_leaves"": 3}",oxygen-heterocycle-fused,family_holdout,ee,1s,29,1am|1i|1p|1ao|1ab|1af|1x|1u|1k|1aj|1aa|1l|1ac|1g|1y|1z|1c|1w|1o|1q|1v|1ai|1b|1ag|1n|1j|1m|1ah|1d,7,5.013689115292953,1a|1ae|1ak|1al|1e|1f|1h
4.90169182100729,,,oxygen-heterocycle-fused,stage2p_plus_stage2pp,,3,oxygen-heterocycle-fused,lightgbm,91.0,91.0,,86.09830817899271,90.60789216705099,76.60266476293154,92.12886064674814,75.27589243593972,-4.90169182100729,"{""learning_rate"": 0.1, ""n_estimators"": 75, ""num_leaves"": 3}",oxygen-heterocycle-fused,family_holdout,ee,1t,29,1am|1i|1p|1ao|1ab|1af|1x|1u|1k|1aj|1aa|1l|1ac|1g|1y|1z|1c|1w|1o|1q|1v|1ai|1b|1ag|1n|1j|1m|1ah|1d,7,5.013689115292953,1a|1ae|1ak|1al|1e|1f|1h
13.827586206896555,119.92217305121042,34.42265453499646,oxygen-heterocycle-fused,stage2p_plus_stage2pp,21.81110166229948,3,oxygen-heterocycle-fused,gaussian_process,91.0,91.0,,77.17241379310344,94.1448275862069,62.34482758620689,99.54482758620688,62.34482758620689,-13.827586206896555,"{""alpha"": 1e-05, ""kernel"": ""1**2 * RBF(length_scale=0.5) + WhiteKernel(noise_level=1)""}",oxygen-heterocycle-fused,family_holdout,ee,1r,29,1am|1i|1p|1ao|1ab|1af|1x|1u|1k|1aj|1aa|1l|1ac|1g|1y|1z|1c|1w|1o|1q|1v|1ai|1b|1ag|1n|1j|1m|1ah|1d,7,13.689655172413794,1a|1ae|1ak|1al|1e|1f|1h
2.827586206896555,119.92217305121042,34.42265453499646,oxygen-heterocycle-fused,stage2p_plus_stage2pp,21.81110166229948,3,oxygen-heterocycle-fused,gaussian_process,80.0,80.0,,77.17241379310344,94.1448275862069,62.34482758620689,99.54482758620688,62.34482758620689,-2.827586206896555,"{""alpha"": 1e-05, ""kernel"": ""1**2 * RBF(length_scale=0.5) + WhiteKernel(noise_level=1)""}",oxygen-heterocycle-fused,family_holdout,ee,1s,29,1am|1i|1p|1ao|1ab|1af|1x|1u|1k|1aj|1aa|1l|1ac|1g|1y|1z|1c|1w|1o|1q|1v|1ai|1b|1ag|1n|1j|1m|1ah|1d,7,13.689655172413794,1a|1ae|1ak|1al|1e|1f|1h
13.827586206896555,119.92217305121042,34.42265453499646,oxygen-heterocycle-fused,stage2p_plus_stage2pp,21.81110166229948,3,oxygen-heterocycle-fused,gaussian_process,91.0,91.0,,77.17241379310344,94.1448275862069,62.34482758620689,99.54482758620688,62.34482758620689,-13.827586206896555,"{""alpha"": 1e-05, ""kernel"": ""1**2 * RBF(length_scale=0.5) + WhiteKernel(noise_level=1)""}",oxygen-heterocycle-fused,family_holdout,ee,1t,29,1am|1i|1p|1ao|1ab|1af|1x|1u|1k|1aj|1aa|1l|1ac|1g|1y|1z|1c|1w|1o|1q|1v|1ai|1b|1ag|1n|1j|1m|1ah|1d,7,13.689655172413794,1a|1ae|1ak|1al|1e|1f|1h
14.037762510008491,,,polycyclic-aryl,stage2p_plus_stage2pp,,1,polycyclic-aryl,ridge_regression,91.0,91.0,,76.96223748999151,87.44983812439278,62.461473478008536,96.90848341855101,59.139224564463184,-14.037762510008491,"{""alpha"": 10000.0}",polycyclic-aryl,family_holdout,ee,1n,30,1am|1i|1p|1ao|1ab|1af|1x|1u|1l|1aj|1aa|1k|1s|1ac|1g|1y|1z|1c|1o|1w|1t|1q|1v|1ai|1b|1ag|1j|1m|1ah|1d,8,11.5128617420807,1a|1ae|1ak|1al|1e|1f|1h|1r
9.0,,,polycyclic-aryl,stage2p_plus_stage2pp,,1,polycyclic-aryl,elastic_net,91.0,91.0,,100.0,115.04117478020444,91.62917279642751,116.67601978354149,82.56371458688051,9.0,"{""alpha"": 1.0, ""l1_ratio"": 1.0}",polycyclic-aryl,family_holdout,ee,1n,30,1am|1i|1p|1ao|1ab|1af|1x|1u|1l|1aj|1aa|1k|1s|1ac|1g|1y|1z|1c|1o|1w|1t|1q|1v|1ai|1b|1ag|1j|1m|1ah|1d,8,9.192759055355381,1a|1ae|1ak|1al|1e|1f|1h|1r
13.86745136148997,,,polycyclic-aryl,stage2p_plus_stage2pp,,1,polycyclic-aryl,lightgbm,91.0,91.0,,77.13254863851003,78.82658667348981,69.3113508774425,82.55913361928323,66.80037536955084,-13.86745136148997,"{""learning_rate"": 0.1, ""n_estimators"": 75, ""num_leaves"": 3}",polycyclic-aryl,family_holdout,ee,1n,30,1am|1i|1p|1ao|1ab|1af|1x|1u|1l|1aj|1aa|1k|1s|1ac|1g|1y|1z|1c|1o|1w|1t|1q|1v|1ai|1b|1ag|1j|1m|1ah|1d,8,3.9589073501307164,1a|1ae|1ak|1al|1e|1f|1h|1r
13.733333333333334,119.3096634866259,35.22366984670744,polycyclic-aryl,stage2p_plus_stage2pp,21.450508581611853,1,polycyclic-aryl,gaussian_process,91.0,91.0,,77.26666666666667,93.13333333333333,62.53333333333333,99.43333333333334,62.53333333333333,-13.733333333333334,"{""alpha"": 1e-05, ""kernel"": ""1**2 * RBF(length_scale=2) + WhiteKernel(noise_level=10)""}",polycyclic-aryl,family_holdout,ee,1n,30,1am|1i|1p|1ao|1ab|1af|1x|1u|1l|1aj|1aa|1k|1s|1ac|1g|1y|1z|1c|1o|1w|1t|1q|1v|1ai|1b|1ag|1j|1m|1ah|1d,8,13.683333325332026,1a|1ae|1ak|1al|1e|1f|1h|1r
1.2078782539359452,,,silyl-alkyl-aryl,stage2p_plus_stage2pp,,1,silyl-alkyl-aryl,ridge_regression,67.0,67.0,,65.79212174606405,82.59741462621122,58.140638160971164,83.29718790988966,49.01802319993596,-1.2078782539359452,"{""alpha"": 100.0}",silyl-alkyl-aryl,family_holdout,ee,1ac,30,1l|1am|1af|1y|1s|1ao|1x|1i|1ab|1p|1k|1aa|1al|1ai|1t|1z|1v|1f|1b|1u|1w|1o|1q|1h|1ag|1n|1m|1j|1ah|1c,8,8.421053099729143,1a|1ae|1aj|1ak|1d|1e|1g|1r
5.514785337442348,,,silyl-alkyl-aryl,stage2p_plus_stage2pp,,1,silyl-alkyl-aryl,elastic_net,67.0,67.0,,61.48521466255765,75.25344076934807,52.28537887405054,79.91879090177882,45.98282891240991,-5.514785337442348,"{""alpha"": 1.0, ""l1_ratio"": 0.8}",silyl-alkyl-aryl,family_holdout,ee,1ac,30,1l|1am|1af|1y|1s|1ao|1x|1i|1ab|1p|1k|1aa|1al|1ai|1t|1z|1v|1f|1b|1u|1w|1o|1q|1h|1ag|1n|1m|1j|1ah|1c,8,8.597499987920362,1a|1ae|1aj|1ak|1d|1e|1g|1r
6.991618733867256,,,silyl-alkyl-aryl,stage2p_plus_stage2pp,,1,silyl-alkyl-aryl,lightgbm,67.0,67.0,,73.99161873386726,87.93495672360918,65.90403684309777,89.93811771693143,56.10938794886671,6.991618733867256,"{""learning_rate"": 0.1, ""n_estimators"": 25, ""num_leaves"": 3}",silyl-alkyl-aryl,family_holdout,ee,1ac,30,1l|1am|1af|1y|1s|1ao|1x|1i|1ab|1p|1k|1aa|1al|1ai|1t|1z|1v|1f|1b|1u|1w|1o|1q|1h|1ag|1n|1m|1j|1ah|1c,8,8.078384916145577,1a|1ae|1aj|1ak|1d|1e|1g|1r
12.033333333333331,119.36814633846231,38.69852032820435,silyl-alkyl-aryl,stage2p_plus_stage2pp,20.578986227106622,1,silyl-alkyl-aryl,gaussian_process,67.0,67.0,,79.03333333333333,107.76666666666667,66.06666666666666,112.49166666666667,66.06666666666666,12.033333333333331,"{""alpha"": 1e-05, ""kernel"": ""1**2 * RBF(length_scale=2) + WhiteKernel(noise_level=10)""}",silyl-alkyl-aryl,family_holdout,ee,1ac,30,1l|1am|1af|1y|1s|1ao|1x|1i|1ab|1p|1k|1aa|1al|1ai|1t|1z|1v|1f|1b|1u|1w|1o|1q|1h|1ag|1n|1m|1j|1ah|1c,8,16.866666664663484,1a|1ae|1aj|1ak|1d|1e|1g|1r
16.861529726278405,,,sulfur-heteroaryl,stage2p_plus_stage2pp,,1,sulfur-heteroaryl,ridge_regression,91.0,91.0,,74.1384702737216,84.6415280881908,59.74727326881526,93.61197974571799,56.55998459522533,-16.861529726278405,"{""alpha"": 10000.0}",sulfur-heteroaryl,family_holdout,ee,1v,30,1am|1i|1p|1ao|1ab|1af|1x|1u|1l|1aj|1aa|1k|1s|1ac|1g|1y|1z|1c|1w|1t|1o|1q|1ai|1b|1ag|1n|1j|1m|1ah|1d,8,11.552722891773413,1a|1ae|1ak|1al|1e|1f|1h|1r
40.522630107120634,,,sulfur-heteroaryl,stage2p_plus_stage2pp,,1,sulfur-heteroaryl,elastic_net,91.0,91.0,,50.477369892879366,63.51589837099402,40.097073207764076,68.83332320769469,29.772670150474106,-40.522630107120634,"{""alpha"": 1.0, ""l1_ratio"": 0.8}",sulfur-heteroaryl,family_holdout,ee,1v,30,1am|1i|1p|1ao|1ab|1af|1x|1u|1l|1aj|1aa|1k|1s|1ac|1g|1y|1z|1c|1w|1t|1o|1q|1ai|1b|1ag|1n|1j|1m|1ah|1d,8,9.034594901426702,1a|1ae|1ak|1al|1e|1f|1h|1r
29.48010494888876,,,sulfur-heteroaryl,stage2p_plus_stage2pp,,1,sulfur-heteroaryl,lightgbm,91.0,91.0,,61.51989505111124,66.04907424384174,54.17985129850139,72.74691891982953,53.58698336326777,-29.48010494888876,"{""learning_rate"": 0.1, ""n_estimators"": 75, ""num_leaves"": 3}",sulfur-heteroaryl,family_holdout,ee,1v,30,1am|1i|1p|1ao|1ab|1af|1x|1u|1l|1aj|1aa|1k|1s|1ac|1g|1y|1z|1c|1w|1t|1o|1q|1ai|1b|1ag|1n|1j|1m|1ah|1d,8,5.133557638672084,1a|1ae|1ak|1al|1e|1f|1h|1r
13.733333342470672,119.30966358987955,35.22366972517911,sulfur-heteroaryl,stage2p_plus_stage2pp,21.450508638954194,1,sulfur-heteroaryl,gaussian_process,91.0,91.0,,77.26666665752933,93.13333332419599,62.53333332419599,99.433333324196,62.53333332419599,-13.733333342470672,"{""alpha"": 1e-05, ""kernel"": ""1**2 * RBF(length_scale=2) + WhiteKernel(noise_level=10)""}",sulfur-heteroaryl,family_holdout,ee,1v,30,1am|1i|1p|1ao|1ab|1af|1x|1u|1l|1aj|1aa|1k|1s|1ac|1g|1y|1z|1c|1w|1t|1o|1q|1ai|1b|1ag|1n|1j|1m|1ah|1d,8,13.683333314960253,1a|1ae|1ak|1al|1e|1f|1h|1r
42.04570610843501,,,sulfur-heteroaryl-fused,stage2p_plus_stage2pp,,2,sulfur-heteroaryl-fused,ridge_regression,92.0,92.0,,49.95429389156499,64.92146897791578,44.07770900467266,69.22803306657943,37.58183292522126,-42.04570610843501,"{""alpha"": 100.0}",sulfur-heteroaryl-fused,family_holdout,ee,1w,30,1am|1i|1p|1ao|1ab|1af|1e|1k|1s|1al|1y|1aa|1ac|1t|1z|1v|1c|1o|1u|1q|1ai|1b|1m|1ag|1h|1n|1j|1ah|1f|1l,7,7.854162188440616,1a|1ae|1aj|1ak|1d|1g|1r
7.316276535500634,,,sulfur-heteroaryl-fused,stage2p_plus_stage2pp,,2,sulfur-heteroaryl-fused,ridge_regression,94.0,94.0,,86.68372346449937,101.65089855085016,80.80713857760705,105.9574626395138,74.31126249815564,-7.316276535500634,"{""alpha"": 100.0}",sulfur-heteroaryl-fused,family_holdout,ee,1x,30,1am|1i|1p|1ao|1ab|1af|1e|1k|1s|1al|1y|1aa|1ac|1t|1z|1v|1c|1o|1u|1q|1ai|1b|1m|1ag|1h|1n|1j|1ah|1f|1l,7,7.854162188440616,1a|1ae|1aj|1ak|1d|1g|1r
56.77229107394269,,,sulfur-heteroaryl-fused,stage2p_plus_stage2pp,,2,sulfur-heteroaryl-fused,elastic_net,92.0,92.0,,35.22770892605731,41.31639777552275,27.30237178928492,44.15812880840031,26.132236618381125,-56.77229107394269,"{""alpha"": 1.0, ""l1_ratio"": 1.0}",sulfur-heteroaryl-fused,family_holdout,ee,1w,30,1am|1i|1p|1ao|1ab|1af|1e|1k|1s|1al|1y|1aa|1ac|1t|1z|1v|1c|1o|1u|1q|1ai|1b|1m|1ag|1h|1n|1j|1ah|1f|1l,7,5.27511606294212,1a|1ae|1aj|1ak|1d|1g|1r
6.0,,,sulfur-heteroaryl-fused,stage2p_plus_stage2pp,,2,sulfur-heteroaryl-fused,elastic_net,94.0,94.0,,100.0,106.08868884946544,92.07466286322762,108.930419882343,90.90452769232381,6.0,"{""alpha"": 1.0, ""l1_ratio"": 1.0}",sulfur-heteroaryl-fused,family_holdout,ee,1x,30,1am|1i|1p|1ao|1ab|1af|1e|1k|1s|1al|1y|1aa|1ac|1t|1z|1v|1c|1o|1u|1q|1ai|1b|1m|1ag|1h|1n|1j|1ah|1f|1l,7,5.27511606294212,1a|1ae|1aj|1ak|1d|1g|1r
36.69597870918067,,,sulfur-heteroaryl-fused,stage2p_plus_stage2pp,,2,sulfur-heteroaryl-fused,lightgbm,92.0,92.0,,55.30402129081933,59.01743055693112,36.61907945860746,59.26236819589089,22.87477658052628,-36.69597870918067,"{""learning_rate"": 0.1, ""n_estimators"": 75, ""num_leaves"": 3}",sulfur-heteroaryl-fused,family_holdout,ee,1w,30,1am|1i|1p|1ao|1ab|1af|1e|1k|1s|1al|1y|1aa|1ac|1t|1z|1v|1c|1o|1u|1q|1ai|1b|1m|1ag|1h|1n|1j|1ah|1f|1l,7,8.542143739842151,1a|1ae|1aj|1ak|1d|1g|1r
4.049715078048607,,,sulfur-heteroaryl-fused,stage2p_plus_stage2pp,,2,sulfur-heteroaryl-fused,lightgbm,94.0,94.0,,89.9502849219514,93.66369418806318,71.26534308973953,93.90863182702296,57.521040211658345,-4.049715078048607,"{""learning_rate"": 0.1, ""n_estimators"": 75, ""num_leaves"": 3}",sulfur-heteroaryl-fused,family_holdout,ee,1x,30,1am|1i|1p|1ao|1ab|1af|1e|1k|1s|1al|1y|1aa|1ac|1t|1z|1v|1c|1o|1u|1q|1ai|1b|1m|1ag|1h|1n|1j|1ah|1f|1l,7,8.542143739842151,1a|1ae|1aj|1ak|1d|1g|1r
13.866672229505696,118.3035116799385,37.96314386105011,sulfur-heteroaryl-fused,stage2p_plus_stage2pp,20.49499179053275,2,sulfur-heteroaryl-fused,gaussian_process,92.0,92.0,,78.1333277704943,106.86666110382765,64.86666113500264,110.91666110382764,64.4166611116214,-13.866672229505696,"{""alpha"": 1e-05, ""kernel"": ""1**2 * RBF(length_scale=2) + WhiteKernel(noise_level=10)""}",sulfur-heteroaryl-fused,family_holdout,ee,1w,30,1am|1i|1p|1ao|1ab|1af|1e|1k|1s|1al|1y|1aa|1ac|1t|1z|1v|1c|1o|1u|1q|1ai|1b|1m|1ag|1h|1n|1j|1ah|1f|1l,7,17.55238094495004,1a|1ae|1aj|1ak|1d|1g|1r
15.86666666666666,118.30351724277966,37.963149423887025,sulfur-heteroaryl-fused,stage2p_plus_stage2pp,20.494991790533835,2,sulfur-heteroaryl-fused,gaussian_process,94.0,94.0,,78.13333333333334,106.86666666666667,64.86666669784168,110.91666666666669,64.41666667446043,-15.86666666666666,"{""alpha"": 1e-05, ""kernel"": ""1**2 * RBF(length_scale=2) + WhiteKernel(noise_level=10)""}",sulfur-heteroaryl-fused,family_holdout,ee,1x,30,1am|1i|1p|1ao|1ab|1af|1e|1k|1s|1al|1y|1aa|1ac|1t|1z|1v|1c|1o|1u|1q|1ai|1b|1m|1ag|1h|1n|1j|1ah|1f|1l,7,17.55238094495004,1a|1ae|1aj|1ak|1d|1g|1r
2.8335889620203005,,,sulfur-heterocycle-fused,stage2p_plus_stage2pp,,1,sulfur-heterocycle-fused,ridge_regression,91.0,91.0,,88.1664110379797,95.13501170482536,69.01536359082067,103.26981647989884,64.64263323448174,-2.8335889620203005,"{""alpha"": 1000.0}",sulfur-heterocycle-fused,family_holdout,ee,1y,30,1am|1i|1p|1ao|1ab|1af|1x|1u|1l|1aj|1aa|1k|1s|1ac|1g|1z|1c|1o|1w|1t|1q|1v|1ai|1b|1ag|1n|1j|1m|1ah|1d,8,11.382658417272955,1a|1ae|1ak|1al|1e|1f|1h|1r
0.9430708590720513,,,sulfur-heterocycle-fused,stage2p_plus_stage2pp,,1,sulfur-heterocycle-fused,elastic_net,91.0,91.0,,90.05692914092795,94.04082021428702,75.84179509778782,104.18807805320375,70.48676780951114,-0.9430708590720513,"{""alpha"": 10.0, ""l1_ratio"": 0.2}",sulfur-heterocycle-fused,family_holdout,ee,1y,30,1am|1i|1p|1ao|1ab|1af|1x|1u|1l|1aj|1aa|1k|1s|1ac|1g|1z|1c|1o|1w|1t|1q|1v|1ai|1b|1ag|1n|1j|1m|1ah|1d,8,9.831285290907628,1a|1ae|1ak|1al|1e|1f|1h|1r
0.8234119085250313,,,sulfur-heterocycle-fused,stage2p_plus_stage2pp,,1,sulfur-heterocycle-fused,lightgbm,91.0,91.0,,90.17658809147497,96.29035856340472,85.56782130212818,101.10807171440212,84.24973311379894,-0.8234119085250313,"{""learning_rate"": 0.1, ""n_estimators"": 75, ""num_leaves"": 3}",sulfur-heterocycle-fused,family_holdout,ee,1y,30,1am|1i|1p|1ao|1ab|1af|1x|1u|1l|1aj|1aa|1k|1s|1ac|1g|1z|1c|1o|1w|1t|1q|1v|1ai|1b|1ag|1n|1j|1m|1ah|1d,8,3.8292786748688137,1a|1ae|1ak|1al|1e|1f|1h|1r
13.733333333332084,119.30966377092358,35.22366956241226,sulfur-heterocycle-fused,stage2p_plus_stage2pp,21.45050872666105,1,sulfur-heterocycle-fused,gaussian_process,91.0,91.0,,77.26666666666792,93.13333333333458,62.53333333333458,99.43333333333459,62.53333333333458,-13.733333333332084,"{""alpha"": 1e-05, ""kernel"": ""1**2 * RBF(length_scale=2) + WhiteKernel(noise_level=10)""}",sulfur-heterocycle-fused,family_holdout,ee,1y,30,1am|1i|1p|1ao|1ab|1af|1x|1u|1l|1aj|1aa|1k|1s|1ac|1g|1z|1c|1o|1w|1t|1q|1v|1ai|1b|1ag|1n|1j|1m|1ah|1d,8,13.683333314179436,1a|1ae|1ak|1al|1e|1f|1h|1r
17.666521980989785,,,alkyl-aryl-chain,stage2_alt_plus_stage2pp,,2,alkyl-aryl-chain,ridge_regression,50.0,50.0,,67.66652198098978,79.70609842170424,55.408192209526845,85.26732344443236,53.50351075238669,17.666521980989785,"{""alpha"": 10000.0}",alkyl-aryl-chain,family_holdout,ee,1ah,30,1am|1i|1p|1ao|1ab|1af|1x|1u|1l|1aj|1aa|1k|1s|1ac|1g|1y|1z|1c|1t|1w|1o|1q|1v|1b|1ag|1n|1j|1m|1d|1e,7,9.934751861965063,1a|1ae|1ak|1al|1f|1h|1r
26.727719062645846,,,alkyl-aryl-chain,stage2_alt_plus_stage2pp,,2,alkyl-aryl-chain,ridge_regression,50.0,50.0,,76.72771906264585,88.7672955033603,64.4693892911829,94.32852052608843,62.56470783404275,26.727719062645846,"{""alpha"": 10000.0}",alkyl-aryl-chain,family_holdout,ee,1ai,30,1am|1i|1p|1ao|1ab|1af|1x|1u|1l|1aj|1aa|1k|1s|1ac|1g|1y|1z|1c|1t|1w|1o|1q|1v|1b|1ag|1n|1j|1m|1d|1e,7,9.934751861965063,1a|1ae|1ak|1al|1f|1h|1r
12.947509800920521,,,alkyl-aryl-chain,stage2_alt_plus_stage2pp,,2,alkyl-aryl-chain,elastic_net,50.0,50.0,,62.94750980092052,70.97926887869,49.53682596367109,75.6833344403442,48.10314853034761,12.947509800920521,"{""alpha"": 10.0, ""l1_ratio"": 0.2}",alkyl-aryl-chain,family_holdout,ee,1ah,30,1am|1i|1p|1ao|1ab|1af|1x|1u|1l|1aj|1aa|1k|1s|1ac|1g|1y|1z|1c|1t|1w|1o|1q|1v|1b|1ag|1n|1j|1m|1d|1e,7,9.078646941872677,1a|1ae|1ak|1al|1f|1h|1r
22.867573181245547,,,alkyl-aryl-chain,stage2_alt_plus_stage2pp,,2,alkyl-aryl-chain,elastic_net,50.0,50.0,,72.86757318124555,80.89933225901503,59.45688934399612,85.60339782066922,58.023211910672636,22.867573181245547,"{""alpha"": 10.0, ""l1_ratio"": 0.2}",alkyl-aryl-chain,family_holdout,ee,1ai,30,1am|1i|1p|1ao|1ab|1af|1x|1u|1l|1aj|1aa|1k|1s|1ac|1g|1y|1z|1c|1t|1w|1o|1q|1v|1b|1ag|1n|1j|1m|1d|1e,7,9.078646941872677,1a|1ae|1ak|1al|1f|1h|1r
13.34376573333148,,,alkyl-aryl-chain,stage2_alt_plus_stage2pp,,2,alkyl-aryl-chain,lightgbm,50.0,50.0,,63.34376573333148,71.28634546676926,57.46525434299798,74.72171179273846,56.45968397397393,13.34376573333148,"{""learning_rate"": 0.1, ""n_estimators"": 75, ""num_leaves"": 7}",alkyl-aryl-chain,family_holdout,ee,1ah,30,1am|1i|1p|1ao|1ab|1af|1x|1u|1l|1aj|1aa|1k|1s|1ac|1g|1y|1z|1c|1t|1w|1o|1q|1v|1b|1ag|1n|1j|1m|1d|1e,7,5.7174869679367,1a|1ae|1ak|1al|1f|1h|1r
2.991033557717259,,,alkyl-aryl-chain,stage2_alt_plus_stage2pp,,2,alkyl-aryl-chain,lightgbm,50.0,50.0,,47.00896644228274,54.95154617572053,41.13045505194924,58.38691250168973,40.12488468292519,-2.991033557717259,"{""learning_rate"": 0.1, ""n_estimators"": 75, ""num_leaves"": 7}",alkyl-aryl-chain,family_holdout,ee,1ai,30,1am|1i|1p|1ao|1ab|1af|1x|1u|1l|1aj|1aa|1k|1s|1ac|1g|1y|1z|1c|1t|1w|1o|1q|1v|1b|1ag|1n|1j|1m|1d|1e,7,5.7174869679367,1a|1ae|1ak|1al|1f|1h|1r
30.03333333333333,120.03020855608361,40.036458110583055,alkyl-aryl-chain,stage2_alt_plus_stage2pp,20.40656899119912,2,alkyl-aryl-chain,gaussian_process,50.0,50.0,,80.03333333333333,99.86666666666667,68.66666666666666,105.26666666666665,68.21666666666667,30.03333333333333,"{""alpha"": 1e-05, ""kernel"": ""1**2 * RBF(length_scale=2) + WhiteKernel(noise_level=10)""}",alkyl-aryl-chain,family_holdout,ee,1ah,30,1am|1i|1p|1ao|1ab|1af|1x|1u|1l|1aj|1aa|1k|1s|1ac|1g|1y|1z|1c|1t|1w|1o|1q|1v|1b|1ag|1n|1j|1m|1d|1e,7,13.138095238095236,1a|1ae|1ak|1al|1f|1h|1r
30.03333333333333,120.03020855608361,40.036458110583055,alkyl-aryl-chain,stage2_alt_plus_stage2pp,20.40656899119912,2,alkyl-aryl-chain,gaussian_process,50.0,50.0,,80.03333333333333,99.86666666666667,68.66666666666666,105.26666666666665,68.21666666666667,30.03333333333333,"{""alpha"": 1e-05, ""kernel"": ""1**2 * RBF(length_scale=2) + WhiteKernel(noise_level=10)""}",alkyl-aryl-chain,family_holdout,ee,1ai,30,1am|1i|1p|1ao|1ab|1af|1x|1u|1l|1aj|1aa|1k|1s|1ac|1g|1y|1z|1c|1t|1w|1o|1q|1v|1b|1ag|1n|1j|1m|1d|1e,7,13.138095238095236,1a|1ae|1ak|1al|1f|1h|1r
10.458384262515466,,,branched-diaryl-alkyl,stage2_alt_plus_stage2pp,,1,branched-diaryl-alkyl,ridge_regression,72.0,72.0,,61.541615737484534,85.74032449344075,48.82778006972555,99.05641239070292,45.3989292333376,-10.458384262515466,"{""alpha"": 1000.0}",branched-diaryl-alkyl,family_holdout,ee,1ao,30,1l|1am|1af|1y|1s|1x|1i|1ab|1p|1aa|1k|1al|1ac|1g|1u|1z|1c|1t|1w|1o|1q|1v|1ai|1b|1ag|1n|1j|1m|1ah|1d,8,12.589224495468299,1a|1ae|1aj|1ak|1e|1f|1h|1r
1.6639757390407368,,,branched-diaryl-alkyl,stage2_alt_plus_stage2pp,,1,branched-diaryl-alkyl,elastic_net,72.0,72.0,,70.33602426095926,85.77424355025987,58.07511826948564,87.78320461757616,57.23586145223816,-1.6639757390407368,"{""alpha"": 10.0, ""l1_ratio"": 0.2}",branched-diaryl-alkyl,family_holdout,ee,1ao,30,1l|1am|1af|1y|1s|1x|1i|1ab|1p|1aa|1k|1al|1ac|1g|1u|1z|1c|1t|1w|1o|1q|1v|1ai|1b|1ag|1n|1j|1m|1ah|1d,8,9.314480919902007,1a|1ae|1aj|1ak|1e|1f|1h|1r
27.149204696472076,,,branched-diaryl-alkyl,stage2_alt_plus_stage2pp,,1,branched-diaryl-alkyl,lightgbm,72.0,72.0,,44.850795303527924,46.941809409866075,30.022646650411986,49.56039395377991,20.63411176237669,-27.149204696472076,"{""learning_rate"": 0.1, ""n_estimators"": 75, ""num_leaves"": 7}",branched-diaryl-alkyl,family_holdout,ee,1ao,30,1l|1am|1af|1y|1s|1x|1i|1ab|1p|1aa|1k|1al|1ac|1g|1u|1z|1c|1t|1w|1o|1q|1v|1ai|1b|1ag|1n|1j|1m|1ah|1d,8,6.223330559224325,1a|1ae|1aj|1ak|1e|1f|1h|1r
6.86666666666666,119.35120967843784,38.38212365489547,branched-diaryl-alkyl,stage2_alt_plus_stage2pp,20.655379087638362,1,branched-diaryl-alkyl,gaussian_process,72.0,72.0,,78.86666666666666,107.43333333333332,65.73333333333332,112.15833333333333,65.73333333333332,6.86666666666666,"{""alpha"": 1e-05, ""kernel"": ""1**2 * RBF(length_scale=2) + WhiteKernel(noise_level=1)""}",branched-diaryl-alkyl,family_holdout,ee,1ao,30,1l|1am|1af|1y|1s|1x|1i|1ab|1p|1aa|1k|1al|1ac|1g|1u|1z|1c|1t|1w|1o|1q|1v|1ai|1b|1ag|1n|1j|1m|1ah|1d,8,16.90833333333333,1a|1ae|1aj|1ak|1e|1f|1h|1r
20.038618782316263,,,carbonyl-alkyl-aryl,stage2_alt_plus_stage2pp,,3,carbonyl-alkyl-aryl,ridge_regression,53.0,53.0,,73.03861878231626,72.46748238484459,58.85422597523126,75.82139895972298,57.429780435534624,20.038618782316263,"{""alpha"": 10000.0}",carbonyl-alkyl-aryl,family_holdout,ee,1ae,29,1am|1i|1p|1ao|1ab|1x|1u|1l|1aj|1d|1aa|1s|1ac|1j|1y|1z|1v|1f|1o|1t|1w|1b|1q|1ai|1h|1m|1n|1ah|1c,7,8.846620989453715,1a|1ak|1al|1e|1g|1k|1r
15.083821648230469,,,carbonyl-alkyl-aryl,stage2_alt_plus_stage2pp,,3,carbonyl-alkyl-aryl,ridge_regression,61.0,61.0,,76.08382164823047,75.51268525075879,61.899428841145465,78.86660182563719,60.47498330144883,15.083821648230469,"{""alpha"": 10000.0}",carbonyl-alkyl-aryl,family_holdout,ee,1af,29,1am|1i|1p|1ao|1ab|1x|1u|1l|1aj|1d|1aa|1s|1ac|1j|1y|1z|1v|1f|1o|1t|1w|1b|1q|1ai|1h|1m|1n|1ah|1c,7,8.846620989453715,1a|1ak|1al|1e|1g|1k|1r
13.43187197415152,,,carbonyl-alkyl-aryl,stage2_alt_plus_stage2pp,,3,carbonyl-alkyl-aryl,ridge_regression,90.0,90.0,,76.56812802584848,75.9969916283768,62.383735218763476,79.3509082032552,60.95928967906684,-13.43187197415152,"{""alpha"": 10000.0}",carbonyl-alkyl-aryl,family_holdout,ee,1ag,29,1am|1i|1p|1ao|1ab|1x|1u|1l|1aj|1d|1aa|1s|1ac|1j|1y|1z|1v|1f|1o|1t|1w|1b|1q|1ai|1h|1m|1n|1ah|1c,7,8.846620989453715,1a|1ak|1al|1e|1g|1k|1r
18.829143747336275,,,carbonyl-alkyl-aryl,stage2_alt_plus_stage2pp,,3,carbonyl-alkyl-aryl,elastic_net,53.0,53.0,,71.82914374733627,70.5165238271345,57.52330643695426,71.91287373965648,55.62586752734762,18.829143747336275,"{""alpha"": 10.0, ""l1_ratio"": 0.2}",carbonyl-alkyl-aryl,family_holdout,ee,1ae,29,1am|1i|1p|1ao|1ab|1x|1u|1l|1aj|1d|1aa|1s|1ac|1j|1y|1z|1v|1f|1o|1t|1w|1b|1q|1ai|1h|1m|1n|1ah|1c,7,7.592996045061591,1a|1ak|1al|1e|1g|1k|1r
12.798372916298035,,,carbonyl-alkyl-aryl,stage2_alt_plus_stage2pp,,3,carbonyl-alkyl-aryl,elastic_net,61.0,61.0,,73.79837291629804,72.48575299609627,59.49253560591602,73.88210290861824,57.59509669630938,12.798372916298035,"{""alpha"": 10.0, ""l1_ratio"": 0.2}",carbonyl-alkyl-aryl,family_holdout,ee,1af,29,1am|1i|1p|1ao|1ab|1x|1u|1l|1aj|1d|1aa|1s|1ac|1j|1y|1z|1v|1f|1o|1t|1w|1b|1q|1ai|1h|1m|1n|1ah|1c,7,7.592996045061591,1a|1ak|1al|1e|1g|1k|1r
13.179395310158242,,,carbonyl-alkyl-aryl,stage2_alt_plus_stage2pp,,3,carbonyl-alkyl-aryl,elastic_net,90.0,90.0,,76.82060468984176,75.50798476963999,62.51476737945974,76.90433468216196,60.617328469853106,-13.179395310158242,"{""alpha"": 10.0, ""l1_ratio"": 0.2}",carbonyl-alkyl-aryl,family_holdout,ee,1ag,29,1am|1i|1p|1ao|1ab|1x|1u|1l|1aj|1d|1aa|1s|1ac|1j|1y|1z|1v|1f|1o|1t|1w|1b|1q|1ai|1h|1m|1n|1ah|1c,7,7.592996045061591,1a|1ak|1al|1e|1g|1k|1r
11.437625507189907,,,carbonyl-alkyl-aryl,stage2_alt_plus_stage2pp,,3,carbonyl-alkyl-aryl,lightgbm,53.0,53.0,,41.56237449281009,43.05958486613416,24.530597078270166,45.15161502274106,20.69823678402969,-11.437625507189907,"{""learning_rate"": 0.1, ""n_estimators"": 75, ""num_leaves"": 3}",carbonyl-alkyl-aryl,family_holdout,ee,1ae,29,1am|1i|1p|1ao|1ab|1x|1u|1l|1aj|1d|1aa|1s|1ac|1j|1y|1z|1v|1f|1o|1t|1w|1b|1q|1ai|1h|1m|1n|1ah|1c,7,8.720210520794257,1a|1ak|1al|1e|1g|1k|1r
5.2842680545676615,,,carbonyl-alkyl-aryl,stage2_alt_plus_stage2pp,,3,carbonyl-alkyl-aryl,lightgbm,61.0,61.0,,66.28426805456766,67.78147842789173,49.25249064002773,69.87350858449864,45.42013034578726,5.2842680545676615,"{""learning_rate"": 0.1, ""n_estimators"": 75, ""num_leaves"": 3}",carbonyl-alkyl-aryl,family_holdout,ee,1af,29,1am|1i|1p|1ao|1ab|1x|1u|1l|1aj|1d|1aa|1s|1ac|1j|1y|1z|1v|1f|1o|1t|1w|1b|1q|1ai|1h|1m|1n|1ah|1c,7,8.720210520794257,1a|1ak|1al|1e|1g|1k|1r
15.941591808111824,,,carbonyl-alkyl-aryl,stage2_alt_plus_stage2pp,,3,carbonyl-alkyl-aryl,lightgbm,90.0,90.0,,74.05840819188818,75.55561856521224,57.026630777348245,77.64764872181915,53.19427048310777,-15.941591808111824,"{""learning_rate"": 0.1, ""n_estimators"": 75, ""num_leaves"": 3}",carbonyl-alkyl-aryl,family_holdout,ee,1ag,29,1am|1i|1p|1ao|1ab|1x|1u|1l|1aj|1d|1aa|1s|1ac|1j|1y|1z|1v|1f|1o|1t|1w|1b|1q|1ai|1h|1m|1n|1ah|1c,7,8.720210520794257,1a|1ak|1al|1e|1g|1k|1r
24.689655172413794,119.8340925947998,35.54521775002779,carbonyl-alkyl-aryl,stage2_alt_plus_stage2pp,21.50226399101327,3,carbonyl-alkyl-aryl,gaussian_process,53.0,53.0,,77.6896551724138,85.57931034482759,62.179310344827584,89.17931034482758,60.82931034482759,24.689655172413794,"{""alpha"": 1e-05, ""kernel"": ""1**2 * RBF(length_scale=0.5) + WhiteKernel(noise_level=1)""}",carbonyl-alkyl-aryl,family_holdout,ee,1ae,29,1am|1i|1p|1ao|1ab|1x|1u|1l|1aj|1d|1aa|1s|1ac|1j|1y|1z|1v|1f|1o|1t|1w|1b|1q|1ai|1h|1m|1n|1ah|1c,7,12.704433497536945,1a|1ak|1al|1e|1g|1k|1r
16.689655172413794,119.8340925947998,35.54521775002779,carbonyl-alkyl-aryl,stage2_alt_plus_stage2pp,21.50226399101327,3,carbonyl-alkyl-aryl,gaussian_process,61.0,61.0,,77.6896551724138,85.57931034482759,62.179310344827584,89.17931034482758,60.82931034482759,16.689655172413794,"{""alpha"": 1e-05, ""kernel"": ""1**2 * RBF(length_scale=0.5) + WhiteKernel(noise_level=1)""}",carbonyl-alkyl-aryl,family_holdout,ee,1af,29,1am|1i|1p|1ao|1ab|1x|1u|1l|1aj|1d|1aa|1s|1ac|1j|1y|1z|1v|1f|1o|1t|1w|1b|1q|1ai|1h|1m|1n|1ah|1c,7,12.704433497536945,1a|1ak|1al|1e|1g|1k|1r
12.310344827586206,119.8340925947998,35.54521775002779,carbonyl-alkyl-aryl,stage2_alt_plus_stage2pp,21.50226399101327,3,carbonyl-alkyl-aryl,gaussian_process,90.0,90.0,,77.6896551724138,85.57931034482759,62.179310344827584,89.17931034482758,60.82931034482759,-12.310344827586206,"{""alpha"": 1e-05, ""kernel"": ""1**2 * RBF(length_scale=0.5) + WhiteKernel(noise_level=1)""}",carbonyl-alkyl-aryl,family_holdout,ee,1ag,29,1am|1i|1p|1ao|1ab|1x|1u|1l|1aj|1d|1aa|1s|1ac|1j|1y|1z|1v|1f|1o|1t|1w|1b|1q|1ai|1h|1m|1n|1ah|1c,7,12.704433497536945,1a|1ak|1al|1e|1g|1k|1r
3.7639948426761975,,,carbonyl-heterocycle-fused,stage2_alt_plus_stage2pp,,1,carbonyl-heterocycle-fused,ridge_regression,86.0,86.0,,89.7639948426762,113.25838353853308,76.8156906169555,128.9810061037447,73.40947645196863,3.7639948426761975,"{""alpha"": 1000.0}",carbonyl-heterocycle-fused,family_holdout,ee,1u,30,1am|1i|1p|1ao|1ab|1af|1x|1l|1s|1y|1k|1al|1aa|1ac|1g|1z|1t|1c|1w|1o|1q|1v|1ai|1b|1ag|1n|1j|1m|1ah|1d,8,12.63610818413544,1a|1ae|1aj|1ak|1e|1f|1h|1r
2.8453918928213113,,,carbonyl-heterocycle-fused,stage2_alt_plus_stage2pp,,1,carbonyl-heterocycle-fused,elastic_net,86.0,86.0,,88.84539189282131,106.31117174489222,76.10133321919795,110.49535406497657,75.35827875536116,2.8453918928213113,"{""alpha"": 10.0, ""l1_ratio"": 0.2}",carbonyl-heterocycle-fused,family_holdout,ee,1u,30,1am|1i|1p|1ao|1ab|1af|1x|1l|1s|1y|1k|1al|1aa|1ac|1g|1z|1t|1c|1w|1o|1q|1v|1ai|1b|1ag|1n|1j|1m|1ah|1d,8,10.358330077156152,1a|1ae|1aj|1ak|1e|1f|1h|1r
2.8475732125894098,,,carbonyl-heterocycle-fused,stage2_alt_plus_stage2pp,,1,carbonyl-heterocycle-fused,lightgbm,86.0,86.0,,88.84757321258941,94.6801588627441,80.32896100559147,98.13155170364998,79.35288416929764,2.8475732125894098,"{""learning_rate"": 0.1, ""n_estimators"": 75, ""num_leaves"": 7}",carbonyl-heterocycle-fused,family_holdout,ee,1u,30,1am|1i|1p|1ao|1ab|1af|1x|1l|1s|1y|1k|1al|1aa|1ac|1g|1z|1t|1c|1w|1o|1q|1v|1ai|1b|1ag|1n|1j|1m|1ah|1d,8,5.64616743299506,1a|1ae|1aj|1ak|1e|1f|1h|1r
7.599999999999994,118.86830011297494,37.93169988702507,carbonyl-heterocycle-fused,stage2_alt_plus_stage2pp,20.647091894374967,1,carbonyl-heterocycle-fused,gaussian_process,86.0,86.0,,78.4,106.50000000000001,64.80000000000001,111.22500000000002,64.80000000000001,-7.599999999999994,"{""alpha"": 1e-05, ""kernel"": ""1**2 * RBF(length_scale=2) + WhiteKernel(noise_level=10)""}",carbonyl-heterocycle-fused,family_holdout,ee,1u,30,1am|1i|1p|1ao|1ab|1af|1x|1l|1s|1y|1k|1al|1aa|1ac|1g|1z|1t|1c|1w|1o|1q|1v|1ai|1b|1ag|1n|1j|1m|1ah|1d,8,17.024999999999995,1a|1ae|1aj|1ak|1e|1f|1h|1r
56.0,,,cycloalkyl-alkyl-aryl,stage2_alt_plus_stage2pp,,3,cycloalkyl-alkyl-aryl,ridge_regression,44.0,44.0,,100.0,111.2072448713799,87.29193203550395,111.39858887711128,79.67650878757598,56.0,"{""alpha"": 100.0}",cycloalkyl-alkyl-aryl,family_holdout,ee,1aj,29,1i|1am|1p|1ao|1ab|1af|1x|1u|1k|1e|1ac|1s|1aa|1y|1z|1v|1c|1o|1w|1t|1q|1ai|1b|1m|1ag|1n|1h|1j|1ah,7,8.493026479553595,1a|1ae|1d|1f|1g|1l|1r
19.738040702673388,,,cycloalkyl-alkyl-aryl,stage2_alt_plus_stage2pp,,3,cycloalkyl-alkyl-aryl,ridge_regression,65.0,65.0,,45.26195929732661,56.46920416870651,32.55389133283056,56.66054817443789,24.93846808490259,-19.738040702673388,"{""alpha"": 100.0}",cycloalkyl-alkyl-aryl,family_holdout,ee,1ak,29,1i|1am|1p|1ao|1ab|1af|1x|1u|1k|1e|1ac|1s|1aa|1y|1z|1v|1c|1o|1w|1t|1q|1ai|1b|1m|1ag|1n|1h|1j|1ah,7,8.493026479553595,1a|1ae|1d|1f|1g|1l|1r
31.853709224822964,,,cycloalkyl-alkyl-aryl,stage2_alt_plus_stage2pp,,3,cycloalkyl-alkyl-aryl,ridge_regression,73.0,73.0,,41.146290775177036,52.353535646556935,28.438222810680987,52.544879652288316,20.822799562753012,-31.853709224822964,"{""alpha"": 100.0}",cycloalkyl-alkyl-aryl,family_holdout,ee,1al,29,1i|1am|1p|1ao|1ab|1af|1x|1u|1k|1e|1ac|1s|1aa|1y|1z|1v|1c|1o|1w|1t|1q|1ai|1b|1m|1ag|1n|1h|1j|1ah,7,8.493026479553595,1a|1ae|1d|1f|1g|1l|1r
14.34276331164898,,,cycloalkyl-alkyl-aryl,stage2_alt_plus_stage2pp,,3,cycloalkyl-alkyl-aryl,elastic_net,44.0,44.0,,58.34276331164898,68.72888514150821,46.38619753129053,73.10614391459305,45.271973927678566,14.34276331164898,"{""alpha"": 10.0, ""l1_ratio"": 0.2}",cycloalkyl-alkyl-aryl,family_holdout,ee,1aj,29,1i|1am|1p|1ao|1ab|1af|1x|1u|1k|1e|1ac|1s|1aa|1y|1z|1v|1c|1o|1w|1t|1q|1ai|1b|1m|1ag|1n|1h|1j|1ah,7,8.6374047614954,1a|1ae|1d|1f|1g|1l|1r
0.02293295737925405,,,cycloalkyl-alkyl-aryl,stage2_alt_plus_stage2pp,,3,cycloalkyl-alkyl-aryl,elastic_net,65.0,65.0,,64.97706704262075,75.36318887247998,53.02050126226229,79.74044764556481,51.90627765865033,-0.02293295737925405,"{""alpha"": 10.0, ""l1_ratio"": 0.2}",cycloalkyl-alkyl-aryl,family_holdout,ee,1ak,29,1i|1am|1p|1ao|1ab|1af|1x|1u|1k|1e|1ac|1s|1aa|1y|1z|1v|1c|1o|1w|1t|1q|1ai|1b|1m|1ag|1n|1h|1j|1ah,7,8.6374047614954,1a|1ae|1d|1f|1g|1l|1r
10.301819996174117,,,cycloalkyl-alkyl-aryl,stage2_alt_plus_stage2pp,,3,cycloalkyl-alkyl-aryl,elastic_net,73.0,73.0,,62.69818000382588,73.08430183368512,50.74161422346743,77.46156060676995,49.62739061985547,-10.301819996174117,"{""alpha"": 10.0, ""l1_ratio"": 0.2}",cycloalkyl-alkyl-aryl,family_holdout,ee,1al,29,1i|1am|1p|1ao|1ab|1af|1x|1u|1k|1e|1ac|1s|1aa|1y|1z|1v|1c|1o|1w|1t|1q|1ai|1b|1m|1ag|1n|1h|1j|1ah,7,8.6374047614954,1a|1ae|1d|1f|1g|1l|1r
9.33958447722916,,,cycloalkyl-alkyl-aryl,stage2_alt_plus_stage2pp,,3,cycloalkyl-alkyl-aryl,lightgbm,44.0,44.0,,53.33958447722916,53.58992344053127,44.879708638955265,53.62331552354604,40.99244096267843,9.33958447722916,"{""learning_rate"": 0.1, ""n_estimators"": 25, ""num_leaves"": 3}",cycloalkyl-alkyl-aryl,family_holdout,ee,1aj,29,1i|1am|1p|1ao|1ab|1af|1x|1u|1k|1e|1ac|1s|1aa|1y|1z|1v|1c|1o|1w|1t|1q|1ai|1b|1m|1ag|1n|1h|1j|1ah,7,3.376406834470245,1a|1ae|1d|1f|1g|1l|1r
6.3225733029117706,,,cycloalkyl-alkyl-aryl,stage2_alt_plus_stage2pp,,3,cycloalkyl-alkyl-aryl,lightgbm,65.0,65.0,,58.67742669708823,58.92776566039034,50.217550858814334,58.96115774340511,46.3302831825375,-6.3225733029117706,"{""learning_rate"": 0.1, ""n_estimators"": 25, ""num_leaves"": 3}",cycloalkyl-alkyl-aryl,family_holdout,ee,1ak,29,1i|1am|1p|1ao|1ab|1af|1x|1u|1k|1e|1ac|1s|1aa|1y|1z|1v|1c|1o|1w|1t|1q|1ai|1b|1m|1ag|1n|1h|1j|1ah,7,3.376406834470245,1a|1ae|1d|1f|1g|1l|1r
13.958297624268063,,,cycloalkyl-alkyl-aryl,stage2_alt_plus_stage2pp,,3,cycloalkyl-alkyl-aryl,lightgbm,73.0,73.0,,59.04170237573194,59.29204133903405,50.58182653745804,59.32543342204882,46.69455886118121,-13.958297624268063,"{""learning_rate"": 0.1, ""n_estimators"": 25, ""num_leaves"": 3}",cycloalkyl-alkyl-aryl,family_holdout,ee,1al,29,1i|1am|1p|1ao|1ab|1af|1x|1u|1k|1e|1ac|1s|1aa|1y|1z|1v|1c|1o|1w|1t|1q|1ai|1b|1m|1ag|1n|1h|1j|1ah,7,3.376406834470245,1a|1ae|1d|1f|1g|1l|1r
34.79310344827586,120.05215916032165,37.534047736230065,cycloalkyl-alkyl-aryl,stage2_alt_plus_stage2pp,21.050538628594794,3,cycloalkyl-alkyl-aryl,gaussian_process,44.0,44.0,,78.79310344827586,87.18620689655172,66.18620689655171,100.2362068965517,65.73620689655172,34.79310344827586,"{""alpha"": 1e-05, ""kernel"": ""1**2 * RBF(length_scale=2) + WhiteKernel(noise_level=10)""}",cycloalkyl-alkyl-aryl,family_holdout,ee,1aj,29,1i|1am|1p|1ao|1ab|1af|1x|1u|1k|1e|1ac|1s|1aa|1y|1z|1v|1c|1o|1w|1t|1q|1ai|1b|1m|1ag|1n|1h|1j|1ah,7,12.576354679802952,1a|1ae|1d|1f|1g|1l|1r
13.793103448275858,120.05215916032165,37.534047736230065,cycloalkyl-alkyl-aryl,stage2_alt_plus_stage2pp,21.050538628594794,3,cycloalkyl-alkyl-aryl,gaussian_process,65.0,65.0,,78.79310344827586,87.18620689655172,66.18620689655171,100.2362068965517,65.73620689655172,13.793103448275858,"{""alpha"": 1e-05, ""kernel"": ""1**2 * RBF(length_scale=2) + WhiteKernel(noise_level=10)""}",cycloalkyl-alkyl-aryl,family_holdout,ee,1ak,29,1i|1am|1p|1ao|1ab|1af|1x|1u|1k|1e|1ac|1s|1aa|1y|1z|1v|1c|1o|1w|1t|1q|1ai|1b|1m|1ag|1n|1h|1j|1ah,7,12.576354679802952,1a|1ae|1d|1f|1g|1l|1r
5.793103448275858,120.05215916032165,37.534047736230065,cycloalkyl-alkyl-aryl,stage2_alt_plus_stage2pp,21.050538628594794,3,cycloalkyl-alkyl-aryl,gaussian_process,73.0,73.0,,78.79310344827586,87.18620689655172,66.18620689655171,100.2362068965517,65.73620689655172,5.793103448275858,"{""alpha"": 1e-05, ""kernel"": ""1**2 * RBF(length_scale=2) + WhiteKernel(noise_level=10)""}",cycloalkyl-alkyl-aryl,family_holdout,ee,1al,29,1i|1am|1p|1ao|1ab|1af|1x|1u|1k|1e|1ac|1s|1aa|1y|1z|1v|1c|1o|1w|1t|1q|1ai|1b|1m|1ag|1n|1h|1j|1ah,7,12.576354679802952,1a|1ae|1d|1f|1g|1l|1r
15.426719817857986,,,cycloalkyl-aryl,stage2_alt_plus_stage2pp,,1,cycloalkyl-aryl,ridge_regression,45.0,45.0,,60.426719817857986,85.07907666806925,48.227923518804516,101.00917904862195,45.624787092078115,15.426719817857986,"{""alpha"": 1000.0}",cycloalkyl-aryl,family_holdout,ee,1am,30,1i|1al|1u|1ao|1ab|1af|1x|1p|1l|1aa|1k|1s|1ac|1g|1y|1z|1c|1w|1t|1o|1q|1v|1ai|1b|1ag|1n|1j|1m|1ah|1d,8,12.536907990450066,1a|1ae|1aj|1ak|1e|1f|1h|1r
33.161607363291125,,,cycloalkyl-aryl,stage2_alt_plus_stage2pp,,1,cycloalkyl-aryl,elastic_net,45.0,45.0,,78.16160736329113,93.96341686307262,63.75472551865901,102.8468684938748,61.887948334243276,33.161607363291125,"{""alpha"": 1.0, ""l1_ratio"": 1.0}",cycloalkyl-aryl,family_holdout,ee,1am,30,1i|1al|1u|1ao|1ab|1af|1x|1p|1l|1aa|1k|1s|1ac|1g|1y|1z|1c|1w|1t|1o|1q|1v|1ai|1b|1ag|1n|1j|1m|1ah|1d,8,10.447955959409553,1a|1ae|1aj|1ak|1e|1f|1h|1r
20.44129701445415,,,cycloalkyl-aryl,stage2_alt_plus_stage2pp,,1,cycloalkyl-aryl,lightgbm,45.0,45.0,,65.44129701445415,71.11333431108515,48.38830978251414,72.39789774228466,45.44320479973244,20.44129701445415,"{""learning_rate"": 0.1, ""n_estimators"": 25, ""num_leaves"": 3}",cycloalkyl-aryl,family_holdout,ee,1am,30,1i|1al|1u|1ao|1ab|1af|1x|1p|1l|1aa|1k|1s|1ac|1g|1y|1z|1c|1w|1t|1o|1q|1v|1ai|1b|1ag|1n|1j|1m|1ah|1d,8,7.681181539482663,1a|1ae|1aj|1ak|1e|1f|1h|1r
34.766666666666666,118.43260631790864,41.1007270154247,cycloalkyl-aryl,stage2_alt_plus_stage2pp,19.72752023022549,1,cycloalkyl-aryl,gaussian_process,45.0,45.0,,79.76666666666667,109.23333333333333,67.53333333333333,113.95833333333334,67.53333333333333,34.766666666666666,"{""alpha"": 1e-05, ""kernel"": ""1**2 * RBF(length_scale=0.5) + WhiteKernel(noise_level=1)""}",cycloalkyl-aryl,family_holdout,ee,1am,30,1i|1al|1u|1ao|1ab|1af|1x|1p|1l|1aa|1k|1s|1ac|1g|1y|1z|1c|1w|1t|1o|1q|1v|1ai|1b|1ag|1n|1j|1m|1ah|1d,8,16.683333333333334,1a|1ae|1aj|1ak|1e|1f|1h|1r
4.8045797921702444,,,diaryl-ethyl-aryl-substituted,stage2_alt_plus_stage2pp,,12,diaryl-ethyl-aryl-substituted,ridge_regression,80.0,80.0,,75.19542020782976,100.44946453424285,59.80549286122955,104.57472691124921,58.04320309055288,-4.8045797921702444,"{""alpha"": 10000.0}",diaryl-ethyl-aryl-substituted,family_holdout,ee,1b,22,1am|1q|1ao|1ab|1af|1x|1s|1al|1y|1ac|1z|1w|1u|1aa|1v|1o|1t|1p|1ai|1ag|1n|1ah,5,16.530929577080947,1a|1ae|1aj|1ak|1r
16.5092375569091,,,diaryl-ethyl-aryl-substituted,stage2_alt_plus_stage2pp,,12,diaryl-ethyl-aryl-substituted,ridge_regression,92.0,92.0,,75.4907624430909,100.744806769504,60.1008350964907,104.87006914651036,58.338545325814025,-16.5092375569091,"{""alpha"": 10000.0}",diaryl-ethyl-aryl-substituted,family_holdout,ee,1c,22,1am|1q|1ao|1ab|1af|1x|1s|1al|1y|1ac|1z|1w|1u|1aa|1v|1o|1t|1p|1ai|1ag|1n|1ah,5,16.530929577080947,1a|1ae|1aj|1ak|1r
14.992873541029411,,,diaryl-ethyl-aryl-substituted,stage2_alt_plus_stage2pp,,12,diaryl-ethyl-aryl-substituted,ridge_regression,90.0,90.0,,75.00712645897059,100.26117078538368,59.617199112370386,104.38643316239005,57.85490934169371,-14.992873541029411,"{""alpha"": 10000.0}",diaryl-ethyl-aryl-substituted,family_holdout,ee,1d,22,1am|1q|1ao|1ab|1af|1x|1s|1al|1y|1ac|1z|1w|1u|1aa|1v|1o|1t|1p|1ai|1ag|1n|1ah,5,16.530929577080947,1a|1ae|1aj|1ak|1r
10.956731172889704,,,diaryl-ethyl-aryl-substituted,stage2_alt_plus_stage2pp,,12,diaryl-ethyl-aryl-substituted,ridge_regression,92.0,92.0,,81.0432688271103,106.29731315352339,65.6533414805101,110.42257553052976,63.89105170983342,-10.956731172889704,"{""alpha"": 10000.0}",diaryl-ethyl-aryl-substituted,family_holdout,ee,1e,22,1am|1q|1ao|1ab|1af|1x|1s|1al|1y|1ac|1z|1w|1u|1aa|1v|1o|1t|1p|1ai|1ag|1n|1ah,5,16.530929577080947,1a|1ae|1aj|1ak|1r
13.782474348689448,,,diaryl-ethyl-aryl-substituted,stage2_alt_plus_stage2pp,,12,diaryl-ethyl-aryl-substituted,ridge_regression,90.0,90.0,,76.21752565131055,101.47156997772365,60.82759830471035,105.59683235473001,59.065308534033676,-13.782474348689448,"{""alpha"": 10000.0}",diaryl-ethyl-aryl-substituted,family_holdout,ee,1f,22,1am|1q|1ao|1ab|1af|1x|1s|1al|1y|1ac|1z|1w|1u|1aa|1v|1o|1t|1p|1ai|1ag|1n|1ah,5,16.530929577080947,1a|1ae|1aj|1ak|1r
11.745979176506467,,,diaryl-ethyl-aryl-substituted,stage2_alt_plus_stage2pp,,12,diaryl-ethyl-aryl-substituted,ridge_regression,90.0,90.0,,78.25402082349353,103.50806514990663,62.86409347689333,107.63332752691299,61.10180370621666,-11.745979176506467,"{""alpha"": 10000.0}",diaryl-ethyl-aryl-substituted,family_holdout,ee,1g,22,1am|1q|1ao|1ab|1af|1x|1s|1al|1y|1ac|1z|1w|1u|1aa|1v|1o|1t|1p|1ai|1ag|1n|1ah,5,16.530929577080947,1a|1ae|1aj|1ak|1r
12.12077075315166,,,diaryl-ethyl-aryl-substituted,stage2_alt_plus_stage2pp,,12,diaryl-ethyl-aryl-substituted,ridge_regression,90.0,90.0,,77.87922924684834,103.13327357326143,62.48930190024814,107.2585359502678,60.72701212957146,-12.12077075315166,"{""alpha"": 10000.0}",diaryl-ethyl-aryl-substituted,family_holdout,ee,1h,22,1am|1q|1ao|1ab|1af|1x|1s|1al|1y|1ac|1z|1w|1u|1aa|1v|1o|1t|1p|1ai|1ag|1n|1ah,5,16.530929577080947,1a|1ae|1aj|1ak|1r
2.724397676782246,,,diaryl-ethyl-aryl-substituted,stage2_alt_plus_stage2pp,,12,diaryl-ethyl-aryl-substituted,ridge_regression,73.0,73.0,,75.72439767678225,100.97844200319534,60.33447033018204,105.1037043802017,58.57218055950537,2.724397676782246,"{""alpha"": 10000.0}",diaryl-ethyl-aryl-substituted,family_holdout,ee,1i,22,1am|1q|1ao|1ab|1af|1x|1s|1al|1y|1ac|1z|1w|1u|1aa|1v|1o|1t|1p|1ai|1ag|1n|1ah,5,16.530929577080947,1a|1ae|1aj|1ak|1r
20.292764861280048,,,diaryl-ethyl-aryl-substituted,stage2_alt_plus_stage2pp,,12,diaryl-ethyl-aryl-substituted,ridge_regression,95.0,95.0,,74.70723513871995,99.96127946513305,59.31730779211975,104.08654184213941,57.555018021443075,-20.292764861280048,"{""alpha"": 10000.0}",diaryl-ethyl-aryl-substituted,family_holdout,ee,1j,22,1am|1q|1ao|1ab|1af|1x|1s|1al|1y|1ac|1z|1w|1u|1aa|1v|1o|1t|1p|1ai|1ag|1n|1ah,5,16.530929577080947,1a|1ae|1aj|1ak|1r
19.234088813512983,,,diaryl-ethyl-aryl-substituted,stage2_alt_plus_stage2pp,,12,diaryl-ethyl-aryl-substituted,ridge_regression,95.0,95.0,,75.76591118648702,101.01995551290011,60.375983839886814,105.14521788990648,58.61369406921014,-19.234088813512983,"{""alpha"": 10000.0}",diaryl-ethyl-aryl-substituted,family_holdout,ee,1k,22,1am|1q|1ao|1ab|1af|1x|1s|1al|1y|1ac|1z|1w|1u|1aa|1v|1o|1t|1p|1ai|1ag|1n|1ah,5,16.530929577080947,1a|1ae|1aj|1ak|1r
2.010382242908719,,,diaryl-ethyl-aryl-substituted,stage2_alt_plus_stage2pp,,12,diaryl-ethyl-aryl-substituted,ridge_regression,82.0,82.0,,79.98961775709128,105.24366208350438,64.59969041049108,109.36892446051074,62.837400639814405,-2.010382242908719,"{""alpha"": 10000.0}",diaryl-ethyl-aryl-substituted,family_holdout,ee,1l,22,1am|1q|1ao|1ab|1af|1x|1s|1al|1y|1ac|1z|1w|1u|1aa|1v|1o|1t|1p|1ai|1ag|1n|1ah,5,16.530929577080947,1a|1ae|1aj|1ak|1r
16.23154991424559,,,diaryl-ethyl-aryl-substituted,stage2_alt_plus_stage2pp,,12,diaryl-ethyl-aryl-substituted,ridge_regression,94.0,94.0,,77.76845008575441,103.0224944121675,62.37852273915421,107.14775678917387,60.61623296847753,-16.23154991424559,"{""alpha"": 10000.0}",diaryl-ethyl-aryl-substituted,family_holdout,ee,1m,22,1am|1q|1ao|1ab|1af|1x|1s|1al|1y|1ac|1z|1w|1u|1aa|1v|1o|1t|1p|1ai|1ag|1n|1ah,5,16.530929577080947,1a|1ae|1aj|1ak|1r
2.5021409213496497,,,diaryl-ethyl-aryl-substituted,stage2_alt_plus_stage2pp,,12,diaryl-ethyl-aryl-substituted,elastic_net,80.0,80.0,,77.49785907865035,93.84631215359879,65.65881243261802,95.59639457484164,63.82603112479926,-2.5021409213496497,"{""alpha"": 10.0, ""l1_ratio"": 0.5}",diaryl-ethyl-aryl-substituted,family_holdout,ee,1b,22,1am|1q|1ao|1ab|1af|1x|1s|1al|1y|1ac|1z|1w|1u|1aa|1v|1o|1t|1p|1ai|1ag|1n|1ah,5,12.050772778676984,1a|1ae|1aj|1ak|1r
19.78917352203345,,,diaryl-ethyl-aryl-substituted,stage2_alt_plus_stage2pp,,12,diaryl-ethyl-aryl-substituted,elastic_net,92.0,92.0,,72.21082647796655,88.55927955291499,60.37177983193421,90.30936197415784,58.538998524115456,-19.78917352203345,"{""alpha"": 10.0, ""l1_ratio"": 0.5}",diaryl-ethyl-aryl-substituted,family_holdout,ee,1c,22,1am|1q|1ao|1ab|1af|1x|1s|1al|1y|1ac|1z|1w|1u|1aa|1v|1o|1t|1p|1ai|1ag|1n|1ah,5,12.050772778676984,1a|1ae|1aj|1ak|1r
24.79657528229076,,,diaryl-ethyl-aryl-substituted,stage2_alt_plus_stage2pp,,12,diaryl-ethyl-aryl-substituted,elastic_net,90.0,90.0,,65.20342471770924,81.55187779265768,53.3643780716769,83.30196021390054,51.53159676385815,-24.79657528229076,"{""alpha"": 10.0, ""l1_ratio"": 0.5}",diaryl-ethyl-aryl-substituted,family_holdout,ee,1d,22,1am|1q|1ao|1ab|1af|1x|1s|1al|1y|1ac|1z|1w|1u|1aa|1v|1o|1t|1p|1ai|1ag|1n|1ah,5,12.050772778676984,1a|1ae|1aj|1ak|1r
9.07485964543362,,,diaryl-ethyl-aryl-substituted,stage2_alt_plus_stage2pp,,12,diaryl-ethyl-aryl-substituted,elastic_net,92.0,92.0,,82.92514035456638,99.27359342951482,71.08609370853405,101.02367585075768,69.25331240071529,-9.07485964543362,"{""alpha"": 10.0, ""l1_ratio"": 0.5}",diaryl-ethyl-aryl-substituted,family_holdout,ee,1e,22,1am|1q|1ao|1ab|1af|1x|1s|1al|1y|1ac|1z|1w|1u|1aa|1v|1o|1t|1p|1ai|1ag|1n|1ah,5,12.050772778676984,1a|1ae|1aj|1ak|1r
12.323715317677326,,,diaryl-ethyl-aryl-substituted,stage2_alt_plus_stage2pp,,12,diaryl-ethyl-aryl-substituted,elastic_net,90.0,90.0,,77.67628468232267,94.02473775727111,65.83723803629034,95.77482017851398,64.00445672847158,-12.323715317677326,"{""alpha"": 10.0, ""l1_ratio"": 0.5}",diaryl-ethyl-aryl-substituted,family_holdout,ee,1f,22,1am|1q|1ao|1ab|1af|1x|1s|1al|1y|1ac|1z|1w|1u|1aa|1v|1o|1t|1p|1ai|1ag|1n|1ah,5,12.050772778676984,1a|1ae|1aj|1ak|1r
9.219906997083768,,,diaryl-ethyl-aryl-substituted,stage2_alt_plus_stage2pp,,12,diaryl-ethyl-aryl-substituted,elastic_net,90.0,90.0,,80.78009300291623,97.12854607786467,68.9410463568839,98.87862849910752,67.10826504906514,-9.219906997083768,"{""alpha"": 10.0, ""l1_ratio"": 0.5}",diaryl-ethyl-aryl-substituted,family_holdout,ee,1g,22,1am|1q|1ao|1ab|1af|1x|1s|1al|1y|1ac|1z|1w|1u|1aa|1v|1o|1t|1p|1ai|1ag|1n|1ah,5,12.050772778676984,1a|1ae|1aj|1ak|1r
10.71409544395452,,,diaryl-ethyl-aryl-substituted,stage2_alt_plus_stage2pp,,12,diaryl-ethyl-aryl-substituted,elastic_net,90.0,90.0,,79.28590455604548,95.63435763099392,67.44685791001315,97.38444005223678,65.61407660219439,-10.71409544395452,"{""alpha"": 10.0, ""l1_ratio"": 0.5}",diaryl-ethyl-aryl-substituted,family_holdout,ee,1h,22,1am|1q|1ao|1ab|1af|1x|1s|1al|1y|1ac|1z|1w|1u|1aa|1v|1o|1t|1p|1ai|1ag|1n|1ah,5,12.050772778676984,1a|1ae|1aj|1ak|1r
3.689703207995933,,,diaryl-ethyl-aryl-substituted,stage2_alt_plus_stage2pp,,12,diaryl-ethyl-aryl-substituted,elastic_net,73.0,73.0,,76.68970320799593,93.03815628294437,64.8506565619636,94.78823870418722,63.01787525414484,3.689703207995933,"{""alpha"": 10.0, ""l1_ratio"": 0.5}",diaryl-ethyl-aryl-substituted,family_holdout,ee,1i,22,1am|1q|1ao|1ab|1af|1x|1s|1al|1y|1ac|1z|1w|1u|1aa|1v|1o|1t|1p|1ai|1ag|1n|1ah,5,12.050772778676984,1a|1ae|1aj|1ak|1r
21.139988717577978,,,diaryl-ethyl-aryl-substituted,stage2_alt_plus_stage2pp,,12,diaryl-ethyl-aryl-substituted,elastic_net,95.0,95.0,,73.86001128242202,90.20846435737046,62.020964636389685,91.95854677861331,60.18818332857093,-21.139988717577978,"{""alpha"": 10.0, ""l1_ratio"": 0.5}",diaryl-ethyl-aryl-substituted,family_holdout,ee,1j,22,1am|1q|1ao|1ab|1af|1x|1s|1al|1y|1ac|1z|1w|1u|1aa|1v|1o|1t|1p|1ai|1ag|1n|1ah,5,12.050772778676984,1a|1ae|1aj|1ak|1r
23.391463440756723,,,diaryl-ethyl-aryl-substituted,stage2_alt_plus_stage2pp,,12,diaryl-ethyl-aryl-substituted,elastic_net,95.0,95.0,,71.60853655924328,87.95698963419171,59.76948991321094,89.70707205543457,57.936708605392184,-23.391463440756723,"{""alpha"": 10.0, ""l1_ratio"": 0.5}",diaryl-ethyl-aryl-substituted,family_holdout,ee,1k,22,1am|1q|1ao|1ab|1af|1x|1s|1al|1y|1ac|1z|1w|1u|1aa|1v|1o|1t|1p|1ai|1ag|1n|1ah,5,12.050772778676984,1a|1ae|1aj|1ak|1r
0.15253549204064143,,,diaryl-ethyl-aryl-substituted,stage2_alt_plus_stage2pp,,12,diaryl-ethyl-aryl-substituted,elastic_net,82.0,82.0,,82.15253549204064,98.50098856698908,70.31348884600831,100.25107098823193,68.48070753818955,0.15253549204064143,"{""alpha"": 10.0, ""l1_ratio"": 0.5}",diaryl-ethyl-aryl-substituted,family_holdout,ee,1l,22,1am|1q|1ao|1ab|1af|1x|1s|1al|1y|1ac|1z|1w|1u|1aa|1v|1o|1t|1p|1ai|1ag|1n|1ah,5,12.050772778676984,1a|1ae|1aj|1ak|1r
15.815965515102675,,,diaryl-ethyl-aryl-substituted,stage2_alt_plus_stage2pp,,12,diaryl-ethyl-aryl-substituted,elastic_net,94.0,94.0,,78.18403448489732,94.53248755984576,66.344987838865,96.28256998108861,64.51220653104623,-15.815965515102675,"{""alpha"": 10.0, ""l1_ratio"": 0.5}",diaryl-ethyl-aryl-substituted,family_holdout,ee,1m,22,1am|1q|1ao|1ab|1af|1x|1s|1al|1y|1ac|1z|1w|1u|1aa|1v|1o|1t|1p|1ai|1ag|1n|1ah,5,12.050772778676984,1a|1ae|1aj|1ak|1r
23.286193675079822,,,diaryl-ethyl-aryl-substituted,stage2_alt_plus_stage2pp,,12,diaryl-ethyl-aryl-substituted,lightgbm,80.0,80.0,,56.71380632492018,63.89499223520051,47.952225051666204,65.11498662370924,43.35831424161984,-23.286193675079822,"{""learning_rate"": 0.1, ""n_estimators"": 75, ""num_leaves"": 3}",diaryl-ethyl-aryl-substituted,family_holdout,ee,1b,22,1am|1q|1ao|1ab|1af|1x|1s|1al|1y|1ac|1z|1w|1u|1aa|1v|1o|1t|1p|1ai|1ag|1n|1ah,5,5.9468591673515885,1a|1ae|1aj|1ak|1r
2.47974590324651,,,diaryl-ethyl-aryl-substituted,stage2_alt_plus_stage2pp,,12,diaryl-ethyl-aryl-substituted,lightgbm,92.0,92.0,,89.52025409675349,96.70144000703382,80.75867282349951,97.92143439554255,76.16476201345316,-2.47974590324651,"{""learning_rate"": 0.1, ""n_estimators"": 75, ""num_leaves"": 3}",diaryl-ethyl-aryl-substituted,family_holdout,ee,1c,22,1am|1q|1ao|1ab|1af|1x|1s|1al|1y|1ac|1z|1w|1u|1aa|1v|1o|1t|1p|1ai|1ag|1n|1ah,5,5.9468591673515885,1a|1ae|1aj|1ak|1r
16.48362076952904,,,diaryl-ethyl-aryl-substituted,stage2_alt_plus_stage2pp,,12,diaryl-ethyl-aryl-substituted,lightgbm,90.0,90.0,,73.51637923047096,80.6975651407513,64.75479795721698,81.91755952926002,60.16088714717063,-16.48362076952904,"{""learning_rate"": 0.1, ""n_estimators"": 75, ""num_leaves"": 3}",diaryl-ethyl-aryl-substituted,family_holdout,ee,1d,22,1am|1q|1ao|1ab|1af|1x|1s|1al|1y|1ac|1z|1w|1u|1aa|1v|1o|1t|1p|1ai|1ag|1n|1ah,5,5.9468591673515885,1a|1ae|1aj|1ak|1r
34.21035301227243,,,diaryl-ethyl-aryl-substituted,stage2_alt_plus_stage2pp,,12,diaryl-ethyl-aryl-substituted,lightgbm,92.0,92.0,,57.78964698772757,64.9708328980079,49.0280657144736,66.19082728651664,44.43415490442723,-34.21035301227243,"{""learning_rate"": 0.1, ""n_estimators"": 75, ""num_leaves"": 3}",diaryl-ethyl-aryl-substituted,family_holdout,ee,1e,22,1am|1q|1ao|1ab|1af|1x|1s|1al|1y|1ac|1z|1w|1u|1aa|1v|1o|1t|1p|1ai|1ag|1n|1ah,5,5.9468591673515885,1a|1ae|1aj|1ak|1r
8.169066776156228,,,diaryl-ethyl-aryl-substituted,stage2_alt_plus_stage2pp,,12,diaryl-ethyl-aryl-substituted,lightgbm,90.0,90.0,,81.83093322384377,89.0121191341241,73.06935195058979,90.23211352263283,68.47544114054344,-8.169066776156228,"{""learning_rate"": 0.1, ""n_estimators"": 75, ""num_leaves"": 3}",diaryl-ethyl-aryl-substituted,family_holdout,ee,1f,22,1am|1q|1ao|1ab|1af|1x|1s|1al|1y|1ac|1z|1w|1u|1aa|1v|1o|1t|1p|1ai|1ag|1n|1ah,5,5.9468591673515885,1a|1ae|1aj|1ak|1r
19.88213267535329,,,diaryl-ethyl-aryl-substituted,stage2_alt_plus_stage2pp,,12,diaryl-ethyl-aryl-substituted,lightgbm,90.0,90.0,,70.11786732464671,77.29905323492704,61.35628605139273,78.51904762343577,56.762375241346376,-19.88213267535329,"{""learning_rate"": 0.1, ""n_estimators"": 75, ""num_leaves"": 3}",diaryl-ethyl-aryl-substituted,family_holdout,ee,1g,22,1am|1q|1ao|1ab|1af|1x|1s|1al|1y|1ac|1z|1w|1u|1aa|1v|1o|1t|1p|1ai|1ag|1n|1ah,5,5.9468591673515885,1a|1ae|1aj|1ak|1r
16.752851132250285,,,diaryl-ethyl-aryl-substituted,stage2_alt_plus_stage2pp,,12,diaryl-ethyl-aryl-substituted,lightgbm,90.0,90.0,,73.24714886774971,80.42833477803005,64.48556759449573,81.64832916653877,59.89165678444938,-16.752851132250285,"{""learning_rate"": 0.1, ""n_estimators"": 75, ""num_leaves"": 3}",diaryl-ethyl-aryl-substituted,family_holdout,ee,1h,22,1am|1q|1ao|1ab|1af|1x|1s|1al|1y|1ac|1z|1w|1u|1aa|1v|1o|1t|1p|1ai|1ag|1n|1ah,5,5.9468591673515885,1a|1ae|1aj|1ak|1r
4.756708017319866,,,diaryl-ethyl-aryl-substituted,stage2_alt_plus_stage2pp,,12,diaryl-ethyl-aryl-substituted,lightgbm,73.0,73.0,,77.75670801731987,84.9378939276002,68.99512674406589,86.15788831610892,64.40121593401953,4.756708017319866,"{""learning_rate"": 0.1, ""n_estimators"": 75, ""num_leaves"": 3}",diaryl-ethyl-aryl-substituted,family_holdout,ee,1i,22,1am|1q|1ao|1ab|1af|1x|1s|1al|1y|1ac|1z|1w|1u|1aa|1v|1o|1t|1p|1ai|1ag|1n|1ah,5,5.9468591673515885,1a|1ae|1aj|1ak|1r
8.900727844798496,,,diaryl-ethyl-aryl-substituted,stage2_alt_plus_stage2pp,,12,diaryl-ethyl-aryl-substituted,lightgbm,95.0,95.0,,86.0992721552015,93.28045806548184,77.33769088194752,94.50045245399056,72.74378007190117,-8.900727844798496,"{""learning_rate"": 0.1, ""n_estimators"": 75, ""num_leaves"": 3}",diaryl-ethyl-aryl-substituted,family_holdout,ee,1j,22,1am|1q|1ao|1ab|1af|1x|1s|1al|1y|1ac|1z|1w|1u|1aa|1v|1o|1t|1p|1ai|1ag|1n|1ah,5,5.9468591673515885,1a|1ae|1aj|1ak|1r
5.273805206670531,,,diaryl-ethyl-aryl-substituted,stage2_alt_plus_stage2pp,,12,diaryl-ethyl-aryl-substituted,lightgbm,95.0,95.0,,89.72619479332947,96.9073807036098,80.96461352007549,98.12737509211853,76.37070271002914,-5.273805206670531,"{""learning_rate"": 0.1, ""n_estimators"": 75, ""num_leaves"": 3}",diaryl-ethyl-aryl-substituted,family_holdout,ee,1k,22,1am|1q|1ao|1ab|1af|1x|1s|1al|1y|1ac|1z|1w|1u|1aa|1v|1o|1t|1p|1ai|1ag|1n|1ah,5,5.9468591673515885,1a|1ae|1aj|1ak|1r
18.31758723571747,,,diaryl-ethyl-aryl-substituted,stage2_alt_plus_stage2pp,,12,diaryl-ethyl-aryl-substituted,lightgbm,82.0,82.0,,63.68241276428253,70.86359867456287,54.92083149102855,72.08359306307159,50.3269206809822,-18.31758723571747,"{""learning_rate"": 0.1, ""n_estimators"": 75, ""num_leaves"": 3}",diaryl-ethyl-aryl-substituted,family_holdout,ee,1l,22,1am|1q|1ao|1ab|1af|1x|1s|1al|1y|1ac|1z|1w|1u|1aa|1v|1o|1t|1p|1ai|1ag|1n|1ah,5,5.9468591673515885,1a|1ae|1aj|1ak|1r
27.438177372905812,,,diaryl-ethyl-aryl-substituted,stage2_alt_plus_stage2pp,,12,diaryl-ethyl-aryl-substituted,lightgbm,94.0,94.0,,66.56182262709419,73.74300853737452,57.80024135384021,74.96300292588325,53.206330543793854,-27.438177372905812,"{""learning_rate"": 0.1, ""n_estimators"": 75, ""num_leaves"": 3}",diaryl-ethyl-aryl-substituted,family_holdout,ee,1m,22,1am|1q|1ao|1ab|1af|1x|1s|1al|1y|1ac|1z|1w|1u|1aa|1v|1o|1t|1p|1ai|1ag|1n|1ah,5,5.9468591673515885,1a|1ae|1aj|1ak|1r
5.13636363636364,119.24186682225297,30.485405905019753,diaryl-ethyl-aryl-substituted,stage2_alt_plus_stage2pp,22.64195431562072,12,diaryl-ethyl-aryl-substituted,gaussian_process,80.0,80.0,,74.86363636363636,102.12727272727273,58.12727272727272,104.82727272727271,57.82727272727272,-5.13636363636364,"{""alpha"": 1e-05, ""kernel"": ""1**2 * RBF(length_scale=0.5) + WhiteKernel(noise_level=1)""}",diaryl-ethyl-aryl-substituted,family_holdout,ee,1b,22,1am|1q|1ao|1ab|1af|1x|1s|1al|1y|1ac|1z|1w|1u|1aa|1v|1o|1t|1p|1ai|1ag|1n|1ah,5,19.172727272727272,1a|1ae|1aj|1ak|1r
17.13636363636364,119.24186682225297,30.485405905019753,diaryl-ethyl-aryl-substituted,stage2_alt_plus_stage2pp,22.64195431562072,12,diaryl-ethyl-aryl-substituted,gaussian_process,92.0,92.0,,74.86363636363636,102.12727272727273,58.12727272727272,104.82727272727271,57.82727272727272,-17.13636363636364,"{""alpha"": 1e-05, ""kernel"": ""1**2 * RBF(length_scale=0.5) + WhiteKernel(noise_level=1)""}",diaryl-ethyl-aryl-substituted,family_holdout,ee,1c,22,1am|1q|1ao|1ab|1af|1x|1s|1al|1y|1ac|1z|1w|1u|1aa|1v|1o|1t|1p|1ai|1ag|1n|1ah,5,19.172727272727272,1a|1ae|1aj|1ak|1r
15.13636363636364,119.24186682225297,30.485405905019753,diaryl-ethyl-aryl-substituted,stage2_alt_plus_stage2pp,22.64195431562072,12,diaryl-ethyl-aryl-substituted,gaussian_process,90.0,90.0,,74.86363636363636,102.12727272727273,58.12727272727272,104.82727272727271,57.82727272727272,-15.13636363636364,"{""alpha"": 1e-05, ""kernel"": ""1**2 * RBF(length_scale=0.5) + WhiteKernel(noise_level=1)""}",diaryl-ethyl-aryl-substituted,family_holdout,ee,1d,22,1am|1q|1ao|1ab|1af|1x|1s|1al|1y|1ac|1z|1w|1u|1aa|1v|1o|1t|1p|1ai|1ag|1n|1ah,5,19.172727272727272,1a|1ae|1aj|1ak|1r
17.13636363636364,119.24186682225297,30.485405905019753,diaryl-ethyl-aryl-substituted,stage2_alt_plus_stage2pp,22.64195431562072,12,diaryl-ethyl-aryl-substituted,gaussian_process,92.0,92.0,,74.86363636363636,102.12727272727273,58.12727272727272,104.82727272727271,57.82727272727272,-17.13636363636364,"{""alpha"": 1e-05, ""kernel"": ""1**2 * RBF(length_scale=0.5) + WhiteKernel(noise_level=1)""}",diaryl-ethyl-aryl-substituted,family_holdout,ee,1e,22,1am|1q|1ao|1ab|1af|1x|1s|1al|1y|1ac|1z|1w|1u|1aa|1v|1o|1t|1p|1ai|1ag|1n|1ah,5,19.172727272727272,1a|1ae|1aj|1ak|1r
15.13636363636364,119.24186682225297,30.485405905019753,diaryl-ethyl-aryl-substituted,stage2_alt_plus_stage2pp,22.64195431562072,12,diaryl-ethyl-aryl-substituted,gaussian_process,90.0,90.0,,74.86363636363636,102.12727272727273,58.12727272727272,104.82727272727271,57.82727272727272,-15.13636363636364,"{""alpha"": 1e-05, ""kernel"": ""1**2 * RBF(length_scale=0.5) + WhiteKernel(noise_level=1)""}",diaryl-ethyl-aryl-substituted,family_holdout,ee,1f,22,1am|1q|1ao|1ab|1af|1x|1s|1al|1y|1ac|1z|1w|1u|1aa|1v|1o|1t|1p|1ai|1ag|1n|1ah,5,19.172727272727272,1a|1ae|1aj|1ak|1r
15.13636363636364,119.24186682225297,30.485405905019753,diaryl-ethyl-aryl-substituted,stage2_alt_plus_stage2pp,22.64195431562072,12,diaryl-ethyl-aryl-substituted,gaussian_process,90.0,90.0,,74.86363636363636,102.12727272727273,58.12727272727272,104.82727272727271,57.82727272727272,-15.13636363636364,"{""alpha"": 1e-05, ""kernel"": ""1**2 * RBF(length_scale=0.5) + WhiteKernel(noise_level=1)""}",diaryl-ethyl-aryl-substituted,family_holdout,ee,1g,22,1am|1q|1ao|1ab|1af|1x|1s|1al|1y|1ac|1z|1w|1u|1aa|1v|1o|1t|1p|1ai|1ag|1n|1ah,5,19.172727272727272,1a|1ae|1aj|1ak|1r
15.13636363636364,119.24186682225297,30.485405905019753,diaryl-ethyl-aryl-substituted,stage2_alt_plus_stage2pp,22.64195431562072,12,diaryl-ethyl-aryl-substituted,gaussian_process,90.0,90.0,,74.86363636363636,102.12727272727273,58.12727272727272,104.82727272727271,57.82727272727272,-15.13636363636364,"{""alpha"": 1e-05, ""kernel"": ""1**2 * RBF(length_scale=0.5) + WhiteKernel(noise_level=1)""}",diaryl-ethyl-aryl-substituted,family_holdout,ee,1h,22,1am|1q|1ao|1ab|1af|1x|1s|1al|1y|1ac|1z|1w|1u|1aa|1v|1o|1t|1p|1ai|1ag|1n|1ah,5,19.172727272727272,1a|1ae|1aj|1ak|1r
1.8636363636363598,119.24186682225297,30.485405905019753,diaryl-ethyl-aryl-substituted,stage2_alt_plus_stage2pp,22.64195431562072,12,diaryl-ethyl-aryl-substituted,gaussian_process,73.0,73.0,,74.86363636363636,102.12727272727273,58.12727272727272,104.82727272727271,57.82727272727272,1.8636363636363598,"{""alpha"": 1e-05, ""kernel"": ""1**2 * RBF(length_scale=0.5) + WhiteKernel(noise_level=1)""}",diaryl-ethyl-aryl-substituted,family_holdout,ee,1i,22,1am|1q|1ao|1ab|1af|1x|1s|1al|1y|1ac|1z|1w|1u|1aa|1v|1o|1t|1p|1ai|1ag|1n|1ah,5,19.172727272727272,1a|1ae|1aj|1ak|1r
20.13636363636364,119.24186682225297,30.485405905019753,diaryl-ethyl-aryl-substituted,stage2_alt_plus_stage2pp,22.64195431562072,12,diaryl-ethyl-aryl-substituted,gaussian_process,95.0,95.0,,74.86363636363636,102.12727272727273,58.12727272727272,104.82727272727271,57.82727272727272,-20.13636363636364,"{""alpha"": 1e-05, ""kernel"": ""1**2 * RBF(length_scale=0.5) + WhiteKernel(noise_level=1)""}",diaryl-ethyl-aryl-substituted,family_holdout,ee,1j,22,1am|1q|1ao|1ab|1af|1x|1s|1al|1y|1ac|1z|1w|1u|1aa|1v|1o|1t|1p|1ai|1ag|1n|1ah,5,19.172727272727272,1a|1ae|1aj|1ak|1r
20.13636363636364,119.24186682225297,30.485405905019753,diaryl-ethyl-aryl-substituted,stage2_alt_plus_stage2pp,22.64195431562072,12,diaryl-ethyl-aryl-substituted,gaussian_process,95.0,95.0,,74.86363636363636,102.12727272727273,58.12727272727272,104.82727272727271,57.82727272727272,-20.13636363636364,"{""alpha"": 1e-05, ""kernel"": ""1**2 * RBF(length_scale=0.5) + WhiteKernel(noise_level=1)""}",diaryl-ethyl-aryl-substituted,family_holdout,ee,1k,22,1am|1q|1ao|1ab|1af|1x|1s|1al|1y|1ac|1z|1w|1u|1aa|1v|1o|1t|1p|1ai|1ag|1n|1ah,5,19.172727272727272,1a|1ae|1aj|1ak|1r
7.13636363636364,119.24186682225297,30.485405905019753,diaryl-ethyl-aryl-substituted,stage2_alt_plus_stage2pp,22.64195431562072,12,diaryl-ethyl-aryl-substituted,gaussian_process,82.0,82.0,,74.86363636363636,102.12727272727273,58.12727272727272,104.82727272727271,57.82727272727272,-7.13636363636364,"{""alpha"": 1e-05, ""kernel"": ""1**2 * RBF(length_scale=0.5) + WhiteKernel(noise_level=1)""}",diaryl-ethyl-aryl-substituted,family_holdout,ee,1l,22,1am|1q|1ao|1ab|1af|1x|1s|1al|1y|1ac|1z|1w|1u|1aa|1v|1o|1t|1p|1ai|1ag|1n|1ah,5,19.172727272727272,1a|1ae|1aj|1ak|1r
19.13636363636364,119.24186682225297,30.485405905019753,diaryl-ethyl-aryl-substituted,stage2_alt_plus_stage2pp,22.64195431562072,12,diaryl-ethyl-aryl-substituted,gaussian_process,94.0,94.0,,74.86363636363636,102.12727272727273,58.12727272727272,104.82727272727271,57.82727272727272,-19.13636363636364,"{""alpha"": 1e-05, ""kernel"": ""1**2 * RBF(length_scale=0.5) + WhiteKernel(noise_level=1)""}",diaryl-ethyl-aryl-substituted,family_holdout,ee,1m,22,1am|1q|1ao|1ab|1af|1x|1s|1al|1y|1ac|1z|1w|1u|1aa|1v|1o|1t|1p|1ai|1ag|1n|1ah,5,19.172727272727272,1a|1ae|1aj|1ak|1r
19.447141348586797,,,diaryl-ethyl-parent,stage2_alt_plus_stage2pp,,1,diaryl-ethyl-parent,ridge_regression,92.0,92.0,,72.5528586514132,78.80390546360441,59.19915222197433,85.02313988766126,55.50975439471042,-19.447141348586797,"{""alpha"": 1000.0}",diaryl-ethyl-parent,family_holdout,ee,1a,30,1am|1i|1p|1ao|1ab|1af|1x|1u|1l|1aj|1aa|1k|1s|1ac|1g|1y|1z|1c|1w|1t|1o|1q|1v|1ai|1b|1ag|1n|1j|1m|1ah,8,8.806538517206803,1ae|1ak|1al|1d|1e|1f|1h|1r
19.14971880171659,,,diaryl-ethyl-parent,stage2_alt_plus_stage2pp,,1,diaryl-ethyl-parent,elastic_net,92.0,92.0,,72.85028119828341,83.95440179335448,63.835394891509225,89.38661283472884,61.85698157833015,-19.14971880171659,"{""alpha"": 1.0, ""l1_ratio"": 0.8}",diaryl-ethyl-parent,family_holdout,ee,1a,30,1am|1i|1p|1ao|1ab|1af|1x|1u|1l|1aj|1aa|1k|1s|1ac|1g|1y|1z|1c|1w|1t|1o|1q|1v|1ai|1b|1ag|1n|1j|1m|1ah,8,7.9200728799052165,1ae|1ak|1al|1d|1e|1f|1h|1r
7.46185239161764,,,diaryl-ethyl-parent,stage2_alt_plus_stage2pp,,1,diaryl-ethyl-parent,lightgbm,92.0,92.0,,84.53814760838236,82.14219886384691,67.32427015424459,87.30093455688446,64.3558449620196,-7.46185239161764,"{""learning_rate"": 0.03, ""n_estimators"": 25, ""num_leaves"": 7}",diaryl-ethyl-parent,family_holdout,ee,1a,30,1am|1i|1p|1ao|1ab|1af|1x|1u|1l|1aj|1aa|1k|1s|1ac|1g|1y|1z|1c|1w|1t|1o|1q|1v|1ai|1b|1ag|1n|1j|1m|1ah,8,8.908228079893755,1ae|1ak|1al|1d|1e|1f|1h|1r
14.700000000000003,119.3832307009992,35.21676929900079,diaryl-ethyl-parent,stage2_alt_plus_stage2pp,21.47103607193837,1,diaryl-ethyl-parent,gaussian_process,92.0,92.0,,77.3,93.19999999999999,63.3,99.5,62.77499999999999,-14.700000000000003,"{""alpha"": 1e-05, ""kernel"": ""1**2 * RBF(length_scale=2) + WhiteKernel(noise_level=10)""}",diaryl-ethyl-parent,family_holdout,ee,1a,30,1am|1i|1p|1ao|1ab|1af|1x|1u|1l|1aj|1aa|1k|1s|1ac|1g|1y|1z|1c|1w|1t|1o|1q|1v|1ai|1b|1ag|1n|1j|1m|1ah,8,13.424999999999997,1ae|1ak|1al|1d|1e|1f|1h|1r
0.7720186677008201,,,nitrogen-heteroaryl,stage2_alt_plus_stage2pp,,3,nitrogen-heteroaryl,ridge_regression,88.0,88.0,,88.77201866770082,93.16322454955795,79.91370322614223,94.50405244156072,75.04032126512396,0.7720186677008201,"{""alpha"": 10.0}",nitrogen-heteroaryl,family_holdout,ee,1aa,29,1am|1i|1p|1ao|1af|1x|1u|1l|1aj|1k|1o|1s|1ac|1f|1y|1v|1w|1t|1b|1q|1h|1ai|1ag|1n|1m|1j|1ah|1c|1e,7,5.103977517528371,1a|1ae|1ak|1al|1d|1g|1r
27.55763170566661,,,nitrogen-heteroaryl,stage2_alt_plus_stage2pp,,3,nitrogen-heteroaryl,ridge_regression,95.0,95.0,,67.44236829433339,71.83357417619052,58.5840528527748,73.17440206819329,53.710670891756536,-27.55763170566661,"{""alpha"": 10.0}",nitrogen-heteroaryl,family_holdout,ee,1ab,29,1am|1i|1p|1ao|1af|1x|1u|1l|1aj|1k|1o|1s|1ac|1f|1y|1v|1w|1t|1b|1q|1h|1ai|1ag|1n|1m|1j|1ah|1c|1e,7,5.103977517528371,1a|1ae|1ak|1al|1d|1g|1r
85.70366269410444,,,nitrogen-heteroaryl,stage2_alt_plus_stage2pp,,3,nitrogen-heteroaryl,ridge_regression,0.0,0.0,,85.70366269410444,90.09486857596157,76.84534725254585,91.43569646796433,71.97196529152758,85.70366269410444,"{""alpha"": 10.0}",nitrogen-heteroaryl,family_holdout,ee,1z,29,1am|1i|1p|1ao|1af|1x|1u|1l|1aj|1k|1o|1s|1ac|1f|1y|1v|1w|1t|1b|1q|1h|1ai|1ag|1n|1m|1j|1ah|1c|1e,7,5.103977517528371,1a|1ae|1ak|1al|1d|1g|1r
2.7249062416334624,,,nitrogen-heteroaryl,stage2_alt_plus_stage2pp,,3,nitrogen-heteroaryl,elastic_net,88.0,88.0,,90.72490624163346,99.18830864967639,88.44264945090669,104.17115363873754,87.28533308288985,2.7249062416334624,"{""alpha"": 1.0, ""l1_ratio"": 1.0}",nitrogen-heteroaryl,family_holdout,ee,1aa,29,1am|1i|1p|1ao|1af|1x|1u|1l|1aj|1k|1o|1s|1ac|1f|1y|1v|1w|1t|1b|1q|1h|1ai|1ag|1n|1m|1j|1ah|1c|1e,7,3.7290943656446225,1a|1ae|1ak|1al|1d|1g|1r
30.46913636809073,,,nitrogen-heteroaryl,stage2_alt_plus_stage2pp,,3,nitrogen-heteroaryl,elastic_net,95.0,95.0,,64.53086363190927,72.9942660399522,62.248606841182486,77.97711102901334,61.09129047316566,-30.46913636809073,"{""alpha"": 1.0, ""l1_ratio"": 1.0}",nitrogen-heteroaryl,family_holdout,ee,1ab,29,1am|1i|1p|1ao|1af|1x|1u|1l|1aj|1k|1o|1s|1ac|1f|1y|1v|1w|1t|1b|1q|1h|1ai|1ag|1n|1m|1j|1ah|1c|1e,7,3.7290943656446225,1a|1ae|1ak|1al|1d|1g|1r
88.3343351448535,,,nitrogen-heteroaryl,stage2_alt_plus_stage2pp,,3,nitrogen-heteroaryl,elastic_net,0.0,0.0,,88.3343351448535,96.79773755289642,86.05207835412672,101.78058254195757,84.89476198610988,88.3343351448535,"{""alpha"": 1.0, ""l1_ratio"": 1.0}",nitrogen-heteroaryl,family_holdout,ee,1z,29,1am|1i|1p|1ao|1af|1x|1u|1l|1aj|1k|1o|1s|1ac|1f|1y|1v|1w|1t|1b|1q|1h|1ai|1ag|1n|1m|1j|1ah|1c|1e,7,3.7290943656446225,1a|1ae|1ak|1al|1d|1g|1r
4.264714840778922,,,nitrogen-heteroaryl,stage2_alt_plus_stage2pp,,3,nitrogen-heteroaryl,lightgbm,88.0,88.0,,83.73528515922108,91.47871246501178,80.55300956261965,95.19981996784452,79.2370660842848,-4.264714840778922,"{""learning_rate"": 0.1, ""n_estimators"": 75, ""num_leaves"": 7}",nitrogen-heteroaryl,family_holdout,ee,1aa,29,1am|1i|1p|1ao|1af|1x|1u|1l|1aj|1k|1o|1s|1ac|1f|1y|1v|1w|1t|1b|1q|1h|1ai|1ag|1n|1m|1j|1ah|1c|1e,7,3.6602288186032967,1a|1ae|1ak|1al|1d|1g|1r
23.93191726547711,,,nitrogen-heteroaryl,stage2_alt_plus_stage2pp,,3,nitrogen-heteroaryl,lightgbm,95.0,95.0,,71.06808273452289,78.81151004031359,67.88580713792146,82.53261754314633,66.56986365958662,-23.93191726547711,"{""learning_rate"": 0.1, ""n_estimators"": 75, ""num_leaves"": 7}",nitrogen-heteroaryl,family_holdout,ee,1ab,29,1am|1i|1p|1ao|1af|1x|1u|1l|1aj|1k|1o|1s|1ac|1f|1y|1v|1w|1t|1b|1q|1h|1ai|1ag|1n|1m|1j|1ah|1c|1e,7,3.6602288186032967,1a|1ae|1ak|1al|1d|1g|1r
79.44928712223779,,,nitrogen-heteroaryl,stage2_alt_plus_stage2pp,,3,nitrogen-heteroaryl,lightgbm,0.0,0.0,,79.44928712223779,87.1927144280285,76.26701152563636,90.91382193086123,74.95106804730152,79.44928712223779,"{""learning_rate"": 0.1, ""n_estimators"": 75, ""num_leaves"": 7}",nitrogen-heteroaryl,family_holdout,ee,1z,29,1am|1i|1p|1ao|1af|1x|1u|1l|1aj|1k|1o|1s|1ac|1f|1y|1v|1w|1t|1b|1q|1h|1ai|1ag|1n|1m|1j|1ah|1c|1e,7,3.6602288186032967,1a|1ae|1ak|1al|1d|1g|1r
8.06896551724138,111.66848411787555,48.19358484764169,nitrogen-heteroaryl,stage2_alt_plus_stage2pp,16.192576344447414,3,nitrogen-heteroaryl,gaussian_process,88.0,88.0,,79.93103448275862,99.66206896551725,68.46206896551723,105.06206896551723,68.01206896551724,-8.06896551724138,"{""alpha"": 1e-05, ""kernel"": ""1**2 * RBF(length_scale=0.5) + WhiteKernel(noise_level=1)""}",nitrogen-heteroaryl,family_holdout,ee,1aa,29,1am|1i|1p|1ao|1af|1x|1u|1l|1aj|1k|1o|1s|1ac|1f|1y|1v|1w|1t|1b|1q|1h|1ai|1ag|1n|1m|1j|1ah|1c|1e,7,13.152709359605911,1a|1ae|1ak|1al|1d|1g|1r
15.06896551724138,111.66848411787555,48.19358484764169,nitrogen-heteroaryl,stage2_alt_plus_stage2pp,16.192576344447414,3,nitrogen-heteroaryl,gaussian_process,95.0,95.0,,79.93103448275862,99.66206896551725,68.46206896551723,105.06206896551723,68.01206896551724,-15.06896551724138,"{""alpha"": 1e-05, ""kernel"": ""1**2 * RBF(length_scale=0.5) + WhiteKernel(noise_level=1)""}",nitrogen-heteroaryl,family_holdout,ee,1ab,29,1am|1i|1p|1ao|1af|1x|1u|1l|1aj|1k|1o|1s|1ac|1f|1y|1v|1w|1t|1b|1q|1h|1ai|1ag|1n|1m|1j|1ah|1c|1e,7,13.152709359605911,1a|1ae|1ak|1al|1d|1g|1r
79.93103448275862,111.66848411787555,48.19358484764169,nitrogen-heteroaryl,stage2_alt_plus_stage2pp,16.192576344447414,3,nitrogen-heteroaryl,gaussian_process,0.0,0.0,,79.93103448275862,99.66206896551725,68.46206896551723,105.06206896551723,68.01206896551724,79.93103448275862,"{""alpha"": 1e-05, ""kernel"": ""1**2 * RBF(length_scale=0.5) + WhiteKernel(noise_level=1)""}",nitrogen-heteroaryl,family_holdout,ee,1z,29,1am|1i|1p|1ao|1af|1x|1u|1l|1aj|1k|1o|1s|1ac|1f|1y|1v|1w|1t|1b|1q|1h|1ai|1ag|1n|1m|1j|1ah|1c|1e,7,13.152709359605911,1a|1ae|1ak|1al|1d|1g|1r
14.223081665192836,,,oxygen-heteroaryl,stage2_alt_plus_stage2pp,,1,oxygen-heteroaryl,ridge_regression,89.0,89.0,,74.77691833480716,82.6764185146981,61.02255866112786,90.30788707381055,58.48703834926798,-14.223081665192836,"{""alpha"": 10000.0}",oxygen-heteroaryl,family_holdout,ee,1o,30,1am|1i|1p|1ao|1ab|1af|1x|1u|1l|1aj|1aa|1k|1s|1ac|1g|1y|1z|1c|1w|1t|1q|1v|1ai|1b|1ag|1n|1j|1m|1ah|1d,8,10.521702178882297,1a|1ae|1ak|1al|1e|1f|1h|1r
12.584373210955548,,,oxygen-heteroaryl,stage2_alt_plus_stage2pp,,1,oxygen-heteroaryl,elastic_net,89.0,89.0,,76.41562678904445,83.12971441000835,63.94109460773982,89.6137269134928,61.51218148553902,-12.584373210955548,"{""alpha"": 10.0, ""l1_ratio"": 0.5}",oxygen-heteroaryl,family_holdout,ee,1o,30,1am|1i|1p|1ao|1ab|1af|1x|1u|1l|1aj|1aa|1k|1s|1ac|1g|1y|1z|1c|1w|1t|1q|1v|1ai|1b|1ag|1n|1j|1m|1ah|1d,8,9.440721003992184,1a|1ae|1ak|1al|1e|1f|1h|1r
28.691963466809526,,,oxygen-heteroaryl,stage2_alt_plus_stage2pp,,1,oxygen-heteroaryl,lightgbm,89.0,89.0,,60.308036533190474,58.53879039557489,34.85881907222229,59.0637903955749,29.4101731808445,-28.691963466809526,"{""learning_rate"": 0.03, ""n_estimators"": 75, ""num_leaves"": 3}",oxygen-heteroaryl,family_holdout,ee,1o,30,1am|1i|1p|1ao|1ab|1af|1x|1u|1l|1aj|1aa|1k|1s|1ac|1g|1y|1z|1c|1w|1t|1q|1v|1ai|1b|1ag|1n|1j|1m|1ah|1d,8,10.556832610664715,1a|1ae|1ak|1al|1e|1f|1h|1r
11.666666666666671,119.45362261169308,35.21304405497357,oxygen-heteroaryl,stage2_alt_plus_stage2pp,21.489943509367222,1,oxygen-heteroaryl,gaussian_process,89.0,89.0,,77.33333333333333,93.26666666666665,62.66666666666666,99.56666666666666,62.66666666666666,-11.666666666666671,"{""alpha"": 1e-05, ""kernel"": ""1**2 * RBF(length_scale=2) + WhiteKernel(noise_level=1)""}",oxygen-heteroaryl,family_holdout,ee,1o,30,1am|1i|1p|1ao|1ab|1af|1x|1u|1l|1aj|1aa|1k|1s|1ac|1g|1y|1z|1c|1w|1t|1q|1v|1ai|1b|1ag|1n|1j|1m|1ah|1d,8,13.666666666666666,1a|1ae|1ak|1al|1e|1f|1h|1r
20.409650029728084,,,oxygen-heteroaryl-fused,stage2_alt_plus_stage2pp,,2,oxygen-heteroaryl-fused,ridge_regression,61.0,61.0,,81.40965002972808,103.55387678276333,69.31981041609085,111.69029107474262,67.41112362419703,20.409650029728084,"{""alpha"": 10000.0}",oxygen-heteroaryl-fused,family_holdout,ee,1p,30,1am|1i|1ae|1y|1ab|1s|1ao|1x|1l|1k|1al|1aa|1ac|1g|1w|1u|1z|1c|1o|1t|1v|1ai|1b|1n|1ag|1j|1m|1ah|1d|1e,7,13.784826007334205,1a|1af|1aj|1ak|1f|1h|1r
5.86592197508692,,,oxygen-heteroaryl-fused,stage2_alt_plus_stage2pp,,2,oxygen-heteroaryl-fused,ridge_regression,90.0,90.0,,84.13407802491308,106.27830477794832,72.04423841127584,114.41471906992761,70.13555161938203,-5.86592197508692,"{""alpha"": 10000.0}",oxygen-heteroaryl-fused,family_holdout,ee,1q,30,1am|1i|1ae|1y|1ab|1s|1ao|1x|1l|1k|1al|1aa|1ac|1g|1w|1u|1z|1c|1o|1t|1v|1ai|1b|1n|1ag|1j|1m|1ah|1d|1e,7,13.784826007334205,1a|1af|1aj|1ak|1f|1h|1r
19.65521938578206,,,oxygen-heteroaryl-fused,stage2_alt_plus_stage2pp,,2,oxygen-heteroaryl-fused,elastic_net,61.0,61.0,,80.65521938578206,97.45328934277532,69.89744031067275,101.41911390154814,68.11566098540706,19.65521938578206,"{""alpha"": 10.0, ""l1_ratio"": 0.5}",oxygen-heteroaryl-fused,family_holdout,ee,1p,30,1am|1i|1ae|1y|1ab|1s|1ao|1x|1l|1k|1al|1aa|1ac|1g|1w|1u|1z|1c|1o|1t|1v|1ai|1b|1n|1ag|1j|1m|1ah|1d|1e,7,11.135179864885542,1a|1af|1aj|1ak|1f|1h|1r
5.309739725872689,,,oxygen-heteroaryl-fused,stage2_alt_plus_stage2pp,,2,oxygen-heteroaryl-fused,elastic_net,90.0,90.0,,84.69026027412731,101.48833023112059,73.932481199018,105.4541547898934,72.15070187375231,-5.309739725872689,"{""alpha"": 10.0, ""l1_ratio"": 0.5}",oxygen-heteroaryl-fused,family_holdout,ee,1q,30,1am|1i|1ae|1y|1ab|1s|1ao|1x|1l|1k|1al|1aa|1ac|1g|1w|1u|1z|1c|1o|1t|1v|1ai|1b|1n|1ag|1j|1m|1ah|1d|1e,7,11.135179864885542,1a|1af|1aj|1ak|1f|1h|1r
28.07519263186117,,,oxygen-heteroaryl-fused,stage2_alt_plus_stage2pp,,2,oxygen-heteroaryl-fused,lightgbm,61.0,61.0,,89.07519263186117,97.91991907567495,86.35490911301788,101.02193198497591,84.35074786828106,28.07519263186117,"{""learning_rate"": 0.03, ""n_estimators"": 75, ""num_leaves"": 7}",oxygen-heteroaryl-fused,family_holdout,ee,1p,30,1am|1i|1ae|1y|1ab|1s|1ao|1x|1l|1k|1al|1aa|1ac|1g|1w|1u|1z|1c|1o|1t|1v|1ai|1b|1n|1ag|1j|1m|1ah|1d|1e,7,4.349780955187661,1a|1af|1aj|1ak|1f|1h|1r
0.742767535884596,,,oxygen-heteroaryl-fused,stage2_alt_plus_stage2pp,,2,oxygen-heteroaryl-fused,lightgbm,90.0,90.0,,89.2572324641154,98.10195890792919,86.53694894527212,101.20397181723013,84.5327877005353,-0.742767535884596,"{""learning_rate"": 0.03, ""n_estimators"": 75, ""num_leaves"": 7}",oxygen-heteroaryl-fused,family_holdout,ee,1q,30,1am|1i|1ae|1y|1ab|1s|1ao|1x|1l|1k|1al|1aa|1ac|1g|1w|1u|1z|1c|1o|1t|1v|1ai|1b|1n|1ag|1j|1m|1ah|1d|1e,7,4.349780955187661,1a|1af|1aj|1ak|1f|1h|1r
18.03333333333333,119.71586661736264,38.35080004930403,oxygen-heteroaryl-fused,stage2_alt_plus_stage2pp,20.75639453266801,2,oxygen-heteroaryl-fused,gaussian_process,61.0,61.0,,79.03333333333333,103.86666666666667,66.66666666666666,111.51666666666665,66.21666666666667,18.03333333333333,"{""alpha"": 1e-05, ""kernel"": ""1**2 * RBF(length_scale=2) + WhiteKernel(noise_level=10)""}",oxygen-heteroaryl-fused,family_holdout,ee,1p,30,1am|1i|1ae|1y|1ab|1s|1ao|1x|1l|1k|1al|1aa|1ac|1g|1w|1u|1z|1c|1o|1t|1v|1ai|1b|1n|1ag|1j|1m|1ah|1d|1e,7,16.280952380952346,1a|1af|1aj|1ak|1f|1h|1r
10.966666666666669,119.71586661736264,38.35080004930403,oxygen-heteroaryl-fused,stage2_alt_plus_stage2pp,20.75639453266801,2,oxygen-heteroaryl-fused,gaussian_process,90.0,90.0,,79.03333333333333,103.86666666666667,66.66666666666666,111.51666666666665,66.21666666666667,-10.966666666666669,"{""alpha"": 1e-05, ""kernel"": ""1**2 * RBF(length_scale=2) + WhiteKernel(noise_level=10)""}",oxygen-heteroaryl-fused,family_holdout,ee,1q,30,1am|1i|1ae|1y|1ab|1s|1ao|1x|1l|1k|1al|1aa|1ac|1g|1w|1u|1z|1c|1o|1t|1v|1ai|1b|1n|1ag|1j|1m|1ah|1d|1e,7,16.280952380952346,1a|1af|1aj|1ak|1f|1h|1r
11.062621610812812,,,oxygen-heterocycle-fused,stage2_alt_plus_stage2pp,,3,oxygen-heterocycle-fused,ridge_regression,91.0,91.0,,79.93737838918719,89.92256193964278,66.09585815037786,96.71506657866749,64.10039475215271,-11.062621610812812,"{""alpha"": 10000.0}",oxygen-heterocycle-fused,family_holdout,ee,1r,29,1am|1i|1p|1ao|1ab|1af|1x|1u|1k|1aj|1aa|1l|1ac|1g|1y|1z|1c|1w|1o|1q|1v|1ai|1b|1ag|1n|1j|1m|1ah|1d,7,10.536088754052054,1a|1ae|1ak|1al|1e|1f|1h
2.306715944228955,,,oxygen-heterocycle-fused,stage2_alt_plus_stage2pp,,3,oxygen-heterocycle-fused,ridge_regression,80.0,80.0,,82.30671594422896,92.29189949468454,68.46519570541963,99.08440413370926,66.46973230719448,2.306715944228955,"{""alpha"": 10000.0}",oxygen-heterocycle-fused,family_holdout,ee,1s,29,1am|1i|1p|1ao|1ab|1af|1x|1u|1k|1aj|1aa|1l|1ac|1g|1y|1z|1c|1w|1o|1q|1v|1ai|1b|1ag|1n|1j|1m|1ah|1d,7,10.536088754052054,1a|1ae|1ak|1al|1e|1f|1h
9.768767220775885,,,oxygen-heterocycle-fused,stage2_alt_plus_stage2pp,,3,oxygen-heterocycle-fused,ridge_regression,91.0,91.0,,81.23123277922411,91.2164163296797,67.38971254041479,98.00892096870442,65.39424914218964,-9.768767220775885,"{""alpha"": 10000.0}",oxygen-heterocycle-fused,family_holdout,ee,1t,29,1am|1i|1p|1ao|1ab|1af|1x|1u|1k|1aj|1aa|1l|1ac|1g|1y|1z|1c|1w|1o|1q|1v|1ai|1b|1ag|1n|1j|1m|1ah|1d,7,10.536088754052054,1a|1ae|1ak|1al|1e|1f|1h
9.0,,,oxygen-heterocycle-fused,stage2_alt_plus_stage2pp,,3,oxygen-heterocycle-fused,elastic_net,91.0,91.0,,100.0,107.08750110426918,88.23520144572959,107.77187527606729,78.94447799226151,9.0,"{""alpha"": 1.0, ""l1_ratio"": 1.0}",oxygen-heterocycle-fused,family_holdout,ee,1r,29,1am|1i|1p|1ao|1ab|1af|1x|1u|1k|1aj|1aa|1l|1ac|1g|1y|1z|1c|1w|1o|1q|1v|1ai|1b|1ag|1n|1j|1m|1ah|1d,7,7.267458919115627,1a|1ae|1ak|1al|1e|1f|1h
11.705634661638328,,,oxygen-heterocycle-fused,stage2_alt_plus_stage2pp,,3,oxygen-heterocycle-fused,elastic_net,80.0,80.0,,91.70563466163833,98.79313576590751,79.94083610736791,99.47750993770562,70.65011265389984,11.705634661638328,"{""alpha"": 1.0, ""l1_ratio"": 1.0}",oxygen-heterocycle-fused,family_holdout,ee,1s,29,1am|1i|1p|1ao|1ab|1af|1x|1u|1k|1aj|1aa|1l|1ac|1g|1y|1z|1c|1w|1o|1q|1v|1ai|1b|1ag|1n|1j|1m|1ah|1d,7,7.267458919115627,1a|1ae|1ak|1al|1e|1f|1h
9.0,,,oxygen-heterocycle-fused,stage2_alt_plus_stage2pp,,3,oxygen-heterocycle-fused,elastic_net,91.0,91.0,,100.0,107.08750110426918,88.23520144572959,107.77187527606729,78.94447799226151,9.0,"{""alpha"": 1.0, ""l1_ratio"": 1.0}",oxygen-heterocycle-fused,family_holdout,ee,1t,29,1am|1i|1p|1ao|1ab|1af|1x|1u|1k|1aj|1aa|1l|1ac|1g|1y|1z|1c|1w|1o|1q|1v|1ai|1b|1ag|1n|1j|1m|1ah|1d,7,7.267458919115627,1a|1ae|1ak|1al|1e|1f|1h
7.280257169222807,,,oxygen-heterocycle-fused,stage2_alt_plus_stage2pp,,3,oxygen-heterocycle-fused,lightgbm,91.0,91.0,,83.7197428307772,85.44065355790711,66.17703706834772,90.8406535579071,63.102425996992096,-7.280257169222807,"{""learning_rate"": 0.03, ""n_estimators"": 25, ""num_leaves"": 3}",oxygen-heterocycle-fused,family_holdout,ee,1r,29,1am|1i|1p|1ao|1ab|1af|1x|1u|1k|1aj|1aa|1l|1ac|1g|1y|1z|1c|1w|1o|1q|1v|1ai|1b|1ag|1n|1j|1m|1ah|1d,7,9.89895383457411,1a|1ae|1ak|1al|1e|1f|1h
3.719742830777193,,,oxygen-heterocycle-fused,stage2_alt_plus_stage2pp,,3,oxygen-heterocycle-fused,lightgbm,80.0,80.0,,83.7197428307772,85.44065355790711,66.17703706834772,90.8406535579071,63.102425996992096,3.719742830777193,"{""learning_rate"": 0.03, ""n_estimators"": 25, ""num_leaves"": 3}",oxygen-heterocycle-fused,family_holdout,ee,1s,29,1am|1i|1p|1ao|1ab|1af|1x|1u|1k|1aj|1aa|1l|1ac|1g|1y|1z|1c|1w|1o|1q|1v|1ai|1b|1ag|1n|1j|1m|1ah|1d,7,9.89895383457411,1a|1ae|1ak|1al|1e|1f|1h
7.280257169222807,,,oxygen-heterocycle-fused,stage2_alt_plus_stage2pp,,3,oxygen-heterocycle-fused,lightgbm,91.0,91.0,,83.7197428307772,85.44065355790711,66.17703706834772,90.8406535579071,63.102425996992096,-7.280257169222807,"{""learning_rate"": 0.03, ""n_estimators"": 25, ""num_leaves"": 3}",oxygen-heterocycle-fused,family_holdout,ee,1t,29,1am|1i|1p|1ao|1ab|1af|1x|1u|1k|1aj|1aa|1l|1ac|1g|1y|1z|1c|1w|1o|1q|1v|1ai|1b|1ag|1n|1j|1m|1ah|1d,7,9.89895383457411,1a|1ae|1ak|1al|1e|1f|1h
13.827586206896555,119.92217221635221,34.422655369854674,oxygen-heterocycle-fused,stage2_alt_plus_stage2pp,21.811101236351416,3,oxygen-heterocycle-fused,gaussian_process,91.0,91.0,,77.17241379310344,94.1448275862069,62.34482758620689,99.54482758620688,62.34482758620689,-13.827586206896555,"{""alpha"": 1e-05, ""kernel"": ""1**2 * RBF(length_scale=2) + WhiteKernel(noise_level=10)""}",oxygen-heterocycle-fused,family_holdout,ee,1r,29,1am|1i|1p|1ao|1ab|1af|1x|1u|1k|1aj|1aa|1l|1ac|1g|1y|1z|1c|1w|1o|1q|1v|1ai|1b|1ag|1n|1j|1m|1ah|1d,7,13.689655172413788,1a|1ae|1ak|1al|1e|1f|1h
2.827586206896555,119.92217221635221,34.422655369854674,oxygen-heterocycle-fused,stage2_alt_plus_stage2pp,21.811101236351416,3,oxygen-heterocycle-fused,gaussian_process,80.0,80.0,,77.17241379310344,94.1448275862069,62.34482758620689,99.54482758620688,62.34482758620689,-2.827586206896555,"{""alpha"": 1e-05, ""kernel"": ""1**2 * RBF(length_scale=2) + WhiteKernel(noise_level=10)""}",oxygen-heterocycle-fused,family_holdout,ee,1s,29,1am|1i|1p|1ao|1ab|1af|1x|1u|1k|1aj|1aa|1l|1ac|1g|1y|1z|1c|1w|1o|1q|1v|1ai|1b|1ag|1n|1j|1m|1ah|1d,7,13.689655172413788,1a|1ae|1ak|1al|1e|1f|1h
13.827586206896555,119.92217221635221,34.422655369854674,oxygen-heterocycle-fused,stage2_alt_plus_stage2pp,21.811101236351416,3,oxygen-heterocycle-fused,gaussian_process,91.0,91.0,,77.17241379310344,94.1448275862069,62.34482758620689,99.54482758620688,62.34482758620689,-13.827586206896555,"{""alpha"": 1e-05, ""kernel"": ""1**2 * RBF(length_scale=2) + WhiteKernel(noise_level=10)""}",oxygen-heterocycle-fused,family_holdout,ee,1t,29,1am|1i|1p|1ao|1ab|1af|1x|1u|1k|1aj|1aa|1l|1ac|1g|1y|1z|1c|1w|1o|1q|1v|1ai|1b|1ag|1n|1j|1m|1ah|1d,7,13.689655172413788,1a|1ae|1ak|1al|1e|1f|1h
9.649527739268535,,,polycyclic-aryl,stage2_alt_plus_stage2pp,,1,polycyclic-aryl,ridge_regression,91.0,91.0,,81.35047226073146,89.57114369346695,67.95075521810857,97.75839619123482,65.37056852371404,-9.649527739268535,"{""alpha"": 10000.0}",polycyclic-aryl,family_holdout,ee,1n,30,1am|1i|1p|1ao|1ab|1af|1x|1u|1l|1aj|1aa|1k|1s|1ac|1g|1y|1z|1c|1o|1w|1t|1q|1v|1ai|1b|1ag|1j|1m|1ah|1d,8,10.55825505054664,1a|1ae|1ak|1al|1e|1f|1h|1r
11.787655703048472,,,polycyclic-aryl,stage2_alt_plus_stage2pp,,1,polycyclic-aryl,elastic_net,91.0,91.0,,79.21234429695153,91.54405547677246,67.57102221404199,99.12455004145907,60.40905910284903,-11.787655703048472,"{""alpha"": 1.0, ""l1_ratio"": 0.8}",polycyclic-aryl,family_holdout,ee,1n,30,1am|1i|1p|1ao|1ab|1af|1x|1u|1l|1aj|1aa|1k|1s|1ac|1g|1y|1z|1c|1o|1w|1t|1q|1v|1ai|1b|1ag|1j|1m|1ah|1d,8,9.293236684993978,1a|1ae|1ak|1al|1e|1f|1h|1r
3.2819723168632606,,,polycyclic-aryl,stage2_alt_plus_stage2pp,,1,polycyclic-aryl,lightgbm,91.0,91.0,,87.71802768313674,87.70468365743821,65.77102340134309,89.22098773159948,63.12619832049896,-3.2819723168632606,"{""learning_rate"": 0.03, ""n_estimators"": 75, ""num_leaves"": 3}",polycyclic-aryl,family_holdout,ee,1n,30,1am|1i|1p|1ao|1ab|1af|1x|1u|1l|1aj|1aa|1k|1s|1ac|1g|1y|1z|1c|1o|1w|1t|1q|1v|1ai|1b|1ag|1j|1m|1ah|1d,8,8.856455816239905,1a|1ae|1ak|1al|1e|1f|1h|1r
13.733333333333334,119.3096620837048,35.22367124962854,polycyclic-aryl,stage2_alt_plus_stage2pp,21.45050786583578,1,polycyclic-aryl,gaussian_process,91.0,91.0,,77.26666666666667,93.13333333333333,62.53333333333333,99.43333333333334,62.53333333333333,-13.733333333333334,"{""alpha"": 1e-05, ""kernel"": ""1**2 * RBF(length_scale=2) + WhiteKernel(noise_level=10)""}",polycyclic-aryl,family_holdout,ee,1n,30,1am|1i|1p|1ao|1ab|1af|1x|1u|1l|1aj|1aa|1k|1s|1ac|1g|1y|1z|1c|1o|1w|1t|1q|1v|1ai|1b|1ag|1j|1m|1ah|1d,8,13.683333333333332,1a|1ae|1ak|1al|1e|1f|1h|1r
3.4529155462642436,,,silyl-alkyl-aryl,stage2_alt_plus_stage2pp,,1,silyl-alkyl-aryl,ridge_regression,67.0,67.0,,63.547084453735756,85.74435877386051,55.8622829354733,101.33965089536937,49.66181073372981,-3.4529155462642436,"{""alpha"": 1000.0}",silyl-alkyl-aryl,family_holdout,ee,1ac,30,1l|1am|1af|1y|1s|1ao|1x|1i|1ab|1p|1k|1aa|1al|1ai|1t|1z|1v|1f|1b|1u|1w|1o|1q|1h|1ag|1n|1m|1j|1ah|1c,8,10.409261460451859,1a|1ae|1aj|1ak|1d|1e|1g|1r
2.60674687445929,,,silyl-alkyl-aryl,stage2_alt_plus_stage2pp,,1,silyl-alkyl-aryl,elastic_net,67.0,67.0,,64.39325312554071,79.26312656381249,53.979278269541766,81.05362707260448,52.27937207673621,-2.60674687445929,"{""alpha"": 10.0, ""l1_ratio"": 0.2}",silyl-alkyl-aryl,family_holdout,ee,1ac,30,1l|1am|1af|1y|1s|1ao|1x|1i|1ab|1p|1k|1aa|1al|1ai|1t|1z|1v|1f|1b|1u|1w|1o|1q|1h|1ag|1n|1m|1j|1ah|1c,8,8.156523471169862,1a|1ae|1aj|1ak|1d|1e|1g|1r
11.053870907220961,,,silyl-alkyl-aryl,stage2_alt_plus_stage2pp,,1,silyl-alkyl-aryl,lightgbm,67.0,67.0,,55.94612909277904,59.839193860844745,41.01106442728995,62.48555085771093,35.08659623750576,-11.053870907220961,"{""learning_rate"": 0.1, ""n_estimators"": 25, ""num_leaves"": 3}",silyl-alkyl-aryl,family_holdout,ee,1ac,30,1l|1am|1af|1y|1s|1ao|1x|1i|1ab|1p|1k|1aa|1al|1ai|1t|1z|1v|1f|1b|1u|1w|1o|1q|1h|1ag|1n|1m|1j|1ah|1c,8,6.528806580092773,1a|1ae|1aj|1ak|1d|1e|1g|1r
12.033333333333331,119.36814834592043,38.69851832074623,silyl-alkyl-aryl,stage2_alt_plus_stage2pp,20.57898725131995,1,silyl-alkyl-aryl,gaussian_process,67.0,67.0,,79.03333333333333,107.76666666666667,66.06666666666666,112.49166666666667,66.06666666666666,12.033333333333331,"{""alpha"": 1e-05, ""kernel"": ""1**2 * RBF(length_scale=0.5) + WhiteKernel(noise_level=1)""}",silyl-alkyl-aryl,family_holdout,ee,1ac,30,1l|1am|1af|1y|1s|1ao|1x|1i|1ab|1p|1k|1aa|1al|1ai|1t|1z|1v|1f|1b|1u|1w|1o|1q|1h|1ag|1n|1m|1j|1ah|1c,8,16.866666666666667,1a|1ae|1aj|1ak|1d|1e|1g|1r
17.988630986483827,,,sulfur-heteroaryl,stage2_alt_plus_stage2pp,,1,sulfur-heteroaryl,ridge_regression,91.0,91.0,,73.01136901351617,80.88913153636472,58.89848397735641,88.496133026935,56.55224711236549,-17.988630986483827,"{""alpha"": 10000.0}",sulfur-heteroaryl,family_holdout,ee,1v,30,1am|1i|1p|1ao|1ab|1af|1x|1u|1l|1aj|1aa|1k|1s|1ac|1g|1y|1z|1c|1w|1t|1o|1q|1ai|1b|1ag|1n|1j|1m|1ah|1d,8,10.675891412176433,1a|1ae|1ak|1al|1e|1f|1h|1r
18.014655208615153,,,sulfur-heteroaryl,stage2_alt_plus_stage2pp,,1,sulfur-heteroaryl,elastic_net,91.0,91.0,,72.98534479138485,79.87392742719737,58.70605269273391,86.20450450837478,57.99284229563987,-18.014655208615153,"{""alpha"": 10.0, ""l1_ratio"": 0.5}",sulfur-heteroaryl,family_holdout,ee,1v,30,1am|1i|1p|1ao|1ab|1af|1x|1u|1l|1aj|1aa|1k|1s|1ac|1g|1y|1z|1c|1w|1t|1o|1q|1ai|1b|1ag|1n|1j|1m|1ah|1d,8,9.924535408031392,1a|1ae|1ak|1al|1e|1f|1h|1r
10.0245017241688,,,sulfur-heteroaryl,stage2_alt_plus_stage2pp,,1,sulfur-heteroaryl,lightgbm,91.0,91.0,,80.9754982758312,79.86224748529679,59.63986100694669,80.4095190815331,57.18269878441974,-10.0245017241688,"{""learning_rate"": 0.03, ""n_estimators"": 75, ""num_leaves"": 3}",sulfur-heteroaryl,family_holdout,ee,1v,30,1am|1i|1p|1ao|1ab|1af|1x|1u|1l|1aj|1aa|1k|1s|1ac|1g|1y|1z|1c|1w|1t|1o|1q|1ai|1b|1ag|1n|1j|1m|1ah|1d,8,8.452698048691143,1a|1ae|1ak|1al|1e|1f|1h|1r
13.733333333333334,119.30966517595634,35.22366815737699,sulfur-heteroaryl,stage2_alt_plus_stage2pp,21.45050944351514,1,sulfur-heteroaryl,gaussian_process,91.0,91.0,,77.26666666666667,93.13333333333333,62.53333333333333,99.43333333333334,62.53333333333333,-13.733333333333334,"{""alpha"": 1e-05, ""kernel"": ""1**2 * RBF(length_scale=2) + WhiteKernel(noise_level=1)""}",sulfur-heteroaryl,family_holdout,ee,1v,30,1am|1i|1p|1ao|1ab|1af|1x|1u|1l|1aj|1aa|1k|1s|1ac|1g|1y|1z|1c|1w|1t|1o|1q|1ai|1b|1ag|1n|1j|1m|1ah|1d,8,13.683333333333332,1a|1ae|1ak|1al|1e|1f|1h|1r
31.191634041338283,,,sulfur-heteroaryl-fused,stage2_alt_plus_stage2pp,,2,sulfur-heteroaryl-fused,ridge_regression,92.0,92.0,,60.80836595866172,85.23639693373515,50.6142360916246,94.97872408263379,46.5081283713595,-31.191634041338283,"{""alpha"": 1000.0}",sulfur-heteroaryl-fused,family_holdout,ee,1w,30,1am|1i|1p|1ao|1ab|1af|1e|1k|1s|1al|1y|1aa|1ac|1t|1z|1v|1c|1o|1u|1q|1ai|1b|1m|1ag|1h|1n|1j|1ah|1f|1l,7,11.72180204020041,1a|1ae|1aj|1ak|1d|1g|1r
13.280779026739722,,,sulfur-heteroaryl-fused,stage2_alt_plus_stage2pp,,2,sulfur-heteroaryl-fused,ridge_regression,94.0,94.0,,80.71922097326028,105.14725194833372,70.52509110622316,114.88957909723234,66.41898338595806,-13.280779026739722,"{""alpha"": 1000.0}",sulfur-heteroaryl-fused,family_holdout,ee,1x,30,1am|1i|1p|1ao|1ab|1af|1e|1k|1s|1al|1y|1aa|1ac|1t|1z|1v|1c|1o|1u|1q|1ai|1b|1m|1ag|1h|1n|1j|1ah|1f|1l,7,11.72180204020041,1a|1ae|1aj|1ak|1d|1g|1r
33.78604168079698,,,sulfur-heteroaryl-fused,stage2_alt_plus_stage2pp,,2,sulfur-heteroaryl-fused,elastic_net,92.0,92.0,,58.21395831920302,73.93991051152545,47.77595649566181,74.0773814534451,45.93981568365477,-33.78604168079698,"{""alpha"": 10.0, ""l1_ratio"": 0.2}",sulfur-heteroaryl-fused,family_holdout,ee,1w,30,1am|1i|1p|1ao|1ab|1af|1e|1k|1s|1al|1y|1aa|1ac|1t|1z|1v|1c|1o|1u|1q|1ai|1b|1m|1ag|1h|1n|1j|1ah|1f|1l,7,10.361992692681753,1a|1ae|1aj|1ak|1d|1g|1r
13.521929851025163,,,sulfur-heteroaryl-fused,stage2_alt_plus_stage2pp,,2,sulfur-heteroaryl-fused,elastic_net,94.0,94.0,,80.47807014897484,96.20402234129726,70.04006832543362,96.3414932832169,68.20392751342658,-13.521929851025163,"{""alpha"": 10.0, ""l1_ratio"": 0.2}",sulfur-heteroaryl-fused,family_holdout,ee,1x,30,1am|1i|1p|1ao|1ab|1af|1e|1k|1s|1al|1y|1aa|1ac|1t|1z|1v|1c|1o|1u|1q|1ai|1b|1m|1ag|1h|1n|1j|1ah|1f|1l,7,10.361992692681753,1a|1ae|1aj|1ak|1d|1g|1r
39.15895980002531,,,sulfur-heteroaryl-fused,stage2_alt_plus_stage2pp,,2,sulfur-heteroaryl-fused,lightgbm,92.0,92.0,,52.84104019997469,62.840666934139506,40.49136121352833,63.16933744093692,35.57528142399556,-39.15895980002531,"{""learning_rate"": 0.1, ""n_estimators"": 75, ""num_leaves"": 7}",sulfur-heteroaryl-fused,family_holdout,ee,1w,30,1am|1i|1p|1ao|1ab|1af|1e|1k|1s|1al|1y|1aa|1ac|1t|1z|1v|1c|1o|1u|1q|1ai|1b|1m|1ag|1h|1n|1j|1ah|1f|1l,7,8.533156060789352,1a|1ae|1aj|1ak|1d|1g|1r
13.377065070138372,,,sulfur-heteroaryl-fused,stage2_alt_plus_stage2pp,,2,sulfur-heteroaryl-fused,lightgbm,94.0,94.0,,80.62293492986163,90.62256166402645,68.27325594341526,90.95123217082386,63.35717615388249,-13.377065070138372,"{""learning_rate"": 0.1, ""n_estimators"": 75, ""num_leaves"": 7}",sulfur-heteroaryl-fused,family_holdout,ee,1x,30,1am|1i|1p|1ao|1ab|1af|1e|1k|1s|1al|1y|1aa|1ac|1t|1z|1v|1c|1o|1u|1q|1ai|1b|1m|1ag|1h|1n|1j|1ah|1f|1l,7,8.533156060789352,1a|1ae|1aj|1ak|1d|1g|1r
13.86666666666666,118.30352019725406,37.96314646941262,sulfur-heteroaryl-fused,stage2_alt_plus_stage2pp,20.494993297918736,2,sulfur-heteroaryl-fused,gaussian_process,92.0,92.0,,78.13333333333334,106.86666666666667,64.86666666666667,110.91666666666669,64.41666666666669,-13.86666666666666,"{""alpha"": 1e-05, ""kernel"": ""1**2 * RBF(length_scale=0.5) + WhiteKernel(noise_level=1)""}",sulfur-heteroaryl-fused,family_holdout,ee,1w,30,1am|1i|1p|1ao|1ab|1af|1e|1k|1s|1al|1y|1aa|1ac|1t|1z|1v|1c|1o|1u|1q|1ai|1b|1m|1ag|1h|1n|1j|1ah|1f|1l,7,17.55238095238095,1a|1ae|1aj|1ak|1d|1g|1r
15.86666666666666,118.30352019725406,37.96314646941262,sulfur-heteroaryl-fused,stage2_alt_plus_stage2pp,20.494993297918736,2,sulfur-heteroaryl-fused,gaussian_process,94.0,94.0,,78.13333333333334,106.86666666666667,64.86666666666667,110.91666666666669,64.41666666666669,-15.86666666666666,"{""alpha"": 1e-05, ""kernel"": ""1**2 * RBF(length_scale=0.5) + WhiteKernel(noise_level=1)""}",sulfur-heteroaryl-fused,family_holdout,ee,1x,30,1am|1i|1p|1ao|1ab|1af|1e|1k|1s|1al|1y|1aa|1ac|1t|1z|1v|1c|1o|1u|1q|1ai|1b|1m|1ag|1h|1n|1j|1ah|1f|1l,7,17.55238095238095,1a|1ae|1aj|1ak|1d|1g|1r
8.092098725200316,,,sulfur-heterocycle-fused,stage2_alt_plus_stage2pp,,1,sulfur-heterocycle-fused,ridge_regression,91.0,91.0,,82.90790127479968,91.24724000893868,69.64575959222486,99.11210519378784,67.226949476438,-8.092098725200316,"{""alpha"": 10000.0}",sulfur-heterocycle-fused,family_holdout,ee,1y,30,1am|1i|1p|1ao|1ab|1af|1x|1u|1l|1aj|1aa|1k|1s|1ac|1g|1z|1c|1o|1w|1t|1q|1v|1ai|1b|1ag|1n|1j|1m|1ah|1d,8,10.470882928278932,1a|1ae|1ak|1al|1e|1f|1h|1r
6.123438901699217,,,sulfur-heterocycle-fused,stage2_alt_plus_stage2pp,,1,sulfur-heterocycle-fused,elastic_net,91.0,91.0,,84.87656109830078,92.12477280061631,72.99636155182107,98.65084184776362,70.8982760799534,-6.123438901699217,"{""alpha"": 10.0, ""l1_ratio"": 0.5}",sulfur-heterocycle-fused,family_holdout,ee,1y,30,1am|1i|1p|1ao|1ab|1af|1x|1u|1l|1aj|1aa|1k|1s|1ac|1g|1z|1c|1o|1w|1t|1q|1v|1ai|1b|1ag|1n|1j|1m|1ah|1d,8,9.398561778199122,1a|1ae|1ak|1al|1e|1f|1h|1r
1.539016067913522,,,sulfur-heterocycle-fused,stage2_alt_plus_stage2pp,,1,sulfur-heterocycle-fused,lightgbm,91.0,91.0,,89.46098393208648,90.0067284039537,67.93959243553445,91.90505934857002,64.81031633717839,-1.539016067913522,"{""learning_rate"": 0.1, ""n_estimators"": 25, ""num_leaves"": 3}",sulfur-heterocycle-fused,family_holdout,ee,1y,30,1am|1i|1p|1ao|1ab|1af|1x|1u|1l|1aj|1aa|1k|1s|1ac|1g|1z|1c|1o|1w|1t|1q|1v|1ai|1b|1ag|1n|1j|1m|1ah|1d,8,8.72959469171119,1a|1ae|1ak|1al|1e|1f|1h|1r
13.733333333333334,119.30966208370481,35.22367124962853,sulfur-heterocycle-fused,stage2_alt_plus_stage2pp,21.450507865835785,1,sulfur-heterocycle-fused,gaussian_process,91.0,91.0,,77.26666666666667,93.13333333333333,62.53333333333333,99.43333333333334,62.53333333333333,-13.733333333333334,"{""alpha"": 1e-05, ""kernel"": ""1**2 * RBF(length_scale=2) + WhiteKernel(noise_level=10)""}",sulfur-heterocycle-fused,family_holdout,ee,1y,30,1am|1i|1p|1ao|1ab|1af|1x|1u|1l|1aj|1aa|1k|1s|1ac|1g|1z|1c|1o|1w|1t|1q|1v|1ai|1b|1ag|1n|1j|1m|1ah|1d,8,13.68333333333333,1a|1ae|1ak|1al|1e|1f|1h|1r
