245
 energy: -402.716234333514 gnorm: 0.835684444316 xtb: 6.7.1 (edcfbbe)
N            0.17529300000000       -1.76653100000000       -0.95177400000000
N           -0.03987900000000       -1.08711700000000        1.79395200000000
C           -0.42567100000000       -1.01075200000000       -3.24327000000000
C            0.01527600000000       -1.96895100000000       -2.30220600000000
C            0.42077900000000       -3.31928600000000       -2.65740200000000
H            0.38181000000000       -3.73630900000000       -3.67028900000000
C            0.85767400000000       -3.91388100000000       -1.50162100000000
H            1.25222000000000       -4.92661100000000       -1.36412900000000
C            0.67012700000000       -2.94610800000000       -0.43491500000000
C            0.86728600000000       -3.23641000000000        0.92994200000000
C            0.46645100000000       -2.35886600000000        1.95732300000000
C            0.40720200000000       -2.73660600000000        3.35816900000000
H            0.74592100000000       -3.69930400000000        3.75748800000000
C           -0.18426500000000       -1.69548700000000        4.02697000000000
H           -0.42391500000000       -1.61194700000000        5.09336100000000
C           -0.44393100000000       -0.66197900000000        3.04014300000000
C            1.41247500000000       -4.58030500000000        1.31319000000000
C            2.76035300000000       -4.72887200000000        1.72835600000000
C            3.28510100000000       -5.98383600000000        2.09620000000000
C            2.45131600000000       -7.11084200000000        2.03727000000000
H            2.85795500000000       -8.09718800000000        2.31153000000000
C            1.11305500000000       -7.00849700000000        1.63244600000000
C            0.59804800000000       -5.74219200000000        1.28373400000000
N           -0.78947100000000        1.57492500000000        1.06765600000000
N           -0.53039900000000        0.90738800000000       -1.65826000000000
C           -1.00232900000000        0.59644800000000        3.34925800000000
C           -1.10009200000000        1.64630100000000        2.40966500000000
C           -1.47448800000000        3.00358700000000        2.76126000000000
H           -1.78524300000000        3.32409400000000        3.76241900000000
C           -1.34234800000000        3.75850100000000        1.62201000000000
H           -1.53150000000000        4.82946100000000        1.48970900000000
C           -0.95359400000000        2.85058600000000        0.56080900000000
C           -0.84809200000000        3.21738800000000       -0.79363400000000
C           -0.73141500000000        2.26140400000000       -1.82139400000000
C           -0.94945900000000        2.56712900000000       -3.22240900000000
H           -1.13355100000000        3.57131000000000       -3.62042200000000
C           -0.93286800000000        1.37254800000000       -3.89610300000000
H           -1.09481600000000        1.18674200000000       -4.96423500000000
C           -0.63836300000000        0.34427800000000       -2.91409100000000
C           -0.92889500000000        4.66264300000000       -1.18119500000000
C            0.25288000000000        5.35795200000000       -1.54871500000000
C            0.21244000000000        6.70117600000000       -1.97381000000000
C           -1.02316000000000        7.36575400000000       -2.00343900000000
H           -1.06140500000000        8.41846100000000       -2.32563400000000
C           -2.21141000000000        6.71735100000000       -1.63477400000000
C           -2.16034900000000        5.36373600000000       -1.24182000000000
Fe          -0.19053800000000       -0.05702100000000        0.06541400000000
Cl          -2.43617500000000       -0.69777800000000        0.06300400000000
C           -1.57213100000000        0.80978900000000        4.72341700000000
C           -0.79561800000000        1.35627200000000        5.78467500000000
C           -2.93275000000000        0.45063200000000        4.96527600000000
C           -1.36354400000000        1.54684600000000        7.06448800000000
N            0.54434900000000        1.70904300000000        5.49956000000000
C           -3.49979500000000        0.66579100000000        6.24466300000000
N           -3.66041400000000       -0.14131100000000        3.91344400000000
H           -0.74014300000000        1.95433200000000        7.86817200000000
C           -2.70716900000000        1.20361200000000        7.26604400000000
C            1.53263500000000        2.12435300000000        6.37270100000000
H            0.81276100000000        1.60623300000000        4.51539600000000
H           -4.55231100000000        0.40460800000000        6.40245400000000
C           -4.99781700000000       -0.51794300000000        3.90470100000000
H           -3.14024400000000       -0.31968100000000        3.04441100000000
H           -3.15425400000000        1.36030000000000        8.26085600000000
O            1.39286700000000        2.23519600000000        7.59252600000000
C            2.85008800000000        2.44656500000000        5.70317400000000
O           -5.78944800000000       -0.27785500000000        4.81941500000000
C           -5.41623500000000       -1.27338400000000        2.66902700000000
C            4.11613500000000        2.06455400000000        6.42910800000000
H            2.89776800000000        2.44676200000000        4.60159900000000
C            3.69435400000000        3.51747800000000        6.40858900000000
C           -6.77654100000000       -0.97678600000000        2.08340500000000
H           -4.63577600000000       -1.59123500000000        1.95692700000000
C           -6.58766200000000       -2.24262300000000        2.89008300000000
H            3.99933600000000        1.54166800000000        7.39132800000000
H            4.98050700000000        1.78403200000000        5.80723900000000
H            3.25954700000000        3.91855500000000        7.33655000000000
C            4.46428100000000        4.47710600000000        5.56166900000000
H           -7.36398100000000       -0.18473800000000        2.57465200000000
H           -6.87171900000000       -1.07100300000000        0.98948300000000
H           -6.99735300000000       -2.24088300000000        3.91138000000000
C           -6.56815300000000       -3.56284700000000        2.19515900000000
O            4.55363900000000        5.68327700000000        6.17192600000000
O            4.95995800000000        4.21603900000000        4.47143900000000
O           -7.17299500000000       -4.50828000000000        2.96527500000000
O           -6.09142400000000       -3.78574100000000        1.09208200000000
C            5.29721700000000        6.74497300000000        5.49130500000000
C           -7.26497100000000       -5.86007100000000        2.42103200000000
C            4.31010800000000        7.61375400000000        4.71229300000000
C            6.06410600000000        7.49973500000000        6.57282700000000
H            5.99569000000000        6.25050400000000        4.78373000000000
C           -7.24922800000000       -6.80321500000000        3.62025200000000
C           -8.52546600000000       -5.97609600000000        1.56276000000000
H           -6.36963600000000       -6.02030100000000        1.78317800000000
H            3.78770900000000        7.01976000000000        3.93605800000000
H            3.55130600000000        8.05485400000000        5.39144000000000
H            4.84608000000000        8.44238800000000        4.20488600000000
H            6.75225500000000        6.82205500000000        7.11671400000000
H            6.66621200000000        8.31264300000000        6.11781100000000
H            5.36848900000000        7.95299400000000        7.30917500000000
H           -6.32342000000000       -6.66901100000000        4.21476200000000
H           -8.11849300000000       -6.61435000000000        4.28421900000000
H           -7.29538200000000       -7.85792500000000        3.27963100000000
H           -8.48247200000000       -5.27251500000000        0.70812400000000
H           -8.62080300000000       -7.00389900000000        1.15481800000000
H           -9.43241700000000       -5.75419800000000        2.16322400000000
C           -0.67279600000000       -1.47965700000000       -4.64881300000000
C            0.28274400000000       -1.27252900000000       -5.68543300000000
C           -1.88064500000000       -2.17902400000000       -4.94407500000000
C            0.06905400000000       -1.81003700000000       -6.97419000000000
N            1.42296900000000       -0.49829800000000       -5.37103300000000
C           -2.08463900000000       -2.72365400000000       -6.23440000000000
N           -2.85279300000000       -2.25987800000000       -3.92772700000000
H            0.82291100000000       -1.64121400000000       -7.75173400000000
C           -1.10576300000000       -2.53551400000000       -7.21890400000000
C            2.36389000000000        0.04720600000000       -6.22819300000000
H            1.44780800000000       -0.16087700000000       -4.40370100000000
H           -3.00886800000000       -3.27950500000000       -6.43036300000000
C           -4.08847100000000       -2.89195600000000       -3.96359300000000
H           -2.63875700000000       -1.74428000000000       -3.06531900000000
H           -1.26957000000000       -2.96238800000000       -8.22140700000000
O            2.45732500000000       -0.21347900000000       -7.42825700000000
C            3.26374000000000        1.06443300000000       -5.56402000000000
O           -4.46944700000000       -3.61582800000000       -4.88626700000000
C           -4.95499500000000       -2.59715800000000       -2.76656700000000
C            3.57230500000000        2.31455200000000       -6.35423600000000
H            3.21156000000000        1.17759300000000       -4.46857300000000
C            4.65017700000000        1.26560400000000       -6.17885400000000
C           -5.85187300000000       -3.69206400000000       -2.24404500000000
H           -4.59239700000000       -1.86802300000000       -2.02212700000000
C           -6.46473900000000       -2.57716000000000       -3.06134600000000
H            3.12486200000000        2.38626200000000       -7.35791900000000
H            3.68454500000000        3.25261400000000       -5.78865100000000
H            4.88489300000000        0.63709500000000       -7.05110900000000
C            5.77692900000000        1.57854400000000       -5.24796200000000
H           -5.78313000000000       -4.66696100000000       -2.75237200000000
H           -6.02864500000000       -3.69815300000000       -1.15625400000000
H           -6.73388700000000       -2.81678200000000       -4.10118600000000
C           -7.30259700000000       -1.53889500000000       -2.39178800000000
O            6.94696000000000        1.11080500000000       -5.73994600000000
O            5.66382300000000        2.18969500000000       -4.19039100000000
O           -8.30558300000000       -1.13683000000000       -3.21838000000000
O           -7.13441200000000       -1.10180200000000       -1.26284900000000
C            8.16476700000000        1.35817200000000       -4.96722100000000
C           -9.22924900000000       -0.12539400000000       -2.71010600000000
C            9.06953900000000        0.15234300000000       -5.19832100000000
C            8.77598500000000        2.68677600000000       -5.41246300000000
H            7.86510400000000        1.42810500000000       -3.90008900000000
C           -8.66499900000000        1.26545300000000       -3.00013200000000
C          -10.57337900000000       -0.39948400000000       -3.37797400000000
H           -9.29969600000000       -0.26867200000000       -1.61062600000000
H            8.56634700000000       -0.78228700000000       -4.87966400000000
H            9.33462100000000        0.05679500000000       -6.27172000000000
H           10.00830600000000        0.26183900000000       -4.61751600000000
H            8.07726700000000        3.52600200000000       -5.22410900000000
H            9.71067600000000        2.88707500000000       -4.84884200000000
H            9.02099600000000        2.66413700000000       -6.49466500000000
H           -7.69594900000000        1.41012300000000       -2.48347200000000
H           -8.51521500000000        1.40949300000000       -4.09058000000000
H           -9.36409600000000        2.04750700000000       -2.63796700000000
H          -10.92712300000000       -1.42483300000000       -3.14896700000000
H          -11.33555700000000        0.32034400000000       -3.01527600000000
H          -10.49591200000000       -0.29766000000000       -4.48057100000000
H            4.33211400000000       -6.07293600000000        2.41678800000000
H            0.46916700000000       -7.89734000000000        1.58367400000000
H            1.13476900000000        7.21215700000000       -2.28289900000000
H           -3.17318400000000        7.24855800000000       -1.65508100000000
O            3.50742800000000       -3.57054900000000        1.75351200000000
O           -0.69275100000000       -5.55027800000000        0.85389300000000
O            1.40366000000000        4.60310700000000       -1.53106300000000
O           -3.26866900000000        4.65505700000000       -0.84426000000000
C            4.84126400000000       -3.61372000000000        2.14290500000000
C            5.83966100000000       -3.89643800000000        1.19261100000000
C            5.17567500000000       -3.29349900000000        3.47060400000000
C            7.18901600000000       -3.86041400000000        1.58546200000000
H            5.55198000000000       -4.13344600000000        0.15719200000000
C            6.52875600000000       -3.25917500000000        3.85024100000000
H            4.37077900000000       -3.06730900000000        4.18608400000000
C            7.53688900000000       -3.54375500000000        2.91144000000000
H            7.97390600000000       -4.07830000000000        0.84399700000000
H            6.79555000000000       -3.00601600000000        4.88866000000000
H            8.59569100000000       -3.51609800000000        3.21300600000000
C           -1.66084500000000       -6.53018000000000        1.02487600000000
C           -2.03248000000000       -6.97527900000000        2.30809000000000
C           -2.32058800000000       -7.00458300000000       -0.12191100000000
C           -3.06322900000000       -7.92119400000000        2.43339000000000
H           -1.51869100000000       -6.57504800000000        3.19516900000000
C           -3.35676700000000       -7.94335600000000        0.01801000000000
H           -2.01866000000000       -6.62088700000000       -1.10765300000000
C           -3.72645700000000       -8.40969700000000        1.29213100000000
H           -3.35578700000000       -8.27272900000000        3.43561600000000
H           -3.87741500000000       -8.31284100000000       -0.87954600000000
H           -4.53385500000000       -9.15100600000000        1.39724700000000
C            2.67223500000000        5.14879500000000       -1.43243300000000
C            2.98561900000000        6.21244700000000       -0.56193700000000
C            3.68336100000000        4.51568900000000       -2.17923300000000
C            4.31897400000000        6.64791000000000       -0.46566200000000
H            2.19494400000000        6.68866000000000        0.03688500000000
C            5.01243200000000        4.95227500000000       -2.06354700000000
H            3.42407900000000        3.67348500000000       -2.83657500000000
C            5.33537800000000        6.02523700000000       -1.21292400000000
H            4.56377900000000        7.48163300000000        0.21192700000000
H            5.78679500000000        4.43410800000000       -2.64997300000000
H            6.37670600000000        6.37307500000000       -1.12714900000000
C           -4.55107200000000        5.05723000000000       -1.18863000000000
C           -4.92482700000000        5.26955800000000       -2.52997600000000
C           -5.49726300000000        5.15776800000000       -0.15347000000000
C           -6.25679700000000        5.60326400000000       -2.82580600000000
H           -4.17708400000000        5.16459800000000       -3.33048200000000
C           -6.82807900000000        5.48383300000000       -0.46467300000000
H           -5.17672700000000        4.96688400000000        0.88146600000000
C           -7.21135200000000        5.71394900000000       -1.79788600000000
H           -6.55220700000000        5.76747900000000       -3.87433900000000
H           -7.57047600000000        5.55878800000000        0.34560400000000
H           -8.25429800000000        5.97302800000000       -2.03762000000000
N            1.46441400000000        0.33553400000000        0.15921900000000
C            2.55169300000000        1.08950500000000        0.69090400000000
C            2.28409800000000        2.26772800000000        1.39834700000000
C            3.33242000000000        3.03020500000000        1.91882900000000
C            4.65401400000000        2.61989600000000        1.73419800000000
C            4.93088900000000        1.44444700000000        1.03158300000000
C            3.88471400000000        0.66371100000000        0.50821800000000
C            4.20934000000000       -0.57846200000000       -0.29028000000000
C            4.19892400000000       -0.30494500000000       -1.79951000000000
C            5.27690500000000        0.66024800000000       -2.18777500000000
C            5.09977000000000        2.02682100000000       -2.39000900000000
C            6.36225100000000        2.49118900000000       -2.67458800000000
C            6.81977500000000        3.77610900000000       -2.95715000000000
C            8.19542900000000        3.94055900000000       -3.20459000000000
C            9.06826400000000        2.82956600000000       -3.16199000000000
C            8.57318000000000        1.54457800000000       -2.87057500000000
C            7.20740000000000        1.41386900000000       -2.63031900000000
O            6.54542600000000        0.32214100000000       -2.33590100000000
H            1.26212800000000        2.59570100000000        1.54182800000000
H            3.12023500000000        3.94168500000000        2.46256400000000
H            5.46539500000000        3.21534300000000        2.13238700000000
H            5.96243000000000        1.14772900000000        0.88642000000000
H            3.46769200000000       -1.37380600000000       -0.06157900000000
H            5.20241400000000       -0.98272200000000        0.00689400000000
H            4.36695300000000       -1.26054500000000       -2.34040000000000
H            3.20657800000000        0.08744500000000       -2.11107500000000
H            4.18207700000000        2.59617500000000       -2.31950100000000
H            6.14224000000000        4.61976000000000       -2.98536400000000
H            8.58729500000000        4.92421400000000       -3.42819900000000
H           10.12441600000000        2.96773900000000       -3.35329100000000
H            9.23198400000000        0.68696900000000       -2.83231300000000
245
 energy: -402.959802287314 gnorm: 0.342963615053 xtb: 6.7.1 (edcfbbe)
N            0.17750012451122       -1.77140306245419       -0.95571532028712
N           -0.03880813533181       -1.09028167276473        1.79877547950246
C           -0.42666696321831       -1.01065643410229       -3.24242162840480
C            0.01482156893583       -1.97006657207634       -2.30322107227086
C            0.42069146734016       -3.31898457730833       -2.65596373522253
H            0.38180902537985       -3.73504494693282       -3.66548661151082
C            0.85634638482450       -3.91205870033406       -1.50352002210853
H            1.25002895714574       -4.92164875306257       -1.36634314309385
C            0.66933781370680       -2.94692612490793       -0.43632357852084
C            0.86644410393597       -3.23552813629718        0.92867732319452
C            0.46605198098181       -2.35893501388760        1.95751448102735
C            0.40639725443495       -2.73464831915823        3.35720991072542
H            0.74484910905072       -3.69418565725703        3.75528916128334
C           -0.18284270677631       -1.69625631074396        4.02426362540800
H           -0.42123154454286       -1.61312313786941        5.08728262328045
C           -0.44343584205178       -0.66308064701474        3.03977361388854
C            1.41382408859097       -4.58237053703120        1.31296722845951
C            2.75986161154664       -4.72979697555927        1.72715269179607
C            3.28206302168497       -5.98411561036147        2.09326978769853
C            2.45160220841253       -7.10934181390617        2.03574397473225
H            2.85729621908242       -8.09330350891275        2.30951955214369
C            1.11634425746568       -7.00565089064648        1.63262077278370
C            0.60025166582969       -5.74221180760418        1.28405017876559
N           -0.79207980208215        1.57988523703673        1.07020749951630
N           -0.53192258400459        0.91019623796535       -1.66414245381444
C           -1.00223565274004        0.59596132600985        3.34705218618372
C           -1.10045523770215        1.64718073791540        2.40918331344270
C           -1.47431352058276        3.00370943297668        2.75877697068201
H           -1.78333046015455        3.32310399134461        3.75686570471326
C           -1.34338291883849        3.75644776625090        1.62286629459224
H           -1.53098115362786        4.82421880384751        1.49096134128687
C           -0.95518509881283        2.85082655963769        0.56112949854428
C           -0.84906655893199        3.21638300601680       -0.79383658595646
C           -0.73307332671424        2.26141292653944       -1.82309514894092
C           -0.95114259817968        2.56494561717567       -3.22305669877694
H           -1.13412960522400        3.56618813494632       -3.61971848679235
C           -0.93396906998638        1.37351645508753       -3.89499710640718
H           -1.09573787319767        1.18835825781624       -4.95963497189369
C           -0.63923939432124        0.34524852329607       -2.91521988493239
C           -0.93047019964956        4.66510812779761       -1.18304447579336
C            0.24953792540897        5.35950869024120       -1.54885852948068
C            0.20731201186926        6.70084674755460       -1.97293592230006
C           -1.02464995266874        7.36499376526769       -2.00331570190672
H           -1.06289931100212        8.41528259895751       -2.32464904283481
C           -2.20922349644016        6.71646877232212       -1.63575079674277
C           -2.16022544101698        5.36467775704534       -1.24334035627399
Fe          -0.18576466671015       -0.05777022609901        0.06628411622088
Cl          -2.43138255193073       -0.69692220961107        0.06239241452408
C           -1.57289342761880        0.80992907278947        4.72497099179557
C           -0.79687338466812        1.35568923326626        5.78391299903419
C           -2.93076048700736        0.45115912069469        4.96631912097993
C           -1.36490061505369        1.54540544364423        7.06105615126110
N            0.54589469172257        1.70920533912442        5.50059828892401
C           -3.49531254089833        0.66619019809918        6.24361394517108
N           -3.66298775495022       -0.14172074744659        3.91408587389339
H           -0.74421913739500        1.95268872649095        7.86487570380951
C           -2.70602460061140        1.20334633382940        7.26496186741598
C            1.53185726355772        2.12403205418307        6.37056919885516
H            0.81146395670408        1.60621988637337        4.51793962142925
H           -4.54577034301529        0.40573087164481        6.40377263763058
C           -4.99543999575733       -0.51776711056794        3.90537929143648
H           -3.14207623700700       -0.31869893506916        3.04809745226545
H           -3.15160183661622        1.35957412582753        8.25734671001150
O            1.39531137458881        2.23514729668197        7.58607250754194
C            2.85047970122044        2.44673683131261        5.70196173091296
O           -5.78621820916592       -0.27994837274689        4.81550618112369
C           -5.41658319669271       -1.27338064805029        2.66984898526842
C            4.11619377190636        2.06522333558347        6.42723633122995
H            2.89627405521742        2.44603319607228        4.60480334814682
C            3.69518042387266        3.51654759861089        6.40644652993188
C           -6.77618217845171       -0.97744097888362        2.08497503440401
H           -4.63864182908414       -1.58869752529600        1.96105642320877
C           -6.58712910257874       -2.24263568063433        2.88982951601958
H            4.00307187048281        1.54461821231359        7.38482699183754
H            4.97636026243766        1.78537249410959        5.80947466143764
H            3.26471526821177        3.91821435153518        7.33101175305643
C            4.46447437739427        4.47808266066770        5.56047800139880
H           -7.36295013873978       -0.18945396489093        2.57181145358173
H           -6.87233330011938       -1.06998233108060        0.99668463037167
H           -6.99723753609618       -2.24327782263399        3.90700545271828
C           -6.56925263698842       -3.56333647635168        2.19705656716115
O            4.55813288258071        5.67986897698871        6.16597518970064
O            4.95605558494294        4.21755584441692        4.47658554367620
O           -7.17196988897750       -4.50798059696513        2.95963387699622
O           -6.09406902454058       -3.78393834883006        1.09957375923061
C            5.29727801089603        6.74364712487622        5.49001049271070
C           -7.26519533730452       -5.85959811289896        2.42181003044955
C            4.30950955394291        7.61566960437721        4.70944571310503
C            6.06548253505625        7.50123735769689        6.57107702155759
H            5.99397666018219        6.25198472638441        4.78358433662690
C           -7.24926815135064       -6.80526243996555        3.62188429843175
C           -8.52730514017244       -5.97743897109030        1.56238347175886
H           -6.37186351700692       -6.01958947151354        1.78582107879029
H            3.78976874302300        7.02008770856805        3.93837555448841
H            3.55705410303799        8.05260603472575        5.38738331974391
H            4.84536308369582        8.43885081307070        4.20758640951438
H            6.74930656683125        6.82689038321112        7.11185484730263
H            6.66486417562390        8.30896046048414        6.11950475460011
H            5.37443331495436        7.95049205438155        7.30370718323452
H           -6.32770337434809       -6.66900445854662        4.21092269067999
H           -8.11506887666190       -6.61742494302923        4.28096962777440
H           -7.29669430041975       -7.85351932735820        3.28275764847718
H           -8.48208508773366       -5.27540728959261        0.71369821777235
H           -8.62208458400152       -6.99999874177265        1.15890929409994
H           -9.42921616823562       -5.75757262045361        2.16055654041292
C           -0.67460962392902       -1.48098371873411       -4.65145986931093
C            0.27923328483627       -1.27350654623857       -5.68632594368509
C           -1.88014767788446       -2.17937362383690       -4.94561244253892
C            0.06440672032042       -1.81079984500963       -6.97236525794383
N            1.42150610655025       -0.49667028799208       -5.37438829678672
C           -2.08318586073908       -2.72185815822772       -6.23394157072770
N           -2.85622853822460       -2.26152590092025       -3.92903473855443
H            0.81582330140976       -1.64368359463985       -7.75052349343645
C           -1.10750123956157       -2.53572386166893       -7.21881619774923
C            2.35921513354200        0.04724764101543       -6.22891251378077
H            1.44560367981145       -0.16267636202507       -4.40793674723836
H           -3.00515701240434       -3.27728646384760       -6.43169854006435
C           -4.08785827723794       -2.89111534204052       -3.96430854522346
H           -2.64001565955783       -1.74694755572569       -3.06921638948462
H           -1.27094648903685       -2.96155103552366       -8.21880428133439
O            2.45602816458374       -0.21269649992763       -7.42446667686422
C            3.26080768589312        1.06419281558046       -5.56612799502025
O           -4.47007307668389       -3.61307099435184       -4.88212156250473
C           -4.95613707483677       -2.59772802927613       -2.76721380561176
C            3.57059106686311        2.31362098263481       -6.35609419450291
H            3.20883985257019        1.17582688146075       -4.47474113824944
C            4.64312810341424        1.26121920926338       -6.18524426686315
C           -5.85243688574318       -3.69191750526188       -2.24503281022341
H           -4.59332149797546       -1.87183219593033       -2.02636396412425
C           -6.46526210159167       -2.57756940228241       -3.06049247551926
H            3.12589980268677        2.38800609605771       -7.35499250378045
H            3.68186525175038        3.24780940698842       -5.79406546565311
H            4.88298268220490        0.63955290047704       -7.05103094668265
C            5.76951289962598        1.57043366586114       -5.27492777806212
H           -5.78638291892380       -4.66325556410541       -2.74884153718331
H           -6.02822548255322       -3.69975252528369       -1.16291263727179
H           -6.73688419950511       -2.81580548591143       -4.09608703478254
C           -7.30418507747367       -1.53931558690711       -2.39334939403606
O            6.93593372309769        1.10545962809358       -5.75388825212119
O            5.64081551568011        2.20309088837745       -4.24575465725856
O           -8.30606125565877       -1.13738403308128       -3.21189194304301
O           -7.13541275701908       -1.10534000476605       -1.26982653643706
C            8.15452924667179        1.35549585316539       -5.00265463153459
C           -9.23011604938117       -0.12684672727415       -2.70990116321199
C            9.06852229625246        0.15160323441544       -5.20515741847073
C            8.77028123440883        2.68454382218166       -5.43316015338714
H            7.86220433341723        1.42472849892880       -3.92769922355181
C           -8.66660996770861        1.26722696552187       -3.00022754941254
C          -10.57649386528306       -0.39936242366402       -3.37810797660402
H           -9.30069543039646       -0.26900904421642       -1.61365089793013
H            8.56616206839965       -0.77558457860182       -4.88259695665044
H            9.33457020816789        0.05545479583981       -6.26957251537484
H           10.00265829940524        0.26298166768232       -4.62701679349686
H            8.07679035727189        3.51809360505815       -5.23349568132842
H            9.69872802980198        2.88463128318568       -4.87589486500916
H            9.01779738642842        2.66334518798387       -6.50001407668106
H           -7.70020175781321        1.40790045221850       -2.48561890056938
H           -8.51891076367801        1.40830098682974       -4.08450170284549
H           -9.36403331435129        2.04250647906844       -2.64048147096429
H          -10.92755330229162       -1.41963600107052       -3.14998519448181
H          -11.33458736873950        0.31565736086523       -3.01769837636020
H          -10.49916483347225       -0.29862427054755       -4.47374131303207
H            4.32751635325937       -6.07319760815602        2.41355615413721
H            0.47375612173106       -7.89349548795152        1.58412238765546
H            1.12791494712891        7.21155956702966       -2.28180820390752
H           -3.16948106790137        7.24711735473065       -1.65592220250489
O            3.50747060498562       -3.57204022791679        1.75179725596888
O           -0.69154647895037       -5.55171348732905        0.85357846977347
O            1.40141279386455        4.60510546166605       -1.53212215158747
O           -3.26979964812628        4.65672636327062       -0.84500411986981
C            4.84406371966892       -3.61288354583784        2.14135160584382
C            5.84172870590057       -3.89365620377386        1.19442135608677
C            5.17968150669760       -3.29278809768026        3.46560328752696
C            7.18789922341935       -3.85836516851954        1.58562380218454
H            5.55391060478805       -4.13043904229327        0.16251753884711
C            6.52962041671240       -3.25919729645548        3.84414549458235
H            4.37667084986508       -3.06790415456777        4.17866229343853
C            7.53518800782953       -3.54330075239842        2.90797150556776
H            7.97138147591796       -4.07601820785630        0.84739588864370
H            6.79694239231341       -3.00772056706187        4.87931365321998
H            8.59206775306726       -3.51655918600628        3.20892043337422
C           -1.66213186155586       -6.53169323837274        1.02513059637269
C           -2.03426325839575       -6.97728340740843        2.30441884033009
C           -2.32247059292343       -7.00584093280131       -0.11854602562938
C           -3.06243013915992       -7.92135361517994        2.42965573349464
H           -1.52070538733528       -6.57804366257569        3.18835669984859
C           -3.35553127550777       -7.94322562489687        0.02124793090318
H           -2.02084088694040       -6.62299119645946       -1.10123811491351
C           -3.72381341527093       -8.40897311617799        1.29193342066853
H           -3.35396601191041       -8.27358893966388        3.42839913661259
H           -3.87489099837273       -8.31293240871594       -0.87286541645213
H           -4.52911130273370       -9.14966350666753        1.39703501310612
C            2.66870001770824        5.15215465038303       -1.43097284260622
C            2.98807495921477        6.21161917297701       -0.56417050623746
C            3.67373991831521        4.52815869579387       -2.17687447924320
C            4.31680203525602        6.64876724620942       -0.46664722885869
H            2.19939379210815        6.68603556826609        0.03229441514662
C            4.98278953147650        4.97808457453233       -2.04970442415611
H            3.41625265071743        3.68934178502355       -2.83783705746336
C            5.32760825612152        6.03150102726618       -1.21098152702287
H            4.56341244661413        7.47887763962356        0.20697547986655
H            5.75871605006430        4.43110038584984       -2.61812884528075
H            6.37115104486143        6.37261888984943       -1.13080280230322
C           -4.55429927597697        5.05776286801971       -1.18952368750468
C           -4.92961746903091        5.27025474937783       -2.52685483051680
C           -5.50014600729390        5.15773220870050       -0.15709994378570
C           -6.25855617930806        5.60342991180250       -2.82194572888190
H           -4.18332830846745        5.16596347386393       -3.32462946490504
C           -6.82776752873125        5.48388165553756       -0.46726824857466
H           -5.17960109657710        4.96757182637383        0.87460276630500
C           -7.21038990219987        5.71409112024549       -1.79687058408994
H           -6.55432997463247        5.76853024751408       -3.86683513548632
H           -7.56852300543261        5.55953394893891        0.33980869818969
H           -8.25133936939768        5.97350019200022       -2.03603825521488
N            1.46960263437004        0.35380561007314        0.16753616071245
C            2.53665336042223        1.07784838650226        0.68512865428669
C            2.28696103598940        2.26736656077236        1.39939705170369
C            3.33160926804930        3.02438509750043        1.91380903036662
C            4.65039970446153        2.61717378844770        1.73007274364614
C            4.92044777153581        1.44405492681658        1.02929261900883
C            3.88403844027052        0.66186377853886        0.50530918242280
C            4.20696111963046       -0.58286806936157       -0.28576961064413
C            4.19526141913770       -0.31414966544131       -1.80095809434817
C            5.25708243689776        0.65875352390779       -2.16983598666175
C            5.09180937988760        2.01105255416491       -2.32896708648076
C            6.38341689166908        2.50472885636964       -2.62660447487085
C            6.88827048691929        3.77102566594239       -2.97460620594300
C            8.22436650674761        3.93468769332799       -3.18031768269655
C            9.09022019839534        2.83631166699768       -3.08598291473620
C            8.59500490444061        1.55913192903273       -2.81080764132824
C            7.22778392187646        1.41858491720111       -2.55122536802892
O            6.54132583029738        0.30011849046555       -2.31946659390002
H            1.26773044924817        2.59517210760138        1.54136385573834
H            3.12117087468769        3.93705182190613        2.45967535784429
H            5.46109403257616        3.21240696285722        2.13163766875464
H            5.95446498295675        1.14636647471160        0.88658369933711
H            3.46787522756482       -1.36849862541393       -0.06213069552266
H            5.19636269427024       -0.97717365310617        0.00528422302523
H            4.36531421008120       -1.25940222392555       -2.33826964201368
H            3.21344569827446        0.08486880514367       -2.10557132774507
H            4.18650355394060        2.56834456447236       -2.30162876037976
H            6.25215655555775        4.65760883490503       -3.09058722257380
H            8.59393714264107        4.91970014999597       -3.42824842660105
H           10.13261612569734        2.96764480324938       -3.32205626239313
H            9.23635890210682        0.69178084084445       -2.81631234065544
245
 energy: -403.084075361011 gnorm: 0.212602671951 xtb: 6.7.1 (edcfbbe)
N            0.17721855063946       -1.77397445158458       -0.96012923613624
N           -0.03815338930534       -1.09176219757504        1.79941347141603
C           -0.42984806949564       -1.01020730616560       -3.24353650738681
C            0.01252901234537       -1.97006345150794       -2.30596897034978
C            0.41862094766668       -3.31858719153688       -2.65769050071455
H            0.37962026349550       -3.73455787137398       -3.66545557534815
C            0.85447251069613       -3.91099234142005       -1.50695173523847
H            1.24799296871058       -4.91907459843018       -1.37030902316570
C            0.66812221576568       -2.94676180007658       -0.43926348271215
C            0.86575339720154       -3.23428482279017        0.92540652609377
C            0.46607331119577       -2.35836137943834        1.95498747494536
C            0.40695779240110       -2.73345034304716        3.35459253427955
H            0.74560696365502       -3.69136030082995        3.75208519259377
C           -0.18102359591544       -1.69636774552233        4.02102412210922
H           -0.41804742416485       -1.61370292123558        5.08256789043885
C           -0.44270464565909       -0.66308064140472        3.03738835760392
C            1.41468018938029       -4.58283160975180        1.31010297924943
C            2.76017924250249       -4.72915667101765        1.72296409864682
C            3.28154190057163       -5.98348850468062        2.08792603406212
C            2.45288124821759       -7.10816776884073        2.03193258307390
H            2.85846923954988       -8.09104710841729        2.30536494808164
C            1.11859023665257       -7.00374737697346        1.63047225378293
C            0.60160265884515       -5.74162399434706        1.28191329517709
N           -0.79522330525054        1.58347171391526        1.07024645148443
N           -0.53518905489030        0.91226107513768       -1.66992022513847
C           -1.00157370826792        0.59583144737165        3.34390125241526
C           -1.10091201796634        1.64767180382333        2.40735366931757
C           -1.47447206343222        3.00405424785426        2.75637758438936
H           -1.78213555220029        3.32304904229457        3.75307090645589
C           -1.34480010552280        3.75590373165928        1.62194498302147
H           -1.53171487041173        4.82212474293933        1.49046923390332
C           -0.95710018960504        2.85110187827960        0.55951082484170
C           -0.85151857426379        3.21588948598615       -0.79566449517868
C           -0.73624732790339        2.26170411748062       -1.82548554913558
C           -0.95528497524333        2.56431891279651       -3.22530324494061
H           -1.13791861228937        3.56415044374682       -3.62125554298644
C           -0.93812433183908        1.37434621727755       -3.89636588042132
H           -1.10028136011732        1.18963917508300       -4.95930207894500
C           -0.64241448201730        0.34587792899107       -2.91745075430018
C           -0.93393629189393        4.66674120084280       -1.18563565437467
C            0.24535591363669        5.36057850549251       -1.55107652035269
C            0.20156666963779        6.70152566013799       -1.97431467496584
C           -1.02863192912081        7.36540254153631       -2.00461359547447
H           -1.06718278416564        8.41473507410025       -2.32541364810288
C           -2.21123810803087        6.71619777512760       -1.63729181136064
C           -2.16267257974195        5.36515305003263       -1.24512392703706
Fe          -0.18411853238070       -0.05849217362380        0.06436833500211
Cl          -2.42876703557571       -0.69634240248476        0.06132344290183
C           -1.57234497790126        0.81013618080826        4.72440971804339
C           -0.79623675717202        1.35568543074587        5.78165720817322
C           -2.92824355830130        0.45142638562600        4.96619473520742
C           -1.36338726428605        1.54505516641947        7.05798150063311
N            0.54851691761817        1.70945388160763        5.49840891285048
C           -3.49136140178107        0.66598126965288        6.24262500495643
N           -3.66392935878962       -0.14214179967982        3.91338279890565
H           -0.74418161043283        1.95261536132707        7.86186622181458
C           -2.70344643201078        1.20326868514025        7.26401866073137
C            1.53278497990781        2.12447803709027        6.36703057562646
H            0.81134826955676        1.60662969991812        4.51637839103027
H           -4.54062816324665        0.40569601854410        6.40493734008120
C           -4.99336773479959       -0.51770090047096        3.90666738777262
H           -3.14231793307783       -0.31808082699319        3.04929505531199
H           -3.14771527574644        1.35918372723160        8.25549595386940
O            1.39902802686137        2.23578547572534        7.58072319346400
C            2.85217977667637        2.44772432020947        5.69737312848125
O           -5.78400389935232       -0.28157660160111        4.81487348347027
C           -5.41647506375102       -1.27395345826756        2.67052371055486
C            4.11802743665669        2.06646670679618        6.42203558919061
H            2.89610245486579        2.44624087223622        4.60259609284248
C            3.69696934821233        3.51644680387367        6.40168384330175
C           -6.77610537004748       -0.97829299620185        2.08706627807144
H           -4.63992079713918       -1.58741098158424        1.96322535320048
C           -6.58639209652074       -2.24277052153467        2.89116368899783
H            4.00800489357043        1.54696402285164        7.37721829410771
H            4.97552181903199        1.78704537252035        5.80610062769882
H            3.27011818342273        3.91846994812704        7.32448481957491
C            4.46560025310429        4.48013021543086        5.55528837347158
H           -7.36277127560027       -0.19261120471556        2.57162977259328
H           -6.87317476981763       -1.06974016468091        1.00170323435498
H           -6.99659908609248       -2.24511157079719        3.90596401919221
C           -6.56946155268848       -3.56455857441803        2.19967112117740
O            4.56331300516795        5.67822750706501        6.15852215668844
O            4.95441529816753        4.21879731129972        4.47358143180310
O           -7.17145104635057       -4.50834938266106        2.95735167085914
O           -6.09503824970534       -3.78304505387856        1.10373059590144
C            5.29869698388139        6.74288811357959        5.48475090747616
C           -7.26458385167632       -5.85945530723272        2.42351874910601
C            4.30925253313847        7.61744323345491        4.70344146458158
C            6.06753569199933        7.50267378755263        6.56503298610862
H            5.99357124342650        6.25386088681717        4.77800468643198
C           -7.24763455049831       -6.80665117234174        3.62435807961063
C           -8.52802681212065       -5.97870250489623        1.56346979369702
H           -6.37252927217845       -6.01929031632592        1.78839924973548
H            3.79090348155064        7.02007669210616        3.93549001978822
H            3.56170118772606        8.05173892318674        5.38156727727991
H            4.84575497658414        8.43722428133785        4.20549835978264
H            6.74918330550931        6.83117330433315        7.10375088628954
H            6.66558959094732        8.30738808429648        6.11602151202978
H            5.38041353861520        7.94954731401189        7.29602645423056
H           -6.32841328268196       -6.66914073109641        4.20927691625722
H           -8.11187311014671       -6.62066851525830        4.28036969221764
H           -7.29685675310628       -7.85125790790243        3.28648015081843
H           -8.48173559771188       -5.27732327575224        0.71885490216210
H           -8.62317061842740       -6.99848135320005        1.16390872026093
H           -9.42710867748039       -5.76123466281123        2.16065781052689
C           -0.67899319304767       -1.48158488687942       -4.65469207919927
C            0.27327731389606       -1.27382420379703       -5.68907880731440
C           -1.88297920136982       -2.17967147887061       -4.94764308236276
C            0.05766348716974       -1.81112351038354       -6.97387848426688
N            1.41688315767773       -0.49473924799468       -5.37891453131141
C           -2.08664181292843       -2.72130999876944       -6.23475407693317
N           -2.86123225374658       -2.26262236045069       -3.92980414715629
H            0.80726614032368       -1.64504109756507       -7.75309024142216
C           -1.11296173991770       -2.53630444034747       -7.22080685212139
C            2.35228497639512        0.04744197504600       -6.23335017641806
H            1.44088859850100       -0.16315821870519       -4.41282288968543
H           -3.00739271594051       -3.27670732015834       -6.43337590086802
C           -4.09002567480518       -2.89127494118588       -3.96543590341536
H           -2.64275413692216       -1.74829854550409       -3.07197098309088
H           -1.27658707034155       -2.96168468460778       -8.21952723458166
O            2.45054200119918       -0.21235563732043       -7.42687780487629
C            3.25569880464136        1.06494850908113       -5.57090305176425
O           -4.47412649723123       -3.61247552258594       -4.88059986755892
C           -4.95910797874579       -2.59820183584886       -2.76707202979703
C            3.56453957205190        2.31377854667935       -6.36115121892472
H            3.20378536165377        1.17594644487897       -4.48149511074922
C            4.63584376291735        1.26106021020548       -6.19260074066348
C           -5.85456319075132       -3.69236773036258       -2.24500085994527
H           -4.59534531938187       -1.87411394110322       -2.02840729791941
C           -6.46764461627069       -2.57864807314024       -3.05952436115817
H            3.12109113085305        2.38995615239339       -7.35770512034695
H            3.67610730590184        3.24573291749056       -5.80089386845451
H            4.87681227463727        0.64226450860664       -7.05647888614822
C            5.76393068178029        1.56638537626667       -5.28531353906611
H           -5.79054452741850       -4.66194823385602       -2.74622494626017
H           -6.02897023312725       -3.70126685862276       -1.16573094914698
H           -6.74169948773302       -2.81603934514039       -4.09235923324434
C           -7.30752684240944       -1.53981692512506       -2.39342668852727
O            6.92670011175086        1.10960646361790       -5.76316339807963
O            5.62342477484654        2.20711904108345       -4.27165441671108
O           -8.30949453480685       -1.13883752084561       -3.20618602732533
O           -7.13684268034848       -1.10773742687585       -1.27167213774655
C            8.14184486686005        1.35732628100797       -5.01739767994172
C           -9.23284853081311       -0.12910394138774       -2.70744744198266
C            9.06307343918708        0.15340760926501       -5.21500613907908
C            8.76230436475219        2.68516535838035       -5.44694412578519
H            7.85508615164848        1.42488579413914       -3.94792543603541
C           -8.66991355399802        1.26769950477703       -2.99843940030398
C          -10.58059414226956       -0.40050279933568       -3.37567568114594
H           -9.30299430343578       -0.27010644634081       -1.61330040503460
H            8.56255580549455       -0.76966951021188       -4.89004078443173
H            9.33143451077800        0.05544060792550       -6.27403913900142
H            9.99547908111210        0.26673309249702       -4.64050643450201
H            8.07220892720258        3.51445355158050       -5.24367626431188
H            9.68876882336762        2.88442358942018       -4.89451351897578
H            9.01185950600358        2.66502048179742       -6.50784327505890
H           -7.70430012207575        1.40570105085881       -2.48532487820814
H           -8.52467214548510        1.40702265220137       -4.07901274355362
H           -9.36697816379083        2.03847441854787       -2.64046103315910
H          -10.93049322476325       -1.41757780018806       -3.14792971449669
H          -11.33675863024849        0.31137673277047       -3.01717723914693
H          -10.50470108075087       -0.29998211588711       -4.46688897017897
H            4.32652272695658       -6.07275055125320        2.40750790795019
H            0.47699530658407       -7.89148104953824        1.58275748760165
H            1.12107238648056        7.21255936799262       -2.28334867155342
H           -3.17070316496248        7.24682235764987       -1.65721612499047
O            3.50728537871181       -3.57169851581428        1.74658648047546
O           -0.69075255169762       -5.55171605843660        0.85152653417850
O            1.39644846678007        4.60663792342013       -1.53464844691666
O           -3.27252083649814        4.65709733687935       -0.84546435955409
C            4.84604026396754       -3.61094552813133        2.13570170718073
C            5.84280121049233       -3.89041075609107        1.19037353423276
C            5.18284174482896       -3.29096988783209        3.45771563003065
C            7.18791310512412       -3.85561813363017        1.57988270647695
H            5.55456437592920       -4.12703218730071        0.16091063086754
C            6.53169578711578       -3.25786914089694        3.83511465997257
H            4.38129980895398       -3.06707604364525        4.16957409977076
C            7.53583520291528       -3.54155096930405        2.90009989206813
H            7.97069956010174       -4.07283486802295        0.84392114365279
H            6.80047124231530       -3.00765786898478        4.86790860866524
H            8.59194221328335       -3.51571478043158        3.20020748481339
C           -1.66257241530385       -6.53206638312755        1.02411136652345
C           -2.03414531833970       -6.97813819341719        2.30103531919320
C           -2.32376356374031       -7.00614249086531       -0.11748654544848
C           -3.06085732980636       -7.92190263470642        2.42678472905152
H           -1.52014500308469       -6.57968404172882        3.18267643484191
C           -3.35493320663699       -7.94340449084266        0.02273922925546
H           -2.02270236108974       -6.62374538739807       -1.09836953784451
C           -3.72203386059227       -8.40928424633232        1.29165325929690
H           -3.35136413082440       -8.27537086138987        3.42293783816200
H           -3.87402426119025       -8.31382415427595       -0.86851809698339
H           -4.52574384130704       -9.15022465167455        1.39711696735739
C            2.66568742423291        5.15450356719095       -1.43471040472964
C            2.98754477096043        6.21135011980092       -0.56914435092902
C            3.66820944277711        4.53310665839741       -2.18100622293792
C            4.31399852759638        6.64983626459935       -0.47218978292457
H            2.20007896206715        6.68509614367761        0.02689758057946
C            4.97643583151213        4.98338776494137       -2.05615984101898
H            3.40962292832004        3.69662688844862       -2.84197281754957
C            5.32277951816664        6.03382085108864       -1.21751646207036
H            4.56155453329610        7.47872525781781        0.20010402309848
H            5.75746855516890        4.44563671526206       -2.62194915735960
H            6.36617602891665        6.37456344142878       -1.13854021088120
C           -4.55832464504541        5.05757060433107       -1.18982853880844
C           -4.93523491680259        5.27033045540720       -2.52435507890249
C           -5.50354623025029        5.15704792704962       -0.15854880450127
C           -6.26306134931860        5.60344882694174       -2.81852662833314
H           -4.19015233377669        5.16691903219359       -3.32067200542718
C           -6.82986071597352        5.48341960825142       -0.46756875055704
H           -5.18232228701070        4.96740611893876        0.87091531116023
C           -7.21324256549683        5.71389321253886       -1.79495703926354
H           -6.56011580888371        5.76967828646759       -3.86051119539132
H           -7.56963919963213        5.55970014045003        0.33721594839318
H           -8.25325148314442        5.97384150421831       -2.03335335252211
N            1.46535258421035        0.38034600308683        0.18385748645946
C            2.51343222110832        1.06365027663757        0.67542121684517
C            2.28812016794899        2.26584104432333        1.39986208447253
C            3.32850467865617        3.01658722946448        1.90696637679101
C            4.64541513992892        2.61227410489756        1.72344408854052
C            4.90479492542919        1.43998871901873        1.02405363411619
C            3.87757724221830        0.65700613416761        0.50028927737309
C            4.20095481254715       -0.58942978491798       -0.28012152632585
C            4.19335591651413       -0.32425898120268       -1.80094976962598
C            5.24596804276997        0.65980699490924       -2.14439152101864
C            5.10268971209180        1.99917312961746       -2.25360468764723
C            6.41354690959814        2.52537171036924       -2.53787202556193
C            6.95885276163461        3.76497659427626       -2.98425744989394
C            8.27612629969262        3.92855650256369       -3.13866852112577
C            9.13388474320220        2.83418681109947       -2.98840142816226
C            8.62641938032102        1.57719893128471       -2.71787892666460
C            7.25597440480581        1.43208812718468       -2.44050115115442
O            6.54615983049700        0.28291576801633       -2.28655861932427
H            1.27275327260139        2.59497814788095        1.54065225120244
H            3.12135588953195        3.92917504029314        2.45412091622181
H            5.45411368489079        3.20623090237191        2.12900448626699
H            5.93932769536985        1.14122241648647        0.88481172971734
H            3.46345307079886       -1.36505287021060       -0.06052861579875
H            5.18875154980704       -0.96970038978141        0.00470878278835
H            4.36483049298906       -1.26114306197932       -2.33465708677466
H            3.21970385393737        0.07986155019130       -2.09749409118127
H            4.19463233212479        2.53667121226635       -2.27200001101729
H            6.34268974857783        4.66595891811738       -3.18899407345167
H            8.62013397481487        4.91113898585182       -3.43081540548773
H           10.16292333489882        2.95874494164093       -3.26775369753869
H            9.24729876395261        0.69630708619007       -2.77820693551504
245
 energy: -403.169252187086 gnorm: 0.121863907481 xtb: 6.7.1 (edcfbbe)
N            0.17477406243015       -1.77406579939763       -0.96413974159574
N           -0.03817962612390       -1.09190606151616        1.79697736603057
C           -0.43461802162854       -1.00954721909164       -3.24617585084858
C            0.00866962171158       -1.96939073952981       -2.30973150003389
C            0.41497189621391       -3.31777823638078       -2.66134356071261
H            0.37554488213804       -3.73396340330950       -3.66856751660323
C            0.85189458041207       -3.91009659627611       -1.51112887330370
H            1.24567058383998       -4.91776741608432       -1.37511702550296
C            0.66611788750003       -2.94613614384625       -0.44302399069139
C            0.86485004605338       -3.23325611022061        0.92119290513144
C            0.46590226526178       -2.35760658547991        1.95103244457610
C            0.40793732208754       -2.73276801837907        3.35103995907570
H            0.74710803346734       -3.69017992840013        3.74811461805060
C           -0.17949286202636       -1.69615474893415        4.01764417311292
H           -0.41537355167212       -1.61373737422686        5.07897796061917
C           -0.44234307502213       -0.66254524069083        3.03415435379546
C            1.41478494736323       -4.58230763593426        1.30561261603757
C            2.76057554022217       -4.72782390918965        1.71715218619186
C            3.28217208881418       -5.98226128579288        2.08138517474697
C            2.45418756589171       -7.10700896575150        2.02647208133851
H            2.86016438172261       -8.08956714854643        2.29955784106498
C            1.11970886965480       -7.00259012208812        1.62642046397691
C            0.60198038948532       -5.74088404460615        1.27813075936415
N           -0.79867710074970        1.58531466558266        1.06854471636312
N           -0.53911843350542        0.91331989230042       -1.67441398756843
C           -1.00113008336893        0.59579327314182        3.34091999785912
C           -1.10187509779669        1.64788317874091        2.40498696147736
C           -1.47526648533724        3.00423438858893        2.75425564163966
H           -1.78199444655105        3.32317379584580        3.75074674853131
C           -1.34681730546917        3.75605169758946        1.61997772074332
H           -1.53387724557960        4.82182364502706        1.48887116596007
C           -0.95981990743182        2.85135017013730        0.55696265216061
C           -0.85538220608558        3.21592575730657       -0.79835817354459
C           -0.74066860964378        2.26207677241462       -1.82802227177953
C           -0.96112531706927        2.56455919646933       -3.22814722703784
H           -1.14408931962550        3.56402042287829       -3.62368918673838
C           -0.94424015073944        1.37505916873353       -3.89896083478011
H           -1.10708223935846        1.19043220280706       -4.96135390047442
C           -0.64720688868818        0.34635900028080       -2.92014430848662
C           -0.93874678617532        4.66758120715680       -1.18834141293323
C            0.24058766682311        5.36118834335617       -1.55456100465227
C            0.19527694051447        6.70243523154630       -1.97714709444141
C           -1.03454610922351        7.36595796371590       -2.00667783218324
H           -1.07363570289068        8.41513471109909       -2.32722788588397
C           -2.21636048012864        6.71617509580760       -1.63873729361234
C           -2.16716340745873        5.36530637195941       -1.24677061833209
Fe          -0.18692592544316       -0.05978786742330        0.06078045862707
Cl          -2.42919187621951       -0.69597335997329        0.06000615289614
C           -1.57128034574772        0.81020247411612        4.72270598728357
C           -0.79466197627845        1.35586642916058        5.77892448971545
C           -2.92609906426375        0.45131927012953        4.96555950289616
C           -1.36047107199093        1.54508469582657        7.05544545313483
N            0.55092668501060        1.70982357909404        5.49467464714862
C           -3.48831085452986        0.66539434062497        6.24197009800148
N           -3.66383527021485       -0.14273438204288        3.91249652437662
H           -0.74147036185932        1.95295378128631        7.85904106439181
C           -2.70021669226927        1.20300971200148        7.26303700706480
C            1.53448581904356        2.12520230902272        6.36269537222486
H            0.81180897290396        1.60728096613244        4.51270593697816
H           -4.53701795127026        0.40491644101779        6.40575126853892
C           -4.99185175743703       -0.51810325926229        3.90803955479295
H           -3.14207079582635       -0.31810480491592        3.04904607337080
H           -3.14343380192214        1.35872131292651        8.25459360808665
O            1.40270603924897        2.23655177418547        7.57599611275942
C            2.85407142443209        2.44905647018973        5.69150377509759
O           -5.78234281425658       -0.28290985214857        4.81603864405883
C           -5.41644807249725       -1.27497519168175        2.67139696078475
C            4.12040106530959        2.06799805853059        6.41531004945444
H            2.89650003181407        2.44723119061735        4.59747238017085
C            3.69883315136490        3.51713568793381        6.39559730607440
C           -6.77644789209236       -0.97949734971530        2.08946624970008
H           -4.64053047071576       -1.58753561470338        1.96416782488094
C           -6.58572607136224       -2.24347117867803        2.89331353951678
H            4.01222607176660        1.54854430351370        7.36983000137160
H            4.97679058877939        1.78877958420869        5.79934555297044
H            3.27397626444609        3.91937776504373        7.31798444437931
C            4.46661993387585        4.48261371830112        5.54842238809299
H           -7.36305132810956       -0.19452924331893        2.57369280628151
H           -6.87448022860110       -1.07055077089556        1.00487846314353
H           -6.99542948365359       -2.24669197655216        3.90754659344658
C           -6.56938009332357       -3.56616828310151        2.20235469195602
O            4.56660291446111        5.67847734821858        6.15082121844063
O            4.95414460442949        4.22022612956666        4.46649945045753
O           -7.17066079410903       -4.50945062284607        2.95822070473407
O           -6.09552087365674       -3.78345237258490        1.10583711462991
C            5.29981698196627        6.74339493481421        5.47765841082841
C           -7.26359473734239       -5.86014466878932        2.42608133415349
C            4.30860569810628        7.61930158053532        4.69638239362851
C            6.06913276075900        7.50439149893475        6.55694509587763
H            5.99342167681726        6.25607512735409        4.76986237722664
C           -7.24523011160927       -6.80800224244452        3.62723221526071
C           -8.52798139932921       -5.98028188038481        1.56620969009982
H           -6.37228741975208       -6.01994214559594        1.79062948037219
H            3.79053509879433        7.02094463781775        3.92975420898822
H            3.56339068401918        8.05232764465243        5.37529035221052
H            4.84543228903788        8.43776297329615        4.19967000743118
H            6.75058511168403        6.83410471607953        7.09456823411939
H            6.66658601110427        8.30824090177300        6.10852356945260
H            5.38390914961007        7.95035174141914        7.28789343228708
H           -6.32651974542651       -6.66998238954136        4.21000063042613
H           -8.10889875039357       -6.62305913849885        4.28247659651508
H           -7.29537400525816       -7.85149225007721        3.28971242252549
H           -8.48195104974536       -5.27900584633469        0.72323072466761
H           -8.62337563617294       -6.99928362873276        1.16848638179122
H           -9.42589995410920       -5.76403829329253        2.16374457940450
C           -0.68496830562343       -1.48137831241617       -4.65798503984762
C            0.26609599736742       -1.27334772672824       -5.69277385097939
C           -1.88823504839509       -2.17960677632771       -4.94983897985469
C            0.04978368592073       -1.81060943498699       -6.97714594338723
N            1.41023821939238       -0.49300761573024       -5.38376048226688
C           -2.09315976887493       -2.72112319289616       -6.23628711807899
N           -2.86699611459113       -2.26304205864705       -3.93047398483559
H            0.79826916618076       -1.64474133529219       -7.75721343451226
C           -1.12059139987681       -2.53626334906018       -7.22347567252793
C            2.34426572293477        0.04833066881815       -6.23910695217729
H            1.43464555373343       -0.16247404354411       -4.41785056027760
H           -3.01349204409699       -3.27670530839543       -6.43472595786901
C           -4.09418855653296       -2.89170880070786       -3.96621968157353
H           -2.64691119273656       -1.74862768924472       -3.07377038930920
H           -1.28476426065134       -2.96156447305969       -8.22175267662901
O            2.44232822542768       -0.21140320755548       -7.43212976077844
C            3.24874294631949        1.06635616445384       -5.57707798034097
O           -4.47984429662039       -3.61284568798821       -4.88018326398702
C           -4.96333323446740       -2.59875330014911       -2.76636918196986
C            3.55627482326503        2.31493996010079       -6.36773330065269
H            3.19712256902484        1.17727674830393       -4.48819508031028
C            4.62783319308524        1.26325079325617       -6.20035182241706
C           -5.85779118486241       -3.69317649647874       -2.24397958663335
H           -4.59866929860089       -1.87517852000340       -2.02870843473918
C           -6.47145662670866       -2.57993713350465       -3.05794260023384
H            3.11241748020626        2.39183727564005       -7.36333556928392
H            3.66802181869481        3.24634683440869       -5.80794266061499
H            4.86827915161423        0.64472805740255       -7.06413252340610
C            5.75953238458072        1.56850854436697       -5.28896789136269
H           -5.79457094630064       -4.66233156644440       -2.74443656458718
H           -6.03104963133398       -3.70251274421654       -1.16531351352649
H           -6.74717043421255       -2.81691868867252       -4.08965335481129
C           -7.31193480725164       -1.54064020118603       -2.39183389957259
O            6.92073844218773        1.11609880102686       -5.76936380698109
O            5.61368516148314        2.20836799994192       -4.28063340935391
O           -8.31440635973067       -1.14051594348733       -3.20147854897308
O           -7.13950220726077       -1.10938452694393       -1.26992518603158
C            8.13366643312918        1.36135656978487       -5.02117470473311
C           -9.23716875577548       -0.13161726974202       -2.70344960541302
C            9.05667462902552        0.15604515293469       -5.22489373446620
C            8.75526517078120        2.68946573767804       -5.45494225231215
H            7.84246642930352        1.42588959216173       -3.96766737244065
C           -8.67482190842070        1.26681059927683       -2.99508753475930
C          -10.58562610485212       -0.40253295622012       -3.37102776784891
H           -9.30651298349829       -0.27177140163684       -1.61000636854518
H            8.55661192303869       -0.76536032277893       -4.90016293907475
H            9.32473782768761        0.05906804451342       -6.28322407502685
H            9.98858682497823        0.27131972544697       -4.65281201517409
H            8.06534160278591        3.51569490768919       -5.25293694710961
H            9.68205005368541        2.88734445160441       -4.90394831523891
H            9.00425692778367        2.66809290151815       -6.51666703072346
H           -7.70908208349654        1.40391052960926       -2.48294638733030
H           -8.53122499210046        1.40550671561127       -4.07449750974528
H           -9.37189539497965        2.03575111610773       -2.63732901617680
H          -10.93500714755806       -1.41861434008458       -3.14308882488866
H          -11.34124516916140        0.30821041701170       -3.01289681112070
H          -10.51107990732125       -0.30183874141355       -4.46075482051923
H            4.32730625279458       -6.07149918456209        2.40000199066221
H            0.47866773486577       -7.89050280073013        1.57950503974723
H            1.11413723030200        7.21386012824513       -2.28680034396033
H           -3.17561981313120        7.24673364082996       -1.65811775069884
O            3.50691868205882       -3.57048963240434        1.73984337320113
O           -0.69068031936883       -5.55126017437654        0.84851660795983
O            1.39013028702207        4.60786833917852       -1.53849512545954
O           -3.27675800642241        4.65686097761778       -0.84574744180105
C            4.84696540730193       -3.60893503517824        2.12809304181430
C            5.84268349371406       -3.88779011230352        1.18257508887753
C            5.18470421625058       -3.28900430764013        3.44918210536490
C            7.18793884919969       -3.85296354894239        1.57057231876771
H            5.55383260390709       -4.12432685783567        0.15412971524791
C            6.53364299028512       -3.25584827693433        3.82538979383232
H            4.38413006596161       -3.06560676990255        4.16113618935608
C            7.53693870261970       -3.53917520496198        2.89004874742084
H            7.97021262556531       -4.06969770856286        0.83519175342162
H            6.80377177580408       -3.00609421699943        4.85702022592145
H            8.59302978424019       -3.51359007001624        3.18915044172599
C           -1.66266549692700       -6.53204807826647        1.02221092034296
C           -2.03297041712645       -6.97835703275902        2.29844981417814
C           -2.32468934307164       -7.00614945337117       -0.11846087382987
C           -3.05907921120819       -7.92240891269817        2.42504042283142
H           -1.51836806615156       -6.58020150548790        3.17899109947975
C           -3.35499261566335       -7.94369746257862        0.02251050069405
H           -2.02449721154355       -6.62382113947892       -1.09887832345139
C           -3.72093506710592       -8.40983392557795        1.29121843347059
H           -3.34857555419354       -8.27662278979757        3.42014716775310
H           -3.87456349980333       -8.31455821479831       -0.86717361268343
H           -4.52383161490165       -9.15111820290627        1.39726005871072
C            2.66197990707509        5.15593017604847       -1.44017529099924
C            2.98387006745873        6.21221212931145       -0.57501094270442
C            3.66276670147945        4.53499070790650       -2.18710777467959
C            4.30989650108723        6.65128457793586       -0.47896602515151
H            2.19691551819046        6.68582655818578        0.02147353176384
C            4.97517321247678        4.98096017103875       -2.06836181779200
H            3.40432480183603        3.69815463112033       -2.84738079364459
C            5.31748864250140        6.03531533975159       -1.22610311153726
H            4.55783520270999        7.48023415546247        0.19266319903922
H            5.74707402606138        4.45979857072049       -2.63028955664917
H            6.36044466333605        6.37759023838125       -1.14751086486915
C           -4.56319084317072        5.05703118552934       -1.18952833561507
C           -4.94140320398458        5.26990488792820       -2.52272005884219
C           -5.50757523168481        5.15612381088030       -0.15787232602714
C           -6.26930711793251        5.60284816881436       -2.81580616764579
H           -4.19726921310442        5.16704418338241       -3.31901545261962
C           -6.83380041303018        5.48238617332020       -0.46563955110034
H           -5.18542780240180        4.96670361939493        0.87058183235468
C           -7.21845265011847        5.71295276682766       -1.79220418294704
H           -6.56766425282003        5.76961973109788       -3.85629191924001
H           -7.57291235249282        5.55876268741682        0.33845339503361
H           -8.25835344854505        5.97298451345866       -2.02966275708332
N            1.44990428842627        0.40813515044379        0.20301853701296
C            2.48814126783226        1.05034777376806        0.66384279388979
C            2.28764517654382        2.26624598652214        1.39984240587304
C            3.32437452833946        3.01005237849099        1.90074016049590
C            4.64155563370315        2.60705379465431        1.71676689097162
C            4.88867123262497        1.43364862870504        1.01771297986841
C            3.86906750804044        0.65038112039125        0.49619559633800
C            4.19368869325243       -0.59621541557455       -0.27478920811411
C            4.19691020165267       -0.33059863218427       -1.80024128155945
C            5.25129123581670        0.66278282575525       -2.11691908737033
C            5.12774978008547        1.99698782293056       -2.17903565424857
C            6.45311753413345        2.55203087405695       -2.43182369568391
C            7.02933029914849        3.75288887826125       -2.99022989258482
C            8.34855430159020        3.92000589858056       -3.09021352664437
C            9.19289969129228        2.82303861822953       -2.89272350689933
C            8.66816487842349        1.59027809920644       -2.60639363891951
C            7.29060752782386        1.44930629586349       -2.32868448272426
O            6.56766336434602        0.27580473077507       -2.23845589420942
H            1.27447443267687        2.59541864293541        1.54017490709853
H            3.12038827607262        3.92167046249247        2.44840587616976
H            5.44789887540216        3.19901275368741        2.12500507620813
H            5.92202904177641        1.13245416355335        0.88086878049210
H            3.45579406491407       -1.36568199081392       -0.05869183331505
H            5.18162292008779       -0.96431844878094        0.00700853080915
H            4.36891254583599       -1.26351963156109       -2.33121510056357
H            3.22610116632459        0.07515322048348       -2.09168809699843
H            4.20595863161172        2.51158609876899       -2.23607111435073
H            6.44705102231314        4.65655243056313       -3.30883464551275
H            8.66867725083208        4.89546590013890       -3.43442106422159
H           10.21032889030103        2.94036093633970       -3.20621910100983
H            9.26379089659687        0.69548113587593       -2.72551844620189
245
 energy: -403.223116673215 gnorm: 0.090980954498 xtb: 6.7.1 (edcfbbe)
N            0.17096330892098       -1.77219306313261       -0.96837869142185
N           -0.03883954760199       -1.09088511289590        1.79196938376618
C           -0.44078221222640       -1.00863096956502       -3.25044866674622
C            0.00370165287329       -1.96836145515256       -2.31449504636804
C            0.41006752863600       -3.31649399390308       -2.66662276236835
H            0.36979813536088       -3.73285959939207       -3.67397891367028
C            0.84852378755122       -3.90890188927487       -1.51655229236338
H            1.24281414923994       -4.91670116052197       -1.38122883964098
C            0.66349287290856       -2.94508703595559       -0.44827194815091
C            0.86383743629337       -3.23225733004658        0.91579185105945
C            0.46565270520849       -2.35660108073673        1.94587798583329
C            0.40935244308237       -2.73201551905886        3.34621684928759
H            0.74930842080889       -3.68952310169095        3.74291671141173
C           -0.17775649630711       -1.69556326332609        4.01348689686332
H           -0.41254392250692       -1.61321134498450        5.07529076421407
C           -0.44198978367888       -0.66175796617116        3.03009767563262
C            1.41447536856046       -4.58086461910128        1.29937919027302
C            2.76092415110589       -4.72611991208979        1.70954914369891
C            3.28348347526680       -5.98048917301139        2.07316764157455
C            2.45563434740103       -7.10554844597228        2.01903126164329
H            2.86232088064134       -8.08815304304820        2.29167550300332
C            1.12052394035246       -7.00162156804033        1.62042567874034
C            0.60200865600837       -5.73990255083859        1.27272372898643
N           -0.80189574522753        1.58582489816956        1.06497685880762
N           -0.54386043504351        0.91380640862341       -1.67801926749911
C           -1.00078579528164        0.59608754839169        3.33777394132086
C           -1.10306591800849        1.64835490444864        2.40179263003797
C           -1.47637837341116        3.00449928790590        2.75163702847451
H           -1.78224600923378        3.32346406008677        3.74861235685278
C           -1.34930069509341        3.75656839641482        1.61693003476222
H           -1.53698845006042        4.82245260001505        1.48617110115047
C           -0.96332559087169        2.85191456015333        0.55355870563049
C           -0.86033979217740        3.21658312533727       -0.80200320905999
C           -0.74628704834041        2.26267691605522       -1.83146361993707
C           -0.96841286372302        2.56530608881726       -3.23166831071355
H           -1.15220450570389        3.56487734659747       -3.62698514438897
C           -0.95192996777330        1.37584806590255       -3.90255869717024
H           -1.11579727464397        1.19108368449094       -4.96494411827560
C           -0.65341764405571        0.34711863946183       -2.92378434314235
C           -0.94451452111108        4.66789947316271       -1.19161955037703
C            0.23461308748153        5.36196102580504       -1.55922543704223
C            0.18806511676416        6.70341545720307       -1.98162127754964
C           -1.04219109999928        7.36649209551088       -2.00983269026978
H           -1.08201628667364        8.41583851985465       -2.33031291847432
C           -2.22358112980722        6.71634089215402       -1.64063807268136
C           -2.17332371732391        5.36536398262722       -1.24878034686493
Fe          -0.19439746844575       -0.06017587141406        0.05636288481392
Cl          -2.43244487391537       -0.69591137703894        0.05801286304377
C           -1.56945841712078        0.81034789736218        4.71978967567576
C           -0.79194001998631        1.35632156531265        5.77547187489567
C           -2.92403772695279        0.45100346080132        4.96427436027525
C           -1.35637035422448        1.54538024701885        7.05275173829811
N            0.55305364174109        1.71065662346423        5.48965349206253
C           -3.48505696541821        0.66479380865178        6.24146620483245
N           -3.66248611719795       -0.14318685595205        3.91196044072395
H           -0.73664700586147        1.95349757871946        7.85564837437514
C           -2.69585049409903        1.20269704620374        7.26157924604469
C            1.53743900155364        2.12642169914940        6.35680384829477
H            0.81299744492424        1.60832379705341        4.50732212683307
H           -4.53348425073086        0.40385133592362        6.40628042692503
C           -4.99052137024612       -0.51906748335543        3.90899929721715
H           -3.14162343122851       -0.31843324758016        3.04777654738883
H           -3.13809434447456        1.35822804722895        8.25385932612220
O            1.40691387458222        2.23768322277855        7.57056343412157
C            2.85615248746467        2.45079071059414        5.68428737712002
O           -5.78028052906250       -0.28412668757818        4.81812941726187
C           -5.41621432547966       -1.27604479185217        2.67276296840122
C            4.12334312973865        2.07013950847373        6.40672161732417
H            2.89739915906600        2.44903096715598        4.58994420521034
C            3.70132835479557        3.51906257548114        6.38745268571029
C           -6.77685178788082       -0.98100833712953        2.09232189458138
H           -4.64074809092346       -1.58837827161781        1.96447138902899
C           -6.58485260725501       -2.24491593559012        2.89592390234492
H            4.01639016667936        1.55032165827645        7.36157635288527
H            4.97944871254181        1.79107304965721        5.78969690944486
H            3.27724252767608        3.92117908277886        7.31049729765433
C            4.46767876788244        4.48504892403288        5.53961901493921
H           -7.36331682812144       -0.19599183069252        2.57739414697156
H           -6.87603912754665       -1.07207230260713        1.00747835603380
H           -6.99348547628521       -2.24830180675456        3.91083623533677
C           -6.56877460925609       -3.56754592152269        2.20494746283610
O            4.56813670162602        5.68080155356198        6.14205206510805
O            4.95448802034080        4.22266188362349        4.45666991096580
O           -7.16910859094425       -4.51113401680769        2.96166389702832
O           -6.09594003014690       -3.78472410804361        1.10745435855697
C            5.30027228503473        6.74603539889061        5.46797998204613
C           -7.26205408657975       -5.86182649610698        2.42936599852396
C            4.30797810213516        7.62140521549610        4.68771968585733
C            6.07038913741895        7.50710814601863        6.54616028232016
H            5.99324757492077        6.25901377860131        4.75918933775056
C           -7.24204376961738       -6.80949291717554        3.63023584122645
C           -8.52702034937271       -5.98231247621522        1.57095741104595
H           -6.37120623381733       -6.02130241839638        1.79280625547677
H            3.78905167399576        7.02300625895482        3.92138851639339
H            3.56306285708775        8.05440885213530        5.36750413253564
H            4.84402868183858        8.44042032428604        4.19020257284072
H            6.75287598738102        6.83704426871384        7.08340291229367
H            6.66737658309934        8.31148172471450        6.09717274319572
H            5.38579229497138        7.95297772393849        7.27824508205400
H           -6.32248378066535       -6.67143494706628        4.21237153467507
H           -8.10518359012873       -6.62507622904776        4.28676621821039
H           -7.29212284479028       -7.85344602053831        3.29293823463687
H           -8.48241022570016       -5.28085498774110        0.72763587510249
H           -8.62271422608469       -7.00160594284778        1.17314048535824
H           -9.42478480670139       -5.76641422496758        2.16937529459389
C           -0.69238964515082       -1.48036529911952       -4.66162146911520
C            0.25756994841866       -1.27198546387344       -5.69764882434589
C           -1.89581261074727       -2.17910396752121       -4.95237983303924
C            0.04016446900289       -1.80926179028857       -6.98193268805839
N            1.40153844095752       -0.49142404430675       -5.38970005614248
C           -2.10201483165920       -2.72071897806919       -6.23873321054844
N           -2.87329206368573       -2.26283039337481       -3.93194165374950
H            0.78782505615211       -1.64304085087648       -7.76269795136856
C           -1.13035564191097       -2.53532387280204       -7.22681650073859
C            2.33483149817930        0.05033577902481       -6.24606081124387
H            1.42693233572669       -0.16078975983756       -4.42378870766466
H           -3.02241064981017       -3.27659697912286       -6.43609615917875
C           -4.10040994746655       -2.89202992123145       -3.96645339139206
H           -2.65254462133845       -1.74835616220309       -3.07533052896740
H           -1.29547284526912       -2.96072532317289       -8.22512458596888
O            2.43164447331705       -0.20940073958039       -7.43945090429293
C            3.23969641124169        1.06840544622431       -5.58493529674450
O           -4.48691091546088       -3.61340249154590       -4.88027240466164
C           -4.96843836665565       -2.59943589311420       -2.76563447478830
C            3.54597098193229        2.31701764507007       -6.37586223364743
H            3.18886726788669        1.17945424932453       -4.49586158194204
C            4.61870432679723        1.26707414424369       -6.20865364726529
C           -5.86192083226942       -3.69413400154678       -2.24231027780381
H           -4.60311432134663       -1.87559221272053       -2.02815315612556
C           -6.47678791148695       -2.58112599561552       -3.05555720610892
H            3.10076870135961        2.39380380204128       -7.37121924738736
H            3.65771406365946        3.24876533425397       -5.81610573058185
H            4.85791048468108        0.64780646399513       -7.07339369886060
C            5.75271432067329        1.57505071677545       -5.29240028908295
H           -5.79884004566611       -4.66351922593160       -2.74304529850664
H           -6.03406751839335       -3.70360217226340       -1.16310593783410
H           -6.75355379730984       -2.81816380684711       -4.08718602279040
C           -7.31688608277895       -1.54214360541831       -2.38853832403908
O            6.91442142657716        1.12140280078065       -5.77682027639872
O            5.61366239785873        2.20772324667737       -4.27479470627693
O           -8.32053227635964       -1.14237039443119       -3.19726808286138
O           -7.14339812147544       -1.11078249401471       -1.26634976247933
C            8.12962985014694        1.36630186064786       -5.02305461547846
C           -9.24300592148683       -0.13381902211775       -2.69801236255783
C            9.04864919845217        0.15994239997069       -5.23767928953956
C            8.74758675654944        2.69475761846543       -5.46377842563381
H            7.83600667848926        1.42895718073452       -3.97236624390910
C           -8.68141041063267        1.26455408064708       -2.99005231506607
C          -10.59183055434246       -0.40517253066461       -3.36391147704910
H           -9.31108845357387       -0.27400649381233       -1.60425407000298
H            8.54849285483134       -0.76167074423467       -4.91388728189707
H            9.31458428367241        0.06478380845989       -6.29789460209560
H            9.98105049350318        0.27544821572461       -4.66728763490428
H            8.05589099964704        3.51999742262609       -5.26441649513194
H            9.67503351046846        2.89246297598115       -4.91299853248113
H            8.99393078652164        2.67178256219544       -6.52923049671608
H           -7.71495836101036        1.40230903053893       -2.47899368431356
H           -8.53892316883358        1.40371120311863       -4.06997100132550
H           -9.37845470913192        2.03374503011294       -2.63154005088604
H          -10.94093677025045       -1.42162549464903       -3.13565621557926
H          -11.34767749728574        0.30550241608732       -3.00507034668005
H          -10.51868620917437       -0.30430758272196       -4.45411650994614
H            4.32900893981527       -6.06950194698117        2.39063557018718
H            0.47977821338922       -7.88977354090024        1.57423270110481
H            1.10635083168941        7.21524198366030       -2.29231789517961
H           -3.18299174310671        7.24661531738125       -1.65904467179779
O            3.50684213166285       -3.56861545617386        1.73154963532353
O           -0.69100526622144       -5.55066155711460        0.84450371643265
O            1.38418103731234        4.60918932348600       -1.54450872393526
O           -3.28220556093946        4.65660127245235       -0.84652375282081
C            4.84714230058764       -3.60674872117400        2.11840342924235
C            5.84197293771826       -3.88533952304209        1.17167459657607
C            5.18619384671339       -3.28673380706803        3.43926576274070
C            7.18784520178159       -3.85011968625392        1.55829843742370
H            5.55215478120015       -4.12192086011795        0.14334616220499
C            6.53572909809812       -3.25317493630237        3.81407522960719
H            4.38628282140765       -3.06351947188350        4.15220360109299
C            7.53823010835868       -3.53620770265710        2.87758237524908
H            7.96952051111272       -4.06657231610470        0.82202864924435
H            6.80698594446635       -3.00330528016978        4.84548924777171
H            8.59472820996301       -3.51037591203979        3.17553033404802
C           -1.66232240923696       -6.53169975117712        1.01920947463307
C           -2.03104405281202       -6.97822910336734        2.29590912987802
C           -2.32543632036021       -7.00597954893215       -0.12088221847273
C           -3.05680931234397       -7.92276996929395        2.42355698477043
H           -1.51563505427463       -6.57997548546785        3.17604706154799
C           -3.35535673528008       -7.94397398470055        0.02118559635595
H           -2.02644743866463       -6.62346774190090       -1.10174718852258
C           -3.71984410817324       -8.41037574953710        1.29039909412139
H           -3.34510585386750       -8.27726787138890        3.41893646171331
H           -3.87585108232947       -8.31501617457142       -0.86796178109183
H           -4.52235479448762       -9.15200859531005        1.39729411439105
C            2.65675497479317        5.15703097357790       -1.44746228737491
C            2.97784913337729        6.21409845762172       -0.58256764724008
C            3.65796462350985        4.53553030180392       -2.19597555545109
C            4.30452349380884        6.65292007497235       -0.48856939477301
H            2.19142669525035        6.68755410234156        0.01479782930466
C            4.97499985088842        4.97814755760822       -2.08371397041730
H            3.39823960799687        3.69817564003277       -2.85524134003281
C            5.31177760845473        6.03670725785834       -1.23749439861324
H            4.55270162760534        7.48251067373233        0.18301892421304
H            5.74360957683583        4.46283638499354       -2.64531927194207
H            6.35366789505667        6.38121418700913       -1.15878300715878
C           -4.56893632300522        5.05634321061330       -1.18887489280518
C           -4.94865724042363        5.26916475010324       -2.52170037702892
C           -5.51233820748221        5.15509972689778       -0.15610745158149
C           -6.27718592999553        5.60171519687908       -2.81327740663633
H           -4.20533517293354        5.16657909381618       -3.31892894074106
C           -6.83914100487252        5.48093127482662       -0.46239944753398
H           -5.18904487015974        4.96573359997664        0.87211149482324
C           -7.22540049880088        5.71142360758768       -1.78864813469377
H           -6.57681627570779        5.76850484142539       -3.85339827103821
H           -7.57755403163768        5.55702497878106        0.34246455758929
H           -8.26570412978327        5.97114834869330       -2.02490674818895
N            1.42527415019440        0.42705761952852        0.20877692541225
C            2.47201094161271        1.04573994151630        0.65818656341273
C            2.28449481299801        2.26860069227664        1.39887755947021
C            3.32116687405990        3.00692993392245        1.89541663874566
C            4.63777476034952        2.60171742683245        1.70973618943269
C            4.87379501690950        1.42570726718838        1.01177611720926
C            3.85684583401686        0.64338607861367        0.49501715544115
C            4.18424528775700       -0.60311154065563       -0.26983605929366
C            4.21064752165631       -0.33043629952254       -1.79427426819964
C            5.27984517299934        0.66875409877323       -2.07389515418633
C            5.16465787390351        2.00475832214310       -2.11599649348984
C            6.49400082839797        2.57148721406082       -2.34846297410440
C            7.08594010480901        3.73758683566890       -2.97344330111151
C            8.42218392914234        3.90777072195631       -3.02551381455597
C            9.25592350315863        2.80882627717171       -2.79938810886784
C            8.71110023279111        1.58783310631280       -2.50165060528913
C            7.33010202303693        1.46296499375436       -2.23428972517965
O            6.60722550169686        0.28588471863335       -2.15811636853567
H            1.27192098718797        2.59740077966541        1.53983887252823
H            3.11917628268185        3.91670788863812        2.44357573327658
H            5.44374942682118        3.18973035302388        2.11919103137260
H            5.90354335714663        1.11785569880374        0.87525810348571
H            3.44361625990671       -1.37178156522023       -0.05902154814840
H            5.17257606010190       -0.96482476848161        0.01681185782569
H            4.38305910370573       -1.26286296567237       -2.32778906222947
H            3.24038309521773        0.07489708068307       -2.09038339772819
H            4.22953597450763        2.49569334444753       -2.18002945629626
H            6.54000392470719        4.62810517561319       -3.40421109865765
H            8.73997696955013        4.86576315996260       -3.42378881378778
H           10.27333131715578        2.91429077682700       -3.11511003883049
H            9.28684632031097        0.68760025364850       -2.64115805411878
245
 energy: -403.263423806249 gnorm: 0.069587586304 xtb: 6.7.1 (edcfbbe)
N            0.16682947195687       -1.77028218131203       -0.97302565038353
N           -0.03992348120210       -1.08972335009064        1.78659768209672
C           -0.44760230169846       -1.00759459379265       -3.25513235241816
C           -0.00170356158762       -1.96728617786413       -2.31959550683882
C            0.40470415616044       -3.31499745233131       -2.67227307817860
H            0.36346627414970       -3.73141522329831       -3.67975584688344
C            0.84479152237744       -3.90744945718873       -1.52244952508754
H            1.23965078745455       -4.91530123459294       -1.38781910828540
C            0.66062185530514       -2.94397810121037       -0.45408158566210
C            0.86271909645581       -3.23115704655153        0.90995973757942
C            0.46530339238365       -2.35556544330644        1.94043626717431
C            0.41082851477712       -2.73106775986823        3.34088530645727
H            0.75164493114345       -3.68863638769840        3.73716381107031
C           -0.17594580478134       -1.69480148279066        4.00892976052748
H           -0.40958751595124       -1.61252763225092        5.07118374447948
C           -0.44177298272203       -0.66095771023147        3.02590088207443
C            1.41414070706117       -4.57922496778436        1.29262032421824
C            2.76120184031108       -4.72427193048807        1.70134040611814
C            3.28482752682769       -5.97842976823977        2.06429031715824
C            2.45718325355211       -7.10382770868618        2.01088141479343
H            2.86463599827134       -8.08642105900322        2.28298098508097
C            1.12149402346997       -7.00046439905153        1.61379534566328
C            0.60209823210418       -5.73879528533063        1.26679602122826
N           -0.80518006855789        1.58612216850641        1.06096294278660
N           -0.54945384185683        0.91439037487946       -1.68162852763322
C           -1.00065683070298        0.59652528004295        3.33449547176956
C           -1.10453990822219        1.64895462102392        2.39839920224531
C           -1.47774870240194        3.00478255352411        2.74876990415692
H           -1.78268726817008        3.32370866461061        3.74622854720360
C           -1.35222223257725        3.75705977940669        1.61365987885343
H           -1.54057183535317        4.82303165633328        1.48323611503614
C           -0.96733083612561        2.85267536425124        0.54997876329807
C           -0.86591081161890        3.21747552113513       -0.80584335671954
C           -0.75265745136360        2.26350731246729       -1.83529479032059
C           -0.97645336675551        2.56614399015929       -3.23527324476039
H           -1.16111555270318        3.56577581263435       -3.63037635406061
C           -0.96031404716388        1.37668950096351       -3.90628217916403
H           -1.12530485087615        1.19183246840154       -4.96861546123277
C           -0.66036055621529        0.34802334906879       -2.92784679282731
C           -0.95093894330617        4.66833239988258       -1.19511571459067
C            0.22753621923996        5.36305962655877       -1.56423193417627
C            0.18000505161248        6.70449573084131       -1.98657424621490
C           -1.05072799770534        7.36707570293073       -2.01329203958002
H           -1.09134477854496        8.41650814264056       -2.33375218539484
C           -2.23156248472676        6.71655081310177       -1.64268071396522
C           -2.18028291660399        5.36551803381198       -1.25085916354492
Fe          -0.19954809414889       -0.05905157806891        0.05183179203212
Cl          -2.43567300227078       -0.69578422149710        0.05591108372999
C           -1.56760176815668        0.81054257942995        4.71669904786133
C           -0.78902843525554        1.35685102425091        5.77177279768353
C           -2.92207230947681        0.45058839058182        4.96283275034795
C           -1.35215901543552        1.54563774780457        7.04983718194730
N            0.55495697261602        1.71169035050964        5.48436907552630
C           -3.48160096856556        0.66417975375367        6.24095225307628
N           -3.66095743285195       -0.14363739651304        3.91168145007030
H           -0.73151786027285        1.95395747141953        7.85194825844303
C           -2.69123682624480        1.20231720279409        7.25999284854424
C            1.54070732071977        2.12787382942740        6.35035468173262
H            0.81423662512074        1.60952507229601        4.50163541351737
H           -4.52976104179749        0.40273688813768        6.40679653691447
C           -4.98934483535462       -0.52032185772227        3.90982675500033
H           -3.14138452382211       -0.31883128818135        3.04645978711105
H           -3.13244421791660        1.35764229171456        8.25299893474274
O            1.41121839357923        2.23895784465716        7.56454209365970
C            2.85811457955308        2.45269493045043        5.67661076310474
O           -5.77797565909988       -0.28549938000113        4.82028642438602
C           -5.41597345453102       -1.27715235243526        2.67437727697673
C            4.12633384838909        2.07261059940824        6.39748533888025
H            2.89826316258553        2.45110885277058        4.58191182244044
C            3.70389621281721        3.52152317946138        6.37859145947076
C           -6.77738084332708       -0.98273699311510        2.09542431609599
H           -4.64112840641243       -1.58937555053484        1.96485790120429
C           -6.58398824408153       -2.24674377716807        2.89869930776297
H            4.02060230314058        1.55252251050935        7.35265671758238
H            4.98209558959665        1.79377590879766        5.77934154956243
H            3.28038213723332        3.92332533110639        7.30241723969375
C            4.46864135661279        4.48747170047292        5.53015208573119
H           -7.36362517396105       -0.19775685645690        2.58143429775628
H           -6.87780619485158       -1.07383595735214        1.01040997460835
H           -6.99136770710013       -2.25013406286823        3.91440473989145
C           -6.56811873144947       -3.56891207402506        2.20753266324036
O            4.56897223277688        5.68383269134702        6.13266728489999
O            4.95452039252878        4.22566051623377        4.44636716979476
O           -7.16723543598426       -4.51310148067552        2.96562562512493
O           -6.09651155387434       -3.78625261350761        1.10941159388435
C            5.30015565825719        6.74957329250662        5.45732938783258
C           -7.26032076421322       -5.86395117920146        2.43285753522681
C            4.30698662990752        7.62386212048406        4.67848091882342
C            6.07126890447041        7.51051340649244        6.53457312292111
H            5.99269053424119        6.26240494558215        4.74783873026619
C           -7.23856112880926       -6.81133457335602        3.63340796800540
C           -8.52594435815195       -5.98468402736565        1.57630729980044
H           -6.37000625818700       -6.02291883842770        1.79510929571247
H            3.78705976074545        7.02563128657817        3.91237114655746
H            3.56208362904195        8.05701047229997        5.35900684649704
H            4.84179870775810        8.44371009698367        4.17984860614513
H            6.75489375888068        6.84054397794217        7.07133308711714
H            6.66753368392759        8.31548639459852        6.08481257708422
H            5.38711218847371        7.95627452382402        7.26779469997205
H           -6.31802123407644       -6.67317014901355        4.21500183319120
H           -8.10096422009965       -6.62730527606426        4.29153312702605
H           -7.28834994770579       -7.85574615548597        3.29631050951856
H           -8.48291912911480       -5.28306975059513        0.73239004616575
H           -8.62185557980395       -7.00423709565590        1.17803902572096
H           -9.42346300671761       -5.76900221648985        2.17570680612884
C           -0.70051008719926       -1.47914867968214       -4.66552863884281
C            0.24829922599489       -1.27029212334087       -5.70288928174421
C           -1.90428485493972       -2.17845484806193       -4.95502432780439
C            0.02956184495028       -1.80762278733960       -6.98703491715809
N            1.39198394510981       -0.48973951643746       -5.39615597258240
C           -2.11162085055952       -2.72008352146140       -6.24139156190143
N           -2.87998850510006       -2.26252612142806       -3.93374960342228
H            0.77637379470401       -1.64091920747028       -7.76852227864061
C           -1.14105136411616       -2.53406254646053       -7.23038820436112
C            2.32461475636867        0.05280627774121       -6.25341294246876
H            1.41854348847499       -0.15878506747910       -4.43022646012254
H           -3.03213875362510       -3.27628551430655       -6.43751836593488
C           -4.10750525698794       -2.89228581922554       -3.96644710137312
H           -2.65888289198397       -1.74805682714841       -3.07701142923919
H           -1.30721044995409       -2.95950338526750       -8.22870123191688
O            2.41984987233332       -0.20687968073800       -7.44717545480750
C            3.22950789860911        1.07098332532912       -5.59341581523187
O           -4.49448541216186       -3.61383656425328       -4.88022130879356
C           -4.97390278889799       -2.60022407013832       -2.76489917451540
C            3.53441478188178        2.31975889908367       -6.38458194941433
H            3.17981752277581        1.18206134715641       -4.50415298506457
C            4.60837426722588        1.27154285369639       -6.21793176567368
C           -5.86645526022857       -3.69519894706330       -2.24043865602202
H           -4.60811603568976       -1.87605755433993       -2.02753229258775
C           -6.48279716616926       -2.58233177236384       -3.05283395631817
H            3.08796874657133        2.39619660783447       -7.37961241813365
H            3.64630916086760        3.25170967511216       -5.82485618977729
H            4.84676291775601        0.65143722632340       -7.08311416028482
C            5.74247674908458        1.58167789879965       -5.30054182256672
H           -5.80345563078264       -4.66472870975834       -2.74149826815984
H           -6.03740845968055       -3.70478534756882       -1.16074449468680
H           -6.76046891809033       -2.81954426926836       -4.08442982987023
C           -7.32218484435924       -1.54402795160309       -2.38463281784398
O            6.90575009104729        1.12655513084891       -5.78686765334011
O            5.61286819357963        2.20532018368592       -4.27362040801607
O           -8.32716661529343       -1.14438127362986       -3.19280046649356
O           -7.14785299817832       -1.11234023571835       -1.26259286286753
C            8.12434080289493        1.37151036526082       -5.02969152579539
C           -9.24951402591983       -0.13597463492355       -2.69195920001701
C            9.03968506245453        0.16499687949265       -5.25145952906843
C            8.73893472226516        2.70035815649858       -5.47370390074056
H            7.82901463685691        1.43397887219565       -3.97845291612297
C           -8.68880036370852        1.26194378392587       -2.98442074964410
C          -10.59883189457234       -0.40808852764339       -3.35593703112756
H           -9.31619440000506       -0.27657358435248       -1.59782793409155
H            8.53951378616942       -0.75746687976486       -4.92905525285614
H            9.30350197908007        0.07109442102691       -6.31371075410308
H            9.97273312023373        0.27997523052123       -4.68228318251520
H            8.04540494817645        3.52532099134611       -5.27664734282364
H            9.66726033619018        2.89840629561716       -4.92249643472042
H            8.98280779150035        2.67683507128888       -6.54225746381383
H           -7.72162241093680        1.40056321097650       -2.47456552761490
H           -8.54740780459960        1.40167096470498       -4.06493347902973
H           -9.38569892603057        2.03153037540789       -2.62496777893593
H          -10.94745341355183       -1.42499686740770       -3.12736622158468
H          -11.35480361211842        0.30249320808683       -2.99609239128672
H          -10.52704883426235       -0.30714813026089       -4.44672660398675
H            4.33074864558029       -6.06710179103170        2.38053447888873
H            0.48101453392463       -7.88884225095359        1.56826170187279
H            1.09770789684024        7.21667038768178       -2.29836917028748
H           -3.19121788635624        7.24642441183943       -1.65994484612567
O            3.50683034459384       -3.56641755944730        1.72271531026249
O           -0.69141864920010       -5.55001739644871        0.84017673122716
O            1.37790792206370        4.61062303832301       -1.55101522921029
O           -3.28832626747207        4.65639053224111       -0.84745292738319
C            4.84720483538350       -3.60424608174899        2.10797800638305
C            5.84120655095924       -3.88255755163269        1.15992384789574
C            5.18776632070486       -3.28412982735065        3.42865051733616
C            7.18761674117517       -3.84684726367366        1.54513873262207
H            5.55027334432656       -4.11921084430473        0.13164864496661
C            6.53783978339980       -3.25006791948382        3.80195194220716
H            4.38849881436481       -3.06111777645774        4.14269203592105
C            7.53942283588726       -3.53277102139183        2.86419009695789
H            7.96856212671125       -4.06305770782006        0.80764678888249
H            6.81012897063484       -2.99999636679316        4.83329168740792
H            8.59635082838919       -3.50652268146526        3.16093010106028
C           -1.66192325306401       -6.53131180348455        1.01584666700544
C           -2.02901644190911       -6.97809961682889        2.29318968881146
C           -2.32623239070136       -7.00581363111912       -0.12356647226081
C           -3.05432024538092       -7.92309346577836        2.42195878211932
H           -1.51272549118226       -6.57964805246657        3.17293882084193
C           -3.35573638167190       -7.94424956571472        0.01969198470756
H           -2.02855442203110       -6.62307860027777       -1.10497376771658
C           -3.71856670195259       -8.41089392752414        1.28941106992631
H           -3.34130750747863       -8.27772196111861        3.41789154833513
H           -3.87718111262702       -8.31538972917199       -0.86910145190608
H           -4.52072282894486       -9.15285171899239        1.39725511086169
C            2.65016854709350        5.15859128790210       -1.45535912022180
C            2.97096694213682        6.21640594365658       -0.59072453078015
C            3.65199604962967        4.53625580185945       -2.20515886061080
C            4.29818008709574        6.65513500751895       -0.49879432299830
H            2.18515630346308        6.68956677542611        0.00760368932432
C            4.97146036745379        4.97747936465891       -2.09639501935090
H            3.39183740901090        3.69788863475824       -2.86329369912805
C            5.30501468194563        6.03906223735746       -1.24885508635250
H            4.54662080973174        7.48527724384417        0.17281809478910
H            5.74008550906887        4.46245676185173       -2.65827421140292
H            6.34612894800758        6.38522127610286       -1.17080226384970
C           -4.57543520202323        5.05561226754365       -1.18808013887914
C           -4.95681845559062        5.26831441651516       -2.52067810165066
C           -5.51776109477713        5.15399321634227       -0.15415940302119
C           -6.28593152936583        5.60036101135946       -2.81059009463348
H           -4.21430068123118        5.16599222160512       -3.31893611924410
C           -6.84517720847705        5.47928526863118       -0.45886395320765
H           -5.19323234591404        4.96468491293338        0.87387503466157
C           -7.23309138307659        5.70965590558863       -1.78473539383094
H           -6.58680676314945        5.76701143670698       -3.85056155307134
H           -7.58274425558887        5.55500798024026        0.34711967376450
H           -8.27386009512048        5.96894907374563       -2.01970345572533
N            1.39979690341953        0.43960983501757        0.21021837983521
C            2.45901093062317        1.04599102945108        0.65566935595047
C            2.27717546257026        2.27053832153558        1.39638727532448
C            3.31711815943089        3.00498322886328        1.89010547462169
C            4.63217230543363        2.59538589958312        1.70283532769811
C            4.85796479538139        1.41611567208790        1.00814460725910
C            3.83889280328792        0.63519705892632        0.49682788154419
C            4.17354285122260       -0.61118283483878       -0.26278120019217
C            4.23603318625125       -0.32180249444890       -1.78171357548195
C            5.32252103171738        0.68034714966607       -2.01975911341400
C            5.21035472289147        2.01964972177970       -2.06533582442442
C            6.53907309207023        2.58901294326271       -2.28313124853384
C            7.14190200189388        3.72123781529810       -2.94320997782496
C            8.48797428619127        3.88709961494536       -2.96761279122212
C            9.31477337591379        2.79083737666400       -2.71187315903556
C            8.75719046838099        1.57459145357639       -2.39695121475533
C            7.37497174974834        1.47335135155792       -2.15003611929320
O            6.65483974659706        0.30320648080925       -2.06468922768873
H            1.26532997871418        2.60043599215125        1.53873710424258
H            3.11731714802214        3.91390852820861        2.43842348445521
H            5.44015764074523        3.17923814554465        2.11121947756075
H            5.88365314456782        1.09905270548249        0.87018975512759
H            3.42858944503417       -1.38054889852605       -0.06393600541747
H            5.15887714145259       -0.97223599667039        0.03669249866519
H            4.41027365477046       -1.25194889568695       -2.32301236150882
H            3.26990027261624        0.08511770513397       -2.09351962108513
H            4.26343307433264        2.49107579295010       -2.11528329598690
H            6.64089796132719        4.58702725567667       -3.48645028216487
H            8.82385496383656        4.82179305178375       -3.39439933815687
H           10.33985138356484        2.88238208324431       -3.01298015621442
H            9.31838200427632        0.66981832010052       -2.54078175510631
245
 energy: -403.293172259347 gnorm: 0.056941495939 xtb: 6.7.1 (edcfbbe)
N            0.16274366472860       -1.76881176931701       -0.97803918208860
N           -0.04111887160950       -1.08864597050002        1.78158396339858
C           -0.45465786324975       -1.00646631614996       -3.25968767027288
C           -0.00722756222809       -1.96613191462608       -2.32465934658569
C            0.39921714232875       -3.31346215336057       -2.67789630982894
H            0.35698686517725       -3.72984082909502       -3.68542079099796
C            0.84093616838895       -3.90588025957196       -1.52847862720496
H            1.23638725083166       -4.91365690259234       -1.39449539412342
C            0.65769325730382       -2.94272787826561       -0.45998540196653
C            0.86151167794098       -3.22986869676371        0.90399972922055
C            0.46495340865131       -2.35449686455645        1.93499875357433
C            0.41229377254061       -2.73002184266941        3.33541532026324
H            0.75398144102069       -3.68754164194620        3.73127815735688
C           -0.17414627540740       -1.69397439042753        4.00426367603017
H           -0.40657415969361       -1.61185070619908        5.06687899594823
C           -0.44159208940875       -0.66020142434988        3.02172485757325
C            1.41387836146742       -4.57758765358077        1.28580434861919
C            2.76146681780126       -4.72229953050835        1.69299695714907
C            3.28613544759909       -5.97619875353773        2.05523344754389
C            2.45883856677858       -7.10195074641284        2.00259537283391
H            2.86705248900511       -8.08443567846660        2.27410747189299
C            1.12263783409236       -6.99912137430492        1.60707487609466
C            0.60231257855573       -5.73759915478341        1.26081500757227
N           -0.80846133317475        1.58652371853692        1.05698740219314
N           -0.55541304223498        0.91520553038781       -1.68543579524863
C           -1.00064203972130        0.59703198101251        3.33107555311803
C           -1.10609339422501        1.64954156368595        2.39503896438286
C           -1.47933517534287        3.00507282160883        2.74585866909065
H           -1.78326979338861        3.32388826812217        3.74373873945443
C           -1.35544239955865        3.75750488733484        1.61048616294553
H           -1.54442312713653        4.82347662907143        1.48037378871793
C           -0.97156301349551        2.85347875586054        0.54641756927777
C           -0.87178592780195        3.21835349995929       -0.80956559652141
C           -0.75935543835210        2.26445403269273       -1.83920499633917
C           -0.98484906351531        2.56701748715208       -3.23876589569720
H           -1.17038868321093        3.56660514340809       -3.63367616113129
C           -0.96899882691863        1.37755074354206       -3.90990309241067
H           -1.13515804542857        1.19270383803888       -4.97210527070483
C           -0.66755253067725        0.34900727878440       -2.93200270776460
C           -0.95773826625840        4.66895487267347       -1.19862497941581
C            0.21979617568905        5.36437034864832       -1.56916372418361
C            0.17142997559509        6.70566228144126       -1.99149043154587
C           -1.05971467949894        7.36772783547163       -2.01669943363044
H           -1.10115522177165        8.41716034143557       -2.33711615479941
C           -2.23985570818708        6.71675201854679       -1.64465699034767
C           -2.18760236780734        5.36572467781840       -1.25287410304023
Fe          -0.20333440388462       -0.05749530590745        0.04743062405391
Cl          -2.43913138268105       -0.69573973791141        0.05386178936301
C           -1.56588936100698        0.81074341747934        4.71374492720644
C           -0.78622948818437        1.35735566618972        5.76802126859336
C           -2.92013290240764        0.45012292452248        4.96143672484683
C           -1.34806207286940        1.54580964187026        7.04682590779331
N            0.55680483448814        1.71278388512170        5.47908554514160
C           -3.47808027471401        0.66349219547490        6.24041794894148
N           -3.65957428773326       -0.14418349547540        3.91145582919766
H           -0.72652549274657        1.95433354456932        7.84818245320277
C           -2.68667803515028        1.20187436186416        7.25846831975145
C            1.54391953085554        2.12938278471892        6.34383678901333
H            0.81533360795796        1.61076759537898        4.49598593746307
H           -4.52595654313094        0.40155517156505        6.40740491560781
C           -4.98824344052127       -0.52168882121751        3.91073426632121
H           -3.14128555807600       -0.31924796017103        3.04528283988805
H           -3.12678157668643        1.35695043532995        8.25208497301399
O            1.41549286450292        2.24027916432860        7.55830560073175
C            2.85997496762502        2.45469581435292        5.66877327935267
O           -5.77563617712050       -0.28705618438655        4.82243149187863
C           -5.41576149942261       -1.27837621923396        2.67607297635645
C            4.12927711566644        2.07520214922772        6.38809773727466
H            2.89898718078106        2.45327498218012        4.57387893860130
C            3.70632453833792        3.52413784995350        6.36963321127758
C           -6.77802645127452       -0.98460828169437        2.09865075812984
H           -4.64167361012326       -1.59039351232893        1.96540744457221
C           -6.58317445754349       -2.24872889598175        2.90159946001522
H            4.02484525328377        1.55497809371569        7.34344135979570
H            4.98451893516622        1.79671292165052        5.76890856844194
H            3.28350921356956        3.92556357325420        7.29412383816136
C            4.46950857980453        4.48999322406963        5.52047145534528
H           -7.36400590616184       -0.19983809026592        2.58551373232752
H           -6.87969511849646       -1.07571670231319        1.01365737114018
H           -6.98926936731536       -2.25217412603088        3.91794857234350
C           -6.56748875879085       -3.57047610746511        2.21021108557959
O            4.56963809879820        5.68700902692887        6.12305204417080
O            4.95425726195998        4.22887895694948        4.43608501918100
O           -7.16529321841139       -4.51523134188826        2.96949623545235
O           -6.09718041241320       -3.78786125518196        1.11162132459174
C            5.29975175328603        6.75326351495200        5.44647836515710
C           -7.25849261265371       -5.86621639301457        2.43639217499350
C            4.30561952796846        7.62660480078152        4.66906478523583
C            6.07192105854938        7.51421658608291        6.52292500608147
H            5.99183273220865        6.26602058766524        4.73640119040654
C           -7.23491668086810       -6.81348894232568        3.63677944148595
C           -8.52497121866247       -5.98727105745023        1.58163908744918
H           -6.36883627281272       -6.02464575839774        1.79752867727167
H            3.78483274993532        7.02840551766224        3.90334788824391
H            3.56096138433554        8.05968552234565        5.35034862538731
H            4.83918639436036        8.44708179786087        4.16951022191520
H            6.75656324005154        6.84441684380530        7.05898521735468
H            6.66727783637381        8.31963403540506        6.07239716078073
H            5.38828397970559        7.95971564224630        7.25708154998902
H           -6.31356704299753       -6.67504359953343        4.21754440134403
H           -8.09653364320192       -6.62982115056523        4.29626961075736
H           -7.28450105946791       -7.85807779001048        3.29977343220337
H           -8.48340426641465       -5.28555158106545        0.73738396560330
H           -8.62097917425393       -7.00693594498374        1.18311711781417
H           -9.42198505501184       -5.77190646349162        2.18211109100143
C           -0.70892884782122       -1.47792449661789       -4.66956795850200
C            0.23865673004764       -1.26854081254427       -5.70812488401626
C           -1.91299527384138       -2.17775333999111       -4.95765270810084
C            0.01852598707286       -1.80589310716605       -6.99207354168148
N            1.38216521073313       -0.48783750616441       -5.40270270267164
C           -2.12143539347301       -2.71933811134854       -6.24397729032010
N           -2.88696797949008       -2.26225972281265       -3.93552992728929
H            0.76442232139087       -1.63872066460447       -7.77436343421637
C           -1.15210206198439       -2.53274544253043       -7.23400700116608
C            2.31389972288665        0.05546859248809       -6.26088633919713
H            1.40984313068166       -0.15670670359491       -4.43675914989373
H           -3.04203665781224       -3.27590023799344       -6.43893196024827
C           -4.11484065826585       -2.89257746762107       -3.96637098090204
H           -2.66544449267882       -1.74781420603098       -3.07873951068884
H           -1.31930028916911       -2.95816083174137       -8.23221298450488
O            2.40765064613154       -0.20417014526755       -7.45485420083889
C            3.21893409951912        1.07382147124844       -5.60194933906226
O           -4.50224783439415       -3.61421805133330       -4.87999825241838
C           -4.97951291483510       -2.60105006626052       -2.76407896528414
C            3.52245709388463        2.32271603029715       -6.39334889843342
H            3.17044395105374        1.18482681297240       -4.51261828814810
C            4.59779949906987        1.27575096210198       -6.22722626660482
C           -5.87113019443424       -3.69637927168836       -2.23848044602319
H           -4.61331764619616       -1.87667540165813       -2.02692752839620
C           -6.48901935923227       -2.58363752065789       -3.05001624660076
H            3.07481983695076        2.39882790865067       -7.38792055425695
H            3.63452624546513        3.25471417273173       -5.83373052704372
H            4.83505092699285        0.65530458304728       -7.09309716907391
C            5.73128643138787        1.58710905861200       -5.31054348448796
H           -5.80826827550583       -4.66589512515982       -2.73977020153423
H           -6.04082089862024       -3.70609071148757       -1.15848207882019
H           -6.76763312547539       -2.82101000968718       -4.08142515186844
C           -7.32771978331103       -1.54602043955669       -2.38058785393021
O            6.89620361391188        1.13151014806309       -5.79783406117827
O            5.60931408680792        2.20426024857469       -4.27684034519173
O           -8.33401376220285       -1.14655038484926       -3.18799740868651
O           -7.15250058560284       -1.11409174727526       -1.25887334936115
C            8.11702315061176        1.37656953415096       -5.03941374674312
C           -9.25625946884209       -0.13831921642250       -2.68561926557503
C            9.03006285897597        0.17043697737947       -5.26623349692400
C            8.72915718689220        2.70559767535297       -5.48562771798815
H            7.82268559418774        1.44004304408922       -3.98485866395725
C           -8.69648401116331        1.25935921751463       -2.97863268746970
C          -10.60622931422147       -0.41120605086182       -3.34779143243658
H           -9.32152436870254       -0.27932826952258       -1.59130254172392
H            8.53033683152690       -0.75282933812968       -4.94427536294022
H            9.29210547028731        0.07721141966220       -6.32986300739815
H            9.96380214935276        0.28500062676509       -4.69824497011529
H            8.03449050970399        3.53068715949817       -5.28960312243253
H            9.65828399461370        2.90410974278515       -4.93456991067955
H            8.97090324949502        2.68246300459873       -6.55617866700349
H           -7.72866613515897        1.39862948385456       -2.46999760058074
H           -8.55631463731896        1.39944066003143       -4.05950995577697
H           -9.39322831106737        2.02898398097247       -2.61823259637468
H          -10.95417551466713       -1.42841201822773       -3.11887308990557
H          -11.36213870899747        0.29912119906122       -2.98688636847712
H          -10.53577176754007       -0.31020194546498       -4.43889245526984
H            4.33245393707820       -6.06447752492037        2.37024556746616
H            0.48244510281273       -7.88774770169955        1.56218266201402
H            1.08852190637435        7.21819591304938       -2.30438697996161
H           -3.19979362389077        7.24619983691385       -1.66072391166178
O            3.50677713089252       -3.56403939719790        1.71372722104882
O           -0.69180128777486       -5.54931296512316        0.83580314627836
O            1.37119708544129        4.61218730553275       -1.55744446564301
O           -3.29477764967013        4.65616013880211       -0.84829507286723
C            4.84735279994251       -3.60147875576061        2.09737031032906
C            5.84049029841829       -3.87941630760940        1.14804341631809
C            5.18944724995529       -3.28126161826633        3.41777544599633
C            7.18735103980159       -3.84318412020478        1.53178747000150
H            5.54839365355043       -4.11614327853804        0.11993434191838
C            6.53997011990889       -3.24666379487884        3.78952437805356
H            4.39086458192473       -3.05852833162864        4.13285207257695
C            7.54057480521211       -3.52897868746994        2.85051350934667
H            7.96750489470688       -4.05912864637095        0.79312570262989
H            6.81330261271531       -2.99643215021160        4.82070958136852
H            8.59788875723533       -3.50227836384239        3.14603551765540
C           -1.66154380713043       -6.53095749113163        1.01245199054723
C           -2.02697648956231       -6.97801529391833        2.29038311786443
C           -2.32704321041095       -7.00567245353101       -0.12619553999515
C           -3.05170880746445       -7.92343951702728        2.42029169574372
H           -1.50977888956030       -6.57936213358490        3.16963528348554
C           -3.35604357823520       -7.94455339100051        0.01826389774681
H           -2.03070908107314       -6.62271496562164       -1.10805165077603
C           -3.71713234444130       -8.41143889043529        1.28839803797289
H           -3.33734474491665       -8.27820243064343        3.41672472985083
H           -3.87840012488574       -8.31579468752989       -0.87010805673813
H           -4.51888353545975       -9.15373114767122        1.39721080010104
C            2.64288669074317        5.16053552544287       -1.46332304175707
C            2.96393194714324        6.21880825556074       -0.59899460678022
C            3.64509985315034        4.53762858754283       -2.21442244244066
C            4.29132653109346        6.65777634681622       -0.50890741549417
H            2.17865754744304        6.69162517128345        0.00033310435994
C            4.96530247697467        4.97887943804137       -2.10740199240463
H            3.38448445031339        3.69871108894201       -2.87154250103420
C            5.29781624626427        6.04187346344922       -1.26001444427057
H            4.53996934729129        7.48832828508199        0.16267324869014
H            5.73589330524312        4.46163082976631       -2.67010415558726
H            6.33826774218551        6.38933412078960       -1.18290031815857
C           -4.58241630229253        5.05484167044324       -1.18717193227486
C           -4.96549315485529        5.26741511527192       -2.51948068053811
C           -5.52358034162644        5.15279705452885       -0.15214266478229
C           -6.29510694693114        5.59891145267118       -2.80770423823785
H           -4.22380942055702        5.16540062449138       -3.31868775058269
C           -6.85156366002488        5.47751910639391       -0.45522686745576
H           -5.19777988283132        4.96356079718481        0.87560510419583
C           -7.24113514543279        5.70776921000082       -1.78062061799945
H           -6.59725072801632        5.76541960850278       -3.84746338926705
H           -7.58820167831716        5.55286015499419        0.35184855950898
H           -8.28234244664244        5.96660655073998       -2.01429134371956
N            1.37880325788714        0.44740034601987        0.20786589954349
C            2.44605683613094        1.04844720295986        0.65761500371802
C            2.26545113864470        2.27183617236969        1.39268923804559
C            3.31057350582883        3.00354632971090        1.88460180213097
C            4.62306154663182        2.58781509456911        1.69651945786028
C            4.84089807181418        1.40460474136725        1.00839637167575
C            3.81567402683229        0.62561126565852        0.50313235665840
C            4.16124656053052       -0.61988031234489       -0.25288612405830
C            4.27164078213895       -0.30679656231231       -1.76258297328971
C            5.37241502349920        0.69606681422114       -1.95774388240401
C            5.26075768672075        2.03783486036971       -2.02873249561924
C            6.58559856749949        2.60209181413281       -2.24161392965646
C            7.19418242659322        3.70957553295773       -2.91224150549672
C            8.55272335817286        3.85962744943452       -2.91287677883725
C            9.37134279160713        2.76702717803324       -2.63058956686820
C            8.80361374343425        1.55360814397236       -2.30267272550790
C            7.42175248930599        1.47940575428209       -2.08039663526433
O            6.70231990695194        0.32187530046717       -1.97047616909749
H            1.25558150167437        2.60648742059222        1.53662657849361
H            3.11400887021261        3.91329856653813        2.43210302692972
H            5.43535531907822        3.16798282497175        2.10131446739174
H            5.86253656642922        1.07683623598381        0.86846800056611
H            3.40913642504536       -1.38952604061210       -0.07673976233852
H            5.13848560982843       -0.98651934107797        0.06839634290457
H            4.45318629869839       -1.23087405321534       -2.31571432508643
H            3.31506913452583        0.10684103580122       -2.09851942634287
H            4.30664787764229        2.49959833056114       -2.05101851945514
H            6.74012408629124        4.54308344430440       -3.54316230977893
H            8.92142991858924        4.77121692205635       -3.35875783685266
H           10.40926545044445        2.84456907355756       -2.89769892772685
H            9.35660391933912        0.64389288355883       -2.42682413746176
245
 energy: -403.315813505703 gnorm: 0.051102015531 xtb: 6.7.1 (edcfbbe)
N            0.15862757913044       -1.76764029139382       -0.98319453983164
N           -0.04235467703246       -1.08764546396648        1.77682723332138
C           -0.46181047348080       -1.00528950385974       -3.26403806082991
C           -0.01284141430250       -1.96487532877936       -2.32958608042619
C            0.39372445193749       -3.31194129384974       -2.68343553481419
H            0.35047609103199       -3.72825067339468       -3.69095322663659
C            0.83702777423956       -3.90429508752394       -1.53453580672192
H            1.23309656827743       -4.91191606492151       -1.40114296975658
C            0.65468732593362       -2.94133062111820       -0.46580698656024
C            0.86022745413726       -3.22845304867116        0.89802174245258
C            0.46456050623297       -2.35338264356264        1.92956785626026
C            0.41371539699649       -2.72894829239598        3.32995954088807
H            0.75628021496102       -3.68635455462422        3.72540171884208
C           -0.17238837532035       -1.69315357122630        3.99960645547611
H           -0.40357557984994       -1.61121910043801        5.06252408684695
C           -0.44144577909818       -0.65948773912248        3.01750525808889
C            1.41365022428888       -4.57598470716075        1.27903950025826
C            2.76174162894117       -4.72020282149382        1.68465329626152
C            3.28741225878829       -5.97387024341880        2.04615971939772
C            2.46055361374785       -7.09998636875055        1.99434289047938
H            2.86952381380939       -8.08231193474775        2.26525926708629
C            1.12385757912546       -6.99767921791567        1.60040342357254
C            0.60258341924910       -5.73635167838536        1.25488989825977
N           -0.81182813555072        1.58709680418042        1.05318083549793
N           -0.56158874300117        0.91618131924631       -1.68944926938781
C           -1.00069011722305        0.59754511553778        3.32755067441218
C           -1.10772383509694        1.65005560706606        2.39172973533763
C           -1.48108003935195        3.00537866813962        2.74299161975663
H           -1.78397904562500        3.32401966967013        3.74125656199282
C           -1.35886132318810        3.75793113844194        1.60746880881764
H           -1.54845239381547        4.82384009180075        1.47763262062470
C           -0.97592459865364        2.85422553520716        0.54290468460627
C           -0.87782777943454        3.21914385014657       -0.81313917088976
C           -0.76620761900806        2.26539165485387       -1.84304689385432
C           -0.99344902956198        2.56790475687102       -3.24218756355699
H           -1.17987189774646        3.56740307529199       -3.63687907222084
C           -0.97786301328065        1.37844517206075       -3.91344214274147
H           -1.14520053877085        1.19364618345442       -4.97546493555494
C           -0.67487611336923        0.35001384053309       -2.93608615408521
C           -0.96477241084793        4.66969962424518       -1.20206610286426
C            0.21180380881560        5.36571756093209       -1.57396683163523
C            0.16255230476579        6.70687768364863       -1.99623683553590
C           -1.06895874255182        7.36842158603518       -2.01994774444357
H           -1.11124529275538        8.41782285771300       -2.34028767096842
C           -2.24834953018864        6.71693663563854       -1.64649752327130
C           -2.19510630863047        5.36593826911243       -1.25479347416081
Fe          -0.20769552827542       -0.05631247942718        0.04297436657586
Cl          -2.44265739973258       -0.69572388550022        0.05189137950564
C           -1.56433953847072        0.81091661076383        4.71092849856138
C           -0.78362411174600        1.35780614099666        5.76428212218310
C           -2.91819032954593        0.44963873167247        4.96014468596469
C           -1.34407976509980        1.54591713678138        7.04378905242861
N            0.55870040774235        1.71386838822918        5.47381597176993
C           -3.47461119579848        0.66271464508690        6.23986641684394
N           -3.65843956767251       -0.14486062362408        3.91114902789379
H           -0.72171660661321        1.95465509959095        7.84442897304786
C           -2.68224226810546        1.20137157977541        7.25701124036655
C            1.54690031454998        2.13086507501845        6.33738902888063
H            0.81625772059289        1.61200449131160        4.49039203488026
H           -4.52218158110309        0.40029448262726        6.40808035118852
C           -4.98714071332069       -0.52306720711640        3.91180414049173
H           -3.14125720095228       -0.31969028349798        3.04422499965847
H           -3.12120787753626        1.35617455063699        8.25116201330804
O            1.41970253478887        2.24159749963844        7.55202720273765
C            2.86178376026577        2.45676076860070        5.66086426776183
O           -5.77338492321858       -0.28875809646294        4.82456861137638
C           -5.41563860644618       -1.27975548223318        2.67775078376660
C            4.13214722973856        2.07781710118988        6.37868868780679
H            2.89956813275054        2.45545414772481        4.56590811196345
C            3.70855343890408        3.52669653188106        6.36074738506990
C           -6.77877374359778       -0.98658600057289        2.10192502705354
H           -4.64233390058994       -1.59144031390051        1.96606241837392
C           -6.58241321212051       -2.25074889160832        2.90457433871388
H            4.02905784713095        1.55750860239903        7.33411914359659
H            4.98677082613527        1.79974168317518        5.75849484554910
H            3.28659721653977        3.92780175619268        7.28577089303696
C            4.47027369092360        4.49270299155679        5.51074084485894
H           -7.36447917008045       -0.20211250063313        2.58958079713867
H           -6.88167839101556       -1.07768725472269        1.01704921480648
H           -6.98724437143214       -2.25437195755541        3.92144310510928
C           -6.56693459105904       -3.57230753529801        2.21300667252468
O            4.57033558284645        5.69009670456868        6.11332680347062
O            4.95380777845420        4.23211357851224        4.42584409799862
O           -7.16338512644778       -4.51747342588851        2.97314916076063
O           -6.09789611201472       -3.78951549960743        1.11391772094031
C            5.29924858273635        6.75676610694542        5.43574480509683
C           -7.25664075548395       -5.86850398072000        2.43994912252944
C            4.30393337821006        7.62951749031695        4.65961103614387
C            6.07241893303941        7.51795338314525        6.51139236297313
H            5.99077836784147        6.26971370936086        4.72499630537617
C           -7.23119910915684       -6.81583938213903        3.64028560162114
C           -8.52410882738242       -5.99000431187400        1.58679937477020
H           -6.36771660832272       -6.02645476561547        1.79999905691832
H            3.78247330838001        7.03116168226562        3.89444481299132
H            3.55979413411520        8.06228850341915        5.34173536783828
H            4.83641784787777        8.45036108016633        4.15936719055734
H            6.75800348818654        6.84839786694835        7.04661703784310
H            6.66681041516174        8.32371022781407        6.06012952926137
H            5.38939240558013        7.96310138493760        7.24635047315185
H           -6.30919874361632       -6.67700997636206        4.21997528810658
H           -8.09206714153957       -6.63254341599400        4.30089623320752
H           -7.28069257063154       -7.86042699805840        3.30325579475243
H           -8.48387638313377       -5.28820945363489        0.74247719953897
H           -8.62012027226185       -7.00969954002015        1.18826593981421
H           -9.42046028331281       -5.77505009234063        2.18842645064163
C           -0.71749867966755       -1.47674129919298       -4.67364739253059
C            0.22878189524820       -1.26682405615084       -5.71328803782811
C           -1.92170497672665       -2.17705952987210       -4.96027513451564
C            0.00732203304136       -1.80415622841619       -6.99700958452336
N            1.37229095181852       -0.48575276101768       -5.40919161204818
C           -2.13133732545978       -2.71859482240343       -6.24645325736456
N           -2.89421437400776       -2.26206451638445       -3.93714612744425
H            0.75224774637300       -1.63655243023429       -7.78015495216861
C           -1.16328441573215       -2.53147747305040       -7.23760810746814
C            2.30287876093880        0.05805877977511       -6.26837450003697
H            1.40095971699192       -0.15464213473756       -4.44325428153171
H           -3.05196816108233       -3.27554422292785       -6.44031936605033
C           -4.12213423622806       -2.89293727446913       -3.96635168730334
H           -2.67206573936992       -1.74762162466889       -3.08047414386183
H           -1.33150129868635       -2.95684119256889       -8.23563824302196
O            2.39526716596441       -0.20138553725919       -7.46246138800310
C            3.20819271074913        1.07679273693827       -5.61043533978484
O           -4.51011421146788       -3.61464485497398       -4.87967408049366
C           -4.98526138870783       -2.60190478261530       -2.76314948736030
C            3.51024700173339        2.32577597534011       -6.40205264691999
H            3.16086538014945        1.18766733443265       -4.52110207297322
C            4.58702486557925        1.27970912688283       -6.23647019247117
C           -5.87586540488443       -3.69766510821590       -2.23648262019926
H           -4.61860806879390       -1.87741149184753       -2.02632923076901
C           -6.49526171892409       -2.58508617022073       -3.04719431151273
H            3.06150908509561        2.40159778832870       -7.39612326291087
H            3.62253620282176        3.25775559787670       -5.84258755607887
H            4.82293034270999        0.65928698241398       -7.10322962747380
C            5.72047611514835        1.59200556742137       -5.32065290658931
H           -5.81316726521684       -4.66709059333146       -2.73794354773564
H           -6.04426924703270       -3.70750551803137       -1.15628020391896
H           -6.77491558793943       -2.82255086900863       -4.07830024218235
C           -7.33347781072531       -1.54800596380357       -2.37659315573136
O            6.88622328127250        1.13654911410847       -5.80904097304347
O            5.60318127046914        2.20546945450898       -4.28268501304728
O           -8.34096745867501       -1.14884749826814       -3.18293543762411
O           -7.15721557385707       -1.11599463683000       -1.25516337783838
C            8.10807297528594        1.38151934874661       -5.05119147492513
C           -9.26309168367713       -0.14096154894194       -2.67919822120461
C            9.02017771083522        0.17584166580581       -5.28139606149281
C            8.71864021411079        2.71088046330767       -5.49878762602911
H            7.81601864273613        1.44608436143405       -3.99283469363371
C           -8.70427252676760        1.25684792275642       -2.97284663914461
C          -10.61378094100140       -0.41449494368658       -3.33970572558741
H           -9.32696598003488       -0.28219560388159       -1.58483317178444
H            8.52098428625078       -0.74788589276005       -4.95953895622323
H            9.28062094444302        0.08323798541647       -6.34589322602219
H            9.95451661975717        0.29035514409005       -4.71452628820857
H            8.02329723308006        3.53590091776180       -5.30296844453872
H            9.64847733003271        2.90973651575861       -4.94835043051306
H            8.95854038387954        2.68827306323365       -6.57054450518881
H           -7.73589102826405        1.39654927050423       -2.46539602986905
H           -8.56542759525364        1.39707455834007       -4.05390937102667
H           -9.40090092619701        2.02619082269758       -2.61150905845226
H          -10.96097307741113       -1.43188864816785       -3.11040768897505
H          -11.36954428730891        0.29548776594952       -2.97774587397502
H          -10.54464023207936       -0.31340060310439       -4.43091125829550
H            4.33414038995369       -6.06173004678007        2.35993792623483
H            0.48398474307755       -7.88657981450009        1.55616555977417
H            1.07901168261916        7.21980428619023       -2.31022366091002
H           -3.20857184767967        7.24595835938982       -1.66136802702827
O            3.50662368058957       -3.56158623403297        1.70469017980356
O           -0.69214625826423       -5.54857470465466        0.83144277022883
O            1.36408725686990        4.61384005429629       -1.56370862152530
O           -3.30142185767946        4.65588813200149       -0.84898280939942
C            4.84758196771911       -3.59853620544706        2.08673591575554
C            5.83976892721479       -3.87603904803025        1.13616991540781
C            5.19114217132326       -3.27823567561584        3.40681641388237
C            7.18705498433675       -3.83925983849668        1.51837324783408
H            5.54652221542916       -4.11283498334182        0.10832287854963
C            6.54208285091080       -3.24307523277338        3.77699233322904
H            4.39329054867144       -3.05583233982737        4.12286045939279
C            7.54169827813436       -3.52495715712003        2.83674355713263
H            7.96641196510086       -4.05489544766278        0.77867811850819
H            6.81649882694897       -2.99273198216276        4.80792261462995
H            8.59936561341338       -3.49780030136533        3.13104522820453
C           -1.66120549288792       -6.53065448406598        1.00912798838810
C           -2.02492250832349       -6.97796764490000        2.28755434991369
C           -2.32784921473189       -7.00556448349034       -0.12874912152869
C           -3.04904742116996       -7.92383237034783        2.41861528101509
H           -1.50683484110101       -6.57913039541180        3.16624111792464
C           -3.35628741839202       -7.94490298971436        0.01689586417319
H           -2.03286833693407       -6.62239354348469       -1.11096849870448
C           -3.71561790705187       -8.41203709689330        1.28741594010320
H           -3.33332405150008       -8.27876465496245        3.41543748913414
H           -3.87953390448660       -8.31627124650116       -0.87095152446011
H           -4.51692266449807       -9.15467811238104        1.39718114569684
C            2.63539108413438        5.16262965554506       -1.47118982022813
C            2.95684380741742        6.22120627848938       -0.60718396518615
C            3.63779976093173        4.53928332768668       -2.22350381289508
C            4.28415973651412        6.66062210950703       -0.51878846695473
H            2.17202065253600        6.69368269055380       -0.00684696239849
C            4.95827743318308        4.98103261792116       -2.11791011556707
H            3.37664019022273        3.70011147767802       -2.87970056530311
C            5.29043332299532        6.04483380848378       -1.27114968855690
H            4.53307769179164        7.49144223974118        0.15266226603672
H            5.73115355381729        4.46170061850042       -2.68181030230770
H            6.33022153022069        6.39349156011880       -1.19482469825409
C           -4.58968671369652        5.05402674077354       -1.18619582835251
C           -4.97442698074566        5.26648172723663       -2.51811534867101
C           -5.52963409611400        5.15151935932546       -0.15005306230170
C           -6.30451582049757        5.59740796480033       -2.80467768921728
H           -4.23361737667284        5.16481486666061       -3.31821371540411
C           -6.85815199609669        5.47566209376918       -0.45150723076368
H           -5.20255123652261        4.96236408417440        0.87732252018113
C           -7.24938434334857        5.70580295618591       -1.77639521274275
H           -6.60796023638492        5.76380339990424       -3.84411716310743
H           -7.59384195069445        5.55062075560905        0.35654665939614
H           -8.29100439402799        5.96418008368188       -2.00877809671483
N            1.36351947735761        0.45206419347508        0.20299745201746
C            2.43270776621910        1.05183495474624        0.66192701339071
C            2.25187915545059        2.27371603029885        1.38933056222829
C            3.30193067441295        3.00307126709478        1.87940654562933
C            4.61148955233082        2.57970966115227        1.69230285370065
C            4.82376496901667        1.39139101060411        1.01393264154860
C            3.79174241304739        0.61526154251918        0.51361196097505
C            4.14725229040335       -0.62869290987686       -0.24058560910889
C            4.31349211576303       -0.28818490637417       -1.73828518930494
C            5.42286324716333        0.71310710547886       -1.89403770606592
C            5.31382883411206        2.05642636700808       -2.00232011310894
C            6.63524955590062        2.60922831220521       -2.21740521921529
C            7.24825649809230        3.70303988966815       -2.88612900939685
C            8.61725786738197        3.82682096922474       -2.86875237446507
C            9.42657644385282        2.73880846096378       -2.55421155178708
C            8.84983259319527        1.52836721475723       -2.21868771663252
C            7.46950385555327        1.48048858830612       -2.02237641578248
O            6.74528923030265        0.33680767517976       -1.88152453162445
H            1.24483420825168        2.61646743056212        1.53335031709083
H            3.10936796426537        3.91542657018410        2.42387896253438
H            5.42894162324886        3.15729754430809        2.09106913833096
H            5.84130116749027        1.05230721942179        0.87374042606229
H            3.38383342024757       -1.39595257051360       -0.09813660296008
H            5.11046129228637       -1.00780783723895        0.11039126971111
H            4.50944655113773       -1.20303700350425       -2.30381278636329
H            3.37122138172198        0.13624054271011       -2.10217709967310
H            4.35839288738781        2.51979528116247       -1.99555531140870
H            6.83712864705203        4.50031957351921       -3.57473360732245
H            9.02538172026984        4.71924398143430       -3.31524836098038
H           10.47897306574730        2.80583727367799       -2.77440178572317
H            9.40081786609681        0.61240509284958       -2.30054229578112
245
 energy: -403.333745815301 gnorm: 0.046723128574 xtb: 6.7.1 (edcfbbe)
N            0.15442539628291       -1.76649456512095       -0.98832960079037
N           -0.04367231563665       -1.08665790927809        1.77217030088266
C           -0.46904861594320       -1.00407734530249       -3.26825991466636
C           -0.01855661043602       -1.96351675678875       -2.33440836236336
C            0.38823149048850       -3.31039990616213       -2.68890269058990
H            0.34394515492926       -3.72662616860955       -3.69640238803470
C            0.83310917691358       -3.90266890527670       -1.54060534068471
H            1.22980182509096       -4.91009630285951       -1.40774471020468
C            0.65159744780561       -2.93981041522984       -0.47153765925222
C            0.85888672890485       -3.22695615200632        0.89204814107480
C            0.46408209637358       -2.35219606469836        1.92414087360986
C            0.41507136470988       -2.72784550499492        3.32455376360865
H            0.75853419498981       -3.68511829133689        3.71954023699101
C           -0.17070281562611       -1.69234399831277        3.99498763105606
H           -0.40065212173585       -1.61060806552352        5.05817707473882
C           -0.44139928214890       -0.65877611815271        3.01326113820088
C            1.41341545161451       -4.57434530486744        1.27231109856295
C            2.76202939190647       -4.71795176479949        1.67632458589480
C            3.28868025178779       -5.97142746036703        2.03709559389887
C            2.46230777327871       -7.09791597832388        1.98612915656139
H            2.87204454554480       -8.08006720536172        2.25644983168841
C            1.12511057723357       -6.99615767934333        1.59377377554994
C            0.60286429797392       -5.73504157312914        1.24900588260773
N           -0.81527696108690        1.58781887742647        1.04953754712390
N           -0.56796906355481        0.91724794105420       -1.69352519523449
C           -1.00084336696733        0.59805104601723        3.32401346495392
C           -1.10947520822637        1.65052262421944        2.38845244162140
C           -1.48301654848577        3.00570319146395        2.74020837860072
H           -1.78487050708628        3.32411584547417        3.73885108231835
C           -1.36249798445691        3.75836669652962        1.60461223587624
H           -1.55270271826046        4.82418215228997        1.47502721814978
C           -0.98043984878472        2.85491252389424        0.53947670748136
C           -0.88406504286847        3.21991310129448       -0.81658606198972
C           -0.77324966781791        2.26631411832171       -1.84675952428128
C           -1.00225227363698        2.56882595068929       -3.24555661418279
H           -1.18957849087362        3.56823409882781       -3.63997988384552
C           -0.98690892494198        1.37941067862161       -3.91691877950022
H           -1.15541672849371        1.19464134041736       -4.97874065735046
C           -0.68234054294787        0.35106171688587       -2.94003616370361
C           -0.97207078138402        4.67051642568854       -1.20538737994678
C            0.20363865299993        5.36708154605214       -1.57862441857049
C            0.15336332647445        6.70817554668552       -2.00078386968872
C           -1.07849350075797        7.36917390349159       -2.02300191905470
H           -1.12164651892820        8.41854780589220       -2.34323512019687
C           -2.25711745922932        6.71713739267163       -1.64816921324753
C           -2.20283037623735        5.36615895863742       -1.25659065503463
Fe          -0.21276684844318       -0.05541302619196        0.03843236181359
Cl          -2.44616487066312       -0.69569617190816        0.04999383783798
C           -1.56295719921877        0.81105222861749        4.70818414805510
C           -0.78123742008511        1.35821091394247        5.76058936278184
C           -2.91630275789181        0.44912811612757        4.95894958167315
C           -1.34023859767897        1.54597230558011        7.04077701155718
N            0.56058478468554        1.71494004330516        5.46857061661984
C           -3.47128280042834        0.66184298044493        6.23932708293851
N           -3.65755609728413       -0.14565909062096        3.91076766078034
H           -0.71710367465034        1.95493331405682        7.84071790596409
C           -2.67796997004539        1.20079722021835        7.25560164718195
C            1.54959376414410        2.13232142502825        6.33102384203083
H            0.81699257583258        1.61324576881811        4.48484497902891
H           -4.51852746610708        0.39893366213093        6.40879752907963
C           -4.98605670045435       -0.52446415433899        3.91301251243130
H           -3.14131531818139       -0.32017290545040        3.04324303267892
H           -3.11579386064938        1.35531122006584        8.25026447716395
O            1.42379071809033        2.24291099545482        7.54578348296016
C            2.86350215088811        2.45889273415873        5.65294722405960
O           -5.77128923124587       -0.29059538589434        4.82671317477045
C           -5.41565533463722       -1.28128485948357        2.67939528026987
C            4.13488612198880        2.08047193032069        6.36929104873512
H            2.89997896436447        2.45766659730365        4.55798762602891
C            3.71056398350626        3.52919166442192        6.35194624098823
C           -6.77963192772448       -0.98867896832331        2.10522037095072
H           -4.64309549132037       -1.59254398835848        1.96676938475232
C           -6.58172294146941       -2.25281231271229        2.90757343387139
H            4.03316231826253        1.56007252453735        7.32478245459828
H            4.98886828566947        1.80284407732797        5.74809730378394
H            3.28955242172023        3.93004520953723        7.27744205536222
C            4.47086009271908        4.49561748447955        5.50104598155043
H           -7.36508341571865       -0.20453073989656        2.59364558476291
H           -6.88377248850243       -1.07975949236079        1.02048558195710
H           -6.98532023173442       -2.25671553585646        3.92491029871202
C           -6.56646391609100       -3.57436807987214        2.21587483920571
O            4.57099495084563        5.69310219634175        6.10358422090110
O            4.95317813801274        4.23535679799607        4.41563777654911
O           -7.16153841084056       -4.51983171971892        2.97663988692089
O           -6.09865260604602       -3.79123209815157        1.11621610865496
C            5.29861451035823        6.76011396017701        5.42521121336107
C           -7.25480462513398       -5.87084356377274        2.44350051534192
C            4.30194921039783        7.63252650867141        4.65022619556805
C            6.07271472267010        7.52167284862180        6.49999639511235
H            5.98952086577356        6.27346605606460        4.71365652774187
C           -7.22747089022710       -6.81832371000417        3.64379900171615
C           -8.52329891697975       -5.99287986684253        1.59182414513370
H           -6.36662322320670       -6.02835905813649        1.80245449010038
H            3.77992923553435        7.03390613464079        3.88568799140212
H            3.55847666133665        8.06484423502479        5.33326183093602
H            4.83347071091009        8.45359719367936        4.14942956569541
H            6.75923126586984        6.85240146221925        7.03433902196545
H            6.66614237382402        8.32773951393428        6.04803534194109
H            5.39034720648841        7.96643445677113        7.23572665606578
H           -6.30488709040985       -6.67907778183899        4.22231793359730
H           -8.08762554860253       -6.63543600059240        4.30541992380804
H           -7.27691216484249       -7.86285870528470        3.30669134467057
H           -8.48435767052762       -5.29101411540203        0.74756429814613
H           -8.61926966054127       -7.01257842898464        1.19338768038948
H           -9.41895119914912       -5.77838787100497        2.19463086033092
C           -0.72618051204691       -1.47555440911011       -4.67769633383906
C            0.21875203420686       -1.26511230779057       -5.71838288331521
C           -1.93040089822842       -2.17636289220699       -4.96289894374081
C           -0.00396994359901       -1.80239023344750       -7.00187084777690
N            1.36235418675461       -0.48349984570046       -5.41559709576412
C           -2.14131409878917       -2.71786342969598       -6.24885324814090
N           -2.90168459469265       -2.26191312590191       -3.93861387100898
H            0.73995339358208       -1.63437133412309       -7.78588805034518
C           -1.17453653238981       -2.53022444692947       -7.24116561887818
C            2.29160483723092        0.06066242595432       -6.27583240986069
H            1.39192400252389       -0.15253437140381       -4.44967759829939
H           -3.06192854644753       -3.27522028976880       -6.44167731007430
C           -4.12934555456079       -2.89334789163818       -3.96640359746688
H           -2.67873876516972       -1.74744502690579       -3.08219004419881
H           -1.34375219370028       -2.95554140309229       -8.23900290347956
O            2.38275557659759       -0.19851242520197       -7.47000908631553
C            3.19732770814710        1.07987392442497       -5.61885190986801
O           -4.51806383009222       -3.61513221628854       -4.87930240472417
C           -4.99115588811019       -2.60279505340067       -2.76213652684345
C            3.49783394611437        2.32896287657338       -6.41068954836074
H            3.15110429001716        1.19060767428237       -4.52952946524310
C            4.57588979182800        1.28363462280971       -6.24579313122564
C           -5.88064637223995       -3.69903323879310       -2.23447411026616
H           -4.62397676295141       -1.87821878238062       -2.02571737585149
C           -6.50150566044256       -2.58666748749040       -3.04437906095427
H            3.04799750367162        2.40452694123169       -7.40424407594647
H            3.61033159628127        3.26091543719660       -5.85137707278392
H            4.81055831746576        0.66338406275840       -7.11338369733236
C            5.71023302448543        1.59678139088281       -5.33036008888134
H           -5.81810414868909       -4.66835477092589       -2.73608818925437
H           -6.04776075742994       -3.70901713690843       -1.15409600520138
H           -6.78227786112250       -2.82416878765236       -4.07514012406160
C           -7.33942412915185       -1.54999874391436       -2.37266996271018
O            6.87583984456685        1.14177565289227       -5.82043383067221
O            5.59541266726136        2.20857573159932       -4.28985373351714
O           -8.34802114379564       -1.15126207366592       -3.17773250825461
O           -7.16200155031865       -1.11802522996278       -1.25143749183056
C            8.09813058365540        1.38662074282690       -5.06409006612418
C           -9.27001389031269       -0.14387243749669       -2.67279031135730
C            9.01014524285528        0.18132792205204       -5.29661828739768
C            8.70751917290871        2.71648316812849       -5.51267327381826
H            7.80852010213929        1.45190696748072       -4.00266647559694
C           -8.71217477178811        1.25430823460282       -2.96707195510295
C          -10.62141996759455       -0.41795106382474       -3.33169752852063
H           -9.33251973278747       -0.28518222475689       -1.57840990196801
H            8.51154821286087       -0.74261478892265       -4.97461634970936
H            9.26908531894162        0.08931344888454       -6.36173871297326
H            9.94504327491262        0.29610510768593       -4.73077260765897
H            8.01177643117967        3.54122309745413       -5.31655438495684
H            9.63796359767946        2.91558126116176       -4.96316984964450
H            8.94583260218569        2.69421723325643       -6.58518735340866
H           -7.74326917775422        1.39434605875005       -2.46077359633427
H           -8.57469993034961        1.39459380027203       -4.04824875471006
H           -9.40872754603771        2.02321760987939       -2.60480440288379
H          -10.96783957672762       -1.43550146052220       -3.10202058376866
H          -11.37703896446612        0.29164835051061       -2.96870419110094
H          -10.55360748711990       -0.31674350093729       -4.42293064222390
H            4.33582637098891       -6.05884151186784        2.34963674302434
H            0.48559161338036       -7.88535054217152        1.55020173262459
H            1.06918206286478        7.22153206759765       -2.31584914527240
H           -3.21761639864178        7.24572103996815       -1.66185185735971
O            3.50637670344418       -3.55904282053050        1.69563379270017
O           -0.69246815078956       -5.54780344216600        0.82709620451401
O            1.35656699903034        4.61562285883667       -1.56981499953053
O           -3.30829861938810        4.65558884643361       -0.84951119381596
C            4.84782305547341       -3.59541695643922        2.07609781685381
C            5.83901021997667       -3.87243437337073        1.12430955990553
C            5.19279469456051       -3.27503976785600        3.39581765903470
C            7.18672883794632       -3.83507508660480        1.50493187924268
H            5.54463742547288       -4.10929284978434        0.09676942029858
C            6.54415208402306       -3.23928803679620        3.76441433530240
H            4.39569856270852       -3.05301348656738        4.11280322094098
C            7.54278332938348       -3.52069222040511        2.82293856963579
H            7.96529233900696       -4.05035048178234        0.76428563924175
H            6.81967109846940       -2.98886943510132        4.79503785038551
H            8.60078631672784       -3.49307182143473        3.11601405272330
C           -1.66088105714747       -6.53036742033494        1.00586085141558
C           -2.02284239181828       -6.97793163317984        2.28470845781478
C           -2.32863485507090       -7.00547000351486       -0.13127118292515
C           -3.04635708661308       -7.92426676347600        2.41692436257412
H           -1.50389190455460       -6.57892199826392        3.16281090173426
C           -3.35647098301027       -7.94528693167077        0.01553763710511
H           -2.03500893201975       -6.62208460429968       -1.11380949932549
C           -3.71404857584405       -8.41268407880619        1.28644930646455
H           -3.32926999502747       -8.27939717945377        3.41406948320223
H           -3.88059808477360       -8.31680693372566       -0.87172522118462
H           -4.51487985406464       -9.15569432002324        1.39713493917403
C            2.62768853422076        5.16486394380964       -1.47888139783960
C            2.94955306722456        6.22369004448010       -0.61518351975169
C            3.63003415752103        4.54129098015364       -2.23235749992802
C            4.27668613964798        6.66364144819391       -0.52841913833897
H            2.16515319684725        6.69580048905113       -0.01384861203961
C            4.95070539575573        4.98377276390007       -2.12870628460306
H            3.36837030899306        3.70195712966096       -2.88776992801763
C            5.28274421549204        6.04800992676834       -1.28221341191182
H            4.52599537496243        7.49461465824534        0.14283557349814
H            5.72460200183201        4.46339328390816       -2.69445929698036
H            6.32191956410645        6.39780024291478       -1.20657752970785
C           -4.59721676373304        5.05316782219753       -1.18514336041279
C           -4.98360077113645        5.26551892588246       -2.51659831151362
C           -5.53593501519765        5.15016285356148       -0.14786147676245
C           -6.31417591335364        5.59585176357594       -2.80153135736175
H           -4.24369335920214        5.16423302493445       -3.31757548372981
C           -6.86497037872150        5.47371162786834       -0.44768547116725
H           -5.20756055097991        4.96108989309925        0.87910219433926
C           -7.25787201713290        5.70375463401638       -1.77208008482284
H           -6.61893329344672        5.76216186846657       -3.84059228877017
H           -7.59971862430969        5.54827609498339        0.36126993477237
H           -8.29989428588880        5.96166332904518       -2.00317899637091
N            1.35381648987550        0.45504137572348        0.19614119224241
C            2.41957865396910        1.05522119775050        0.66724113728601
C            2.23859313094947        2.27746162809260        1.38660299407279
C            3.29261458010889        3.00449474224914        1.87457410866221
C            4.59947067152705        2.57212940582070        1.69136153336111
C            4.80797762456097        1.37736462558935        1.02507510848626
C            3.77076718726459        0.60517997660262        0.52699204167802
C            4.13191255793313       -0.63641905891851       -0.22779113414076
C            4.35709207877127       -0.26864968957743       -1.71108350081792
C            5.47018683062305        0.72944497486362       -1.83268657025385
C            5.36791856046996        2.07237400367843       -1.98315519270316
C            6.68917526653435        2.60824623903254       -2.20303962337154
C            7.30929964887207        3.69885935387167       -2.85950585097247
C            8.68640332675543        3.79049612086776       -2.82695691618746
C            9.48379654102450        2.70680833665793       -2.48046740371862
C            8.89687461301598        1.50070639482332       -2.14312206996272
C            7.51802219352352        1.47573019821260       -1.97345014940024
O            6.78322072968414        0.34567294336957       -1.79907961508237
H            1.23440094600113        2.62971144404144        1.52819861471348
H            3.10435365671959        3.92083554852820        2.41376463881846
H            5.42165618081464        3.14812596534500        2.08311093879693
H            5.82157731578567        1.02683223584552        0.88826940591860
H            3.35341477876059       -1.39669869041567       -0.12679471845795
H            5.07529543440333       -1.03546861071560        0.15625573449898
H            4.57310253406791       -1.17338623805506       -2.28592589909772
H            3.43168851478317        0.16724843887775       -2.10262535045249
H            4.41741723940091        2.54780423143566       -1.95602353121295
H            6.93116627759727        4.45968078594920       -3.58360331047518
H            9.13097550511414        4.66898424142568       -3.27162550101917
H           10.54810584284987        2.76779979653001       -2.65189998152081
H            9.45038647298534        0.57922471206212       -2.16352923484357
245
 energy: -403.348417486721 gnorm: 0.041785715590 xtb: 6.7.1 (edcfbbe)
N            0.15013019605610       -1.76518740576153       -0.99339768145776
N           -0.04505837092516       -1.08557950909997        1.76752555129442
C           -0.47639682319059       -1.00278247659120       -3.27243005799851
C           -0.02436459237971       -1.96203187516496       -2.33919326220401
C            0.38268003841131       -3.30877896520326       -2.69432992626345
H            0.33738729566204       -3.72488982510381       -3.70181502638883
C            0.82919386161676       -3.90091150698774       -1.54667926761865
H            1.22652441866627       -4.90812781466890       -1.41431755299809
C            0.64845377444286       -2.93815125491624       -0.47721890346296
C            0.85751879085315       -3.22534093767813        0.88607335834791
C            0.46353280403329       -2.35086909638863        1.91872017123112
C            0.41637690650947       -2.72664512006294        3.31917854184347
H            0.76077326785591       -3.68377728575483        3.71367581053721
C           -0.16908510129290       -1.69147610308504        3.99039315120980
H           -0.39780366343709       -1.60994082674796        5.05384485122204
C           -0.44146099713649       -0.65798386003126        3.00902718150584
C            1.41318110137961       -4.57255363089128        1.26558742200851
C            2.76234780000299       -4.71547874444424        1.66798837882983
C            3.28999245206767       -5.96877902148403        2.02801893423580
C            2.46414135623386       -7.09565627163144        1.97791797224514
H            2.87467124851669       -8.07762619436664        2.24764813547746
C            1.12643381518108       -6.99449565930383        1.58715755452133
C            0.60317478968673       -5.73360239229056        1.24313351970904
N           -0.81881732332305        1.58867258703424        1.04599598811681
N           -0.57452735224624        0.91841691956455       -1.69757141865706
C           -1.00113246238615        0.59859918490785        3.32051790836914
C           -1.11137887502038        1.65102973322100        2.38519188896043
C           -1.48517657519776        3.00608228936904        2.73750445682023
H           -1.78598548246863        3.32423235877143        3.73652733121375
C           -1.36638990448913        3.75886402563942        1.60187263176881
H           -1.55723298039750        4.82457282994966        1.47253534456281
C           -0.98515203004869        2.85561949492233        0.53613736503842
C           -0.89054651356320        3.22076785951943       -0.81995257466715
C           -0.78050109201237        2.26730640020392       -1.85036752608157
C           -1.01129888531557        2.56983891990267       -3.24887967780176
H           -1.19956378082573        3.56916740911795       -3.64299254589010
C           -0.99616757235220        1.38049815799819       -3.92034418333408
H           -1.16583903713029        1.19572902614771       -4.98195721979581
C           -0.68997084861870        0.35221824738172       -2.94387237640855
C           -0.97968729254011        4.67142036169524       -1.20859301886122
C            0.19523548715525        5.36853867536749       -1.58316205012445
C            0.14379217905278        6.70962224571992       -2.00516998623251
C           -1.08840983426098        7.37003302288754       -2.02589054675551
H           -1.13245916336361        8.41939204788262       -2.34599532391137
C           -2.26625173400998        6.71740211283870       -1.64969361622280
C           -2.21085367239963        5.36642858118348       -1.25827499556400
Fe          -0.21811459910954       -0.05446556016319        0.03387524383583
Cl          -2.44971885651670       -0.69561959914813        0.04815503152064
C           -1.56172578953400        0.81120273236994        4.70546213159604
C           -0.77904533270074        1.35864557294849        5.75694432871414
C           -2.91451643875133        0.44861556771531        4.95782015852573
C           -1.33654961238149        1.54604050617083        7.03780193960090
N            0.56237413215899        1.71607507516520        5.46335059403354
C           -3.46810618318266        0.66092411972700        6.23882303877388
N           -3.65685944781693       -0.14651148248829        3.91037015340873
H           -0.71267684014531        1.95523683057405        7.83704627912700
C           -2.67385753358685        1.20019507938218        7.25422431633947
C            1.55203512292258        2.13385137224084        6.32470335544260
H            0.81754442773654        1.61457259052040        4.47932770403995
H           -4.51500730929054        0.39749866598173        6.40955155615420
C           -4.98502432172244       -0.52588981593168        3.91430952214447
H           -3.14147495374347       -0.32066314419446        3.04230794701085
H           -3.11054601875351        1.35440586481435        8.24940483522128
O            1.42772649398257        2.24430431255821        7.53957895223078
C            2.86507821255161        2.46117006312635        5.64504162183127
O           -5.76933878153543       -0.29253670444677        4.82888827252098
C           -5.41579881942038       -1.28291057600645        2.68104068714065
C            4.13745994371748        2.08328823843077        6.35989155193044
H            2.90019923372940        2.46001903074048        4.55008677795193
C            3.71236197729423        3.53176989597494        6.34317980266524
C           -6.78058890842781       -0.99088135527972        2.10855222083171
H           -4.64393881655847       -1.59368736059547        1.96751251577593
C           -6.58109107950051       -2.25494497114500        2.91059106308934
H            4.03713250312013        1.56277093734845        7.31544120115522
H            4.99081007378764        1.80612831911154        5.73769042845294
H            3.29231488713823        3.93240034831720        7.26914535219258
C            4.47120475081091        4.49878308928870        5.49139841300534
H           -7.36582211943801       -0.20707123802784        2.59773803045723
H           -6.88597423312645       -1.08192777880773        1.02395502805006
H           -6.98347271206257       -2.25918402200888        3.92838654450331
C           -6.56603658221287       -3.57656696976505        2.21878747098801
O            4.57149431466274        5.69618207058662        6.09385608323415
O            4.95233132579761        4.23875056069031        4.40544259528672
O           -7.15971327532269       -4.52229934747748        2.98007834900938
O           -6.09942646793826       -3.79301247980545        1.11851895486928
C            5.29774703537136        6.76353803031991        5.41480547577161
C           -7.25295007893769       -5.87327496936282        2.44705162379184
C            4.29965170804284        7.63568269970320        4.64092984917468
C            6.07273183787431        7.52551501545888        6.48867673377253
H            5.98800848291449        6.27739778619899        4.70235469507652
C           -7.22370110920510       -6.82090758374980        3.64727582667497
C           -8.52245212416202       -5.99590099404076        1.59681239291725
H           -6.36549354415111       -6.03034787696593        1.80489789593521
H            3.77710813873494        7.03676689604617        3.87703681412818
H            3.55688159994419        8.06749228001585        5.32491085709437
H            4.83023853011490        8.45695660623536        4.13963038159711
H            6.76020044389629        6.85655467972011        7.02213303459135
H            6.66519918574197        8.33189890858104        6.03605461778367
H            5.39104165590339        7.96986763961739        7.22520315565543
H           -6.30053993159928       -6.68123631828842        4.22462267815910
H           -8.08315412228143       -6.63848111309210        4.30989160386823
H           -7.27306945432499       -7.86539730491835        3.31009410676449
H           -8.48482161361385       -5.29395613204034        0.75263988722428
H           -8.61836602514895       -7.01559863963860        1.19848466533638
H           -9.41742625051382       -5.78190801452736        2.20077711347307
C           -0.73498000616301       -1.47427539630058       -4.68168494929399
C            0.20858482062390       -1.26329620768668       -5.72343587541529
C           -1.93913816399724       -2.17561241535364       -4.96550829888020
C           -0.01536305450757       -1.80052010743649       -7.00668784812934
N            1.35228078799932       -0.48105963321833       -5.42194698568245
C           -2.15137471648901       -2.71709271540044       -6.25120471372275
N           -2.90931249573894       -2.26174458992087       -3.93998648160749
H            0.72753929037248       -1.63207831546625       -7.79157838328947
C           -1.18586629560359       -2.52890712331237       -7.24467520284456
C            2.28012716526636        0.06341961225354       -6.28324247288755
H            1.38272631121042       -0.15027955317640       -4.45604585914562
H           -3.07193733173195       -3.27488055104800       -6.44299945531402
C           -4.13652869160860       -2.89376378852160       -3.96647726415495
H           -2.68548806180192       -1.74723260902582       -3.08386854007358
H           -1.35606614990808       -2.95419283121750       -8.24232617811967
O            2.37008089670614       -0.19545901349444       -7.47752204149958
C            3.18629022992577        1.08313020085484       -5.62721760094677
O           -4.52607989512763       -3.61564791758888       -4.87889456277821
C           -4.99716722967358       -2.60371175059993       -2.76106006765112
C            3.48519560117589        2.33237012093797       -6.41928944789638
H            3.14113497888923        1.19374409659112       -4.53790520751814
C            4.56428896631425        1.28776380378072       -6.25528271530517
C           -5.88545739888386       -3.70045331223930       -2.23244761374536
H           -4.62942480358524       -1.87905106943411       -2.02507044130203
C           -6.50777956764933       -2.58834385759497       -3.04153845164647
H            3.03420469777873        2.40771090984981       -7.41232039814230
H            3.59783525935604        3.26432308880436       -5.86012947811394
H            4.79798637929771        0.66769918876519       -7.12352101237653
C            5.70018619330233        1.60169934338922       -5.33983220948326
H           -5.82304876872277       -4.66968057306955       -2.73420992664999
H           -6.05128087488869       -3.71060348403513       -1.15189348060923
H           -6.78970875377172       -2.82585977864709       -4.07195060244423
C           -7.34550362586815       -1.55205039622234       -2.36875811471931
O            6.86498718953464        1.14733496683058       -5.83210339897664
O            5.58666982609128        2.21281742468531       -4.29769315110993
O           -8.35518648754588       -1.15379848419816       -3.17245082458306
O           -7.16687735514488       -1.12016298253540       -1.24767132401218
C            8.08772756875231        1.39210416251498       -5.07733373883067
C           -9.27705654080223       -0.14698484173864       -2.66638461978615
C            8.99991609359105        0.18715704320833       -5.31186804006963
C            8.69591023279414        2.72254148430029       -5.52689397555639
H            7.80021839754690        1.45766960769245       -4.01376640905250
C           -8.72024172245335        1.25164567986363       -2.96126051585592
C          -10.62915314647591       -0.42159269929944       -3.32369534897210
H           -9.33819963080141       -0.28831786670767       -1.57196989244440
H            8.50202525191865       -0.73692897581591       -4.98952763052402
H            9.25742464614259        0.09568099520552       -6.37750078267212
H            9.93534981707920        0.30241805267489       -4.74709733185226
H            7.99981099329097        3.54690298384192       -5.33038759568735
H            9.62691080295623        2.92193100391672       -4.97856857886268
H            8.93280771767042        2.70048974135977       -6.59995529173377
H           -7.75082334791368        1.39202932491316       -2.45610475112590
H           -8.58415208988433        1.39199659034269       -4.04254173168048
H           -9.41674966641781        2.02008178341003       -2.59807347715431
H          -10.97478865500012       -1.43930694067627       -3.09365918753582
H          -11.38466155992604        0.28759510355029       -2.95969708845609
H          -10.56268927272184       -0.32025965556206       -4.41494927612434
H            4.33756061196756       -6.05571441024429        2.33931341138998
H            0.48730361718130       -7.88399731300845        1.54426083375407
H            1.05896064514698        7.22344774115684       -2.32130817774284
H           -3.22702498843375        7.24552069037040       -1.66218958256708
O            3.50608709796897       -3.55630170830738        1.68655426549695
O           -0.69274795713141       -5.54694877651100        0.82275903000811
O            1.34865236751844        4.61761350071881       -1.57581548329547
O           -3.31547376390618        4.65530514699151       -0.84991196424757
C            4.84804832324349       -3.59203803445555        2.06542949099645
C            5.83823127249907       -3.86851119376330        1.11242574671690
C            5.19441955683476       -3.27158425343058        3.38476715646091
C            7.18639124416905       -3.83053112419093        1.49144919016230
H            5.54274778228138       -4.10543284787243        0.08521055105735
C            6.54619796219404       -3.23520145308244        3.75177924349302
H            4.39808634956453       -3.04997096194585        4.10269282356308
C            7.54384754942276       -3.51607565557265        2.80908287405591
H            7.96416328902094       -4.04539450097917        0.74987798574266
H            6.82282557927632       -2.98471829789735        4.78207424897716
H            8.60218079909669       -3.48796821825639        3.10091477525494
C           -1.66050207788170       -6.53002361082937        1.00262357119786
C           -2.02068460070293       -6.97785367077558        2.28184685888301
C           -2.32935528105915       -7.00533707607448       -0.13377739808418
C           -3.04357944452144       -7.92469846633772        2.41521499847412
H           -1.50089235093186       -6.57867027415675        3.15936333646920
C           -3.35654853359193       -7.94566232428925        0.01418179337597
H           -2.03709096049610       -6.62172731012649       -1.11661754870827
C           -3.71237105351097       -8.41334061223770        1.28549372535440
H           -3.32511551239814       -8.28004933901745        3.41265691876907
H           -3.88155130768804       -8.31735809573943       -0.87246883182203
H           -4.51270223675210       -9.15674806840480        1.39707341646979
C            2.61969446889373        5.16730204907675       -1.48642429125887
C            2.94192193335301        6.22637738831364       -0.62301969169130
C            3.62185726170407        4.54368676514147       -2.24094503642583
C            4.26888051895157        6.66689128652395       -0.53788188086875
H            2.15795624375766        6.69808286262205       -0.02071059951713
C            4.94282508272195        4.98688992756189       -2.13949376342725
H            3.35971062612324        3.70423787817058       -2.89578830577336
C            5.27466822344461        6.05158402053091       -1.29315261529692
H            4.51862078649570        7.49797403735930        0.13315132395887
H            5.71594045991608        4.46714394689395       -2.70846131862061
H            6.31331767587915        6.40237228776501       -1.21827451417352
C           -4.60503689695729        5.05228538866449       -1.18400014668432
C           -4.99307758613962        5.26454210676580       -2.51494498594747
C           -5.54253883887372        5.14874546513807       -0.14556262919477
C           -6.32415868276729        5.59424891801833       -2.79826109512533
H           -4.25408769062231        5.16367051980048       -3.31680802747480
C           -6.87208404591519        5.47167000423270       -0.44375407532568
H           -5.21285610556674        4.95975692621323        0.88097439472911
C           -7.26667178213915        5.70161909736176       -1.76766826058971
H           -6.63023643117902        5.76048535589135       -3.83692274374895
H           -7.60590009897139        5.54581717542579        0.36606617422338
H           -8.30909698494920        5.95903829081016       -1.99747746946931
N            1.34828882077244        0.45725197767316        0.18803277853168
C            2.40698266331522        1.05841598750708        0.67179307069015
C            2.22668130552657        2.28336199212575        1.38391004697953
C            3.28371229769985        3.00780936342213        1.86990325967880
C            4.58833859031401        2.56541686729143        1.69431928649281
C            4.79405810664636        1.36336073698045        1.04115534586496
C            3.75397730004802        0.59657678967687        0.54131730509009
C            4.11585989951238       -0.64222843857459       -0.21616239589379
C            4.39922809172550       -0.25054818578652       -1.68314178365030
C            5.51395829456283        0.74351102186631       -1.77591291611056
C            5.42309100363376        2.08362543459068       -1.96802977022961
C            6.74838266337883        2.59779188248872       -2.19266484982864
C            7.38025841923798        3.69290809083083       -2.82790677310580
C            8.76099807009975        3.75163979872716       -2.78846213160555
C            9.54533652301463        2.67112731021047       -2.40820335691968
C            8.94626336552600        1.47097426153258       -2.07245006035216
C            7.56790138053506        1.46411608935757       -1.93081387888675
O            6.81830257540739        0.34751176014108       -1.72312636381113
H            1.22485791708774        2.64476527265527        1.52019472701557
H            3.09970760574122        3.92931933157887        2.40164123478806
H            5.41406069760456        3.14035050042630        2.07998550264042
H            5.80428029125024        1.00148704256119        0.91237768813648
H            3.32002163945357       -1.38977715259514       -0.15954932731367
H            5.03468931577962       -1.06734810413901        0.19975440588104
H            4.63801537291630       -1.14607642217090       -2.26255201230060
H            3.49145577880961        0.19522067795929       -2.10077068909589
H            4.48227386506611        2.57910482721877       -1.93623952158539
H            7.02222649007488        4.42104507933590       -3.57262772390736
H            9.23426670400598        4.62155124250049       -3.21940764836437
H           10.61671490482826        2.72982518259518       -2.53477614129875
H            9.50384082182075        0.54771997767491       -2.02141933725536
245
 energy: -403.360650419184 gnorm: 0.037456108760 xtb: 6.7.1 (edcfbbe)
N            0.14580227606579       -1.76356687221031       -0.99833595951488
N           -0.04650884326440       -1.08428024912793        1.76293481488841
C           -0.48379648181063       -1.00125887780787       -3.27651645442668
C           -0.03019272623683       -1.96030299367932       -2.34390345043604
C            0.37720151766737       -3.30687458793406       -2.69967761595791
H            0.33092124846007       -3.72286491450214       -3.70714958891871
C            0.82536945805890       -3.89885078292923       -1.55267380707099
H            1.22337246278368       -4.90585012831702       -1.42081663113766
C            0.64534174058086       -2.93624160543555       -0.48281549443945
C            0.85617920777626       -3.22347906664802        0.88016739906360
C            0.46294189182389       -2.34929375252191        1.91338230881845
C            0.41764560699711       -2.72523799648279        3.31387779059270
H            0.76302143620487       -3.68222120453582        3.70786706782719
C           -0.16755802216069       -1.69044486931257        3.98587612464546
H           -0.39506566625752       -1.60913012131296        5.04959190203016
C           -0.44165670180707       -0.65701123881721        3.00489778780449
C            1.41301419776146       -4.57045151729419        1.25892077179594
C            2.76274872029172       -4.71264738876191        1.65971848347082
C            3.29144257224419       -5.96575226062734        2.01900274118896
C            2.46615951841497       -7.09305577266097        1.96975277436651
H            2.87752738298111       -8.07483318196397        2.23889318972009
C            1.12794071651228       -6.99256243771427        1.58058032426724
C            0.60360846450673       -5.73191014267260        1.23730287421139
N           -0.82250036253960        1.58968563312552        1.04258156760290
N           -0.58122658078746        0.91979364299402       -1.70146256113333
C           -1.00162013290714        0.59927188329432        3.31715615322408
C           -1.11350400467347        1.65168663156414        2.38203481444865
C           -1.48764430874866        3.00657359811730        2.73495305984229
H           -1.78743435070152        3.32443709107151        3.73435772283385
C           -1.37061833782870        3.75950374478274        1.59929835557337
H           -1.56215303495504        4.82510181691911        1.47023235016498
C           -0.99013240706814        2.85648406613871        0.53296988456559
C           -0.89732062664799        3.22184149778277       -0.82317109290906
C           -0.78797850786679        2.26851961630774       -1.85382067106376
C           -1.02058140922148        2.57107477552818       -3.25206193472506
H           -1.20983612521172        3.57033075788940       -3.64584070839050
C           -1.00559767821643        1.38182387157350       -3.92364094403575
H           -1.17641145710177        1.19704498778264       -4.98505078722977
C           -0.69772715363906        0.35361805399104       -2.94756351271028
C           -0.98767784558052        4.67250839805436       -1.21159643684598
C            0.18647075626654        5.37025358623027       -1.58747774204864
C            0.13375370235159        6.71135301565564       -2.00930311189865
C           -1.09881757848462        7.37111190845742       -2.02852860645119
H           -1.14380823225095        8.42046824742487       -2.34848430975029
C           -2.27585170826935        6.71782253578174       -1.65099869820931
C           -2.21926831118790        5.36684005714294       -1.25976884987820
Fe          -0.22335772801158       -0.05319303530889        0.02943432545240
Cl          -2.45336341819828       -0.69542966244145        0.04640547849169
C           -1.56070504845301        0.81143517930050        4.70281417264395
C           -0.77711110242951        1.35919136570583        5.75342332121951
C           -2.91293757623210        0.44812148678224        4.95676944858673
C           -1.33313815691471        1.54617713371141        7.03494195640088
N            0.56389907450287        1.71737815797280        5.45826578802830
C           -3.46516600748596        0.65998347872099        6.23840208585005
N           -3.65632862832236       -0.14735933377752        3.91004006289442
H           -0.70856079002643        1.95562751456244        7.83349768148660
C           -2.67001313501289        1.19959241071276        7.25292833808925
C            1.55416837721080        2.13558700213912        6.31852367109978
H            0.81784442327173        1.61610134345128        4.47394231767739
H           -4.51171050639215        0.39598820842380        6.41036111391030
C           -4.98412723357812       -0.52737595573696        3.91564964405906
H           -3.14177959675809       -0.32111820062032        3.04143669867435
H           -3.10559107473797        1.35347135632680        8.24863417285748
O            1.43135211743890        2.24588169716824        7.53353037121613
C            2.86635803286951        2.46371936914748        5.63730514534975
O           -5.76756686364449       -0.29458679093778        4.83110298413612
C           -5.41605114041425       -1.28459616637437        2.68271376264912
C            4.13973701967402        2.08643529557482        6.35064893150354
H            2.90012562428570        2.46267233081586        4.54234020268976
C            3.71381840832274        3.53463930660974        6.33458497537420
C           -6.78164302871382       -0.99320808181918        2.11190590901557
H           -4.64484972641680       -1.59484946466087        1.96828824246869
C           -6.58051133026406       -2.25720045051615        2.91359948166538
H            4.04083194701518        1.56576648986173        7.30625466519076
H            4.99248700623842        1.80978079256950        5.72743974211568
H            3.29469552642243        3.93501454615716        7.26104452170087
C            4.47114221175141        4.50230155861613        5.48198236838121
H           -7.36671371767819       -0.20976125940977        2.60184932443712
H           -6.88826478621893       -1.08420463032214        1.02743445638146
H           -6.98169575712429       -2.26180130083457        3.93185584905487
C           -6.56559225750613       -3.57885454078110        2.22167918934200
O            4.57157086234336        5.69956380508762        6.08436715796606
O            4.95112300604160        4.24252243713195        4.39544592333290
O           -7.15784643005139       -4.52490789527923        2.98348797319675
O           -6.10015621710598       -3.79486631521182        1.12080425413930
C            5.29640171039458        6.76733509551870        5.40466618428015
C           -7.25098690962754       -5.87585797412886        2.45053490331985
C            4.29686139579231        7.63914232114254        4.63193387295562
C            6.07222641565413        7.52971627150873        6.47763174138880
H            5.98605263376545        6.28172688598275        4.69130349409459
C           -7.21980310568162       -6.82362313446262        3.65064024269146
C           -8.52144909034636       -5.99911104297366        1.60173883588492
H           -6.36422172975752       -6.03242598420635        1.80728659679583
H            3.77380057336026        7.03994653911156        3.86865577154716
H            3.55474496228659        8.07042610298526        5.31685510260316
H            4.82646837398151        8.46067815759890        4.13014210520845
H            6.76067718338413        6.86109123276432        7.01021229083947
H            6.66372129920760        8.33644920241993        6.02439073284502
H            5.39119328390066        7.97362218493735        7.21498364460296
H           -6.29605724796953       -6.68350856504062        4.22686429454781
H           -8.07856514689647       -6.64172490397908        4.31426559741267
H           -7.26903111055163       -7.86808822596953        3.31340183747131
H           -8.48517216362168       -5.29706963594006        0.75763485502328
H           -8.61727629188563       -7.01881042053950        1.20347700665254
H           -9.41579228010438       -5.78566536847000        2.20681547645542
C           -0.74379317458749       -1.47274357918939       -4.68554819592209
C            0.19841568759310       -1.26117584741930       -5.72838049454865
C           -1.94784787446601       -2.17467778265216       -4.96804351650500
C           -0.02672661228319       -1.79835797876267       -7.01140513337863
N            1.34212020777186       -0.47827682185665       -5.42816586725643
C           -2.16137159669043       -2.71614056811134       -6.25349210615252
N           -2.91692428718952       -2.26144308116062       -3.94129405625215
H            0.71515575791734       -1.62945262739851       -7.79715302266441
C           -1.19712448954501       -2.52734911382686       -7.24809351918158
C            2.26858384392039        0.06661275043950       -6.29048797271820
H            1.37345296360829       -0.14767665182806       -4.46227157655478
H           -3.08184836314255       -3.27439893322426       -6.44426920578943
C           -4.14364081817706       -2.89410135821481       -3.96651777899017
H           -2.69224941093073       -1.74688386376833       -3.08546996275927
H           -1.36827485042715       -2.95261457410538       -8.24557512983049
O            2.35734973093039       -0.19199363361972       -7.48489198516319
C            3.17511342827706        1.08680267065032       -5.63540980914459
O           -4.53400404684753       -3.61610504733554       -4.87846559995265
C           -5.00316216562139       -2.60461245318861       -2.75995244251789
C            3.47238615436683        2.33624388067028       -6.42771134721308
H            3.13101845240974        1.19730348858591       -4.54609894942186
C            4.55234645622910        1.29242792299539       -6.26476217102842
C           -5.89019073218564       -3.70189052236235       -2.23042610971425
H           -4.63488477334703       -1.87984843193044       -2.02437747866003
C           -6.51402075393073       -2.59006464940090       -3.03868438497840
H            3.02019144531324        2.41139023973522       -7.42022138443169
H            3.58509827571459        3.26821916800870       -5.86867718811203
H            4.78532848204494        0.67251429654390       -7.13347915434219
C            5.68999168001035        1.60711167988623       -5.34924053208932
H           -5.82786544895650       -4.67102992718258       -2.73234374435519
H           -6.05473602718499       -3.71223829693508       -1.14968991384277
H           -6.79708586475384       -2.82759927414592       -4.06876426885520
C           -7.35159718478180       -1.55420590893842       -2.36484021969895
O            6.85369755825413        1.15351321031562       -5.84395126711827
O            5.57745737768452        2.21783436832781       -4.30583907131925
O           -8.36239037867708       -1.15646669408934       -3.16718293265359
O           -7.17181107827592       -1.12239719079911       -1.24388696854200
C            8.07719780433637        1.39833344152040       -5.09040643537544
C           -9.28418474196134       -0.15026399127210       -2.66000344971186
C            8.98956319680306        0.19378288502599       -5.32690375562144
C            8.68401985126532        2.72930492767609       -5.54091587260811
H            7.79129571354422        1.46391035911220       -4.02535516939801
C           -8.72846499841023        1.24879974483453       -2.95541606675659
C          -10.63693064682040       -0.42546663262817       -3.31572312453945
H           -9.34397146418207       -0.29165398967236       -1.56553066986235
H            8.49247755316105       -0.73049935767226       -5.00415031670758
H            9.24570518587041        0.10275592261547       -6.39300383768174
H            9.92555422549688        0.30950474051397       -4.76318010877188
H            7.98762760559293        3.55326343712827       -5.34376473874895
H            9.61552374298060        2.92913596033216       -4.99387166787527
H            8.91956109117401        2.70748015872977       -6.61450920364832
H           -7.75853876167334        1.38960098156637       -2.45139414553109
H           -8.59374615525923        1.38927439582872       -4.03681500903702
H           -9.42496521019215        2.01676482403901       -2.59132396664121
H          -10.98174948924783       -1.44337158343063       -3.08536321635359
H          -11.39238103061911        0.28326982614154       -2.95074789987186
H          -10.57181694741069       -0.32399437250515       -4.40701562982973
H            4.33943036276061       -6.05216254816947        2.32905365242475
H            0.48924402101744       -7.88239989682684        1.53834813899990
H            1.04825340682083        7.22570299518260       -2.32649443726961
H           -3.23691469701990        7.24542735977222       -1.66231414541541
O            3.50582675115333       -3.55316545265877        1.67756139574344
O           -0.69290047603562       -5.54590731723308        0.81845924955644
O            1.34035367928141        4.61995544895745       -1.58161006857354
O           -3.32301856472495        4.65510740031520       -0.85014934886723
C            4.84827626986887       -3.58820886653841        2.05485249258302
C            5.83749589433298       -3.86405607998052        1.10064909923161
C            5.19603390325742       -3.26768055449371        3.37380498352103
C            7.18609131798628       -3.82539506838097        1.47808331008841
H            5.54092734700137       -4.10104649644823        0.07377494562277
C            6.54823119999218       -3.23059506206292        3.73923426412039
H            4.40044543741239       -3.04652956811358        4.09266768766640
C            7.54491724238830       -3.51087540562744        2.79533778181633
H            7.96308595808078       -4.03978946298397        0.73558903934451
H            6.82594580810617       -2.98006108353697        4.76920758800114
H            8.60357559002876       -3.48223712896723        3.08592487872684
C           -1.65993988778926       -6.52952561626039        0.99940147963789
C           -2.01834723207337       -6.97766228378189        2.27897565562021
C           -2.32987065398696       -7.00507909698862       -0.13627950075393
C           -3.04058665321475       -7.92507126963377        2.41346853379679
H           -1.49774386378760       -6.57829306485497        3.15591819057591
C           -3.35637148835164       -7.94596276343291        0.01280248389260
H           -2.03896975651129       -6.62121864576245       -1.11941234319080
C           -3.71043970363863       -8.41395556998526        1.28450748422825
H           -3.32074043196269       -8.28067051842171        3.41119822397881
H           -3.88222553473760       -8.31785525325287       -0.87324064878787
H           -4.51023614013104       -9.15780213600654        1.39695068145709
C            2.61128253202662        5.17012128650212       -1.49368249232622
C            2.93381636784987        6.22946708169156       -0.63056238155900
C            3.61324137888325        4.54664987683626       -2.24918809369043
C            4.26064040338668        6.67057927109354       -0.54701646570182
H            2.15029222827876        6.70070961891854       -0.02730093519324
C            4.93448506532498        4.99059721367479       -2.14975973307101
H            3.35067627233501        3.70708404407672       -2.90361977157899
C            5.26610627714402        6.05580899707513       -1.30369881976534
H            4.51075643242904        7.50178085306051        0.12379337501822
H            5.70523095973519        4.47323498810162       -2.72353604004377
H            6.30434303259321        6.40742137831722       -1.22970583259092
C           -4.61321073703968        5.05142394909273       -1.18270572615707
C           -5.00292039941599        5.26359299751188       -2.51313092941673
C           -5.54953177341061        5.14729017883563       -0.14312402556548
C           -6.33452374480562        5.59261510289648       -2.79484464688554
H           -4.26483857027918        5.16318447222502       -3.31587975832293
C           -6.87958856012528        5.46953359591798       -0.43969773181737
H           -5.21853533845951        4.95838673880027        0.88298874976199
C           -7.27586358032660        5.69939084671601       -1.76313903944128
H           -6.64191433658723        5.75878348584187       -3.83311158868672
H           -7.61248894847988        5.54321893291356        0.37097409203074
H           -8.31869821025037        5.95627793391732       -1.99166463316473
N            1.34497198408634        0.45975211546440        0.17918458768317
C            2.39523190265915        1.06153629013776        0.67474669017717
C            2.21653717068349        2.29113723728650        1.38028787388831
C            3.27573261966704        3.01253583879959        1.86518264511687
C            4.57857683321720        2.55937553315556        1.70147925332447
C            4.78186299311005        1.34998187368661        1.06112491470746
C            3.74094661535106        0.59031173460342        0.55507530008111
C            4.09979151291290       -0.64582166464958       -0.20657097039672
C            4.43825822312523       -0.23608929904058       -1.65634202948386
C            5.55525307806898        0.75327845961986       -1.72581604906256
C            5.47997295904623        2.08846707148455       -1.95517417999001
C            6.81285639861132        2.57725650507651       -2.18219282301466
C            7.46108334561842        3.68136155008273       -2.78719378467635
C            8.84301174906966        3.71077030518389       -2.74395558126408
C            9.61172103050707        2.63054941259650       -2.33629115101248
C            8.99869528642811        1.43781738467110       -2.00436445938637
C            7.61934695283466        1.44432168292854       -1.89232336828310
O            6.85273724863205        0.34135713030687       -1.65580507098847
H            1.21639262116319        2.66048854110186        1.50834279768592
H            3.09559626416513        3.94010521531537        2.38767830488504
H            5.40633742329998        3.13316864192259        2.08376726029615
H            5.78934769087011        0.97718774459475        0.94433919186396
H            3.28570890936369       -1.37499727059599       -0.19334687972919
H            4.99094308357335       -1.10050835966941        0.23730923631238
H            4.69902995964610       -1.12462969872489       -2.23564598574413
H            3.54813035481728        0.21809078083719       -2.09910927220741
H            4.55184207133630        2.60890112065735       -1.93614184224120
H            7.10920517906256        4.38492007126291       -3.54244435707942
H            9.33527462843591        4.57619667789455       -3.16859972355885
H           10.68539291269192        2.68807237795193       -2.42668854446040
H            9.55793562981465        0.51836424050306       -1.88623514593487
245
 energy: -403.371037251769 gnorm: 0.034232003104 xtb: 6.7.1 (edcfbbe)
N            0.14151252929685       -1.76156180116408       -1.00311268770644
N           -0.04798143623441       -1.08266896717416        1.75843814136290
C           -0.49117260726248       -0.99940616254748       -3.28048219825332
C           -0.03594982792304       -1.95824822317738       -2.34849891560001
C            0.37188932936984       -3.30456781576543       -2.70490040106413
H            0.32464760659227       -3.72045644089759       -3.71236456611654
C            0.82171559490820       -3.89639065221772       -1.55852120139902
H            1.22044303259244       -4.90316704475866       -1.42720063663617
C            0.64233839825948       -2.93399714277771       -0.48829411657591
C            0.85493227537537       -3.22127119383974        0.87438925817678
C            0.46237133140096       -2.34739484027918        1.90817655833990
C            0.41892597532034       -2.72353644065507        3.30868834783025
H            0.76532904382592       -3.68035704614011        3.70216698133927
C           -0.16609323100498       -1.68915956771520        3.98147557052052
H           -0.39241346016506       -1.60809545114518        5.04546118475591
C           -0.44195478233820       -0.65577923809137        3.00091913641475
C            1.41299407174684       -4.56794333664350        1.25236301076560
C            2.76329549944949       -4.70936799049211        1.65157722759046
C            3.29311926291936       -5.96223250200722        2.01011216313195
C            2.46845808828526       -7.09001292267548        1.96168722468968
H            2.88071786740111       -8.07158042567339        2.23023794753849
C            1.12973041618195       -6.99026414886213        1.57408524591067
C            0.60425718686922       -5.72987765992416        1.23155653015112
N           -0.82635212749467        1.59090665635428        1.03931416025120
N           -0.58800874102349        0.92145645513140       -1.70514705409294
C           -1.00229086847057        0.60014530567918        3.31396318619473
C           -1.11585089294694        1.65258010129541        2.37903981354575
C           -1.49041412207335        3.00723687004987        2.73258214572840
H           -1.78922735810649        3.32480160358222        3.73236615331585
C           -1.37517312817636        3.76035330615698        1.59689855498057
H           -1.56746543201861        4.82583981110082        1.46813827281630
C           -0.99537607071991        2.85761531764700        0.53000269354085
C           -0.90435549995711        3.22320840020351       -0.82620848319811
C           -0.79564010079572        2.27004431239266       -1.85709501370552
C           -1.03004279752774        2.57261682426565       -3.25505007651376
H           -1.22034256285186        3.57180070816670       -3.64848976982227
C           -1.01512940525542        1.38345874557573       -3.92676493901151
H           -1.18706011950228        1.19867731846769       -4.98798422775125
C           -0.70554031342447        0.35534185482532       -2.95110038719362
C           -0.99600503310339        4.67385409402901       -1.21437348091037
C            0.17732638221706        5.37232753116806       -1.59153575756613
C            0.12327513797087        6.71344104523555       -2.01315959651012
C           -1.10970705975257        7.37247668172340       -2.03089950030102
H           -1.15569148352274        8.42183827839915       -2.35068797533933
C           -2.28590308987990        6.71845567390170       -1.65207223880148
C           -2.22806429898962        5.36745768785738       -1.26105057238065
Fe          -0.22834992224651       -0.05149806494657        0.02517352202810
Cl          -2.45707503055783       -0.69507018186819        0.04476112974562
C           -1.55988792372192        0.81182404425834        4.70028176164554
C           -0.77542343584456        1.35993166342597        5.75006003590489
C           -2.91157969167727        0.44769538715300        4.95580424870213
C           -1.33003075129804        1.54645724565193        7.03223375314402
N            0.56510768007997        1.71894349760666        5.45337116461974
C           -3.46246250443644        0.65907691973421        6.23808509745567
N           -3.65590584380133       -0.14813651822534        3.90982376776860
H           -0.70478195619932        1.95618730385093        7.83011239227862
C           -2.66645234377136        1.19905031344422        7.25174209490129
C            1.55601545184341        2.13764079486909        6.31253684477068
H            0.81789743893284        1.61792894344574        4.46874255965504
H           -4.50864105345621        0.39444625026799        6.41123860430770
C           -4.98337638841853       -0.52890513240023        3.91701015094325
H           -3.14220978592218       -0.32148219841337        3.04064364249422
H           -3.10095338616332        1.35256411587634        8.24797525484038
O            1.43462187299874        2.24774554577505        7.52769411364614
C            2.86729792833126        2.46664551158370        5.62981688641797
O           -5.76594486504960       -0.29670950091941        4.83336345057297
C           -5.41635337158740       -1.28629139081092        2.68443698972879
C            4.14169228983449        2.09003915067900        6.34165080969943
H            2.89974587463965        2.46573867526015        4.53482333283293
C            3.71489880002685        3.53795605102473        6.32623665320693
C           -6.78275385324603       -0.99563499241761        2.11527617101029
H           -4.64578114220911       -1.59598946581423        1.96910372286026
C           -6.57993972687138       -2.25957396126728        2.91659740517127
H            4.04422810909883        1.56919322041293        7.29730900015347
H            4.99387967536904        1.81393971549871        5.71744031574055
H            3.29663668875086        3.93801300656401        7.25321610362666
C            4.47063148583853        4.50625931229097        5.47288054907730
H           -7.36772247895501       -0.21258505434939        2.60597638213970
H           -6.89059019388003       -1.08657123760906        1.03091871206682
H           -6.97994363197478       -2.26454588145326        3.93531663883586
C           -6.56505744150093       -3.58118370677712        2.22453301628442
O            4.57112188458709        5.70341835285210        6.07522296928039
O            4.94951978137605        4.24682167427215        4.38575095220781
O           -7.15586301911739       -4.52764487032364        2.98688834926775
O           -6.10076874312748       -3.79677254120598        1.12307481542079
C            5.29449132926870        6.77169671717144        5.39484602685197
C           -7.24882228921765       -5.87858736215572        2.45393638902610
C            4.29351415266094        7.64303764005693        4.62331839434021
C            6.07110547830790        7.53445420366709        6.46695141175322
H            5.98358900984985        6.28661231122605        4.68060186091376
C           -7.21568010193438       -6.82646410801292        3.65389233047395
C           -8.52019363181277       -6.00250764000087        1.60659601183079
H           -6.36271539396855       -6.03456796477820        1.80962429014134
H            3.76993983603203        7.04358598027150        3.86060830103031
H            3.55197056802731        8.07378805800356        5.30915533501212
H            4.82206843749743        8.46492010155481        4.12102839364105
H            6.76056953246309        6.86619273712518        6.99866919422093
H            6.66160109604559        8.34157901065690        6.01312702278747
H            5.39068948429644        7.97786842366504        7.20514649136182
H           -6.29134855593780       -6.68587276283408        4.22904841679782
H           -8.07376776663505       -6.64516005513663        4.31853915950170
H           -7.26468717788364       -7.87092189824975        3.31661042745307
H           -8.48531470903219       -5.30035257826471        0.76253617899917
H           -8.61588850900998       -7.02221507372367        1.20835177404384
H           -9.41395449164451       -5.78966554761851        2.21273809603438
C           -0.75252674444611       -1.47086909579246       -4.68925712247100
C            0.18834504749215       -1.25863946209831       -5.73317394168733
C           -1.95645739975710       -2.17348130948048       -4.97046030134246
C           -0.03795848577193       -1.79580078325406       -7.01598512255763
N            1.33193752009893       -0.47505074215658       -5.43421157852610
C           -2.17118968276072       -2.71492555403760       -6.25569385178119
N           -2.92438209892299       -2.26093654036572       -3.94254395255332
H            0.70291166583268       -1.62637731887735       -7.80257049066450
C           -1.20819971611976       -2.52545761337161       -7.25139247118612
C            2.25708093503501        0.07037874722112       -6.29751497285252
H            1.36418757096104       -0.14460506878672       -4.46830549941036
H           -3.09154812931939       -3.27370453129899       -6.44546678984251
C           -4.15063286012555       -2.89430799889762       -3.96647977717938
H           -2.69894858935352       -1.74633283119454       -3.08696640302602
H           -1.38025798286435       -2.95070988776800       -8.24872147531522
O            2.34465041049251       -0.18798852256843       -7.49206097885949
C            3.16386551153744        1.09101184597662       -5.64336061931697
O           -4.54171133660230       -3.61644774442686       -4.87800913167137
C           -5.00902245382577       -2.60545767476208       -2.75882189318630
C            3.45945555243413        2.34070981542686       -6.43588478068525
H            3.12083028673590        1.20141605875834       -4.55404128349329
C            4.54024329921747        1.29775430335798       -6.27410719877711
C           -5.89475078905234       -3.70331492909886       -2.22840500620289
H           -4.64028085252767       -1.88056380094309       -2.02362504353436
C           -6.52015699687644       -2.59178918665580       -3.03581505400257
H            3.00603765341630        2.41569299395389       -7.42787684919224
H            3.57217217602595        3.27272351683284       -5.87694869036339
H            4.77264581223951        0.67797841494305       -7.14320874849155
C            5.67945064487232        1.61308836921725       -5.35874721875229
H           -5.83244493428541       -4.67236667443703       -2.73048985382199
H           -6.05803634905461       -3.71388739070797       -1.14748128759147
H           -6.80430546876345       -2.82936332513897       -4.06558301244270
C           -7.35760306415841       -1.55646819880113       -2.36090046751492
O            6.84215440470823        1.16040751775077       -5.85581173615134
O            5.56783829620239        2.22328779230166       -4.31427856761735
O           -8.36955051371735       -1.15925861284790       -3.16196502331782
O           -7.17674198027648       -1.12470146912544       -1.24008913494252
C            8.06671517820581        1.40541208397246       -5.10311445215398
C           -9.29133563412707       -0.15368373868684       -2.65364495294211
C            8.97914271894490        0.20138512361328       -5.34166791277125
C            8.67195889497158        2.73692974423861       -5.55456973907462
H            7.78202506102409        1.47078807573679       -4.03698007758058
C           -8.73678999247968        1.24576979103599       -2.94954562977185
C          -10.64468606587250       -0.42958762547394       -3.30779389870290
H           -9.34977214673459       -0.29519597776318       -1.55910497863689
H            8.48287748140702       -0.72316747837294       -5.01863590366261
H            9.23399671325509        0.11077469206702       -6.40818231221523
H            9.91571551331174        0.31749454944638       -4.77898518075548
H            7.97513428276044        3.56054544620004       -5.35687453425265
H            9.60399199136137        2.93732632015359       -5.00869367359006
H            8.90619701630122        2.71538055000307       -6.62868487201836
H           -7.76636170499883        1.38707889154698       -2.44664519591959
H           -8.60341805580539        1.38643346869846       -4.03107772680435
H           -9.43332485806749        2.01326880130645       -2.58456440054215
H          -10.98864144706628       -1.44771434550125       -3.07714425267365
H          -11.40013450014024        0.27865269448142       -2.94186689308867
H          -10.58091221657095       -0.32796089003207       -4.39914334428991
H            4.34152118981307       -6.04806496245655        2.31893123658483
H            0.49151721484150       -7.88047208749461        1.53249826258515
H            1.03708113678068        7.22837601348462       -2.33137655770398
H           -3.24728312210198        7.24549056197949       -1.66221754805938
O            3.50567029015085       -3.54950849712593        1.66872839016956
O           -0.69284156435366       -5.54460003611346        0.81423224191803
O            1.33175495743636        4.62272094620127       -1.58715844936635
O           -3.33090798998711        4.65504907858868       -0.85021956522065
C            4.84856866853787       -3.58380504481756        2.04445029666981
C            5.83687613382126       -3.85894487844197        1.08906114928584
C            5.19769475724348       -3.26318641959053        3.36301893787127
C            7.18588797457318       -3.81956740944945        1.46494965346490
H            5.53925021398574       -4.09601300386111        0.06253090668071
C            6.55029922679809       -3.22533458592993        3.72688361763487
H            4.40281764721958       -3.04256653248533        4.08281468226952
C            7.54604975370140       -3.50494078698788        2.78180787258676
H            7.96213535275349       -4.03339379241232        0.72151919602294
H            6.82906649697160       -2.97474951437775        4.75654938418950
H            8.60502794587732       -3.47571897083455        3.07115909457410
C           -1.65909250060176       -6.52880387786016        0.99621010079079
C           -2.01573815761230       -6.97729344905104        2.27612679691993
C           -2.33006704285148       -7.00463116848690       -0.13875753013198
C           -3.03726865364546       -7.92532718283635        2.41170724312597
H           -1.49435771653726       -6.57771871084765        3.15250915023485
C           -3.35582354372360       -7.94613496966536        0.01141491724841
H           -2.04053179441932       -6.62049015731681       -1.12217771571398
C           -3.70813767846447       -8.41447872581281        1.28349472802220
H           -3.31604045761299       -8.28120529396688        3.40971820300225
H           -3.88249318030090       -8.31824528061399       -0.87403867400895
H           -4.50735848966171       -9.15881294260577        1.39677558764125
C            2.60247342849853        5.17341285234612       -1.50060720250041
C            2.92524173845706        6.23305707236074       -0.63778245265183
C            3.60434442715876        4.55017015531533       -2.25701787664818
C            4.25194779762239        6.67483453083730       -0.55575361257081
H            2.14214702221308        6.70378647418804       -0.03358919185049
C            4.92583651814986        4.99478326741288       -2.15899788163752
H            3.34138700254127        3.71053059541021       -2.91116649132277
C            5.25709119857751        6.06074823821918       -1.31365226263942
H            4.50234168886921        7.50618959462671        0.11482392996284
H            5.69353287040717        4.48127029103240       -2.73883605282703
H            6.29494325390213        6.41314156647319       -1.24076307381126
C           -4.62172339853100        5.05062733683591       -1.18124320126286
C           -5.01310612367312        5.26270800594685       -2.51116150215452
C           -5.55690126056298        5.14583185690412       -0.14054676037419
C           -6.34524265072503        5.59097400852498       -2.79128908373919
H           -4.27590917984968        5.16281776408582       -3.31478490852805
C           -6.88748051235912        5.46732275320463       -0.43552710873639
H           -5.22459628876065        4.95701691125159        0.88515055874550
C           -7.28543464073759        5.69708444974662       -1.75849526015509
H           -6.65393657770098        5.75707345057511       -3.82917105268466
H           -7.61948646860069        5.54049234436321        0.37598673868923
H           -8.32868722236364        5.95338451495543       -1.98575554047181
N            1.34190174366041        0.46348736331747        0.17032555857827
C            2.38450278743719        1.06527949068732        0.67530680081198
C            2.20806259704136        2.30045019133436        1.37476061486394
C            3.26866980882869        3.01804552552013        1.86042692751280
C            4.56995447852470        2.55364474801485        1.71258934689171
C            4.77071336883467        1.33781876944771        1.08327727772479
C            3.73040849829554        0.58696574861627        0.56675347912248
C            4.08424166480692       -0.64709643373501       -0.19952822844997
C            4.47407531637873       -0.22656374578844       -1.63234985659120
C            5.59602960768368        0.75710390565356       -1.68365580012946
C            5.53969411026677        2.08626727614703       -1.94322085820565
C            6.88199288206406        2.54793800895506       -2.16981711217671
C            7.54856320385410        3.66141009873949       -2.74272712752966
C            8.92904211899985        3.66815933832203       -2.70045919416452
C            9.68191405174737        2.58493779464457       -2.26689587830849
C            9.05401038406756        1.40061804953278       -1.93719099763083
C            7.67265995983832        1.41619113302406       -1.85570909720985
O            6.88872545007149        0.32726516103932       -1.59827570975871
H            1.20900865179395        2.67651085817525        1.49206340834291
H            3.09178025534941        3.95207606550454        2.37254761232572
H            5.39830605850439        3.12544521363319        2.09569355607690
H            5.77572067293411        0.95432388377788        0.98143763789947
H            3.25188401988876       -1.35352047906416       -0.22664904413543
H            4.94618499890381       -1.13195165796650        0.26779302821435
H            4.75250945002678       -1.11144382663001       -2.20739673902246
H            3.60135285759340        0.23508727758195       -2.09968713105414
H            4.62565045334241        2.63260441157029       -1.95190795441449
H            7.19054817983349        4.35229345742768       -3.49300929755099
H            9.43383617834782        4.53287980430657       -3.10656595978059
H           10.75658691630199        2.63981521320151       -2.32427720834508
H            9.60962904170404        0.48903295786033       -1.76579969536444
245
 energy: -403.380025263600 gnorm: 0.032885028529 xtb: 6.7.1 (edcfbbe)
N            0.13737841788623       -1.75906076406915       -1.00769772278122
N           -0.04943046360269       -1.08065393895174        1.75409714803391
C           -0.49838569134388       -0.99706158340458       -3.28427853220884
C           -0.04149346864537       -1.95572022464412       -2.35293792670578
C            0.36686770182917       -3.30170837807290       -2.70997591518468
H            0.31875468978242       -3.71749190481151       -3.71744220185813
C            0.81837082738531       -3.89338686312731       -1.56419117274456
H            1.21790486604051       -4.89991728142091       -1.43345070805526
C            0.63956031226113       -2.93127842050422       -0.49362246924293
C            0.85387899688055       -3.21858327036185        0.86878237550262
C            0.46189673215549       -2.34507924229131        1.90314035027650
C            0.42027585307213       -2.72145066446309        3.30364406578094
H            0.76776157351878       -3.67809346335246        3.69660551216030
C           -0.16466404350627       -1.68754659907761        3.97722770306216
H           -0.38983797714187       -1.60678091135860        5.04148390908048
C           -0.44232415426702       -0.65421190533820        2.99713035064424
C            1.41324685126814       -4.56491084114395        1.24594575515509
C            2.76409963186538       -4.70550138186869        1.64361692116513
C            3.29515123083735       -5.95806982179495        2.00139226796729
C            2.47118713113557       -7.08639230134833        1.95373583308497
H            2.88440291550956       -8.06772555056284        2.22168893577106
C            1.13195976334546       -6.98747904722776        1.56766267661236
C            0.60526591450963       -5.72739037758993        1.22589527282886
N           -0.83039625703714        1.59243611228583        1.03626849911859
N           -0.59478748903909        0.92353976317623       -1.70857239056809
C           -1.00313832989497        0.60128448359604        3.31097866803132
C           -1.11842565763453        1.65378299033083        2.37628561092419
C           -1.49350876057747        3.00813124944799        2.73046151088475
H           -1.79141091256777        3.32537114969427        3.73062037227554
C           -1.38007040236562        3.76148647060082        1.59475320361705
H           -1.57320421568214        4.82685985395281        1.46634412588461
C           -1.00088115232074        2.85912423822303        0.52730864161342
C           -0.91162134053725        3.22497091236734       -0.82897463752910
C           -0.80342988721974        2.27200522219598       -1.86011418317669
C           -1.03960183703424        2.57460617428753       -3.25776136203117
H           -1.23101076747062        3.57371522146708       -3.65085588443930
C           -1.02464903133727        1.38554884683540       -3.92965190196118
H           -1.19764997937002        1.20078926365792       -4.99069887692850
C           -0.71329299719749        0.35752621273284       -2.95444640097653
C           -1.00465146141996        4.67558427289848       -1.21682942325667
C            0.16777865425476        5.37491307138643       -1.59520833484741
C            0.11235206478259        6.71603108759364       -2.01660079127148
C           -1.12109739665997        7.37425365116570       -2.03287802481233
H           -1.16813992515926        8.42362772964644       -2.35247002050088
C           -2.29641669585445        6.71940156649546       -1.65281278655274
C           -2.23724422861918        5.36838229392096       -1.26203028495435
Fe          -0.23288908675534       -0.04928996738334        0.02115056629200
Cl          -2.46075743652592       -0.69445829854354        0.04323015591733
C           -1.55930071886786        0.81241041572586        4.69792455788910
C           -0.77402640263355        1.36090437371529        5.74691377260292
C           -2.91046730070720        0.44734984263404        4.95493949917865
C           -1.32730508662212        1.54689228337024        7.02973425688784
N            0.56593656335734        1.72083857132647        5.44875971823028
C           -3.46003915344522        0.65819454076059        6.23787949615843
N           -3.65557622231997       -0.14882787761756        3.90972617067334
H           -0.70143324262876        1.95692781809870        7.82696358676113
C           -2.66324743216339        1.19856145273561        7.25070065541837
C            1.55752037504269        2.14008626985377        6.30685674054550
H            0.81767231025184        1.62013619770078        4.46382693798284
H           -4.50584315293261        0.39284502717983        6.41217452245221
C           -4.98277416883582       -0.53049020974475        3.91835518054341
H           -3.14274587577753       -0.32172296722482        3.03993620315040
H           -3.09672292337471        1.35165430138530        8.24745167704085
O            1.43743522291158        2.24994886516837        7.52217777247387
C            2.86782217288004        2.47004950273004        5.62271387054174
O           -5.76447335261028       -0.29893415642517        4.83562931333463
C           -5.41665130807794       -1.28799368263685        2.68617088267713
C            4.14325492293040        2.09420929690642        6.33305664133730
H            2.89901675757052        2.46933297419216        4.52767717879961
C            3.71549863209782        3.54183781368627        6.31830816548333
C           -6.78387570282561       -0.99817477375345        2.11859587228179
H           -4.64667480705135       -1.59708611382347        1.96992420273587
C           -6.57932129310850       -2.26208880470821        2.91951186445796
H            4.04723484145140        1.57315760093392        7.28875291755816
H            4.99492503925650        1.81874960720922        5.70785985968102
H            3.29801464492959        3.94148687664009        7.24582332869789
C            4.46958021961367        4.51077080707783        5.46427661383550
H           -7.36881677260948       -0.21557646951236        2.61005615097443
H           -6.89288005215745       -1.08903332721371        1.03434361030021
H           -6.97817391164281       -2.26745784863163        3.93868558378407
C           -6.56434181186847       -3.58357113419112        2.22725509055046
O            4.56999502422983        5.70789013174425        6.06663445480907
O            4.94744094101703        4.25180371339868        4.37656698203443
O           -7.15366422789944       -4.53054389043656        2.99016398858632
O           -6.10115385366182       -3.79872380432610        1.12524681573062
C            5.29187128262936        6.77677264311194        5.38557278444210
C           -7.24632694501427       -5.88148501428398        2.45712568199776
C            4.28945858642791        7.64751924696471        4.61530496037735
C            6.06919518589567        7.53988603438733        6.45689795555175
H            5.98049176995663        6.29222404543551        4.67049530212505
C           -7.21120307386735       -6.82948142384443        3.65690597482461
C           -8.51855464760452       -6.00612745661440        1.61122213432990
H           -6.36084179363001       -6.03677729216149        1.81179572598310
H            3.76540743480270        7.04783011497611        3.85310252961706
H            3.54839416165350        8.07769925595839        5.30202648372719
H            4.81688296693018        8.46983888304802        4.11253515078708
H            6.75970191160849        6.87201821074663        6.98776046905559
H            6.65865110829213        8.34746043443522        6.00253007105020
H            5.38933081249447        7.98274194046304        7.19593365682389
H           -6.28630714102247       -6.68836224313212        4.23104931047602
H           -8.06865120778150       -6.64884945407241        4.32256065258246
H           -7.25989219369557       -7.87393411760490        3.31956258350996
H           -8.48510273509946       -5.30383749145666        0.76720092051995
H           -8.61403669161027       -7.02584383117427        1.21294294046901
H           -9.41178181567137       -5.79396541403396        2.21838726613869
C           -0.76100792696095       -1.46849091858432       -4.69279789778120
C            0.17855977288168       -1.25549473600104       -5.73776358026782
C           -1.96478710911807       -2.17186976043211       -4.97275372293167
C           -0.04884291805536       -1.79263757933221       -7.02038759552654
N            1.32192523650227       -0.47118787308278       -5.43999688925284
C           -2.18060781774593       -2.71327911657287       -6.25781894396526
N           -2.93150150356933       -2.26010134083148       -3.94376114119764
H            0.69103362816623       -1.62261896087849       -7.80777757670625
C           -1.21886135829168       -2.52303785910797       -7.25456696833773
C            2.24579816184086        0.07494342664082       -6.30422880419163
H            1.35507723580404       -0.14087313636334       -4.47406694392120
H           -3.10080620039882       -3.27264248214755       -6.44662528716678
C           -4.15734405225895       -2.89428250966252       -3.96639740550616
H           -2.70544108181758       -1.74546546567355       -3.08836609765190
H           -1.39176093752019       -2.94826947653264       -8.25176307052144
O            2.33218127073126       -0.18318928653210       -7.49892526568899
C            3.15267903679154        1.09602827569145       -5.65095315185032
O           -4.54898539936438       -3.61656296884481       -4.87758292813077
C           -5.01457949184568       -2.60617102664426       -2.75772951463689
C            3.44651985819790        2.34604089646725       -6.44366483332899
H            3.11069546212416        1.20631692327562       -4.56161115168271
C            4.52823720454754        1.30403308431197       -6.28306832537038
C           -5.89897326412653       -3.70467771352836       -2.22646397740926
H           -4.64548363356319       -1.88112816986987       -2.02285383106200
C           -6.52603201022393       -2.59346251220109       -3.03301140434860
H            2.99190995109418        2.42086497299570       -7.43514565130978
H            3.55915374812671        3.27809077880180       -5.88479353888376
H            4.76009653941645        0.68440597381707       -7.15256026418420
C            5.66863556164161        1.62006375975987       -5.36819369940345
H           -5.83659657389850       -4.67362589573022       -2.72874204345788
H           -6.06103457820995       -3.71551117637150       -1.14535543054210
H           -6.81118334740157       -2.83109067900799       -4.06249192239198
C           -7.36338936865555       -1.55880686363093       -2.35701409645549
O            6.83053855242904        1.16830216862255       -5.86745535425484
O            5.55812951402587        2.22966077944361       -4.32273659385003
O           -8.37652359685223       -1.16214874597227       -3.15688700090273
O           -7.18156494737407       -1.12705594779187       -1.23635177386729
C            8.05625850103086        1.41361306399550       -5.11557304829781
C           -9.29839687186522       -0.15724348379519       -2.64738893457629
C            8.96880287823660        0.21027086124316       -5.35594155766054
C            8.65985081744255        2.74577626813644       -5.56757710057758
H            7.77242136243477        1.47846236102377       -4.04879710954014
C           -8.74511860820642        1.24258520690747       -2.94371945032816
C          -10.65229725668833       -0.43396793254037       -3.30002779490106
H           -9.35550318248875       -0.29895470936863       -1.55279144541331
H            8.47348688539699       -0.71465427601593       -5.03255391428166
H            9.22247408239914        0.12005457010952       -6.42281496803735
H            9.90595590037118        0.32686381587267       -4.79430387083524
H            7.96258800606191        3.56910000950938       -5.36912863545821
H            9.59239841333761        2.94680802621675       -5.02267974600103
H            8.89286213678459        2.72456605119291       -6.64221452468358
H           -7.77420971004871        1.38448787312993       -2.44190620611601
H           -8.61305705366609        1.38350105013787       -4.02538867527011
H           -9.44174986087963        2.00959044284358       -2.57785907792599
H          -10.99532215571784       -1.45235215795328       -3.06913251478967
H          -11.40780842794787        0.27371543811104       -2.93316789171736
H          -10.58982987154566       -0.33215701931005       -4.39144093520454
H            4.34395751828031       -6.04325708068165        2.30900986322016
H            0.49429358667765       -7.87810307029899        1.52667662965318
H            1.02543261459894        7.23162908323441       -2.33579365719890
H           -3.25815430665297        7.24579585242813       -1.66180561657309
O            3.50571245355805       -3.54517198435528        1.66013387237652
O           -0.69242785108125       -5.54292454872870        0.81005820406393
O            1.32288202288089        4.62605793540117       -1.59230968539382
O           -3.33913083131962        4.65520351546368       -0.85006347304379
C            4.84902644240350       -3.57864584907525        2.03432464322205
C            5.83647847212506       -3.85299679559615        1.07776702802376
C            5.19945950910361       -3.25794812932501        3.35253533101078
C            7.18588440145923       -3.81279431765487        1.45216831892799
H            5.53784563352839       -4.09010256361504        0.05152247325029
C            6.55244986770293       -3.21925200010864        3.71487342967378
H            4.40524702195202       -3.03793904132648        4.07324122552700
C            7.54731655458780       -3.49807157238238        2.76864313076932
H            7.96142933531251       -4.02597255288393        0.70781435147164
H            6.83221544858597       -2.96860933098438        4.74425047723693
H            8.60660311729264       -3.46819068712487        3.05679267627955
C           -1.65780747867229       -6.52778104259038        0.99299734975259
C           -2.01271663974670       -6.97668761185865        2.27324627670275
C           -2.32975779138854       -7.00390807381102       -0.14127770820191
C           -3.03346623260525       -7.92542071056626        2.40985018032618
H           -1.49061357789250       -6.57688717309411        3.14909392469205
C           -3.35471054193912       -7.94611213935777        0.00992532722268
H           -2.04158390173935       -6.61944071391420       -1.12497085935518
C           -3.70528061380301       -8.41486327656096        1.28234454425885
H           -3.31087042295307       -8.28162196768094        3.40812726117640
H           -3.88213555362635       -8.31845579500852       -0.87497548418818
H           -4.50387619358171       -9.15974543023477        1.39642191165658
C            2.59325863275538        5.17737620371433       -1.50703666886087
C            2.91618993446231        6.23731909713580       -0.64450661199287
C            3.59513226895227        4.55445705877194       -2.26437930706606
C            4.24276769937302        6.67986317596148       -0.56387731215477
H            2.13347582580525        6.70745794928318       -0.03937266877935
C            4.91653295042658        5.00013914595101       -2.16759771901224
H            3.33193944725126        3.71473308463038       -2.91823746445494
C            5.24760952356461        6.06660990639622       -1.32288812514724
H            4.49331701563035        7.51139383748963        0.10647640255871
H            5.68115254642243        4.49087252299448       -2.75360542622249
H            6.28514023018600        6.41972318368784       -1.25119497296330
C           -4.63058033639142        5.04995646084166       -1.17956625910701
C           -5.02361268808989        5.26195413241448       -2.50900503875514
C           -5.56465839931979        5.14440328610605       -0.13780075351264
C           -6.35628803122192        5.58937356658885       -2.78758082859276
H           -4.28726011077171        5.16265811112248       -3.31347665580796
C           -6.89577665013347        5.46505071603493       -0.43123114174214
H           -5.23106802225577        4.95567327120119        0.88749388686899
C           -7.29537997786299        5.69472200161538       -1.75372450005680
H           -6.66626253079229        5.75540695869254       -3.82509082501575
H           -7.62691889114272        5.53762860171935        0.38111035085282
H           -8.33905864353410        5.95036358362510       -1.97975832269320
N            1.33786843079459        0.46912904073991        0.16217736575137
C            2.37548143473897        1.07046210829594        0.67322971597424
C            2.20130311530066        2.31127751865968        1.36635907981494
C            3.26265319638740        3.02404579763915        1.85575162639396
C            4.56233704165128        2.54821277250778        1.72685139991815
C            4.76076430276380        1.32760424080427        1.10575152413990
C            3.72167154135307        0.58666240003913        0.57553079947155
C            4.06998810255371       -0.64625470909339       -0.19474480731761
C            4.50703036404632       -0.22258116173807       -1.61201348454302
C            5.63701314569509        0.75295294513323       -1.65081329545953
C            5.60161109272210        2.07643309197823       -1.93306897721524
C            6.95396729611359        2.51123999978308       -2.15296152851108
C            7.63913703013706        3.63054289429482       -2.69280831199168
C            9.01831860080945        3.62262550763757       -2.64795007562169
C            9.75317148550938        2.53299498896511       -2.20129412464183
C            9.11077576673201        1.35764305903923       -1.87148784157373
C            7.72682897162948        1.37913197725591       -1.81998264160506
O            6.92628518133930        0.30462779132444       -1.55186006528387
H            1.20307890887311        2.69352198487677        1.47087565675115
H            3.08817135702175        3.96421081304758        2.35747235024346
H            5.39001153661204        3.11670732229797        2.11566423579290
H            5.76356579478268        0.93484146423627        1.01898622960600
H            3.21985986187854       -1.32736303873900       -0.25818409326460
H            4.90226854939092       -1.16036128961530        0.29261536616480
H            4.79696535544791       -1.10794496859768       -2.17923202638921
H            3.65162872058780        0.24640167146223       -2.10329629952231
H            4.70248076846045        2.64625412931091       -1.97737905673540
H            7.26344868730572        4.32404728774302       -3.42472498759119
H            9.53185188965989        4.48786343692704       -3.04798363635671
H           10.82825870228355        2.58277444717169       -2.23056218605445
H            9.65735535859908        0.45344926465803       -1.66131598533784
245
 energy: -403.388110913526 gnorm: 0.030647096044 xtb: 6.7.1 (edcfbbe)
N            0.13344819808634       -1.75604471379222       -1.01212504135149
N           -0.05080046624778       -1.07822653716469        1.74989082519965
C           -0.50537985775280       -0.99419057996462       -3.28793195598015
C           -0.04677383066815       -1.95268345041656       -2.35724945829755
C            0.36219464038624       -3.29827294331988       -2.71494681966147
H            0.31328073979626       -3.71394835293766       -3.72243003569328
C            0.81538753576315       -3.88982246330101       -1.56972702327463
H            1.21579650385161       -4.89609259358599       -1.43960965093921
C            0.63704956545736       -2.92805282425314       -0.49883086398978
C            0.85306763033289       -3.21539864847984        0.86331349070234
C            0.46157861858459       -2.34233966224093        1.89823093130307
C            0.42175583680373       -2.71897111228995        3.29871557558311
H            0.77037612215486       -3.67542629909111        3.69114893324192
C           -0.16320292445350       -1.68559669184985        3.97310843575459
H           -0.38727111274952       -1.60517058155349        5.03763548198041
C           -0.44269226804233       -0.65229570175317        2.99349306885763
C            1.41381943678550       -4.56135131960773        1.23962897409248
C            2.76520927494709       -4.70104207457844        1.63579721433524
C            3.29758135449761       -5.95326903269877        1.99279795506000
C            2.47438397267602       -7.08219516078120        1.94584957688876
H            2.88861604705272       -8.06327349617285        2.21319238692008
C            1.13466096084459       -6.98420086063757        1.56126172906981
C            0.60667504403647       -5.72443530024202        1.22027450177630
N           -0.83457703945120        1.59432279581800        1.03343425430743
N           -0.60148476131792        0.92607483622935       -1.71178288105117
C           -1.00407840976113        0.60271183576925        3.30816507750871
C           -1.12114190143841        1.65531371795208        2.37374566923268
C           -1.49683802956365        3.00928980832630        2.72856360346083
H           -1.79389114183750        3.32617140217604        3.72909782030690
C           -1.38521480411198        3.76293167039262        1.59283958240773
H           -1.57926558107819        4.82819032509577        1.46481864095186
C           -1.00655384637276        2.86103244418907        0.52485218048381
C           -0.91902523083409        3.22714613888487       -0.83149446316269
C           -0.81125491080323        2.27442156958672       -1.86290098556371
C           -1.04917406159520        2.57707643375694       -3.26022690684926
H           -1.24174857882163        3.57611090007830       -3.65296182398390
C           -1.03408574585835        1.38813186442002       -3.93233238969062
H           -1.20811232388490        1.20341823131525       -4.99322609481756
C           -0.72091733520380        0.36019392116155       -2.95763183872624
C           -1.01351050737790        4.67772955200179       -1.21899503296038
C            0.15794775701477        5.37801746717071       -1.59852882514112
C            0.10110743625876        6.71913391174998       -2.01965790055124
C           -1.13286371170818        7.37645899265691       -2.03449263224319
H           -1.18102502329562        8.42585352245053       -2.35385826891468
C           -2.30727662897666        6.72068653641461       -1.65324417477773
C           -2.24669918915556        5.36964112779620       -1.26273362864121
Fe          -0.23698803314964       -0.04661921803214        0.01733917497499
Cl          -2.46434981593493       -0.69355942398106        0.04178004542930
C           -1.55886630229783        0.81321782992106        4.69572479544219
C           -0.77283900516308        1.36212536734971        5.74395705786148
C           -2.90951219361406        0.44711678867932        4.95415605859564
C           -1.32486810656917        1.54750203420839        7.02741924480852
N            0.56648297908265        1.72307685108638        5.44439937871765
C           -3.45781380923336        0.65736164102382        6.23775830156050
N           -3.65527198936170       -0.14940874276254        3.90970701791574
H           -0.69841674463194        1.95786476786355        7.82402759243766
C           -2.66030820379861        1.19814888712398        7.24978300020011
C            1.55876047775216        2.14292814764234        6.30146461085622
H            0.81724817145533        1.62273480205977        4.45916503834887
H           -4.50323534601618        0.39121497998006        6.41314613628581
C           -4.98223772011845       -0.53208492421039        3.91967300831452
H           -3.14330735232314       -0.32180848630924        3.03928791255263
H           -3.09280621421490        1.35076448315297        8.24704273404596
O            1.43988356659025        2.25249887095399        7.51695716256143
C            2.86802306853039        2.47394108465762        5.61596419528073
O           -5.76307406192332       -0.30122281345496        4.83788048518220
C           -5.41687399229760       -1.28967157080495        2.68788502174415
C            4.14451475604334        2.09893900516584        6.32484123063057
H            2.89802548972051        2.47345802838262        4.52087217174870
C            3.71569894976867        3.54627682872677        6.31078381216932
C           -6.78493755004744       -1.00077942375349        2.12184149223775
H           -4.64746129651778       -1.59810231722088        1.97072155421155
C           -6.57858594965874       -2.26469009769289        2.92232385251795
H            4.04993191928644        1.57765321386561        7.28056381355102
H            4.99571268495653        1.82419576399191        5.69867127594309
H            3.29892000071008        3.94544181243178        7.23884157575763
C            4.46808439634388        4.51585410163212        5.45613870747255
H           -7.36991680618092       -0.21868243466850        2.61407443059546
H           -6.89506328739320       -1.09154357509781        1.03768322509064
H           -6.97631364107935       -2.27049272781996        3.94194526393254
C           -6.56338540299814       -3.58599330959651        2.22982740573491
O            4.56828935187284        5.71298708460408        6.05856753973009
O            4.94497973868923        4.25745723737197        4.36786844318467
O           -7.15118896767775       -4.53356048487100        2.99327831264393
O           -6.10125256797992       -3.80067365864991        1.12728400655499
C            5.28864589374512        6.78254367793593        5.37683160172191
C           -7.24344403421356       -5.88449483126650        2.46008109112522
C            4.28478333753268        7.65260899476567        4.60784925100192
C            6.06659637734542        7.54601198461254        6.44744414513231
H            5.97685497925512        6.29856713066721        4.66095213496483
C           -7.20631299974909       -6.83263471731364        3.65966269557939
C           -8.51648687718347       -6.00991677477523        1.61558119033889
H           -6.35854851318346       -6.03901504078950        1.81376505086325
H            3.76030683099026        7.05268443757436        3.84610129790705
H            3.54411979168556        8.08216494426729        5.29544173569453
H            4.81102070144730        8.47543872725834        4.10461754294453
H            6.75817742006421        6.87856346045906        6.97745763549405
H            6.65497254224231        8.35409791689197        5.99256658365095
H            5.38721720910095        7.98825461995790        7.18730796192927
H           -6.28087660762740       -6.69093939474523        4.23283817015668
H           -8.06316075365474       -6.65274499679024        4.32630837454140
H           -7.25459780074898       -7.87708496864476        3.32222292475849
H           -8.48448954760127       -5.30746350754629        0.77160858573701
H           -8.61167268448549       -7.02964720790463        1.21722224745238
H           -9.40922094972403       -5.79850759216489        2.22374681121763
C           -0.76918646996521       -1.46557439249454       -4.69621277321171
C            0.16909940054437       -1.25171264914525       -5.74218535018682
C           -1.97278210936439       -2.16979823543468       -4.97496181421719
C           -0.05933373789367       -1.78882618592478       -7.02465273835419
N            1.31215800184712       -0.46665022530530       -5.44555016740461
C           -2.18958976176284       -2.71115557654361       -6.25990008112810
N           -2.93824358563831       -2.25889432956042       -3.94496542142918
H            0.67956650003212       -1.61813511565791       -7.81281667965696
C           -1.22907187355480       -2.52004455004040       -7.25765767122931
C            2.23476719136904        0.08032087550183       -6.31067815445215
H            1.34617245862741       -0.13645745720118       -4.47958975624313
H           -3.10959018038950       -3.27116347231249       -6.44777851991175
C           -4.16371716558779       -2.89397814742645       -3.96631041260040
H           -2.71166896025521       -1.74423730246823       -3.08970027715273
H           -1.40275197587119       -2.94524261781823       -8.25474114452357
O            2.31999183696644       -0.17756167350199       -7.50553070633792
C            3.14160672692686        1.10189566660162       -5.65822977052312
O           -4.55578612703068       -3.61640158722160       -4.87722046675200
C           -5.01978607968989       -2.60669883880034       -2.75669623074829
C            3.43364282714973        2.35226727339386       -6.45107695093627
H            3.10067471799047        1.21202622678285       -4.56884376748556
C            4.51641399760742        1.31121267326726       -6.29168620742640
C           -5.90281016387803       -3.70592946633669       -2.22462732281334
H           -4.65043498836078       -1.88149190936185       -2.02208791943301
C           -6.53158406847012       -2.59503426278092       -3.03030055014559
H            2.97788044857571        2.42693047369414       -7.44205547323527
H            3.54614706853806        3.28434600562444       -5.89221539637687
H            4.74771628978898        0.69179959115743       -7.16160148718280
C            5.65763426461545        1.62790234842144       -5.37761101693534
H           -5.84027446345773       -4.67475821670320       -2.72713401669455
H           -6.06368148457562       -3.71705654380985       -1.14333279188728
H           -6.81766845048175       -2.83272088576062       -4.05951825821781
C           -7.36890990348910       -1.56114617563906       -2.35320635163153
O            6.81911568804415        1.17716005565182       -5.87870463724375
O            5.54807192405261        2.23674447915363       -4.33131595535981
O           -8.38324621708527       -1.16507253549669       -3.15195400709791
O           -7.18621087190968       -1.12940380742932       -1.23268405718588
C            8.04585582931113        1.42292652729197       -5.12767559004557
C           -9.30529655653036       -0.16089492982459       -2.64124476373065
C            8.95863495658970        0.22039421745131       -5.36976561773715
C            8.64778918047000        2.75582862359590       -5.58001685764204
H            7.76272027104682        1.48705679158693       -4.06056560518331
C           -8.75336988444900        1.23932624086065       -2.93795033490978
C          -10.65969882689122       -0.43853720178517       -3.29243226356751
H           -9.36109349045656       -0.30286095317939       -1.54660161036846
H            8.46438129054100       -0.70497720996880       -5.04593892010238
H            9.21117686119294        0.13058449085595       -6.43697432909282
H            9.89633631175378        0.33755519919002       -4.80918472430313
H            7.94996198808786        3.57881696017111       -5.38097417956224
H            9.58085063755422        2.95751359492959       -5.03601957215643
H            8.87962713896379        2.73499876510151       -6.65514896463866
H           -7.78200272526335        1.38188998507405       -2.43718649784332
H           -8.62258735353630        1.38054300896414       -4.01975870055332
H           -9.45015951611044        2.00579847886976       -2.57120869538576
H          -11.00173148865638       -1.45721745453197       -3.06133089496007
H          -11.41533569277912        0.26853642064910       -2.92463977658515
H          -10.59850566852314       -0.33650692313656       -4.38391545802117
H            4.34678624856472       -6.03774804217087        2.29924540507538
H            0.49760084318959       -7.87528527520166        1.52083020003852
H            1.01343587351158        7.23546283096136       -2.33977966900059
H           -3.26941152235950        7.24637492444482       -1.66109969934447
O            3.50599580993943       -3.54016729443125        1.65173564213556
O           -0.69161528117639       -5.54085636355589        0.80589182014387
O            1.31382690119833        4.62997078708938       -1.59709166722041
O           -3.34757905765794        4.65560274269901       -0.84969960243448
C            4.84970883032956       -3.57274732615155        2.02443193331344
C            5.83634255194385       -3.84622243135073        1.06671504655504
C            5.20138435108765       -3.25196125822959        3.34230458295082
C            7.18611469222395       -3.80509996451848        1.43966039341325
H            5.53675330244346       -4.08335221771422        0.04070991775318
C            6.55474309533881       -3.21236244500573        3.70316427732268
H            4.40779070500751       -3.03265891809238        4.06391336326065
C            7.54877463885936       -3.49030037977396        2.75578955351715
H            7.96101730408073       -4.01756072186753        0.69441485561666
H            6.83545349210820       -2.96166389085270        4.73227864215047
H            8.60836124199262       -3.45968652384365        3.04278202352654
C           -1.65605081330195       -6.52643656304344        0.98972048503623
C           -2.00923821839707       -6.97581836799117        2.27029558935284
C           -2.32890428455723       -7.00287886955580       -0.14389038785498
C           -3.02914104787502       -7.92532299443000        2.40786093601399
H           -1.48646440051643       -6.57577572458839        3.14563808848807
C           -3.35300300318642       -7.94585997438982        0.00828384368627
H           -2.04208999298264       -6.61803882537712       -1.12784415565239
C           -3.70183638880246       -8.41507632123670        1.28101090554722
H           -3.30519077229982       -8.28189158471571        3.40638894418580
H           -3.88112682119526       -8.31844745458256       -0.87610389125140
H           -4.49976145269931       -9.16056330106486        1.39584568381573
C            2.58378175638619        5.18203082693027       -1.51303671305806
C            2.90677451426770        6.24223358593453       -0.65077991529269
C            3.58580353012479        4.55944361450004       -2.27128223548171
C            4.23319281761708        6.68567812987082       -0.57146628881395
H            2.12438732518399        6.71173420824394       -0.04470107210956
C            4.90696572029900        5.00613716202083       -2.17521951297352
H            3.32245502687071        3.71970413542619       -2.92486951425178
C            5.23778210121613        6.07334358068002       -1.33147692699145
H            4.48379680959527        7.51737645783071        0.09870078780019
H            5.66917191142105        4.50131875182371       -2.76707262747319
H            6.27498122681786        6.42723440304356       -1.26100976448254
C           -4.63968126027122        5.04945349490528       -1.17769529585363
C           -5.03433085922464        5.26137547807358       -2.50668038479460
C           -5.57269228802930        5.14304956223756       -0.13489815414547
C           -6.36755308700414        5.58786399598571       -2.78373680349832
H           -4.29878437391830        5.16274624637533       -3.31197651045054
C           -6.90437113033987        5.46276794122574       -0.42681738590921
H           -5.23784242859039        4.95439787809809        0.89000643496710
C           -7.30559469855326        5.69235634515201       -1.74883479860835
H           -6.67878838012975        5.75383571736539       -3.82088487733449
H           -7.63467946821120        5.53467904617771        0.38634036784086
H           -8.34970909504747        5.94727154502147       -1.97367927623125
N            1.33233718516564        0.47660778667148        0.15554518420520
C            2.36841759083261        1.07753647044665        0.66820383184086
C            2.19611408457399        2.32360186063226        1.35430837127347
C            3.25761464362927        3.03028317238601        1.85106222892279
C            4.55531853365125        2.54318070119448        1.74243352595379
C            4.75190818261779        1.32001588617557        1.12574038064796
C            3.71414247384093        0.58913220893669        0.58043221803986
C            4.05745537000038       -0.64376259192657       -0.19215293747977
C            4.53794146067092       -0.22429532865576       -1.59598924668425
C            5.67913753358471        0.74047875002108       -1.62573155177134
C            5.66558912472313        2.05961062030229       -1.92429272133243
C            7.02733897411210        2.46937168566364       -2.13157975225072
C            7.72829174776295        3.58794735587897       -2.64624556554401
C            9.10449233815736        3.57355257476667       -2.60184632494949
C            9.82393378018004        2.47508981152654       -2.14034603086312
C            9.16755387614178        1.30869973070610       -1.80670861064142
C            7.78150393974316        1.33367132619435       -1.78332089552635
O            6.96559418978638        0.27412771910473       -1.51285806828766
H            1.19890268654230        2.71224035151105        1.44484319115744
H            3.08482241036165        3.97558702692544        2.34355144392461
H            5.38134196642182        3.10677332102381        2.14167827265953
H            5.75282294492328        0.91933183101653        1.05330670372525
H            3.19141322646298       -1.29903144420079       -0.28702730936238
H            4.86043697235444       -1.18450054325441        0.31305671494817
H            4.83250955026522       -1.11458994602114       -2.15267085986057
H            3.69983245914044        0.25186813428906       -2.10974257829649
H            4.78150374920837        2.64811570040436       -2.00540092412953
H            7.32585566557424        4.30155818341451       -3.33625424573684
H            9.62579182355234        4.44120122972266       -2.97945104319283
H           10.90030131862603        2.51668018126196       -2.14228639894352
H            9.70189477699105        0.40838486418209       -1.56517426789621
245
 energy: -403.395479631642 gnorm: 0.024307570724 xtb: 6.7.1 (edcfbbe)
N            0.12987006675636       -1.75242838837330       -1.01637347950054
N           -0.05202388905977       -1.07532231181972        1.74587794287573
C           -0.51197980069074       -0.99069141888927       -3.29140996539951
C           -0.05161992504934       -1.94902228473217       -2.36140989666457
C            0.35805849012876       -3.29415691269376       -2.71977811446690
H            0.30843586596975       -3.70970488554367       -3.72728951868326
C            0.81293326594187       -3.88558764336018       -1.57510780906771
H            1.21429362989926       -4.89156687427923       -1.44564446291032
C            0.63494755436516       -2.92421087287189       -0.50388035834703
C            0.85261810229224       -3.21161525434217        0.85801438223779
C            0.46150951650567       -2.33908834470271        1.89348097404260
C            0.42344208329157       -2.71601121742053        3.29393718147285
H            0.77324915685728       -3.67226235472219        3.68582331907593
C           -0.16164968626354       -1.68324262741555        3.96914254127085
H           -0.38466939434764       -1.60320265900978        5.03392616773594
C           -0.44299657462822       -0.64996050569616        2.99003341695876
C            1.41484476373898       -4.55717405353948        1.23345257022675
C            2.76675216357804       -4.69587168063982        1.62817812607146
C            3.30052677896070       -5.94771775728762        1.98438681518268
C            2.47818741931881       -7.07731023777244        1.93806770120165
H            2.89349625076347       -8.05810640461228        2.20478665950966
C            1.13798394104666       -6.98032619426730        1.55490104629977
C            0.60862682556274       -5.72091842994748        1.21471256691578
N           -0.83882746800898        1.59668271027830        1.03086646997326
N           -0.60799506584704        0.92917024103564       -1.71477188456105
C           -1.00506247153597        0.60449522376289        3.30554024090893
C           -1.12394218899736        1.65723433635282        2.37144319383047
C           -1.50037152370499        3.01078754584712        2.72691717288605
H           -1.79664987478091        3.32725530744053        3.72782137148345
C           -1.39056616996528        3.76475883464801        1.59121068387323
H           -1.58561323025897        4.82989184714128        1.46360998596110
C           -1.01232022515036        2.86340824813041        0.52266914957447
C           -0.92648397324332        3.22981898931138       -0.83372001147287
C           -0.81900065414494        2.27738441415065       -1.86541482651194
C           -1.05863005182957        2.58012023991087       -3.26241779365275
H           -1.25242830722819        3.57907540343303       -3.65476799997778
C           -1.04328443744402        1.39131414883266       -3.93477693960079
H           -1.21826646020070        1.20666816273705       -4.99553201127224
C           -0.72826549036143        0.36344359318133       -2.96062245730934
C           -1.02251444239937        4.68039125955473       -1.22081985444793
C            0.14791402018529        5.38174129729521       -1.60142365397432
C            0.08959362804044        6.72286208423613       -2.02224538677826
C           -1.14494619310465        7.37919366781877       -2.03567254747832
H           -1.19429325042426        8.42861305159552       -2.35477822713798
C           -2.31841755663244        6.72239321739437       -1.65332238871858
C           -2.25635396898166        5.37131706933822       -1.26312714403717
Fe          -0.24067240116652       -0.04345938844081        0.01375072262227
Cl          -2.46770926471098       -0.69230303473019        0.04040946785626
C           -1.55856925508270        0.81430046896348        4.69370929876603
C           -0.77187427382238        1.36364643773049        5.74122456962319
C           -2.90867954860533        0.44704352784144        4.95346062188978
C           -1.32274314136267        1.54832589293931        7.02530763526201
N            0.56677256719497        1.72572941740525        5.44034698001795
C           -3.45578384564782        0.65660673122801        6.23770282558726
N           -3.65497613695387       -0.14985040980915        3.90972861077661
H           -0.69578010442343        1.95903720499325        7.82133837751787
C           -2.65765788309808        1.19784254577115        7.24899175726525
C            1.55969639800218        2.14623430295476        6.29644155668802
H            0.81663786173367        1.62579822814411        4.45482400625476
H           -4.50081082518276        0.38957880010309        6.41412314916128
C           -4.98170279462768       -0.53364880485102        3.92093806569135
H           -3.14383488103712       -0.32168759508829        3.03869619714730
H           -3.08924095669880        1.34991428850941        8.24673780682413
O            1.44193976664543        2.25546017868845        7.51209501963228
C            2.86790277821821        2.47841719416850        5.60965911865297
O           -5.76171876281935       -0.30356531010182        4.84004937403942
C           -5.41695654735219       -1.29130467683985        2.68951286433506
C            4.14545675410279        2.10432551035982        6.31711879829225
H            2.89677991988546        2.47820305857084        4.51451604609735
C            3.71546480857514        3.55134875648736        6.30378516065397
C           -6.78586104573388       -1.00342727387692        2.12493467748016
H           -4.64805872346887       -1.59899265262534        1.97145746742874
C           -6.57765508563801       -2.26734553429725        2.92495196716416
H            4.05229747770111        1.58277637891151        7.27284215796125
H            4.99622753320689        1.83038845002417        5.69001061769171
H            3.29931673074198        3.94996035446266        7.23237325694148
C            4.46612866396112        4.52163844475055        5.44859111585654
H           -7.37095856283706       -0.22189778708243        2.61793917909795
H           -6.89704427088242       -1.09407305089757        1.04086850097893
H           -6.97430476597768       -2.27364503386183        3.94499675392089
C           -6.56209503395722       -3.58844838580479        2.23217006096102
O            4.56598186672865        5.71879467359216        6.05114531917650
O            4.94212131556993        4.26390746471342        4.35978831136466
O           -7.14833984054540       -4.53667724711815        2.99609707967918
O           -6.10094638928888       -3.80258096138387        1.12911383292518
C            5.28478137010679        6.78908809452221        5.36880676874576
C           -7.24005731053347       -5.88758895575712        2.46269358693556
C            4.27943810475386        7.65842612584662        4.60109300882368
C            6.06324460301485        7.55293749384320        6.43878030858386
H            5.97264939021798        6.30576155879891        4.65214770533596
C           -7.20090539652244       -6.83591591994717        3.66205226522035
C           -8.51387068785677       -6.01386384469667        1.61952622414011
H           -6.35571157289000       -6.04125219862411        1.81543140474901
H            3.75462669907068        7.05824882792704        3.83975489236136
H            3.53911249136480        8.08727426971251        5.28953221332547
H            4.80445026725998        8.48181686767155        4.09745653458428
H            6.75592309301766        6.88594267134491        6.96794599296560
H            6.65049646985179        8.36159257323367        5.98344636000998
H            5.38427779852847        7.99448853992213        7.17944598083425
H           -6.27497582035805       -6.69358604870682        4.23430101009053
H           -8.05720135285574       -6.65684957378653        4.32964213956105
H           -7.24869227359532       -7.88034819329623        3.32446787602017
H           -8.48333439391414       -5.31122006774810        0.77563667564755
H           -8.60865482878766       -7.03359994593115        1.22105161765014
H           -9.40614939330777       -5.80329483251422        2.22866006898352
C           -0.77686236169656       -1.46201712931991       -4.69949095839056
C            0.16016977281374       -1.24718055755936       -5.74640301879248
C           -1.98021160822321       -2.16716683764344       -4.97710189194195
C           -0.06918549128389       -1.78424292153271       -7.02874242156387
N            1.30285804500224       -0.46128733377221       -5.45081385278650
C           -2.19789125867569       -2.70844635350360       -6.26194509179536
N           -2.94444124143961       -2.25723636779274       -3.94616597631081
H            0.66876087837978       -1.61279467091887       -7.81763864370278
C           -1.23857288543659       -2.51636128966476       -7.26065919932747
C            2.22418481530236        0.08663919572366       -6.31678910231335
H            1.33765458904956       -0.13123622770725       -4.48481799154529
H           -3.11764114488367       -3.26916422273410       -6.44896162615564
C           -4.16952570323735       -2.89331737876182       -3.96628568224458
H           -2.71745325265162       -1.74256947962359       -3.09099663512031
H           -1.41295010191621       -2.94150553740604       -8.25764859395610
O            2.30832893024165       -0.17095768759425       -7.51178729402584
C            3.13084021549203        1.10879654987749       -5.66509281737033
O           -4.56189581727637       -3.61587981715093       -4.87697161898200
C           -5.02447975403384       -2.60697476009284       -2.75577634044747
C            3.42101789253505        2.35955351198412       -6.45800650363832
H            3.09093662687188        1.21868357956838       -4.57565121288723
C            4.50499919524776        1.31951572494129       -6.29975245015360
C           -5.90608570171347       -3.70701714459653       -2.22297898642315
H           -4.65497892083254       -1.88160095476852       -2.02138724317836
C           -6.53662120652082       -2.59646179075811       -3.02777246673344
H            2.96417697638589        2.43402514628442       -7.44849957460611
H            3.53332580812768        3.29163161107873       -5.89910499789655
H            4.73574631601407        0.70037358568632       -7.17016300320695
C            5.64680951305669        1.63704921613386       -5.38659041571452
H           -5.84328876522051       -4.67569898803025       -2.72574542755221
H           -6.06581777144327       -3.71848071536541       -1.14151269527602
H           -6.82356452358877       -2.83419685817730       -4.05674654466124
C           -7.37402618360369       -1.56342806941746       -2.34958707167760
O            6.80799134600304        1.18725089774630       -5.88943387257310
O            5.53829011030988        2.24506534827214       -4.33937647047242
O           -8.38954871117720       -1.16799333632532       -3.14724807380819
O           -7.19054131398063       -1.13171849005655       -1.22918727984423
C            8.03545405290571        1.43363269637408       -5.13964895323807
C           -9.31188199781517       -0.16463394493940       -2.63533608908621
C            8.94885165966111        0.23198536497948       -5.38290980140142
C            8.63584492119668        2.76736396110670       -5.59184022805464
H            7.75281943586295        1.49706020122101       -4.07266412019344
C           -8.76140030913457        1.23604186803142       -2.93234733048433
C          -10.66673289133159       -0.44327525323145       -3.28515765028268
H           -9.36641199716152       -0.30689193216711       -1.54066502354335
H            8.45571492706572       -0.69390080419642       -5.05872318816679
H            9.20034571722470        0.14256273990693       -6.45041358636938
H            9.88706593412481        0.34973321664650       -4.82325054048373
H            7.93766768395884        3.58987139743987       -5.39151785171285
H            9.56936689409949        2.96963988801320       -5.04882158803064
H            8.86660420463429        2.74693264193318       -6.66739895109497
H           -7.78961708032175        1.37931735054267       -2.43257565446185
H           -8.63185630530192        1.37759461367107       -4.01427666007292
H           -9.45842468076151        2.00190431868598       -2.56473002576519
H          -11.00770039249250       -1.46228318158157       -3.05390008053541
H          -11.42256252676955        0.26311767741830       -2.91644007443836
H          -10.60676355925659       -0.34098636778640       -4.37669746559272
H            4.35011849849866       -6.03141487898121        2.28971336831084
H            0.50160064663724       -7.87191869034197        1.51496145750462
H            1.00114412402865        7.24000222791926       -2.34322886694713
H           -3.28099061905932        7.24730217030257       -1.66006916940441
O            3.50662374893198       -3.53438529096330        1.64360697045517
O           -0.69025321796432       -5.53831042962848        0.80172855891723
O            1.30462305769669        4.63458474727346       -1.60139589456763
O           -3.35618468214507        4.65631531703719       -0.84910998759775
C            4.85073195678746       -3.56597842584258        2.01488105538698
C            5.83660693264271       -3.83845996542276        1.05605909553206
C            5.20354717133293       -3.24512787818362        3.33243876861377
C            7.18671222371276       -3.79635365463573        1.42760470201328
H            5.53613079058687       -4.07562612930712        0.03030257243673
C            6.55725037488933       -3.20451694756760        3.69188338533754
H            4.41052218877720       -3.02661312583971        4.05491710178650
C            7.55051239925567       -3.48148700561036        2.74341383082440
H            7.96102787733673       -4.00798214072257        0.68149541334824
H            6.83883210381150       -2.95378268785571        4.72075906042024
H            8.61037802068615       -3.45004780612768        3.02929900243759
C           -1.65368138311002       -6.52470104017545        0.98635943403695
C           -2.00517517368180       -6.97462322974237        2.26723312802223
C           -2.32733756795597       -7.00146968610714       -0.14662983250225
C           -3.02415891529255       -7.92497846351239        2.40567754624882
H           -1.48180414203414       -6.57432497730646        3.14210640870938
C           -3.35052038362095       -7.94531260928896        0.00643260425190
H           -2.04186690000790       -6.61620513990793       -1.13081593889761
C           -3.69764147233739       -8.41506015650982        1.27942428219782
H           -3.29887993913648       -8.28196659719350        3.40442760305129
H           -3.87926596276380       -8.31815361497093       -0.87748448189970
H           -4.49484381491142       -9.16121510648443        1.39495726971414
C            2.57410285092363        5.18752934256303       -1.51849547131959
C            2.89705740789022        6.24794385785541       -0.65647754413796
C            3.57625435257301        4.56540800819233       -2.27780375168361
C            4.22326182041401        6.69241414722702       -0.57837151559857
H            2.11493289863395        6.71672906387728       -0.04944563922700
C            4.89673818830371        5.01363990431933       -2.18294062073480
H            3.31298786101664        3.72560965715431       -2.93099085796377
C            5.22758408618883        6.08110649756738       -1.33944373084142
H            4.47383426473690        7.52425749003777        0.09165542834230
H            5.65774876182273        4.51211155814227       -2.77864763049931
H            6.26445051017096        6.43590874675277       -1.27008151766163
C           -4.64896217095637        5.04917832760145       -1.17564619694119
C           -5.04517358390135        5.26103499897861       -2.50419716205723
C           -5.58095227948577        5.14181469667872       -0.13186658742180
C           -6.37894522687531        5.58649778619881       -2.77979019793058
H           -4.31038597656876        5.16315706032949       -3.31027950957970
C           -6.91320431754236        5.46051000092489       -0.42233352010505
H           -5.24488299219612        4.95323415367748        0.89265789527327
C           -7.31599703881230        5.69002729749373       -1.74387803367713
H           -6.69140391129405        5.75241671022675       -3.81658286535609
H           -7.64271860180099        5.53167036632685        0.39161072503433
H           -8.36055154073830        5.94414037055329       -1.96759024635653
N            1.32531491145317        0.48551685943559        0.15063287827326
C            2.36314172023639        1.08667006489600        0.66014661357259
C            2.19211347720951        2.33737071394854        1.33835549355584
C            3.25313739180568        3.03691017724187        1.84609339126766
C            4.54818213892827        2.53869389421431        1.75746518499560
C            4.74337587005835        1.31497367634145        1.14149136704649
C            3.70709345054218        0.59347879703886        0.58116849281414
C            4.04673194572543       -0.64067313266222       -0.19131584187292
C            4.56697088064512       -0.23197164914329       -1.58450486457330
C            5.72170711820233        0.71823110072043       -1.60788341960637
C            5.72964419609476        2.03478654769843       -1.91709509677000
C            7.09993930439708        2.42235782271366       -2.10231069637370
C            7.81404794401762        3.53288290999767       -2.59657909450292
C            9.18884101098668        3.51818802177555       -2.54576599400756
C            9.89135250821371        2.40985011738771       -2.08598926826997
C            9.22303393443846        1.25253968649392       -1.74535991019413
C            7.83568248617722        1.27922120325224       -1.74515929628179
O            7.00471011445352        0.23479935917942       -1.48033571222084
H            1.19644917441192        2.73302020406066        1.41479759308774
H            3.08157979104957        3.98594684792975        2.33158535340337
H            5.37209723874248        3.09587613413641        2.17036697766507
H            5.74224647600469        0.90751737277685        1.08134508147049
H            3.16685586929314       -1.27188784244672       -0.31337420912950
H            4.82168715460939       -1.20414757964073        0.33099020243712
H            4.85941220217254       -1.13087656564916       -2.12922414281385
H            3.74651164941564        0.25225581829007       -2.11926092764407
H            4.85980090234071        2.63713525218505       -2.02952663666473
H            7.37622991960805        4.28557217655061       -3.22693472510292
H            9.71781924793826        4.38693079070025       -2.91593932579320
H           10.96709827615617        2.44250268536514       -2.06948997678386
H            9.74484278135836        0.35288862333358       -1.47962738964422
245
 energy: -403.401733246604 gnorm: 0.018134665224 xtb: 6.7.1 (edcfbbe)
N            0.12668731656311       -1.74835602484767       -1.02041268256188
N           -0.05303535967733       -1.07206601650977        1.74209175844142
C           -0.51808547493618       -0.98669813813969       -3.29468996222339
C           -0.05598055865820       -1.94487159923496       -2.36538279673613
C            0.35449079710037       -3.28952940731201       -2.72444184698899
H            0.30423858552927       -3.70491750990067       -3.73200114811905
C            0.81101956015201       -3.88085343886075       -1.58031465928448
H            1.21337301702418       -4.88652691202512       -1.45151407152286
C            0.63327609137956       -2.91989990130697       -0.50872890631241
C            0.85253675474289       -3.20739916349324        0.85291871354564
C            0.46171004793466       -2.33546112550965        1.88892803022913
C            0.42534016886662       -2.71271475951797        3.28935691687005
H            0.77636030583841       -3.66876053869356        3.68068187274095
C           -0.15997412154754       -1.68060446340239        3.96537049524735
H           -0.38201018659190       -1.60098815054794        5.03040118082002
C           -0.44317424750777       -0.64732018476360        2.98676925923085
C            1.41628949456117       -4.55255725497098        1.22746539876359
C            2.76869730195606       -4.69019867323032        1.62082401775105
C            3.30391750718145       -5.94165231217245        1.97622632463206
C            2.48249905468215       -7.07194919465673        1.93045076282151
H            2.89892052991503       -8.05245028292823        2.19653455202469
C            1.14183112037776       -6.97603121148249        1.54863086232525
C            0.61105765898485       -5.71699709279928        1.20925446038594
N           -0.84298739478888        1.59941101191496        1.02856913016917
N           -0.61419736199470        0.93270062156329       -1.71752083099431
C           -1.00599772220591        0.60654522832065        3.30312076132868
C           -1.12668358938071        1.65943437713626        2.36937417694920
C           -1.50394502398085        3.01255110175311        2.72552077204413
H           -1.79952213425983        3.32855346782573        3.72679266024666
C           -1.39592706810294        3.76688308716966        1.58986995831071
H           -1.59201430217118        4.83188477905676        1.46269498134040
C           -1.01798895536933        2.86611891074392        0.52075994409693
C           -0.93378832670502        3.23287728746727       -0.83564742741299
C           -0.82648758002189        2.28077116117477       -1.86764179971793
C           -1.06775723384777        2.58362639426066       -3.26433273282825
H           -1.26280198228761        3.58250457458494       -3.65627058372995
C           -1.05206900852454        1.39498538217713       -3.93697917967697
H           -1.22793628499910        1.21042772381545       -4.99760927931192
C           -0.73520264670204        0.36715690584675       -2.96339171524921
C           -1.03140209535640        4.68344931940908       -1.22231554455875
C            0.13799882780749        5.38591081054820       -1.60390893134224
C            0.07814986861276        6.72704870615855       -2.02438505524871
C           -1.15698907612498        7.38232348380084       -2.03645246454098
H           -1.20755676140431        8.43177185391361       -2.35527224148534
C           -2.32951502186925        6.72443155153531       -1.65308230971165
C           -2.26592108633870        5.37332159380985       -1.26323897680378
Fe          -0.24414927882849       -0.03997100183063        0.01037077155346
Cl          -2.47077287201130       -0.69075762972432        0.03913266314368
C           -1.55831597407721        0.81558113610583        4.69188379847463
C           -0.77104722165450        1.36537292545379        5.73873873049359
C           -2.90787284913797        0.44709493448287        4.95286990908286
C           -1.32082732218884        1.54929271663103        7.02341843998561
N            0.56693505088657        1.72866985733381        5.43662720063230
C           -3.45387189783602        0.65590350552397        6.23771849938242
N           -3.65463181840009       -0.15018706606477        3.90977662243942
H           -0.69341868195864        1.96036228078975        7.81891999951686
C           -2.65520875967859        1.19760248923296        7.24833755791574
C            1.56040801414024        2.14985036350497        6.29183318625685
H            0.81594851948839        1.62918358032761        4.45083048714073
H           -4.49849806498309        0.38793559829703        6.41510645448155
C           -4.98107931171501       -0.53516193639539        3.92216899556994
H           -3.14424352815129       -0.32140250413491        3.03816848766433
H           -3.08593899279617        1.34907726319102        8.24654909555539
O            1.44371059707623        2.25869497966151        7.50763768806541
C            2.86759279630071        2.48330050150854        5.60384791734930
O           -5.76034579091981       -0.30593457731124        4.84213668695254
C           -5.41685123883472       -1.29289056117924        2.69104337941659
C            4.14618311160756        2.11015719399536        6.30995969758954
H            2.89540466968426        2.48337425732186        4.50865947674272
C            3.71492844897013        3.55684108557434        6.29737302977174
C           -6.78657653059905       -1.00607377583611        2.12786862686357
H           -4.64841148343607       -1.59976804964391        1.97213336235951
C           -6.57649243919498       -2.27000353944523        2.92739808090340
H            4.05441168851941        1.58831320842339        7.26566430519045
H            4.99657714971385        1.83707864966584        5.68195717049031
H            3.29934178574712        3.95486611346826        7.22646871250880
C            4.46387600739476        4.52793552970589        5.44168849598760
H           -7.37185427896072       -0.22515283046721        2.62164158990579
H           -6.89874964654234       -1.09657671825034        1.04388415182695
H           -6.97211860232460       -2.27686159448183        3.94784520787717
C           -6.56046955631999       -3.59091461157714        2.23429404525602
O            4.56327265489232        5.72510020975761        6.04440391713465
O            4.93903779406864        4.27090867799965        4.35237711937794
O           -7.14514257901606       -4.53983875730783        2.99862344680831
O           -6.10023214635639       -3.80442133748877        1.13073297294043
C            5.28049687528473        6.79616666636717        5.36155508525282
C           -7.23622220527603       -5.89071075214209        2.46498286325417
C            4.27366297496392        7.66477447123370        4.59504237367906
C            6.05936346440314        7.56043564684144        6.43093754737788
H            5.96808627128782        6.31356757548939        4.64413013482659
C           -7.19506205437584       -6.83926929556607        3.66408959380401
C           -8.51075625426711       -6.01788758309443        1.62306239489539
H           -6.35238716884034       -6.04346145781243        1.81680616977634
H            3.74860690783148        7.06432358134660        3.83407288583956
H            3.53362168180048        8.09284769903592        5.28430021973524
H            4.79744557109570        8.48875802263234        4.09105316634841
H            6.75314784802178        6.89391365071971        6.95927864451607
H            6.64546941366779        8.36971224478471        5.97519219211882
H            5.38073660671800        8.00124198387003        7.17237483639521
H           -6.26868172820283       -6.69627260889573        4.23546347200250
H           -8.05085307979370       -6.66108699782787        4.33258218133062
H           -7.24227914219799       -7.88367828872364        3.32631570151698
H           -8.48166887261941       -5.31502489847637        0.77928448320961
H           -8.60505583153872       -7.03762734035071        1.22443993886255
H           -9.40261771355513       -5.80822161463927        2.23313557731702
C           -0.78394514795275       -1.45793802431082       -4.70260855712832
C            0.15186615021780       -1.24204908640738       -5.75039651543405
C           -1.98698811693525       -2.16406294883977       -4.97916872128778
C           -0.07830157236270       -1.77902097185745       -7.03263675873308
N            1.29415139667398       -0.45526038887760       -5.45576084225557
C           -2.20545254590666       -2.70523736118333       -6.26393801994179
N           -2.95005189440712       -2.25519141724219       -3.94733363470000
H            0.65872122364749       -1.60674894371768       -7.82222000380837
C           -1.24728918538295       -2.51209470200232       -7.26355308495204
C            2.21417549399505        0.09367261333910       -6.32252816826483
H            1.32963815825513       -0.12538798497740       -4.48972251123517
H           -3.12491178862560       -3.26670753297782       -6.45016124494841
C           -4.17469007377028       -2.89233342412071       -3.96633474293677
H           -2.72270985847146       -1.74052602438174       -3.09224257355572
H           -1.42229008708105       -2.93716042185225       -8.26047037167674
O            2.29733643701366       -0.16357283814218       -7.51766862417059
C            3.12056360821614        1.11647987527294       -5.67150168937149
O           -4.56728668149537       -3.61502629744618       -4.87683141727141
C           -5.02862430374367       -2.60700385929814       -2.75495466793215
C            3.40886758505966        2.36765367064407       -6.46440797655716
H            3.08163404105123        1.22606900223878       -4.58199618850372
C            4.49408961472859        1.32857969976742       -6.30733923006365
C           -5.90877805682485       -3.70792641226479       -2.22151461905626
H           -4.65904498610938       -1.88146765149001       -2.02074590638621
C           -6.54107658522481       -2.59772397742811       -3.02543108527017
H            2.95101234313316        2.44193890179675       -7.45443337593086
H            3.52094257405668        3.29970797733457       -5.90540174114724
H            4.72435264013922        0.70980241913102       -7.17822707031598
C            5.63636868770229        1.64688208612311       -5.39512975300980
H           -5.84563890853684       -4.67644389317738       -2.72457363790695
H           -6.06743026988871       -3.71976459880973       -1.13988406784555
H           -6.82881640098520       -2.83548382473809       -4.05418442629521
C           -7.37867008152637       -1.56558560996527       -2.34617023532376
O            6.79757403234573        1.19823018167749       -5.89931337288748
O            5.52844055821451        2.25405769052300       -4.34722423553990
O           -8.39533639246130       -1.17083457740328       -3.14277258924612
O           -7.19446581247611       -1.13395002788269       -1.22585910561253
C            8.02545510286913        1.44537544761524       -5.15079371452812
C           -9.31803010506799       -0.16837304439308       -2.62968378700382
C            8.93961881026917        0.24459086489544       -5.39528550080875
C            8.62439977271588        2.77994019772494       -5.60277901263895
H            7.74340478573607        1.50831651946449       -4.08386955968352
C           -8.76904559496418        1.23281915096678       -2.92693048126133
C          -10.67328001936869       -0.44805508760911       -3.27821911394867
H           -9.37134748351904       -0.31094121159106       -1.53499221497890
H            8.44756680652418       -0.68182745453537       -5.07089446807716
H            9.19009408004183        0.15565153411488       -6.46311226592769
H            9.87829432647143        0.36296412943527       -4.83649250457020
H            7.92559841532438        3.60181926821830       -5.40178963587300
H            9.55835382091005        2.98271851160757       -5.06052838744642
H            8.85409239644118        2.75989742447695       -6.67877195585656
H           -7.79688371787315        1.37683464388257       -2.42809182847381
H           -8.64068909912467        1.37473710708785       -4.00896790867936
H           -9.46636538390796        1.99801615094724       -2.55844397206440
H          -11.01314381424904       -1.46741966030873       -3.04685073232626
H          -11.42935868158112        0.25761180404346       -2.90858491454890
H          -10.61447901083497       -0.34546842805783       -4.36980972824983
H            4.35388411498838       -6.02452180757926        2.28049070931065
H            0.50617371196176       -7.86816319204401        1.50911672503217
H            0.98892262582353        7.24504372952840       -2.34616450720838
H           -3.29255304793637        7.24851300846817       -1.65875921670180
O            3.50758370736326       -3.52807597540720        1.63581655265462
O           -0.68839053294812       -5.53540853676192        0.79760206630510
O            1.29553479282675        4.63971164602752       -1.60523760252766
O           -3.36468971944895        4.65728923359110       -0.84831548521714
C            4.85208128175308       -3.55862318185869        2.00575743365990
C            5.83725358981458       -3.83004068155659        1.04587638359364
C            5.20592424973001       -3.23776095130623        3.32305111942159
C            7.18767409469067       -3.78691258506845        1.41610623061022
H            5.53596222644598       -4.06722914892636        0.02036149144016
C            6.55995572820144       -3.19606522756274        3.68115399021240
H            4.41342145038044       -3.02005732746489        4.04635068462178
C            7.55252010012118       -3.47196645578033        2.73162344330986
H            7.96144893923671       -3.99763537961239        0.66915469953834
H            6.84233995984370       -2.94528395432024        4.70980879497716
H            8.61264876751610       -3.43965976441038        3.01646024440469
C           -1.65077571670988       -6.52267056250121        0.98295155502790
C           -2.00061353175928       -6.97318432040210        2.26409359236412
C           -2.32513741918221       -6.99976071458615       -0.14947428848639
C           -3.01863582668012       -7.92444731702501        2.40333243492773
H           -1.47671766254254       -6.57262899855427        3.13854338340542
C           -3.34736597175069       -7.94452388892741        0.00439183579131
H           -2.04098069463060       -6.61402643658319       -1.13386661724188
C           -3.69281704826256       -8.41485864415682        1.27761587131136
H           -3.29206158663286       -8.28189837630944        3.40228050775922
H           -3.87666478793053       -8.31761616404964       -0.87909942102231
H           -4.48926364254042       -9.16172601669252        1.39378214774864
C            2.56455403870332        5.19365627014411       -1.52345631113009
C            2.88733420942099        6.25420728147950       -0.66159004665692
C            3.56697069880079        4.57204491967201       -2.28377353231478
C            4.21328328823148        6.69981105356507       -0.58466706948882
H            2.10540913915934        6.72223029509450       -0.05362861252310
C            4.88702785609475        5.02120439438572       -2.18953095411118
H            3.30372070228644        3.73228761536500       -2.93663548918388
C            5.21749591243646        6.08945359364384       -1.34660944858197
H            4.46374070828228        7.53176445699814        0.08531130931413
H            5.64865893734064        4.52147015448314       -2.78701266115950
H            6.25391649115458        6.44540821959457       -1.27832384342365
C           -4.65814970510593        5.04911191129554       -1.17345453875021
C           -5.05585000948195        5.26091902899207       -2.50158509117727
C           -5.58917520388396        5.14070911326696       -0.12873849477599
C           -6.39017369754644        5.58529502493066       -2.77577749140308
H           -4.32177003670644        5.16385361436391       -3.30841462360000
C           -6.92200388790597        5.45831952416146       -0.41781515475707
H           -5.25193876762111        4.95218691392730        0.89541874644027
C           -7.32630149439562        5.68778212315015       -1.73889977808830
H           -6.70380627204680        5.75117354581580       -3.81222534934558
H           -7.65077351603778        5.52866590086729        0.39688036538343
H           -8.37129795856582        5.94104356007083       -1.96152969105249
N            1.31714578317922        0.49598637736834        0.14552808977379
C            2.35889707349548        1.09788227113710        0.64889111109071
C            2.18874323751115        2.35248291491371        1.31850778397335
C            3.24880040344578        3.04400461860769        1.84004573151804
C            4.54044305581800        2.53475905529009        1.76971314636424
C            4.73476280108760        1.31252800965440        1.15066805973494
C            3.69985749004829        0.59925587669357        0.57674626003885
C            4.03726988901740       -0.63738271861661       -0.19297439913390
C            4.59361195621639       -0.24444496230635       -1.57784934469292
C            5.76358120475330        0.68864271791388       -1.59307029949416
C            5.79256007438783        2.00456659544096       -1.90892707835883
C            7.16930837730561        2.37342694874740       -2.06786324336515
C            7.89153156514909        3.47128793396212       -2.55466173103759
C            9.26432809035610        3.45762725428783       -2.50368960536758
C            9.95452108019940        2.33842316431338       -2.03552401380761
C            9.27505691854427        1.18909411233741       -1.68543055393101
C            7.88776344457292        1.21854193046723       -1.70438888117028
O            7.04108203279120        0.18913813398490       -1.44791540580698
H            1.19538178765253        2.75630531670643        1.38136163591665
H            3.07838589380615        3.99518698723205        2.32148988114564
H            5.36222174472319        3.08382567345712        2.19814049896136
H            5.73134529093118        0.89866154726393        1.10067812622906
H            3.14783630621856       -1.24900120655896       -0.33612977837973
H            4.78718920061674       -1.21739591801203        0.34540833498593
H            4.87883530393113       -1.15429063894275       -2.10991624169153
H            3.79079379809759        0.24787249164684       -2.13142349742796
H            4.93444212626701        2.61743080820900       -2.04421150074559
H            7.41724678364741        4.27598949071260       -3.09656419317756
H            9.80359356462107        4.32685599237978       -2.85268464306429
H           11.03179151863478        2.35976798086145       -2.00129513390122
H            9.78732702668988        0.28828928308327       -1.40039694698454
245
 energy: -403.406294721219 gnorm: 0.020456986554 xtb: 6.7.1 (edcfbbe)
N            0.12391685980803       -1.74403603521519       -1.02427280395958
N           -0.05376298794041       -1.06855239207237        1.73851104989438
C           -0.52365775786868       -0.98241770532369       -3.29779802361824
C           -0.05984816007196       -1.94041985807817       -2.36916875974898
C            0.35148064924425       -3.28461170526615       -2.72891121055730
H            0.30066280630545       -3.69981521534823       -3.73651968457788
C            0.80961063143215       -3.87581549116554       -1.58533275103989
H            1.21297194114915       -4.88116428289204       -1.45716420411826
C            0.63202155600871       -2.91528843296160       -0.51336138468556
C            0.85280784909890       -3.20289691481487        0.84803609542321
C            0.46218677155371       -2.33155963898641        1.88458030919847
C            0.42744669902331       -2.70915928574328        3.28498283320600
H            0.77968275505997       -3.66498675872368        3.67575104658561
C           -0.15814202033999       -1.67773351636527        3.96177311809531
H           -0.37925206507252       -1.59855581379502        5.02702879663024
C           -0.44316577687243       -0.64444483869798        2.98366181059338
C            1.41810700629534       -4.54765815864306        1.22172218047840
C            2.77099861294289       -4.68419612390491        1.61378798906011
C            3.30765871127867       -5.93526058059667        1.96839264126411
C            2.48720419078750       -7.06627188032690        1.92310860372903
H            2.90474462755427       -8.04646451851573        2.18856791202670
C            1.14609671715418       -6.97144386756721        1.54256399381612
C            0.61389066344470       -5.71279979382155        1.20398241973546
N           -0.84690067553532        1.60241987326888        1.02645523583842
N           -0.62004660225146        0.93652416086323       -1.72013665020505
C           -1.00679634448092        0.60882205129310        3.30083995738069
C           -1.12925426272581        1.66184849561371        2.36744507200500
C           -1.50740379194348        3.01454541862740        2.72425895831695
H           -1.80233759606737        3.33005087156548        3.72587795055730
C           -1.40113415832438        3.76923628707761        1.58869967554436
H           -1.59826643656456        4.83409158234355        1.46193163297294
C           -1.02340908570023        2.86905195413166        0.51901907107340
C           -0.94079043599883        3.23619496434077       -0.83739514535356
C           -0.83359961325777        2.28442962161030       -1.86969602371338
C           -1.07643597983797        2.58740930037026       -3.26609447190789
H           -1.27272053418271        3.58620383678895       -3.65760705236371
C           -1.06034010808989        1.39895331453155       -3.93902903779885
H           -1.23702903876227        1.21448724113037       -4.99953197675548
C           -0.74166527473804        0.37115745515535       -2.96599167469083
C           -1.04000178623104        4.68678397254863       -1.22363180976610
C            0.12840840856473        5.39036258392262       -1.60614824511830
C            0.06699214598675        6.73152955105248       -2.02625835679280
C           -1.16874280596712        7.38571669795505       -2.03703139225980
H           -1.22053677127433        8.43518883027135       -2.35555782935609
C           -2.34032570561833        6.72670376940899       -1.65271601757884
C           -2.27519254596510        5.37556432369582       -1.26323545298019
Fe          -0.24744304389115       -0.03623956123250        0.00708598940026
Cl          -2.47345828259383       -0.68898782644420        0.03791932732547
C           -1.55801337649412        0.81706005072794        4.69018208344590
C           -0.77025765541577        1.36730439894035        5.73642148085118
C           -2.90699313909468        0.44732041337310        4.95233693164770
C           -1.31900136629996        1.55044122154453        7.02165763788975
N            0.56712375241087        1.73185639003892        5.43315166631738
C           -3.45197592071476        0.65533852618664        6.23774054529485
N           -3.65420262119031       -0.15038143799859        3.90979561778905
H           -0.69121543972621        1.96187778056369        7.81667234024560
C           -2.65285338658538        1.19751259866404        7.24774496302178
C            1.56101342067454        2.15372088766637        6.28753562322389
H            0.81529502276804        1.63282309577662        4.44710240735920
H           -4.49619636546673        0.38640765107772        6.41604734417770
C           -4.98029227051435       -0.53653358060670        3.92334699947732
H           -3.14447510100066       -0.32093765061204        3.03767823754190
H           -3.08278318371880        1.34837027473145        8.24639134400750
O            1.44535711687609        2.26217980448047        7.50346681453753
C            2.86725838507931        2.48849373012770        5.59841008584847
O           -5.75889779136423       -0.30821720370761        4.84409071735612
C           -5.41654063946784       -1.29436664329874        2.69244932985895
C            4.14683762740525        2.11631678551909        6.30325057229090
H            2.89404400555583        2.48884553786774        4.50320081570865
C            3.71427765433855        3.56262620338882        6.29140533917124
C           -6.78704891882347       -1.00862651690763        2.13062243475527
H           -4.64850747435449       -1.60038724945326        1.97275050825273
C           -6.57509677506291       -2.27255320414387        2.92966311813952
H            4.05642541434420        1.59416973127854        7.25891311431132
H            4.99688402795045        1.84412489698159        5.67441021191108
H            3.29921576376912        3.96007174310891        7.22096603106794
C            4.46154538859313        4.53461021143793        5.43526425902911
H           -7.37255200927775       -0.22834286549138        2.62512387013184
H           -6.90015368163916       -1.09897287799872        1.04672806469527
H           -6.96976144826605       -2.28001294892232        3.95047474545512
C           -6.55855435897927       -3.59330785420175        2.23623860040068
O            4.56045075410557        5.73172684103692        6.03813202646933
O            4.93592525151052        4.27826209980920        4.34547836276115
O           -7.14166623903502       -4.54291945932595        3.00087961392615
O           -6.09915925326456       -3.80613092195225        1.13219627279187
C            5.27608572876913        6.80357732961922        5.35487050011200
C           -7.23204648116714       -5.89374258071909        2.46702648847923
C            4.26776010662735        7.67148782763421        4.58946622717683
C            6.05526588224508        7.56831533976649        6.42369155975634
H            5.96343355440467        6.32176699303386        4.63669747033730
C           -7.18891809479939       -6.84256003227141        3.66587580828680
C           -8.50726077838404       -6.02185886653119        1.62626078832057
H           -6.34869038333625       -6.04556201554918        1.81798053114817
H            3.74254589787126        7.07073008712366        3.82885685805582
H            3.52799517899307        8.09873368754328        5.27950951409809
H            4.79034359489931        8.49604348768354        4.08519009888431
H            6.75013083228101        6.90229332556836        6.95123450926745
H            6.64022297275680        8.37821700459708        5.96758467368546
H            5.37694361535424        8.00834451265739        7.16584971144850
H           -6.26213834780127       -6.69887237334067        4.23640351765159
H           -8.04423825821401       -6.66529588786736        4.33520454615854
H           -7.23553083481476       -7.88692374098523        3.32789939850084
H           -8.47958098937920       -5.31877294805821        0.78263107470617
H           -8.60102521430906       -7.04158549962123        1.22750120971522
H           -9.39872522366678       -5.81313315108136        2.23722674758155
C           -0.79041301155773       -1.45356513947216       -4.70559267630338
C            0.14421653097371       -1.23659656431790       -5.75419880737871
C           -1.99308806851997       -2.16068501816258       -4.98118395836878
C           -0.08667174003334       -1.77345849958466       -7.03634840698322
N            1.28609784528163       -0.44885500939476       -5.46044966709701
C           -2.21227739203944       -2.70174155540952       -6.26587434668277
N           -2.95510652151584       -2.25291286764720       -3.94846501478808
H            0.64945499733624       -1.60034310246834       -7.82658218882125
C           -1.25522453131027       -2.50751460481155       -7.26634433515475
C            2.20480685049485        0.10107321287866       -6.32795463435394
H            1.32218449048606       -0.11919936772649       -4.49436980802216
H           -3.13141177419529       -3.26398294974671       -6.45137083013079
C           -4.17919966421784       -2.89113465871699       -3.96647062176566
H           -2.72742015023642       -1.73824847978925       -3.09347067394258
H           -1.43078491534290       -2.93249104052368       -8.26319568067249
O            2.28708449002086       -0.15578182436647       -7.52322383704793
C            3.11091688505504        1.12456687804279       -5.67752742963686
O           -4.57200555576281       -3.61395561179458       -4.87676587031896
C           -5.03224756596990       -2.60684506001807       -2.75422279794950
C            3.39733685943023        2.37619055192108       -6.47039076414885
H            3.07287187088774        1.23384128452037       -4.58797880456691
C            4.48378167943817        1.33815659282509       -6.31443642471051
C           -5.91093005757700       -3.70867828283212       -2.22021429165814
H           -4.66262429515749       -1.88116022759386       -2.02019226422356
C           -6.54495741853157       -2.59884864979253       -3.02327814772344
H            2.93853172967449        2.45027896060223       -7.45997144271636
H            3.50913838668902        3.30819813719302       -5.91127329553458
H            4.71365977353538        0.71974167403122       -7.18580649820492
C            5.62665785159111        1.65750493024559       -5.40292876605124
H           -5.84740660906124       -4.67701674817418       -2.72355755655250
H           -6.06855816924765       -3.72091171527257       -1.13844432863535
H           -6.83345637534461       -2.83661361489986       -4.05181203139739
C           -7.38283962169674       -1.56759848061913       -2.34299306931492
O            6.78761120824739        1.20979241677726       -5.90874646328493
O            5.51958268599731        2.26368059449164       -4.35396752721469
O           -8.40059089460211       -1.17356999964865       -3.13853205524817
O           -7.19795719768757       -1.13607576660369       -1.22275318124110
C            8.01578425314692        1.45766744271324       -5.16184151894596
C           -9.32369118952433       -0.17205549739858       -2.62435027146908
C            8.93101074987673        0.25769683960742       -5.40696092352279
C            8.61330770725411        2.79312218145127       -5.61340005429187
H            7.73423736580882        1.52031987292606       -4.09517513874744
C           -8.77622125479875        1.22971244221939       -2.92178992691733
C          -10.67930646973732       -0.45278081104153       -3.27167758142537
H           -9.37585724319240       -0.31491737577545       -1.52964878691509
H            8.44005302809540       -0.66924504256830       -5.08240703455726
H            9.18053873738726        0.16925694582526       -6.47508605957420
H            9.87010675356133        0.37674714890800       -4.84894591770113
H            7.91419784335982        3.61441101349052       -5.41099683635558
H            9.54768408910075        2.99629759781829       -5.07211547673121
H            8.84205915614905        2.77348257120722       -6.68968844090219
H           -7.80372179427686        1.37446073234214       -2.42383184029100
H           -8.64900874454620        1.37198832393441       -4.00390344012484
H           -9.47387478842371        1.99418819850774       -2.55247152775558
H          -11.01804946404403       -1.47249638703710       -3.04022709605775
H          -11.43566037879299        0.25212281472741       -2.90116705237843
H          -10.62162034220247       -0.34988580121993       -4.36328873524479
H            4.35798460757720       -6.01727716465350        2.27165348332640
H            0.51119486525886       -7.86412839695781        1.50343146751686
H            0.97699843841732        7.25039799470504       -2.34877752356932
H           -3.30383449763945        7.24993457417881       -1.65737390501664
O            3.50885744260137       -3.52144292355433        1.62838162483090
O           -0.68610199170271       -5.53225771883737        0.79358592530494
O            1.28671001241504        4.64516562403664       -1.60875761504012
O           -3.37291935736873        4.65847102988622       -0.84746085106080
C            4.85375156815124       -3.55089689196245        1.99706809361748
C            5.83826536365352       -3.82121863364940        1.03618604735253
C            5.20853372107771       -3.23002167077708        3.31411467007988
C            7.18898248131055       -3.77701312902374        1.40516875282594
H            5.53622349683694       -4.05842047162334        0.01089978672865
C            6.56286763317968       -3.18721103163510        3.67095034447831
H            4.41651463093718       -3.01316810009517        4.03818870791994
C            7.55478662875401       -3.46201649289734        2.72041561388452
H            7.96225224367635       -3.98684936235535        0.65744269350529
H            6.84599212363004       -2.93640465951819        4.69939544063245
H            8.61515689329163       -3.42883228117461        3.00427057087570
C           -1.64744704062630       -6.52042047989766        0.97960091182000
C           -1.99568090289581       -6.97154326570536        2.26096729737675
C           -2.32243802885938       -6.99783421135787       -0.15230431700571
C           -3.01272415299742       -7.92373921952405        2.40093596857425
H           -1.47132267989090       -6.57073126906986        3.13501940811360
C           -3.34368600711389       -7.94354058444045        0.00229863771221
H           -2.03955019672158       -6.61161704588224       -1.13687097822965
C           -3.68752260601808       -8.41448255885850        1.27572861777104
H           -3.28489537458486       -8.28167129152218        3.40005192997287
H           -3.87347808524960       -8.31689140882797       -0.88078450770214
H           -4.48319471325680       -9.16208303662361        1.39247151022240
C            2.55532036084074        5.20015544169011       -1.52809208336950
C            2.87785667822349        6.26082725314196       -0.66630269921952
C            3.55787414080605        4.57920897292913       -2.28955567670059
C            4.20348929760752        6.70759878657699       -0.59054983778923
H            2.09610045568985        6.72803986922618       -0.05744648557481
C            4.87751070929036        5.02976408649750       -2.19700747273210
H            3.29473267000036        3.73940433758826       -2.94196080122225
C            5.20760216575573        6.09818717906097       -1.35350194414726
H            4.45382408598347        7.53962283463416        0.07944323542951
H            5.64171081632204        4.52801115270296       -2.79224193509288
H            6.24367214955337        6.45524524164576       -1.28586268940672
C           -4.66705721692154        5.04922517741719       -1.17128779174582
C           -5.06617851369266        5.26098763401539       -2.49899331248253
C           -5.59717791110516        5.13975003509244       -0.12568559610646
C           -6.40104395750403        5.58424731114321       -2.77185755904296
H           -4.33276652209937        5.16476319179373       -3.30652261135191
C           -6.93056273073420        5.45624821654693       -0.41343829764673
H           -5.25882470668295        4.95128743459595        0.89810754018794
C           -7.33629724678033        5.68566008450020       -1.73407938992342
H           -6.71579720609549        5.75009187696790       -3.80796256337214
H           -7.65863264134803        5.52575882842491        0.40195219196884
H           -8.38172518984800        5.93804927566152       -1.95567374571470
N            1.30952821452108        0.50655132348394        0.13788811608406
C            2.35458725549635        1.11042621180417        0.63385636858478
C            2.18531191544347        2.36825340215343        1.29537740735196
C            3.24407130361900        3.05130801508225        1.83168700524994
C            4.53203925961146        2.53091087016623        1.77788286003497
C            4.72611158963324        1.31095900031577        1.15428390459740
C            3.69239723497228        0.60499771053989        0.56804439233036
C            4.02871213072762       -0.63597285534678       -0.19566296888842
C            4.61879780197100       -0.26092530558003       -1.57373064044856
C            5.80244511355411        0.65356291482612       -1.57888602192053
C            5.85001137797212        1.96958642904362       -1.89772901144797
C            7.23138064903222        2.32375075927997       -2.02763744375003
C            7.96082225823075        3.41270642298173       -2.50431815692377
C            9.33491508784532        3.39192734016205       -2.44758884653709
C           10.01001153198466        2.26418448017287       -1.99005911864072
C            9.32211105636065        1.12195813802137       -1.62973880237876
C            7.93507031644862        1.15664179094082       -1.66413015927275
O            7.07169715550628        0.13994062546823       -1.41625787587766
H            1.19476822966394        2.78122506910544        1.34547209297468
H            3.07497152023839        4.00349208652141        2.31165026887047
H            5.35191675011337        3.07074840864998        2.22184735047360
H            5.72043422391105        0.89087828001337        1.11270553226248
H            3.12983890975465       -1.23241568346004       -0.35747368148065
H            4.75695875802111       -1.22882749306469        0.36126723420681
H            4.89560167966874       -1.18100387595251       -2.09347756300277
H            3.83389942232441        0.24078984524763       -2.14569543138907
H            5.00072470842952        2.59290750503547       -2.04431117187167
H            7.45953288032401        4.26652448458058       -2.96021935900099
H            9.88714867497900        4.25679038443077       -2.79152537337573
H           11.08625165214981        2.27626678358288       -1.94999193582714
H            9.83042063217213        0.22113926280692       -1.33258217072948
245
 energy: -403.409593407116 gnorm: 0.021883616928 xtb: 6.7.1 (edcfbbe)
N            0.12140221037461       -1.73982416364672       -1.02798810460551
N           -0.05429323076156       -1.06508500538203        1.73506038782196
C           -0.52883365662375       -0.97821495293192       -3.30077977622455
C           -0.06339337635625       -1.93604144156546       -2.37280253274766
C            0.34877130570633       -3.27980279391017       -2.73321941480969
H            0.29740842534020       -3.69481005484728       -3.74088238089295
C            0.80842946970331       -3.87089093467265       -1.59018440720658
H            1.21276207741369       -4.87592518261326       -1.46261059963905
C            0.63098005297228       -2.91076806288691       -0.51781765247223
C            0.85322779958576       -3.19849759956654        0.84333238014514
C            0.46279481236839       -2.32773187955050        1.88040534617584
C            0.42961414445379       -2.70568327155779        3.28077626332000
H            0.78302152412039       -3.66130303202387        3.67100315656489
C           -0.15624315106851       -1.67491313201095        3.95831658684974
H           -0.37646848905970       -1.59616681027667        5.02378853967681
C           -0.44301447757574       -0.64161988007603        2.98067874358869
C            1.42001182580356       -4.54287740445330        1.21619114889973
C            2.77336995973571       -4.67834784355429        1.60702456716278
C            3.31141004141545       -5.92904501085579        1.96085531833694
C            2.49188880011008       -7.06074153424119        1.91602572660491
H            2.91050756761860       -8.04063921784908        2.18087641102142
C            1.15036204710912       -6.96696423508032        1.53669634391355
C            0.61677634232070       -5.70869391812434        1.19888780874168
N           -0.85044218919198        1.60536606530444        1.02443283588511
N           -0.62554840956536        0.94029018291371       -1.72264471189875
C           -1.00742728625035        0.61107399595195        3.29865642903181
C           -1.13157029163578        1.66421892369835        2.36559045245849
C           -1.51058848402960        3.01652537752519        2.72306583701432
H           -1.80491240364103        3.33154084480983        3.72502243417556
C           -1.40599666342882        3.77156494384295        1.58760992285278
H           -1.60412901591059        4.83627942417141        1.46122659306638
C           -1.02845454063112        2.87192045745366        0.51737372816743
C           -0.94736358013343        3.23946691551195       -0.83904069495561
C           -0.84027239377852        2.28802956527618       -1.87164279929914
C           -1.08460251446908        2.59114054880231       -3.26776125847536
H           -1.28207547204310        3.58985940596168       -3.65885460991234
C           -1.06810834954013        1.40286807290077       -3.94098304253986
H           -1.24558407493128        1.21849423522324       -5.00136482365545
C           -0.74771016796948        0.37510241206902       -2.96846294088313
C           -1.04810787051893        4.69006535499694       -1.22485595846732
C            0.11937759539860        5.39470936113455       -1.60825828502076
C            0.05643716629148        6.73591387553354       -2.02800195636791
C           -1.17986850015245        7.38905171286064       -2.03753088122933
H           -1.23284062743457        8.43854781254708       -2.35576856352267
C           -2.35055079944123        6.72896194312328       -1.65231578938470
C           -2.28393140325386        5.37779222216769       -1.26319740647727
Fe          -0.25065061792277       -0.03256888293773        0.00384009641193
Cl          -2.47588659861516       -0.68721843925438        0.03675017134083
C           -1.55758808824523        0.81852834460530        4.68854528231564
C           -0.76938587792359        1.36920452021606        5.73421038733386
C           -2.90600007592532        0.44758180831891        4.95182716550189
C           -1.31712111409472        1.55158048048332        7.01997640226834
N            0.56744612709777        1.73497244860538        5.42983296376972
C           -3.45002453408974        0.65482413320689        6.23775479967627
N           -3.65366041771151       -0.15053151634819        3.90978821504521
H           -0.68898161393196        1.96336752761680        7.81453061372029
C           -2.65046772844236        1.19745295841008        7.24717686127899
C            1.56168266515542        2.15749099137622        6.28344194835353
H            0.81478800870017        1.63637922844076        4.44354292243551
H           -4.49385228734269        0.38496123257145        6.41693675649328
C           -4.97936617892803       -0.53780401614461        3.92447198039588
H           -3.14454153157206       -0.32043992690485        3.03719690479534
H           -3.07962959804883        1.34770705428574        8.24624174256080
O            1.44704784676763        2.26557620451889        7.49949417687261
C            2.86705611141641        2.49355548404022        5.59322495795730
O           -5.75736338753038       -0.31038449377832        4.84594783823775
C           -5.41608895477669       -1.29574934769265        2.69376373686539
C            4.14756652507894        2.12230636315780        6.29685736469208
H            2.89285043727131        2.49417292155999        4.49799992070653
C            3.71374612151678        3.56824283726339        6.28572897079667
C           -6.78733570423459       -1.01103878949011        2.13323830436871
H           -4.64843423286125       -1.60093272787313        1.97331593727126
C           -6.57358711296609       -2.27496173609688        2.93180122282190
H            4.05845586730414        1.59985627854290        7.25247634949037
H            4.99728519972322        1.85097186048009        5.66721408171722
H            3.29918211406083        3.96513762348440        7.21573282052463
C            4.45940358941029        4.54111927042948        5.42915039452799
H           -7.37305984842142       -0.23136956265002        2.62844517188272
H           -6.90133184165103       -1.10122807109523        1.04942509452347
H           -6.96733196052074       -2.28301381922796        3.95296336056666
C           -6.55654087344674       -3.59557488219106        2.23805999297984
O            4.55783572047548        5.73815965206153        6.03216748970898
O            4.93304223313041        4.28539757934854        4.33889916085187
O           -7.13814906798913       -4.54584600308372        3.00298541994940
O           -6.09794961529306       -3.80772345217835        1.13354765981354
C            5.27193304936396        6.81077145334685        5.34853453401083
C           -7.22784935290817       -5.89661840505338        2.46892021904243
C            4.26217172969547        7.67802116703299        4.58417600055362
C            6.05139470166952        7.57597063541639        6.41681639829121
H            5.95904938079888        6.32973858638303        4.62963453170789
C           -7.18282955657791       -6.84569436173353        3.66751002738104
C           -8.50370994127100       -6.02563999021127        1.62925271198281
H           -6.34495209064593       -6.04753724450173        1.81903603639931
H            3.73682335766141        7.07696267899787        3.82390826206416
H            3.52267195124234        8.10446019016636        5.27497617983355
H            4.78360942296502        8.50312560337243        4.07963035517953
H            6.74729950261637        6.91042764014215        6.94359805165318
H            6.63524457813216        8.38648324341892        5.96036483366950
H            5.37335640787288        8.01524770875915        7.15966613962502
H           -6.25566834527612       -6.70134411504941        4.23723386498957
H           -8.03769918394118       -6.66931919714323        4.33764416142489
H           -7.22885298462717       -7.89001727437293        3.32932620288309
H           -8.47738332969005       -5.32233065061579        0.78577072644645
H           -8.59695098958266       -7.04535490265172        1.23035048485543
H           -9.39479510140036       -5.81782309453817        2.24108035838032
C           -0.79644470434492       -1.44925575222346       -4.70845892558134
C            0.13704982245098       -1.23124256841590       -5.75785073700998
C           -1.99874854339123       -2.15733133714301       -4.98314262059990
C           -0.09451755005748       -1.76798281996069       -7.03991649969942
N            1.27854708922138       -0.44257622098397       -5.46493896214502
C           -2.21864184657029       -2.69826623074956       -6.26775298849200
N           -2.95979798783122       -2.25062720528385       -3.94955796238840
H            0.64075005363505       -1.59404695507938       -7.83077022245329
C           -1.26264978215888       -2.50298507571779       -7.26903928536271
C            2.19597688788921        0.10829722875151       -6.33314252282391
H            1.31518405617314       -0.11313822980200       -4.49881742671786
H           -3.13745930334622       -3.26124970310374       -6.45256023753901
C           -4.18331724568742       -2.88988984012652       -3.96664730803004
H           -2.73176000725339       -1.73596574186988       -3.09466619784029
H           -1.43874261686309       -2.92786566065037       -8.26583287397431
O            2.27742489398536       -0.14815839670226       -7.52854246356304
C            3.10183213022592        1.13244907886472       -5.68328057775804
O           -4.57634662864906       -3.61283072745639       -4.87674132557909
C           -5.03555515021035       -2.60660756940474       -2.75354125996064
C            3.38644714704907        2.38451748751387       -6.47609714992504
H            3.06461421248350        1.24142176273233       -4.59369247306056
C            4.47399147105533        1.34745527589357       -6.32128764116455
C           -5.91280651333045       -3.70932508101381       -2.21900986480469
H           -4.66588220252125       -1.88078421125243       -2.01968332186318
C           -6.54848696170335       -2.59985531171979       -3.02124946070658
H            2.92671069501637        2.45843523319616       -7.46524577954712
H            3.49796212222684        3.31647952273114       -5.91685681835659
H            4.70358871410339        0.72938575984860       -7.19304608692607
C            5.61751921898186        1.66769495148758       -5.41034797689753
H           -5.84890610115816       -4.67749131287402       -2.72263653811946
H           -6.06945737013147       -3.72194670449560       -1.13710281972287
H           -6.83771564748463       -2.83761339691715       -4.04957667864827
C           -7.38666580887059       -1.56945283231988       -2.33997692418888
O            6.77834733313995        1.22105013367637       -5.91759837038813
O            5.51112855935387        2.27299625192994       -4.36054692020585
O           -8.40544720444379       -1.17612497058418       -3.13448488182867
O           -7.20113014986696       -1.13805490188463       -1.21979226950672
C            8.00683147095077        1.46963971176779       -5.17193168052841
C           -9.32893961059815       -0.17553593592180       -2.61925609961876
C            8.92292240305641        0.27041154151326       -5.41809707184693
C            8.60301977507082        2.80584704204149       -5.62323757007311
H            7.72564299707771        1.53213712439257       -4.10539058356320
C           -8.78292926809760        1.22679781711786       -2.91686466070801
C          -10.68490109838375       -0.45725999344187       -3.26542620429279
H           -9.38000597697485       -0.31867988153521       -1.52454044584798
H            8.43302153761731       -0.65703379459472       -5.09338636404818
H            9.17151939784065        0.18251143422981       -6.48654533528926
H            9.86241013228115        0.39014054199961       -4.86091395380652
H            7.90323567910710        3.62645054784994       -5.42034214134921
H            9.53772836021046        3.00953101128433       -5.08262317926255
H            8.83077805118448        2.78662916509321       -6.69990660967585
H           -7.81010892235446        1.37224968669234       -2.41974660163180
H           -8.65680961865961        1.36942401421042       -3.99905216794106
H           -9.48090711130745        1.99057518866588       -2.54673779589122
H          -11.02256551457364       -1.47732036978119       -3.03390532980925
H          -11.44152378272219        0.24690787810510       -2.89406468115788
H          -10.62828020958982       -0.35405870919075       -4.35705981708317
H            4.36208084210448       -6.01023774758191        2.26316009864946
H            0.51619057868964       -7.86018052629261        1.49791712432807
H            0.96571492094212        7.25561961117400       -2.35122390340392
H           -3.31451246127660        7.25137117509448       -1.65599384567749
O            3.51022383507102       -3.51500152102008        1.62126100681717
O           -0.68373122997711       -5.52915728078296        0.78968942009447
O            1.27836734578090        4.65049228507526       -1.61207766673098
O           -3.38066720895012        4.65967613524201       -0.84660599392842
C            4.85549991428497       -3.54339673772522        1.98874680612799
C            5.83938953675179       -3.81265238094903        1.02689558871113
C            5.21117032398672       -3.22251026326779        3.30556691257588
C            7.19039301040080       -3.76739033298909        1.39468821808304
H            5.53663152383518       -4.04986946997054        0.00181950697371
C            6.56579547216838       -3.17862053739890        3.66119231268413
H            4.41961044616639       -3.00647739931654        4.03037990089555
C            7.55710095311261       -3.45237315754841        2.70969303238736
H            7.96317340334690       -3.97640618190699        0.64622927942804
H            6.84962037531994       -2.92779583531499        4.68944324854375
H            8.61770085464108       -3.41834331403805        2.99261913799644
C           -1.64407289724047       -6.51818952839675        0.97633573433150
C           -1.99076318443084       -6.96990522136480        2.25790806215930
C           -2.31965881529856       -6.99590990181568       -0.15508713028594
C           -3.00686549640874       -7.92300530363285        2.39856331105817
H           -1.46597057696035       -6.56884978564443        3.13158942687831
C           -3.33995695904874       -7.94252557384831        0.00020892495001
H           -2.03798636831067       -6.60921956802224       -1.13981667426954
C           -3.68224587738908       -8.41406095429285        1.27384078426444
H           -3.27783077063624       -8.28140392336836        3.39784048591518
H           -3.87021911922925       -8.31611980641428       -0.88248767574692
H           -4.47717119391600       -9.16236986192601        1.39112049012583
C            2.54661877644901        5.20652049924629       -1.53252792006742
C            2.86889912106147        6.26728111849051       -0.67074937273117
C            3.54931787307866        4.58622728126447       -2.29492450407576
C            4.19421793993653        6.71516821892687       -0.59619852282604
H            2.08730098523547        6.73369050223448       -0.06104188909668
C            4.86887295837788        5.03785387022313       -2.20421906384087
H            3.28618553038288        3.74644191615338       -2.94707195271828
C            5.19829067282964        6.10659484950647       -1.36010638090779
H            4.44444656751915        7.54723491553744        0.07386855352960
H            5.63576879655718        4.53272790896019       -2.79715577830939
H            6.23396883356582        6.46480733005560       -1.29307283936053
C           -4.67544528447851        5.04940116055927       -1.16918414735297
C           -5.07592517025843        5.26112817206083       -2.49647328071860
C           -5.60470678038615        5.13888652880020       -0.12272566312875
C           -6.41131533606754        5.58331162985631       -2.76806348482912
H           -4.34315244694634        5.16571791520097       -3.30467589763741
C           -6.93862094180197        5.45431196689938       -0.40920478747293
H           -5.26528315249750        4.95047538586696        0.90071692696876
C           -7.34573084743935        5.68368142810184       -1.72942892474686
H           -6.72713711146373        5.74912769328261       -3.80384122198705
H           -7.66602556415720        5.52300978068517        0.40684923539557
H           -8.39157525605472        5.93522865185324       -1.95002120106400
N            1.30336882671543        0.51562480220313        0.12723988047154
C            2.35025435683974        1.12135419299247        0.61817500312873
C            2.18232212640874        2.38329394774397        1.27069185948352
C            3.23958415546168        3.05839611904276        1.82045056503215
C            4.52388795249602        2.52762095972243        1.78116538117199
C            4.71795192422440        1.31011749374572        1.15299652950267
C            3.68555156675615        0.60986773192447        0.55685188930466
C            4.02158325787300       -0.63521139864409       -0.20056031516850
C            4.64006761419264       -0.27829461085392       -1.57127093403629
C            5.83577038718071        0.61963939900215       -1.56264847698697
C            5.90078491378929        1.93639597771909       -1.88201220036210
C            7.28547381792220        2.27850383984308       -1.98644454261643
C            8.02136376422063        3.36696627045048       -2.44951837132280
C            9.39575042229008        3.32755979420601       -2.40044781875245
C           10.05886633420189        2.19029018285429       -1.93987725607051
C            9.36199417835153        1.05364672907869       -1.57254046962961
C            7.97582679498913        1.09923893657674       -1.62377805483309
O            7.09502549743455        0.09307348176038       -1.38228676547109
H            1.19481495604133        2.80584995015393        1.30797559051904
H            3.07199329246673        4.01134513124743        2.29971402806732
H            5.34208940372735        3.05819713289854        2.23925756538416
H            5.71008400929529        0.88390825472729        1.11970089582878
H            3.12365596909631       -1.22437720822264       -0.37036879429132
H            4.73460112872391       -1.23103361552839        0.36758440773666
H            4.91150685732550       -1.20684531344887       -2.07888281131309
H            3.87164704676617        0.22987915233856       -2.15840304455559
H            5.05857606375377        2.57117914967323       -2.03183911783303
H            7.51031947478349        4.25279209469614       -2.83541620720496
H            9.96440764573916        4.18563912073908       -2.73358158410177
H           11.13721908008502        2.19043002390095       -1.89323821234484
H            9.86918140845336        0.15264641320339       -1.26551685087449
245
 energy: -403.412308207818 gnorm: 0.019126422252 xtb: 6.7.1 (edcfbbe)
N            0.11915909174878       -1.73569984012727       -1.03161019827802
N           -0.05456300043234       -1.06158740601692        1.73169458415525
C           -0.53365477058247       -0.97410512760896       -3.30367464194849
C           -0.06662724004789       -1.93173056615182       -2.37631359353422
C            0.34635850536933       -3.27508652028463       -2.73737155223363
H            0.29446184553260       -3.68991637864395       -3.74507428779569
C            0.80749067283158       -3.86603279991855       -1.59487429283621
H            1.21276962744584       -4.87075219890946       -1.46785865271787
C            0.63017418222537       -2.90628195277658       -0.52213310419351
C            0.85384548655349       -3.19411385672937        0.83877357245826
C            0.46360508051822       -2.32388858501205        1.87635716087782
C            0.43193632487855       -2.70215843947837        3.27668874047033
H            0.78648284458893       -3.65755802739565        3.66640458316903
C           -0.15417542173340       -1.67201794895765        3.95494429426831
H           -0.37353701756389       -1.59367867356667        5.02061723033365
C           -0.44264815364758       -0.63874435246653        2.97776123245625
C            1.42207838039512       -4.53811359545564        1.21085217592900
C            2.77588478599739       -4.67253347164806        1.60048761469472
C            3.31526360452322       -5.92286531454240        1.95357661609474
C            2.49665749117460       -7.05522469365066        1.90921298800151
H            2.91632121140925       -8.03482496923384        2.17348631338485
C            1.15473012862810       -6.96247551243963        1.53106845694695
C            0.61980095348482       -5.70458215581026        1.19399253297100
N           -0.85359333716457        1.60832272340676        1.02242601690388
N           -0.63073642484613        0.94401844536042       -1.72513855221162
C           -1.00782294915516        0.61340178520182        3.29649592993875
C           -1.13359738697794        1.66664673750786        2.36373882345713
C           -1.51346689374393        3.01857488782899        2.72184149332195
H           -1.80719324262877        3.33312558642426        3.72411331236971
C           -1.41051016010285        3.77393240616489        1.58648972679840
H           -1.60961378014127        4.83849715026723        1.46046758828747
C           -1.03313909413571        2.87479969655133        0.51572824278737
C           -0.95355488096322        3.24272035756033       -0.84069742942541
C           -0.84655746145057        2.29157989348075       -1.87358738839201
C           -1.09234137249818        2.59479153633933       -3.26943618434278
H           -1.29096849248436        3.59342546572172       -3.66012964971680
C           -1.07545233012813        1.40669128027088       -3.94291650687892
H           -1.25369568462037        1.22239215609505       -5.00316877066023
C           -0.75338175681411        0.37897518690673       -2.97088073213015
C           -1.05579864568466        4.69332685143375       -1.22612281463784
C            0.11080253052108        5.39899323356471       -1.61039606994688
C            0.04635764353282        6.74023412121554       -2.02978658005973
C           -1.19048607552298        7.39234560629875       -2.03811550458169
H           -1.24460279745280        8.44185645717196       -2.35608285356892
C           -2.36028325271848        6.73121089215928       -1.65202403218793
C           -2.29221503980260        5.38002283558396       -1.26324767592727
Fe          -0.25365231841986       -0.02889847028741        0.00058982963543
Cl          -2.47802424000711       -0.68541638955948        0.03560681173553
C           -1.55695682704285        0.82011265398531        4.68691709181934
C           -0.76832582976164        1.37122470717101        5.73201449137529
C           -2.90480385942992        0.44799964513928        4.95130293470981
C           -1.31507108734434        1.55287878973947        7.01828223352647
N            0.56799150800228        1.73816679458776        5.42655600775054
C           -3.44789295007473        0.65450557334909        6.23772797005776
N           -3.65292314072397       -0.15053499844733        3.90975151473157
H           -0.68659878231845        1.96501978706097        7.81238319106481
C           -2.64792293457150        1.19759146240845        7.24657441882319
C            1.56253902448615        2.16133660007772        6.27939922605123
H            0.81450442816236        1.63998974614542        4.44003683157597
H           -4.49133206956568        0.38374175310931        6.41776888263873
C           -4.97822764923185       -0.53888872495414        3.92555348072261
H           -3.14438465544890       -0.31982162487239        3.03671640914287
H           -3.07633300531288        1.34727539722772        8.24603793059090
O            1.44892079800159        2.26907904337354        7.49555665882441
C            2.86708070428496        2.49864957174432        5.58811286762068
O           -5.75564069246416       -0.31233682221426        4.84772047765771
C           -5.41542843795559       -1.29696856772273        2.69502992000103
C            4.14848807886127        2.12831444602281        6.29057265856447
H            2.89189784998537        2.49950591291199        4.49288538995621
C            3.71344793122618        3.57387406191031        6.28012417920416
C           -6.78738429001049       -1.01326844642488        2.13577292208624
H           -4.64814357330683       -1.60134163157254        1.97387213355976
C           -6.57188956789048       -2.27716914354892        2.93388227542142
H            4.06065569279157        1.60558845768496        7.24614458869455
H            4.99787665711483        1.85780473901434        5.66016052935333
H            3.29938235275364        3.97025238419921        7.21054638618754
C            4.45753996320589        4.54762126517652        5.42310518498958
H           -7.37332363536802       -0.23419863277876        2.63164118229189
H           -6.90225169611275       -1.10331777318475        1.05205279531104
H           -6.96474274306756       -2.28578676150065        3.95537160946626
C           -6.55435921638934       -3.59765620260759        2.23985805783616
O            4.55553973405081        5.74455664580039        6.02624637907646
O            4.93044585356523        4.29246996882687        4.33240392815411
O           -7.13450338988099       -4.54855185945935        3.00504759529800
O           -6.09655164477477       -3.80916032916750        1.13490199622549
C            5.26811966558523        6.81791036936703        5.34225493516830
C           -7.22354344490242       -5.89928112867112        2.47080936996786
C            4.25695713651286        7.68451459000251        4.57890628312101
C            6.04785271463405        7.58357718250907        6.41000297781074
H            5.95499839543542        6.33763409708705        4.62265315127673
C           -7.17668584376911       -6.84859008319144        3.66915960638564
C           -8.50003174012530       -6.02920069499856        1.63220727244338
H           -6.34109692763439       -6.04933302829431        1.82012226277062
H            3.73148349006977        7.08314924786230        3.81899039392918
H            3.51773740443761        8.11016929685942        5.27043645757920
H            4.77728509788075        8.51012839513622        4.07410741746761
H            6.74475579220289        6.91852001673581        6.93604403475044
H            6.63062465376180        8.39465897461680        5.95322141342524
H            5.37011016408567        8.02212515597636        7.15351180491197
H           -6.24916522805518       -6.70358238694955        4.23808616930790
H           -8.03110937332883       -6.67307663862503        4.34005884091069
H           -7.22214361275068       -7.89286287407098        3.33079510826122
H           -8.47501486016266       -5.32569257725520        0.78887678319928
H           -8.59276782372026       -7.04889682940262        1.23319441912605
H           -9.39073848733228       -5.82226535358203        2.24485529187863
C           -0.80210039425285       -1.44506373442482       -4.71123923131766
C            0.13028712832452       -1.22605388276262       -5.76139621732996
C           -2.00402782388936       -2.15407294037378       -4.98503619126673
C           -0.10194224821932       -1.76270069318349       -7.04336539781380
N            1.27141055549054       -0.43647669470028       -5.46931416344987
C           -2.22461086938510       -2.69490866364490       -6.26955123142610
N           -2.96415917804242       -2.24839274639064       -3.95060092073330
H            0.63248285363858       -1.58798728658863       -7.83482533921140
C           -1.26965694484230       -2.49862620062768       -7.27163407752902
C            2.18758836630921        0.11529946529395       -6.33819631412982
H            1.30857954961627       -0.10723981238758       -4.50316123362278
H           -3.14311132135748       -3.25861508492596       -6.45368743474070
C           -4.18708577152700       -2.88865983342729       -3.96680661743899
H           -2.73576087916673       -1.73372032590360       -3.09583038659128
H           -1.44626481993844       -2.92343034883395       -8.26835936479948
O            2.26823697213573       -0.14079939408859       -7.53371352204866
C            3.09320644936759        1.14009000660592       -5.68889012082434
O           -4.58035130340255       -3.61173280234560       -4.87667607226779
C           -5.03855719066895       -2.60633958990860       -2.75285909997774
C            3.37606380622362        2.39257828606201       -6.48169004919213
H            3.05679631365625        1.24879008353113       -4.59927741202707
C            4.46462451274116        1.35648905930671       -6.32799011664370
C           -5.91440596035358       -3.70990450094136       -2.21781289466186
H           -4.66882790059318       -1.88037779779590       -2.01919218282790
C           -6.55169122312096       -2.60080294892182       -3.01926298876098
H            2.91541381707566        2.46632361702762       -7.47041474226377
H            3.48728021863919        3.32450284490039       -5.92235890094410
H            4.69399694392273        0.73873461521573       -7.20009416011980
C            5.60884631356940        1.67759441319838       -5.41753682904438
H           -5.85014842628304       -4.67790427768775       -2.72168890388663
H           -6.07010343289454       -3.72289092334844       -1.13578614760578
H           -6.84163949708116       -2.83856689913030       -4.04737424488426
C           -7.39016304646293       -1.57121224394335       -2.33705497787375
O            6.76939334021360        1.23195591228145       -5.92637130335745
O            5.50339677687028        2.28204154136290       -4.36686448524561
O           -8.40994278537407       -1.17858236679501       -3.13054077141520
O           -7.20398661609806       -1.13992530540745       -1.21693651257353
C            7.99821987779411        1.48141013205205       -5.18193608023301
C           -9.33381002149659       -0.17888844452461       -2.61433035845126
C            8.91523461143684        0.28283854247234       -5.42891163179441
C            8.59304174545950        2.81825554628233       -5.63315569053533
H            7.71745789276744        1.54444921484398       -4.11561769121126
C           -8.78922305877224        1.22399820923219       -2.91211866512405
C          -10.69010766692951       -0.46158678384589       -3.25937666494544
H           -9.38380835916649       -0.32228319916049       -1.51960653178192
H            8.42638835165286       -0.64509337469134       -5.10403058556901
H            9.16295772227151        0.19537955700218       -6.49763949810618
H            9.85509538838276        0.40319853542207       -4.87259996368610
H            7.89281049937980        3.63822026896992       -5.42932910321888
H            9.52806695229404        3.02251774379494       -5.09341375341986
H            8.81990893276620        2.79939289815344       -6.71007036919818
H           -7.81609774049809        1.37013228304066       -2.41582236405003
H           -8.66417371663736        1.36694182084796       -3.99436370034459
H           -9.48751180871794        1.98708531857693       -2.54122802250123
H          -11.02671941242401       -1.48196343065204       -3.02777730569991
H          -11.44698157096680        0.24185816566650       -2.88721152108989
H          -10.63452646184041       -0.35810734959538       -4.35101432975000
H            4.36626417579193       -6.00324947248203        2.25495101337989
H            0.52127379304858       -7.85620792915397        1.49264908523425
H            0.95492520704106        7.26075004534905       -2.35369391945792
H           -3.32467729887697        7.25281955232977       -1.65475704975293
O            3.51176808993414       -3.50860300479458        1.61432833715886
O           -0.68120433552724       -5.52603715673342        0.78595595774367
O            1.27039124055227        4.65574337985119       -1.61535874347151
O           -3.38799818484333        4.66091382313573       -0.84584456724432
C            4.85742256969051       -3.53595174951958        1.98066103137920
C            5.84069338620453       -3.80417979512251        1.01789350725507
C            5.21395281850143       -3.21504066513745        3.29723958173910
C            7.19196484582501       -3.75788906385145        1.38451194425905
H            5.53723778602965       -4.04144022640183       -0.00696151554491
C            6.56884940042265       -3.17010882984805        3.65169159982313
H            4.42284738677842       -2.99980956070570        4.02276857387325
C            7.55954993751800       -3.44284023528860        2.69926736795660
H            7.96426434897003       -3.96611104991711        0.63535688509619
H            6.85335948370335       -2.91925423184196        4.67974065243110
H            8.62036534739941       -3.40798898369467        2.98129277563778
C           -1.64057381824133       -6.51590981780770        0.97323378548339
C           -1.98576450272326       -6.96818260820277        2.25499375861447
C           -2.31674210373156       -6.99394919678677       -0.15770711283391
C           -3.00094823184964       -7.92215743232635        2.39632870279328
H           -1.46055158771249       -6.56687983029408        3.12829977030235
C           -3.33610520404933       -7.94144269789754       -0.00172732270618
H           -2.03625066124906       -6.60681771532621       -1.14258852429757
C           -3.67688856091941       -8.41353378225516        1.27210115515736
H           -3.27073825356260       -8.28099632824495        3.39575419731349
H           -3.86682241622573       -8.31529269049071       -0.88402772758064
H           -4.47108184310851       -9.16252873124433        1.38990711028083
C            2.53832709517401        5.21280406062273       -1.53690938038694
C            2.86039025566009        6.27363232252812       -0.67512167363194
C            3.54102238087701        4.59329069567083       -2.30021054503756
C            4.18539724720211        6.72259869134715       -0.60177541800970
H            2.07895331548521        6.73926503451956       -0.06462304094976
C            4.86055261371058        5.04593989208112       -2.21153121490642
H            3.27793805183019        3.75349396886376       -2.95217561234596
C            5.18937255769263        6.11484520789387       -1.36665029298377
H            4.43553652175483        7.55471451742384        0.06834447327041
H            5.62956522757098        4.53721109290535       -2.80261728507681
H            6.22466163324506        6.47420809811617       -1.30020154858516
C           -4.68338778714602        5.04962966200049       -1.16722563230655
C           -5.08519606987355        5.26130368104990       -2.49409582906631
C           -5.61181555729478        5.13811921467897       -0.11994104634631
C           -6.42108813149114        5.58243574835644       -2.76445274209149
H           -4.35305269314343        5.16667637620631       -3.30294474554079
C           -6.94622934017059        5.45249815376433       -0.40518475976586
H           -5.27134659220374        4.94977672768756        0.90315296579736
C           -7.35467737125967        5.68180681346308       -1.72500248651485
H           -6.73794943898638        5.74821260588806       -3.79990320779592
H           -7.67298273568427        5.52042169907778        0.41149747616029
H           -8.40091855821914        5.93253459663162       -1.94462088272680
N            1.29880632469859        0.52339377012618        0.11331860227290
C            2.34627115978880        1.13220904818847        0.59765870883694
C            2.18046900835227        2.39798864244236        1.24261374643521
C            3.23594704115196        3.06508767024399        1.80529900542436
C            4.51651953572833        2.52384468232583        1.78073539215239
C            4.71042829887109        1.30683354615168        1.15112864694878
C            3.67969438963000        0.61287034832659        0.54397282134438
C            4.01447218714920       -0.63836548406417       -0.20467271790653
C            4.66258771596824       -0.29650623671719       -1.56869402701781
C            5.86764032890741        0.58595254827108       -1.54478504494803
C            5.94665251153580        1.90299925959217       -1.85995891649826
C            7.33335308165354        2.23594616098475       -1.94041027688265
C            8.07572410348146        3.33209964022992       -2.37905960821283
C            9.45121765795172        3.26505254338443       -2.33836969392230
C           10.10076004721262        2.11874285229817       -1.88868951041217
C            9.39655149888618        0.98730074509295       -1.51687571599936
C            8.01227395318478        1.04672633360057       -1.58298131385467
O            7.11571223252072        0.04813275005993       -1.34983976203332
H            1.19617769416314        2.82925426853708        1.26724282167124
H            3.07002559124794        4.01913706762005        2.28340541704112
H            5.33298200461961        3.04634529283793        2.25040067344411
H            5.70051475419656        0.87605482316951        1.12476684359095
H            3.10201851436782       -1.21724137156843       -0.39432123270460
H            4.70992862771027       -1.24596643191735        0.38736781950368
H            4.92889913510162       -1.23185695890942       -2.06523766379089
H            3.91198261693583        0.21944950443677       -2.17443028373203
H            5.11020040586971        2.54861541058580       -2.00789542619681
H            7.57087023245367        4.23450456345113       -2.72195565989704
H           10.03608246305615        4.11319220580963       -2.66710061850078
H           11.17838237074251        2.10794282094639       -1.84782520011257
H            9.90286139058565        0.08656224304081       -1.20829444395966
245
 energy: -403.414589630392 gnorm: 0.018847670224 xtb: 6.7.1 (edcfbbe)
N            0.11705475048933       -1.73153410505290       -1.03533087163591
N           -0.05471448312500       -1.05798491198469        1.72820634148239
C           -0.53830462505670       -0.96995216799057       -3.30666493859234
C           -0.06970038300331       -1.92736099841883       -2.37990843879420
C            0.34409644949121       -3.27032069856804       -2.74159727271497
H            0.29166559352461       -3.68498080549678       -3.74934114673725
C            0.80669004595031       -3.86111329159522       -1.59963092666769
H            1.21290479229070       -4.86552047190412       -1.47315826161324
C            0.62950786150374       -2.90171909408071       -0.52652930715502
C            0.85459086252004       -3.18964186308083        0.83413621023597
C            0.46454160885434       -2.31994871937707        1.87221848285202
C            0.43436712764740       -2.69852595076873        3.27250060865901
H            0.79004146347043       -3.65370530648932        3.66171893755213
C           -0.15199939357392       -1.66899829026218        3.95146810099265
H           -0.37050580254280       -1.59105609700357        5.01734379261988
C           -0.44215562535639       -0.63575996497096        2.97473985658075
C            1.42424698102097       -4.53325288044829        1.20544295207591
C            2.77848990467137       -4.66664003034943        1.59388888498831
C            3.31920259714789       -5.91659388150950        1.94625596899922
C            2.50149764656125       -7.04961428039072        1.90235994694974
H            2.92219572442177       -8.02891832427713        2.16606615375279
C            1.15917429279840       -6.95789168352188        1.52538540717138
C            0.62291928545888       -5.70037204790597        1.18903023472792
N           -0.85646628422772        1.61132800331197        1.02028635356666
N           -0.63574735316113        0.94780707717097       -1.72773555466344
C           -1.00808496729699        0.61584572160876        3.29421486498131
C           -1.13546881884555        1.66917879550418        2.36175363257643
C           -1.51618831314077        3.02072667144465        2.72048319626701
H           -1.80932302174845        3.33482450983855        3.72307238005341
C           -1.41484097277046        3.77639396662868        1.58523320467272
H           -1.61492446481617        4.84081188746971        1.45956827304892
C           -1.03762670137724        2.87776134521903        0.51396961977543
C           -0.95957025681859        3.24604455763496       -0.84247352146042
C           -0.85266005296991        2.29518402623312       -1.87564775126799
C           -1.09988706678560        2.59848877915500       -3.27122517128481
H           -1.29966636715584        3.59703973973003       -3.66153194077754
C           -1.08260200561234        1.41054633532656       -3.94496182729791
H           -1.26161109669687        1.22631221661427       -5.00509104900788
C           -0.75887984846135        0.38289797863723       -2.97339766222349
C           -1.06331065458614        4.69664863571420       -1.22751650357877
C            0.10241994010356        5.40332717397995       -1.61266211256854
C            0.03647731976421        6.74460840049325       -2.03170432910629
C           -1.20089776172588        7.39569985570887       -2.03884058177246
H           -1.25614973360994        8.44522678424312       -2.35654344806332
C           -2.36981901536213        6.73353021997623       -1.65187382202320
C           -2.30030291916929        5.38232503687087       -1.26343737043783
Fe          -0.25640405375625       -0.02519110542289       -0.00279592344907
Cl          -2.48002378035201       -0.68352497516529        0.03434339858452
C           -1.55619408259489        0.82182511650501        4.68515574681754
C           -0.76713601190805        1.37337913324548        5.72968946172958
C           -2.90348440110311        0.44855630645980        4.95063677306872
C           -1.31289669321863        1.55432389869312        7.01645537749900
N            0.56866059252482        1.74147735282073        5.42315625671703
C           -3.44564433518451        0.65434468936850        6.23755752166564
N           -3.65204365514232       -0.15039904895269        3.90958041884395
H           -0.68408682401532        1.96681872797089        7.81010273851766
C           -2.64526022599743        1.19788854803157        7.24582787093531
C            1.56352726342889        2.16529758348989        6.27523495603532
H            0.81435686432380        1.64370726169768        4.43640966021201
H           -4.48870185512939        0.38269025782737        6.41844358116672
C           -4.97696237424102       -0.53982748916328        3.92648321758334
H           -3.14408882818191       -0.31907960451552        3.03609709353341
H           -3.07292559250087        1.34701644296951        8.24568701349353
O            1.45090843648125        2.27270818916562        7.49150091432342
C            2.86723431148682        2.50384217345557        5.58288423667289
O           -5.75378831522133       -0.31412059665243        4.84934341760665
C           -5.41462870836531       -1.29804326466613        2.69615319344545
C            4.14952896331966        2.13441836464874        6.28417886486969
H            2.89108618045813        2.50493454557896        4.48764829964560
C            3.71328531527093        3.57960671539733        6.27439899531045
C           -6.78728635440250       -1.01535043877655        2.13815094538449
H           -4.64771076435217       -1.60162770223670        1.97428728842425
C           -6.57006322923752       -2.27922553192783        2.93581642578998
H            4.06295252681786        1.61142465765126        7.23971435003550
H            4.99859440095500        1.86472356386731        5.65299452497942
H            3.29970077916832        3.97547277372755        7.20524559425817
C            4.45582862036722        4.55419496770822        5.41693432701200
H           -7.37343566108757       -0.23686497771786        2.63468006383771
H           -6.90301706022591       -1.10527395894066        1.05451526311269
H           -6.96202704345705       -2.28838427294753        3.95763703115194
C           -6.55205043317190       -3.59957877351875        2.24151130800997
O            4.55339152533254        5.75102745444598        6.02021306757758
O            4.92801089508858        4.29959744678926        4.32576936986960
O           -7.13074313229308       -4.55109327021040        3.00698570188416
O           -6.09502246784740       -3.81046642914821        1.13611448936538
C            5.26447292083726        6.82511787503405        5.33585176171583
C           -7.21913234483661       -5.90178428498481        2.47256318475724
C            4.25192752097774        7.69106171800990        4.57352610421153
C            6.04447660875196        7.59123433275563        6.40308179740136
H            5.95111676335658        6.34557197766880        4.61555923182692
C           -7.17045698077888       -6.85130553026890        3.67067938369957
C           -8.49623975886166       -6.03259195548474        1.63502470628549
H           -6.33713307890071       -6.05098006029572        1.82108102062436
H            3.72631917766628        7.08939959039747        3.81395013881078
H            3.51297058418244        8.11595282234147        5.26578157464099
H            4.77114857850002        8.51718848484041        4.06845954506421
H            6.74237442358676        6.92664981459986        6.92838891339984
H            6.62617613488209        8.40288957655389        5.94596021527515
H            5.36701595456078        8.02907323302166        7.14724844349764
H           -6.24257317481791       -6.70564474906906        4.23882563490941
H           -8.02444079533197       -6.67662998570306        4.34234529495271
H           -7.21535000838192       -7.89554069793169        3.33213123496042
H           -8.47252361611678       -5.32889422322055        0.79182822699392
H           -8.58847369396667       -7.05228077643038        1.23589126319192
H           -9.38657544453052       -5.82651469491967        2.24849114488179
C           -0.80757676583229       -1.44083716063486       -4.71410325996071
C            0.12371643282289       -1.22085025004675       -5.76501980240907
C           -2.00913632877580       -2.15077380352737       -4.98701849295991
C           -0.10916965670391       -1.75741888510367       -7.04689325540666
N            1.26445791086271       -0.43038254966197       -5.47376061346010
C           -2.23040033165057       -2.69152711821574       -6.27143966312896
N           -2.96834248800302       -2.24609671238284       -3.95174885340380
H            0.62442627244073       -1.58194028157347       -7.83895080215857
C           -1.27647255802126       -2.49425932734247       -7.27430951705763
C            2.17940360992544        0.12229638348030       -6.34331768488135
H            1.30216671006500       -0.10131949656953       -4.50757888580439
H           -3.14858992325650       -3.25595160727633       -6.45490322933553
C           -4.19069077690046       -2.88736273279900       -3.96706883615616
H           -2.73959474203221       -1.73140562765279       -3.09709323269588
H           -1.45358994217346       -2.91899866763930       -8.27096663123598
O            2.25925060727351       -0.13347280328094       -7.53895429796700
C            3.08477392013827        1.14770617042407       -5.69457426061796
O           -4.58418216214223       -3.61057643254546       -4.87672208521691
C           -5.04139196650914       -2.60598568440351       -2.75229590960222
C            3.36590059905294        2.40059755322743       -6.48736887417844
H            3.04917252197967        1.25616201400562       -4.60492523480518
C            4.45542304187445        1.36542127371292       -6.33483087878436
C           -5.91585075727097       -3.71038318028972       -2.21673479193668
H           -4.67161141837037       -1.87987398107426       -2.01881527475836
C           -6.55472941725901       -2.60165076177092       -3.01740881847599
H            2.90432680276836        2.47416648347415       -7.47567657720391
H            3.47680481820714        3.33250666050548       -5.92795090583116
H            4.68460219142032        0.74798443975131       -7.20721557486481
C            5.60027079595824        1.68723073764746       -5.42503794780147
H           -5.85123307468915       -4.67822627120214       -2.72086230370775
H           -6.07060498138891       -3.72371703187224       -1.13458096966189
H           -6.84537937570756       -2.83943511176103       -4.04531391158020
C           -7.39347839995409       -1.57286910642136       -2.33427251256297
O            6.76069757587807        1.24272468469307       -5.93511739706427
O            5.49537935118141        2.29133947880710       -4.37412832135368
O           -8.41424990559848       -1.18092968684169       -3.12676882703063
O           -7.20667617677444       -1.14167151995131       -1.21421955254433
C            7.98990887954511        1.49314156860141       -5.19163600195598
C           -9.33848704204399       -0.18211594055982       -2.60957489839841
C            8.90771477982520        0.29522730571168       -5.43972262463809
C            8.58333808483171        2.83056754140499       -5.64298870636533
H            7.70954341374047        1.55659442514938       -4.12540152921449
C           -8.79531317281604        1.22130213934408       -2.90754674433617
C          -10.69511203977330       -0.46579029876792       -3.25350948859432
H           -9.38742599462577       -0.32575785532812       -1.51483810021577
H            8.41990415071903       -0.63318653607814       -5.11467509830772
H            9.15456440272821        0.20824087233489       -6.50873278942324
H            9.84794917993949        0.41614611042021       -4.88432501262927
H            7.88254860932848        3.64988979354968       -5.43849449324821
H            9.51868277693712        3.03542843686177       -5.10398923604535
H            8.80930834036503        2.81202823007268       -6.72017145596117
H           -7.82188507257889        1.36812479433687       -2.41205937584915
H           -8.67131812886009        1.36455545217342       -3.98986150345875
H           -9.49390756538739        1.98372162736249       -2.53589270002535
H          -11.03067988855713       -1.48648816984352       -3.02182599903757
H          -11.45223520247052        0.23695175700487       -2.88054052716363
H          -10.64055501830762       -0.36204387742302       -4.34516562922030
H            4.37052940936181       -5.99617033883241        2.24670976456852
H            0.52642230020947       -7.85213616744639        1.48732464034509
H            0.94434553387849        7.26592553493481       -2.35629159530766
H           -3.33464183894094        7.25434415172289       -1.65366850249086
O            3.51340391889884       -3.50213212248743        1.60736884074479
O           -0.67857692630361       -5.52281557972842        0.78214854247950
O            1.26254968176260        4.66104789614481       -1.61873690679789
O           -3.39514446117684        4.66222992333877       -0.84522686781074
C            4.85943071097436       -3.52844500495420        1.97253088545044
C            5.84209459277252       -3.79564280152559        1.00883179674663
C            5.21681419337437       -3.20747892777880        3.28886819208889
C            7.19362849004066       -3.74828940649745        1.37428600584034
H            5.53794013171256       -4.03294462666038       -0.01580535194793
C            6.57198018886296       -3.16150641341779        3.64215178626383
H            4.42615567227370       -2.99303851747166        4.01510724774853
C            7.56207980433834       -3.43322857455701        2.68880775582401
H            7.96544411992110       -3.95575820109022        0.62444683623016
H            6.85716151302466       -2.91061612081920        4.67000721191111
H            8.62310491464309       -3.39756050846399        2.96994492095848
C           -1.63697445528865       -6.51351641420193        0.97005626291235
C           -1.98067918047184       -6.96632915637870        2.25201007267946
C           -2.31371966324405       -6.99188405268108       -0.16041037421162
C           -2.99495704048513       -7.92116909706459        2.39402371709464
H           -1.45505020868765       -6.56477000482387        3.12494736204938
C           -3.33215984101854       -7.94024425702675       -0.00375037803631
H           -2.03439759928960       -6.60432181062779       -1.14544828668387
C           -3.67145345409154       -8.41287357517674        1.27028324816103
H           -3.26358406573080       -8.28042833410550        3.39360742749649
H           -3.86333071257477       -8.31435191538066       -0.88566402952897
H           -4.46492793347666       -9.16254439993047        1.38861111769691
C            2.53017809004073        5.21915309284611       -1.54133960004127
C            2.85204819306231        6.28004093517600       -0.67956054808450
C            3.53275686862264        4.60057498208379       -2.30551016737994
C            4.17676246276447        6.73007216183528       -0.60739100572015
H            2.07077073601263        6.74490981661837       -0.06829552212623
C            4.85228373366216        5.05399701326058       -2.21851332390444
H            3.26977270716715        3.76073906921466       -2.95742583391406
C            5.18057148394108        6.12321004552174       -1.37327234158739
H            4.42679999941726        7.56225149699191        0.06275567176218
H            5.62209917569133        4.54341546088230       -2.80998859023124
H            6.21551056665762        6.48363042761495       -1.30748165618702
C           -4.69112282330027        5.04994476412387       -1.16542560765763
C           -5.09424839475960        5.26155517938704       -2.49189057239959
C           -5.61872298976339        5.13745672999167       -0.11731481073338
C           -6.43063771936295        5.58164232092782       -2.76102877962768
H           -4.36272939666580        5.16769462457379       -3.30138712169650
C           -6.95363124267196        5.45079495165583       -0.40133640271748
H           -5.27721420108001        4.94918797996879        0.90544092280753
C           -7.36340576736976        5.68003213497822       -1.72076273153248
H           -6.74852436494554        5.74736609176904       -3.79616810829487
H           -7.67973637999982        5.51795405147915        0.41597792975714
H           -8.41004111785761        5.92994303684716       -1.93941791094322
N            1.29620047856513        0.52763625775087        0.09995476369203
C            2.34377466013783        1.13777130851374        0.58037901834872
C            2.18015826644805        2.41044452049711        1.21342067085526
C            3.23294733243572        3.07205884922324        1.78620039185154
C            4.50974315291472        2.52271641198950        1.77525179865007
C            4.70419712820687        1.30683747372251        1.14377527729754
C            3.67658730068882        0.61554807805300        0.53007891109513
C            4.01284050392716       -0.63892802362052       -0.21199252988357
C            4.67650085219286       -0.31728056729862       -1.56802025167966
C            5.89080619298450        0.55129883164908       -1.52953626971884
C            5.98557299515329        1.87017217975506       -1.83280806187350
C            7.37498139457558        2.19330900898745       -1.88786500181472
C            8.12534911393945        3.30232616083060       -2.29105388514308
C            9.50117189098033        3.20184673214699       -2.26503432879570
C           10.13650536796906        2.04254012555215       -1.83316200288759
C            9.42280826144476        0.91655129045782       -1.46039289816079
C            8.04074874129360        0.99370999723071       -1.54068742414658
O            7.12767358322219        0.00171617506888       -1.32124171830010
H            1.19894806020606        2.84970418775314        1.22287801713625
H            3.06824676214933        4.02783047595382        2.26167248361276
H            5.32378193018229        3.03827979515049        2.25571392008583
H            5.69257598754048        0.87117339445962        1.12711442983418
H            3.12016477542186       -1.22349336235182       -0.38927402446425
H            4.70394729133148       -1.23150950401780        0.37515984334260
H            4.94193491537875       -1.25959600027542       -2.05160831945935
H            3.94157293468799        0.20023644164903       -2.18495034076130
H            5.15595711397344        2.52784982582471       -1.97898199732548
H            7.63710744950313        4.21466446902301       -2.60847114291017
H           10.10284667133739        4.03908301390601       -2.58841877869465
H           11.21472028591967        2.01846631729491       -1.80041095445288
H            9.92540286387031        0.01348707461341       -1.15373817741643
245
 energy: -403.416434902431 gnorm: 0.015136034832 xtb: 6.7.1 (edcfbbe)
N            0.11551372260742       -1.72768961898682       -1.03870370395263
N           -0.05447271361645       -1.05461725327588        1.72504300824160
C           -0.54215503273822       -0.96616082113416       -3.30937854080656
C           -0.07211577080527       -1.92336835487383       -2.38314974256472
C            0.34242812006822       -3.26595779778546       -2.74540136876438
H            0.28951423332814       -3.68048273074936       -3.75317569247377
C            0.80635599408428       -3.85659319889390       -1.60390454717265
H            1.21342603000276       -4.86071728182921       -1.47791834191805
C            0.62929043570654       -2.89750164000739       -0.53050756681369
C            0.85565925912004       -3.18549722686267        0.82995066738570
C            0.46578716578938       -2.31627577411517        1.86848234158412
C            0.43698340378530       -2.69511774740043        3.26871420056594
H            0.79368349309380       -3.65009287041026        3.65749575700064
C           -0.14962315446327       -1.66613693072004        3.94832052690476
H           -0.36735034457524       -1.58854885787431        5.01438455227739
C           -0.44131904856849       -0.63295120350118        2.97200303890524
C            1.42661891936085       -4.52874129782023        1.20057165002308
C            2.78125829068157       -4.66118513006620        1.58793713530293
C            3.32319652069269       -5.91078105853128        1.93966522354681
C            2.50630895344038       -7.04441136711690        1.89621160372808
H            2.92795098268189       -8.02344371311604        2.15941829311094
C            1.16362294993220       -6.95363529461017        1.52030429569212
C            0.62615649680199       -5.69646298085384        1.18458671804567
N           -0.85867914148293        1.61411253556188        1.01829488996442
N           -0.63993018635534        0.95127933188504       -1.73008849905873
C           -1.00793848274792        0.61816851840824        3.29213354475097
C           -1.13678326106490        1.67157597961279        2.35993453728145
C           -1.51829218705279        3.02276147713809        2.71921425511740
H           -1.81088635561879        3.33646696386570        3.72209323298076
C           -1.41840760992934        3.77870225127303        1.58403777576156
H           -1.61939759312570        4.84298981046014        1.45869923713427
C           -1.04134765947150        2.88053150270708        0.51234012411491
C           -0.96468337704954        3.24911307691694       -0.84413308575263
C           -0.85784855457207        2.29849371492064       -1.87755832210630
C           -1.10638904755194        2.60186245973185       -3.27288431576369
H           -1.30722647426742        3.60033101912999       -3.66286012966360
C           -1.08873838220665        1.41404530317528       -3.94684186781764
H           -1.26844407666030        1.22985751378561       -5.00686163059389
C           -0.76349881835963        0.38648050278153       -2.97570150705776
C           -1.06979297601814        4.69969966600209       -1.22884093033626
C            0.09513336215484        5.40731000748338       -1.61478905417103
C            0.02782500790875        6.74862318274347       -2.03353171814207
C           -1.21003895610407        7.39878189545739       -2.03958626240741
H           -1.26633057116448        8.44832387378319       -2.35705895201516
C           -2.37815956972043        6.73566798002935       -1.65181304720087
C           -2.30731551947684        5.38444930299686       -1.26367127402618
Fe          -0.25871502150961       -0.02175221105026       -0.00586759144659
Cl          -2.48148426728305       -0.68176863371962        0.03321259635824
C           -1.55510792532682        0.82349295273142        4.68353889056955
C           -0.76565230677806        1.37546688346600        5.72755248954179
C           -2.90190601436935        0.44916678455386        4.95001933829610
C           -1.31052819147134        1.55577886823927        7.01477714355599
N            0.56963783045427        1.74461023875581        5.42003624524798
C           -3.44320848836400        0.65432368845230        6.23740342656269
N           -3.65083299079235       -0.15017270818386        3.90944899908906
H           -0.68140598349159        1.96860865889487        7.80800265001011
C           -2.64244400963638        1.19829820094108        7.24513598798125
C            1.56483956799470        2.16904262857432        6.27140152308074
H            0.81461481470425        1.64720562552444        4.43307843635106
H           -4.48592045505928        0.38185626812175        6.41906021893171
C           -4.97543983023989       -0.54060115370900        3.92732814115529
H           -3.14343606641945       -0.31832093612165        3.03553667618544
H           -3.06943331193842        1.34693226908331        8.24535800125002
O            1.45310719132121        2.27615981145960        7.48777628363166
C            2.86775509375503        2.50869103717792        5.57808186513948
O           -5.75171154295418       -0.31563819586133        4.85084023237321
C           -5.41350597063941       -1.29893717591530        2.69721075091848
C            4.15086960991897        2.14011240631619        6.27831054842770
H            2.89073401521898        2.51000203407979        4.48282492329977
C            3.71353664719783        3.58497233773915        6.26911818162947
C           -6.78681129289853       -1.01718091147848        2.14033912512071
H           -4.64692674572724       -1.60182098128866        1.97468961600901
C           -6.56801289045902       -2.28102987726161        2.93761471102913
H            4.06543691862907        1.61688729936897        7.23382570944701
H            4.99964367157611        1.87115819855312        5.64641793372032
H            3.30038171541850        3.98036577328025        7.20036206488213
C            4.45466234353542        4.56027985007174        5.41123783747565
H           -7.37315538129442       -0.23921999511855        2.63746411764355
H           -6.90332854377895       -1.10700566611562        1.05677662485596
H           -6.95916408289161       -2.29065598246441        3.95974268959997
C           -6.54955241957605       -3.60124371697937        2.24306608814207
O            4.55182002936607        5.75704468448355        6.01464995542643
O            4.92618544346158        4.30619787170711        4.31964040763275
O           -7.12692659442471       -4.55332985447444        3.00883454643934
O           -6.09323632149274       -3.81160482219384        1.13727391545284
C            5.26153846222133        6.83181181965294        5.32991447106008
C           -7.21472007453553       -5.90399719819582        2.47424273833596
C            4.24774687606632        7.69711287293356        4.56854310343444
C            6.04180082336126        7.59832283436515        6.39667404167064
H            5.94797416087623        6.35290283568323        4.60900479537749
C           -7.16438950961817       -6.85368298323905        3.67215584345714
C           -8.49238517878230       -6.03561886759252        1.63768801205072
H           -6.33312387615953       -6.05241353706843        1.82204304690153
H            3.72199187634505        7.09518861248238        3.80927472460895
H            3.50901144886394        8.12133072194598        5.26145334450480
H            4.76594372925621        8.52372100615612        4.06321251836654
H            6.74060751542861        6.93417523358093        6.92132133454785
H            6.62252364740011        8.41050200995380        5.93923706139544
H            5.36459601453834        8.03552550231196        7.14144791745513
H           -6.23616766403977       -6.70742223462856        4.23959930642494
H           -8.01797500742269       -6.67976544196321        4.34452527517337
H           -7.20876311981163       -7.89789595669341        3.33346234617761
H           -8.46986202825781       -5.33175964631383        0.79459232253611
H           -8.58416649601616       -7.05531108793779        1.23844855919181
H           -9.38239286135305       -5.83031686573139        2.25189061293498
C           -0.81217440788473       -1.43699992159169       -4.71668434773757
C            0.11812964326992       -1.21613274608280       -5.76829620162146
C           -2.01341426854687       -2.14779316416236       -4.98877982341474
C           -0.11536018496913       -1.75266010822981       -7.05007871540333
N            1.25849924842802       -0.42486674276560       -5.47779685136857
C           -2.23528056160142       -2.68849333480368       -6.27312034221525
N           -2.97173900489824       -2.24401306379880       -3.95277402866176
H            0.61748533304717       -1.57649536451878       -7.84267898638458
C           -1.28228585656141       -2.49033970782316       -7.27670293880960
C            2.17234946036631        0.12864922433394       -6.34797369915453
H            1.29672825989680       -0.09593352955708       -4.51158634578430
H           -3.15318929489350       -3.25357657755976       -6.45595830514223
C           -4.19360687633715       -2.88619561464690       -3.96724570170022
H           -2.74270237823047       -1.72929499799703       -3.09820972376505
H           -1.45986546958424       -2.91503925085869       -8.27329507634146
O            2.25145506855620       -0.12686056117813       -7.54371901271435
C            3.07746921209057        1.15460928878146       -5.69976466866038
O           -4.58727476668245       -3.60955224064016       -4.87671437923363
C           -5.04357176947830       -2.60566723425152       -2.75175155909075
C            3.35703352620864        2.40784130646480       -6.49256799880083
H            3.04261672856531        1.26287934403107       -4.61007471367547
C            4.44744836023505        1.37346329303700       -6.34108114117076
C           -5.91677468258867       -3.71081157257679       -2.21569671909331
H           -4.67375912498169       -1.87940098727690       -2.01843748754554
C           -6.55711801295945       -2.60242200258367       -3.01567609658521
H            2.89461448959311        2.48124215181505       -7.48050355160843
H            3.46764409503392        3.33975644605469       -5.93309105267760
H            4.67641666534794        0.75634475714089       -7.21372710280431
C            5.59277931524676        1.69574639699584       -5.43205150988839
H           -5.85182548465009       -4.67852179377797       -2.72004305701288
H           -6.07066969149220       -3.72444645259472       -1.13342179897625
H           -6.84839468513929       -2.84024969303111       -4.04339657964603
C           -7.39609776214482       -1.57439132721291       -2.33170287626228
O            6.75323834983586        1.25242819165098       -5.94301586594711
O            5.48812611603861        2.29961117370258       -4.38116662241256
O           -8.41779129361100       -1.18308005306292       -3.12332988867886
O           -7.20874401971836       -1.14324156072247       -1.21172035728987
C            7.98284085621930        1.50378541546906       -5.20017568138638
C           -9.34236857150938       -0.18504972189889       -2.60523459359371
C            8.90125220254496        0.30652432374120       -5.44955133698124
C            8.57494847123050        2.84170194249737       -5.65186256699128
H            7.70326562269749        1.56736319714304       -4.13354721400361
C           -8.80048602750356        1.21882326214547       -2.90339035433368
C          -10.69928468038283       -0.46963605587044       -3.24815237283778
H           -9.39033887462241       -0.32891749634171       -1.51048271595237
H            8.41438143553682       -0.62232760957988       -5.12433259131246
H            9.14730131306194        0.21996569958949       -6.51882007275541
H            9.84183422355043        0.42792709484680       -4.89497076268867
H            7.87345863850735        3.66039128257289       -5.44722199780161
H            9.51056516908588        3.04719769957606       -5.11344973379546
H            8.80008327368986        2.82342382512886       -6.72931802349526
H           -7.82677774066185        1.36629592872042       -2.40864323819348
H           -8.67744824827801        1.36235815214296       -3.98577947683959
H           -9.49936035552392        1.98065614756117       -2.53105394329087
H          -11.03390247311085       -1.49062767170824       -3.01638225832961
H          -11.45664213324866        0.23247290513784       -2.87446653399474
H          -10.64566291264741       -0.36566116197965       -4.33983592951602
H            4.37481743277663       -5.98961812358760        2.23927659946292
H            0.53151280428723       -7.84834935671827        1.48258692508575
H            0.93504988847713        7.27067420552940       -2.35874503252281
H           -3.34337338212450        7.25575652694811       -1.65275851155804
O            3.51530903732449       -3.49611527109119        1.60102815446553
O           -0.67578779637316       -5.51981693364201        0.77876078729405
O            1.25576953063854        4.66592219771515       -1.62187987675532
O           -3.40129482381524        4.66345853170960       -0.84471898580758
C            4.86165213497700       -3.52148498255501        1.96514853745742
C            5.84375688950652       -3.78777157864191        1.00062529391184
C            5.21981428364255       -3.20047277001517        3.28125716012148
C            7.19553457826296       -3.73943837710748        1.36501256882182
H            5.53897159440915       -4.02512627928052       -0.02381931747137
C            6.57522434979422       -3.15354492488664        3.63348187448693
H            4.42956467992033       -2.98674821383187        4.00815044795558
C            7.56477731134836       -3.42435474788731        2.67931258795522
H            7.96691591834995       -3.94622015993430        0.61455183553080
H            6.86102050374027       -2.90260968251680        4.66116048615989
H            8.62599360285870       -3.38793595503695        2.95963409234887
C           -1.63328996692733       -6.51126675295862        0.96725070424810
C           -1.97564569563800       -6.96455828205296        2.24939303670947
C           -2.31056408691182       -6.98995363176189       -0.16277121194232
C           -2.98909569517965       -7.92018642613173        2.39203848867360
H           -1.44963462641831       -6.56275159866226        3.12198820252721
C           -3.32816530291228       -7.93910535796664       -0.00547625958565
H           -2.03230838171961       -6.60201174225430       -1.14796061200602
C           -3.66610251866682       -8.41220808941644        1.26874716202571
H           -3.25666452750401       -8.27981798188466        3.39177202288541
H           -3.85974981134402       -8.31346189707685       -0.88703543352243
H           -4.45892155953612       -9.16249560482464        1.38756440074848
C            2.52311149510652        5.22494345136260       -1.54537241892757
C            2.84480178741732        6.28593166869359       -0.68367829432483
C            3.52561664487076        4.60719386483454       -2.31023621863490
C            4.16927523806033        6.73692582147939       -0.61250119928621
H            2.06366279421087        6.75012236475720       -0.07172844911548
C            4.84515104765320        5.06097599331256       -2.22382850403459
H            3.26271171855181        3.76736682329900       -2.96223984246150
C            5.17291549663702        6.13096999698802       -1.37928724891847
H            4.41917521917913        7.56920792194231        0.05759737172805
H            5.61374412363006        4.55237807024152       -2.81917501569704
H            6.20756760169069        6.49223331968791       -1.31429438992416
C           -4.69780345779767        5.05025435348936       -1.16383517444212
C           -5.10213543554946        5.26178826158069       -2.48994361327645
C           -5.62465058324196        5.13688774738640       -0.11497653831433
C           -6.43897789012922        5.58091795028624       -2.75797377571117
H           -4.37118397958754        5.16861643567065       -3.30003323041421
C           -6.96001412720234        5.44927155620242       -0.39789093022390
H           -5.28219306145984        4.94869988666419        0.90747811479157
C           -7.37099983978581        5.67842541018321       -1.71696066234107
H           -6.75780096362044        5.74657960375002       -3.79283620932422
H           -7.68552727225489        5.51574370405445        0.42000400688031
H           -8.41799428361718        5.92758851778614       -1.93474580347397
N            1.29426667462649        0.53195878746847        0.08574479858345
C            2.34232624802656        1.14470125828014        0.55861288475825
C            2.18142261706453        2.42291051801156        1.18232862814324
C            3.23235427324065        3.07923291927934        1.76387343331956
C            4.50562535447365        2.52072326974570        1.76850647168473
C            4.69946711908192        1.30246556282293        1.14017656719521
C            3.67411080466663        0.61648143539660        0.51714130523742
C            4.00617435898223       -0.64466379041966       -0.21606993417369
C            4.69121633783380       -0.33638216174367       -1.56714303695335
C            5.91162832527889        0.52173882315624       -1.51501445207379
C            6.01878696701804        1.84279512306831       -1.80280062012857
C            7.41103915588292        2.15559683560483       -1.83585459240857
C            8.16878918299923        3.27566712112338       -2.20169166482695
C            9.54197317286348        3.14883405272884       -2.19473430518772
C           10.16643504157440        1.97324995110847       -1.77975365793249
C            9.44246071509952        0.85229906936853       -1.41158942590357
C            8.06354388524759        0.94675325936350       -1.50027206409710
O            7.13917568138979       -0.03985947883858       -1.29786764096496
H            1.20267998897686        2.86707181579041        1.17831139622234
H            3.06911721619740        4.03763310069359        2.23473785707916
H            5.31753337292439        3.03141130814520        2.25731417370535
H            5.68641648080761        0.86327804061531        1.13182398712564
H            3.09787159155522       -1.21986695659675       -0.40856683663696
H            4.68177676303928       -1.24952097758516        0.39482869252635
H            4.95431931009359       -1.28501482801382       -2.03988462925153
H            3.97305823839476        0.18503806659951       -2.20255313496174
H            5.19617342064422        2.50998171855345       -1.95492567996735
H            7.69659623568281        4.19849167300259       -2.50455012149596
H           10.15567451912710        3.97953598661054       -2.50626177327063
H           11.24624880235959        1.93476763653214       -1.75481665979038
H            9.93581458482680       -0.05704163195268       -1.11025272790248
245
 energy: -403.417642098020 gnorm: 0.006766181402 xtb: 6.7.1 (edcfbbe)
N            0.11594454419518       -1.72679973555457       -1.04013920054064
N           -0.05348066196781       -1.05366077889260        1.72364037750894
C           -0.54231199552091       -0.96539045557209       -3.31067051879977
C           -0.07197011026863       -1.92253617448186       -2.38451730439408
C            0.34259527340050       -3.26509522508474       -2.74682563698380
H            0.28948147632903       -3.67965878427156       -3.75457052516838
C            0.80683808744010       -3.85565493719818       -1.60541759421028
H            1.21401961858435       -4.85973894648983       -1.47949742318232
C            0.62993857268427       -2.89654466735337       -0.53202122730288
C            0.85664641177742       -3.18448023695434        0.82839700753284
C            0.46694396156659       -2.31526480285866        1.86699233483696
C            0.43850176950641       -2.69406283636005        3.26723292916473
H            0.79536784712834       -3.64899511510723        3.65596643586410
C           -0.14803444554277       -1.66511080800648        3.94694688369602
H           -0.36551912300558       -1.58751481230011        5.01305987838293
C           -0.44004289622017       -0.63198977895453        2.97067046381960
C            1.42780361346466       -4.52766202265019        1.19892712492907
C            2.78253671309310       -4.65998896009033        1.58598251972684
C            3.32466566908550       -5.90952038139601        1.93762722536598
C            2.50786136195512       -7.04322393610958        1.89440087955216
H            2.92964454347653       -8.02221335940692        2.15754360996813
C            1.16508321733247       -6.95257199388938        1.51880382111041
C            0.62743528272394       -5.69545519217048        1.18316774663096
N           -0.85803226635343        1.61496647499702        1.01697130622261
N           -0.63986412927054        0.95208042407937       -1.73140055657961
C           -1.00669439470944        0.61909919457829        3.29089249779155
C           -1.13584259305495        1.67246295238181        2.35870190918808
C           -1.51737864423974        3.02361596438647        2.71802279780547
H           -1.80976465870652        3.33732966103065        3.72096188916951
C           -1.41782229272022        3.77952827815606        1.58279786418896
H           -1.61893560165177        4.84379689146561        1.45748783977834
C           -1.04093669909068        2.88137584561202        0.51104761897607
C           -0.96462266378262        3.24991065566822       -0.84545651473316
C           -0.85794727800646        2.29927388955280       -1.87888441631932
C           -1.10684038894699        2.60257649934628       -3.27414770679898
H           -1.30786053402554        3.60101210062636       -3.66411132700700
C           -1.08924425189603        1.41473547773748       -3.94807439392969
H           -1.26918665763629        1.23050477794003       -5.00804727130578
C           -0.76368663565754        0.38723372721456       -2.97699250669210
C           -1.06994526528780        4.70047489655629       -1.23017860510572
C            0.09481287029353        5.40817977050536       -1.61641466991518
C            0.02729698060833        6.74947116256896       -2.03517618809292
C           -1.21062636831122        7.39952798708684       -2.04095554424823
H           -1.26708707195008        8.44905852949889       -2.35843792736232
C           -2.37859505565577        6.73632392145287       -1.65289387166784
C           -2.30754419928085        5.38512148277669       -1.26473421633006
Fe          -0.25833094571921       -0.02089908983464       -0.00723335505439
Cl          -2.48088740818467       -0.68107199426550        0.03236500136742
C           -1.55355575612948        0.82441286011237        4.68242156203788
C           -0.76389468542437        1.37648188283600        5.72623064290651
C           -2.90027083118840        0.44997467276342        4.94922238010340
C           -1.30850050821523        1.55678293638265        7.01358137862255
N            0.57126619964295        1.74572929948127        5.41839252222723
C           -3.44128011954593        0.65512653516264        6.23673589887856
N           -3.64936652349978       -0.14944651040610        3.90886616531913
H           -0.67922708442400        1.96968948878719        7.80664608003694
C           -2.64032773525334        1.19919693414040        7.24426233729422
C            1.56666582991971        2.17027413888971        6.26950297067648
H            0.81604487641663        1.64831793333366        4.43137652269602
H           -4.48392704278079        0.38257443930861        6.41864513463883
C           -4.97396678494488       -0.54000181533136        3.92704047230947
H           -3.14217931942530       -0.31758333580874        3.03482528104308
H           -3.06709805561935        1.34782081061780        8.24458090113897
O            1.45518822506077        2.27741004608372        7.48590672034063
C            2.86936530959084        2.51000415940116        5.57587010750553
O           -5.75002363210926       -0.31506837621451        4.85074198040356
C           -5.41223645017854       -1.29839363868148        2.69707007632376
C            4.15267967817190        2.14155615317820        6.27580951927730
H            2.89209843557170        2.51129727157692        4.48059799133937
C            3.71523158410311        3.58638497831707        6.26667254383745
C           -6.78570245378730       -1.01677590816797        2.14050184814958
H           -4.64580779404157       -1.60123827688060        1.97437017392685
C           -6.56661459242062       -2.28058886915037        2.93776096126109
H            4.06751244678678        1.61835771195532        7.23136315606456
H            5.00132509750846        1.87266592040307        5.64372252906489
H            3.30225811992705        3.98175419345521        7.19801127922476
C            4.45607793114295        4.56169250067349        5.40858613493658
H           -7.37199611126984       -0.23885366370124        2.63774125200590
H           -6.90246432987508       -1.10664194126900        1.05697180152820
H           -6.95752637817676       -2.29021126027523        3.95997981537539
C           -6.54820252271596       -3.60080218433108        2.24324362350045
O            4.55326537618390        5.75850032514713        6.01196404526061
O            4.92735833426701        4.30764531409795        4.31688335488295
O           -7.12532307017425       -4.55292580780591        3.00918442358133
O           -6.09212912266143       -3.81116884967005        1.13735924695439
C            5.26273572762311        6.83331213989957        5.32702041127802
C           -7.21312991056212       -5.90361652601796        2.47464155339275
C            4.24870562023179        7.69848406427853        4.56588420783784
C            6.04317987817635        7.59990066525785        6.39359717391994
H            5.94904605661808        6.35442822291961        4.60596886971047
C           -7.16244481588135       -6.85325890486687        3.67256803508668
C           -8.49097525410163       -6.03536656060743        1.63839398826888
H           -6.33167112431310       -6.05197402439474        1.82224756082308
H            3.72281584937117        7.09650251606508        3.80675014589563
H            3.51009042384531        8.12266523755456        5.25895552423223
H            4.76670565752120        8.52512884538672        4.06041199544389
H            6.74216091444949        6.93583092015462        6.91809849398419
H            6.62373020907704        8.41211090698845        5.93601201340746
H            5.36611627726715        8.03706189183805        7.13852361084655
H           -6.23410286932149       -6.70690378198445        4.23979355916420
H           -8.01588717112388       -6.67939684696536        4.34513084858014
H           -7.20680993061199       -7.89748378117359        3.33392183506294
H           -8.46870900293397       -5.33153054822144        0.79527164305871
H           -8.58276911582805       -7.05507592913197        1.23920426122192
H           -9.38085960945944       -5.83012469710322        2.25279072436753
C           -0.81261882570518       -1.43630197976727       -4.71789454051647
C            0.11742467879889       -1.21539028732535       -5.76972696561498
C           -2.01387736329969       -2.14720527632981       -4.98968213520016
C           -0.11632623419444       -1.75198323502464       -7.05144080394709
N            1.25778757277912       -0.42403135213665       -5.47951644294885
C           -2.23598448630445       -2.68796435370691       -6.27396374208791
N           -2.97192292707504       -2.24347082708763       -3.95347335228047
H            0.61632105306406       -1.57578658206865       -7.84421664125508
C           -1.28324221816959       -2.48976524289740       -7.27777058633908
C            2.17140336608819        0.12953588160552       -6.34992054127653
H            1.29622862328473       -0.09505244920029       -4.51332235711013
H           -3.15389069596761       -3.25312932802358       -6.45656946920047
C           -4.19378213465101       -2.88575498664127       -3.96761500049249
H           -2.74275283322867       -1.72871005307503       -3.09896370870831
H           -1.46102020762354       -2.91451182148991       -8.27430896107478
O            2.25024651704180       -0.12601364089761       -7.54567632161375
C            3.07657027980213        1.15558257551597       -5.70196159281291
O           -4.58757811909101       -3.60917107442201       -4.87698419819903
C           -5.04345569875493       -2.60526475770366       -2.75195535131412
C            3.35584875259033        2.40879145491685       -6.49487792663524
H            3.04199188429098        1.26389694318826       -4.61225142971878
C            4.44636353298388        1.37441480811117       -6.34370372029163
C           -5.91645417743526       -3.71046211944866       -2.21565698794314
H           -4.67354402994334       -1.87894419656742       -2.01874153728071
C           -6.55708395074523       -2.60214526274830       -3.01551776921962
H            2.89320241957329        2.48213419614964       -7.48270586274773
H            3.46652858218475        3.34073180816997       -5.93545802289741
H            4.67517545920887        0.75734711724148       -7.21633224926800
C            5.59176930981672        1.69662591452729       -5.43542699717374
H           -5.85154382342960       -4.67817955857935       -2.71998778098899
H           -6.07009369494045       -3.72407804256248       -1.13334797819583
H           -6.84857455904254       -2.84003430499022       -4.04316264270140
C           -7.39597351676843       -1.57418141500568       -2.33137581584604
O            6.75245432283848        1.25357976987417       -5.94587533005617
O            5.48696478654725        2.30047580946916       -4.38527186712443
O           -8.41789720386059       -1.18296980601226       -3.12279027344597
O           -7.20840618867194       -1.14297183599355       -1.21146032607475
C            7.98224711735061        1.50513146410205       -5.20294951914759
C           -9.34243865276299       -0.18499173282169       -2.60449859830061
C            8.90051839876830        0.30802355127336       -5.45301664568816
C            8.57389649551290        2.84302608985869       -5.65544245997700
H            7.70465994179308        1.56764911963916       -4.13490898871384
C           -8.80074349826088        1.21890186973360       -2.90281975391540
C          -10.69947815882785       -0.46971701628797       -3.24709325058439
H           -9.39013871377391       -0.32884284863217       -1.50973525158954
H            8.41379287750279       -0.62086050265277       -5.12765871887915
H            9.14630988704228        0.22147026706211       -6.52234857243684
H            9.84121714493965        0.42952001173362       -4.89861128741135
H            7.87242787927713        3.66166968654258       -5.45061959302978
H            9.50960421954167        3.04874746500366       -5.11741219092242
H            8.79879107430512        2.82476975597603       -6.73293156266141
H           -7.82693020943804        1.36647548568602       -2.40830872935024
H           -8.67797169717576        1.36242202859034       -3.98524121490058
H           -9.49959512457062        1.98069194283096       -2.53034688705800
H          -11.03395658872986       -1.49072715516885       -3.01521855860992
H          -11.45680902496144        0.23233584737918       -2.87325583442131
H          -10.64612251378247       -0.36577029363550       -4.33879025023506
H            4.37635908982635       -5.98826162671387        2.23699769192297
H            0.53303907658443       -7.84734138801677        1.48126261210630
H            0.93439196641353        7.27159498678761       -2.36061454579806
H           -3.34385381918242        7.25633209853640       -1.65362440805765
O            3.51649950919451       -3.49484733727858        1.59887896429238
O           -0.67462005807670       -5.51893424349842        0.77763970185083
O            1.25555499633244        4.66688285893818       -1.62378154877986
O           -3.40135973587214        4.66405284757081       -0.84551184845919
C            4.86291652847015       -3.52009566976778        1.96268495097290
C            5.84482631166856       -3.78632977057715        0.99795180823741
C            5.22136713918147       -3.19900474150769        3.27869073271097
C            7.19668200602130       -3.73786745421494        1.36203385627560
H            5.53982256525272       -4.02373546641683       -0.02641337440184
C            6.57684990209419       -3.15194870423373        3.63060220078060
H            4.43126921843001       -2.98532571976059        4.00575492358794
C            7.56620386960176       -3.42270176628525        2.67622426844330
H            7.96790020741208       -3.94463410711066        0.61141769632648
H            6.86286406179258       -2.90096326357812        4.65820350377441
H            8.62747847048680       -3.38618933994224        2.95629895284201
C           -1.63199252739971       -6.51045740751421        0.96637566472372
C           -1.97401969493147       -6.96374198507149        2.24861329691915
C           -2.30949275645371       -6.98923625165209       -0.16346504518489
C           -2.98735238802063       -7.91944976605387        2.39152154451811
H           -1.44783620360190       -6.56186493987932        3.12106987322891
C           -3.32697987872569       -7.93846975230687       -0.00590432969936
H           -2.03149851372567       -6.60130194975618       -1.14873053099870
C           -3.66458136029462       -8.41156303629567        1.26840288687163
H           -3.25466159843866       -8.27907699801317        3.39132503931911
H           -3.85873712098458       -8.31289850853954       -0.88732871788687
H           -4.45730904944091       -9.16191383895456        1.38743073466196
C            2.52286902762966        5.22593243372074       -1.54750652998787
C            2.84466982343343        6.28702967556224       -0.68597427758116
C            3.52533434985863        4.60813782168596       -2.31249796464706
C            4.16913288200531        6.73810417461480       -0.61503296141321
H            2.06360983269416        6.75119506705242       -0.07387808936326
C            4.84505851279926        5.06131445671857       -2.22506013615409
H            3.26227435505809        3.76837395628695       -2.96454749178097
C            5.17269167191600        6.13223562115301       -1.38201215577365
H            4.41906256889096        7.57049337718802        0.05489798207381
H            5.61041654739395        4.55873555038454       -2.82683773956375
H            6.20728249371720        6.49357587431418       -1.31742377546227
C           -4.69797837643876        5.05073051742588       -1.16432406606417
C           -5.10264445035488        5.26219275079308       -2.49034818023681
C           -5.62458675752973        5.13731653514916       -0.11525913455651
C           -6.43957381279844        5.58120348709448       -2.75806971611518
H           -4.37187444095525        5.16905879797779       -3.30060557648395
C           -6.96004589842052        5.44958012097919       -0.39786874896884
H           -5.28187403963760        4.94918750238212        0.90712008000683
C           -7.37136165703240        5.67866237786035       -1.71683914886491
H           -6.75865767053487        5.74681066793705       -3.79286047493582
H           -7.68537139759873        5.51601540788345        0.42019637261365
H           -8.41842723019507        5.92773268904641       -1.93438673020679
N            1.29478417195785        0.53181968209100        0.08454950564120
C            2.34313592197426        1.14368488344397        0.55748436911521
C            2.18338211399951        2.42416554821666        1.17622183875871
C            3.23506544728244        3.08133867244748        1.75560208411712
C            4.50720410781069        2.52095462439857        1.76421040278904
C            4.69938254319887        1.29973318451510        1.14131571927421
C            3.67339329828070        0.61300776654448        0.52016185141033
C            4.00168947113125       -0.64978235054199       -0.21216424106793
C            4.68216527941707       -0.34114211772996       -1.56536587913141
C            5.90192580729142        0.51692977138813       -1.50380166555206
C            6.01138092023094        1.84350669972461       -1.76613944190917
C            7.40501416080089        2.14968639866834       -1.79461008895295
C            8.16670959278264        3.26583009858006       -2.14749725266950
C            9.53920454257237        3.14213848943361       -2.14892095803145
C           10.16281242445914        1.95423196699240       -1.76696264815503
C            9.43374165177706        0.82988397576203       -1.42176116422201
C            8.05333598448945        0.93417768407226       -1.48378662594495
O            7.13043424850622       -0.05386000335114       -1.30338833612412
H            1.20490339200828        2.86868321701063        1.16870562822690
H            3.07302997495817        4.04192790629400        2.22176113388009
H            5.31931903123492        3.03289990085843        2.25196948826523
H            5.68566825032522        0.85941447853243        1.13587734961280
H            3.09244839564962       -1.22298900452344       -0.40264586015203
H            4.67918053670789       -1.25462011097234        0.39450520703854
H            4.94690118544800       -1.28785155931914       -2.04099989059741
H            3.96421285727098        0.18211105229650       -2.19914247850018
H            5.19488052549382        2.51188192189134       -1.93157500719815
H            7.69476699814883        4.18704205576657       -2.44781749279901
H           10.15103705305978        3.97797391175084       -2.45576704196648
H           11.24185577429880        1.91070941145033       -1.75104512095306
H            9.92111575571800       -0.08810672131960       -1.13664712950998
245
 energy: -403.419078377547 gnorm: 0.007918684074 xtb: 6.7.1 (edcfbbe)
N            0.11676525319702       -1.72472692199534       -1.04283577876663
N           -0.05159349070231       -1.05145838242108        1.72102501952616
C           -0.54263419870858       -0.96354656153146       -3.31309448756203
C           -0.07168688277288       -1.92056406491943       -2.38708678089905
C            0.34297830357041       -3.26304883670734       -2.74951818478706
H            0.28950646694463       -3.67767518350651       -3.75721518395409
C            0.80784336570117       -3.85345604344110       -1.60828028341000
H            1.21528267279190       -4.85744862431789       -1.48249125695300
C            0.63122758224621       -2.89432135753357       -0.53487165562359
C            0.85859212958934       -3.18214030566349        0.82548100919616
C            0.46917885899219       -2.31295211720954        1.86420223104399
C            0.44143952492651       -2.69167319269526        3.26446709649602
H            0.79866374096950       -3.64651310855733        3.65310251118388
C           -0.14500276542980       -1.66279845467968        3.94439046128171
H           -0.36203082131541       -1.58519450848163        5.01059791738799
C           -0.43765352703217       -0.62980422091739        2.96818684753452
C            1.43018633234063       -4.52518490097094        1.19582457455299
C            2.78510693889997       -4.65723631692532        1.58229177688878
C            3.32764936722488       -5.90662913981673        1.93376378603417
C            2.51105176704176       -7.04050148698800        1.89095444603860
H            2.93314693440462       -8.01939295611457        2.15396300009602
C            1.16809188495554       -6.95013521593208        1.51594839321476
C            0.63004478142442       -5.69314310594297        1.18048133065705
N           -0.85691672358247        1.61694752414892        1.01452624262475
N           -0.63986140678941        0.95397445517566       -1.73385369803114
C           -1.00441644639894        0.62120849265670        3.28858864116728
C           -1.13417101488798        1.67449112708905        2.35641355084487
C           -1.51582798609029        3.02557596390425        2.71581330529397
H           -1.80783555316345        3.33928970086746        3.71886898724235
C           -1.41692543808311        3.78144365068546        1.58050477693562
H           -1.61831634068938        4.84566826159647        1.45523457046621
C           -1.04034524673537        2.88332594906091        0.50865139853444
C           -0.96470979067658        3.25178777446182       -0.84792216616654
C           -0.85829477352524        2.30111908277468       -1.88135649537545
C           -1.10786079090244        2.60429364652037       -3.27650927189666
H           -1.30925676077060        3.60266213080721       -3.66644719742683
C           -1.09031896711269        1.41641146861167       -3.95038051656964
H           -1.27069438222130        1.23209537359357       -5.01026591596310
C           -0.76412688117277        0.38903304452814       -2.97940529671129
C           -1.07048280135353        4.70230886540998       -1.23267577546850
C            0.09392881072760        5.41024012314234       -1.61946183166945
C            0.02597978048191        6.75148277348152       -2.03827063587822
C           -1.21208048449333        7.40129203596138       -2.04353657017152
H           -1.26889603150059        8.45079378308090       -2.36104821751910
C           -2.37973758899003        6.73787237186059       -1.65491966138295
C           -2.30824784521632        5.38670633778251       -1.26671506477762
Fe          -0.25760632503511       -0.01889170887734       -0.00981517871390
Cl          -2.47977956194112       -0.67944898468698        0.03077920812415
C           -1.55069531011097        0.82647921858656        4.68035835443131
C           -0.76067168652932        1.37876246204164        5.72378271102450
C           -2.89723107746643        0.45177672256183        4.94776638289073
C           -1.30475866033039        1.55902128765261        7.01137115112697
N            0.57424149611144        1.74825596715112        5.41533981196879
C           -3.43769330459230        0.65689503586339        6.23552228852462
N           -3.64663296983711       -0.14783466401315        3.90780303781598
H           -0.67521140978678        1.97209625723942        7.80413256790673
C           -2.63640342486946        1.20117929975874        7.24266139785656
C            1.56998145831624        2.17305800369156        6.26597182559237
H            0.81863036399832        1.65084599352457        4.42821562263283
H           -4.48020512175710        0.38414256274081        6.41790860990606
C           -4.97118932458333       -0.53867789261277        3.92655024776376
H           -3.13982845281815       -0.31592660610129        3.03352437916258
H           -3.06276003241426        1.34976942631137        8.24316325125293
O            1.45899555574472        2.28022744962688        7.48242589763232
C            2.87226961348749        2.51300316088019        5.57175115658417
O           -5.74685437741948       -0.31383504952952        4.85060576083229
C           -5.40982254331682       -1.29720136374372        2.69684512952333
C            4.15597745600865        2.14485309555950        6.27114288701092
H            2.89452180197992        2.51426640172564        4.47645801818978
C            3.71824648426224        3.58960587781683        6.26211145952220
C           -6.78360235511221       -1.01589761944570        2.14085982234793
H           -4.64366571238264       -1.59993841236245        1.97380725115805
C           -6.56390979187975       -2.27963189010451        2.93808867793659
H            4.07133700284746        1.62169152116021        7.22676305157136
H            5.00439269145737        1.87610554787518        5.63869489303829
H            3.30559933235651        3.98492648085927        7.19361980229943
C            4.45851658260892        4.56497444755475        5.40363196182769
H           -7.36982974711875       -0.23806862647338        2.63831975403596
H           -6.90082484789971       -1.10584517845794        1.05738789386991
H           -6.95436317068449       -2.28926855329350        3.96048376294013
C           -6.54553678754573       -3.59985463751342        2.24362949004562
O            4.55571654510960        5.76186476525607        6.00692995016920
O            4.92935189130677        4.31099009518108        4.31173432938095
O           -7.12212938687495       -4.55206972176943        3.00989366309529
O           -6.08991566682313       -3.81020548017166        1.13756224344059
C            5.26466121823792        6.83679664285769        5.32159519986360
C           -7.20990348121599       -5.90280723716218        2.47545169110510
C            4.25013802446800        7.70169842068319        4.56088027697522
C            6.04543771718785        7.60358328279078        6.38779317344251
H            5.95075549656357        6.35799551568148        4.60027879703753
C           -7.15849742752332       -6.85237025221453        3.67340791224377
C           -8.48809111010877       -6.03485243798613        1.63978763693504
H           -6.32870543907663       -6.05101774239853        1.82267707179202
H            3.72401562436477        7.09957783596653        3.80201558642121
H            3.51173438001867        8.12577612799888        5.25425238898511
H            4.76773134109940        8.52843259438472        4.05513126800414
H            6.74477991349654        6.93968481193553        6.91202239963806
H            6.62562048975282        8.41588389412617        5.92991228335159
H            5.36861915047015        8.04064350961055        7.13300083193593
H           -6.22993248006252       -6.70579926664419        4.24021538056606
H           -8.01167294930345       -6.67864511815702        4.34634439391361
H           -7.20280358413082       -7.89662109418240        3.33484371946401
H           -8.46634162345302       -5.33105872865874        0.79661335957932
H           -8.57986191245358       -7.05460031002767        1.24069193023741
H           -9.37774434668293       -5.82975813785371        2.25456560904090
C           -0.81346210216013       -1.43459328373831       -4.72017001924035
C            0.11607298368418       -1.21355101560721       -5.77242259404187
C           -2.01472051628459       -2.14575267838248       -4.99137546548012
C           -0.11814106249515       -1.75026095330125       -7.05400559302739
N            1.25639841524436       -0.42195604530301       -5.48276463178138
C           -2.23726676572813       -2.68662209540274       -6.27554378647646
N           -2.97224509085539       -2.24215173921441       -3.95476916377162
H            0.61412421465882       -1.57396124454554       -7.84711052531788
C           -1.28501007639345       -2.48828621527977       -7.27977744751563
C            2.16954121746649        0.13173851839655       -6.35359049678418
H            1.29520984425637       -0.09291479930612       -4.51659839493800
H           -3.15514499582494       -3.25197968996752       -6.45770946309876
C           -4.19404130376063       -2.88468359133835       -3.96829389071687
H           -2.74283347706344       -1.72730550243727       -3.10036698458804
H           -1.46314454522126       -2.91311959441730       -8.27621476594301
O            2.24790514956444       -0.12385303010235       -7.54936427296224
C            3.07479376953954        1.15801235315514       -5.70608701555864
O           -4.58805814702882       -3.60822331885139       -4.87747313045576
C           -5.04318668241668       -2.60430383732527       -2.75230450560651
C            3.35344926574146        2.41120328931322       -6.49918513517805
H            3.04066881348870        1.26637068508925       -4.61636471899774
C            4.44435461643934        1.37709559843317       -6.34836582111930
C           -5.91574463551733       -3.70964266083261       -2.21554612273967
H           -4.67311363695326       -1.87786811439675       -2.01928120585503
C           -6.55696032488733       -2.60149097307396       -3.01517920148567
H            2.89038184321698        2.48437899411913       -7.48682784670815
H            3.46419916718744        3.34319405783509       -5.93989090256260
H            4.67277918192570        0.76004578477323       -7.22114594961894
C            5.58998133652232        1.69948452571552       -5.44074165423033
H           -5.85086581579759       -4.67737112993835       -2.71985310051483
H           -6.06890114182478       -3.72323114367312       -1.13316906988052
H           -6.84884820550405       -2.83950051246416       -4.04268285003772
C           -7.39572860727377       -1.57368076598346       -2.33071218539536
O            6.75072351522207        1.25677405439096       -5.95124801807433
O            5.48568587731331        2.30272075405600       -4.39042823579940
O           -8.41809831691234       -1.18270215277354       -3.12171323693427
O           -7.20776832437988       -1.14235890026591       -1.21091517964913
C            7.98081642133025        1.50864480209390       -5.20875998476430
C           -9.34261147341048       -0.18487097305640       -2.60304546065221
C            8.89900383756200        0.31163051937978       -5.45963819261109
C            8.57177816012355        2.84657476588737       -5.66200567524645
H            7.70475680035401        1.57069605741398       -4.13917886310468
C           -8.80132950668932        1.21909535187862       -2.90168529000522
C          -10.69987914108991       -0.46991160299109       -3.24501757711667
H           -9.38979364243419       -0.32868696319301       -1.50825732601370
H            8.41258970716081       -0.61732330507207       -5.13405714361332
H            9.14432094308751        0.22514059705860       -6.52909490448870
H            9.83993425517816        0.43327658728645       -4.90564829401949
H            7.87019375379537        3.66507025310403       -5.45706184637492
H            9.50768238647595        3.05259852095847       -5.12452481436480
H            8.79625327441687        2.82815164947026       -6.73960020639495
H           -7.82732402627069        1.36689659408096       -2.40761913878629
H           -8.67906587847044        1.36258883240683       -3.98416999247722
H           -9.50016791491625        1.98077212843500       -2.52894481586327
H          -11.03404999831157       -1.49097379716825       -3.01294065544005
H          -11.45718522451713        0.23200740209006       -2.87088287569468
H          -10.64703015072483       -0.36601354636027       -4.33674384322885
H            4.37948838804134       -5.98514830053091        2.23267080416263
H            0.53620964583190       -7.84503362085574        1.47873450516115
H            0.93281470523134        7.27377445384635       -2.36414158594689
H           -3.34510176983793        7.25768741511289       -1.65524870843195
O            3.51884970070496       -3.49194583578476        1.59483004534597
O           -0.67222775459396       -5.51690551913022        0.77552412471273
O            1.25488896719330        4.66916923964839       -1.62732894075149
O           -3.40172072003601        4.66544324200666       -0.84697669246257
C            4.86541704868926       -3.51691422391758        1.95803403688740
C            5.84696626772813       -3.78299755101821        0.99287273141019
C            5.22439799311259       -3.19567579753162        3.27386103056487
C            7.19897276677424       -3.73422724808017        1.35635955610262
H            5.54155610077513       -4.02051195831274       -0.03134758991918
C            6.58002681188073       -3.14831714377669        3.62516305008787
H            4.43458170711768       -2.98209551524315        4.00124935068261
C            7.56901526813136       -3.41891934997005        2.67036455543066
H            7.96988391674225       -3.94094049076246        0.60543282924229
H            6.86645000581118       -2.89721442913097        4.65261945893299
H            8.63040646636868       -3.38218258644223        2.94996529889498
C           -1.62931347873458       -6.50860776957848        0.96473023740835
C           -1.97068744881599       -6.96189560848420        2.24715171408628
C           -2.30722070164867       -6.98758219783173       -0.16477560921069
C           -2.98375944506718       -7.91779630820862        2.39055977360171
H           -1.44419444914734       -6.55986611946351        3.11935105922702
C           -3.32445114902987       -7.93701199106466       -0.00671085661264
H           -2.02974154476385       -6.59964549750655       -1.15018730552969
C           -3.66139106985344       -8.41010577911133        1.26776292550070
H           -3.25055596859162       -8.27742645063729        3.39049972209194
H           -3.85652218850040       -8.31159333736782       -0.88788244194176
H           -4.45391506142719       -9.16060841213078        1.38718958802281
C            2.52212749629497        5.22833400122657       -1.55149177782818
C            2.84407926833407        6.28967632013466       -0.69029134393968
C            3.52438903927689        4.61071036220123       -2.31703334509109
C            4.16849357027322        6.74093324473915       -0.61982964659065
H            2.06315044794445        6.75375050738890       -0.07792731558443
C            4.84423895518227        5.06400551777919       -2.22977837172750
H            3.26119920455800        3.77088633841853       -2.96887256586940
C            5.17183258826003        6.13527986799962       -1.38736734853219
H            4.41848255295042        7.57352972339638        0.04979832552674
H            5.60757112320422        4.56452248772227       -2.83460459271538
H            6.20638114552333        6.49680776731627       -1.32322739505250
C           -4.69856329364166        5.05184318225878       -1.16521621762404
C           -5.10386283824833        5.26315104855729       -2.49108184455288
C           -5.62472015313829        5.13830096558075       -0.11575241905128
C           -6.44097043839488        5.58188056316551       -2.75822146432117
H           -4.37343127316892        5.17011858617845       -3.30165825411721
C           -6.96037177544866        5.45028156672575       -0.39778519600691
H           -5.28151887200167        4.95029606426419        0.90648643225264
C           -7.37231892759463        5.67920975966193       -1.71657544456309
H           -6.76055006604474        5.74736817816607       -3.79287880358362
H           -7.68534470979422        5.51661628268289        0.42060385190234
H           -8.41952972798856        5.92805978597690       -1.93367404318340
N            1.29542335751079        0.53241727473670        0.08112191087286
C            2.34474209426817        1.14208077100064        0.55412334170246
C            2.18773668864570        2.42755035634192        1.16254134500459
C            3.24097305254514        3.08525095492506        1.73859561021078
C            4.51032588667533        2.51922498764315        1.75659165346566
C            4.69893968893223        1.29145980403561        1.14524193301199
C            3.67172462765375        0.60494968270602        0.52605084752419
C            3.99230086126040       -0.66161837997790       -0.20312436289837
C            4.66513968292704       -0.35538024918141       -1.56110137032514
C            5.88429936092337        0.50185489608097       -1.49534630275569
C            5.99847110264650        1.83758906593553       -1.71142473584249
C            7.39485942865540        2.13246205057706       -1.73212226617865
C            8.16428386122616        3.24753381253520       -2.05247473431944
C            9.53581348785012        3.12415867183901       -2.06844452332446
C           10.15583499451228        1.91536213068769       -1.73942030153937
C            9.41727130846410        0.78631774881874       -1.43317660942471
C            8.03509702098639        0.90515604807357       -1.46007998889385
O            7.11297217418738       -0.08329722354214       -1.31452523506549
H            1.21015137509626        2.87373753191876        1.14779317009556
H            3.08169333804964        4.05057681286422        2.19531975423290
H            5.32287459565286        3.03275793438619        2.24255922528489
H            5.68318242131972        0.84681189311339        1.14843170923659
H            3.08054651820642       -1.23208689984183       -0.38621943142835
H            4.67392417042216       -1.26521361765866        0.39756425021197
H            4.93215826627077       -1.30113259108511       -2.03655610627095
H            3.94590546106351        0.16707693419945       -2.19348507560224
H            5.19225713526837        2.51401495071179       -1.88208247664306
H            7.69319738052184        4.17625459081113       -2.32561542296163
H           10.14577365330585        3.97199396791005       -2.35096602848031
H           11.23388178248857        1.85984238497895       -1.74237083225253
H            9.89352909197295       -0.15193215902110       -1.19092273432535
245
 energy: -403.420294428228 gnorm: 0.011110572974 xtb: 6.7.1 (edcfbbe)
N            0.11775597115640       -1.72215865944301       -1.04558206155885
N           -0.04949798664535       -1.04875876602724        1.71835065100206
C           -0.54286530284916       -0.96123439880127       -3.31555981237598
C           -0.07124830536255       -1.91809689240855       -2.38970928838451
C            0.34357362313871       -3.26049451258972       -2.75227392959673
H            0.28974840267606       -3.67518248189437       -3.75992488209556
C            0.80911298204974       -3.85072900150964       -1.61121832208294
H            1.21686350203532       -4.85461080705984       -1.48556674419950
C            0.63275314545081       -2.89158163627861       -0.53778955142244
C            0.86081284030126       -3.17927482327431        0.82249948961688
C            0.47166770185203       -2.31013075081616        1.86135107805581
C            0.44467019572367       -2.68878007852755        3.26164430046949
H            0.80230972543797       -3.64351039065856        3.65016898186831
C           -0.14171638045397       -1.66001212862930        3.94178532492856
H           -0.35827306778638       -1.58240929621613        5.00809012058378
C           -0.43507739049124       -0.62715074779441        2.96565754813505
C            1.43292037098749       -4.52215628853188        1.19263892507616
C            2.78804522455361       -4.65385941269990        1.57849607599288
C            3.33106634072720       -5.90309210713762        1.92977812107087
C            2.51473328350040       -7.03717052529135        1.88739697001892
H            2.93719473207558       -8.01594292104417        2.15026030483526
C            1.17157891081463       -6.94715583883896        1.51300554835007
C            0.63306240776255       -5.69031530198766        1.17772194180046
N           -0.85574755008827        1.61938925606063        1.01207435616281
N           -0.63985974388199        0.95633816365032       -1.73636222764626
C           -1.00200817885996        0.62375291850708        3.28625365528888
C           -1.13242764744624        1.67695001143560        2.35409191212842
C           -1.51427416607077        3.02795573151358        2.71358318422292
H           -1.80590478049705        3.34165041822368        3.71676147130884
C           -1.41608475113065        3.78378445984432        1.57819865671429
H           -1.61780588721146        4.84795483768144        1.45295986708933
C           -1.03977118166815        2.88570932895370        0.50623395374931
C           -0.96487071837570        3.25411350306727       -0.85041742439221
C           -0.85868533813347        2.30341591395809       -1.88385683515024
C           -1.10896208503842        2.60645578159448       -3.27890153114395
H           -1.31078470005495        3.60475088697563       -3.66880387730582
C           -1.09142997578666        1.41853893629847       -3.95271775355618
H           -1.27224638857487        1.23412742129057       -5.01251130679282
C           -0.76453971402124        0.39129216592365       -2.98184899110324
C           -1.07116696445373        4.70458798971523       -1.23519873614647
C            0.09286754677823        5.41279603729789       -1.62255788259541
C            0.02441221915189        6.75398999520147       -2.04141330606580
C           -1.21381568006559        7.40349007735206       -2.04614655327145
H           -1.27103922405409        8.45295891589631       -2.36368993711771
C           -2.38112566796309        6.73979952288761       -1.65695334121082
C           -2.30912692522998        5.38867340817206       -1.26870480605283
Fe          -0.25677867263646       -0.01637225909088       -0.01248216556176
Cl          -2.47854349028787       -0.67746123888953        0.02918256130267
C           -1.54769046157168        0.82895310293881        4.67827252010458
C           -0.75732097451657        1.38149042666023        5.72130131737486
C           -2.89401516108717        0.45392543505931        4.94631545183703
C           -1.30086475166907        1.56168048512513        7.00913408933361
N            0.57734145819657        1.75129338618864        5.41223148738615
C           -3.43392673716720        0.65897900142036        6.23431569421512
N           -3.64373017909525       -0.14592092656912        3.90674162194502
H           -0.67105163899188        1.97495399395787        7.80158296682732
C           -2.63230856455760        1.20351711144216        7.24105612347698
C            1.57338885630159        2.17640110745883        6.26237365454241
H            0.82130849639214        1.65389879374943        4.42499835450170
H           -4.47628622053063        0.38597650482033        6.41719655632300
C           -4.96819914803792       -0.53710567100473        3.92610327941291
H           -3.13729986938005       -0.31393718036277        3.03222792548084
H           -3.05824020969369        1.35205293118051        8.24174769273002
O            1.46292565513687        2.28360213094765        7.47887579811205
C            2.87525555777189        2.51663192819539        5.56754014464296
O           -5.74348156066859       -0.31239942589488        4.85051490065794
C           -5.40719538429602       -1.29579400647691        2.69665413268086
C            4.15938146780376        2.14884031500003        6.26636398920049
H            2.89700086769182        2.51786238972566        4.47223147897422
C            3.72129144914956        3.59348797021198        6.25745133767570
C           -6.78130657949337       -1.01486640366944        2.14128191116390
H           -4.64130246560784       -1.59838175465629        1.97327166422063
C           -6.56093133226766       -2.27850752846528        2.93847666937425
H            4.07531088307679        1.62570721889376        7.22205006531388
H            5.00757071914790        1.88027048045495        5.63354457495500
H            3.30896878989537        3.98875209249041        7.18912959133115
C            4.46092512191228        4.56898043814863        5.39856236633050
H           -7.36749739024880       -0.23715762080417        2.63897291193782
H           -6.89900508073663       -1.10490060763499        1.05786850880962
H           -6.95090843432408       -2.28818439721713        3.96105470169422
C           -6.54254621084178       -3.59875290634460        2.24407667994358
O            4.55809215555232        5.76594538719587        6.00177110029431
O            4.93131032415516        4.31506373304160        4.30646012356394
O           -7.11854696682594       -4.55108024054554        3.01066479244935
O           -6.08738411381801       -3.80905520602496        1.13781280461485
C            5.26644495544232        6.84102796652146        5.31604431629181
C           -7.20622935969875       -5.90186687264375        2.47633216873373
C            4.25136080642264        7.70562726968832        4.55575408929563
C            6.04752880252812        7.60806561306888        6.38183889765138
H            5.95233082143163        6.36235217594614        4.59444752244926
C           -7.15403143313980       -6.85135340612301        3.67431705930283
C           -8.48476900120622       -6.03427388913691        1.64126917851412
H           -6.32529748496098       -6.04988994123745        1.82315706102584
H            3.72502745756008        7.10333535751739        3.79717600051771
H            3.51316528932279        8.12955974738058        5.24944005023333
H            4.76850604340783        8.53247041831488        4.04971973149304
H            6.74727725414906        6.94437038088613        6.90578400622534
H            6.62729511376470        8.42048876625574        5.92364586187868
H            5.37094481750433        8.04499465214121        7.12733494782907
H           -6.22524153303942       -6.70452066407362        4.24068801487091
H           -8.00693780562232       -6.67780582103149        4.34764197948220
H           -7.19823275541067       -7.89563317592190        3.33582972261237
H           -8.46358500596856       -5.33051995144837        0.79804447603875
H           -8.57646965194569       -7.05406581166284        1.24226929602134
H           -9.37418871488773       -5.82936966508894        2.25644855639503
C           -0.81421648805711       -1.43242600635701       -4.72248606602709
C            0.11477687413883       -1.21120478366814       -5.77517685479575
C           -2.01543369662138       -2.14390012221286       -4.99309517212202
C           -0.11989135667369       -1.74803618386181       -7.05662437578767
N            1.25503889619218       -0.41930794387725       -5.48608931535968
C           -2.23842501283381       -2.68488797411286       -6.27713997591065
N           -2.97243559625356       -2.24048348649687       -3.95605823866035
H            0.61196730534303       -1.57159285028383       -7.85007201028631
C           -1.28668077840391       -2.48636511584363       -7.28181924818090
C            2.16765124591490        0.13454886106776       -6.35735583783032
H            1.29421135870665       -0.09021368024724       -4.51995270703514
H           -3.15624863731874       -3.25048400871687       -6.45885137008838
C           -4.19410699261499       -2.88332388795093       -3.96896523334800
H           -2.74277680702553       -1.72553926568573       -3.10177766996318
H           -1.46516778097148       -2.91129087005614       -8.27815288209291
O            2.24552885333896       -0.12106439791122       -7.55315119685449
C            3.07293788247277        1.16112288194756       -5.71031928998475
O           -4.58834206685095       -3.60700659173257       -4.87793740358716
C           -5.04273963242897       -2.60309548925415       -2.75261387951862
C            3.35090826751966        2.41431613253417       -6.50360766120218
H            3.03928918304067        1.26950603030869       -4.62059087808668
C            4.44223885738562        1.38055012916447       -6.35315473228163
C           -5.91478304685432       -3.70862307707120       -2.21538743351705
H           -4.67251994507945       -1.87652843474215       -2.01979288069500
C           -6.55664779660660       -2.60067081954586       -3.01478165485199
H            2.88739391082801        2.48730381003895       -7.49104786568834
H            3.46168699482998        3.34635646354545       -5.94442231339551
H            4.67034164792644        0.76347917486119       -7.22606942564031
C            5.58814296733948        1.70326654681945       -5.44594827579329
H           -5.84989505898008       -4.67636053268971       -2.71967403308861
H           -6.06743791046240       -3.72219295020189       -1.13293836654962
H           -6.84894429788619       -2.83880933806045       -4.04213912679273
C           -7.39534657541710       -1.57304395710587       -2.32997735367316
O            6.74882966900507        1.26087997879520       -5.95697299550806
O            5.48455265298510        2.30607946700642       -4.39511161135050
O           -8.41818582516027       -1.18235497178832       -3.12053498505306
O           -7.20698628507610       -1.14160981288769       -1.21029384191600
C            7.97914720129838        1.51305033922368       -5.21516523043271
C           -9.34270960561516       -0.18472498770083       -2.60148302274243
C            8.89746895699403        0.31617297684067       -5.46649442650977
C            8.56954180720277        2.85108459216583       -5.66876046005475
H            7.70366504843947        1.57520638783421       -4.14494483487476
C           -8.80191558957340        1.21935396707933       -2.90044981785600
C          -10.70020345977669       -0.47014273576934       -3.24280890340633
H           -9.38934969203429       -0.32850030053999       -1.50666667991616
H            8.41141848983814       -0.61286486545931       -5.14068362538909
H            9.14228794323783        0.22976826371896       -6.53609556086137
H            9.83862598510114        0.43803417378110       -4.91297910032399
H            7.86780775416916        3.66939207266435       -5.46363914591044
H            9.50565286737483        3.05738193837680       -5.13175798085639
H            8.79353883156356        2.83258581826416       -6.74649945524393
H           -7.82771812169036        1.36742683387324       -2.40684267474423
H           -8.68018565662798        1.36282269507103       -3.98299945161325
H           -9.50077195278212        1.98087835917356       -2.52742639875426
H          -11.03401209667507       -1.49127573272654       -3.01052294173764
H          -11.45751213832401        0.23160654793654       -2.86836032634974
H          -10.64788370875277       -0.36628928195507       -4.33456638064369
H            4.38306261302355       -5.98133489416129        2.22820213452187
H            0.53990295992600       -7.84221387786606        1.47612819155014
H            0.93096183256876        7.27649053907826       -2.36773367854790
H           -3.34662042435253        7.25937369895203       -1.65686608025925
O            3.52150078893819       -3.48840042733600        1.59066117353920
O           -0.66944109252287       -5.51442284660979        0.77335843186220
O            1.25405386559979        4.67201139094859       -1.63092873670079
O           -3.40221600337523        4.66716164266169       -0.84842862431098
C            4.86823798794351       -3.51301492611550        1.95323707963532
C            5.84942074149343       -3.77889567040582        0.98761928975557
C            5.22775277807692       -3.19158728897081        3.26886794906858
C            7.20157776982479       -3.72974764432465        1.35048364161467
H            5.54359525474603       -4.01653388218937       -0.03645186614553
C            6.58353303633265       -3.14388775851588        3.61954725192973
H            4.43822088378475       -2.97816971660949        3.99660778544774
C            7.57215251363767       -3.41428845668282        2.66430444007221
H            7.97217718220456       -3.93637237340137        0.59923370626918
H            6.87037054516154       -2.89265179331826        4.64685633887410
H            8.63366533209954       -3.37727204870305        2.94341021929911
C           -1.62618915622532       -6.50635280003292        0.96305393043605
C           -1.96685913645566       -6.95966026819126        2.24566256547290
C           -2.30449674858412       -6.98555426015304       -0.16611171463780
C           -2.97962280839663       -7.91580531172670        2.38958814153228
H           -1.44006354635264       -6.55745340704514        3.11759872182340
C           -3.32141892352125       -7.93523044273002       -0.00752664684863
H           -2.02757017100005       -6.59759938705126       -1.15167376042122
C           -3.65765076776013       -8.40834284954792        1.26712451697166
H           -3.24586881774088       -8.27545100929144        3.38967042737607
H           -3.85380148461396       -8.30998920780351       -0.88843585894301
H           -4.44993189203719       -9.15903666339278        1.38696072045141
C            2.52115708859545        5.23149174366855       -1.55570893934355
C            2.84324771569668        6.29297036321977       -0.69470158701799
C            3.52323030979370        4.61404228733629       -2.32168740179154
C            4.16755658100555        6.74457750341764       -0.62487812339586
H            2.06247196964067        6.75688040179888       -0.08200772318675
C            4.84316973228756        5.06753475720260       -2.23500843291895
H            3.25999458174435        3.77412586774137       -2.97331022164570
C            5.17069951590763        6.13908429003429       -1.39285769569243
H            4.41765772741932        7.57725648152026        0.04459383688137
H            5.60630570140136        4.56818434685414       -2.84012548220826
H            6.20518146191555        6.50096303923830       -1.32916956828432
C           -4.69930680115742        5.05322030966269       -1.16608048391297
C           -5.10526857432131        5.26435436255111       -2.49177668912174
C           -5.62499875090268        5.13950246200554       -0.11619730304629
C           -6.44257648735223        5.58273611657960       -2.75831463983917
H           -4.37518526793846        5.17146038213677       -3.30268426835430
C           -6.96086096755139        5.45113428085349       -0.39763083428711
H           -5.28128256013866        4.95163745141917        0.90589519972314
C           -7.37347193759101        5.67988843133021       -1.71623943070650
H           -6.76267477981689        5.74808810394722       -3.79283318336020
H           -7.68547200777173        5.51733160887035        0.42109238129518
H           -8.42084420743307        5.92846584592661       -1.93287074123080
N            1.29571804433211        0.53427848702945        0.07653340333295
C            2.34623101946836        1.14138497782163        0.54960550062819
C            2.19310072679908        2.43303550981241        1.14572146540709
C            3.24815447875389        3.08973587908224        1.71954628655951
C            4.51364443681370        2.51529072417769        1.74973284706208
C            4.69787939734654        1.27997577855237        1.15161789618599
C            3.66939920122994        0.59558913951603        0.53246021567650
C            3.98189942100607       -0.67509294764773       -0.19256427301637
C            4.64526886642113       -0.37485788443651       -1.55722564538741
C            5.86463016508715        0.48046013583864       -1.49396161411246
C            5.98559256909964        1.82215591765685       -1.66891916455785
C            7.38464560988265        2.10795844617640       -1.67864342896229
C            8.16212743666626        3.22931007899769       -1.95409787688864
C            9.53266145106012        3.09985150750381       -1.98316333591373
C           10.14621783666797        1.87077695151900       -1.70984985965829
C            9.39878982792527        0.73752063742659       -1.44417015027350
C            8.01689307533425        0.86754406152006       -1.44980901743285
O            7.09192370801521       -0.11805421947072       -1.33222951903262
H            1.21729125966885        2.88292459643277        1.12213277026929
H            3.09275764808841        4.06078660684601        2.16544261916041
H            5.32688643897886        3.02927951981712        2.23417796266892
H            5.67932237685950        0.82914931628237        1.16521434775530
H            3.06745448567649       -1.24390028367285       -0.36627503227351
H            4.66792875498519       -1.27702724336333        0.40388901274294
H            4.91242691944528       -1.32218424263876       -2.02879152745946
H            3.92276084117539        0.14423967609154       -2.18840927779288
H            5.18826068833742        2.51167240665024       -1.82754468967967
H            7.69336538071121        4.17239950074901       -2.18596100045809
H           10.14394670602529        3.95780624775770       -2.23350368889196
H           11.22335452249550        1.80364097742262       -1.72833957259219
H            9.86410546356533       -0.21788379584353       -1.24357108480386
245
 energy: -403.421506776076 gnorm: 0.010425224456 xtb: 6.7.1 (edcfbbe)
N            0.11907302104778       -1.71910635977798       -1.04838980140787
N           -0.04702894944865       -1.04557980360810        1.71559810019833
C           -0.54285253288126       -0.95846445777756       -3.31807751807186
C           -0.07049504770176       -1.91514145757810       -2.39240160079153
C            0.34453063418278       -3.25744220267881       -2.75510803551692
H            0.29035609001816       -3.67218955842130       -3.76271415971535
C            0.81079358499689       -3.84748707542568       -1.61424734121207
H            1.21891372104076       -4.85123602783453       -1.48874347418020
C            0.63467072170656       -2.88833793186948       -0.54079250414050
C            0.86346764202539       -3.17589736295787        0.81943274242603
C            0.47457336769637       -2.30681851761021        1.85841949750824
C            0.44835918362071       -2.68540123183949        3.25874311324372
H            0.80646994858293       -3.64000557792949        3.64714270142355
C           -0.13800632036498       -1.65677095188750        3.93911360274513
H           -0.35407507447803       -1.57918068929692        5.00551956785942
C           -0.43214688893927       -0.62404687697810        2.96307020991002
C            1.43616297329586       -4.51859001488417        1.18934678321646
C            2.79150890359073       -4.64987465994808        1.57456738902769
C            3.33507260024856       -5.89892636191456        1.92564098239675
C            2.51906043849784       -7.03324779239771        1.88370147128128
H            2.94194084794250       -8.01188097391833        2.14640749359686
C            1.17569892210545       -6.94364902096297        1.50995177495517
C            0.63664423120387       -5.68698560894991        1.17486739299063
N           -0.85435515931506        1.62227830093815        1.00960731027178
N           -0.63970182966527        0.95915812793087       -1.73893583766349
C           -0.99929874133391        0.62671152716282        3.28387749376933
C           -1.13044008995289        1.67982191892420        2.35172447350942
C           -1.51254625803286        3.03073581519807        2.71132833172440
H           -1.80379738423058        3.34439013618171        3.71463701415679
C           -1.41512825323847        3.78653113093406        1.57587752138855
H           -1.61723380255676        4.85063758889503        1.45066718312772
C           -1.03903972513093        2.88850728511859        0.50379158938569
C           -0.96494504445282        3.25687357948278       -0.85294661463852
C           -0.85895906495808        2.30615112357584       -1.88638925058015
C           -1.10998949938787        2.60905238420851       -3.28132780023180
H           -1.31229174380167        3.60726837026694       -3.67118143267864
C           -1.09242555249421        1.42110952670760       -3.95509122779173
H           -1.27369438356485        1.23659309699608       -5.01478775441876
C           -0.76476961355474        0.39400190279509       -2.98432928765068
C           -1.07183745570071        4.70729928485733       -1.23774907507247
C            0.09179347476617        5.41583403937254       -1.62571086686272
C            0.02275004742494        6.75698253464461       -2.04459567939253
C           -1.21567498900223        7.40611201723373       -2.04877106536451
H           -1.27336128469050        8.45554548917793       -2.36634360022951
C           -2.38260060532442        6.74209478360675       -1.65898065918563
C           -2.31002030628571        5.39101133394539       -1.27069403552711
Fe          -0.25572632526073       -0.01336245942071       -0.01524806226752
Cl          -2.47701541794927       -0.67511467416714        0.02757277301985
C           -1.54436836322054        0.83181299583607        4.67615456017783
C           -0.75366620077969        1.38464061585866        5.71877662359579
C           -2.89045025629326        0.45640007835235        4.94486377000357
C           -1.29663962432109        1.56473351047526        7.00686152179475
N            0.58074304713084        1.75481668862209        5.40905280221034
C           -3.42980387491705        0.66135524731092        6.23311222771957
N           -3.64048877236510       -0.14372361419836        3.90567722253754
H           -0.66656703155685        1.97823310125653        7.79898766728715
C           -2.62786398062739        1.20618396379035        7.23944099321810
C            1.57706657467033        2.18027463821118        6.25869163871473
H            0.82425398349517        1.65745344014402        4.42170891041165
H           -4.47199363769224        0.38805355771413        6.41650744199852
C           -4.96482695966147       -0.53530081275344        3.92569807014122
H           -3.13442652685433       -0.31163157735505        3.03092995334314
H           -3.05335719034139        1.35464305183959        8.24033005690372
O            1.46716083803629        2.28750236351871        7.47524000832447
C            2.87850071433162        2.52086104375674        5.56321581302157
O           -5.73973325422179       -0.31077991510040        4.85047009495778
C           -5.40418982722177       -1.29418486076347        2.69649537745792
C            4.16307053772062        2.15348569280597        6.26144615934698
H            2.89971279072783        2.52205862434640        4.46789405391474
C            3.72454835181300        3.59799809711089        6.25266977577343
C           -6.77865063363175       -1.01369293826432        2.14177092288837
H           -4.63855493746779       -1.59657959066184        1.97275943484680
C           -6.55751476317401       -2.27722797721776        2.93892378356048
H            4.07961396285607        1.63037206345350        7.21719766893209
H            5.01103528085172        1.88513262660981        5.62823953294228
H            3.31255138631436        3.99319497763539        7.18452181547427
C            4.46348423153318        4.57367456298370        5.39335414722507
H           -7.36483300957354       -0.23613274396868        2.63970586734425
H           -6.89684349117977       -1.10381636088882        1.05841749448225
H           -6.94699607085278       -2.28697229674575        3.96169116833354
C           -6.53906988617867       -3.59750659136430        2.24458100093534
O            4.56057781443528        5.77070160508401        5.99647115823018
O            4.93341281646361        4.31983282256393        4.30103671831537
O           -7.11441534889952       -4.54996736203366        3.01149269068791
O           -6.08437697653559       -3.80772615843352        1.13810687148139
C            5.26827048492346        6.84596662420751        5.31035342933299
C           -7.20195067464215       -5.90080498347011        2.47727370286369
C            4.25255910347540        7.71023155768173        4.55049872207670
C            6.04963999240250        7.61330068438468        6.37572333580296
H            5.95395276071116        6.36745994848508        4.58845545814483
C           -7.14888982309562       -6.85021900550560        3.67528255766323
C           -8.48085296015738       -6.03363666405274        1.64283249128412
H           -6.32129138679657       -6.04859907005175        1.82367785697884
H            3.72603444733681        7.10773870962580        3.79222108967570
H            3.51457149394136        8.13397608396498        5.24451653428105
H            4.76921352049265        8.53720399353922        4.04417376757246
H            6.74983877604712        6.94983990611359        6.89936836319377
H            6.62894159504029        8.42587722127001        5.91720589434470
H            5.37328408411893        8.05006600391240        7.12151946451974
H           -6.21987187833542       -6.70308094283132        4.24119734442469
H           -8.00152287274016       -6.67689128700025        4.34901167758249
H           -7.19294280745093       -7.89452929542183        3.33686640921459
H           -8.46028447090685       -5.32991855024892        0.79956115283771
H           -8.57243987174486       -7.05347644841824        1.24392828695541
H           -9.37003582147626       -5.82896622997679        2.25843323367860
C           -0.81473527549675       -1.42980858160187       -4.72485224638312
C            0.11368255108481       -1.20836172450831       -5.77800030591092
C           -2.01587119782591       -2.14165325223772       -4.99484958211339
C           -0.12143669750864       -1.74531853878452       -7.05930820544883
N            1.25385472032924       -0.41610313988143       -5.48950128268582
C           -2.23931763084168       -2.68276722841530       -6.27876003674138
N           -2.97234727279491       -2.23847274299683       -3.95734617217758
H            0.60998892131756       -1.56869267064246       -7.85311372481203
C           -1.28811502374359       -2.48400809310950       -7.28390573484113
C            2.16587678157707        0.13796862652879       -6.36123191344487
H            1.29338484492618       -0.08695865459514       -4.52339674766217
H           -3.15706063501751       -3.24864555459669       -6.46000231617568
C           -4.19383111905911       -2.88167893028259       -3.96963522304131
H           -2.74243153196766       -1.72341878130365       -3.10320242230831
H           -1.46695374410367       -2.90903134236336       -8.28013314027313
O            2.24326017712314       -0.11766488831647       -7.55704941834793
C            3.07116479987989        1.16487631465206       -5.71466965423997
O           -4.58828696143427       -3.60552293018796       -4.87838167966273
C           -5.04196453891408       -2.60164431931008       -2.75288632904571
C            3.34838169717728        2.41810023312653       -6.50815421023767
H            3.03801554735643        1.27328271143839       -4.62493811355111
C            4.44014560240470        1.38472469562207       -6.35811464404926
C           -5.91341887377786       -3.70740691788761       -2.21518490472374
H           -4.67160931740065       -1.87493182927495       -2.02027961219143
C           -6.55599657086816       -2.59968631965242       -3.01432517756071
H            2.88438491315945        2.49088579250024       -7.49537765327456
H            3.45915459746958        3.35019284673701       -5.94906560978465
H            4.66799598192887        0.76763619284016       -7.23113626048796
C            5.58638320032925        1.70788295098399       -5.45124884304862
H           -5.84848426405038       -4.67515012973724       -2.71945574742402
H           -6.06555060491582       -3.72096886887908       -1.13266074501145
H           -6.84871661428287       -2.83796058397127       -4.04153051323592
C           -7.39467480953960       -1.57227351167895       -2.32916768303782
O            6.74696639322497        1.26579606004494       -5.96301792338132
O            5.48348907423058        2.31045085907502       -4.39983413506751
O           -8.41800895864304       -1.18192841089920       -3.11924886011833
O           -7.20590403287775       -1.14072937022250       -1.20959365089062
C            7.97746187141152        1.51830697900784       -5.22196528330611
C           -9.34257972265362       -0.18455261930829       -2.59980125532855
C            8.89606461834544        0.32163394888241       -5.47360495020633
C            8.56729998473657        2.85651749373565       -5.67578530545631
H            7.70209282592911        1.58080708098524       -4.15170828975670
C           -8.80234803745510        1.21967698621444       -2.89910005365989
C          -10.70029876145375       -0.47040619744941       -3.24045523748733
H           -9.38865091408322       -0.32828438201436       -1.50495394985720
H            8.41043411980858       -0.60751448700219       -5.14755088883150
H            9.14036892882734        0.23531010286078       -6.54336029158719
H            9.83744188548539        0.44378102195877       -4.92061494693319
H            7.86538441008017        3.67462640431371       -5.47044510929306
H            9.50361512241491        3.06312229322711       -5.13925999559456
H            8.79078308247799        2.83799938428668       -6.75367160321832
H           -7.82795746227290        1.36806363448588       -2.40596882966560
H           -8.68118051304028        1.36312625698718       -3.98171551149442
H           -9.50125180873971        1.98101015569373       -2.52577639251214
H          -11.03369117864570       -1.49162793542096       -3.00795620388781
H          -11.45763593570939        0.23113663918973       -2.86567485191531
H          -10.64853419800332       -0.36659130251859       -4.33224446108228
H            4.38723761599754       -5.97684023785584        2.22356048844735
H            0.54427243458816       -7.83889671403532        1.47342099682667
H            0.92898710686211        7.27973203811014       -2.37138433974134
H           -3.34825024143183        7.26138122607595       -1.65845802216694
O            3.52461000571771       -3.48422712917147        1.58635100896746
O           -0.66610401503237       -5.51149901589995        0.77112472404212
O            1.25321100410487        4.67539226045110       -1.63458035799680
O           -3.40268490306547        4.66919632021498       -0.84985793057372
C            4.87153545830602       -3.50841572284941        1.94827557607026
C            5.85234376365294       -3.77404641635974        0.98217008479940
C            5.23158281618633       -3.18679928006239        3.26371016795758
C            7.20465365411769       -3.72444631911307        1.34437521490723
H            5.54610543841042       -4.01179388521479       -0.04175845465973
C            6.58752845340881       -3.13867916043811        3.61372389379338
H            4.44234537295161       -2.97356581791763        3.99180913284026
C            7.57577264369921       -3.40882869491370        2.65801240811200
H            7.97493723929755       -3.93094367817876        0.59278558521045
H            6.87479025684852       -2.88729659432365        4.64087889367416
H            8.63741212815884       -3.37147890107857        2.93659944224075
C           -1.62246505651584       -6.50370483976059        0.96132874099970
C           -1.96237946072928       -6.95705035242651        2.24412561917976
C           -2.30117047429376       -6.98316267383821       -0.16748920944339
C           -2.97478813984586       -7.91349033526360        2.38858642590575
H           -1.43528576151275       -6.55464340722683        3.11579095417239
C           -3.31773311226093       -7.93313424263443       -0.00836750478435
H           -2.02483517716095       -6.59517305429962       -1.15320453274467
C           -3.65320876801394       -8.40628506556719        1.26647040063193
H           -3.24044457053192       -8.27316594518268        3.38881581832867
H           -3.85042739503085       -8.30809392493080       -0.88900310420004
H           -4.44520845866575       -9.15720873066314        1.38672618988544
C            2.52015996117635        5.23529858810971       -1.56006970205628
C            2.84234994150038        6.29688532030199       -0.69921026591423
C            3.52205184877637        4.61807832584858       -2.32646004063557
C            4.16653126187467        6.74892621301277       -0.63008626522462
H            2.06173610186154        6.76058382127195       -0.08615700774797
C            4.84198225935150        5.07192001795458       -2.24065291499574
H            3.25882907893431        3.77802690696747       -2.97785567345582
C            5.16948057135304        6.14362512705790       -1.39848302779516
H            4.41674203112182        7.58166932916244        0.03925975080942
H            5.60598982656917        4.57106601817289       -2.84453471197170
H            6.20385102050906        6.50598291570849       -1.33524932512523
C           -4.70004805841190        5.05485237585003       -1.16690285212644
C           -5.10670568742077        5.26579716956765       -2.49241545652746
C           -5.62525916781779        5.14091059544958       -0.11657758947276
C           -6.44423653959406        5.58376703464507       -2.75832663691239
H           -4.37698369168951        5.17307963299908       -3.30366899695970
C           -6.96134987955138        5.45213024895194       -0.39738462331812
H           -5.28099818338971        4.95319880807260        0.90536017577462
C           -7.37466132280719        5.68069394018332       -1.71580736180000
H           -6.76487961205216        5.74897072044786       -3.79269944081662
H           -7.68558741615171        5.51815241178861        0.42168420164410
H           -8.42221142478013        5.92894860451118       -1.93194847340013
N            1.29561646282679        0.53774573762786        0.07059739160830
C            2.34730493546020        1.14248977459460        0.54326352862228
C            2.19955822908233        2.44159220081112        1.12455078442462
C            3.25672215332616        3.09541102232861        1.69771846325505
C            4.51694698890091        2.50969126291401        1.74327178316726
C            4.69577665822157        1.26631922174533        1.15948687839314
C            3.66589002792242        0.58571757588798        0.53871782159777
C            3.96929429478637       -0.68970342234385       -0.18101132595531
C            4.62032958110183       -0.39859720663988       -1.55450825418967
C            5.84116570038726        0.45344027186415       -1.49811737548715
C            5.97122804979120        1.79837904745646       -1.63351357124443
C            7.37268324756851        2.07493791014979       -1.63444851812841
C            8.15820921434393        3.20604437212705       -1.85503417709085
C            9.52756656288736        3.06606119373379       -1.89283128022041
C           10.13211489353175        1.82091094181667       -1.67540783067072
C            9.37695694337451        0.68409520885840       -1.45299692762153
C            7.99688397035502        0.82248737705618       -1.45053306339636
O            7.06541746058667       -0.15820674823017       -1.35949724449335
H            1.22674948364746        2.89780260122032        1.08971965609373
H            3.10677826359968        4.07315194258798        2.13112023795760
H            5.33118580907848        3.02260866732562        2.22700340221578
H            5.67361690230959        0.80780683627491        1.18454428583250
H            3.05219518079731       -1.25831141166299       -0.34241047843636
H            4.66079724997119       -1.28907601249014        0.41210010158614
H            4.88442970496554       -1.34941888022475       -2.02039653854082
H            3.89230729412332        0.11596691555432       -2.18308555438586
H            5.18145187559970        2.50494734825434       -1.76432733290195
H            7.69392332385660        4.16720696557521       -2.03155594985240
H           10.14432714650695        3.93190063938139       -2.10089484152455
H           11.20823401875756        1.74458777022646       -1.70469248437491
H            9.83265873458907       -0.28373585562677       -1.29391744492349
245
 energy: -403.422593103687 gnorm: 0.008682199788 xtb: 6.7.1 (edcfbbe)
N            0.12091051568085       -1.71573481804437       -1.05104425159747
N           -0.04408960257936       -1.04210459476980        1.71297047402441
C           -0.54230784369797       -0.95538828376565       -3.32045795752598
C           -0.06919751923153       -1.91186285780080       -2.39496279677072
C            0.34607971873211       -3.25405542577124       -2.75780761488899
H            0.29158917081200       -3.66885555319766       -3.76537390930981
C            0.81305972867239       -3.84390707087989       -1.61713766164469
H            1.22158620820601       -4.84750913274994       -1.49178416989035
C            0.63712952574926       -2.88477116462879       -0.54365321563772
C            0.86664945793806       -3.17219979298055        0.81651200643386
C            0.47796454057484       -2.30320561396093        1.85562745208977
C            0.45251731480886       -2.68173315709405        3.25597941722316
H            0.81112438584943       -3.63620330249747        3.64425088730479
C           -0.13387013696087       -1.65326587520770        3.93657552679262
H           -0.34947255371116       -1.57570241523811        5.00308006219997
C           -0.42880602396900       -0.62067420120926        2.96062150945080
C            1.43997025092579       -4.51468727585975        1.18619528819329
C            2.79553619571086       -4.64550979733076        1.57080374530180
C            3.33967361813954       -5.89436931206459        1.92166552684985
C            2.52402087425497       -7.02895775577413        1.88014465779446
H            2.94734634184866       -8.00744000326682        2.14269273823752
C            1.18045578540282       -6.93981489931749        1.50701358998747
C            0.64082860440135       -5.68334309051200        1.17212909994765
N           -0.85258284353909        1.62545055929419        1.00731422274365
N           -0.63913087784692        0.96227605417170       -1.74138078175433
C           -0.99622200865832        0.62990763692894        3.28164231840853
C           -1.12809308759893        1.68294025911447        2.34949458007389
C           -1.51051661748226        3.03375164065067        2.70922474077620
H           -1.80141808823370        3.34734312986406        3.71266186594855
C           -1.41387640822960        3.78952165780406        1.57372274714712
H           -1.61639669901695        4.85355894269182        1.44853997182195
C           -1.03794941470586        2.89155997386365        0.50151514065677
C           -0.96467099244093        3.25991252000738       -0.85531318511914
C           -0.85883012978743        2.30917519208916       -1.88875980886216
C           -1.11059783127127        2.61194283315120       -3.28359990856305
H           -1.31340323776843        3.61007788874293       -3.67339490711518
C           -1.09295400889794        1.42398440725181       -3.95731933278451
H           -1.27464982993696        1.23936177604798       -5.01692100519453
C           -0.76451936161270        0.39701569818379       -2.98665995292502
C           -1.07219457006322        4.71029045379198       -1.24012435321656
C            0.09103180595855        5.41918709966964       -1.62866793507063
C            0.02135390351936        6.76029506582862       -2.04756378668286
C           -1.21728597917519        7.40901334097590       -2.05119823404444
H           -1.27546136060324        8.45841219994056       -2.36879228220704
C           -2.38381424864470        6.74463033374176       -1.66083692175026
C           -2.31061518232364        5.39358864793950       -1.27252411217416
Fe          -0.25432581003525       -0.01004084165856       -0.01791017191013
Cl          -2.47502826194196       -0.67254165370487        0.02607187853308
C           -1.54071237214469        0.83488570159083        4.67416706233837
C           -0.74971864397608        1.38802060403454        5.71640358006201
C           -2.88653822232448        0.45904654091848        4.94352041785038
C           -1.29214207182501        1.56798920649665        7.00472938123929
N            0.58444761529855        1.75861393941286        5.40604959076875
C           -3.42536843066518        0.66387264928549        6.23200408389933
N           -3.63687667578991       -0.14137651021309        3.90469162736030
H           -0.66183936789058        1.98172808564907        7.79654791942113
C           -2.62314241501487        1.20900947516684        7.23794031011083
C            1.58099707948384        2.18444515081203        6.25520997161348
H            0.82750716306410        1.66130064188254        4.41860025545985
H           -4.46738243972111        0.39023794400836        6.41589307930766
C           -4.96105393976584       -0.53337800933633        3.92536039688033
H           -3.13115041271445       -0.30914811419178        3.02972737960136
H           -3.04821851788596        1.35737044066687        8.23901998947137
O            1.47163709798573        2.29168856634220        7.47180023110385
C            2.88201550455911        2.52543751780511        5.55911286223859
O           -5.73561751490750       -0.30908200182013        4.85047185193540
C           -5.40074964400898       -1.29247159949089        2.69637762485527
C            4.16702284437344        2.15851202017888        6.25677054912721
H            2.90271034446502        2.52660919989732        4.46377938840147
C            3.72802083808312        3.60286897984682        6.24813805001216
C           -6.77555421254955       -1.01245053070187        2.14228418316770
H           -4.63534632907960       -1.59463902262032        1.97230477867007
C           -6.55363097406212       -2.27587538355946        2.93938849187001
H            4.08418022531417        1.63540611385302        7.21258136542724
H            5.01478278121499        1.89040642157120        5.62319008839668
H            3.31632249881670        3.99798487359679        7.18015707628039
C            4.46624269510430        4.57877576538922        5.38841577689366
H           -7.36176202601211       -0.23506099652507        2.64045819259625
H           -6.89422039377036       -1.10265788515213        1.05898770513609
H           -6.94263520627871       -2.28571181445261        3.96233684287274
C           -6.53507419092617       -3.59619029327599        2.24509335254034
O            4.56322134215538        5.77584902053941        5.99144876876981
O            4.93574718221027        4.32501772417703        4.29588913058819
O           -7.10974612420139       -4.54880202976801        3.01230446044256
O           -6.08082315049703       -3.80629716573723        1.13841314402616
C            5.27022917273178        6.85132152482671        5.30497085242701
C           -7.19708185233496       -5.89968959427168        2.47819008655044
C            4.25387218377421        7.71523516441796        4.54553320561414
C            6.05183838255798        7.61897303169994        6.36993187095731
H            5.95573331664189        6.37301774451572        4.58277455598147
C           -7.14314889425494       -6.84904005737730        3.67621490145784
C           -8.47632767235718       -6.03298119241193        1.64434432471270
H           -6.31667934552029       -6.04722255416086        1.82418695428092
H            3.72719219475662        7.11252745670763        3.78754040819241
H            3.51607152271281        8.13875922280176        5.23987586075404
H            4.77002273647599        8.54235354589547        4.03893686895386
H            6.75249932941566        6.95576434435161        6.89328332753672
H            6.63065740208915        8.43172563834477        5.91110653831777
H            5.37568391932966        8.05554808258034        7.11601845770702
H           -6.21391838262075       -6.70157173647471        4.24169038400972
H           -7.99552607582811       -6.67596489971573        4.35033328786168
H           -7.18701433395423       -7.89337965371571        3.33785915667588
H           -8.45638173877758       -5.32929127157938        0.80103428736978
H           -8.56776033551311       -7.05286862458283        1.24552647698616
H           -9.36529036992741       -5.82857767821529        2.26035292866745
C           -0.81468525941876       -1.42687809144878       -4.72709070795810
C            0.11316843545545       -1.20516693122533       -5.78067816900221
C           -2.01570327192670       -2.13912826113863       -4.99650787974807
C           -0.12236046932359       -1.74224636403563       -7.06185360418669
N            1.25322309738838       -0.41251547293324       -5.49273772320393
C           -2.23957263211323       -2.68036620695948       -6.28028566494620
N           -2.97168666209064       -2.23622476851621       -3.95854227196090
H            0.60863943741107       -1.56540765806053       -7.85600304212201
C           -1.28889960061967       -2.48133174167502       -7.28588109569116
C            2.16465087041853        0.14181987641299       -6.36491582880657
H            1.29308137052187       -0.08332376524586       -4.52666532420889
H           -3.15721185084562       -3.24655406678713       -6.46108142078356
C           -4.19293672557448       -2.87983337057492       -3.97025869182083
H           -2.74153147175199       -1.72105758974709       -3.10453719288339
H           -1.46805859035133       -2.90645037527139       -8.28200851999979
O            2.24156333820893       -0.11383151263782       -7.56075488398829
C            3.06990085144147        1.16906247603479       -5.71879854238547
O           -4.58759008842429       -3.60384534599857       -4.87878107575367
C           -5.04062093663223       -2.60002800385612       -2.75311029547188
C            3.34633987571804        2.42234933754235       -6.51246523419542
H            3.03722763150807        1.27749396066301       -4.62906391662273
C            4.43852441518361        1.38939627151241       -6.36285147312354
C           -5.91145232038030       -3.70605887224602       -2.21496435745699
H           -4.67015882305586       -1.87316527152882       -2.02071098202881
C           -6.55475990562022       -2.59858651123600       -3.01385357242090
H            2.88186241781357        2.49493057238946       -7.49947892007921
H            3.45706445023042        3.35449360506220       -5.95345853292440
H            4.66619310840185        0.77230661778972       -7.23596039078142
C            5.58512106285162        1.71304132429605       -5.45626095797241
H           -5.84643118076215       -4.67380249377224       -2.71922627268807
H           -6.06308019351549       -3.71962675469821       -1.13236826270137
H           -6.84788220550746       -2.83699429624243       -4.04091306727785
C           -7.39347175900481       -1.57141134975887       -2.32835180475452
O            6.74556378287172        1.27123434244237       -5.96886820268478
O            5.48281796083555        2.31545206040227       -4.40434023318107
O           -8.41729254045437       -1.18144211632686       -3.11796297984930
O           -7.20431740182291       -1.13976665773405       -1.20887608411452
C            7.97622589608081        1.52413547609305       -5.22851833285352
C           -9.34195004426473       -0.18435799143688       -2.59813502958935
C            8.89518797781968        0.32772256045746       -5.48040494915874
C            8.56551295892359        2.86256292633564       -5.68249505661045
H            7.70075321578715        1.58700875764798       -4.15857866992226
C           -8.80232050439170        1.22004853731773       -2.89774321933294
C          -10.69987328777181       -0.47068158943286       -3.23814433262952
H           -9.38746846578575       -0.32805108603883       -1.50325717866844
H            8.41000132462024       -0.60156081706459       -5.15411507814141
H            9.13900238340764        0.24147256212349       -6.55030609223846
H            9.83676813343487        0.45020269329114       -4.92791936499321
H            7.86339859139294        3.68045604534231       -5.47688154460764
H            9.50200029405559        3.06948941497448       -5.14637939223676
H            8.78848566030490        2.84406658438646       -6.76051857826422
H           -7.82775143935549        1.36877396810356       -2.40506829166915
H           -8.68170110884903        1.36348922461700       -3.98042014163572
H           -9.50130249718549        1.98116272046149       -2.52412473917475
H          -11.03282113694646       -1.49200495235526       -3.00544663706438
H          -11.45726748412139        0.23062787048710       -2.86303960007700
H          -10.64864757257423       -0.36689457016965       -4.32996286697109
H            4.39200529586636       -5.97192128892504        2.21909828995243
H            0.54930855319996       -7.83527180281640        1.47081115463653
H            0.92727138172487        7.28332167794190       -2.37480117583796
H           -3.34963426135272        7.26359817567144       -1.65989219425049
O            3.52823851244446       -3.47965995399857        1.58222927683099
O           -0.66216040879413       -5.50830002151525        0.76898626626193
O            1.25267421322765        4.67912800926468       -1.63800418518341
O           -3.40284267751151        4.67143169693738       -0.85115036549220
C            4.87535617899575       -3.50337566087095        1.94352130078626
C            5.85580990482447       -3.76871810314629        0.97694011001652
C            5.23589961041331       -3.18155641070893        3.25876016686373
C            7.20826123232120       -3.71864226683718        1.33851136146642
H            5.54918531791913       -4.00657461527779       -0.04685099399134
C            6.59200387961668       -3.13298339128829        3.60813530542420
H            4.44693792393532       -2.96855305291917        3.98721098165959
C            7.57989396751464       -3.40285478882853        2.65197592817846
H            7.97824851872699       -3.92497002994370        0.58658619086765
H            6.87966067696223       -2.88145993256187        4.63514679022760
H            8.64165392580061       -3.36513425935145        2.93006154615412
C           -1.61810830303023       -6.50081494584028        0.95967605930252
C           -1.95727257944377       -6.95421828550578        2.24264719858600
C           -2.29717523750734       -6.98054160029432       -0.16881343493213
C           -2.96930030418890       -7.91098760514194        2.38761751539391
H           -1.42991071529276       -6.55160199126401        3.11405523486822
C           -3.31334876489929       -7.93084154065590       -0.00918182501241
H           -2.02142599966635       -6.59250038275950       -1.15467252659103
C           -3.64807602134854       -8.40405156628847        1.26583608439524
H           -3.23437181885295       -8.27070870359667        3.38798658251489
H           -3.84632785504896       -8.30601248593424       -0.88955450819083
H           -4.43977238951797       -9.15523139356830        1.38648800079384
C            2.51947391382059        5.23951029734432       -1.56419470632520
C            2.84169514993923        6.30119954292966       -0.70346222479920
C            3.52121570674717        4.62256599064087       -2.33097739012154
C            4.16574164877002        6.75371940439690       -0.63501227457813
H            2.06122973690771        6.76465371434805       -0.09005194235984
C            4.84105268986115        5.07686030614151       -2.24611901314163
H            3.25804336936363        3.78236023333830       -2.98215217946750
C            5.16851603115495        6.14866226962460       -1.40379786608016
H            4.41602598203938        7.58652344916109        0.03422913328355
H            5.60633675663153        4.57396876467353       -2.84817521599380
H            6.20276641492675        6.51152102897682       -1.34105920862659
C           -4.70048300983038        5.05664725101340       -1.16761447133934
C           -5.10781809678507        5.26740114567144       -2.49294415666658
C           -5.62523551985604        5.14244335839356       -0.11685919073905
C           -6.44557908691742        5.58491871471845       -2.75825062532517
H           -4.37844148229341        5.17489008199325       -3.30453225452091
C           -6.96155698336132        5.45321092327439       -0.39706047503689
H           -5.28044068384576        4.95488728615407        0.90492717965338
C           -7.37555267811724        5.68158184571727       -1.71530647328057
H           -6.76675184663763        5.74997242136242       -3.79248231342901
H           -7.68543846227508        5.51902804784928        0.42233927609607
H           -8.42328475187766        5.92948221735318       -1.93097154911735
N            1.29496539492567        0.54346483607370        0.06353728807242
C            2.34752854027149        1.14659249877059        0.53499273686222
C            2.20705268646567        2.45418671950409        1.09895198533131
C            3.26663173182220        3.10299767287854        1.67338970602083
C            4.52002482580695        2.50352027202893        1.73692955811257
C            4.69219595278757        1.25223633156470        1.16750213040193
C            3.66058726979792        0.57677987803163        0.54412102554068
C            3.95327075197440       -0.70401236683543       -0.16948342782744
C            4.58818157841221       -0.42339128769223       -1.55364787764741
C            5.81236644982249        0.42334818578025       -1.50649947798607
C            5.95325383387661        1.76987988329294       -1.60241028255915
C            7.35669520725568        2.03671636646446       -1.59675371497269
C            8.14945222619589        3.17581192914967       -1.75943353262934
C            9.51786804230607        3.02399301640206       -1.79811357725845
C           10.11243107822725        1.76703043069222       -1.63730949472573
C            9.35087494136283        0.62598020711912       -1.46325093830318
C            7.97278312045166        0.77325062506377       -1.46076281994175
O            7.03172515601971       -0.20140563920754       -1.39599883004496
H            1.23873554432444        2.91954362531271        1.05038129302611
H            3.12399262168836        4.08788353803597        2.09336476963385
H            5.33550556005666        3.01334837357472        2.22153252510152
H            5.66555129061879        0.78473221200353        1.20437737686386
H            3.03360172036984       -1.27352420732758       -0.31548467400697
H            4.65177194932116       -1.29995969730992        0.41998540978984
H            4.84528953606008       -1.37829970003156       -2.01494124501335
H            3.85299249791864        0.08789892086426       -2.17669707991487
H            5.16962107550658        2.49334470089298       -1.69571065067442
H            7.69169241580867        4.14938357571297       -1.88302439107677
H           10.14374920888772        3.89317113772885       -1.95904683935608
H           11.18776919375548        1.68526579748140       -1.66934844518914
H            9.79978441812302       -0.34939268345090       -1.34485131083969
245
 energy: -403.423507046335 gnorm: 0.007058502096 xtb: 6.7.1 (edcfbbe)
N            0.12327621495222       -1.71225575818644       -1.05336773996221
N           -0.04076734868686       -1.03856273152602        1.71063342137361
C           -0.54112066693516       -0.95220498908423       -3.32254676622861
C           -0.06730715681011       -1.90847944201764       -2.39722469904105
C            0.34825865015945       -3.25055155228934       -2.76019519009274
H            0.29351328662341       -3.66539689640727       -3.76772841165820
C            0.81590348204576       -3.84021690321472       -1.61969659355825
H            1.22483528601482       -4.84367314496737       -1.49448248845951
C            0.64008957389869       -2.88111340527843       -0.54618281180128
C            0.87026257002450       -3.16842614894992        0.81393300935320
C            0.48172227961042       -2.29953114686045        1.85316277011427
C            0.45696837813833       -2.67802075878940        3.25353711960653
H            0.81606079951166       -3.63235709701858        3.64168760466660
C           -0.12948731749773       -1.64973017865651        3.93433634373478
H           -0.34468180870422       -1.57220995579083        5.00092858018051
C           -0.42517509364018       -0.61725810336674        2.95847029732289
C            1.44420147597785       -4.51070574224771        1.18340103458007
C            2.79996702400391       -4.64105716608809        1.56747228541017
C            3.34467001013053       -5.88972244978077        1.91813708075304
C            2.52938979974980       -7.02458427108642        1.87697768693464
H            2.95315460735698       -8.00291434491847        2.13938071777057
C            1.18564189744218       -6.93590642644355        1.50439136413798
C            0.64544900317439       -5.67962848848322        1.16969023367155
N           -0.85043627239553        1.62869487166483        1.00533721713109
N           -0.63804465023370        0.96548324619650       -1.74353596981454
C           -0.99288128893754        0.63312665876974        3.27968914894311
C           -1.12543954708473        1.68609905531425        2.34754554282115
C           -1.50821786006099        3.03679839667589        2.70740776049174
H           -1.79882707110239        3.35030981118570        3.71095959430792
C           -1.41229813191611        3.79255437924257        1.57187173268604
H           -1.61523550468603        4.85652313554787        1.44671751110711
C           -1.03645498696889        2.89466545900136        0.49955520764778
C           -0.96393564418693        3.26302754526995       -0.85736179281795
C           -0.85817038638669        2.31228907116207       -1.89081691130308
C           -1.11060018613486        2.61494009869799       -3.28557080365086
H           -1.31389864418298        3.61299756309094       -3.67530292166011
C           -1.09282883275220        1.42697613270403       -3.95925945943666
H           -1.27489260137497        1.24225651421223       -5.01877723553288
C           -0.76366390669057        0.40013823273338       -2.98869288770402
C           -1.07208143680437        4.71336462108943       -1.24216641097891
C            0.09076298292154        5.42263734736003       -1.63121957387516
C            0.02045227907880        6.76371134029767       -2.05010947324941
C           -1.21840604326306        7.41200632137885       -2.05326137955917
H           -1.27706375185489        8.46137494167866       -2.37086462023693
C           -2.38455215904381        6.74724172849130       -1.66240326118891
C           -2.31074159213382        5.39623768409412       -1.27407960255216
Fe          -0.25254090346073       -0.00663687598334       -0.02030231056340
Cl          -2.47258105408316       -0.66990505471423        0.02476464508570
C           -1.53687270573201        0.83796273796879        4.67243281826863
C           -0.74565139900849        1.39139952900338        5.71433485919759
C           -2.88245283957854        0.46168251253393        4.94235259394185
C           -1.28759620409320        1.57122207289792        7.00287294799959
N            0.58828799895325        1.76242667407421        5.40342745942173
C           -3.42083347933317        0.66635795091632        6.23104358123587
N           -3.63303025339398       -0.13903489040764        3.90383176075559
H           -0.65711284156908        1.98519693990779        7.79442367470824
C           -2.61838310927311        1.21179792062997        7.23663767562868
C            1.58500753329386        2.18862935878768        6.25217048986311
H            0.83094796432976        1.66518035723984        4.41588528392518
H           -4.46267908619163        0.39237803652887        6.41536554756950
C           -4.95704135331984       -0.53147100016524        3.92507314499719
H           -3.12758898937348       -0.30665290072952        3.02867794492902
H           -3.04309848995706        1.36004370153112        8.23788614936128
O            1.47612822545295        2.29587204525790        7.46879695640885
C            2.88564839829437        2.53004824381496        5.55552729327885
O           -5.73131688679182       -0.30742052853133        4.85048201871739
C           -5.39699722104990       -1.29076418096438        2.69627449715091
C            4.17105645454281        2.16357622938047        6.25267758108447
H            2.90588667094608        2.53120588397237        4.46018409725057
C            3.73156157059448        3.60777315025992        6.24418339731514
C           -6.77211643777153       -1.01121952716312        2.14274040345234
H           -4.63178200328313       -1.59268732133360        1.97190461900305
C           -6.54943818722675       -2.27454128003227        2.93979212198346
H            4.08877963342156        1.64046583833165        7.20853638187156
H            5.01864884331747        1.89573366055987        5.61876419863578
H            3.32010751715733        4.00279077559154        7.17635275584965
C            4.46910540589849        4.58392987033612        5.38411032147060
H           -7.35838486159961       -0.23401284265422        2.64113027656302
H           -6.89119572509650       -1.10149855667962        1.05949377008379
H           -6.93802209189426       -2.28448644851885        3.96289883322517
C           -6.53071918555557       -3.59488399120533        2.24552904819676
O            4.56592806805524        5.78103644132919        5.98707853199893
O            4.93825141469868        4.33027021037155        4.29139793968692
O           -7.10475146974342       -4.54765985125002        3.01299544080057
O           -6.07684668920094       -3.80485991277747        1.13866600537325
C            5.27227771908295        6.85673178160940        5.30029525078687
C           -7.19184564732935       -5.89859290440523        2.47896267922452
C            4.25531150462116        7.72029132323758        4.54122671371385
C            6.05405865923795        7.62469116296367        6.36490500304684
H            5.95764843428373        6.37864644096089        4.57783150248884
C           -7.13709919497724       -6.84789254518789        3.67699336688924
C           -8.47138681100978       -6.03234544081509        1.64563981304515
H           -6.31166187433079       -6.04584770982905        1.82460101003470
H            3.72852610886463        7.11737639658802        3.78345386955209
H            3.51765740351838        8.14357971161247        5.23586347072952
H            4.77097993675105        8.54756710690338        4.03440466642372
H            6.75515759723582        6.96173539156952        6.88799308488312
H            6.63241294454043        8.43763001804047        5.90581744467135
H            5.37806098745260        8.06105966056778        7.11125105886850
H           -6.20768881441057       -6.70009222739372        4.24208348913732
H           -7.98925934761887       -6.67508692763499        4.35145489996238
H           -7.18074833650282       -7.89225748949367        3.33868354123683
H           -8.45202358570058       -5.32867327594032        0.80230181297594
H           -8.56263413473995       -7.05227621572310        1.24689047403028
H           -9.36016571797802       -5.82822528348147        2.26200798397095
C           -0.81391260162264       -1.42382211684783       -4.72905761758592
C            0.11343404143328       -1.20182479913441       -5.78303113413633
C           -2.01478876645564       -2.13648564708201       -4.99797158357207
C           -0.12243032087431       -1.73901658843251       -7.06409393111275
N            1.25334429658291       -0.40877961365679       -5.49557551910257
C           -2.23900728509618       -2.67783571660206       -6.28163424157028
N           -2.97034018928201       -2.23388087947867       -3.95959549634759
H            0.60818607538547       -1.56194998853989       -7.85854530708702
C           -1.28880972779173       -2.47850589396705       -7.28762493957534
C            2.16422914029566        0.14584974864364       -6.36814359453206
H            1.29347967925432       -0.07954767118712       -4.52953141388974
H           -3.15652623335123       -3.24434006863332       -6.46204155380394
C           -4.19134333571687       -2.87790179291589       -3.97081917823677
H           -2.73999458740688       -1.71860717627784       -3.10571272732314
H           -1.46822982377713       -2.90371136974477       -8.28366710304361
O            2.24073070413360       -0.10981459468557       -7.56400450167357
C            3.06939200007410        1.17340890030506       -5.72241231829171
O           -4.58614172738119       -3.60207590444508       -4.87914532144634
C           -5.03865284779586       -2.59834812644252       -2.75331171192656
C            3.34508614258921        2.42677967921069       -6.51623134481823
H            3.03713623456435        1.28186077286646       -4.63267037647991
C            4.43766080099281        1.39423993662303       -6.36702972463381
C           -5.90887861619333       -3.70466147355346       -2.21478499259493
H           -4.66812967818500       -1.87134021821959       -2.02109190782036
C           -6.55288184230922       -2.59743377964646       -3.01344542892489
H            2.88017515069276        2.49916935331575       -7.50305906020451
H            3.45572010585877        3.35897101455052       -5.95728914281243
H            4.66521875420288        0.77717132373692       -7.24019982566945
C            5.58458134641340        1.71832635891766       -5.46072362069490
H           -5.84373434160532       -4.67239898547265       -2.71904575505811
H           -6.06006216564098       -3.71824981869813       -1.13212593139693
H           -6.84634827073287       -2.83596564639203       -4.04037771420701
C           -7.39167598236861       -1.57051167512029       -2.32763348534509
O            6.74491173757098        1.27683622107170       -5.97402551471908
O            5.48266295639653        2.32064040708146       -4.40853446211565
O           -8.41594213067386       -1.18091948905390       -3.11682636971624
O           -7.20220297271406       -1.13877897719224       -1.20824065329645
C            7.97575008756669        1.53015922023588       -5.23419541137644
C           -9.34072427830040       -0.18414053171016       -2.59665859674440
C            8.89506232373533        0.33404113375040       -5.48637206013685
C            8.56444971582915        2.86881566517534       -5.68838551659240
H            7.70034766714247        1.59317753048921       -4.16449185009532
C           -8.80169364730543        1.22045089214719       -2.89652724121405
C          -10.69881217587526       -0.47093907947494       -3.23610363684874
H           -9.38574917683936       -0.32781000213555       -1.50175504506753
H            8.41030208233034       -0.59539915662133       -5.15989537801145
H            9.13845278270564        0.24786648130498       -6.55639549229877
H            9.83681843675540        0.45685713025285       -4.93430575320402
H            7.86213247033540        3.68649057697727       -5.48250450469694
H            9.50108168295227        3.07604534288347       -5.15263942737267
H            8.78697802874199        2.85036221994517       -6.76651384057009
H           -7.82697530308888        1.36951831458952       -2.40425310706906
H           -8.68156441486490        1.36389779805057       -3.97925682958706
H           -9.50078167776599        1.98133497763490       -2.52264416296266
H          -11.03131871809816       -1.49236977733059       -3.00323925017339
H          -11.45629081585869        0.23012470500084       -2.86070874890928
H          -10.64806625040571       -0.36716618941876       -4.32794644655152
H            4.39715202044391       -5.96690434624248        2.21514067687024
H            0.55478470387227       -7.83157798100270        1.46847211219309
H            0.92606416469767        7.28702764165353       -2.37773677784556
H           -3.35054689446840        7.26588181918733       -1.66108202030216
O            3.53225769760722       -3.47499775263913        1.57859031023268
O           -0.65775872024306       -5.50503591648147        0.76707647606019
O            1.25262084747187        4.68297585828373       -1.64096592927467
O           -3.40254995527715        4.67372256094053       -0.85223762372876
C            4.87955847850155       -3.49822910803563        1.93928985742606
C            5.85970855729473       -3.76326123396683        0.97229929236623
C            5.24055859983452       -3.17611925014487        3.25428607310276
C            7.21227879443612       -3.71271434037295        1.33332944253906
H            5.55275148976157       -4.00122093818952       -0.05135973938587
C            6.59676546283096       -3.12717977794665        3.60318620687282
H            4.45180777359532       -2.96346790065627        3.98311572933634
C            7.58434831185857       -3.39675956002904        2.64664409017114
H            7.98202100095932       -3.91881462849459        0.58110100233992
H            6.88474306452738       -2.87553568450159        4.63008593273103
H            8.64620742987676       -3.35866350225979        2.92429449686066
C           -1.61329510487951       -6.49787184242218        0.95818764271438
C           -1.95177583705927       -6.95135085129746        2.24130668808250
C           -2.29265670523620       -6.97786071379388       -0.17001679848873
C           -2.96342200803791       -7.90846109739657        2.38671841853057
H           -1.42419774198936       -6.54853075393956        3.11249087028580
C           -3.30843994787521       -7.92850023955785       -0.00994345184607
H           -2.01744227195985       -6.58975394826166       -1.15599894534407
C           -3.64248525103289       -8.40178736442579        1.26523041637843
H           -3.22796015013827       -8.26824189369470        3.38720776572537
H           -3.84165178009482       -8.30387763522222       -0.89008625988391
H           -4.43387760264820       -9.15323246343856        1.38622392165810
C            2.51929028791173        5.24382516086930       -1.56776218516602
C            2.84147056146823        6.30561581738900       -0.70714470039965
C            3.52094053923090        4.62716332093569       -2.33488843210407
C            4.16539706027728        6.75860690157762       -0.63928032168257
H            2.06111417809617        6.76881759057853       -0.09341332868143
C            4.84066236643152        5.08185411885416       -2.25071701869773
H            3.25782412382326        3.78683147727036       -2.98589099661052
C            5.16806197704691        6.15382530402088       -1.40841131859809
H            4.41568346450167        7.59149195917607        0.02987021165757
H            5.60672959712956        4.57791690282818       -2.85182161960852
H            6.20218729517699        6.51710648289630       -1.34617673334027
C           -4.70045160323903        5.05848994698040       -1.16818939177196
C           -5.10839398661558        5.26906617454347       -2.49335376257773
C           -5.62480510299296        5.14400201927787       -0.11705362436949
C           -6.44637374282882        5.58612229398452       -2.75812501541343
H           -4.37931812615388        5.17677873579040       -3.30523788154257
C           -6.96134342750098        5.45430856353390       -0.39671864655990
H           -5.27952987282442        4.95659230363520        0.90459702107482
C           -7.37595328621396        5.68249957187368       -1.71480829543249
H           -6.76802049382010        5.75103638991201       -3.79223131712908
H           -7.68491470546845        5.51990359903113        0.42297194456131
H           -8.42385756206914        5.93003864116137       -1.93005068358729
N            1.29383682482110        0.55138679436454        0.05596362950109
C            2.34696968812172        1.15374810210757        0.52544928137759
C            2.21561700865769        2.47012770219331        1.07065253388013
C            3.27777880000524        3.11197724098766        1.64844732673656
C            4.52285360676598        2.49697884025574        1.73197769225753
C            4.68699999754535        1.23813133037935        1.17644511707329
C            3.65353071379288        0.56927097265319        0.54923111080933
C            3.93417127491664       -0.71689908507924       -0.15856158695507
C            4.54988787780917       -0.44594032966468       -1.55395737337416
C            5.77917829689269        0.39340637610984       -1.51614054061449
C            5.93090999828869        1.74054631388639       -1.57359645368428
C            7.33597846084532        1.99680631144735       -1.56533418869557
C            8.13471875007686        3.13787586660990       -1.67696546308888
C            9.50274227913255        2.97598089970731       -1.70697357773417
C           10.08758836821874        1.71158926725163       -1.59892346753787
C            9.32040079725838        0.56726671909778       -1.47441021044491
C            7.94397386092232        0.72515290357453       -1.47492814642390
O            6.99247986450605       -0.24347650017334       -1.43646095295909
H            1.25314809244160        2.94666408961922        1.00653778213845
H            3.14403066012492        4.10369459910835        2.05536346478443
H            5.33959504826920        3.00161464425639        2.21971155646065
H            5.65453172364219        0.75941133866966        1.22728460911976
H            3.01207283861348       -1.28725761758704       -0.28772334961153
H            4.64075496223426       -1.30936986435915        0.42566221795859
H            4.79657231462030       -1.40411226851946       -2.01408007090837
H            3.80733026798402        0.06554629240983       -2.16821812773381
H            5.15234425213750        2.47528495796306       -1.63175568535572
H            7.68403280782039        4.11736166934818       -1.75499699498664
H           10.13943573287342        3.84441146025851       -1.81993804457788
H           11.16283726036546        1.62668255074461       -1.62636944925331
H            9.76553929043865       -0.41301097267400       -1.39705376608133
245
 energy: -403.424282107304 gnorm: 0.005643529173 xtb: 6.7.1 (edcfbbe)
N            0.12616622830059       -1.70866033505745       -1.05533909417197
N           -0.03709039563809       -1.03494505408335        1.70860473284104
C           -0.53927685019644       -0.94891334400542       -3.32433067542114
C           -0.06481234795717       -1.90498875339509       -2.39916708779375
C            0.35107179784994       -3.24692700111180       -2.76224239743296
H            0.29613589459701       -3.66181556682292       -3.76974815750694
C            0.81932477269352       -3.83641012222929       -1.62189249748624
H            1.22864892631729       -4.83972484931528       -1.49680197785353
C            0.64354138547994       -2.87736044068483       -0.54835498418290
C            0.87428543078964       -3.16456715455474        0.81172393183270
C            0.48581860032416       -2.29578248047182        1.85105050276982
C            0.46167430530148       -2.67424511946143        3.25143989259367
H            0.82123446354056       -3.62844767760940        3.63948356574892
C           -0.12489687227030       -1.64613934782703        3.93241326597598
H           -0.33974874675994       -1.56867571158164        4.99908156021568
C           -0.42128049439936       -0.61377830792911        2.95663019831691
C            1.44882746019048       -4.50663498464207        1.18099890850652
C            2.80476847959162       -4.63651430385971        1.56461097326250
C            3.35002294847663       -5.88498053194729        1.91510685913406
C            2.53512382362090       -7.02012105987769        1.87424981425912
H            2.95931728614797       -7.99829852777697        2.13652644719700
C            1.19121695023148       -6.93191320671045        1.50212638210772
C            0.65047251930640       -5.67582998858119        1.16758539700334
N           -0.84791663119334        1.63202867722408        1.00367131529805
N           -0.63642484484674        0.96878321169119       -1.74539030396209
C           -0.98930295911618        0.63639220606275        3.27802207012430
C           -1.12250208927896        1.68931995127430        2.34588259318771
C           -1.50566056401288        3.03989847621796        2.70586869383440
H           -1.79604115659056        3.35331691116274        3.70952043710611
C           -1.41039397563753        3.79564663150587        1.57031052078750
H           -1.61375118721536        4.85954765502359        1.44518760462464
C           -1.03455293154779        2.89784251867482        0.49790963609454
C           -0.96272633010542        3.26622609564891       -0.85909464040789
C           -0.85696622885634        2.31550037185347       -1.89256306659618
C           -1.10997361088862        2.61804547823444       -3.28724017809935
H           -1.31375048510740        3.61602648926742       -3.67691296736581
C           -1.09202589298857        1.43008112261761       -3.96090892901061
H           -1.27439282423811        1.24527264609270       -5.02035505012787
C           -0.76218822764705        0.40337175844527       -2.99042510587953
C           -1.07148061886579        4.71652749990826       -1.24388387914938
C            0.09099902517118        5.42618953544568       -1.63336448071696
C            0.02007163803661        6.76723248795480       -2.05224143800327
C           -1.21900818748573        7.41509672708710       -2.05497880426274
H           -1.27813759823349        8.46443857878934       -2.37258253764314
C           -2.38479119832897        6.74993866070076       -1.66370328409794
C           -2.31038371249452        5.39896928296638       -1.27537834209195
Fe          -0.25034366764343       -0.00316210939089       -0.02240848698519
Cl          -2.46968426601130       -0.66718895693865        0.02364979779609
C           -1.53288373988494        0.84107464099897        4.67095372947202
C           -0.74149971347225        1.39480896708245        5.71257365631738
C           -2.87823669367023        0.46434089046166        4.94135075816937
C           -1.28305204183817        1.57446962193271        7.00129342233603
N            0.59221937394349        1.76628056031205        5.40119909294453
C           -3.41624440833915        0.66885229647264        6.23022148040160
N           -3.62897537009966       -0.13666144728752        3.90309473083463
H           -0.65243938693910        1.98867717454315        7.79261848146795
C           -2.61363596635798        1.21459032479567        7.23552681332920
C            1.58906681949867        2.19285410393551        6.24958712749967
H            0.83455052414583        1.66911006887174        4.41357841937961
H           -4.45793145012719        0.39451815615872        6.41490965289815
C           -4.95283165196789       -0.52954620089331        3.92481364018542
H           -3.12377251160192       -0.30411672745058        3.02777512745421
H           -3.03805395068060        1.36270867996131        8.23691940060495
O            1.48058485558571        2.30008240301818        7.46624567433918
C            2.88936156891820        2.53471016817151        5.55248277083027
O           -5.72686993351137       -0.30575113150633        4.85047963849113
C           -5.39295901119967       -1.28902378997482        2.69617346501461
C            4.17513112639364        2.16869473637929        6.24919999748774
H            2.90921707111579        2.53586219757132        4.45712946919438
C            3.73513792479953        3.61273332699926        6.24082820413714
C           -6.76836305259699       -1.00996169744923        2.14311337332586
H           -4.62788829138912       -1.59069339803557        1.97154783167751
C           -6.54497219282686       -2.27318844323616        2.94011334808728
H            4.09336500492821        1.64557268929047        7.20509673557329
H            5.02259565994426        1.90112907001872        5.61500243325574
H            3.32386794914639        4.00763376271564        7.17313022844331
C            4.47204742093168        4.58914173074171        5.38046385387153
H           -7.35472737845293       -0.23294736499664        2.64169029455046
H           -6.88778760713670       -1.10030324307968        1.05990953348319
H           -6.93319853853950       -2.28325102653363        3.96335394869268
C           -6.52603908459191       -3.59354474664573        2.24586990445079
O            4.56867122587438        5.78627767634598        5.98338691034831
O            4.94090477899838        4.33560088079749        4.28759355316989
O           -7.09947477683801       -4.54649923763405        3.01355142690173
O           -6.07247629294581       -3.80338169738622        1.13885325047436
C            5.27439994747225        6.86220905530371        5.29634619314444
C           -7.18628688257778       -5.89747459212057        2.47957727438421
C            4.25687305083583        7.72540742836339        4.53760571366616
C            6.05628252697234        7.63046377439596        6.36066768803497
H            5.95968572380896        6.38434864135043        4.57365407608729
C           -7.13079703351663       -6.84673156964656        3.67760720647646
C           -8.46606973105410       -6.03168621597547        1.64669926431128
H           -6.30627998636502       -6.04443776018720        1.82491305114574
H            3.73002586497390        7.12229363045705        3.78001790986230
H            3.51931516955566        8.14845135345903        5.23249141190560
H            4.77208029730577        8.55285025160217        4.03059300096231
H            6.75778946178829        6.96776133824790        6.88352846603305
H            6.63419567492321        8.44359468875611        5.90136490940816
H            5.38039356361879        8.06661300864157        7.10723839160366
H           -6.20124247578682       -6.69859880471308        4.24237222933127
H           -7.98278230724115       -6.67420790373426        4.35236069306776
H           -7.17420225465933       -7.89111854022155        3.33933336136910
H           -8.44724189508099       -5.32802425831667        0.80334101122852
H           -8.55710239624936       -7.05165663905852        1.24800251439680
H           -9.35470488685692       -5.82786147402154        2.26337152439893
C           -0.81239585838143       -1.42064418290954       -4.73074005632702
C            0.11450980742031       -1.19834545094758       -5.78503926951113
C           -2.01311430048497       -2.13372612777342       -4.99922915811560
C           -0.12161224391794       -1.73564330345467       -7.06600994956514
N            1.25424517902918       -0.40490806402669       -5.49799088459668
C           -2.23759495980220       -2.67517915321012       -6.28279862084696
N           -2.96828662028703       -2.23143356993109       -3.96051089833352
H            0.60866917408604       -1.55833960486605       -7.86071638888102
C           -1.28781245990129       -2.47554077919346       -7.28912288201766
C            2.16464925369722        0.15003459565739       -6.37088523640082
H            1.29460767480505       -0.07563733934804       -4.53196906519688
H           -3.15497936945374       -3.24200386325385       -6.46287873203680
C           -4.18905234984925       -2.87587403003017       -3.97131343796611
H           -2.73781466905642       -1.71606016515142       -3.10672643985130
H           -1.46743003806482       -2.90082690309064       -8.28509456139501
O            2.24080891243786       -0.10563937920280       -7.56676705920621
C            3.06967127643779        1.17789823893045       -5.72548243721374
O           -4.58392701348768       -3.60020428799801       -4.87947954583707
C           -5.03605273228705       -2.59658866036868       -2.75350557133823
C            3.34466275429030        2.43136063048172       -6.51942411243322
H            3.03777027315488        1.28636309082797       -4.63572648422740
C            4.43761476335057        1.39921453313347       -6.37059931388672
C           -5.90570375703490       -3.70319276076514       -2.21465956309834
H           -4.66552237657469       -1.86943915242849       -2.02143289798579
C           -6.55036297130788       -2.59620448502934       -3.01311999219418
H            2.87937824832455        2.50356908090983       -7.50609406936974
H            3.45516610198048        3.36359776640390       -5.96053537921160
H            4.66511087397934        0.78219485339475       -7.24381690559839
C            5.58478014279579        1.72367998811786       -5.46465424742058
H           -5.84040005661059       -4.67091845347079       -2.71892337345496
H           -6.05650909632231       -3.71681196989183       -1.13194780590236
H           -6.84410596142355       -2.83485594112491       -4.03994510504175
C           -7.38928108161316       -1.56955299282338       -2.32703844299456
O            6.74506493773551        1.28257615461835       -5.97838308539502
O            5.48302931054502        2.32591554784019       -4.41245605518651
O           -8.41395059508046       -1.18033392842413       -3.11587898207007
O           -7.19956555717916       -1.13773705028582       -1.20771701969044
C            7.97609811648541        1.53635335863099       -5.23889533119058
C           -9.33889618629813       -0.18386552093712       -2.59541459686380
C            8.89572030508389        0.34055484609692       -5.49142971981249
C            8.56414424561119        2.87521859506313       -5.69339813370636
H            7.70112536595809        1.59921626471844       -4.16907760883117
C           -8.80045440873509        1.22090969850579       -2.89549693632488
C          -10.69710591021140       -0.47114455762828       -3.23438340413639
H           -9.38349303569821       -0.32752649567091       -1.50049126279566
H            8.41137847030093       -0.58904918427669       -5.16478463684081
H            9.13875948897994        0.25445239221621       -6.56154789301081
H            9.83762430196102        0.46371200248667       -4.93967764858429
H            7.86159862295556        3.69266806922600       -5.48733710457335
H            9.50088872097128        3.08276740528800       -5.15798735111019
H            8.78631422381536        2.85680968288136       -6.77159531679087
H           -7.82561781086316        1.37032281446736       -2.40356334077050
H           -8.68074977434081        1.36437618809049       -3.97827045891676
H           -9.49967591121232        1.98155822554323       -2.52138669641184
H          -11.02917923815467       -1.49268582765389       -3.00138352188056
H          -11.45469667706091        0.22966442002638       -2.85874002220564
H          -10.64677382630660       -0.36737590751565       -4.32624552291239
H            4.40263597146226       -5.96178842508599        2.21174621805948
H            0.56065750067018       -7.82780317588052        1.46644365656791
H            0.92539303918861        7.29084850626370       -2.38019534172536
H           -3.35096391996434        7.26824534490712       -1.66205872378109
O            3.53664004470389       -3.47023392148098        1.57549557893827
O           -0.65293091492922       -5.50169272253931        0.76542142014695
O            1.25307884816142        4.68693500462926       -1.64346493975079
O           -3.40179388933496        4.67608511201749       -0.85314513635517
C            4.88409657190938       -3.49297614038836        1.93568205498530
C            5.86400629633969       -3.75767936825571        0.96834053275892
C            5.24546672845050       -3.17064479580245        3.25047566112906
C            7.21667564418126       -3.70665135640655        1.32891369013044
H            5.55678339056407       -3.99573920240247       -0.05520293836079
C            6.60175444349249       -3.12127501349105        3.59897029092175
H            4.45687789588492       -2.95829307206873        3.97962778367669
C            7.58909444351132       -3.39053569523237        2.64209958960878
H            7.98622473984140       -3.91250624446319        0.57642721351530
H            6.88999328073908       -2.86951350108582        4.62577079286488
H            8.65103542774676       -3.35207195084645        2.91937812766309
C           -1.60806044543624       -6.49485710176823        0.95688415801883
C           -1.94593682808648       -6.94842584977846        2.24012643242348
C           -2.28764476873703       -6.97510274365630       -0.17107850081906
C           -2.95720326070466       -7.90588395943339        2.38590755095895
H           -1.41819792197915       -6.54540648385386        3.11112139794975
C           -3.30304213092515       -7.92608965031423       -0.01063497203741
H           -2.01290611087257       -6.58692056475530       -1.15716291239871
C           -3.63648192076189       -8.39946705546722        1.26466703481532
H           -3.22126880471696       -8.26573571764902        3.38649643432709
H           -3.83642947077319       -8.30166932562913       -0.89058421177395
H           -4.42757286396226       -9.15118329255071        1.38594698517528
C            2.51963403957194        5.24821206787803       -1.57072902053824
C            2.84170068724959        6.31013151448941       -0.71024423749650
C            3.52125179313668        4.63184193088891       -2.33817063517651
C            4.16551294248215        6.76357042438481       -0.64284551637336
H            2.06140183214522        6.77308200550460       -0.09624556049011
C            4.84087026364366        5.08686804894793       -2.25435478271707
H            3.25818929282361        3.79142114520746       -2.98905206815216
C            5.16814018394717        6.15910358649636       -1.41228753058978
H            4.41572446024170        7.59657535338482        0.02620013391330
H            5.60684265027417        4.58342843162569       -2.85589588128972
H            6.20213869862161        6.52274946902516       -1.35050978629623
C           -4.69993859766417        5.06039964022527       -1.16865699683217
C           -5.10841071948831        5.27080826419698       -2.49368033400257
C           -5.62395851347826        5.14561230400951       -0.11719945906978
C           -6.44659364644890        5.58739745440288       -2.75799427658016
H           -4.37958525517979        5.17875657935924       -3.30581651696949
C           -6.96069876869351        5.45545216005458       -0.39640723554871
H           -5.27826410684131        4.95834181849926        0.90433442216416
C           -7.37584387579545        5.68347332194968       -1.71436107260479
H           -6.76865325588372        5.75218006589569       -3.79199313441095
H           -7.68400991912223        5.52081323313125        0.42353087396252
H           -8.42390818219348        5.93064697549615       -1.92924277608795
N            1.29255064040970        0.56082303377906        0.04844450309933
C            2.34615609091575        1.16286004778321        0.51540625860208
C            2.22577206338795        2.48791024471518        1.04074037475735
C            3.29047289930777        3.12103594473056        1.62403466080899
C            4.52558996784360        2.48912820080002        1.72987111112173
C            4.68036433629701        1.22312738839414        1.18763042759063
C            3.64510664949604        0.56227349825038        0.55529924527358
C            3.91239756740165       -0.72886588428160       -0.14774298349107
C            4.50564890561894       -0.46569976851833       -1.55460573707818
C            5.74180087750985        0.36383879844696       -1.52729966618614
C            5.90354089210910        1.71066720928721       -1.54840851771167
C            7.31020607677681        1.95564214335911       -1.53925366688802
C            8.11475752582176        3.09453636309730       -1.60262777637895
C            9.48275356870977        2.92356580620273       -1.62076923381546
C           10.05831731702484        1.65264028539263       -1.56529733450225
C            9.28456043192652        0.50735373079943       -1.49173508280995
C            7.90964032657340        0.67764601387926       -1.49399322792585
O            6.94853577054126       -0.28433745513670       -1.47967368220702
H            1.27043674069097        2.97692385398156        0.95919623567013
H            3.16704724075076        4.11939987406696        2.01775271376857
H            5.34351327119972        2.98729467910812        2.22238771453938
H            5.64110808504387        0.73252869037492        1.25257717356855
H            2.98784053704298       -1.29909186859973       -0.25907295475624
H            4.62806862334600       -1.31826372767818        0.42848658218913
H            4.73880194305322       -1.42584191190442       -2.01754165223458
H            3.75621275419851        0.05018009981425       -2.15683940157608
H            5.12947551806353        2.45033740583314       -1.57882233491926
H            7.67062084056348        4.07706225274466       -1.63909716342407
H           10.12954571927498        3.78884680226072       -1.68596126634297
H           11.13397932388532        1.56453477783393       -1.58123086191381
H            9.72680804553086       -0.47483173826441       -1.45125446007843
245
 energy: -403.424892266453 gnorm: 0.005381701595 xtb: 6.7.1 (edcfbbe)
N            0.12955103752281       -1.70494157544652       -1.05699666569308
N           -0.03308092699303       -1.03123011587571        1.70686427416319
C           -0.53681221457198       -0.94551113079273       -3.32584388588792
C           -0.06174706129125       -1.90138732828180       -2.40081697737816
C            0.35449091977726       -3.24317780182935       -2.76397136522696
H            0.29941401973972       -3.65811614078187       -3.77145478006467
C            0.82328395082142       -3.83248395081266       -1.62374693652121
H            1.23299023314999       -4.83565988968258       -1.49876272404126
C            0.64746031669297       -2.87349994276406       -0.55019868625390
C            0.87869709425478       -3.16060271132056        0.80985790679469
C            0.49023826782315       -2.29193282798080        1.84926517828966
C            0.46662892086258       -2.67037095497599        3.24966158840321
H            0.82663658172154       -3.62443939205465        3.63761610828875
C           -0.12010021244949       -1.64245225301532        3.93077753786106
H           -0.33467022753812       -1.56505101192710        4.99751068519120
C           -0.41712720584192       -0.61020124258722        2.95506778899429
C            1.45382612296474       -4.50245474978660        1.17896710162040
C            2.80991910317615       -4.63186219403948        1.56219612239310
C            3.35571036311786       -5.88012544908053        1.91255097670650
C            2.54119744683608       -7.01554863976181        1.87194573329204
H            2.96580747477301       -7.99357292993175        2.13411757232610
C            1.19715326244046       -6.92781356384801        1.50020980085861
C            0.65587393595821       -5.67192578177316        1.16580180719043
N           -0.84502865969895        1.63547605576733        1.00226112176098
N           -0.63427764347460        0.97218571494652       -1.74697877323768
C           -0.98548635907436        0.63974792543455        3.27660074553656
C           -1.11928392566989        1.69263793298752        2.34446653765319
C           -1.50284224912575        3.04309130390521        2.70455586345100
H           -1.79304981038811        3.35641092570000        3.70829243917763
C           -1.40816003676803        3.79883020762793        1.56897867294111
H           -1.61193798193308        4.86266445211437        1.44388657794395
C           -1.03224824924467        2.90111973625142        0.49652390385028
C           -0.96104809946053        3.26952405922124       -0.86056701757382
C           -0.85523743255633        2.31882002906163       -1.89405442529466
C           -1.10874193971649        2.62126115654493       -3.28866027612279
H           -1.31298044048141        3.61916513267014       -3.67828322207138
C           -1.09057567356511        1.43329576752138       -3.96231274898137
H           -1.27318595099221        1.24840291672015       -5.02169810320911
C           -0.76011814321375        0.40671773918985       -2.99189973917561
C           -1.07039712836484        4.71979244468925       -1.24534268074768
C            0.09172511279643        5.42985281247209       -1.63518298872573
C            0.02020977191702        6.77086377295229       -2.05404589320805
C           -1.21909385745033        7.41829392211346       -2.05643421506018
H           -1.27868192255216        8.46761020041587       -2.37403646293397
C           -2.38453302436335        6.75273609401711       -1.66481069494663
C           -2.30954727493133        5.40180070649751       -1.27648480498745
Fe          -0.24773284748148        0.00039255354661       -0.02424038889866
Cl          -2.46635892456201       -0.66437395898224        0.02269529945850
C           -1.52873658645374        0.84427308692256        4.66969206209696
C           -0.73724609977431        1.39830421985440        5.71107384736498
C           -2.87388211375657        0.46707770496929        4.94048399654039
C           -1.27848769412798        1.57779628532478        6.99994739187078
N            0.59625440051813        1.77022476877775        5.39931080498450
C           -3.41158553311197        0.67142191267438        6.22950917603443
N           -3.62470728226410       -0.13420288421292        3.90245938379628
H           -0.64779078715757        1.99223649777651        7.79108310661367
C           -2.60887825005290        1.21745695940172        7.23457216801567
C            1.59319982601037        2.19717175746678        6.24739809328724
H            0.83832561674236        1.67313669987175        4.41162295594099
H           -4.45312407971964        0.39672894598254        6.41450305619655
C           -4.94842604561777       -0.52754926706509        3.92456489058451
H           -3.11970374843501       -0.30149458612061        3.02699399127540
H           -3.03305739423742        1.36544296230257        8.23608542152732
O            1.48503308251362        2.30437891476331        7.46408570850522
C            2.89317320168924        2.53946571317123        5.54991067288418
O           -5.72227005027983       -0.30400894372271        4.85045262019304
C           -5.38864069471881       -1.28719975293990        2.69606763031535
C            4.17926965611442        2.17391100335810        6.24626452879365
H            2.91271748888218        2.54061431146576        4.45454547725701
C            3.73877642653505        3.61779545517825        6.23799271656169
C           -6.76430292919386       -1.00862663326845        2.14339946847828
H           -4.62367641171957       -1.58861459049805        1.97122412618895
C           -6.54024185154816       -2.27176318628384        2.94035521017054
H            4.09796165507253        1.65077654585089        7.20219336935833
H            5.02664223673322        1.90663085223044        5.61182747833021
H            3.32763498658593        4.01256685185456        7.17040914985665
C            4.47509522302384        4.59444670231385        5.37738625171468
H           -7.35079337411557       -0.23180901534348        2.64213308762965
H           -6.88400987237926       -1.09902774087659        1.06023215570370
H           -6.92816806269384       -2.28194379782781        3.96370786284256
C           -6.52104930023320       -3.59212178436799        2.24612673360250
O            4.57148050351833        5.79161685920766        5.98027676702249
O            4.94372761918369        4.34104161294224        4.28438525060802
O           -7.09393044161032       -4.54526517030889        3.01399237465361
O           -6.06773342664047       -3.80182086551843        1.13898467191042
C            5.27662549709492        6.86779210474795        5.29301497572991
C           -7.18042629902990       -5.89628144147551        2.48006252159248
C            4.25858493645215        7.73061782749096        4.53455782924982
C            6.05854935726006        7.63633296707725        6.35710161528960
H            5.96187079310392        6.39015468721057        4.57013551203740
C           -7.12425936604279       -6.84549798941917        3.67809101187733
C           -8.46040168970702       -6.03095216437006        1.64755791129755
H           -6.30055811120305       -6.04294647115758        1.82514800944505
H            3.73171919992497        7.12730898029841        3.77713089919932
H            3.52107837477902        8.15341693811164        5.22964977907212
H            4.77335257946833        8.55823472422549        4.02738413934397
H            6.76043530641782        6.97388498113778        6.87977204909226
H            6.63604466883174        8.44965817858015        5.89762108837930
H            5.38272497121685        8.07225812689109        7.10386139387948
H           -6.19459315634047       -6.69703168219924        4.24258564168970
H           -7.97610833771303       -6.67326151533251        4.35308881997948
H           -7.16739796072935       -7.88990559935045        3.33984862570500
H           -8.44206388804505       -5.32729775932532        0.80418238282693
H           -8.55119488968999       -7.05096084092317        1.24890407165008
H           -9.34892960457797       -5.82742819382899        2.26448240491843
C           -0.81017683716863       -1.41735110055170       -4.73216935970091
C            0.11634916299695       -1.19474532431278       -5.78673901017340
C           -2.01072757546206       -2.13085485667802       -5.00029995350093
C           -0.11995987761346       -1.73214884703560       -7.06763378004171
N            1.25588361539848       -0.40091576174167       -5.50003192871274
C           -2.23538853107983       -2.67240752754427       -6.28379576033868
N           -2.96556313458217       -2.22887822734720       -3.96130622619764
H            0.61003158573938       -1.55460408323770       -7.86255284949211
C           -1.28596549861706       -2.47245577515661       -7.29039720165469
C            2.16586300557165        0.15434500551645       -6.37319547527434
H            1.29642683233633       -0.07160795472217       -4.53402833718521
H           -3.15262741870741       -3.23955462780194       -6.46360188655848
C           -4.18611119015527       -2.87374255670198       -3.97174435681104
H           -2.73502762800775       -1.71340892796493       -3.10759696921546
H           -1.46572286274283       -2.89782081878972       -8.28631014014051
O            2.24174636878393       -0.10133500768022       -7.56909639258158
C            3.07069664733873        1.18251727888736       -5.72807241082105
O           -4.58099407638398       -3.59822663146602       -4.87978392484812
C           -5.03285488214888       -2.59473294481262       -2.75369652328904
C            3.34502621683683        2.43606700215551       -6.52211649361713
H            3.03909349405191        1.29098513565127       -4.63829854971506
C            4.43836326088686        1.40430203287554       -6.37360872251443
C           -5.90196500422998       -3.70163062708013       -2.21458019848279
H           -4.66236807703167       -1.86744190122873       -2.02174276555105
C           -6.54724207970022       -2.59487893919334       -3.01287252708255
H            2.87942809558142        2.50809810568223       -7.50865499912973
H            3.45536703296649        3.36835083447974       -5.96327488045403
H            4.66582574885725        0.78734691000589       -7.24687413033437
C            5.58568483973320        1.72911604821460       -5.46806321562105
H           -5.83647042194089       -4.66934183254186       -2.71884637148722
H           -6.05245315771950       -3.71528409646046       -1.13182488416819
H           -6.84119817683261       -2.83365087784467       -4.03960834889118
C           -7.38631725369676       -1.56851069767563       -2.32656384817822
O            6.74598043909437        1.28844689264093       -5.98202192195359
O            5.48396774395705        2.33129896821957       -4.41597664151417
O           -8.41135191638260       -1.17966059636955       -3.11511698425581
O           -7.19643042554164       -1.13660850216796       -1.20730597629825
C            7.97720131064304        1.54268990185837       -5.24279713144346
C           -9.33649448406753       -0.18350273320549       -2.59439903941199
C            8.89711352888252        0.34721517082579       -5.49567482715990
C            8.56455222122201        2.88173699341500       -5.69765409922750
H            7.70282132483054        1.60525654167914       -4.17262256779286
C           -8.79862879757786        1.22145179889300       -2.89465968080942
C          -10.69478774288130       -0.47126822634783       -3.23297068874516
H           -9.38072393338522       -0.32716401172179       -1.49946095532517
H            8.41318694971312       -0.58255182784141       -5.16886896305565
H            9.13987196350920        0.26118210340258       -6.56586116568649
H            9.83913630072401        0.47071372497943       -4.94416182751286
H            7.86179297549179        3.69896008040776       -5.49139890278204
H            9.50136132029691        3.08972182040147       -5.16263180227931
H            8.78643891163996        2.86338214013224       -6.77588963797348
H           -7.82370189296447        1.37121441623443       -2.40301160463333
H           -8.67928753070604        1.36494415650351       -3.97747010048043
H           -9.49800699310913        1.98186387888774       -2.52036041389547
H          -11.02643768522513       -1.49292121195775       -2.99985872828340
H          -11.45251427542226        0.22928179381555       -2.85712054947410
H          -10.64480827181955       -0.36750008611183       -4.32484843346041
H            4.40843671552260       -5.95655796924482        2.20888518804218
H            0.56689617668349       -7.82392410039434        1.46472477935556
H            0.92525550363137        7.29478490283010       -2.38227007789728
H           -3.35088568054477        7.27070695346194       -1.66289486656474
O            3.54137394647817       -3.46535534198125        1.57289917077464
O           -0.64770526036143       -5.49824751463330        0.76401419116931
O            1.25404656010720        4.69100909007131       -1.64558381814013
O           -3.40057830636871        4.67854300647598       -0.85392926385645
C            4.88895315321139       -3.48760136862290        1.93266907743074
C            5.86867744024541       -3.75197433959703        0.96502768828763
C            5.25059215447793       -3.16512652292943        3.24734126564840
C            7.22142956644076       -3.70045921229022        1.32521566941655
H            5.56124655598434       -3.99014404489095       -0.05841633500338
C            6.60696225870685       -3.11525390276202        3.59543735915088
H            4.46213698807540       -2.95300912366986        3.97671275406789
C            7.59412139307441       -3.38418328793282        2.63828622528543
H            7.99082998862083       -3.90606183591507        0.57251503396604
H            6.89541452200718       -2.86337248879765        4.62214244797530
H            8.65613104416432       -3.34534724972765        2.91524700428669
C           -1.60243362662307       -6.49174328199795        0.95576800645060
C           -1.93978038801021       -6.94540786317092        2.23911498387702
C           -2.28217514574027       -6.97224466539434       -0.17198963945584
C           -2.95067035039123       -7.90321650846557        2.38520395359904
H           -1.41193067322951       -6.54218998313900        3.10995078080508
C           -3.29719386310966       -7.92358316896394       -0.01123731583432
H           -2.00785716403468       -6.58398366705718       -1.15815966735687
C           -3.63009978629181       -8.39705570850803        1.26416874837330
H           -3.21432087867643       -8.26314413176650        3.38587498134844
H           -3.83070478741358       -8.29936385846871       -0.89102541830171
H           -4.42089370252710       -9.14904572646217        1.38568941482298
C            2.52048420588465        5.25269444091949       -1.57321547992673
C            2.84238660790599        6.31475745511345       -0.71285876099308
C            3.52211435326915        4.63662008388878       -2.34092987562302
C            4.16607609731428        6.76863291848871       -0.64582348926886
H            2.06209975380612        6.77745839228290       -0.09864135904440
C            4.84165716804005        5.09196126825230       -2.25729572790718
H            3.25912114033613        3.79613179903508       -2.99172154396852
C            5.16871594561938        6.16449332153296       -1.41554568286647
H            4.41616334446181        7.60177593492545        0.02311088548989
H            5.60706290856788        4.58981580210262       -2.85994655544941
H            6.20260044074392        6.52846452998996       -1.35412616813865
C           -4.69894978239497        5.06240159532621       -1.16906742859069
C           -5.10787927879759        5.27264549853482       -2.49397546159043
C           -5.62269544631615        5.14730849804890       -0.11734413831783
C           -6.44624922856582        5.58876463371649       -2.75790598346456
H           -4.37925722527849        5.18083460314611       -3.30632196165102
C           -6.95962418429562        5.45667820625850       -0.39616974165585
H           -5.27663973347858        4.96017514386369        0.90409209678192
C           -7.37523078477937        5.68453267652310       -1.71400674395653
H           -6.76866538053822        5.75341834686582       -3.79181444571106
H           -7.68272099643669        5.52180042266856        0.42397635420675
H           -8.42344306997744        5.93133848670411       -1.92858793293156
N            1.29147192773688        0.57077609465035        0.04160877985624
C            2.34572209424368        1.17214907970225        0.50605913494089
C            2.23766750448196        2.50545585585584        1.01091729157861
C            3.30464803328896        3.12880753723545        1.60118839901998
C            4.52842871587701        2.47955956064995        1.73060336869044
C            4.67313564698331        1.20716490026508        1.20026392582843
C            3.63623116923693        0.55500027765134        0.56242801459774
C            3.88890826550363       -0.74040021757902       -0.13757932787140
C            4.45519452360330       -0.48304077990910       -1.55683286037883
C            5.69967835426132        0.33446337426604       -1.54251042605116
C            5.87100300508569        1.68071026904100       -1.52764205542610
C            7.27947282832236        1.91341677594981       -1.51782273039673
C            8.09140861706878        3.04752042171004       -1.53095644573107
C            9.45866298683783        2.86663864229695       -1.53998945892861
C           10.02449716499097        1.59115135497582       -1.53350440982801
C            9.24228213423467        0.44866879693742       -1.51217351744502
C            7.86900518471943        0.63104502329117       -1.51571588313010
O            6.89997245901974       -0.32439009504781       -1.52703885887016
H            1.29043292775209        3.00721076641282        0.91052678587500
H            3.19245135875381        4.13366955519045        1.98130805721320
H            5.34716339385566        2.97064750388025        2.22913370280908
H            5.62668244550309        0.70509315015830        1.27819723934060
H            2.96163296351389       -1.30945069554420       -0.22932585222594
H            4.61499034723205       -1.32728148206312        0.42736405528977
H            4.67120325330628       -1.44412247909341       -2.02621135166526
H            3.69887524979402        0.04131533335288       -2.14320821578084
H            5.10115817968324        2.42357681116465       -1.53358668833318
H            7.65364805548604        4.03253386666759       -1.52806662857896
H           10.11365170969077        3.72721419481835       -1.55845269789366
H           11.10051317001659        1.49563365598693       -1.53989366540871
H            9.68065506921014       -0.53731708026854       -1.51176902188097
245
 energy: -403.425289964467 gnorm: 0.005409500734 xtb: 6.7.1 (edcfbbe)
N            0.13306632772331       -1.70161068880483       -1.05803116673873
N           -0.02923606554705       -1.02792908815262        1.70574810131615
C           -0.53392151622964       -0.94245248416905       -3.32680221781244
C           -0.05840830124889       -1.89816277528439       -2.40186305021305
C            0.35817097409079       -3.23981692662301       -2.76505914548619
H            0.30304925885143       -3.65479462119773       -3.77253287201379
C            0.82735104409653       -3.82897327817058       -1.62491354030979
H            1.23737546589860       -4.83203192903002       -1.49999728632433
C            0.65140073901785       -2.87005952231393       -0.55136769312607
C            0.88295932609073       -3.15707915432413        0.80868863304818
C            0.49442621102605       -2.28851217944232        1.84814331067804
C            0.47117729738688       -2.66693806199691        3.24853924779613
H            0.83154400134383       -3.62089193993703        3.63643813274939
C           -0.11574385592450       -1.63918697605093        3.92974016995961
H           -0.33015157374476       -1.56184638452440        4.99651366929323
C           -0.41325791030824       -0.60702840861322        2.95408019441858
C            1.45857397673212       -4.49874247096868        1.17769033321005
C            2.81476904553131       -4.62774119236562        1.56069089717969
C            3.36100212390616       -5.87582880081442        1.91095562018077
C            2.54682954242930       -7.01149854475349        1.87049904271594
H            2.97178302965787       -7.98939045044121        2.13260586461537
C            1.20269484108063       -6.92417360743700        1.49899670797854
C            0.66097575545336       -5.66845461351151        1.16467088485897
N           -0.84212395651182        1.63855943821590        1.00137610250290
N           -0.63178517256629        0.97523154795660       -1.74799741510675
C           -0.98193387900064        0.64272686241403        3.27569615372203
C           -1.11618934675787        1.69559091260107        2.34357090785435
C           -1.50011887025114        3.04593410241676        2.70372507260253
H           -1.79025221033323        3.35915979727778        3.70751228614892
C           -1.40585331084533        3.80166780733433        1.56813514949496
H           -1.60999072925193        4.86544553466430        1.44306527781152
C           -1.02979376166584        2.90405009224070        0.49566512222364
C           -0.95903234155600        3.27247602724435       -0.86149229289141
C           -0.85310407403884        2.32180078021851       -1.89499747073414
C           -1.10693090616709        2.62415713408583       -3.28955864886960
H           -1.31154196208502        3.62199562735032       -3.67915031469952
C           -1.08852184933141        1.43619370873471       -3.96320459977649
H           -1.27126070429273        1.25123483756065       -5.02255261417694
C           -0.75759776795398        0.40972602158528       -2.99283641425653
C           -1.06887450953631        4.72271816807979       -1.24626164810118
C            0.09295365177943        5.43313148028796       -1.63632630474630
C            0.02097073355413        6.77411456638616       -2.05517109120184
C           -1.21852848150919        7.42116587844616       -2.05734662096869
H           -1.27849172229012        8.47046123764718       -2.37494609559294
C           -2.38369811508193        6.75525642995349       -1.66551464062821
C           -2.30824027944363        5.40434913763704       -1.27718848862919
Fe          -0.24500901644271        0.00355895900993       -0.02544792618713
Cl          -2.46298103926100       -0.66184645983924        0.02207258837294
C           -1.52500465960207        0.84710802320413        4.66888704642697
C           -0.73350005106682        1.40139240157521        5.71012406172105
C           -2.86999292214666        0.46950668978661        4.93991274939974
C           -1.27457562454105        1.58072972866457        6.99909180443090
N            0.59982510200829        1.77370570586675        5.39813008650423
C           -3.40752883818032        0.67369908545123        6.22903385414059
N           -3.62080474852133       -0.13200757073561        3.90203323452669
H           -0.64386593769272        1.99536824453693        7.79011371669783
C           -2.60481380045224        1.21998740647257        7.23395125235560
C            1.59680120870455        2.20097473026008        6.24603429825877
H            0.84175404743146        1.67669676831743        4.41040052690806
H           -4.44895235665930        0.39869176975848        6.41421090588861
C           -4.94441442580275       -0.52576191533035        3.92436226507055
H           -3.11591283101894       -0.29915377475029        3.02647501499075
H           -3.02886344935654        1.36785205505104        8.23553740744863
O            1.48880596085076        2.30815586441182        7.46274045345901
C            2.89653951961292        2.54365210531699        5.54831958558349
O           -5.71815544115898       -0.30244552829214        4.85038846390264
C           -5.38460208145823       -1.28555133273587        2.69595702083104
C            4.18286975278920        2.17849685609748        6.24445253927264
H            2.91590318642294        2.54479985672952        4.45294612770722
C            3.74194070267708        3.62225036691946        6.23624156467834
C           -6.76044840158255       -1.00740382553500        2.14352211773399
H           -4.61967633869038       -1.58674189142340        1.97097889953325
C           -6.53586504404209       -2.27046758918496        2.94044888247226
H            4.10188698334949        1.65534693244534        7.20039969147350
H            5.03021166551345        1.91147019872188        5.60986906737309
H            3.33083810311680        4.01690083092336        7.16872884428035
C            4.47780923934007        4.59911339600866        5.37549087536912
H           -7.34708741754457       -0.23076078279190        2.64235153888660
H           -6.88031619792903       -1.09785066578912        1.06037688783363
H           -6.92360861225695       -2.28075536729750        3.96386936474349
C           -6.51639053791025       -3.59082049032616        2.24622664489455
O            4.57393861570789        5.79631400127153        5.97836624735249
O            4.94633181439626        4.34583928487102        4.28241108349164
O           -7.08884752189031       -4.54413636298948        3.01420419058281
O           -6.06320381777794       -3.80039537215049        1.13901022247856
C            5.27862919476326        6.87270681716930        5.29096987899551
C           -7.17502533537368       -5.89518441148685        2.48029679969527
C            4.26020248381689        7.73520782089477        4.53268729958489
C            6.06050771023919        7.64148885013356        6.35491790782409
H            5.96389660376951        6.39526536092438        4.56797995439669
C           -7.11836111876798       -6.84437246538416        3.67832290430705
C           -8.45510319016781       -6.03025078023537        1.64801748099291
H           -6.29522715666780       -6.04158523263751        1.82523206814683
H            3.73338332316728        7.13173584279814        3.77535905731215
H            3.52268443794989        8.15779131817560        5.22790300235647
H            4.77462420843087        8.56298143264110        4.02541723014697
H            6.76268321896919        6.97925987757330        6.87747299393420
H            6.63767340180859        8.45498677009233        5.89533176859356
H            5.38468046865862        8.07721474105689        7.10179210364839
H           -6.18864183425196       -6.69561825007826        4.24265549195588
H           -7.97014386335019       -6.67239035316524        4.35346848994650
H           -7.16124018208717       -7.88879608859837        3.34009827996251
H           -8.43712725592594       -5.32659805634731        0.80463232794742
H           -8.54565589228514       -7.05029060972812        1.24938751866986
H           -9.34358564412028       -5.82699274460428        2.26509400614277
C           -0.80738973652900       -1.41437883233459       -4.73307965134662
C            0.11888835275318       -1.19149883283235       -5.78780986904252
C           -2.00777683252107       -2.12824972385949       -5.00099292320221
C           -0.11748503833258       -1.72898703619853       -7.06866079334408
N            1.25822183439291       -0.39732761657019       -5.50130766001098
C           -2.23249024057128       -2.66988116390773       -6.28444810579913
N           -2.96239045367385       -2.22655365034756       -3.96184083090142
H            0.61231584810789       -1.55122671192348       -7.86370674747224
C           -1.28330286356008       -2.46964976576302       -7.29121493492180
C            2.16789991743261        0.15821232208003       -6.37462969409134
H            1.29884661471564       -0.06799199447721       -4.53531632140154
H           -3.14958832631780       -3.23730871964232       -6.46408992225940
C           -4.18276007573432       -2.87178942713200       -3.97205157120996
H           -2.73187394741328       -1.71100722603899       -3.10817118009561
H           -1.46310379052676       -2.89507784154723       -8.28709329443272
O            2.24363606187254       -0.09746275206477       -7.57054400842419
C            3.07251511531969        1.18665979478761       -5.72967522242248
O           -4.57757015769919       -3.59640122616165       -4.88002157334170
C           -5.02936494591295       -2.59302771144567       -2.75386663202828
C            3.34632928275708        2.44028415530780       -6.52377815953482
H            3.04108986171901        1.29511244928572       -4.63988609601506
C            4.44000881412554        1.40885216003524       -6.37544851414750
C           -5.89804875611908       -3.70018426005090       -2.21458640849074
H           -4.65897788471693       -1.86561685943803       -2.02198022885169
C           -6.54380428869288       -2.59363343975566       -3.01277529477822
H            2.88053907285167        2.51216571655624       -7.51023816089145
H            3.45648682209824        3.37260586137079       -5.96496348574816
H            4.66749174954895        0.79196172304662       -7.24876100870800
C            5.58737776513330        1.73397979363665       -5.47015930288980
H           -5.83234756413109       -4.66787950897887       -2.71885565209368
H           -6.04834476905914       -3.71387362187892       -1.13180494759870
H           -6.83786312066134       -2.83250572136497       -4.03945823257094
C           -7.38306572595652       -1.56751988426235       -2.32632735829451
O            6.74770927654947        1.29369307741120       -5.98426006971507
O            5.48562911037978        2.33613802907537       -4.41812249672937
O           -8.40835960696758       -1.17898452745722       -3.11471081943302
O           -7.19312031893293       -1.13554602486258       -1.20710889134078
C            7.97902782616082        1.54833300519419       -5.24523655243400
C           -9.33371491880667       -0.18309957243373       -2.59383519850752
C            8.89923016594840        0.35313523794953       -5.49828163180299
C            8.56584506263399        2.88753298028938       -5.70025709371572
H            7.70495347039679        1.61070385932135       -4.17483052998556
C           -8.79632845584574        1.22201089187768       -2.89420158027102
C          -10.69203043110719       -0.47128759228090       -3.23216885417974
H           -9.37770921278471       -0.32676926083675       -1.49888954298738
H            8.41566185193485       -0.57675966792531       -5.17133921195673
H            9.14183173965551        0.26715598064462       -6.56850175791775
H            9.84131518679936        0.47692218338378       -4.94690515144354
H            7.86287520882377        3.70454816287107       -5.49387964764504
H            9.50267161924503        3.09587061464032       -5.16544783596241
H            8.78755892743283        2.86923217407939       -6.77851449743046
H           -7.82136151667709        1.37207667968358       -2.40272518762895
H           -8.67721901120260        1.36553265489339       -3.97703419429141
H           -9.49587237870617        1.98221529327059       -2.51978744069650
H          -11.02332882603976       -1.49303940278596       -2.99899117122165
H          -11.44990467466824        0.22903437914852       -2.85619316357794
H          -10.64227270356063       -0.36751365028811       -4.32405592284984
H            4.41380375213637       -5.95193538823977        2.20710541249139
H            0.57270479426995       -7.82047646751631        1.46362896560640
H            0.92580086200705        7.29830371931626       -2.38355530898261
H           -3.35020787819393        7.27293463750975       -1.66343448321227
O            3.54586366164137       -3.46103882094014        1.57129835192073
O           -0.64272693723377       -5.49517458569062        0.76311074826220
O            1.25549900825990        4.69464346401811       -1.64690486407005
O           -3.39897078690294        4.68076333823172       -0.85444444242252
C            4.89351751087028       -3.48284831123486        1.93081446239039
C            5.87315044596479       -3.74692805120982        0.96298777911172
C            5.25527510316698       -3.16027101785026        3.24544491994953
C            7.22594701775362       -3.69501307063713        1.32295214202576
H            5.56562267177750       -3.98518987700848       -0.06039959518142
C            6.61169966743925       -3.10994985259979        3.59326005673323
H            4.46688927346240       -2.94835505596203        3.97491217668142
C            7.59877838558586       -3.37858864922762        2.63594036232621
H            7.99528429888300       -3.90036139846199        0.57010893081502
H            6.90026194559580       -2.85797146158379        4.61990515171552
H            8.66082678134067       -3.33942396555106        2.91270618038267
C           -1.59711825880172       -6.48896036358231        0.95503638444430
C           -1.93410419569892       -6.94271647905275        2.23844751886355
C           -2.27690810211987       -6.96967824918869       -0.17259682978584
C           -2.94467541912159       -7.90083122391446        2.38472015750486
H           -1.40622564004325       -6.53933021993070        3.10918770844181
C           -3.29160950422404       -7.92132485197197       -0.01166030457525
H           -2.00288053289521       -6.58134284876234       -1.15881827308875
C           -3.62414913196282       -8.39488782258159        1.26380582244128
H           -3.20804277687335       -8.26083128990232        3.38543940828185
H           -3.82515858449689       -8.29727551127135       -0.89135270644174
H           -4.41469288404328       -9.14711731781480        1.38547152392306
C            2.52182007560985        5.25669022722782       -1.57475193950291
C            2.84351660775386        6.31887208676245       -0.71446717763757
C            3.52350482424630        4.64089605635706       -2.34264194529653
C            4.16708433593282        6.77313091784702       -0.64764132866192
H            2.06319092595929        6.78134630299582       -0.10011276960715
C            4.84297581626355        5.09658762586830       -2.25918330353757
H            3.26063377109562        3.80034003919949       -2.99337092317320
C            5.16978203804978        6.16928866303804       -1.41755576662253
H            4.41702141701940        7.60638579849581        0.02121500950276
H            5.60813966313710        4.59511931506304       -2.86221871176576
H            6.20358607393014        6.53352841119462       -1.35633883939379
C           -4.69751621636825        5.06422564795682       -1.16935236145804
C           -5.10674095627529        5.27433295219233       -2.49419324792843
C           -5.62110389620104        5.14885955668647       -0.11747120256946
C           -6.44525167448554        5.59004326654408       -2.75789244924851
H           -4.37823204417843        5.18273689400397       -3.30666598081154
C           -6.95817608798409        5.45782035101191       -0.39606689090140
H           -5.27481392075525        4.96184005503319        0.90390631517073
C           -7.37408160236466        5.68553675214127       -1.71383127584552
H           -6.76789851631655        5.75459017067247       -3.79174578684208
H           -7.68114946105171        5.52272932284319        0.42420536335427
H           -8.42240559917053        5.93202254218803       -1.92823271030639
N            1.29067454432569        0.58015575019868        0.03634104151232
C            2.34578944929544        1.18004764281586        0.49904413876773
C            2.24957032940069        2.51976017727711        0.98634439466024
C            3.31824245190519        3.13374167227483        1.58388215672730
C            4.53094257550803        2.46927375800993        1.73428405869556
C            4.66659282313582        1.19225931327421        1.21228786915959
C            3.62829630948751        0.54838605786895        0.56932116331148
C            3.86668544255718       -0.74971325904098       -0.13027934826749
C            4.40431617699195       -0.49443832022356       -1.56099885182942
C            5.65664704755435        0.31111026001877       -1.55923642364981
C            5.83707596786581        1.65506509673868       -1.51650931070354
C            7.24725675488784        1.87644969083905       -1.50533233354841
C            8.06738348642386        3.00202690411926       -1.47668517516473
C            9.43323518260062        2.81122449400061       -1.48016192668429
C            9.98986498032023        1.53284879439155       -1.51377624894526
C            9.19855681545844        0.39819990439276       -1.53619166397356
C            7.82672265132107        0.59138948639438       -1.53929201813576
O            6.85103615799379       -0.35561633938498       -1.56810447240101
H            1.31027855197392        3.03250905966217        0.86880789878106
H            3.21640972595393        4.14371897575784        1.95244912324185
H            5.34971344376046        2.95342412499334        2.23970073171747
H            5.61367174857311        0.68044346184674        1.30053213517560
H            2.93704017768395       -1.31726982270742       -0.20284734144609
H            4.60358139715254       -1.33516719249939        0.42119484825464
H            4.60159748292433       -1.45533157438999       -2.03917692985651
H            3.64170975888644        0.04072847725169       -2.12956916382372
H            5.07093925061450        2.40057187180224       -1.50282563331128
H            7.63570720753559        3.98801791761698       -1.44345509540464
H           10.09382454767705        3.66623898797466       -1.45822320560554
H           11.06531666655860        1.42882172507558       -1.50889532187267
H            9.63080024725652       -0.58615921510158       -1.55867331415548
245
 energy: -403.425509105150 gnorm: 0.006748276975 xtb: 6.7.1 (edcfbbe)
N            0.13653315407309       -1.69831901447818       -1.05898373888449
N           -0.02548040427266       -1.02462193351343        1.70473395503103
C           -0.53102150050176       -0.93943395369317       -3.32768818937996
C           -0.05508795079918       -1.89498095279328       -2.40281260959794
C            0.36180230413327       -3.23651646615514       -2.76603470610045
H            0.30666451883471       -3.65153564632851       -3.77349346063726
C            0.83136701169952       -3.82550817331141       -1.62595351248824
H            1.24168857960409       -4.82845268503236       -1.50107981944715
C            0.65527680772684       -2.86664967438594       -0.55242169505935
C            0.88713119687463       -3.15357050840589        0.80764515120793
C            0.49851746937863       -2.28508671383035        1.84713129122459
C            0.47560191982864       -2.66348526485043        3.24753328524426
H            0.83630739425619       -3.61732501875660        3.63539367568487
C           -0.11151017061127       -1.63588647840613        3.92879725607865
H           -0.32577302976456       -1.55859021329324        4.99560537223949
C           -0.40948316942980       -0.60383175510123        2.95316816539730
C            1.46320875807664       -4.49505013331894        1.17656776050834
C            2.81949925345685       -4.62364989655005        1.55936476543121
C            3.36614950281998       -5.87156759975021        1.90956363550475
C            2.55230278166745       -7.00747319183850        1.86925585007856
H            2.97758201872729       -7.98523546984869        2.13131699104834
C            1.20808475275244       -6.92054521235322        1.49796249517153
C            0.66594775196984       -5.66499247907440        1.16369434414787
N           -0.83926124901399        1.64163864867314        1.00051483364971
N           -0.62926455864312        0.97825372602074       -1.74895348301967
C           -0.97846464495272        0.64574984073822        3.27484027052045
C           -1.11315184808788        1.69857049363818        2.34271439997885
C           -1.49743514853362        3.04881396437494        2.70290361121821
H           -1.78750740699320        3.36196525120609        3.70673231590429
C           -1.40355520667748        3.80453041144392        1.56728868108421
H           -1.60803719615344        4.86825293797200        1.44222716731461
C           -1.02735270158063        2.90699193425847        0.49481820150427
C           -0.95698446128780        3.27541803119225       -0.86239979793924
C           -0.85093792831391        2.32475688117200       -1.89590721160594
C           -1.10506209381191        2.62701403870121       -3.29043706587373
H           -1.31002496504648        3.62478511833129       -3.68001518812518
C           -1.08641455969929        1.43904524806989       -3.96406114031539
H           -1.26926516480057        1.25401002344112       -5.02337385246201
C           -0.75505023537669        0.41269293498884       -2.99371988157255
C           -1.06729928875520        4.72562867024450       -1.24718695589334
C            0.09424492591212        5.43637813100550       -1.63746176260362
C            0.02182550365122        6.77732616141544       -2.05631168030910
C           -1.21786285781691        7.42401543409384       -2.05830485546917
H           -1.27818093311842        8.47328639166053       -2.37591703653598
C           -2.38277808262114        6.75777458446310       -1.66627561587431
C           -2.30687374909138        5.40689907757103       -1.27792927158917
Fe          -0.24226902406260        0.00672033149352       -0.02655805813367
Cl          -2.45964234084148       -0.65930099698966        0.02148605746804
C           -1.52137543068828        0.85000746847086        4.66811943047461
C           -0.72986725743546        1.40454717919301        5.70921826220118
C           -2.86621626080422        0.47202157859423        4.93936042891805
C           -1.27079706100600        1.58375306977056        6.99826973854056
N            0.60329213708331        1.77723191726190        5.39701240897540
C           -3.40360480362949        0.67608511375764        6.22856573448158
N           -3.61700533972021       -0.12972921301418        3.90162034782168
H           -0.64008211220383        1.99859113890200        7.78918381652877
C           -2.60089134241874        1.22262836797405        7.23334542948355
C            1.60029137003809        2.20482027504175        6.24474595383310
H            0.84509678895644        1.68028512630813        4.40924593336078
H           -4.44492020618844        0.40077993896673        6.41391178106618
C           -4.94051189383060       -0.52387378948481        3.92415441391070
H           -3.11221234403267       -0.29674795303051        3.02597978812554
H           -3.02482701527406        1.37039002860421        8.23499538533500
O            1.49244686298595        2.31199145423878        7.46146814059026
C            2.89980893215021        2.54785626114151        5.54682344806749
O           -5.71416315714906       -0.30075891997296        4.85030378587953
C           -5.38066149229445       -1.28381110275893        2.69584332844517
C            4.18635785152154        2.18309136849123        6.24276196252701
H            2.91900677850134        2.54899149907543        4.45144389066914
C            3.74501117325118        3.62671943384290        6.23458731057088
C           -6.75667905733777       -1.00607773306740        2.14361424247477
H           -4.61576576293497       -1.58479693407527        1.97074695067187
C           -6.53160391657940       -2.26906167270184        2.94053222406692
H            4.10567750476362        1.65993813819702        7.19873247239088
H            5.03367701019398        1.91629891140682        5.60804988632661
H            3.33393744540393        4.02126674667470        7.16713215089826
C            4.48045487113725        4.60377727704752        5.37369449722706
H           -7.34346503304049       -0.22959508849249        2.64251975651686
H           -6.87669021339441       -1.09658216012742        1.06048971782125
H           -6.91918256027956       -2.27943906951514        3.96401457197037
C           -6.51185301581995       -3.58941856067598        2.24633346402470
O            4.57633503654637        5.80101541485436        5.97653882545772
O            4.94888304629915        4.35061694364485        4.28054323441407
O           -7.08391169863387       -4.54288967347300        3.01442459603042
O           -6.05877896037477       -3.79888845850045        1.13905214920581
C            5.28059956375970        6.87760558161039        5.28900611140834
C           -7.16978030699028       -5.89397366165264        2.48055674047908
C            4.26180844843501        7.73978789174665        4.53086715487599
C            6.06242445557988        7.64663315389217        6.35281795390082
H            5.96589463559353        6.40034337026012        4.56592282347302
C           -7.11265130783778       -6.84312010154622        3.67859422174663
C           -8.44994880827404       -6.02942951614510        1.64848213131312
H           -6.29004273565946       -6.04013111514462        1.82535728852879
H            3.73504255129093        7.13614787898933        3.77363902281040
H            3.52427364752847        8.16217364906501        5.22618896365687
H            4.77590578499542        8.56770460837329        4.02349924481974
H            6.76487284621801        6.98462017113068        6.87527804023866
H            6.63927983023581        8.46029086099836        5.89312462728323
H            5.38658727219505        8.08217828305902        7.09978882306397
H           -6.18288651902582       -6.69408344278290        4.24277836447831
H           -7.96437745411335       -6.67137234329128        4.35387106472719
H           -7.15527935655765       -7.88756332951835        3.34039927100849
H           -8.43231076151622       -5.32578913015099        0.80507832399129
H           -8.54026764336231       -7.04950425444583        1.24988763643442
H           -9.33839356341539       -5.82641765423108        2.26569380267093
C           -0.80457320696619       -1.41146499503747       -4.73391584084914
C            0.12147699112382       -1.18833643010692       -5.78879367823368
C           -2.00480252228101       -2.12569054032957       -5.00162306733393
C           -0.11494382972577       -1.72592044648097       -7.06959805587372
N            1.26061948135989       -0.39383281341232       -5.50248735018382
C           -2.22955285545455       -2.66741292170941       -6.28503560031166
N           -2.95921218944244       -2.22425007729183       -3.96232831818824
H            0.61468264140483       -1.54796321786767       -7.86476045337515
C           -1.28058093500638       -2.46692643686164       -7.29195397478056
C            2.17001209706785        0.16195742664071       -6.37595916437070
H            1.30129480657108       -0.06445154683786       -4.53651710422886
H           -3.14651531760442       -3.23511075002458       -6.46452172014456
C           -4.17941455483138       -2.86984134396248       -3.97232302548260
H           -2.72872393176482       -1.70861945617561       -3.10869983717218
H           -1.46041387218367       -2.89242656244722       -8.28779573704586
O            2.24562505825187       -0.09372347146607       -7.57188135006899
C            3.07441158652320        1.19069047214695       -5.73116813828741
O           -4.57414415759588       -3.59458661374528       -4.88022253753123
C           -5.02589616882770       -2.59130166839602       -2.75401992812798
C            3.34774414035092        2.44436582131449       -6.52534182856806
H            3.04314419313598        1.29914224382641       -4.64136977954931
C            4.44176486512450        1.41325531588473       -6.37714371079835
C           -5.89417870832381       -3.69869923924741       -2.21457574922759
H           -4.65561221255270       -1.86376718724313       -2.02220281074491
C           -6.54038393172132       -2.59235084894366       -3.01268629666920
H            2.88178504070015        2.51608937243376       -7.51173175247799
H            3.45772350789518        3.37672876432608       -5.96656271655805
H            4.66927198539947        0.79641610928541       -7.25049666915652
C            5.58915892145997        1.73871397460294       -5.47206437271383
H           -5.82827501854010       -4.66638565119412       -2.71883514112354
H           -6.04430140526025       -3.71240926291177       -1.13177006413112
H           -6.83453109103251       -2.83133176994953       -4.03931886035333
C           -7.37983032636117       -1.56647214081391       -2.32612658499042
O            6.74956390647295        1.29878601624332       -5.98629166567883
O            5.48743469608309        2.34082173344729       -4.41999317728952
O           -8.40536475663894       -1.17824718307850       -3.11436190515516
O           -7.18983941506803       -1.13441554727931       -1.20694878694211
C            7.98091937511365        1.55379970925054       -5.24746625215957
C           -9.33092836133094       -0.18261809675883       -2.59335746716653
C            8.90141135728978        0.35885602886147       -5.50066760423333
C            8.56727404708931        2.89314490316774       -5.70262232102748
H            7.70710545340307        1.61605712709484       -4.17686678095409
C           -8.79399708705946        1.22263885066671       -2.89383857820487
C          -10.68925992832762       -0.47121752530365       -3.23147189187967
H           -9.37470851533764       -0.32628081149209       -1.49840262916086
H            8.41817649791972       -0.57115575501780       -5.17360774756155
H            9.14386730153854        0.27293287589771       -6.57092798807321
H            9.84354715267718        0.48290683078840       -4.94944338350763
H            7.86408324745399        3.70995576178295       -5.49617508351128
H            9.50413035009653        3.10175116868263       -5.16793863242045
H            8.78881797361950        2.87488854318271       -6.78092570993226
H           -7.81899641197937        1.37300034756432       -2.40251878898811
H           -8.67509883645252        1.36617428212003       -3.97669336788481
H           -9.49370331849896        1.98264900993347       -2.51933085553546
H          -11.02022467544016       -1.49306083400935       -2.99822066932096
H          -11.44727908563745        0.22889137713123       -2.85539206065585
H          -10.63970359024813       -0.36745205480466       -4.32336941529996
H            4.41902028382895       -5.94735908963012        2.20554916887377
H            0.57835015502847       -7.81703212472408        1.46271241794507
H            0.92645149436508        7.30176793350737       -2.38484798145939
H           -3.34943838243383        7.27517325497763       -1.66405471245971
O            3.55024940127392       -3.45676129203887        1.56986733094216
O           -0.63786911888066       -5.49209722180775        0.76233688045529
O            1.25701580179935        4.69822371231816       -1.64819198949297
O           -3.39731924616711        4.68300576421168       -0.85500680331441
C            4.89797148680034       -3.47814993446075        1.92914893031469
C            5.87752469665307       -3.74195983102522        0.96116378863460
C            5.25983369957890       -3.15543504926366        3.24373298235710
C            7.23036057374475       -3.68965408341286        1.32092826728534
H            5.56991895764902       -3.98032492625501       -0.06217547393582
C            6.61630454832137       -3.10470129556637        3.59130115574795
H            4.47150781524629       -2.94373183186254        3.97328781888383
C            7.60331543330536       -3.37307690138877        2.63383634082162
H            7.99964560085838       -3.89478886848332        0.56796353950011
H            6.90495911011228       -2.85262163376402        4.61789635982868
H            8.66539586526708       -3.33359826149600        2.91043289752651
C           -1.59194009411733       -6.48615789898219        0.95443020722324
C           -1.92859295831521       -6.93998548416613        2.23790673833501
C           -2.27176520017138       -6.96709668836360       -0.17308426710534
C           -2.93886073562080       -7.89839070281765        2.38435826674220
H           -1.40069473877697       -6.53642711201805        3.10855576181427
C           -3.28616560171611       -7.91903596218043       -0.01196832932317
H           -1.99800626226583       -6.57870249116357       -1.15935793134607
C           -3.61836679437600       -8.39266940399650        1.26355787234388
H           -3.20196719069226       -8.25844744730929        3.38512589756049
H           -3.81974261063356       -8.29515998001055       -0.89157014097305
H           -4.40867271892285       -9.14512612711281        1.38536569949795
C            2.52320428078945        5.26063929402926       -1.57626156099514
C            2.84470711292331        6.32293120101407       -0.71603113680281
C            3.52494736950266        4.64509755875780       -2.34427488529231
C            4.16814852478969        6.77757476955574       -0.64941603506875
H            2.06434041121006        6.78518875051774       -0.10155417081981
C            4.84436563310841        5.10107343343288       -2.26093679879215
H            3.26222527137318        3.80445766248564       -2.99494314394816
C            5.17090727901115        6.17400127903608       -1.41948245065652
H            4.41795116327245        7.61092258364006        0.01937154022654
H            5.60943164225427        4.60011876459249       -2.86434050801075
H            6.20461834315347        6.53856485452935       -1.35845674775047
C           -4.69602983476467        5.06608485175554       -1.16971084121397
C           -5.10552342630972        5.27604409875195       -2.49449575264260
C           -5.61947586141456        5.15047098853521       -0.11768912991075
C           -6.44416592697615        5.59136010506711       -2.75799124959653
H           -4.37711431106079        5.18464305840332       -3.30708069744210
C           -6.95668349015553        5.45903729466538       -0.39608219323682
H           -5.27297254952446        4.96357351757202        0.90363871494997
C           -7.37286182232910        5.68660465730397       -1.71378373766710
H           -6.76702358691989        5.75579149835461       -3.79179700780304
H           -7.67954665636480        5.52375300041057        0.42430359113197
H           -8.42129057253421        5.93278179494831       -1.92802765085870
N            1.29042680366839        0.58802895525315        0.03178873931622
C            2.34691576010681        1.18502921588521        0.49371670886283
C            2.26157154948088        2.53060427797662        0.96502308714636
C            3.33179254923623        3.13617715768169        1.56881244870327
C            4.53394864242675        2.45730352201021        1.73890998817200
C            4.66149457465328        1.17565491382577        1.22471411173212
C            3.62196126516433        0.53981693781861        0.57666566295061
C            3.84637031826732       -0.75996513356614       -0.12441206309156
C            4.35311955293675       -0.50450178190554       -1.56706545488458
C            5.61203426409543        0.29007579735842       -1.57838547806143
C            5.80255096163237        1.63370043273562       -1.50269391663319
C            7.21473505942805        1.84321860945538       -1.48832613173610
C            8.04488404079204        2.96139453329454       -1.41653597554890
C            9.40886436505762        2.76045170761053       -1.41838660866997
C            9.95525118844692        1.47547413084085       -1.49448272377082
C            9.15359181417082        0.34755341163478       -1.56311385654594
C            7.78292927247890        0.55263135723585       -1.56067607677946
O            6.80134910834280       -0.38779944360394       -1.61514470147173
H            1.32967158518315        3.05315105792566        0.83129533586666
H            3.23942885161604        4.15107623203719        1.92628251789058
H            5.35232834116154        2.93533633659262        2.25079764985180
H            5.60271069319016        0.65452409454962        1.32342640266232
H            2.91467156084871       -1.32659926127528       -0.17690282250487
H            4.59503165923684       -1.34433681394802        0.41189121891325
H            4.53196318125218       -1.46436459408139       -2.05454331642464
H            3.58335166408801        0.04113641438662       -2.11615869492798
H            5.04189605521457        2.38580005797821       -1.46933027298975
H            7.61969906081583        3.95147366505158       -1.35138043553069
H           10.07416497917604        3.61025895701031       -1.36115690776656
H           11.02935085367999        1.35809637925852       -1.49006071965565
H            9.57702051514429       -0.64725508900650       -1.62751458882476
245
 energy: -403.425702185601 gnorm: 0.006762608590 xtb: 6.7.1 (edcfbbe)
N            0.13970397672064       -1.69603933408272       -1.05887459893438
N           -0.02249743926011       -1.02238034781814        1.70478141264194
C           -0.52790523528440       -0.93730846646165       -3.32761994258377
C           -0.05182569597112       -1.89276289889545       -2.40273469067977
C            0.36532581092049       -3.23420672072593       -2.76594151223155
H            0.31031611814543       -3.64924369912840       -3.77340115410656
C            0.83498441537367       -3.82311486135971       -1.62584561840524
H            1.24548155152632       -4.82598561973958       -1.50095518372768
C            0.65864067617265       -2.86431438403697       -0.55233449217267
C            0.89050059904574       -3.15118970045675        0.80777357275593
C            0.50168934815514       -2.28277123883337        1.84723775913098
C            0.47879941535114       -2.66117658414773        3.24763495400798
H            0.83967453011247       -3.61494699178290        3.63550249181257
C           -0.10853435191944       -1.63369057058062        3.92887252734963
H           -0.32285127465412       -1.55644000455862        4.99567388279928
C           -0.40667595571660       -0.60168913799510        2.95324076716531
C            1.46683642926620       -4.49255093897531        1.17670190137341
C            2.82313778588410       -4.62089062695438        1.55955127033056
C            3.37001195750686       -5.86870292358397        1.90976318560577
C            2.55638714157865       -7.00476270763265        1.86942192498365
H            2.98184488794112       -7.98244303871618        2.13149681131904
C            1.21216676015772       -6.91809146109996        1.49807886041236
C            0.66980081152666       -5.66264427520985        1.16379313736508
N           -0.83680554186698        1.64374575620280        1.00059196439738
N           -0.62662526210362        0.98035523909388       -1.74892069938387
C           -0.97590103396302        0.64777091452191        3.27488862131316
C           -1.11075392487480        1.70057856610447        2.34276687557836
C           -1.49531242406674        3.05075177999976        2.70294372010240
H           -1.78548295935380        3.36383728104720        3.70676256516208
C           -1.40152041279800        3.80647302764037        1.56733091514596
H           -1.60621600355122        4.87016158408346        1.44226952875509
C           -1.02507248038950        2.90900711551942        0.49490453453474
C           -0.95476879169850        3.27745104166887       -0.86233254210805
C           -0.84850796174821        2.32681811528788       -1.89584354593214
C           -1.10263219150989        2.62903142647795       -3.29038875369407
H           -1.30777327259369        3.62676487795353       -3.67996840854259
C           -1.08373388626920        1.44107209832019       -3.96401431245376
H           -1.26650867840674        1.25600152543344       -5.02333148119289
C           -0.75221252433629        0.41477870216967       -2.99365981855030
C           -1.06535003676971        4.72764803216369       -1.24712771688836
C            0.09605543482593        5.43862908683507       -1.63736600400009
C            0.02341322219483        6.77955783798158       -2.05620896741947
C           -1.21639991171076        7.42600802457349       -2.05824430229262
H           -1.27690705959493        8.47526778271136       -2.37585623605738
C           -2.38120203407509        6.75954202921512       -1.66626024901077
C           -2.30505869021769        5.40868166949186       -1.27791114944714
Fe          -0.23978651455959        0.00890658898545       -0.02659037515138
Cl          -2.45670763876096       -0.65754102117466        0.02148589822180
C           -1.51890207270143        0.85192651094642        4.66815283227220
C           -0.72753763028301        1.40661842944964        5.70927946982432
C           -2.86368336454112        0.47368273977778        4.93934015375497
C           -1.26855347147748        1.58571701386188        6.99831322363589
N            0.60555421335204        1.77955402963229        5.39712660073773
C           -3.40115608999580        0.67764071862168        6.22852827598811
N           -3.61431093268766       -0.12820764309219        3.90157732526684
H           -0.63794665619476        2.00067462806510        7.78925115784171
C           -2.59858517016291        1.22433657403379        7.23333870802554
C            1.60245114108201        2.20733834672490        6.24489573880987
H            0.84741847629917        1.68266284379766        4.40936781926200
H           -4.44242582371967        0.40213595664732        6.41383496372542
C           -4.93775290016054       -0.52261057099825        3.92405356608864
H           -3.10946096263652       -0.29512858404517        3.02595085371339
H           -3.02258670748032        1.37201431646434        8.23497308659450
O            1.49453230880456        2.31448417931914        7.46161495480774
C            2.90191799007270        2.55062186840017        5.54702497328569
O           -5.71147445590945       -0.29964323298954        4.85017913938115
C           -5.37770371293717       -1.28262557880905        2.69573110411142
C            4.18851385800043        2.18610426636613        6.24300813233693
H            2.92116376455594        2.55175809134706        4.45164648136970
C            3.74689131466789        3.62964998172577        6.23482027521215
C           -6.75375632320107       -1.00515732122898        2.14344851895439
H           -4.61272610762150       -1.58346509043209        1.97065943408813
C           -6.52846840031431       -2.26810075738959        2.94037147618862
H            4.10790008504962        1.66293398951967        7.19897373918281
H            5.03590711367924        1.91947718576154        5.60832396925895
H            3.33570726694224        4.02411348811916        7.16735146298869
C            4.48217151448301        4.60685331462603        5.37395986765602
H           -7.34070947210984       -0.22878853207860        2.64233409883731
H           -6.87370956470117       -1.09568262408808        1.06031951507718
H           -6.91608189788720       -2.27855363516731        3.96383970300607
C           -6.50843700023835       -3.58844974780526        2.24616996240660
O            4.57780689952298        5.80410258515648        5.97680983576539
O            4.95069455512380        4.35378746054784        4.28081946087263
O           -7.08033986347802       -4.54203532851778        3.01423917008339
O           -6.05528133411066       -3.79783228994898        1.13890607350699
C            5.28188870840503        6.88083151056900        5.28930442173283
C           -7.16592900446707       -5.89313363276784        2.48036386195340
C            4.26296341594629        7.74281616214052        4.53113121455667
C            6.06352732464444        7.65000394377439        6.35314869775240
H            5.96730273462635        6.40369997505369        4.56624684586235
C           -7.10866149549996       -6.84227182523462        3.67840091593846
C           -8.44603967829231       -6.02883427336265        1.64824127734164
H           -6.28613925473895       -6.03912055156831        1.82519703928457
H            3.73634122128307        7.13907625713113        3.77388859953172
H            3.52532050225404        8.16506040863510        5.22642597765769
H            4.77691884234717        8.57083455170181        4.02378384761569
H            6.76608249200763        6.98812525779880        6.87563329554142
H            6.64024211591652        8.46377451546174        5.89347880694851
H            5.38757828380235        8.08541861282261        7.10009509065336
H           -6.17894651973547       -6.69305737884612        4.24262019462853
H           -7.96044528032062       -6.67068952025755        4.35364667364969
H           -7.15107575572199       -7.88672256352720        3.34020221770578
H           -8.42850630197500       -5.32518850426765        0.80483975413906
H           -8.53614730882475       -7.04892575207941        1.24964102849811
H           -9.33454613919928       -5.82599475707490        2.26542039250663
C           -0.80131394988270       -1.40938759024031       -4.73386078327437
C            0.12473407634755       -1.18607854469278       -5.78870182351182
C           -2.00140085387788       -2.12384359583135       -5.00161228398043
C           -0.11153811730624       -1.72370621331423       -7.06951736957100
N            1.26370971870672       -0.39135991893465       -5.50235172641153
C           -2.22599464237958       -2.66560604699679       -6.28503693320891
N           -2.95582105224380       -2.22258775963147       -3.96236007685311
H            0.61808432025221       -1.54560595907286       -7.86465144210129
C           -1.27702385895490       -2.46493534158005       -7.29191861116135
C            2.17303495717640        0.16460884818638       -6.37578523018947
H            1.30427112351306       -0.06195494769490       -4.53639196418061
H           -3.14284151784151       -3.23347982661802       -6.46455853623814
C           -4.17591206632547       -2.86841391604053       -3.97239362230320
H           -2.72547266942308       -1.70691519135727       -3.10871772606530
H           -1.45673741534283       -2.89046776535743       -8.28776808924713
O            2.24873386236740       -0.09105611896979       -7.57170693721062
C            3.07719425577876        1.19352878132963       -5.73096048581754
O           -4.57045936435275       -3.59323309323518       -4.88031437003193
C           -5.02248245085616       -2.59003977430701       -2.75412847107676
C            3.35032537040676        2.44724495152523       -6.52512263494766
H            3.04587837618779        1.30196062544598       -4.64115915967448
C            4.44454582792788        1.41633276102530       -6.37687553633230
C           -5.89057559767398       -3.69760509158032       -2.21471604788243
H           -4.65237050007938       -1.86243524575145       -2.02229282192028
C           -6.53696537144330       -2.59137811123792       -3.01284777639695
H            2.88439376010980        2.51888197471343       -7.51152849828383
H            3.46010982382709        3.37962613317208       -5.96633386793750
H            4.67219606647958        0.79954721048249       -7.25023135023031
C            5.59182751895180        1.74200126192634       -5.47178084029066
H           -5.82446660808353       -4.66527770971557       -2.71897543109113
H           -6.04073600946506       -3.71134579809252       -1.13191587783237
H           -6.83102590037870       -2.83041455022791       -4.03949238727317
C           -7.37663066365301       -1.56566499800054       -2.32631660829476
O            6.75234385584091        1.30231551073851       -5.98595210205857
O            5.48994154092883        2.34414653016407       -4.41972516410698
O           -8.40221207883327       -1.17763260327034       -3.11459171289295
O           -7.18676717596661       -1.13357140712730       -1.20713162997641
C            7.98361038096080        1.55755356428095       -5.24710028250263
C           -9.32798612137468       -0.18218149519973       -2.59361741359411
C            8.90435113869562        0.36279397735776       -5.50025123721235
C            8.56974860650472        2.89701073290197       -5.70219947363899
H            7.70973133777672        1.61974230592685       -4.17652682264242
C           -8.79131357350960        1.22317779225954       -2.89407559621266
C          -10.68623741566612       -0.47104223679218       -3.23178388102325
H           -9.37177934748342       -0.32585620552916       -1.49866521701584
H            8.42129035346880       -0.56729351075080       -5.17319002922450
H            9.14686372340971        0.27692024067747       -6.57050059951264
H            9.84643938486198        0.48700906308746       -4.94899505690619
H            7.86638410834646        3.71367881697571       -5.49578608288468
H            9.50656105588085        3.10574036790135       -5.16743120787459
H            8.79132840206348        2.87882188522260       -6.78049787408603
H           -7.81636065718321        1.37372679497020       -2.40271907571132
H           -8.67240240759644        1.36673902749573       -3.97692568796409
H           -9.49117952046037        1.98305331110364       -2.51959218048322
H          -11.01701427266165       -1.49294981307531       -2.99854742690639
H          -11.44440509168926        0.22891997084477       -2.85573065085705
H          -10.63666011184757       -0.36726514078460       -4.32367940085842
H            4.42288646975877       -5.94428950165407        2.20578789419024
H            0.58260671367350       -7.81469932957854        1.46280348063175
H            0.92795043045685        7.30417158900507       -2.38470807927031
H           -3.34796178137236        7.27675634402085       -1.66407371655990
O            3.55365839022216       -3.45388049013393        1.57011037010817
O           -0.63403444262946       -5.48999628052677        0.76238870819726
O            1.25897742411354        4.70069107200569       -1.64804398449235
O           -3.39537406979857        4.68457891493107       -0.85503834873227
C            4.90137421613144       -3.47499155808141        1.92941630613546
C            5.88100489600429       -3.73860602573220        0.96146661091716
C            5.26312001101016       -3.15221744821083        3.24403165119104
C            7.23381861708497       -3.68605323011330        1.32129190249266
H            5.57349468095875       -3.97703555741247       -0.06189029336643
C            6.61957070143606       -3.10120461833235        3.59162210135763
H            4.47473129672192       -2.94066656794590        3.97353298077998
C            7.60667226677037       -3.36939182844961        2.63419804028482
H            8.00318614073196       -3.89101654963095        0.56834883312136
H            6.90814125451888       -2.84908033985309        4.61823279015557
H            8.66873260000043       -3.32971578002795        2.91083551728373
C           -1.58792019570081       -6.48424205653856        0.95444221440940
C           -1.92453335717469       -6.93813679425488        2.23790712251567
C           -2.26760889847174       -6.96530900342172       -0.17309667756625
C           -2.93462050984571       -7.89673594868647        2.38431919390220
H           -1.39674494437959       -6.53447829963764        3.10857636548987
C           -3.28183263500981       -7.91744434018512       -0.01202059435549
H           -1.99388899305035       -6.57686065416307       -1.15935984293677
C           -3.61398976726472       -8.39114407996854        1.26349004690688
H           -3.19769564652079       -8.25684583756417        3.38507523200036
H           -3.81530380431693       -8.29366903530010       -0.89164365762196
H           -4.40415511143118       -9.14375276207459        1.38526853703854
C            2.52506604546836        5.26336225469029       -1.57608347723921
C            2.84632296813351        6.32570136553401       -0.71581357356536
C            3.52694417285775        4.64800855140195       -2.34403937100433
C            4.16967284510956        6.78060021913360       -0.64915620447684
H            2.06584581923906        6.78780138149685       -0.10135336986406
C            4.84628731377180        5.10421853208266       -2.26064117076009
H            3.26441147122938        3.80731818913041       -2.99473036409011
C            5.17258209610907        6.17722060750140       -1.41918936424696
H            4.41929717592460        7.61399116924056        0.01964276454740
H            5.61151128977348        4.60336916276356       -2.86394958385979
H            6.20622808559368        6.54198657775558       -1.35814284791806
C           -4.69414950823502        5.06740984852594       -1.16978350488019
C           -5.10363379471722        5.27729211678977       -2.49458603117225
C           -5.61764933241507        5.15161539664894       -0.11779851785093
C           -6.44232520240115        5.59235164784585       -2.75813098982571
H           -4.37517631013085        5.18603299613553       -3.30714357601885
C           -6.95490698311912        5.45992536171268       -0.39624133425480
H           -5.27114925632556        4.96478245510119        0.90354218408432
C           -7.37107961854584        5.68741510953326       -1.71395563096714
H           -6.76517664282639        5.75672299302860       -3.79194757236465
H           -7.67781247991732        5.52450026935708        0.42411861223272
H           -8.41954679820117        5.93339151401770       -1.92823987180287
N            1.29037365601899        0.59439204273226        0.02979851444656
C            2.34812212547286        1.18804486738030        0.49206076674552
C            2.27163341063331        2.53610667539836        0.95434316367129
C            3.34292759845469        3.13447271414805        1.56368014921934
C            4.53646969777744        2.44563604933915        1.74632686866671
C            4.65777772318610        1.16209873756522        1.23476622650622
C            3.61726040271146        0.53333496711083        0.58233637677166
C            3.82999055358259       -0.76553177301350       -0.12371211661329
C            4.30889068740476       -0.50451873952546       -1.57446792258669
C            5.57228795986712        0.28157478102372       -1.59587591088962
C            5.77130105178708        1.62099442399099       -1.50679203662385
C            7.18463973258884        1.82119976835900       -1.49122045789047
C            8.02367857767799        2.92670066468281       -1.39906661336004
C            9.38565031470404        2.71608925902161       -1.40058461610288
C            9.92315154074475        1.43389879029126       -1.48985486081906
C            9.11285441145441        0.31949572037931       -1.58050482548945
C            7.74339232443638        0.53187212289717       -1.57753280105543
O            6.75715164745771       -0.40045764717933       -1.64261096495174
H            1.34593142184989        3.06549428695975        0.80978222546025
H            3.25811005980557        4.15176072707422        1.91483913944796
H            5.35430390837910        2.91854388279181        2.26363515486863
H            5.59460277445463        0.63471345045661        1.33939558774386
H            2.89767369497763       -1.33163664072616       -0.16016886130140
H            4.58905050025053       -1.35054024789307        0.39676950311914
H            4.47097962575187       -1.46166280954610       -2.07266783968134
H            3.53344445465823        0.05192544946772       -2.10455921093190
H            5.01489852079828        2.37564061520863       -1.46499378082865
H            7.60454701073746        3.91586657935506       -1.32181915512344
H           10.05465821325475        3.55673436738232       -1.32438104306236
H           10.99562207048571        1.30527799842310       -1.48438101827711
H            9.52762528280286       -0.67685729205533       -1.65989102772004
245
 energy: -403.425810176356 gnorm: 0.006942345737 xtb: 6.7.1 (edcfbbe)
N            0.14277222097979       -1.69360734521296       -1.05894777416479
N           -0.01953238633820       -1.01993012614612        1.70466475660945
C           -0.52497237342158       -0.93505097613683       -3.32771401964829
C           -0.04870040990416       -1.89039660118257       -2.40281498912914
C            0.36873568332329       -3.23174264684491       -2.76600778244401
H            0.31379830261095       -3.64682179583949       -3.77345448496082
C            0.83847332270515       -3.82057362177812       -1.62589068990909
H            1.24918904995164       -4.82334871070346       -1.50098771760738
C            0.66193138505422       -2.86179692428812       -0.55241467560332
C            0.89384741652697       -3.14860264249626        0.80773317974758
C            0.50486783327103       -2.28023903868418        1.84716901803282
C            0.48205171008189       -2.65862820555575        3.24757168743925
H            0.84311930373305       -3.61232005672015        3.63545032910787
C           -0.10548897438124       -1.63125161561502        3.92878701456486
H           -0.31982620958429       -1.55402937163714        4.99558796092395
C           -0.40383858210509       -0.59932142297335        2.95314033132366
C            1.47046694987960       -4.48983437692001        1.17666551993852
C            2.82679474329938       -4.61789436917725        1.55952388527652
C            3.37391556719520       -5.86559344505060        1.90975131400431
C            2.56052204889421       -7.00181543244663        1.86942171896628
H            2.98617606631940       -7.97940591574982        2.13151158347225
C            1.21628492669610       -6.91541890065756        1.49807248356873
C            0.67366688343301       -5.66008643082319        1.16376711689520
N           -0.83439939940381        1.64603080864623        1.00047799880992
N           -0.62412497288900        0.98261414051023       -1.74906828082389
C           -0.97331256789392        0.65002181557639        3.27476828106357
C           -1.10836781477048        1.70279734429681        2.34263849312968
C           -1.49320442462564        3.05290153881388        2.70279023187722
H           -1.78344420072800        3.36593698903212        3.70660558247825
C           -1.39954755716807        3.80861497881582        1.56716718030768
H           -1.60447009193112        4.87226456545294        1.44209381387650
C           -1.02288489492689        2.91121111313753        0.49478028136248
C           -0.95269031532672        3.27965011768668       -0.86247997893195
C           -0.84623879938890        2.32902654216517       -1.89598127187521
C           -1.10041638492144        2.63117227374502       -3.29054085732868
H           -1.30575696630108        3.62886067035793       -3.68012918530884
C           -1.08127825122818        1.44321326497471       -3.96414754367381
H           -1.26401044655315        1.25808777167076       -5.02346013697644
C           -0.74955450216201        0.41699221062708       -2.99377478147075
C           -1.06356552359220        4.72982539922699       -1.24730242201070
C            0.09768655886600        5.44104108962826       -1.63755381142093
C            0.02479073584002        6.78194352515149       -2.05640923028424
C           -1.21515374683557        7.42814344863987       -2.05845665345983
H           -1.27586972688595        8.47738622162835       -2.37608410291836
C           -2.37982342432510        6.76144799336410       -1.66646797725455
C           -2.30341481013546        5.41060917374357       -1.27809664203954
Fe          -0.23736467882777        0.01128119475348       -0.02678845785385
Cl          -2.45384696919789       -0.65562327516818        0.02138379423572
C           -1.51635956460942        0.85409055337316        4.66803252641917
C           -0.72511051565974        1.40895814176563        5.70915336612765
C           -2.86106655031067        0.47558179722539        4.93921945678934
C           -1.26616748322563        1.58796512285486        6.99818323703775
N            0.60790717046072        1.78215263562078        5.39700149405393
C           -3.39858425895709        0.67944842241680        6.22840291675946
N           -3.61156864126573       -0.12647400389901        3.90146244263054
H           -0.63564635111091        2.00306033943629        7.78911768904972
C           -2.59612682862782        1.22632039915472        7.23320890610886
C            1.60471762376835        2.21015413148070        6.24476791157478
H            0.84979351179061        1.68530254995638        4.40924438432725
H           -4.43979961679010        0.40373793936283        6.41370957954809
C           -4.93493315606288       -0.52114318046323        3.92393899006604
H           -3.10668328900015       -0.29330504375615        3.02583985484831
H           -3.02016169659782        1.37392651320422        8.23483966352359
O            1.49676979922994        2.31729417932542        7.46148468095074
C            2.90411442629382        2.55368905040333        5.54689720110709
O           -5.70870129951502       -0.29831875467775        4.85005893019124
C           -5.37472519951789       -1.28126403495233        2.69562566947970
C            4.19078153957888        2.18944051904426        6.24289023356653
H            2.92336947460520        2.55480846563067        4.45151878025621
C            3.74887007742230        3.63289623705938        6.23468046629832
C           -6.75083233520847       -1.00408017158367        2.14333365715729
H           -4.60968511370196       -1.58195954708459        1.97056026226851
C           -6.52529277458355       -2.26696695134460        2.94027495253353
H            4.11027111816187        1.66626607227177        7.19886191275645
H            5.03822997107308        1.92297602430838        5.60821212195105
H            3.33760282065870        4.02729141794551        7.16720409264838
C            4.48395474089788        4.61024146889124        5.37380647757241
H           -7.33794349005324       -0.22782231299326        2.64220630777972
H           -6.87076352619158       -1.09464451355928        1.06020517452641
H           -6.91290738783180       -2.27748461502939        3.96374217061338
C           -6.50499285759801       -3.58732316745920        2.24609170343215
O            4.57935232005964        5.80751073844488        5.97664123037621
O            4.95253366461672        4.35725216823143        4.28066312100351
O           -7.07670533985549       -4.54101339709172        3.01417146889153
O           -6.05179063208409       -3.79662862678471        1.13883205974695
C            5.28321494577799        6.88437522445965        5.28912684846044
C           -7.16202035248892       -5.89213525564176        2.48031571894006
C            4.26411795260985        7.74614609054664        4.53093588188960
C            6.06469495418726        7.65372037792578        6.35296229137684
H            5.96872717919106        6.40737255676279        4.56607820542419
C           -7.10456488657012       -6.84124657559590        3.67836613332069
C           -8.44210063304924       -6.02810623439601        1.64818945659972
H           -6.28219910500401       -6.03795462555139        1.82515319085043
H            3.73761700131190        7.14228827752586        3.77370651986437
H            3.52638823421636        8.16825071179391        5.22622234226451
H            4.77790902362587        8.57426102764041        4.02357947471932
H            6.76738125422488        6.99199048042120        6.87545899520663
H            6.64124667606999        8.46760220802693        5.89328276712961
H            5.38865516248136        8.08901002823650        7.09989949500900
H           -6.17488208085621       -6.69183702163040        4.24258641556442
H           -7.95638558619577       -6.66982670151334        4.35360668428355
H           -7.14676752483594       -7.88571057555344        3.34018141455295
H           -8.42470630170745       -5.32446832329113        0.80477818066968
H           -8.53200092731120       -7.04822153235528        1.24960324608821
H           -9.33064997038556       -5.82543719167456        2.26536313446536
C           -0.79828023140064       -1.40720540181708       -4.73395062278923
C            0.12772719169788       -1.18372398363668       -5.78879030522221
C           -1.99822409798911       -2.12190708186127       -5.00169660017689
C           -0.10843195578366       -1.72141623478868       -7.06959986823711
N            1.26654328000007       -0.38877153357729       -5.50244583045192
C           -2.22270235839509       -2.66373168205727       -6.28511492013458
N           -2.95262690724589       -2.22082927735557       -3.96244759058757
H            0.62115814358235       -1.54317878225451       -7.86473298088810
C           -1.27376781978253       -2.46288331295033       -7.29199567409184
C            2.17576301257760        0.16736645035751       -6.37588299106550
H            1.30702742848623       -0.05933733638294       -4.53649660785528
H           -3.13943439617441       -3.23179245583456       -6.46463265653466
C           -4.17259062824252       -2.86690160468401       -3.97247609061388
H           -2.72238809700491       -1.70509885179471       -3.10881109028850
H           -1.45339127403766       -2.88846487710766       -8.28784010166783
O            2.25151165066846       -0.08829826631187       -7.57180122896377
C            3.07969889018742        1.19649557590254       -5.73106727238747
O           -4.56698617274686       -3.59181252471738       -4.88038877813801
C           -5.01922025187257       -2.58868119886543       -2.75421811286535
C            3.35258628354913        2.45024370336788       -6.52524765937613
H            3.04836817621832        1.30492387592248       -4.64126711958745
C            4.44702488156256        1.41955936425557       -6.37696792640766
C           -5.88709278334631       -3.69641443853584       -2.21479268053288
H           -4.64925889372355       -1.86099253023852       -2.02239032123083
C           -6.53370223285314       -2.59032867441072       -3.01294219940096
H            2.88664936351601        2.52176934359367       -7.51165711859404
H            3.46218589831028        3.38265142168748       -5.96646844742866
H            4.67479985307640        0.80280432707077       -7.25032162496386
C            5.59422917420121        1.74547978330155       -5.47184757426545
H           -5.82078663740268       -4.66408084532124       -2.71903860127263
H           -6.03725481768309       -3.71017056308279       -1.13199261362642
H           -6.82771072856287       -2.82943791356331       -4.03958490049787
C           -7.37357761142082       -1.56477451553755       -2.32642840431822
O            6.75484996299334        1.30601221250392       -5.98603394389879
O            5.49228345220164        2.34759357209923       -4.41970853091807
O           -8.39923366508448       -1.17695889129949       -3.11471165646320
O           -7.18380497695358       -1.13262741723519       -1.20724761698977
C            7.98602895453001        1.56149998564323       -5.24721695419007
C           -9.32520974594174       -0.18168845073347       -2.59375516034453
C            8.90702558081446        0.36691153420478       -5.50033794985188
C            8.57191655011097        2.90108835216947       -5.70230165397678
H            7.71205763029943        1.62371203264320       -4.17668374337268
C           -8.78881907181284        1.22377668785593       -2.89423081823695
C          -10.68340075206756       -0.47083098268749       -3.23192226331877
H           -9.36897861489170       -0.32535570238555       -1.49880048238898
H            8.42414337967572       -0.56325755007680       -5.17326615793793
H            9.14955430208743        0.28108775332767       -6.57058897777060
H            9.84908159274313        0.49130754788864       -4.94910180857842
H            7.86837919479327        3.71761102293279       -5.49592077466587
H            9.50869178108917        3.11000286817237       -5.16753833642320
H            8.79351018482660        2.88291926992478       -6.78060097369053
H           -7.81389861153878        1.37452873941409       -2.40287222028816
H           -8.66993268047350        1.36734669176523       -3.97708257193401
H           -9.48883940265371        1.98351588138543       -2.51976007652346
H          -11.01397267961173       -1.49280233557970       -2.99867275674152
H          -11.44171098392981        0.22898375670513       -2.85588120278146
H          -10.63384000884595       -0.36705896405492       -4.32381949479411
H            4.42680548319214       -5.94096081197341        2.20578064512030
H            0.58690645832209       -7.81215435789433        1.46280728420327
H            0.92922335213901        7.30673299340879       -2.38491122424265
H           -3.34668755499883        7.27846845196690       -1.66429239586286
O            3.55707369694078       -3.45075422024761        1.57009538815164
O           -0.63020094224202       -5.48770507128945        0.76235724012099
O            1.26076423515012        4.70332953326016       -1.64819964780039
O           -3.39358040103269        4.68629306187966       -0.85522338607573
C            4.90479644855716       -3.47157318536305        1.92938103493107
C            5.88447789670072       -3.73500134415056        0.96143528828987
C            5.26647683247656       -3.14870722922504        3.24398507991628
C            7.23728112353045       -3.68217908296990        1.32127243322931
H            5.57702933406589       -3.97351234099504       -0.06193101169838
C            6.62291256782009       -3.09740795399727        3.59157923223260
H            4.47804236324570       -2.93730784100868        3.97348066591298
C            7.61007381773978       -3.36541345660801        2.63416651692021
H            8.00670019481134       -3.88699024402207        0.56833394124493
H            6.91142949687651       -2.84521883472882        4.61819254903027
H            8.67212441801952       -3.32552452265937        2.91080483267627
C           -1.58388753258223       -6.48214186430960        0.95441997999090
C           -1.92041279965521       -6.93608633492608        2.23789075847527
C           -2.26347358285186       -6.96336056130076       -0.17311462790604
C           -2.93030699111145       -7.89488684062267        2.38431306026584
H           -1.39270916098352       -6.53230955275118        3.10855684888879
C           -3.27750633413041       -7.91569853992873       -0.01202909343155
H           -1.98982930936245       -6.57487084647428       -1.15938258917612
C           -3.60957238993719       -8.38944779869646        1.26348658259716
H           -3.19331332656273       -8.25503627778247        3.38507287299942
H           -3.81089832256849       -8.29204263331871       -0.89164925106375
H           -4.39958668282629       -9.14221384951577        1.38527345275910
C            2.52675001013574        5.26626605262906       -1.57626098587270
C            2.84777832264674        6.32867668332835       -0.71598903739009
C            3.52874150388513        4.65110445749504       -2.34420158920071
C            4.17103826996808        6.78384055624071       -0.64933974875140
H            2.06720744894883        6.79062571869455       -0.10153800262680
C            4.84799321016349        5.10759963948041       -2.26086258700023
H            3.26639382946493        3.81034247419921       -2.99487652501986
C            5.17407450130281        6.18064919844583       -1.41936682652928
H            4.42049570148644        7.61729000946073        0.01944882373977
H            5.61353357558744        4.60653951396861       -2.86381066124651
H            6.20764681219563        6.54562545653050       -1.35832358938048
C           -4.69243534975808        5.06885880591562       -1.16997507975156
C           -5.10195565118741        5.27863956190358       -2.49478357949835
C           -5.61595466703681        5.15289202065608       -0.11799505587812
C           -6.44070907021416        5.59342615201486       -2.75833846707468
H           -4.37347633525948        5.18751616658418       -3.30733729853816
C           -6.95327412401935        5.46092906210809       -0.39644781008439
H           -5.26942137866082        4.96614282653839        0.90335001625695
C           -7.36948739420754        5.68831646427316       -1.71416653718851
H           -6.76358971666565        5.75771805068980       -3.79215834420887
H           -7.67619557905940        5.52536945322622        0.42390893370539
H           -8.41800294870518        5.93407915631705       -1.92845921273652
N            1.29067506177027        0.59958124620392        0.02790505114197
C            2.34981996605437        1.18916064009589        0.49111530966805
C            2.28152081058243        2.54001642478589        0.94511287848915
C            3.35440212283907        3.13131190878891        1.55897714512752
C            4.53988309183350        2.43197064220206        1.75348114797538
C            4.65505322402398        1.14604292406197        1.24528868694136
C            3.61330021832129        0.52456379709928        0.58858534538841
C            3.81435367210789       -0.77311417556234       -0.12278201170240
C            4.26373174748143       -0.50572985826559       -1.58224270557171
C            5.53089703360776        0.27282681917920       -1.61594802444359
C            5.74031825066042        1.60923213773930       -1.50764233072531
C            7.15542550159286        1.79774551914674       -1.49239784582341
C            8.00440600720898        2.89534531004364       -1.37136338722664
C            9.36477559903008        2.67453736605850       -1.37329878140220
C            9.89208202322070        1.38587939620688       -1.49389037180141
C            9.07193475636762        0.28047881792472       -1.61561426315347
C            7.70388241679105        0.50364978052264       -1.60517034286718
O            6.71094007514368       -0.41768764476829       -1.67740746335672
H            1.36140518883255        3.07624364586836        0.79065656668158
H            3.27696507504022        4.15125883826201        1.90398054715590
H            5.35774008207186        2.90012019039710        2.27493202855664
H            5.58770318995135        0.61233551897804        1.35589695225000
H            2.88200354823210       -1.34005937537566       -0.14219385082366
H            4.58481345461799       -1.35823096101919        0.38100358372525
H            4.41052068191150       -1.46002818523329       -2.08999962349831
H            3.48078201609086        0.05878160386734       -2.09264170607009
H            4.99025473897420        2.37108373228708       -1.45122525812763
H            7.59276146059249        3.88888176925306       -1.27147395839258
H           10.04019842809023        3.51320726011955       -1.26393491200456
H           10.96263071126976        1.25009609025365       -1.48047835485429
H            9.47478711318266       -0.70992013355827       -1.69156028768636
245
 energy: -403.425912748473 gnorm: 0.004705641140 xtb: 6.7.1 (edcfbbe)
N            0.14442499903201       -1.69239671915199       -1.05877311353338
N           -0.01804700029600       -1.01870274596242        1.70481751117337
C           -0.52328564534805       -0.93392021818426       -3.32757553669214
C           -0.04695998822606       -1.88921514353943       -2.40264671120642
C            0.37063372767509       -3.23051391786066       -2.76581219690441
H            0.31576442160098       -3.64561566064845       -3.77325429444224
C            0.84033094559697       -3.81932086031992       -1.62565600701177
H            1.25116422695906       -4.82203797322803       -1.50073541811834
C            0.66366434283924       -2.86053935029845       -0.55221410078447
C            0.89555092189167       -3.14730990281549        0.80796469443480
C            0.50644894826012       -2.27897098629051        1.84736485102507
C            0.48360670746916       -2.65735015074977        3.24777124211455
H            0.84474941163633       -3.61100444402929        3.63567173875346
C           -0.10405915757127       -1.63002562902528        3.92894880507118
H           -0.31845266743731       -1.55281316633912        4.99574037211902
C           -0.40246229171545       -0.59812924444975        2.95327713030959
C            1.47228959151794       -4.48847907736041        1.17692236778310
C            2.82861406736447       -4.61640623963016        1.55984280373064
C            3.37583616358022       -5.86405226597362        1.91010328746491
C            2.56255356172330       -7.00035092586357        1.86974682500630
H            2.98828883764003       -7.97789859562219        2.13186357918932
C            1.21832417478865       -6.91408468781273        1.49833710369276
C            0.67560126912750       -5.65880631705544        1.16399712823284
N           -0.83314458511254        1.64717536046146        1.00058949625472
N           -0.62270828429695        0.98374794300286       -1.74895781178871
C           -0.97206985083942        0.65115874908049        3.27487349801815
C           -1.10718149770348        1.70391838260718        2.34273147235116
C           -1.49216346333135        3.05398946360979        2.70285335440262
H           -1.78247970376135        3.36700376124732        3.70665418427206
C           -1.39852304370163        3.80969917368034        1.56722806579423
H           -1.60354668155545        4.87332941787992        1.44213892606070
C           -1.02171213103467        2.91232489866657        0.49487398207983
C           -0.95150865752559        3.28075785023813       -0.86238955232912
C           -0.84492406764869        2.33013512718255       -1.89587864275319
C           -1.09906983684687        2.63224736434234       -3.29045922454149
H           -1.30448774304426        3.62991430969158       -3.68006082886855
C           -1.07978997680074        1.44428848653615       -3.96405391369033
H           -1.26245641154571        1.25913442389718       -5.02337166977604
C           -0.74800960666321        0.41810042593114       -2.99365651028637
C           -1.06251022625592        4.73092162265297       -1.24723308905254
C            0.09868969743808        5.44224548469676       -1.63744387613600
C            0.02568850273516        6.78313633706069       -2.05630782832762
C           -1.21431725781499        7.42921864840128       -2.05841449929212
H           -1.27511815119675        8.47845300770361       -2.37605321930491
C           -2.37894120451303        6.76241570183790       -1.66647290475067
C           -2.30242267306564        5.41158733570898       -1.27808653882859
Fe          -0.23607425374674        0.01246822108023       -0.02668396302747
Cl          -2.45234010256991       -0.65464965470377        0.02143587331032
C           -1.51519969031070        0.85518949883531        4.66811334987329
C           -0.72405059136221        1.41014148862636        5.70926539459540
C           -2.85988183139290        0.47655701265576        4.93924451581352
C           -1.26518029513549        1.58910751849120        6.99826876581646
N            0.60894987573207        1.78345822725418        5.39716898651466
C           -3.39747715057902        0.68038189776120        6.22840100056325
N           -3.61028423429289       -0.12558001925735        3.90145574098572
H           -0.63473405597520        2.00426880780376        7.78922808504488
C           -2.59511639672706        1.22733848647911        7.23323833742617
C            1.60567750810161        2.21156219310992        6.24497744167390
H            0.85088581200085        1.68662528027879        4.40942361200389
H           -4.43867470229026        0.40457481239464        6.41366352003442
C           -4.93360798689041       -0.52037196907366        3.92388084266436
H           -3.10534110194190       -0.29236890026824        3.02585939935570
H           -3.01920966621803        1.37491251160575        8.23484894519300
O            1.49766728314187        2.31870222428170        7.46168736035837
C            2.90507583595946        2.55521543821065        5.54715973076161
O           -5.70744081673678       -0.29761560840119        4.84996191317610
C           -5.37327614303513       -1.28054752078348        2.69555046906643
C            4.19174454422986        2.19109460832607        6.24321411457942
H            2.92438390100060        2.55632114372864        4.45178174808255
C            3.74969774316060        3.63450593905183        6.23497269385724
C           -6.74938401739778       -1.00349739448082        2.14319614095873
H           -4.60817437387020       -1.58117492788065        1.97052302005311
C           -6.52375975924066       -2.26635530921521        2.94015773823513
H            4.11124223237962        1.66791954296518        7.19918596876053
H            5.03924569193885        1.92470665006451        5.60857557564617
H            3.33835151084413        4.02887242419591        7.16747422685204
C            4.48473125991626        4.61191722227916        5.37411940810212
H           -7.33659125450069       -0.22729093011659        2.64203601713091
H           -6.86925866766126       -1.09408172351619        1.06006292519022
H           -6.91141921589169       -2.27690287805832        3.96360749120638
C           -6.50330419330875       -3.58671816958543        2.24598612855004
O            4.57998956551433        5.80919539750178        5.97695055551670
O            4.95338081122399        4.35895928235274        4.28099436550094
O           -7.07495979137809       -4.54045477604509        3.01404664301778
O           -6.05003245908244       -3.79598739646638        1.13874804205636
C            5.28377626342470        6.88612307461099        5.28946346547496
C           -7.16012265247066       -5.89158890509993        2.48019926151625
C            4.26462942954586        7.74779427971342        4.53121860785943
C            6.06513474228461        7.65555256095401        6.35332645806724
H            5.96936492328514        6.40918188577490        4.56644751392985
C           -7.10263001779670       -6.84068580092180        3.67825964503882
C           -8.44015294650469       -6.02768878347432        1.64801613174116
H           -6.28025848579209       -6.03733046538206        1.82507673849368
H            3.73821819372944        7.14388041737973        3.77397300387434
H            3.52682995269384        8.16983305313938        5.22646901607978
H            4.77836555708819        8.57595267469826        4.02387892940331
H            6.76786067762236        6.99389360170079        6.87585966424984
H            6.64162930631394        8.46948598073732        5.89366606561857
H            5.38902030173076        8.09078438213655        7.10022964051258
H           -6.17298669456620       -6.69118341395405        4.24252000710075
H           -7.95449719202144       -6.66934150482058        4.35346062851684
H           -7.14471846777978       -7.88515653656402        3.34008124317028
H           -8.42278788274098       -5.32405583720288        0.80460030968995
H           -8.52993841115388       -7.04781581495365        1.24943431145892
H           -9.32874898662451       -5.82509907711224        2.26514869687234
C           -0.79648659093346       -1.40611295124740       -4.73382013836072
C            0.12954722796653       -1.18255171328797       -5.78861983019350
C           -1.99634913961152       -2.12093058957609       -5.00161533156892
C           -0.10650369146813       -1.72027658939566       -7.06943564982897
N            1.26827632122131       -0.38748736999223       -5.50222841883667
C           -2.22072009665869       -2.66278685281386       -6.28503756305467
N           -2.95079351596809       -2.21993558372763       -3.96240484818826
H            0.62310478888077       -1.54197603034065       -7.86453771119852
C           -1.27175934892574       -2.46185628896566       -7.29187792826599
C            2.17748280379051        0.16873021786603       -6.37563230758911
H            1.30869602143250       -0.05804384375338       -4.53627674955240
H           -3.13738989649189       -3.23093588027670       -6.46459235434253
C           -4.17068936024431       -2.86612331216033       -3.97248747424950
H           -2.72063872678848       -1.70417580649037       -3.10876490461501
H           -1.45129777017120       -2.88746275386674       -8.28772696564230
O            2.25330466868633       -0.08693959527928       -7.57154474371183
C            3.08128685555923        1.19795406541893       -5.73078236800560
O           -4.56497935464960       -3.59107919991574       -4.88040885096061
C           -5.01740504467974       -2.58797311077825       -2.75426533420582
C            3.35409285769219        2.45171888564996       -6.52496318909292
H            3.04990711354756        1.30637985699574       -4.64098281897887
C            4.44861776125286        1.42114322000712       -6.37662790274439
C           -5.88519440966754       -3.69578479574718       -2.21487105560733
H           -4.64754379895554       -1.86024399413753       -2.02242835506587
C           -6.53187219785520       -2.58976748553698       -3.01305861066216
H            2.88819248658710        2.52319143518612       -7.51139425540445
H            3.46358021372449        3.38414008155433       -5.96618465597045
H            4.67649795022545        0.80439836236889       -7.24996207390138
C            5.59575749308188        1.74718217044183       -5.47144486094413
H           -5.81877392282775       -4.66344917649738       -2.71910607713467
H           -6.03540384925456       -3.70954669755691       -1.13207765318943
H           -6.82581351947509       -2.82891188548035       -4.03971225294819
C           -7.37187851923314       -1.56428517870297       -2.32659107265785
O            6.75644097063065        1.30780572032800       -5.98559324563953
O            5.49372400070454        2.34929806883167       -4.41929542893906
O           -8.39753447371092       -1.17657455111250       -3.11492088163681
O           -7.18219503072347       -1.13211285620324       -1.20740394585456
C            7.98755808230703        1.56342341437027       -5.24672837081627
C           -9.32362793118143       -0.18138921887765       -2.59401573677437
C            8.90868775753836        0.36891940778433       -5.49978602531245
C            8.57332941717467        2.90307539540516       -5.70180348392411
H            7.71348812304147        1.62563716071937       -4.17626889339662
C           -8.78735743940675        1.22412668845358       -2.89447828209810
C          -10.68176321700097       -0.47066457294374       -3.23224084236695
H           -9.36743256885423       -0.32505008311230       -1.49906104281705
H            8.42587011121252       -0.56129722728422       -5.17273695574091
H            9.15126921046677        0.28311050077454       -6.57002924735375
H            9.85070356560499        0.49341327162731       -4.94851340656232
H            7.86970945938700        3.71953636667422       -5.49546229717069
H            9.51004574033368        3.11213254502960       -5.16705241389892
H            8.79498135604673        2.88490877957596       -6.78008698627742
H           -7.81247347243388        1.37497475507425       -2.40307695332436
H           -8.66843645222156        1.36769884923176       -3.97732576079648
H           -9.48746662350051        1.98380167051672       -2.52004462430957
H          -11.01224855599434       -1.49266562260271       -2.99899793644926
H          -11.44015678332021        0.22908123810836       -2.85623916190058
H          -10.63216353341060       -0.36689655593251       -4.32413676425331
H            4.42872079351263       -5.93931563481233        2.20618030357813
H            0.58903291358531       -7.81088054506262        1.46305134003897
H            0.93008615952326        7.30800865871370       -2.38477288465394
H           -3.34585451683089        7.27934454680678       -1.66434441987583
O            3.55878059459583       -3.44920162952272        1.57044812508091
O           -0.62826373871044       -5.48655231436507        0.76252901151182
O            1.26183562842840        4.70464206131013       -1.64801858362176
O           -3.39253751011828        4.68717097912455       -0.85525724547578
C            4.90648717040845       -3.46988238792645        1.92978740031961
C            5.88623649637140       -3.73322545215011        0.96188125334748
C            5.26808139483796       -3.14698405873274        3.24439641147666
C            7.23901977475223       -3.68028109023523        1.32178536581865
H            5.57885936786018       -3.97178100810044       -0.06150433072964
C            6.62449474388445       -3.09553922349548        3.59205514580422
H            4.47959301026628       -2.93564109362261        3.97386036592665
C            7.61172531775190       -3.36346075874321        2.63468997292270
H            8.00849247053648       -3.88501855658892        0.56887678261301
H            6.91294389423201       -2.84331822108157        4.61867798300586
H            8.67376089528392       -3.32347056444194        2.91136971545656
C           -1.58186575090707       -6.48107884635376        0.95455716293418
C           -1.91840417894143       -6.93504439448645        2.23801564248606
C           -2.26135513771775       -6.96237089189051       -0.17300471271548
C           -2.92821435035671       -7.89393999601922        2.38440097533848
H           -1.39077833864676       -6.53121070708614        3.10870254499734
C           -3.27530426384157       -7.91480392472060       -0.01195704035642
H           -1.98770424866154       -6.57386323550281       -1.15926338727070
C           -3.60738234660030       -8.38857450515178        1.26354850775494
H           -3.19123076404861       -8.25410627707321        3.38515207905026
H           -3.80862161656539       -8.29120585530433       -0.89159759084778
H           -4.39733080810984       -9.14141462257592        1.38530557274146
C            2.52777415095172        5.26770256202311       -1.57603564036756
C            2.84865553633378        6.33015026170156       -0.71575722259808
C            3.52985204909141        4.65263163711995       -2.34393391045112
C            4.17187222847102        6.78543824140911       -0.64905336633312
H            2.06801655993041        6.79203176978405       -0.10134941295225
C            4.84904431277770        5.10927744211075       -2.26057653238929
H            3.26761465492321        3.81183540635564       -2.99460890557678
C            5.17500000942950        6.18233638194978       -1.41903232517026
H            4.42121941549269        7.61891780095837        0.01974152320544
H            5.61476704083509        4.60809856743826       -2.86329610765818
H            6.20853821040650        6.54738638066780       -1.35794121232040
C           -4.69141575163031        5.06961139933330       -1.17007026997622
C           -5.10089618922294        5.27934252567233       -2.49489798830510
C           -5.61498970691100        5.15356508488569       -0.11813107421421
C           -6.43966820662901        5.59400014901843       -2.75851532027991
H           -4.37237218264564        5.18828191915977       -3.30741888846497
C           -6.95232563735350        5.46147312077368       -0.39664608048521
H           -5.26848384269370        4.96685696463109        0.90323084801253
C           -7.36850178063118        5.68881035579657       -1.71438614906626
H           -6.76251793021149        5.75825310258576       -3.79235108808034
H           -7.67528998091616        5.52585134108315        0.42367743937476
H           -8.41703111971499        5.93447197158972       -1.92872724365989
N            1.29105166194753        0.60169140413570        0.02746158062448
C            2.35090052547682        1.18867343298446        0.49173977475183
C            2.28661823624669        2.54032294528290        0.94357085961456
C            3.36069832023565        3.12740323527294        1.55964884907235
C            4.54240130318682        2.42276809259493        1.75820845814777
C            4.65427938349896        1.13632390719202        1.25030562479622
C            3.61161215337133        0.51906287970459        0.59145769973649
C            3.80679655973373       -0.77710408976845       -0.12403097094250
C            4.23967359705958       -0.50408698658187       -1.58745789474144
C            5.50822318153707        0.27151571336264       -1.62721211793199
C            5.72371461758659        1.60665776012958       -1.50765757330655
C            7.13950705439135        1.78956687969711       -1.49074370056944
C            7.99352434105817        2.88199596939845       -1.35916363989509
C            9.35295122433436        2.65472116555709       -1.36068257875447
C            9.87446490305645        1.36417362132459       -1.49362233213174
C            9.04938474008399        0.26367322460077       -1.62845013352617
C            7.68233934792476        0.49313468430776       -1.61494430131633
O            6.68543789382913       -0.42412044727750       -1.69657735464502
H            1.36906868134731        3.08004194690852        0.78575938723258
H            3.28714657983223        4.14815082542760        1.90302521297215
H            5.36081929359173        2.88805882378014        2.28139454144399
H            5.58499350788031        0.59981740345334        1.36206958971226
H            2.87522745355034       -1.34538937661501       -0.13465324708800
H            4.58353207459772       -1.36233437988431        0.36986413361489
H            4.37896387557460       -1.45597338041912       -2.10131989227162
H            3.45195543233577        0.06432287641155       -2.08591774877651
H            4.97760053487141        2.37179771890320       -1.44593063068293
H            7.58678007729146        3.87428167894387       -1.25768411995349
H           10.03169826651197        3.48476467750449       -1.25154343808339
H           10.94439229122152        1.22215027674080       -1.48535274973083
H            9.44654732063430       -0.73330055109461       -1.72344922605327
245
 energy: -403.425999029056 gnorm: 0.007735185772 xtb: 6.7.1 (edcfbbe)
N            0.14615937854775       -1.69135728953719       -1.05808831877953
N           -0.01674507064183       -1.01762586296449        1.70549031928342
C           -0.52126858252425       -0.93293730700891       -3.32698509515600
C           -0.04500662157859       -1.88819840119316       -2.40197198225909
C            0.37273327169023       -3.22946885453634       -2.76506279318404
H            0.31802707516589       -3.64458852443896       -3.77250507513334
C            0.84226523840528       -3.81825901430248       -1.62481389880693
H            1.25317973830219       -4.82092096506094       -1.49983505566539
C            0.66539167792094       -2.85945231575735       -0.55143329164389
C            0.89710908735325       -3.14618952055014        0.80880229111364
C            0.50780882853428       -2.27785967975765        1.84812012669805
C            0.48478988041388       -2.65622335942201        3.24853241710733
H            0.84594227573346       -3.60984943072320        3.63649311270220
C           -0.10303794408077       -1.62893476963104        3.92960943512822
H           -0.31759266080645       -1.55171884763055        4.99636893104559
C           -0.40136707545420       -0.59706786127172        2.95387442967425
C            1.47389371606237       -4.48731126527476        1.17784604786962
C            2.83017447942435       -4.61514058411734        1.56096310351481
C            3.37742642830266       -5.86274967112676        1.91131684504601
C            2.56422602358809       -6.99910181278037        1.87085897048533
H            2.98998813796453       -7.97661783440188        2.13304945985965
C            1.22004349288823       -6.91292969416331        1.49925480820169
C            0.67728450952880       -5.65769130390783        1.16482050947121
N           -0.83192653166606        1.64817829699786        1.00110075532371
N           -0.62104415529797        0.98474233766557       -1.74839608713017
C           -0.97110601285776        0.65218552957034        3.27538219308776
C           -1.10615845056547        1.70492613435644        2.34320993664085
C           -1.49127519101428        3.05497406092482        2.70325728420038
H           -1.78175821734967        3.36798358687824        3.70701317173809
C           -1.39751769906749        3.81067794982285        1.56763217842981
H           -1.60259841689153        4.87429306448550        1.44250573456067
C           -1.02048435747756        2.91332495101637        0.49534164660218
C           -0.95010884523759        3.28173849731292       -0.86190149524721
C           -0.84332690851311        2.33110755568315       -1.89536259990467
C           -1.09729534355777        2.63318679327355       -3.28999518641572
H           -1.30272368690272        3.63083690989765       -3.67963461487307
C           -1.07784076424046        1.44522575929313       -3.96357030996271
H           -1.26034142440398        1.26004295586900       -5.02291138307831
C           -0.74612256913426        0.41906182581648       -2.99311168624745
C           -1.06116870614164        4.73188915626922       -1.24678645375727
C            0.10004240151590        5.44328516389639       -1.63684210993666
C            0.02700985659137        6.78416639005228       -2.05572873942616
C           -1.21303857354467        7.43016780395750       -2.05802008388262
H           -1.27386298260852        8.47939463246713       -2.37567949899456
C           -2.37767422496539        6.76329241595097       -1.66623911168979
C           -2.30111973201658        5.41247282137534       -1.27782637258662
Fe          -0.23472297235073        0.01351312093699       -0.02606117215569
Cl          -2.45082956646660       -0.65376167860506        0.02174771099631
C           -1.51445251301486        0.85619892924759        4.66854051177579
C           -0.72349146791964        1.41121637258205        5.70980115187930
C           -2.85914571572280        0.47748317434996        4.93948605473725
C           -1.26481538912271        1.59016261626102        6.99872225906559
N            0.60953780548866        1.78461873147828        5.39788825774443
C           -3.39694285599748        0.68128615292761        6.22855946764245
N           -3.60936819011725       -0.12471963511491        3.90158907982773
H           -0.63451167640356        2.00537511922113        7.78976769798109
C           -2.59476304982071        1.22830835966538        7.23350562429106
C            1.60610476413529        2.21279608779384        6.24583858726056
H            0.85161737177202        1.68778787867060        4.41017967957492
H           -4.43814879076304        0.40541285951769        6.41367586911271
C           -4.93265769072269       -0.51959322344290        3.92383877172356
H           -3.10428019244949       -0.29148368246296        3.02607320673696
H           -3.01900994708233        1.37586650921569        8.23505337784173
O            1.49791704676006        2.31994579002102        7.46252985186727
C            2.90558799562687        2.55652969981217        5.54819895170602
O           -5.70664532990712       -0.29688142759563        4.84979965633491
C           -5.37210674035916       -1.27981911007305        2.69544579845913
C            4.19217703513971        2.19250184486417        6.24444453493679
H            2.92505870421686        2.55761062968600        4.45282366966674
C            3.75003667132949        3.63587866441299        6.23612274822683
C           -6.74815078511192       -1.00286408410878        2.14289315665557
H           -4.60687808026463       -1.58040173812619        1.97053580845857
C           -6.52255714433759       -2.26569523466096        2.93990274703028
H            4.11157365377127        1.66933225960183        7.20041088253653
H            5.03978592007894        1.92616351448798        5.60993026633376
H            3.33853130059503        4.03023412519731        7.16855929648345
C            4.48513860268402        4.61333083624246        5.37535674570474
H           -7.33548191857659       -0.22669030182798        2.64163822400181
H           -6.86786422535781       -1.09346933043149        1.05974370927783
H           -6.91036418647252       -2.27625851198311        3.96329600642356
C           -6.50191552000598       -3.58607049353451        2.24575037906480
O            4.58022826086691        5.81061873022868        5.97819059288431
O            4.95395517920948        4.36038561961040        4.28229638565751
O           -7.07361841285689       -4.53983162050517        3.01373730618559
O           -6.04847028139577       -3.79531907178472        1.13857942912868
C            5.28403923532547        6.88758347546660        5.29079839459359
C           -7.15861484268516       -5.89097810846572        2.47989592107829
C            4.26494045085269        7.74918366394208        4.53239439126064
C            6.06519011601193        7.65708048825563        6.35476370586385
H            5.96976123105953        6.41068372286095        4.56788215361914
C           -7.10123185826782       -6.84005726233478        3.67797552761320
C           -8.43851633237803       -6.02717363115025        1.64752861683736
H           -6.27864645275363       -6.03666999510104        1.82490179229705
H            3.73867849973370        7.14522583645560        3.77507930292907
H            3.52701547010687        8.17117971912820        5.22753465119551
H            4.77869753855951        8.57736717389114        4.02511995479175
H            6.76788525354752        6.99547445264521        6.87740520079358
H            6.64169725536653        8.47104639144157        5.89517696684860
H            5.38893949614989        8.09227650970083        7.10156460843567
H           -6.17167988743605       -6.69048649657874        4.24236788062893
H           -7.95320799152550       -6.66876158701647        4.35305090948669
H           -7.14320258425552       -7.88453469209610        3.33980370667789
H           -8.42107636812114       -5.32354948754395        0.80410760464168
H           -8.52817685883486       -7.04731111777340        1.24894648515667
H           -9.32721486634275       -5.82463533043861        2.26453035698882
C           -0.79423717001290       -1.40516985244850       -4.73326058901199
C            0.13193469093100       -1.18156046364431       -5.78792980206942
C           -1.99400917211766       -2.12007003183545       -5.00122329129814
C           -0.10389618694592       -1.71931699427489       -7.06877269705560
N            1.27057133340614       -0.38641367253529       -5.50137965034360
C           -2.21816391009734       -2.66195751254130       -6.28466740091581
N           -2.94860800165985       -2.21912648939854       -3.96214127451460
H            0.62581391560465       -1.54097835926756       -7.86377278638624
C           -1.26907097281994       -2.46097664507341       -7.29137453705648
C            2.17986632414888        0.16985275457342       -6.37466527259991
H            1.31085116870080       -0.05696190534849       -4.53541716480240
H           -3.13476938389579       -3.23016910161647       -6.46434857894913
C           -4.16844413392075       -2.86539386403664       -3.97240318870842
H           -2.71860165464318       -1.70333970296595       -3.10848043213279
H           -1.44843788360320       -2.88660750633014       -8.28724421910815
O            2.25587241682652       -0.08583254610828       -7.57056305018775
C            3.08350228016671        1.19914668266107       -5.72969544468822
O           -4.56256576832707       -3.59038744326315       -4.88036538212477
C           -5.01536653689887       -2.58728395915457       -2.75429695824407
C            3.35634480480417        2.45291578737035       -6.52385748506717
H            3.05197659265238        1.30757176996639       -4.63989669544078
C            4.45089520172756        1.42240896713956       -6.37537022048935
C           -5.88315536154271       -3.69514704883993       -2.21501780907836
H           -4.64565406184583       -1.85952254909966       -2.02241933942225
C           -6.52978915815823       -2.58918381127472       -3.01331270333577
H            2.89057733955589        2.52434699858214       -7.51035583205381
H            3.46568999579830        3.38534960200417       -5.96507182407560
H            4.67896521151128        0.80566617684123       -7.24864399807050
C            5.59789485180078        1.74852068531307       -5.47003762896331
H           -5.81659859186423       -4.66281344438324       -2.71923101497838
H           -6.03352027211055       -3.70890628735541       -1.13224610814657
H           -6.82356996224831       -2.82835830359039       -4.04000503791856
C           -7.36996830256854       -1.56374423995485       -2.32697981958301
O            6.75869363274776        1.30920793451006       -5.98399405319642
O            5.49564174165420        2.35068177666963       -4.41797640985957
O           -8.39553298070856       -1.17611423095376       -3.11545781133657
O           -7.18047068580473       -1.13154941714358       -1.20776854507725
C            7.98968910247285        1.56493314593980       -5.24491822773259
C           -9.32176681629983       -0.18098615110257       -2.59470258895122
C            8.91093497090189        0.37049942374309       -5.49785022527611
C            8.57540632303239        2.90463270228758       -5.69999203495383
H            7.71552556278882        1.62708231444821       -4.17451112466173
C           -8.78554653858778        1.22456516690789       -2.89510361245101
C          -10.67979118234846       -0.47035667163297       -3.23311985147578
H           -9.36572057317332       -0.32463359626096       -1.49975104906422
H            8.42811409517588       -0.55975826508307       -5.17088077777531
H            9.15367166330980        0.28469166974359       -6.56806040505874
H            9.85285517920908        0.49506717561823       -4.94644567788132
H            7.87171469200900        3.72106021639305       -5.49374733515714
H            9.51200385138962        3.11383197930561       -5.16519506984180
H            8.79722427802109        2.88646333696343       -6.77822828733956
H           -7.81074365161865        1.37548269191308       -2.40356318611114
H           -8.66647952339431        1.36813133029542       -3.97793535073073
H           -9.48576020683933        1.98419690157838       -2.52077994995798
H          -11.01024258717970       -1.49237672857270       -2.99991246932830
H          -11.43828550309588        0.22934330201797       -2.85723618319054
H          -10.63004124427075       -0.36659850704075       -4.32500973009180
H            4.43027374281620       -5.93793761283883        2.20754720100900
H            0.59081728007126       -7.80976810951796        1.46389020090834
H            0.93141976810387        7.30909640719704       -2.38406904550515
H           -3.34462208475048        7.28015714213104       -1.66425506975513
O            3.56026577852281       -3.44788366995753        1.57166025054726
O           -0.62653168212359       -5.48553009519760        0.76316383636999
O            1.26323306881962        4.70575642498785       -1.64722871000563
O           -3.39125007703365        4.68798960778442       -0.85514382754506
C            4.90791335104178       -3.46846462187939        1.93119475422866
C            5.88782154976216       -3.73175736055846        0.96342632016273
C            5.26930487317927       -3.14554216378750        3.24582824994354
C            7.24055109678260       -3.67873269940215        1.32353903762967
H            5.58060780743376       -3.97036548729281       -0.06001072489019
C            6.62565873142595       -3.09399071106529        3.59370343709398
H            4.48069354248613       -2.93423463810398        3.97519636808522
C            7.61304474850713       -3.36186209809319        2.63648888097287
H            8.01014466224821       -3.88342346879185        0.57073778939463
H            6.91394475715168       -2.84174622452704        4.62036165832607
H            8.67503953482284       -3.32180210061503        2.91331080873718
C           -1.58009808770044       -6.48011783253239        0.95506749846545
C           -1.91679005245827       -6.93408921924530        2.23848027544096
C           -2.25939290334475       -6.96146870059813       -0.17258813891893
C           -2.92655921363753       -7.89305077782976        2.38473213645882
H           -1.38931732313275       -6.53021047962744        3.10923888196701
C           -3.27330110996986       -7.91396669033170       -0.01167545438428
H           -1.98562598539102       -6.57295513205646       -1.15881138945108
C           -3.60553216249733       -8.38774364641551        1.26378997366254
H           -3.18969517814713       -8.25322190813171        3.38545009194754
H           -3.80646770076273       -8.29041515196126       -0.89138711763478
H           -4.39544867822309       -9.14063474405790        1.38544045739090
C            2.52912966894197        5.26890802230174       -1.57507801915886
C            2.84981320899889        6.33138474784914       -0.71476892365288
C            3.53136088381279        4.65388533230151       -2.34282576401407
C            4.17299506206695        6.78676311889640       -0.64788241072885
H            2.06906146201043        6.79322448829998       -0.10048724590445
C            4.85049692872264        5.11059416411507       -2.25920478503663
H            3.26926579687313        3.81306680857743       -2.99353724396352
C            5.17627885844504        6.18372322832514       -1.41769586886628
H            4.42218750785158        7.62026336777496        0.02094682410239
H            5.61624196659221        4.60968573917591       -2.86211092486761
H            6.20978010098718        6.54880969570835       -1.35646530386486
C           -4.69010811640025        5.07034069676666       -1.17015177431170
C           -5.09941142780095        5.28002899940587       -2.49503832756049
C           -5.61383961069944        5.15424576786285       -0.11834411982006
C           -6.43816780000545        5.59459505578201       -2.75885224060194
H           -4.37076524320750        5.18900698954530       -3.30745412299500
C           -6.95115463598062        5.46206213983623       -0.39705510608436
H           -5.26746706990149        4.96757303434754        0.90306935124936
C           -7.36715662835564        5.68935597171060       -1.71486009248221
H           -6.76087891446170        5.75881433850316       -3.79273703405907
H           -7.67424185963664        5.52640225511251        0.42316226932947
H           -8.41567169765152        5.93494577092428       -1.92935346836102
N            1.29199320968963        0.60234060846048        0.02874637934679
C            2.35260045873485        1.18520623429756        0.49586144853530
C            2.29159218338418        2.53564158653957        0.95125253053287
C            3.36759982745070        3.11783733862603        1.56865592751395
C            4.54675627253789        2.40925638492993        1.76526653083570
C            4.65541995060316        1.12394553204913        1.25404421227501
C            3.61108598875705        0.51152254577078        0.59387993466281
C            3.80072429834228       -0.78101500690314       -0.12899204233408
C            4.21407485017170       -0.49704933063443       -1.59501839053690
C            5.48244390331048        0.27761189596727       -1.64048800587826
C            5.70583509995468        1.61043927997215       -1.51252427061889
C            7.12243757636189        1.78491667647148       -1.49943359114875
C            7.98214908984009        2.86974516729110       -1.36777525767378
C            9.34026996903630        2.63361421231001       -1.37008576544174
C            9.85406745308138        1.34385451430655       -1.50511258267055
C            9.02371869206812        0.25068046961360       -1.64332582981512
C            7.65833872673129        0.48755138682916       -1.62604819863649
O            6.65618663286109       -0.42426312415126       -1.71501972393619
H            1.37568424954658        3.07799908632979        0.79464023437501
H            3.29767017439458        4.13780792293496        1.91439158120167
H            5.36667048277015        2.87115634088294        2.28919818676367
H            5.58486202056235        0.58532447713460        1.36333554546254
H            2.87169109221696       -1.35247502725013       -0.13094309411823
H            4.58487960975580       -1.36658977898851        0.35160992526104
H            4.34712369280780       -1.44441004086928       -2.11721794566548
H            3.42030891037537        0.07452865048749       -2.07827543215257
H            4.96562587017404        2.37997884521710       -1.44786939678073
H            7.58244377996689        3.86734575630039       -1.25539294567753
H           10.02634455685254        3.45921157356558       -1.25318481951769
H           10.92336341121523        1.19737574140541       -1.50198145540795
H            9.41382930695101       -0.75403671061318       -1.75658567323816
245
 energy: -403.426125709886 gnorm: 0.006468799051 xtb: 6.7.1 (edcfbbe)
N            0.14780237706163       -1.69053920857768       -1.05702314150102
N           -0.01572126421151       -1.01676617465538        1.70654587693645
C           -0.51915698517764       -0.93216069540542       -3.32606091892825
C           -0.04305501004251       -1.88740277466861       -2.40092704452906
C            0.37480412579444       -3.22866185680595       -2.76391055746366
H            0.32033902440984       -3.64379422876813       -3.77135824341847
C            0.84412505521004       -3.81741969925740       -1.62354365132095
H            1.25505056722130       -4.82005600161775       -1.49846831536766
C            0.66696351018855       -2.85859805601983       -0.55022895396187
C            0.89840517083838       -3.14530858666651        0.81007881080159
C            0.50885565085661       -2.27697321336724        1.84928727436411
C            0.48554986986324       -2.65532061376505        3.24970634577317
H            0.84665676922543       -3.60892891073138        3.63775273426253
C           -0.10246089150070       -1.62805121611246        3.93063894240559
H           -0.31725101046852       -1.55082349180800        4.99734953142156
C           -0.40062030716740       -0.59620770462387        2.95481728613537
C            1.47517166185238       -4.48640100875193        1.17925440096026
C            2.83137789433381       -4.61416828484217        1.56266604004710
C            3.37859923700244       -5.86175545508169        1.91315341707468
C            2.56545171208701       -6.99813811170532        1.87253752349255
H            2.99119460756381       -7.97563420996792        2.13483342915092
C            1.22134520338097       -6.91202353569268        1.50064220449768
C            0.67860875639991       -5.65681142849693        1.16607286371432
N           -0.83086659742191        1.64898307445265        1.00191105371048
N           -0.61932386350107        0.98553415706860       -1.74749951182812
C           -0.97047664888950        0.65302982810162        3.27619272834372
C           -1.10537878831161        1.70575147390574        2.34397837661761
C           -1.49061353175592        3.05578628564267        2.70392056845667
H           -1.78132538015775        3.36880437490706        3.70760893674433
C           -1.39663442079995        3.81148319505842        1.56829709110190
H           -1.60173438896490        4.87508846670371        1.44311783026734
C           -1.01933201660546        2.91414055926978        0.49609273872596
C           -0.94866514785724        3.28252707096817       -0.86111662754169
C           -0.84164825651386        2.33188354942698       -1.89454363577455
C           -1.09532902633803        2.63393336813152       -3.28924545200049
H           -1.30071122969288        3.63157168097604       -3.67893984361896
C           -1.07568417279124        1.44596746867036       -3.96279635579705
H           -1.25794749552731        1.26075970162872       -5.02217431011922
C           -0.74412378407491        0.41982127238361       -2.99225025785174
C           -1.05972176561732        4.73266580104263       -1.24605511892147
C            0.10154928506100        5.44410108703558       -1.63586920115958
C            0.02855198333290        6.78497417581118       -2.05479220424686
C           -1.21152114604801        7.43092951140528       -2.05735937820598
H           -1.27231645267490        8.48014967311839       -2.37504664264900
C           -2.37621513092836        6.76401526965453       -1.66582066541107
C           -2.29968935948545        5.41320304521440       -1.27737312580853
Fe          -0.23343193211524        0.01434884447061       -0.02505226805910
Cl          -2.44945123404952       -0.65301981614436        0.02225401394819
C           -1.51413289464933        0.85704339191509        4.66922820700562
C           -0.72341899625098        1.41210612037425        5.71065312509820
C           -2.85886698449020        0.47828241211489        4.93989226603332
C           -1.26502483177313        1.59105072359641        6.99945313851712
N            0.60967047461058        1.78555788778595        5.39901858228608
C           -3.39695303313768        0.68208145343589        6.22884384447074
N           -3.60885186262488       -0.12396709145377        3.90183463611065
H           -0.63490877972214        2.00629845934910        7.79062929987061
C           -2.59501095819811        1.22914882854840        7.23395563251433
C            1.60602885635975        2.21378045241376        6.24718267772426
H            0.85196390270936        1.68871715446042        4.41136466801755
H           -4.43818836240366        0.40617131718537        6.41373998158931
C           -4.93211978803007       -0.51888584070750        3.92381445200844
H           -3.10356124840018       -0.29072303116087        3.02643567847967
H           -3.01947905515183        1.37670525408464        8.23540974121607
O            1.49757815362023        2.32094610043096        7.46384761610415
C            2.90565490385543        2.55755775085483        5.54981503622937
O           -5.70632258572429       -0.29619441023438        4.84959957065191
C           -5.37128262519024       -1.27915170327728        2.69532888604202
C            4.19210518676795        2.19358798372664        6.24634402892615
H            2.92536506720696        2.55860954720335        4.45444526075777
C            3.74991090013226        3.63694365316608        6.23790801889151
C           -6.74721543720453       -1.00225459061587        2.14247869180739
H           -4.60588350963882       -1.57971308180863        1.97059155035250
C           -6.52174488487129       -2.26506400057720        2.93955518259760
H            4.11131855759768        1.67042766831265        7.20229955163952
H            5.03986046836307        1.92727262245908        5.61201528206449
H            3.33819173731059        4.03130120680137        7.17024834647881
C            4.48517094742726        4.61441350833378        5.37728238103225
H           -7.33468451975854       -0.22609599464032        2.64108543025498
H           -6.86669234994131       -1.09287978607364        1.05930444443619
H           -6.90977297372653       -2.27562975641819        3.96286443764448
C           -6.50090411022048       -3.58545325079044        2.24542602077809
O            4.58008006741891        5.81171343010252        5.98012149395732
O            4.95422445878808        4.36146925493311        4.28431972810090
O           -7.07273578492478       -4.53922155627098        3.01330100492599
O           -6.04721170827963       -3.79469650401009        1.13835485907849
C            5.28399663560671        6.88869240308066        5.29287057023011
C           -7.15756511655365       -5.89037926362447        2.47946201404087
C            4.26502510166242        7.75024779032931        4.53423112798968
C            6.06488668060222        7.65823741668671        6.35699116741795
H            5.96989104872383        6.41181320755736        4.57010426413362
C           -7.10040409055834       -6.83943960953738        3.67756723982435
C           -8.43728220230324       -6.02663584445820        1.64681943148342
H           -6.27744972785457       -6.03604730752467        1.82465924979498
H            3.73895115669384        7.14625897024475        3.77680800172264
H            3.52693637913823        8.17222400789723        5.22920695867537
H            4.77886242459782        8.57844160608795        4.02705652118608
H            6.76749518706409        6.99666546996257        6.87979289278977
H            6.64146167956724        8.47221897664223        5.89751719401520
H            5.38845806596914        8.09341840106018        7.10363998149701
H           -6.17097952646376       -6.68982544595671        4.24215787617905
H           -7.95253265441830       -6.66816707220392        4.35245600320033
H           -7.14226191359183       -7.88392335188634        3.33940092495254
H           -8.41968726025011       -5.32302267754829        0.80339287378956
H           -8.52681748998608       -7.04678229244163        1.24823265050925
H           -9.32612155809364       -5.82412267122471        2.26362695234192
C           -0.79180413259716       -1.40443013651917       -4.73238511954295
C            0.13458823620174       -1.18080077247317       -5.78685835353949
C           -1.99148598686907       -2.11937998209822       -5.00059981026237
C           -0.10094586246758       -1.71858470631817       -7.06774393403891
N            1.27313240923033       -0.38560384471146       -5.50007086671086
C           -2.21534790672498       -2.66129467199862       -6.28408108270646
N           -2.94631650589040       -2.21845927602161       -3.96171459157779
H            0.62892787809946       -1.54022905819034       -7.86258999239107
C           -1.26604467575427       -2.46029175334455       -7.29058739665416
C            2.18259491113635        0.17068577976841       -6.37317251279605
H            1.31320401267529       -0.05613900878289       -4.53409924535418
H           -3.13189206276601       -3.22954367606082       -6.46395306517549
C           -4.16611037428000       -2.86477240669507       -3.97224152355566
H           -2.71650573971424       -1.70265030004106       -3.10801709679158
H           -1.44518051763611       -2.88594389708590       -8.28648962772101
O            2.25886518283235       -0.08501955569849       -7.56904967049119
C            3.08604455824151        1.20002867021861       -5.72802160143701
O           -4.56001859028777       -3.58979449625862       -4.88027191681296
C           -5.01331872955486       -2.58667686358143       -2.75431265155837
C            3.35901869531213        2.45379001638815       -6.52214404470300
H            3.05429445894007        1.30845369201571       -4.63822564687171
C            4.45356302413537        1.42332845067926       -6.37340902887899
C           -5.88117668993905       -3.69456615521339       -2.21520842539433
H           -4.64378744827048       -1.85889178609803       -2.02236915732830
C           -6.52767854217203       -2.58864036143432       -3.01365927411255
H            2.89345723603544        2.52518969057162       -7.50874379738735
H            3.46820529958615        3.38623468583739       -5.96334696895242
H            4.68186044651350        0.80657985227046       -7.24661749560343
C            5.60036919881735        1.74949706898031       -5.46781670568040
H           -5.81447438925007       -4.66223746729602       -2.71939343365231
H           -6.03177525286771       -3.70831626181179       -1.13246888521730
H           -6.82123140092365       -2.82783894273991       -4.04041104478959
C           -7.36805058951405       -1.56321911658663       -2.32752304862509
O            6.76128772324754        1.31021250381366       -5.98154227768625
O            5.49786282793919        2.35169723662057       -4.41579866574772
O           -8.39345673072489       -1.17564238933147       -3.11622400141917
O           -7.17880727521889       -1.13100443612099       -1.20827494946529
C            7.99211749092028        1.56601144428019       -5.24219283950231
C           -9.31984054053597       -0.18054436771544       -2.59568641012186
C            8.91346273399564        0.37160713596641       -5.49491637854548
C            8.57788508374646        2.90572832402288       -5.69715698831717
H            7.71768164941971        1.62818062898900       -4.17191971544564
C           -8.78360955587983        1.22502629782248       -2.89599082756000
C          -10.67771643822942       -0.46997371267130       -3.23439222348983
H           -9.36402593215289       -0.32417527126025       -1.50074105623750
H            8.43059563349021       -0.55867252008820       -5.16805170090309
H            9.15643230810968        0.28578683418032       -6.56507248959124
H            9.85525278530859        0.49620366590933       -4.94331764398769
H            7.87411363563599        3.72213285012711       -5.49107769936857
H            9.51434446482347        3.11497996771279       -5.16217730276130
H            8.79993322644291        2.88754602011865       -6.77534635734730
H           -7.80891883363919        1.37598717196863       -2.40424176041588
H           -8.66431465603181        1.36858076072995       -3.97879875625535
H           -9.48393334678183        1.98463532548563       -2.52182864549814
H          -11.00817915429327       -1.49200310548312       -3.00124162586576
H          -11.43631871345034        0.22970256790477       -2.85868185003627
H          -10.62773488924963       -0.36622902332051       -4.32627285297820
H            4.43138545236965       -5.93689711157543        2.20961285694264
H            0.59216130523721       -7.80888658098198        1.46515503987782
H            0.93301238746273        7.30993643883434       -2.38294442342222
H           -3.34318310752910        7.28084286226590       -1.66405164914220
O            3.56142908065680       -3.44687362084931        1.57349685280529
O           -0.62512459695858       -5.48470579933877        0.76413354872242
O            1.26476466127858        4.70661372532547       -1.64598798121662
O           -3.38988724512672        4.68868445879398       -0.85491284696951
C            4.90898808814156       -3.46739419096387        1.93332856580292
C            5.88911532386009       -3.73066870031536        0.96577068424902
C            5.27009058704192       -3.14445593160221        3.24801432961509
C            7.24176831773123       -3.67759653582267        1.32618825843103
H            5.58213150029740       -3.96932782138205       -0.05773961231048
C            6.62636215538687       -3.09284000235361        3.59620190746593
H            4.48131122670144       -2.93316946364152        3.97722821255637
C            7.61396422987926       -3.36068964502348        2.63920956621829
H            8.01153469196070       -3.88226514053510        0.57355315986246
H            6.91441802043330       -2.84057819519404        4.62291657685456
H            8.67589957287686       -3.32059130398625        2.91625045989430
C           -1.57869675595033       -6.47932766198500        0.95584682721759
C           -1.91564651974218       -6.93329306914029        2.23919109954448
C           -2.25772940325890       -6.96072047583032       -0.17195065080024
C           -2.92541206224258       -7.89229188622670        2.38523908430547
H           -1.38837786346079       -6.52938228572456        3.11005861066260
C           -3.27163476276746       -7.91325464704101       -0.01124342139910
H           -1.98376461874494       -6.57221031120873       -1.15811969626780
C           -3.60412336027098       -8.38702617642405        1.26415936933079
H           -3.18874919236497       -8.25245839821706        3.38590596161909
H           -3.80459798341494       -8.28973624094040       -0.89106377283181
H           -4.39403772906355       -9.13994580369734        1.38564823601878
C            2.53062221204183        5.26982428850500       -1.57357492362690
C            2.85108094922165        6.33232339948754       -0.71321732627272
C            3.53303627488995        4.65483434001324       -2.34111934304407
C            4.17423631483018        6.78775274527637       -0.64605635174678
H            2.07018475032298        6.79414038046331       -0.09911629675190
C            4.85211856495766        5.11162887973669       -2.25724122388718
H            3.27111318140475        3.81398981831613       -2.99187254760492
C            5.17770893259858        6.18475024082696       -1.41564576050289
H            4.42325162709523        7.62126773940378        0.02282237753525
H            5.61807367206649        4.61062567712903       -2.85988932032884
H            6.21118142628744        6.54986328834656       -1.35418838930745
C           -4.68869062202235        5.07098171182942       -1.17021052951337
C           -5.09771582691548        5.28063565729008       -2.49518587537976
C           -5.61265309869424        5.15486633738519       -0.11860069070236
C           -6.43642874773104        5.59514691524057       -2.75929319642933
H           -4.36889154436295        5.18963010414109       -3.30744399793439
C           -6.94991842367620        5.46262781191042       -0.39760411369138
H           -5.26649261440247        4.96822159781187        0.90288968329358
C           -7.36564513098769        5.68988694836458       -1.71550476558706
H           -6.75892226188181        5.75933908152363       -3.79325073793303
H           -7.67318565584117        5.52695182583059        0.42245518339452
H           -8.41412372981457        5.93543367560892       -1.93022589736612
N            1.29320160194648        0.60222611850763        0.03150605573118
C            2.35459561964787        1.17991759489735        0.50303035948794
C            2.29612938423812        2.52766763733046        0.96623425453029
C            3.37452569783535        3.10483611264360        1.58416876879437
C            4.55251448039112        2.39353622547693        1.77424141003877
C            4.65826613069420        1.11062275282114        1.25667248905195
C            3.61157778387005        0.50324206402617        0.59611120076350
C            3.79639871984430       -0.78426510015403       -0.13642808336261
C            4.18868691738135       -0.48649192994837       -1.60480989814524
C            5.45678987985864        0.28770379849759       -1.65709590991901
C            5.68858329502030        1.61753567707008       -1.52435545765440
C            7.10605063959915        1.78439513140102       -1.51291139236973
C            7.97244754106642        2.86445628199181       -1.38007744063144
C            9.32909659133134        2.61848935148793       -1.38582720889700
C            9.83485207809067        1.32638644040719       -1.52548924956779
C            8.99805908459219        0.23912865244489       -1.66580979650997
C            7.63463943764318        0.48411936853665       -1.64360118196622
O            6.62671733389913       -0.42066828036666       -1.73419311577505
H            1.38097438910044        3.07205375120781        0.81402650894968
H            3.30762605853105        4.12295995240258        1.93529265446728
H            5.37456737304560        2.85192388824756        2.29793429739945
H            5.58706780760597        0.57008388890478        1.36109473023365
H            2.87030042404629       -1.35978323496203       -0.12957429568133
H            4.58900432106342       -1.37020231820293        0.32916830076150
H            4.31578018967233       -1.42840707393625       -2.13728851051573
H            3.38812631115502        0.08875324015293       -2.07092004587877
H            4.95458249263833        2.39286135829771       -1.45432943405238
H            7.58077640520794        3.86241503412556       -1.27211787695601
H           10.02149563841885        3.43581715748458       -1.27521055743988
H           10.90361875321484        1.17526440380093       -1.52845430265019
H            9.37991188201152       -0.76617016170681       -1.77896959054569
245
 energy: -403.426304805295 gnorm: 0.004812789155 xtb: 6.7.1 (edcfbbe)
N            0.15093411941981       -1.68867236289805       -1.05531931922496
N           -0.01361866600866       -1.01483149538635        1.70820240581011
C           -0.51528510776445       -0.93043524219512       -3.32460909170554
C           -0.03940952472197       -1.88561198303130       -2.39927399169460
C            0.37869913112939       -3.22682952089662       -2.76206312139786
H            0.32465093287929       -3.64200589994451       -3.76951563944783
C            0.84775502921523       -3.81546801305907       -1.62151507030616
H            1.25868526420364       -4.81808822868243       -1.49626006786823
C            0.67004407306172       -2.85666570657728       -0.54830167351295
C            0.90103862109729       -3.14331308587899        0.81212470423671
C            0.51104253027711       -2.27497203092620        1.85115030928759
C            0.48728520550995       -2.65328154882720        3.25158314322816
H            0.84835525629240       -3.60684294327763        3.63977710765774
C           -0.10106925108328       -1.62606045623565        3.93226798095528
H           -0.31624630719809       -1.54881388310867        4.99889726909505
C           -0.39899644638235       -0.59427486415066        2.95630038185370
C            1.47782893091818       -4.48433254192480        1.18153166351944
C            2.83391723524083       -4.61193942441413        1.56542686552498
C            3.38113976992921       -5.85946294859869        1.91614395272573
C            2.56812502490561       -6.99592963438793        1.87527979393586
H            2.99387708180407       -7.97337351093333        2.13775707446453
C            1.22413995507455       -6.90996784392497        1.50290740846884
C            0.68138879132903       -5.65482546179159        1.16810512935591
N           -0.82882541850344        1.65080628976428        1.00315636215147
N           -0.61615595773658        0.98729348802591       -1.74611681411089
C           -0.96909232542707        0.65491009392999        3.27744243789391
C           -1.10378972894113        1.70759285020569        2.34514827923119
C           -1.48927632132360        3.05759139761374        2.70490648829948
H           -1.78037488445308        3.37062108521823        3.70847944365662
C           -1.39496099853751        3.81326731337792        1.56927725079339
H           -1.60014214688411        4.87684848617592        1.44400003868700
C           -1.01716631052729        2.91594277445425        0.49722979847364
C           -0.94605776360180        3.28427641544684       -0.85993923682244
C           -0.83861829229409        2.33361120705547       -1.89330571912250
C           -1.09184158031514        2.63558798903013       -3.28811531632285
H           -1.29718956339445        3.63319398112951       -3.67791052509982
C           -1.07183722367525        1.44760629940371       -3.96161526679553
H           -1.25370477316097        1.26234190151725       -5.02105138554865
C           -0.74049357589613        0.42151816718762       -2.99091600182357
C           -1.05716839579331        4.73438995539758       -1.24497662267131
C            0.10416863873505        5.44593422135895       -1.63439969057312
C            0.03117596725092        6.78678763490294       -2.05339896975455
C           -1.20896459145953        7.43261580356717       -2.05642348911784
H           -1.26975598707561        8.48181933614847       -2.37416709901560
C           -2.37372682124097        6.76559345205815       -1.66527373841212
C           -2.29719337885548        5.41480106118170       -1.27675535312263
Fe          -0.23095464058846        0.01620095351231       -0.02348825316404
Cl          -2.44678238165515       -0.65138671504781        0.02302153457847
C           -1.51326265712794        0.85891815449896        4.67027410493031
C           -0.72297331218644        1.41409883545282        5.71195991708358
C           -2.85805139693156        0.48002886203763        4.94047848639404
C           -1.26505203211784        1.59303072977530        7.00056223173140
N            0.61018859435037        1.78768273255980        5.40077916563474
C           -3.39661512244601        0.68381349013404        6.22923207261850
N           -3.60761383784745       -0.12233444188037        3.90217230094279
H           -0.63525872330694        2.00837001847340        7.79194744553036
C           -2.59508447336293        1.23099800282261        7.23460877766413
C            1.60620257009943        2.21603069347176        6.24928613872232
H            0.85284303266893        1.69082590921853        4.41321580200723
H           -4.43788740238133        0.40780161435912        6.41377055372379
C           -4.93084211049522       -0.51738800931926        3.92370480590377
H           -3.10199358159598       -0.28906738490036        3.02696078990248
H           -3.01992050489068        1.37854360083179        8.23590820997924
O            1.49730795456953        2.32322869925404        7.46590847127935
C            2.90603559924918        2.55992496163801        5.55236366273489
O           -5.70539858410656       -0.29474826353621        4.84920606439100
C           -5.36949740924314       -1.27774309456621        2.69508410318374
C            4.19227827900090        2.19611104900323        6.24935755806187
H            2.92613933008699        2.56092041075385        4.45700244559226
C            3.74993693820105        3.63941790580401        6.24071936916184
C           -6.74526264528204       -1.00100578691852        2.14174157801478
H           -4.60381009820678       -1.57824838776916        1.97062850474882
C           -6.51994156581933       -2.26376523356417        2.93893940339067
H            4.11121459680321        1.67297236355047        7.20529995394373
H            5.04028381669452        1.92986285864076        5.61533403457626
H            3.33785233965609        4.03376669074816        7.17289899173428
C            4.48541612849750        4.61692862312318        5.38031545869183
H           -7.33298878870371       -0.22489176967692        2.64011501504409
H           -6.86434864957081       -1.09167946854423        1.05852817094091
H           -6.90832945847754       -2.27433855227953        3.96211189631664
C           -6.49871922049210       -3.58417778032877        2.24486074167054
O            4.57997554190649        5.81426738989190        5.98315293468460
O            4.95486282891104        4.36400880952282        4.28751254786986
O           -7.07072203660961       -4.53797841124997        3.01256539124974
O           -6.04461425054270       -3.79340850087432        1.13795611902194
C            5.28402230902761        6.89129340733340        5.29611563715791
C           -7.15522230873959       -5.88916365910131        2.47874081982476
C            4.26522760613446        7.75271921980839        4.53708626636089
C            6.06445647807698        7.66095620835184        6.36048434361819
H            5.97022053189163        6.41446378398913        4.57360288019866
C           -7.09838478707402       -6.83817854676980        3.67689725318066
C           -8.43463196934263       -6.02558033060638        1.64565141316783
H           -6.27486065714638       -6.03476163108688        1.82425314159614
H            3.73948386433577        7.14865352614884        3.77949034536280
H            3.52685085055736        8.17464263320166        5.23178743249254
H            4.77915822527246        8.58094972710104        4.03006519157227
H            6.76694982171025        6.99947441935138        6.88355500744189
H            6.64110792260369        8.47498292739020        5.90118708626052
H            5.38771849420162        8.09609200661843        7.10688052199828
H           -6.16917434938059       -6.68844932253986        4.24181093308106
H           -7.95076924606167       -6.66697250384685        4.35147987746044
H           -7.14001453677601       -7.88267790101174        3.33875082479951
H           -8.41681338421240       -5.32199249453956        0.80220838689697
H           -8.52392053062588       -7.04574941199151        1.24706671153504
H           -9.32370990823848       -5.82313921255774        2.26213930063265
C           -0.78738623546202       -1.40278991582142       -4.73100908843721
C            0.13935928946574       -1.17909886363860       -5.78516372899513
C           -1.98689535416402       -2.11787388886787       -4.99962539881872
C           -0.09567087265507       -1.71695243703582       -7.06611401354733
N            1.27771123633412       -0.38377548887167       -5.49800185596306
C           -2.21025259376548       -2.65985468175053       -6.28316504503171
N           -2.94208955498099       -2.21701884459915       -3.96106821702356
H            0.63446399228393       -1.53854558830745       -7.86070938346301
C           -1.26061428074774       -2.45878658643802       -7.28934430541545
C            2.18743426476608        0.17258705426931       -6.37080159586201
H            1.31741471601319       -0.05426939285701       -4.53202927367424
H           -3.12667357157213       -3.22820468519593       -6.46334235501696
C           -4.16180275670542       -2.86345789608375       -3.97201154498674
H           -2.71262892529417       -1.70115609629859       -3.10731113721239
H           -1.43935502689019       -2.88449079408559       -8.28529539081174
O            2.26414256308204       -0.08316303682036       -7.56664385224445
C            3.09052807122285        1.20205385972836       -5.72537032906903
O           -4.55532238889279       -3.58855174012588       -4.88015219128314
C           -5.00947750225873       -2.58540991092685       -2.75438419320371
C            3.36367098592841        2.45580191296643       -6.51943610273662
H            3.05841313552737        1.31048270309221       -4.63557552621656
C            4.45825775614694        1.42545407284052       -6.37027430854567
C           -5.87740704427220       -3.69337220155523       -2.21555156803041
H           -4.64027755756478       -1.85756213936523       -2.02233705706121
C           -6.52374188690942       -2.58754003078390       -3.01426744648779
H            2.89844599969586        2.52712211873273       -7.50620208387838
H            3.47256155703056        3.38827432492408       -5.96062978656181
H            4.68693640451416        0.80870428739343       -7.24338596325304
C            5.60472125277292        1.75177088225429       -5.46428639414204
H           -5.81042659725010       -4.66105355889734       -2.71968120282386
H           -6.02838664305709       -3.70710241333182       -1.13286443688488
H           -6.81690908516161       -2.82680250714290       -4.04111433772844
C           -7.36446527289921       -1.56218182465093       -2.32846158207763
O            6.76584265460489        1.31259347856147       -5.97762590799761
O            5.50176501890797        2.35406235916403       -4.41236077658879
O           -8.38963200687762       -1.17473890642100       -3.11753543699315
O           -7.17565935992986       -1.12991157857653       -1.20916009681657
C            7.99640501589098        1.56856344712437       -5.23784972327886
C           -9.31630276499838       -0.17971985176590       -2.59735873573093
C            8.91795794451873        0.37424474089447       -5.49020218970127
C            8.58222318320420        2.90830482778927       -5.69259759668452
H            7.72153067100786        1.63075126259379       -4.16775346872995
C           -8.78011205554572        1.22589742930517       -2.89752002492981
C          -10.67392354093924       -0.46931119797581       -3.23653354070488
H           -9.36085973472523       -0.32331860799624       -1.50242383409417
H            8.43508607365472       -0.55605717292988       -5.16343659263318
H            9.16131297267613        0.28839246241078       -6.56026354520320
H            9.85953476780528        0.49892525212976       -4.93827757469535
H            7.87828340082221        3.72463416618396       -5.48678403877072
H            9.51848006758883        3.11760449793547       -5.15722450700174
H            8.80463558672545        2.89012715161783       -6.77071829983605
H           -7.80561056186825        1.37697604276183       -2.40543230788660
H           -8.66045054310018        1.36942844225554       -3.98029061228831
H           -9.48064702177058        1.98544583647404       -2.52362956917029
H          -11.00436225379796       -1.49136734258124       -3.00346570021455
H          -11.43273110415415        0.23029859323008       -2.86111343686070
H          -10.62356786090552       -0.36559731434033       -4.32839998240315
H            4.43382839098733       -5.93448288741747        2.21297880140634
H            0.59506225918563       -7.80689756503009        1.46722798341290
H            0.93569678498508        7.31183589648542       -2.38124912781000
H           -3.34074891523673        7.28232082449717       -1.66386143893870
O            3.56385438544313       -3.44455295041727        1.57646881445153
O           -0.62221739216916       -5.48286583317911        0.76570156942261
O            1.26746026106207        4.70856147323816       -1.64408006586734
O           -3.38747045800356        4.69018353405573       -0.85465268646674
C            4.91126852431992       -3.46491391015639        1.93678587133115
C            5.89176040924982       -3.72813244820807        0.96958392981721
C            5.27187807314828       -3.14192551014212        3.25157598451004
C            7.24428656681868       -3.67491655895650        1.33048936061111
H            5.58517029470171       -3.96689243398105       -0.05402653396363
C            6.62801967799785       -3.09014773255592        3.60024669985464
H            4.48282265204082       -2.93070024655018        3.98050947523134
C            7.61598760841866       -3.35792520726178        2.64361996798530
H            8.01434983693409       -3.87952394544683        0.57812833601670
H            6.91569056324805       -2.83782870995931        4.62705139576291
H            8.67782382840739       -3.31771567666094        2.92102202521791
C           -1.57575564418278       -6.47758202824156        0.95711277675682
C           -1.91310894101931       -6.93153966682590        2.24035158376708
C           -2.25433964463617       -6.95908243660139       -0.17090974150776
C           -2.92282771277086       -7.89063913436380        2.38607546254832
H           -1.38618984146505       -6.52754566370801        3.11139239457645
C           -3.26820156911692       -7.91171676206078       -0.01052866637532
H           -1.98006733826565       -6.57057614456951       -1.15699455502646
C           -3.60109119478195       -8.38548085175418        1.26477436736003
H           -3.18647920525903       -8.25079984573781        3.38666183167567
H           -3.80081612877922       -8.28828301012246       -0.89052354146981
H           -4.39097063624939       -9.13847864085804        1.38600789733925
C            2.53322552347596        5.27191892688709       -1.57123592196358
C            2.85327594351702        6.33448073710270       -0.71081026486115
C            3.53595923283850        4.65702186264040       -2.33844967951304
C            4.17636579793517        6.79004530351917       -0.64320249296707
H            2.07211868992643        6.79622794437075       -0.09700133604510
C            4.85497764223045        5.11399113066858       -2.25416314900947
H            3.27435936078656        3.81611560673955       -2.98925689615100
C            5.18017108962790        6.18712763899783       -1.41243122176199
H            4.42506040484003        7.62360396270813        0.02573838525982
H            5.62123636518215        4.61291833578826       -2.85637457207003
H            6.21358442769705        6.55236005496454       -1.35061832953159
C           -4.68620009024333        5.07233585067812       -1.17042446976240
C           -5.09478055834983        5.28190325720885       -2.49554893376838
C           -5.61054347246641        5.15615902642450       -0.11914133715054
C           -6.43343417503630        5.59626699339385       -2.76013836332911
H           -4.36566075711864        5.19094691374299       -3.30754750963404
C           -6.94774126512571        5.46377264624165       -0.39862539676318
H           -5.26472269103204        4.96958455831202        0.90247680020736
C           -7.36302745761221        5.69094483318026       -1.71668243250833
H           -6.75557973501131        5.76039120171168       -3.79421579346927
H           -7.67130499818271        5.52804846520513        0.42117567972144
H           -8.41145635663768        5.93637542447344       -1.93177924915596
N            1.29513323620983        0.60367828185526        0.03626420637413
C            2.35794079587404        1.17175825481936        0.51638461417339
C            2.30515240812064        2.51534287621319        0.99280568417079
C            3.38845742066143        3.08212849723432        1.61241108913326
C            4.56437593153026        2.36371259857039        1.79215354854563
C            4.66371939263403        1.08479597155173        1.26292265031442
C            3.61182461918558        0.48780398652359        0.60144023377934
C            3.78663770350421       -0.79130800228488       -0.14848566520880
C            4.13869922798728       -0.47018170789294       -1.62328775775886
C            5.40893044621051        0.30047187341304       -1.68721162857753
C            5.65587892795716        1.62590027204345       -1.54078406724740
C            7.07540868482024        1.77802616110962       -1.53484339743253
C            7.95442061448666        2.84946897663059       -1.39629167333088
C            9.30824988562568        2.58684939836495       -1.40870800041353
C            9.79925002100706        1.28894462914648       -1.56399641255485
C            8.94977222568298        0.21093458620804       -1.71260627128329
C            7.58977395789866        0.47179376303461       -1.68033102348546
O            6.57162109034297       -0.42002164596576       -1.77423878147685
H            1.39150218800074        3.06522440352215        0.84728521687738
H            3.32766982555827        4.09755912025667        1.97308311771851
H            5.39092724679590        2.81502098902428        2.31522924912209
H            5.59102370631917        0.53921740213560        1.35864173319471
H            2.86430076051609       -1.37340211320500       -0.12379941584270
H            4.59620891794351       -1.37702067566613        0.28943161994151
H            4.25188144066752       -1.40290225888373       -2.17702369680001
H            3.32576453643849        0.11508795144551       -2.05683651280495
H            4.93248987823046        2.41065511454173       -1.45774005614014
H            7.57645501821802        3.85154051091907       -1.28287766886099
H           10.01216169974798        3.39554444991775       -1.29439882897579
H           10.86703997326060        1.12931587412340       -1.57353766924013
H            9.31807987033569       -0.79533282864631       -1.83055388855455
245
 energy: -403.426454935787 gnorm: 0.005710834344 xtb: 6.7.1 (edcfbbe)
N            0.15270498322896       -1.68798705866472       -1.05307820445493
N           -0.01308392545133       -1.01409317742186        1.71038550958005
C           -0.51245458052132       -0.92983011527322       -3.32269308043842
C           -0.03700783568527       -1.88499246801429       -2.39711443189689
C            0.38125834530767       -3.22620688807446       -2.75966044192071
H            0.32765927187863       -3.64143063142591       -3.76712348851482
C            0.84983813490845       -3.81477848770053       -1.61888679227409
H            1.26065116300800       -4.81744242026840       -1.49341100638588
C            0.67159881998439       -2.85598743571935       -0.54577900487612
C            0.90197313372593       -3.14259575851947        0.81476277445682
C            0.51151778013935       -2.27420478697428        1.85357869848107
C            0.48712752096019       -2.65247759660988        3.25402328377047
H            0.84801175252274       -3.60603413707466        3.64240021312492
C           -0.10152291664054       -1.62523949468064        3.93440333606477
H           -0.31718390892380       -1.54794903964720        5.00092893971226
C           -0.39899859203870       -0.59347579590393        2.95826483293682
C            1.47858997466715       -4.48361030700877        1.18447098252717
C            2.83451032740155       -4.61120774753672        1.56897729212100
C            3.38155373203625       -5.85873323141182        1.91998486899233
C            2.56854458686095       -6.99519261476795        1.87879230456683
H            2.99416772729633       -7.97263362101732        2.14149228246193
C            1.22472841455985       -6.90923056258883        1.50580863408781
C            0.68214083426507       -5.65409531844861        1.17072063220167
N           -0.82801090500816        1.65154415655743        1.00482884290577
N           -0.61392040818233        0.98794080962876       -1.74426407901672
C           -0.96922546304517        0.65571899429308        3.27911544048868
C           -1.10352153040040        1.70838030075959        2.34673092571429
C           -1.48912788109917        3.05838248179534        2.70626311666829
H           -1.78067443342253        3.37146083637822        3.70968828594690
C           -1.39428184005562        3.81403614667729        1.57063137952469
H           -1.59940331869382        4.87761359886239        1.44523765840321
C           -1.01600754660810        2.91668571001551        0.49876474983217
C           -0.94424857792447        3.28495682804520       -0.85834359091813
C           -0.83639194401542        2.33426144016411       -1.89163466091041
C           -1.08899283877217        2.63619016105795       -3.28657146190695
H           -1.29415423307433        3.63378588854147       -3.67649255625628
C           -1.06869857423564        1.44818712296703       -3.96002230659727
H           -1.25008521471460        1.26289007473563       -5.01953598651598
C           -0.73778396520392        0.42212579739135       -2.98914189921442
C           -1.05521531914693        4.73505547925505       -1.24348585642083
C            0.10630995598248        5.44657343356853       -1.63239506154740
C            0.03351157225385        6.78741909841914       -2.05148465379031
C           -1.20662206055112        7.43326188689535       -2.05509002742967
H           -1.26725868961766        8.48245575247980       -2.37289619559249
C           -2.37156796661655        6.76626397025205       -1.66444597379770
C           -2.29521761645167        5.41548293900682       -1.27585041546203
Fe          -0.22958300657153        0.01688053160557       -0.02137052369970
Cl          -2.44545999034848       -0.65065084304296        0.02406351885700
C           -1.51402723980920        0.85978627740586        4.67168480703554
C           -0.72419953365063        1.41499324741823        5.71370875543587
C           -2.85894326941484        0.48091939107431        4.94129235369385
C           -1.26686436787499        1.59397359750154        7.00206053659550
N            0.60909821732393        1.78856136369609        5.40311495784032
C           -3.39808790389657        0.68475259710120        6.22979614575901
N           -3.60804121607703       -0.12146796373465        3.90266811755986
H           -0.63742450144794        2.00933233258841        7.79371707249964
C           -2.59700635829880        1.23196190239402        7.23551757053692
C            1.60474483828805        2.21691658868901        6.25206447844203
H            0.85221244017036        1.69165389185247        4.41566694214809
H           -4.43944686833354        0.40875698597891        6.41387248034975
C           -4.93128587243331       -0.51651067136493        3.92361314759622
H           -3.10202881054642       -0.28823823094550        3.02769064086007
H           -3.02229407165504        1.37954478596537        8.23661969555649
O            1.49528688419272        2.32415888541838        7.46863491343803
C            2.90488277128699        2.56077911303977        5.55571949889174
O           -5.70625756006509       -0.29383078121394        4.84875732765166
C           -5.36939133333689       -1.27689865969518        2.69482001795434
C            4.19080969758295        2.19697463896165        6.25330499913589
H            2.92549601031071        2.56170860082090        4.46036938953225
C            3.74848574635373        3.64028582854831        6.24442186476565
C           -6.74490392899202       -1.00016623585878        2.14084518721115
H           -4.60337960315801       -1.57743760624063        1.97072027970416
C           -6.51995659920677       -2.26290352633757        2.93818604343637
H            4.10931476567701        1.67386703140076        7.20922587230546
H            5.03909711968994        1.93070177755247        5.61966890464669
H            3.33598940011667        4.03466899522514        7.17639968511073
C            4.48438373257784        4.61773985611191        5.38432153873095
H           -7.33284786846872       -0.22403028160009        2.63892711584936
H           -6.86350037877152       -1.09087446202182        1.05758111496781
H           -6.90880717100036       -2.27343823593578        3.96118319139962
C           -6.49843302787096       -3.58333697354403        2.24415986363738
O            4.57866374049527        5.81512232160832        5.98716108756171
O            4.95429934985649        4.36480346775457        4.29173094428025
O           -7.07079313307246       -4.53710759995997        3.01163831159884
O           -6.04382924280796       -3.79260941276679        1.13746753790643
C            5.28303929788631        6.89211166547410        5.30040173098400
C           -7.15506552750345       -5.88831049938683        2.47781745733795
C            4.26459732173432        7.75352067782771        4.54088688341821
C            6.06299983258267        7.66180014786023        6.36509834254199
H            5.96955947401281        6.41525065208665        4.57821248613583
C           -7.09878006549744       -6.83728613586254        3.67603055049876
C           -8.43409988046132       -6.02473975179807        1.64415465764311
H           -6.27440859217364       -6.03393813338703        1.82373370181779
H            3.73918328801319        7.14944560529065        3.78306953662314
H            3.52590935628373        8.17547728086463        5.23523733397001
H            4.77876473793588        8.58173036279359        4.03406686901758
H            6.76525029456745        7.00032798054614        6.88850727487478
H            6.63986674735484        8.47580555503303        5.90603581689849
H            5.38592750849275        8.09696748043678        7.11117510507731
H           -6.16982303925308       -6.68754838688583        4.24136040943699
H           -7.95146832930942       -6.66604939107016        4.35022176198643
H           -7.14026722048150       -7.88179610657467        3.33789972190514
H           -8.41589300468313       -5.32117907397213        0.80069696091633
H           -8.52321871634092       -7.04492100188383        1.24556234246933
H           -9.32345501059819       -5.82226942806259        2.26023361550546
C           -0.78392410086095       -1.40223716033014       -4.72919583588646
C            0.14330459686816       -1.17858676251127       -5.78293936731008
C           -1.98331693748100       -2.11731849694508       -4.99833088958469
C           -0.09115576404638       -1.71648695038596       -7.06397744843010
N            1.28151271377818       -0.38326192572124       -5.49529791288076
C           -2.20610068708850       -2.65933966996587       -6.28195347225110
N           -2.93898120601854       -2.21641914664571       -3.96020262711603
H            0.63934044511075       -1.53811177851489       -7.85824914981490
C           -1.25600500216113       -2.45831477772196       -7.28771025795540
C            2.19166043496904        0.17306324998864       -6.36769515399081
H            1.32081036696625       -0.05374300056690       -4.52930822282095
H           -3.12244564045080       -3.22768560015029       -6.46252678095210
C           -4.15869801410930       -2.86284556370597       -3.97167586684036
H           -2.70990323598126       -1.70052984049622       -3.10635905081644
H           -1.43430005153949       -2.88405059134877       -8.28372787746409
O            2.26889774668483       -0.08274262370406       -7.56349661995365
C            3.09445570099526        1.20254213616434       -5.72189491519559
O           -4.55181342699096       -3.58796493016154       -4.87997106129409
C           -5.00691868917430       -2.58474912440949       -2.75444273925978
C            3.36798393473902        2.45625018132607       -6.51587627886548
H            3.06188275567268        1.31097000193977       -4.63210220941633
C            4.46248849107086        1.42588559549420       -6.36617648057662
C           -5.87510386605195       -3.69268459504023       -2.21596612820763
H           -4.63804367291461       -1.85687997052693       -2.02225219904489
C           -6.52106743817317       -2.58687073020524       -3.01501050777521
H            2.90320409790242        2.52754563454844       -7.50285513852065
H            3.47663044363159        3.38873926960382       -5.95705107654328
H            4.69155346992306        0.80911498017244       -7.23917637987404
C            5.60855258881478        1.75222391525190       -5.45969756736050
H           -5.80790513321093       -4.66038298388245       -2.72003399006113
H           -6.02657343759915       -3.70637780652986       -1.13334669741565
H           -6.81377119948483       -2.82616499750767       -4.04198208820228
C           -7.36208866764287       -1.56148353775974       -2.32961848021965
O            6.76986483129151        1.31302154407105       -5.97252922674674
O            5.50507962250233        2.35464050544960       -4.40790419668303
O           -8.38689525343507       -1.17405525154223       -3.11917069700399
O           -7.17378528689481       -1.12917700215827       -1.21024646871905
C            8.00012520010425        1.56902953143691       -5.23220769344821
C           -9.31379185482622       -0.17900702243371       -2.59944416648080
C            8.92177189031887        0.37469375409890       -5.48408970507904
C            8.58618320005493        2.90871701778074       -5.68667822656615
H            7.72471330148986        1.63126427353590       -4.16232788893542
C           -8.77745059547677        1.22659219370622       -2.89940929049408
C          -10.67112611677259       -0.46860681388696       -3.23922418209987
H           -9.35884532701406       -0.32257161618529       -1.50452588692039
H            8.43877301194285       -0.55556554702316       -5.15744499625769
H            9.16561313765151        0.28877092526551       -6.55402470768024
H            9.86310352187986        0.49937298895630       -4.93172771764385
H            7.88216509944327        3.72505373103810       -5.48117939213867
H            9.52222649838601        3.11795343509495       -5.15080219591526
H            8.80907375838743        2.89053238407665       -6.76469931466153
H           -7.80317009262077        1.37767797127738       -2.40688593496662
H           -8.65729788310556        1.37008729554673       -3.98213054385909
H           -9.47814694239230        1.98616108888555       -2.52586077641391
H          -11.00168065036260       -1.49065183545252       -3.00627256502711
H          -11.43009636862856        0.23102300249394       -2.86417013877869
H          -10.62027549944122       -0.36492916091870       -4.33107113290748
H            4.43410519011618       -5.93375416230216        2.21730108075778
H            0.59565781512709       -7.80615518419970        1.46987302494868
H            0.93818497781145        7.31245107538520       -2.37894161541082
H           -3.33858482403286        7.28300137393033       -1.66348704145364
O            3.56446662669685       -3.44380044109635        1.58029312803079
O           -0.62128073879498       -5.48213281786737        0.76772025114509
O            1.26959777214494        4.70918265377364       -1.64153294873243
O           -3.38570075756227        4.69089002332079       -0.85421282226305
C            4.91169309719750       -3.46416195428810        1.94123251900694
C            5.89261581525365       -3.72744307758831        0.97450730727166
C            5.27171286004711       -3.14116756560460        3.25618330366345
C            7.24498590978439       -3.67424322647567        1.33602861210127
H            5.58649693768399       -3.96626833407238       -0.04921077312490
C            6.62769821437364       -3.08939400113874        3.60546430350697
H            4.48233629936281       -2.92991873611472        3.98474865502170
C            7.61609787497123       -3.35721454501741        2.64930340181538
H            8.01539582270461       -3.87887883795147        0.58402021929022
H            6.91490862283037       -2.83704869329695        4.63239123110374
H            8.67780959450007       -3.31700841994746        2.92717649802312
C           -1.57491576784160       -6.47683469401769        0.95873392784491
C           -1.91285422255893       -6.93074690923983        2.24183481341165
C           -2.25299418218846       -6.95836454530882       -0.16957975571704
C           -2.92264924715825       -7.88983110002652        2.38713299810739
H           -1.38632451687833       -6.52673012801600        3.11310052205032
C           -3.26693818008138       -7.91098339528188       -0.00962625934516
H           -1.97827101694945       -6.56989304212495       -1.15555304928560
C           -3.60041020118701       -8.38470240126403        1.26554174917331
H           -3.18675675156690       -8.24995665397104        3.38761174696411
H           -3.79915846796249       -8.28757288236695       -0.88984953166834
H           -4.39035242523341       -9.13768808514528        1.38644180872340
C            2.53531221020078        5.27254068618192       -1.56812114907248
C            2.85500404960510        6.33513482878351       -0.70760261679164
C            3.53836554772308        4.65763740823005       -2.33491130824740
C            4.17806540946365        6.79068678204056       -0.63941418332127
H            2.07357258507096        6.79690091030967       -0.09416928952954
C            4.85737659621293        5.11463113992790       -2.25008737189408
H            3.27706503460257        3.81669545153814       -2.98580239417489
C            5.18220695994014        6.18773404270463       -1.40818981340966
H            4.42647057496964        7.62425504942690        0.02961186911638
H            5.62387008781254        4.61347756348425       -2.85187161477073
H            6.21560107446927        6.55296801958468       -1.34589618388111
C           -4.68427966264361        5.07304543767740       -1.17058840490359
C           -5.09226013281758        5.28257374914314       -2.49590409192432
C           -5.60909918808956        5.15691285627782       -0.11972623340394
C           -6.43079071385206        5.59694287706890       -2.76110880412224
H           -4.36277360916400        5.19158376610578       -3.30756918291221
C           -6.94616686582669        5.46453122186259       -0.39982412271171
H           -5.26374193090196        4.97036897421360        0.90205447052783
C           -7.36085480246126        5.69166453738309       -1.71807703999338
H           -6.75246714463518        5.76103636693289       -3.79533759496504
H           -7.67010097842079        5.52884135047803        0.41964703635527
H           -8.40918403196763        5.93709874284323       -1.93365517188268
N            1.29713742191552        0.60268901092166        0.04379409853895
C            2.36054994662788        1.16171585261064        0.53387752025267
C            2.30908626131299        2.49640502512663        1.03580374700767
C            3.39727061805998        3.05461922532444        1.65463672536149
C            4.57697011709151        2.33584766586522        1.81016766771554
C            4.67243299301246        1.06431378873861        1.26229420639308
C            3.61454456105755        0.47605895989313        0.60210093956068
C            3.78310649895388       -0.79395115443892       -0.16541195851608
C            4.10946246962443       -0.44979062269005       -1.63922947514682
C            5.38058003696754        0.31958184027876       -1.70752429077085
C            5.63733501919518        1.64171819018944       -1.55978771575907
C            7.05807101228714        1.78436612597614       -1.56304898283694
C            7.94517376183642        2.85080783541152       -1.43930358395736
C            9.29659301569578        2.57745977137763       -1.46290775257015
C            9.77775749333945        1.27500502871250       -1.61937196005801
C            8.91982857197065        0.20222951288650       -1.75313273409715
C            7.56268042623242        0.47433628372633       -1.71101954529195
O            6.53815827937726       -0.40905981152688       -1.79885792920933
H            1.39297715675080        3.04727223693633        0.90846579086410
H            3.33840772878775        4.06373138106532        2.03385809603637
H            5.40906771093295        2.78152667357221        2.32949206637310
H            5.60102499922539        0.51729525824170        1.34170059750954
H            2.86551083725226       -1.38206205597257       -0.13325321906425
H            4.60257225611986       -1.37976196513465        0.25139243522849
H            4.21400692865097       -1.37337444328523       -2.21088704883855
H            3.29101376522889        0.14260840004124       -2.04936515607001
H            4.92110610254684        2.43137599579086       -1.47040871002339
H            7.57677427080978        3.85786441945503       -1.32588795611455
H           10.00765010112316        3.38222122480615       -1.36124859984841
H           10.84485055747412        1.11054955311775       -1.63745680832840
H            9.28030078778873       -0.80413329245099       -1.86900081031755
245
 energy: -403.426578351044 gnorm: 0.004803106381 xtb: 6.7.1 (edcfbbe)
N            0.15464855716630       -1.68687420080127       -1.05121918740097
N           -0.01221114570269       -1.01295247577738        1.71215211299434
C           -0.50963709125179       -0.92885944653444       -3.32113049487448
C           -0.03451657232265       -1.88397653450736       -2.39535027683253
C            0.38393612478636       -3.22517240502841       -2.75766652091613
H            0.33073230621675       -3.64045131995284       -3.76513539186715
C            0.85209443562386       -3.81368366137772       -1.61668961921496
H            1.26288568905186       -4.81635139126017       -1.49102381973857
C            0.67339945350542       -2.85489904890479       -0.54368081192659
C            0.90326160892220       -3.14143924771765        0.81695283978991
C            0.51238136297794       -2.27300944559184        1.85558556487957
C            0.48746904799847       -2.65124165179448        3.25603989651110
H            0.84823379052539       -3.60477525891998        3.64458069025474
C           -0.10147269280066       -1.62400642475562        3.93615104422099
H           -0.31754763580493       -1.54667862990898        5.00258899950167
C           -0.39860473799472       -0.59227738840251        2.95986601415079
C            1.47978525313346       -4.48241965870989        1.18692822438416
C            2.83556867096423       -4.60994958065387        1.57195460429440
C            3.38250832678275       -5.85745431948020        1.92321939082406
C            2.56954976466513       -6.99394094839193        1.88175727099886
H            2.99510212824912       -7.97136004424917        2.14465515661129
C            1.22587389856365       -6.90803504912518        1.50825401442819
C            0.68337712936566       -5.65292974862358        1.17291370549649
N           -0.82702741636775        1.65268509448741        1.00617430999407
N           -0.61168907559930        0.98895495638511       -1.74278614541441
C           -0.96899014040242        0.65689434350097        3.28045445659106
C           -1.10299723041367        1.70953384018644        2.34798632319582
C           -1.48874825621479        3.05952941922727        2.70731602154088
H           -1.78069111756774        3.37264138437104        3.71061187245355
C           -1.39348254072378        3.81515460894690        1.57167232273222
H           -1.59859644155621        4.87871976526016        1.44617475099785
C           -1.01475198758264        2.91778179301392        0.49997854749281
C           -0.94246831269954        3.28599717505981       -0.85708853982943
C           -0.83421420475103        2.33527565655906       -1.89029506933227
C           -1.08630252457715        2.63714118149797       -3.28535037088523
H           -1.29134647556476        3.63471652998850       -3.67538971465602
C           -1.06571792969788        1.44911687075902       -3.95875416935902
H           -1.24668824891498        1.26377588189540       -5.01833192871160
C           -0.73512924931902        0.42310417982726       -2.98771035494498
C           -1.05337021163594        4.73607693833698       -1.24233066038143
C            0.10828070668407        5.44761759112628       -1.63081090758003
C            0.03559915797792        6.78844994665796       -2.04998577636021
C           -1.20455371483254        7.43425533627708       -2.05408951869361
H           -1.26510089590756        8.48343604159118       -2.37195715816243
C           -2.36962984076892        6.76723419663108       -1.66387045876197
C           -2.29338297351279        5.41646960403444       -1.27519775498625
Fe          -0.22812691764256        0.01791026316063       -0.01968170727840
Cl          -2.44394254102860       -0.64960726241151        0.02488266728367
C           -1.51433929706081        0.86100911432012        4.67280040912922
C           -0.72492230870722        1.41627798917741        5.71510462711648
C           -2.85935159524298        0.48210864026778        4.94190043742504
C           -1.26809760192061        1.59528788740987        7.00324294707579
N            0.60846610350952        1.78988313399816        5.40500750852753
C           -3.39899465924818        0.68597339435066        6.23019199933827
N           -3.60802272423787       -0.12033368922468        3.90301674186545
H           -0.63897325927325        2.01069419924427        7.79512592373909
C           -2.59831630196397        1.23324349066534        7.23620125806760
C            1.60379711327171        2.21829058386488        6.25432927349126
H            0.85198481931336        1.69293196446166        4.41765912735622
H           -4.44041637908065        0.40995181954982        6.41387737596023
C           -4.93127634854208       -0.51542457163221        3.92345775042102
H           -3.10167709303552       -0.28712488917043        3.02823566291838
H           -3.02399448949082        1.38084909791479        8.23713418899001
O            1.49384546149560        2.32557510807769        7.47085505515116
C            2.90416809417603        2.56217008098639        5.55847556844918
O           -5.70660243023389       -0.29273034926580        4.84830045960676
C           -5.36887674382756       -1.27586287957525        2.69453131947862
C            4.18984464014679        2.19843014216722        6.25656403409407
H            2.92522374231348        2.56302525306981        4.46313651288217
C            3.74747948230465        3.64173067539348        6.24746078575218
C           -6.74418789761508       -0.99919571218440        2.14001384776462
H           -4.60257996972754       -1.57640787800208        1.97073401744146
C           -6.51950849902430       -2.26190003467981        2.93748566809759
H            4.10800506002351        1.67535531743280        7.21246981893525
H            5.03838095436381        1.93216601994984        5.62326007213293
H            3.33461797555488        4.03613173981834        7.17926416035446
C            4.48369310949847        4.61915195883625        5.38761816587703
H           -7.33234712500503       -0.22306044867641        2.63784171405922
H           -6.86236413673029       -1.08994657344720        1.05670802987138
H           -6.90875116382424       -2.27240772775283        3.96033380279583
C           -6.49767569389667       -3.58235322762692        2.24351512847702
O            4.57768731971115        5.81658611551857        5.99044473872183
O            4.95401408296968        4.36622600966059        4.29520517387852
O           -7.07030147205658       -4.53611740474072        3.01080934241327
O           -6.04264000639849       -3.79165379151573        1.13700584929648
C            5.28230203755040        6.89356669337491        5.30391084410477
C           -7.15432675284024       -5.88734237373000        2.47700194002799
C            4.26412677165724        7.75491306728819        4.54398506677576
C            6.06182921025058        7.66331442595793        6.36888119569320
H            5.96911425392805        6.41669862891120        4.58200105322488
C           -7.09847261429639       -6.83627302824590        3.67527036384656
C           -8.43303593827351       -6.02384016521310        1.64285310055783
H           -6.27341318195454       -6.03296546330967        1.82326346100903
H            3.73900662031842        7.15080615662238        3.78601209143232
H            3.52515515117468        8.17687515649408        5.23802975725099
H            4.77846046780683        8.58312173629179        4.03732319296249
H            6.76389931786279        7.00188245159362        6.89258213450349
H            6.63884634737904        8.47732160159868        5.91001164986537
H            5.38445516093107        8.09848815718577        7.11468295804676
H           -6.16973727072170       -6.68648647260780        4.24095277094660
H           -7.95142573907516       -6.66503885244692        4.34912711975171
H           -7.13979710149519       -7.88079636076966        3.33716163700133
H           -8.41452721156712       -5.32030856669730        0.79937743698896
H           -8.52197023659564       -7.04403848792715        1.24426242770806
H           -9.32263473180584       -5.82137555255019        2.25858199294126
C           -0.78055424736400       -1.40132840061939       -4.72771882670277
C            0.14707724899920       -1.17768328620636       -5.78111205805814
C           -1.97982378443443       -2.11645736587290       -4.99728669695570
C           -0.08687995257509       -1.71564364471684       -7.06222189032704
N            1.28512924514152       -0.38231191941191       -5.49306871773782
C           -2.20209422435550       -2.65853232597252       -6.28097748582421
N           -2.93587361875564       -2.21554963155614       -3.95952868811571
H            0.64391656517801       -1.53727291456123       -7.85621945662611
C           -1.25161872465763       -2.45751448214388       -7.28637573127528
C            2.19561508928643        0.17401628592257       -6.36512993725097
H            1.32407209920697       -0.05276973537175       -4.52706532701774
H           -3.11835228154775       -3.22691258263968       -6.46188252074915
C           -4.15558172930670       -2.86201454443987       -3.97143864153544
H           -2.70714950696548       -1.69962240946578       -3.10561170822569
H           -1.42951788755547       -2.88329258996126       -8.28244626481896
O            2.27331180557832       -0.08184805750742       -7.56089402824400
C            3.09811978443372        1.20353649378927       -5.71901994089926
O           -4.54831505531253       -3.58717806268785       -4.87986400628128
C           -5.00426593520461       -2.58390148987378       -2.75455090196680
C            3.37191744577490        2.45722152469306       -6.51294414406627
H            3.06515228745537        1.31197499603773       -4.62923239379859
C            4.46639883317158        1.42688389036683       -6.36278345992388
C           -5.87262847100194       -3.69184391129832       -2.21636515007341
H           -4.63570040204966       -1.85599300703361       -2.02224128842368
C           -6.51832159358374       -2.58607666767083       -3.01569676665192
H            2.90751692580420        2.52846975224323       -7.50010424394772
H            3.48032486837317        3.38973391222342       -5.95410873369369
H            4.69581129267814        0.81009861540874       -7.23568237218022
C            5.61210352251421        1.75328398341741       -5.45591277128758
H           -5.80520564243525       -4.65955787839855       -2.72037259028627
H           -6.02451338439067       -3.70550279297804       -1.13380373829515
H           -6.81061981352551       -2.82541900520114       -4.04277258351744
C           -7.35963277655723       -1.56069535165602       -2.33066501118283
O            6.77359981533273        1.31410883206292       -5.96828633977519
O            5.50815563974356        2.35582427692033       -4.40424621921515
O           -8.38415001274643       -1.17332464839121       -3.12062918397174
O           -7.17177592894674       -1.12833915461706       -1.21123778542411
C            8.00359183077947        1.57020426820839       -5.22750088873656
C           -9.31127827290652       -0.17828292242943       -2.60129148798664
C            8.92536685236358        0.37588764536448       -5.47897612551146
C            8.58978428960734        2.90986619532133       -5.68177287532794
H            7.72775099962247        1.63246025441837       -4.15780711245457
C           -8.77486460720467        1.22731817350411       -2.90110123548194
C          -10.66835658087598       -0.46795050546327       -3.24158441791950
H           -9.35674767730947       -0.32181299156092       -1.50638739432557
H            8.44228763966722       -0.55435600848511       -5.15243920879956
H            9.16962546206530        0.28991518795642       -6.54879864271021
H            9.86648787198709        0.50063421164893       -4.92622906592228
H            7.88567827424260        3.72618834702964       -5.47653931431508
H            9.52564207097572        3.11911583081652       -5.14548888581883
H            8.81309275387374        2.89168442096560       -6.75969436414078
H           -7.80077807879652        1.37845359218290       -2.40820878309394
H           -8.65429997603238        1.37077957458414       -3.98378143289733
H           -9.47572788477863        1.98688040934082       -2.52785001093859
H          -10.99896895175758       -1.48999741094572       -3.00872375328318
H          -11.42749282005548        0.23166917734504       -2.86684780800896
H          -10.61708948424129       -0.36431030185452       -4.33341520274286
H            4.43494622092825       -5.93243208202630        2.22094485433706
H            0.59684535965352       -7.80498092839820        1.47210837691855
H            0.94038139177277        7.31350027946557       -2.37711155337447
H           -3.33666239335902        7.28394245599167       -1.66330138951797
O            3.56549232872027       -3.44249914466634        1.58348973997446
O           -0.61989680892873       -5.48102094111042        0.76940354751897
O            1.27159804945651        4.71025713452909       -1.63948435027711
O           -3.38400993810122        4.69185723268259       -0.85395278662286
C            4.91256705244196       -3.46280459223248        1.94494590083017
C            5.89385565814007       -3.72611124441303        0.97863263332469
C            5.27206910439021       -3.13977665730174        3.26004775344329
C            7.24609034373312       -3.67287799080190        1.34069251343288
H            5.58814447295122       -3.96499654611324       -0.04520244714469
C            6.62791608610831       -3.08795517505954        3.60984215415574
H            4.48241095358458       -2.92853417725120        3.98829262193562
C            7.61669455217298       -3.35578352538616        2.65407925970289
H            8.01679950877444       -3.87751834002606        0.58898977254378
H            6.91472601091060       -2.83556483663823        4.63687360737151
H            8.67829746307313       -3.31552950514570        2.93235597872718
C           -1.57357336093383       -6.47574705967257        0.96008625680046
C           -1.91199194436458       -6.92962390313341        2.24307484738190
C           -2.25120252748814       -6.95733784969217       -0.16846857016056
C           -2.92181194850531       -7.88873355844839        2.38801887790820
H           -1.38580863066236       -6.52555960090667        3.11452721424905
C           -3.26517920427017       -7.90998312871886       -0.00887103626993
H           -1.97611273821741       -6.56889345722746       -1.15435054446347
C           -3.59912692594483       -8.38366669205839        1.26618330447464
H           -3.18629359772584       -8.24883220123627        3.38840784379543
H           -3.79704872400035       -8.28662054631666       -0.88928579131463
H           -4.38909218027287       -9.13667239916144        1.38680784510012
C            2.53724867074670        5.27366807890901       -1.56559820538547
C            2.85659535426293        6.33630741091484       -0.70499517511583
C            3.54059408294482        4.65879267784222       -2.33200373641793
C            4.17960650381769        6.79190741519800       -0.63631786399907
H            2.07491356249975        6.79806608670903       -0.09189174984167
C            4.85959667803454        5.11582200086946       -2.24668442272187
H            3.27958662182605        3.81780464703846       -2.98297088731766
C            5.18406185330745        6.18894820487611       -1.40470173266386
H            4.42773481872022        7.62549450846803        0.03277136568926
H            5.62624935571736        4.61475940374060       -2.84825469585375
H            6.21742999946709        6.55421505006908       -1.34200798159713
C           -4.68247708398228        5.07396178734909       -1.17084192712467
C           -5.08995600797974        5.28342981560668       -2.49632403356511
C           -5.60770333057779        5.15783817114312       -0.12034099839091
C           -6.42839269754796        5.59774837140157       -2.76205438637682
H           -4.36015354394862        5.19243404248278       -3.30770361723235
C           -6.94467374020667        5.46540516432472       -0.40096376230638
H           -5.26273342268990        4.97134212300282        0.90157972678117
C           -7.35886192113890        5.69247834438194       -1.71938222693660
H           -6.74967788615039        5.76179479028276       -3.79641206033310
H           -7.66892443705227        5.52972226720253        0.41822700975309
H           -8.40711532171340        5.93787261452936       -1.93537368549466
N            1.29865359646619        0.60317014838828        0.05091033823434
C            2.36236494759375        1.15355393287914        0.55025427811860
C            2.31325635159366        2.47935245561992        1.07586099434593
C            3.40600813083292        3.02801822519506        1.69511606944323
C            4.58877327290066        2.30865916231703        1.82755413565695
C            4.67952893295245        1.04445037977788        1.26180591331071
C            3.61573653552006        0.46520060128928        0.60293533519480
C            3.77595331544816       -0.79694072511789       -0.18036276777902
C            4.07803328097814       -0.43448340281813       -1.65471577181267
C            5.35353138816642        0.32850486250507       -1.72818426465484
C            5.61838483421993        1.64934135903651       -1.57315787126408
C            7.04022743758778        1.78350016968472       -1.58631851248788
C            7.93520206205327        2.84578393263489       -1.47091349392660
C            9.28448864485565        2.56431108566969       -1.50830525497074
C            9.75673462943622        1.26050173088412       -1.66487046854660
C            8.89063182704322        0.19034298849139       -1.79190276896455
C            7.53570560538532        0.47092582142787       -1.74272087995035
O            6.50630740560428       -0.40714227870532       -1.83033344736487
H            1.39528791402922        3.03169459708882        0.96578422715879
H            3.34945813787636        4.03071272691294        2.09224390018451
H            5.42589934155398        2.74819425979181        2.34429099435958
H            5.60868135229876        0.49583103539472        1.32566304245703
H            2.86044283170802       -1.38837061320122       -0.13939527103974
H            4.60460512376486       -1.38331281388782        0.21704639641325
H            4.16967968454253       -1.35012924324817       -2.24283417269983
H            3.25612549527774        0.16841253958619       -2.04285125981797
H            4.90668733419740        2.44275724483788       -1.47094644358341
H            7.57361393218941        3.85456685908714       -1.35592276569609
H           10.00059581869192        3.36856905864256       -1.41129221597783
H           10.82271420443693        1.08912157557087       -1.69142597293004
H            9.24515306907239       -0.81803128865338       -1.91578493008681
245
 energy: -403.426688870191 gnorm: 0.004080439713 xtb: 6.7.1 (edcfbbe)
N            0.15611201514677       -1.68578294031522       -1.04975905541655
N           -0.01163230899036       -1.01186700663128        1.71351397149312
C           -0.50745481429846       -0.92792688583865       -3.31992541835562
C           -0.03259674709983       -1.88299524048538       -2.39398724669493
C            0.38602709735937       -3.22417096301795       -2.75609831811180
H            0.33314942513694       -3.63950170191228       -3.76357156187898
C            0.85381413255629       -3.81264753491165       -1.61494669919238
H            1.26462435513778       -4.81529539503275       -1.48912598479110
C            0.67475395104439       -2.85386104504902       -0.54202149470022
C            0.90419977440742       -3.14032561551661        0.81867608242001
C            0.51295905049256       -2.27185897601166        1.85715997438126
C            0.48762279774255       -2.65005775744183        3.25762054144571
H            0.84829801539880       -3.60356744281764        3.64629937938589
C           -0.10156956095878       -1.62282966306184        3.93750572271426
H           -0.31798686790708       -1.54546966652345        5.00387182911109
C           -0.39842999968606       -0.59113294287901        2.96110349303470
C            1.48066057069600       -4.48126765159266        1.18887894730785
C            2.83633316544920       -4.60872528344221        1.57433358219846
C            3.38319916079541       -5.85620835078656        1.92581517268592
C            2.57029446976855       -6.99272654773521        1.88413463261885
H            2.99579859421988       -7.97012191631813        2.14719906983022
C            1.22673362271064       -6.90688188615161        1.51020281762299
C            0.68430104560077       -5.65180697419444        1.17465121657394
N           -0.82642491050771        1.65379270377620        1.00719302253478
N           -0.61000714222461        0.98992164939478       -1.74166314701600
C           -0.96895358327040        0.65800683422542        3.28146712674794
C           -1.10274583648516        1.71063076548543        2.34892991627242
C           -1.48861744729619        3.06061978162527        2.70808864773553
H           -1.78089286992233        3.37375731316847        3.71127458744769
C           -1.39301444486783        3.81621897905862        1.57242546896789
H           -1.59813287771685        4.87976982139029        1.44684451267638
C           -1.01390498397595        2.91882252193900        0.50088254661945
C           -0.94118638286363        3.28699284119671       -0.85615497516093
C           -0.83259284593913        2.33625026257516       -1.88927232246113
C           -1.08426201762919        2.63805574776769       -3.28443783124360
H           -1.28922003728457        3.63561093267090       -3.67457793053757
C           -1.06342940124622        1.45001439257013       -3.95780014890597
H           -1.24405273080930        1.26463096787083       -5.01742949756030
C           -0.73309606811115        0.42405232197403       -2.98661463718868
C           -1.05204823280605        4.73705497774583       -1.24147925093854
C            0.10969514198344        5.44862634122649       -1.62960758112739
C            0.03709940180014        6.78944526503769       -2.04885549707792
C           -1.20307521412264        7.43520711685937       -2.05337252580057
H           -1.26355932857102        8.48437547178743       -2.37129365388196
C           -2.36825231578720        6.76815582795532       -1.66350291220212
C           -2.29207843290453        5.41740718667050       -1.27476228178590
Fe          -0.22717255086196        0.01885235274750       -0.01840237321610
Cl          -2.44283988872468       -0.64861414909112        0.02547240663392
C           -1.51476006608430        0.86216632169794        4.67362816689946
C           -0.72568459477585        1.41749619286123        5.71615976690569
C           -2.85985012011437        0.48322395959428        4.94230806186359
C           -1.26928710735491        1.59652880558147        7.00412215197399
N            0.60776673494976        1.79114681067836        5.40647061731771
C           -3.39990416077143        0.68711406224697        6.23042490185005
N           -3.60815724782072       -0.11927171065470        3.90321640279033
H           -0.64042638301091        2.01198273596375        7.79619021933982
C           -2.59956368844208        1.23444511482057        7.23666962814152
C            1.60284346531318        2.21960661662603        6.25610069426076
H            0.85163024691272        1.69415468508203        4.41920471589472
H           -4.44137478974410        0.41106102107045        6.41378831986130
C           -4.93142182712343       -0.51441932815724        3.92323715141947
H           -3.10153985110710       -0.28607944208739        3.02859554872674
H           -3.02556633009295        1.38206787806048        8.23746218001585
O            1.49247426401242        2.32692813411449        7.47258906707544
C            2.90339305903892        2.56350782577200        5.56065617658659
O           -5.70703740107951       -0.29171580129648        4.84783293767379
C           -5.36859241994151       -1.27490375602985        2.69420796939058
C            4.18887358219761        2.19983590081729        6.25915276375740
H            2.92481387272180        2.56429694669596        4.46532941208744
C            3.74645751082948        3.64312686869723        6.24986652758188
C           -6.74374162413646       -0.99830727837462        2.13923956395421
H           -4.60205941276725       -1.57544940775231        1.97065961544569
C           -6.51927088608838       -2.26098022324525        2.93682257623080
H            4.10675351855588        1.67679409537300        7.21504824415180
H            5.03762079101577        1.93357614781613        5.62611969799244
H            3.33329148339298        4.03753996592050        7.18152442720158
C            4.48291857708451        4.62052292310837        5.39024533117249
H           -7.33208583560558       -0.22217691919883        2.63685527055017
H           -6.86156972131257       -1.08909735001946        1.05589998000359
H           -6.90883656166203       -2.27146599245570        3.95954764261945
C           -6.49716905806457       -3.58145054186642        2.24290247250105
O            4.57666607929159        5.81800562059781        5.99304667054413
O            4.95357834015782        4.36761677821519        4.29797185223740
O           -7.07000423974206       -4.53521426388659        3.01004660294760
O           -6.04177488880950       -3.79077354410927        1.13654526324350
C            5.28146950484790        6.89498383579813        5.30669563841559
C           -7.15381196394684       -5.88645903393699        2.47625474644908
C            4.26350510967846        7.75626514877094        4.54643486791309
C            6.06063089572287        7.66478943598642        6.37189021165907
H            5.96852618887811        6.41811466042362        4.58501771178146
C           -7.09830405363464       -6.83534887536947        3.67457131329812
C           -8.43225078800260       -6.02302920104793        1.64170490085701
H           -6.27268520509218       -6.03207176101849        1.82280207441737
H            3.73862650214438        7.15212785828436        3.78836531091207
H            3.52429448599846        8.17822703410670        5.24022317675438
H            4.77796715956805        8.58447622355845        4.03989681598286
H            6.76255884002391        7.00339937283415        6.89583315780976
H            6.63776320564569        8.47880336175820        5.91317732257005
H            5.38300329844609        8.09996475762456        7.11746321563963
H           -6.16975362184237       -6.68551096879647        4.24054409752587
H           -7.95147745651970       -6.66412360267678        4.34815092403485
H           -7.13948370589685       -7.87988462473809        3.33648400189113
H           -8.41350004908176       -5.31952386861580        0.79821256192899
H           -8.52102246152367       -7.04324363660777        1.24311862198071
H           -9.32205265283269       -5.82057659565153        2.25714356520605
C           -0.77791380275761       -1.40044947489923       -4.72658519735614
C            0.15004817340717       -1.17680185395467       -5.77968743621788
C           -1.97707698320289       -2.11563123406730       -4.99650620560244
C           -0.08348915817209       -1.71481859587514       -7.06085574312244
N            1.28796644551501       -0.38138180726534       -5.49131082933564
C           -2.19891479927661       -2.65775655017055       -6.28025305257000
N           -2.93343641115904       -2.21472312957475       -3.95905817846932
H            0.64755312379841       -1.53644659491515       -7.85462725071541
C           -1.24812863359856       -2.45673769500251       -7.28535492723605
C            2.19872183723836        0.17495678903323       -6.36309982994701
H            1.32661613181816       -0.05181964678546       -4.52529537802834
H           -3.11509534016910       -3.22617516179011       -6.46143003824264
C           -4.15314128528060       -2.86123301726335       -3.97132052047449
H           -2.70501584540058       -1.69876028315328       -3.10507943917350
H           -1.42569633038607       -2.88255563513808       -8.28146772242441
O            2.27679926574384       -0.08095743628003       -7.55883200209209
C            3.10098160483915        1.20451438683845       -5.71673242309028
O           -4.54554415093657       -3.58643882886102       -4.87985469944888
C           -5.00220223675156       -2.58311143818668       -2.75472502612481
C            3.37497962744631        2.45819033742738       -6.51061812256766
H            3.06768143115651        1.31297134281983       -4.62695411132427
C            4.46945551515953        1.42788604590064       -6.36007662811191
C           -5.87070309264735       -3.69106650507677       -2.21677388702397
H           -4.63390298653149       -1.85516423492792       -2.02231692140876
C           -6.51618438754254       -2.58534625259177       -3.01634510214867
H            2.91089361406119        2.52939100627848       -7.49792755411982
H            3.48318388523234        3.39072409648055       -5.95177544631697
H            4.69915867421859        0.81108859113200       -7.23288906600889
C            5.61485718174788        1.75434390393555       -5.45289114043417
H           -5.80308503520843       -4.65879402388429       -2.72072841105957
H           -6.02293013697655       -3.70469547601699       -1.13426078611082
H           -6.80814397920603       -2.82473451503103       -4.04350649656150
C           -7.35774323747383       -1.55997705014082       -2.33161443520389
O            6.77651125919418        1.31520508895251       -5.96488056699779
O            5.51051362443847        2.35698833826959       -4.40132710513531
O           -8.38202555638566       -1.17266561689243       -3.12192057241300
O           -7.17026038177175       -1.12757394724647       -1.21214341152300
C            8.00627046670523        1.57139186641819       -5.22371936250841
C           -9.30935503635072       -0.17763675575241       -2.60290636429891
C            8.92816747490223        0.37709641624740       -5.47485601810994
C            8.59255670862260        2.91104215752160       -5.67783715804484
H            7.73007192850017        1.63366420245471       -4.15421857384249
C           -8.77289565415903        1.22797017361479       -2.90259181650674
C          -10.66621829399761       -0.46737635152132       -3.24362249313127
H           -9.35516633791937       -0.32113606494879       -1.50801430795684
H            8.44502550955929       -0.55314328984292       -5.14841143615356
H            9.17277354251158        0.29108381207030       -6.54457948859762
H            9.86911003716163        0.50192949935059       -4.92179142078947
H            7.88837866076089        3.72734901956395       -5.47281133390557
H            9.52825957301227        3.12032003911417       -5.14123929688087
H            8.81621722727313        2.89286051800996       -6.75566636094097
H           -7.79897116932498        1.37915814963455       -2.40939490402208
H           -8.65199231128068        1.37140216231522       -3.98523812305236
H           -9.47390401722669        1.98752108845939       -2.52958857584323
H          -10.99686809323155       -1.48942758807209       -3.01083429215083
H          -11.42549842982698        0.23222841579308       -2.86915058970510
H          -10.61460843042313       -0.36376952486521       -4.33543977995476
H            4.43554439992977       -5.93113915066059        2.22387810941537
H            0.59774945907286       -7.80385194106996        1.47388667421410
H            0.94196600386154        7.31451835804970       -2.37570842006498
H           -3.33530255429781        7.28483078390714       -1.66325764122985
O            3.56621291193744       -3.44123302857640        1.58604965199393
O           -0.61885522895854       -5.47995834612702        0.77071892644697
O            1.27304473607147        4.71130199596565       -1.63790030511902
O           -3.38281498764650        4.69276888184520       -0.85384138748826
C            4.91317243991257       -3.46148247238250        1.94791634261811
C            5.89475743044951       -3.72480181282347        0.98194796765951
C            5.27224104739423       -3.13841385430916        3.26315408302374
C            7.24688167781011       -3.67152554835392        1.34445701493860
H            5.58938074832343       -3.96373109994520       -0.04201322325611
C            6.62796874113188       -3.08654312090973        3.61337091499515
H            4.48234588255784       -2.92718337235164        3.99113202117008
C            7.61706313826969       -3.35437374221782        2.65793353028588
H            8.01783586223611       -3.87617087033710        0.59300987447807
H            6.91444687082779       -2.83410661038737        4.64048849062397
H            8.67857492973017       -3.31406294541316        2.93654731777628
C           -1.57255487912189       -6.47471345046944        0.96113054430188
C           -1.91136585046558       -6.92856088716198        2.24402875475753
C           -2.24980796731115       -6.95636450087614       -0.16761993448497
C           -2.92119526148030       -7.88770087610174        2.38868328219265
H           -1.38547202605919       -6.52444932144023        3.11563291081783
C           -3.26380264959950       -7.90904187533411       -0.00831365527296
H           -1.97442048981804       -6.56794307015477       -1.15342803004347
C           -3.59813779551980       -8.38269571994595        1.26664588472772
H           -3.18598280960547       -8.24777750447814        3.38899804093588
H           -3.79537808968388       -8.28572667793210       -0.88888580282004
H           -4.38811383511950       -9.13572557706274        1.38704684572765
C            2.53864170912747        5.27476724535276       -1.56362321738501
C            2.85769071236683        6.33745370410384       -0.70294439764247
C            3.54223299913477        4.65992325173118       -2.32969608719130
C            4.18064345348265        6.79311702285370       -0.63387770507569
H            2.07579964383651        6.79919979701391       -0.09011761172896
C            4.86121570243237        5.11699618277628       -2.24396694202721
H            3.28148379839102        3.81888946511207       -2.98072607363137
C            5.18537341313176        6.19014546090918       -1.40192236964963
H            4.42854249648803        7.62671442361796        0.03526581077980
H            5.62800435837596        4.61601440213854       -2.84538459440109
H            6.21871838598993        6.55544261592175       -1.33889821013352
C           -4.68119481266319        5.07481783706480       -1.17115383351835
C           -5.08826149646070        5.28422800299245       -2.49677570515273
C           -5.60675617564126        5.15869507170164       -0.12095376059772
C           -6.42662204936690        5.59849064183046       -2.76294122907868
H           -4.35819680093319        5.19323282705707       -3.30791794204123
C           -6.94365024021436        5.46620533012573       -0.40201143803142
H           -5.26210505076157        4.97224481904470        0.90108332479519
C           -7.35742765163980        5.69322104361574       -1.72056461221894
H           -6.74758666082958        5.76249215835937       -3.79740468424039
H           -7.66816217518457        5.53052322557669        0.41694809651259
H           -8.40562008604899        5.93857111033848       -1.93690046565369
N            1.29918591606338        0.60460728432943        0.05755606776486
C            2.36283665287650        1.14691180994906        0.56538651160313
C            2.31545663007881        2.46286999835606        1.11470962530537
C            3.41214912437372        3.00260726424337        1.73443995100603
C            4.59837759708268        2.28409087320148        1.84362491682153
C            4.68491763953701        1.02771982111771        1.26011398880449
C            3.61583038633199        0.45683020834151        0.60253971794886
C            3.76743082289538       -0.79898728964724       -0.19304137108541
C            4.05710204391020       -0.42496353300464       -1.66521525175710
C            5.33775636482528        0.32961841236079       -1.73903952960455
C            5.60605884653809        1.64937728313023       -1.58141067524523
C            7.02804175362046        1.78049505971910       -1.60278094497241
C            7.92677810784686        2.84072623755714       -1.49666585911286
C            9.27507759834540        2.55837763465773       -1.54906776581400
C            9.74310262247251        1.25126504575342       -1.71242578054740
C            8.87280201325984        0.18317408832924       -1.82561839400192
C            7.51869324263568        0.46809540190906       -1.76772318263676
O            6.48721719668254       -0.40768679654464       -1.85126887581725
H            1.39528842563997        3.01555002461402        1.02290047464888
H            3.35687640494594        3.99826234748937        2.14953440972312
H            5.43982167307222        2.71825807700846        2.35783884488118
H            5.61462784530077        0.47863236192710        1.30876932414492
H            2.85165066096323       -1.38953116251483       -0.14839973472172
H            4.59915832552862       -1.38803458586747        0.19167464176235
H            4.13577206691601       -1.33482319126854       -2.26335367378750
H            3.23793300619566        0.18867649520386       -2.04033221648788
H            4.89478909453235        2.44043908668360       -1.47128900599358
H            7.56658439467912        3.85200991755672       -1.37203394419410
H            9.99034040035762        3.36337207926346       -1.46351847181850
H           10.80758362526600        1.07332040707097       -1.74656357892216
H            9.22590472299623       -0.82673402358096       -1.95942514580102
245
 energy: -403.426767091920 gnorm: 0.003857026784 xtb: 6.7.1 (edcfbbe)
N            0.15744550749005       -1.68442166539722       -1.04897111958309
N           -0.01086195392526       -1.01052595771996        1.71423247146088
C           -0.50571392284509       -0.92672678676710       -3.31930034052488
C           -0.03096838158441       -1.88173811372488       -2.39326620244011
C            0.38783661631075       -3.22287540840874       -2.75524125572219
H            0.33517930084221       -3.63824922694589       -3.76271327405148
C            0.85542127526089       -3.81131645193743       -1.61397130871516
H            1.26630234742922       -4.81391518608594       -1.48805586595863
C            0.67607574509895       -2.85253212015975       -0.54110753750503
C            0.90528876339840       -3.13892477483494        0.81963456578755
C            0.51378280077915       -2.27044358568136        1.85801993316399
C            0.48821159009831       -2.64861968924373        3.25848656082388
H            0.84888310813552       -3.60209414463714        3.64725160153511
C           -0.10118857056114       -1.62142717923518        3.93822482062663
H           -0.31782102491975       -1.54405187600851        5.00454701582823
C           -0.39794058532012       -0.58976754545340        2.96174612088758
C            1.48178974502863       -4.47980568440180        1.18997743738389
C            2.83740080617632       -4.60714550881462        1.57569696762956
C            3.38428940867962       -5.85458396610232        1.92731488016740
C            2.57147980261288       -6.99116488327928        1.88550564157077
H            2.99700734891124       -7.96852101116333        2.14867667357997
C            1.22798461647119       -6.90543167730285        1.51131071086434
C            0.68552435152368       -5.65040547470857        1.17562413656486
N           -0.82583262398565        1.65511688409838        1.00769339994991
N           -0.60867312885485        0.99114034228782       -1.74109985226703
C           -0.96861069800259        0.65931692166210        3.28196665000128
C           -1.10234037711866        1.71192495125700        2.34938612928301
C           -1.48834789732719        3.06189167449461        2.70843618603633
H           -1.78084350674668        3.37503332552634        3.71154970838292
C           -1.39257420943606        3.81747489282224        1.57274800180281
H           -1.59775547891511        4.88100377509323        1.44711497379355
C           -1.01319466845717        2.92007859990026        0.50130402478476
C           -0.94022137984113        3.28821868898936       -0.85572058029264
C           -0.83138393440786        2.33747003704654       -1.88877079289988
C           -1.08280155033431        2.63921257281944       -3.28401807147753
H           -1.28775871150509        3.63674380668685       -3.67421624295715
C           -1.06175388907942        1.45116375895725       -3.95734215209020
H           -1.24215176282315        1.26573518175253       -5.01700074235888
C           -0.73151666219565        0.42525198166372       -2.98605504367997
C           -1.05113928315284        4.73826234834309       -1.24109787341168
C            0.11062328508773        5.44991330557249       -1.62901566265147
C            0.03800814264415        6.79071772518282       -2.04831260660744
C           -1.20221397340288        7.43638653172792       -2.05308563702779
H           -1.26271536222366        8.48554263097481       -2.37104422799277
C           -2.36741738282786        6.76925633712248       -1.66342730749171
C           -2.29121602622091        5.41852358822658       -1.27463827472498
Fe          -0.22633778936873        0.02007202102156       -0.01775415979778
Cl          -2.44177052377645       -0.64746143331696        0.02571888344624
C           -1.51471177262917        0.86348617021880        4.67401350563137
C           -0.72587574083328        1.41890085709095        5.71668158262435
C           -2.85982853493922        0.48444815854022        4.94243800157814
C           -1.26974947841904        1.59792492235298        7.00453491555619
N            0.60759513158146        1.79265113562086        5.40723874733034
C           -3.40014610179463        0.68833026069295        6.23044579776298
N           -3.60788271278212       -0.11812663757267        3.90321956592918
H           -0.64107280700861        2.01344540234774        7.79671477645194
C           -2.60004197875647        1.23574670828331        7.23683259440989
C            1.60249155273732        2.22119790634522        6.25706071934843
H            0.85167770246257        1.69563846262388        4.42002450091205
H           -4.44163195832811        0.41220326683511        6.41361335519086
C           -4.93112993441933       -0.51337801704251        3.92298762378273
H           -3.10108817055567       -0.28492066196172        3.02869967552357
H           -3.02625157560931        1.38336186792490        8.23753827335937
O            1.49185846334174        2.32854320439949        7.47352424124101
C            2.90312941995030        2.56517768011587        5.56186896548429
O           -5.70693653000665       -0.29070757421748        4.84742912010727
C           -5.36799817401815       -1.27392248176529        2.69389626054487
C            4.18851274713480        2.20162159793467        6.26061036899294
H            2.92476800159436        2.56592097767612        4.46655551405408
C            3.74598629704224        3.64488260677101        6.25120675816582
C           -6.74306221769540       -0.99744474077910        2.13865081194070
H           -4.60130374297264       -1.57442953001606        1.97050299052386
C           -6.51865138019069       -2.26008128897827        2.93630792542049
H            4.10625014036933        1.67860122013197        7.21650193407409
H            5.03740592668380        1.93540332460033        5.62774098575307
H            3.33261465731877        4.03928708366262        7.18277245033514
C            4.48254651599087        4.62230273088061        5.39172310866478
H           -7.33156162443462       -0.22134626998048        2.63613242533735
H           -6.86067214111003       -1.08826995766689        1.05529078452819
H           -6.90841475573562       -2.27057133234134        3.95895738442755
C           -6.49631408777982       -3.58056752489294        2.24242518622373
O            4.57608261630786        5.81981844611912        5.99449209419654
O            4.95343729551530        4.36942017192732        4.29953027147509
O           -7.06922591434447       -4.53435633283685        3.00947948153531
O           -6.04068836324588       -3.78988278074483        1.13616144974136
C            5.28094122477509        6.89683083597848        5.30825207003069
C           -7.15282747156305       -5.88561969274655        2.47570521585058
C            4.26305707840636        7.75801294647903        4.54777134511393
C            6.05983633968093        7.66671809886577        6.37358122731262
H            5.96817225178241        6.41999597751715        4.58671846063468
C           -7.09748051177754       -6.83447673373347        3.67405548991030
C           -8.43109316497149       -6.02230759395093        1.64090892752498
H           -6.27156220411167       -6.03118248916787        1.82242801646038
H            3.73837602639352        7.15382709392584        3.78960805087573
H            3.52368193750393        8.17993905169415        5.24140876747295
H            4.77755769478438        8.58625116567484        4.04131709481038
H            6.76171298727852        7.00539450101801        6.89767540641743
H            6.63699567648779        8.48076530932836        5.91496038672337
H            5.38203004281634        8.10186288972014        7.11901063446221
H           -6.16905177105053       -6.68455476782585        4.24020544784032
H           -7.95079834929718       -6.66329972042080        4.34746391693383
H           -7.13851520608057       -7.87902392335357        3.33598557975427
H           -8.41223168019019       -5.31882120577567        0.79740340689697
H           -8.51970989489095       -7.04253854347862        1.24233026923820
H           -9.32103030123603       -5.81990721808872        2.25616882617288
C           -0.77586685952637       -1.39930364672130       -4.72600247738799
C            0.15228430644213       -1.17561055917828       -5.77892713410082
C           -1.97492557812420       -2.11458381506549       -4.99613741330049
C           -0.08096414187915       -1.71367969082481       -7.06012826711954
N            1.29008851231804       -0.38010214533653       -5.49034304347828
C           -2.19646933031478       -2.65675784245934       -6.27991502847017
N           -2.93147163629157       -2.21372273837575       -3.95887690991432
H            0.65021844790447       -1.53527121958519       -7.85376206688444
C           -1.24550325410685       -2.45569199415517       -7.28483615369100
C            2.20097322524313        0.17628683433220       -6.36197244796748
H            1.32853480071370       -0.05051586036681       -4.52432499924196
H           -3.11257153787279       -3.22525006910498       -6.46125675772798
C           -4.15113685380076       -2.86032559401174       -3.97135558621760
H           -2.70326380236237       -1.69772096947799       -3.10486454637224
H           -1.42284449826470       -2.88154825084120       -8.28097303133670
O            2.27929511346412       -0.07965363335409       -7.55768363612566
C            3.10301928779845        1.20593224617127       -5.71545581743795
O           -4.54329945872913       -3.58558253850901       -4.87995153413755
C           -5.00044674310124       -2.58223785098486       -2.75493852547407
C            3.37707775693865        2.45961188239247       -6.50932246558576
H            3.06950764729619        1.31440383349295       -4.62568679578522
C            4.47160013869841        1.42939168989769       -6.35854033957757
C           -5.86897183295043       -3.69024528720833       -2.21712686335378
H           -4.63234902032018       -1.85424433937669       -2.02247393277987
C           -6.51438103800416       -2.58459342450243       -3.01685031398382
H            2.91317865217234        2.53074952105565       -7.49672233734016
H            3.48510628618265        3.39216373256516       -5.95047685679957
H            4.70152302156574        0.81258816150092       -7.23129320008049
C            5.61680802676407        1.75595218778967       -5.45113630008477
H           -5.80118152742102       -4.65798020125465       -2.72104433972070
H           -6.02140797994605       -3.70385933668945       -1.13464326221586
H           -6.80612128541587       -2.82402890975490       -4.04406312513952
C           -7.35615020447890       -1.55927027628104       -2.33230996453372
O            6.77857458248943        1.31688716427463       -5.96292082787294
O            5.51221318225185        2.35863395616529       -4.39959843454579
O           -8.38030694447179       -1.17205580016066       -3.12282489851340
O           -7.16891778233094       -1.12682587271918       -1.21281264774619
C            8.00816894456338        1.57320015104312       -5.22154178205734
C           -9.30781293120098       -0.17708382522711       -2.60401627595531
C            8.93021529217502        0.37896549165100       -5.47245872373570
C            8.59444594474552        2.91288154756573       -5.67556641131148
H            7.73169449093242        1.63550046097051       -4.15222675889768
C           -8.77140113240755        1.22855668738979       -2.90363152950771
C          -10.66452870922673       -0.46694190888329       -3.24499063099343
H           -9.35382684951319       -0.32055965908362       -1.50913016282107
H            8.44707873359318       -0.55129750049088       -5.14607076431528
H            9.17503507979434        0.29293248425628       -6.54212100181902
H            9.87103210472011        0.50390485893368       -4.91920991421648
H            7.89017821248537        3.72914258027919       -5.47067281152135
H            9.53002662485392        3.12224638518513       -5.13881504186341
H            8.81832406296024        2.89469514061367       -6.75333546597522
H           -7.79758465126046        1.37983073934880       -2.41024803761521
H           -8.65029779262774        1.37197145089628       -3.98625741679801
H           -9.47253930716062        1.98806375355163       -2.53078373764008
H          -10.99514665559461       -1.48901262442375       -3.01224214296668
H          -11.42393465689123        0.23261471217519       -2.87068431224896
H          -10.61271398585882       -0.36335775179275       -4.33680009286354
H            4.43658278664334       -5.92942682087375        2.22558532703789
H            0.59907630813868       -7.80245037185231        1.47489439772112
H            0.94289885625362        7.31585137590650       -2.37499975732878
H           -3.33450598672208        7.28585925080725       -1.66338282977793
O            3.56718474562281       -3.43959490461978        1.58753383349544
O           -0.61756905871023       -5.47866647628121        0.77143247080702
O            1.27402377915509        4.71267376532028       -1.63706711470458
O           -3.38198131931239        4.69381295022187       -0.85391295922280
C            4.91408248091792       -3.45973410351361        1.94964404931976
C            5.89586653621238       -3.72300023084564        0.98388895611745
C            5.27287031795749       -3.13660877203683        3.26495232528693
C            7.24792483834053       -3.66961481554312        1.34665451142619
H            5.59071045997990       -3.96199222265984       -0.04014680142023
C            6.62851805737048       -3.08463056979553        3.61543306837419
H            4.48281269372088       -2.92542654991281        3.99277173563665
C            7.61782187750252       -3.35241351536255        2.66018950723935
H            8.01903454170573       -3.87423280762263        0.59536314329467
H            6.91478075829338       -2.83214851079937        4.64259942846568
H            8.67927559524162       -3.31201441831010        2.93901100460259
C           -1.57123002142736       -6.47348976141791        0.96168251319779
C           -1.91025660495818       -6.92733120233149        2.24452700172064
C           -2.24822572663164       -6.95521924705431       -0.16718618831910
C           -2.92004028455792       -7.88654351881833        2.38900854750557
H           -1.38456238706549       -6.52315838954224        3.11622263533425
C           -3.26218025016798       -7.90797020830471       -0.00805459463779
H           -1.97267707666980       -6.56680180739276       -1.15295087498506
C           -3.59672757320233       -8.38161787580582        1.26684912724303
H           -3.18499605672121       -8.24661622481847        3.38927923729551
H           -3.79355511103273       -8.28471662963856       -0.88872151826586
H           -4.38666973849871       -9.13470440785227        1.38711643211701
C            2.53957454555388        5.27624004280570       -1.56255873326702
C            2.85837098577363        6.33897788257133       -0.70183586026757
C            3.54335625761977        4.66145838996506       -2.32841696751975
C            4.18125904682959        6.79475767528426       -0.63255300215586
H            2.07632894730689        6.80067334507166       -0.08917616050743
C            4.86227534852499        5.11864835073676       -2.24247379694794
H            3.28280630159919        3.82038240018872       -2.97947836193299
C            5.18620008311690        6.19181954889024       -1.40036989004630
H            4.42898028319959        7.62837083454694        0.03663504009185
H            5.62928652828492        4.61756843849409       -2.84360639767564
H            6.21951326979969        6.55717918434113       -1.33714028480991
C           -4.68032861905728        5.07575701364448       -1.17148740795938
C           -5.08715300301843        5.28510338903937       -2.49719586321677
C           -5.60609937328370        5.15958966537416       -0.12147207113412
C           -6.42548345336785        5.59925884154311       -2.76363006197370
H           -4.35692262864987        5.19414427894730       -3.30819180154558
C           -6.94296308205396        5.46699216423988       -0.40279825748563
H           -5.26163387351051        4.97319085827776        0.90063714194502
C           -7.35650051573938        5.69394431927719       -1.72143487322032
H           -6.74626012745377        5.76321085228444       -3.79815891995684
H           -7.66763856740836        5.53127546979591        0.41601904000657
H           -8.40466846246411        5.93920997366021       -1.93798384836311
N            1.29887052598461        0.60713600938422        0.06229936855671
C            2.36276948103346        1.14194141592238        0.57693676383642
C            2.31797022459080        2.45013678722744        1.14309532637477
C            3.41775698772719        2.98206632421164        1.76384942748009
C            4.60490296554961        2.26299172379363        1.85725763334361
C            4.68736796602851        1.01262311111892        1.26079380234602
C            3.61448863048396        0.44913425752962        0.60339925938754
C            3.75713016929363       -0.80244778793145       -0.20033424314478
C            4.04023679784746       -0.42249820861178       -1.67170965706325
C            5.32629366682460        0.32232203352215       -1.74661858916529
C            5.59597531374136        1.64230048193788       -1.58213180014210
C            7.01765919132148        1.77184403659718       -1.61092862085088
C            7.91769356188522        2.82979225117976       -1.50959956115332
C            9.26558319992959        2.54901530165297       -1.57672152688195
C            9.73162038071220        1.24336997032948       -1.74331808673592
C            8.86020618306660        0.17514581711381       -1.85293023723270
C            7.50603542441032        0.46011566072535       -1.78867287281471
O            6.47340507284635       -0.41570447911982       -1.87239507376519
H            1.39720820626488        3.00366874619225        1.06407446312277
H            3.36455829785634        3.97218696164139        2.19183669217677
H            5.44919304203932        2.69254104280499        2.37042721352216
H            5.61664816821869        0.46267779004821        1.29929798826826
H            2.83896897189881       -1.38868403860469       -0.15346302186235
H            4.58822883674826       -1.39694506006635        0.17635804228878
H            4.10475898264075       -1.32862690570689       -2.27606156585268
H            3.22541991923175        0.20261016823623       -2.03799817088800
H            4.88324527812576        2.43090579984161       -1.46186953025587
H            7.55630594247492        3.83874954546117       -1.37861287126537
H            9.97965563858848        3.35566013481256       -1.49491523573492
H           10.79457913404878        1.06103243715572       -1.78344509804370
H            9.21354923405666       -0.83408228968668       -1.99405624902196
245
 energy: -403.426830025341 gnorm: 0.003345306226 xtb: 6.7.1 (edcfbbe)
N            0.15897530063993       -1.68254393281679       -1.04864426891686
N           -0.00971541830758       -1.00865781801431        1.71451771716936
C           -0.50399176095759       -0.92502598645296       -3.31907765778707
C           -0.02923474619000       -1.87996319952353       -2.39297676898921
C            0.38978716589097       -3.22103841472445       -2.75485708119411
H            0.33730328060588       -3.63645549856715       -3.76232252476489
C            0.85730697498000       -3.80941624989923       -1.61350121447325
H            1.26830957464639       -4.81194436636816       -1.48752631953074
C            0.67768643291491       -2.85064560274282       -0.54069394454510
C            0.90678924376163       -3.13696039468992        0.82009276777718
C            0.51505723778435       -2.26848547330930        1.85839937271396
C            0.48937638941632       -2.64663888531515        3.25887668607907
H            0.85012462145259       -3.60005985636252        3.64769838114863
C           -0.10023321320420       -1.61951529584618        3.93851285958922
H           -0.31700458048706       -1.54213621051933        5.00480758497040
C           -0.39700596824188       -0.58790764011388        2.96197366833392
C            1.48343444732474       -4.47774724016434        1.19052110239611
C            2.83901526677221       -4.60490412343354        1.57640723933768
C            3.38602418235759       -5.85226373033330        1.92811409268241
C            2.57336747996731       -6.98895009518104        1.88623552131441
H            2.99899059167349       -7.96624426771616        2.14948005197291
C            1.22990528060463       -6.90339873954323        1.51188017895417
C            0.68732312448338       -5.64844989040754        1.17609995835598
N           -0.82505594716207        1.65690546528908        1.00782095240038
N           -0.60734904800707        0.99285080651197       -1.74092574884215
C           -0.96786671929208        0.66109411230888        3.28210243110625
C           -1.10165608635434        1.71367665128447        2.34949109803658
C           -1.48784780303981        3.06359923377063        2.70846176235672
H           -1.78050244876060        3.37673010181160        3.71152605702931
C           -1.39202751639421        3.81917159781261        1.57274367859824
H           -1.59733950646599        4.88266910318626        1.44707435262542
C           -1.01241106256356        2.92180504463664        0.50137018407528
C           -0.93931024864947        3.28991356207732       -0.85564907091591
C           -0.83026172321218        2.33916702415102       -1.88864602653365
C           -1.08154510372681        2.64083174860016       -3.28395709700918
H           -1.28658325469570        3.63833058148945       -3.67419052614534
C           -1.06026917365642        1.45278111954217       -3.95724060712625
H           -1.24051211546138        1.26729608680167       -5.01691464829787
C           -0.72999869557399        0.42692706596683       -2.98587478752017
C           -1.05039122552761        4.73993375491003       -1.24107086690503
C            0.11132839869460        5.45172548512410       -1.62886929880587
C            0.03858664865421        6.79251202403540       -2.04820527559334
C           -1.20171773304046        7.43802212470622       -2.05313904620946
H           -1.26231599873622        8.48716320689428       -2.37112899547920
C           -2.36688169065514        6.77075135641290       -1.66360340420714
C           -2.29055032945189        5.42003751782388       -1.27477355202181
Fe          -0.22534113308106        0.02185226757550       -0.01752431173495
Cl          -2.44047560678362       -0.64592484941552        0.02571157774909
C           -1.51416575824580        0.86523900697357        4.67407749364405
C           -0.72552274529462        1.42078044763989        5.71682449218607
C           -2.85926541662600        0.48603604364885        4.94235196375822
C           -1.26957386486664        1.59976614803268        7.00460875858315
N            0.60793449743710        1.79470019108034        5.40752540564893
C           -3.39976207361351        0.68987810005214        6.23028983021484
N           -3.60712279694849       -0.11666079408724        3.90305635850366
H           -0.64104427118645        2.01538589910148        7.79685356899398
C           -2.59984701912056        1.23742195250262        7.23675855576768
C            1.60267915005969        2.22338748441799        6.25746512983392
H            0.85215599900167        1.69768233005147        4.42034570014849
H           -4.44123444347702        0.41362195867438        6.41334110874435
C           -4.93031839244176       -0.51208008437674        3.92268192345660
H           -3.10020171604874       -0.28341038948490        3.02860328905512
H           -3.02619424568111        1.38500571647058        8.23741026087389
O            1.49187763149900        2.33075071499968        7.47391109350025
C            2.90334306985119        2.56751768444478        5.56242455904604
O           -5.70626461811991       -0.28948958238914        4.84702347344856
C           -5.36694579694188       -1.27271295637066        2.69355262417908
C            4.18869610251696        2.20414673534583        6.26131520645470
H            2.92511276517554        2.56821173294401        4.46712611322061
C            3.74598514547634        3.64735029076166        6.25182608396166
C           -6.74197902149154       -0.99642381796054        2.13813883263548
H           -4.60012645631930       -1.57313695314859        1.97025857620942
C           -6.51749968475175       -2.25901104310750        2.93585215098221
H            4.10639438554266        1.68113988025181        7.21720778183293
H            5.03770002322188        1.93802277815814        5.62854861666560
H            3.33245858064249        4.04172565694747        7.18333180772561
C            4.48252835690369        4.62484533885922        5.39241758025844
H           -7.33063751944183       -0.22038899595735        2.63553182892931
H           -6.85944937541692       -1.08728931483634        1.05476684919754
H           -6.90738293832369       -2.26952946123274        3.95845540098396
C           -6.49491081730796       -3.57951545565911        2.24200331615021
O            4.57583873881275        5.82238445432626        5.99515315389860
O            4.95358334352377        4.37200383351815        4.30026230155886
O           -7.06778986824796       -4.53335736103754        3.00900930442282
O           -6.03912644219991       -3.78879472210575        1.13579738460781
C            5.28063841237752        6.89947071488346        5.30897553444299
C           -7.15115406758966       -5.88464369942978        2.47525877628701
C            4.26272881361884        7.76050401539004        4.54834531987960
C            6.05930552953356        7.66948353745109        6.37437974886194
H            5.96801383533597        6.42270987795332        4.58753223192763
C           -7.09582614803483       -6.83346654883962        3.67363729986371
C           -8.42930318025075       -6.02151683830294        1.64031277891568
H           -6.26979250981741       -6.03010917984438        1.82208891851656
H            3.73823313662256        7.15623476941647        3.79008624592592
H            3.52322176194886        8.18235215550658        5.24189257061006
H            4.77718719609608        8.58879625835851        4.04194294571218
H            6.76120620766704        7.00826345398968        6.89857150276712
H            6.63641452441031        8.48359451140699        5.91580806247962
H            5.38135504912132        8.10456038842784        7.11971779468485
H           -6.16748372609737       -6.68341196781470        4.23989345341164
H           -7.94924582770832       -6.66238410863500        4.34694030006850
H           -7.13668636687710       -7.87802691103515        3.33558655780895
H           -8.41043267826210       -5.31804736926654        0.79679358538730
H           -8.51774103411047       -7.04176849369156        1.24174760143134
H           -9.31933929447366       -5.81921676580171        2.25546242187685
C           -0.77391821913099       -1.39767547682100       -4.72579906213905
C            0.15432846255204       -1.17388948079402       -5.77861879495213
C           -1.97285149465936       -2.11311695777478       -4.99606059453287
C           -0.07869763813588       -1.71201870523568       -7.05983441598923
N            1.29200600865496       -0.37823319497185       -5.48990987307564
C           -2.19417447622513       -2.65535019736607       -6.27984977854139
N           -2.92951059862254       -2.21235570344113       -3.95890773622206
H            0.65255482348358       -1.53353457706798       -7.85338627909697
C           -1.24311518988009       -2.45418577636188       -7.28466343827383
C            2.20291608481123        0.17825695666227       -6.36145213991785
H            1.33029407920304       -0.04861396261741       -4.52389701180368
H           -3.11018166502655       -3.22396433138817       -6.46128775258940
C           -4.14908782128337       -2.85911504983502       -3.97152082390405
H           -2.70146934497764       -1.69630276566075       -3.10488361232317
H           -1.42028333445305       -2.88008826292278       -8.28081143431873
O            2.28140786920295       -0.07770191764834       -7.55714730023526
C            3.10473741873543        1.20805104892620       -5.71485896859951
O           -4.54105108550526       -3.58444390866840       -4.88014323582357
C           -4.99858118459982       -2.58110711247822       -2.75520768803944
C            3.37873974519908        2.46173839394170       -6.50872118057559
H            3.07109435521951        1.31652871232203       -4.62509392759946
C            4.47336357606994        1.43166030859437       -6.35779171899694
C           -5.86702594126488       -3.68921433313681       -2.21747379233043
H           -4.63066283392950       -1.85304966325203       -2.02271752413005
C           -6.51248069048418       -2.58366594791562       -3.01729993482848
H            2.91494562999388        2.53278847857623       -7.49617568267612
H            3.48658282574530        3.39431203299148       -5.94988010444569
H            4.70348519338218        0.81485963909895       -7.23049126334039
C            5.61843937310606        1.75836458200406       -5.45025169569250
H           -5.79905073142223       -4.65695280448899       -2.72136035158342
H           -6.01958850027881       -3.70282304613248       -1.13500781595734
H           -6.80407029569592       -2.82316115720552       -4.04454161686756
C           -7.35446798397114       -1.55843025214587       -2.33288456275661
O            6.78031678396341        1.31945186748063       -5.96189871386147
O            5.51364210643454        2.36104553239758       -4.39874504665851
O           -8.37857743707905       -1.17136918373290       -3.12352634482038
O           -7.16742019570509       -1.12593918787784       -1.21337333282978
C            8.00978977364428        1.57595001286290       -5.22036060495395
C           -9.30627284988574       -0.17650583890123       -2.60485438884128
C            8.93201909475332        0.38183207793019       -5.47117129798078
C            8.59594505778882        2.91569961401523       -5.67437434697384
H            7.73320324781000        1.63821517072146       -4.15112544441822
C           -8.77000659182792        1.22919964396112       -2.90443822862852
C          -10.66287528230317       -0.46655200961955       -3.24598276168491
H           -9.35239878794265       -0.31995963780046       -1.50996931430758
H            8.44895569436945       -0.54848392934244       -5.14481552764481
H            9.17696886050399        0.29580004604249       -6.54079970336807
H            9.87274312186852        0.50690310921332       -4.91782123656043
H            7.89154741497976        3.73187424658676       -5.46957669328658
H            9.53141690052407        3.12521238514688       -5.13755261115311
H            8.81995012118255        2.89751582797260       -6.75211120062675
H           -7.79626855014522        1.38061004690929       -2.41094240241998
H           -8.64879377144534        1.37260405347913       -3.98705271697244
H           -9.47128688757820        1.98862405362578       -2.53169129567285
H          -10.99338939144431       -1.48865993770172       -3.01324966848388
H          -11.42241581217940        0.23291550467712       -2.87178304226408
H          -10.61094459515765       -0.36298662638181       -4.33778840310546
H            4.43829307481839       -5.92696236427075        2.22651154682898
H            0.60111760559809       -7.80049916706177        1.47541098543309
H            0.94344902258054        7.31775471257189       -2.37479621136268
H           -3.33403638812094        7.28723051446283       -1.66368469317127
O            3.56864167635659       -3.43726692686362        1.58831928648797
O           -0.61574396650442       -5.47688889167650        0.77175060578267
O            1.27480948729095        4.71463486530895       -1.63676212324370
O           -3.38127551145869        4.69519665687949       -0.85415924115204
C            4.91550747541779       -3.45721888915126        1.95058061837092
C            5.89744077816911       -3.72036754781329        0.98494840016475
C            5.27410387523885       -3.13401148778606        3.26590447879160
C            7.24945620086698       -3.66679974242631        1.34785596022082
H            5.59244268895320       -3.95944440082982       -0.03912143307829
C            6.62969558879943       -3.08184395341066        3.61655319888649
H            4.48392572549873       -2.92291624111714        3.99363293728771
C            7.61914805772986       -3.34952679797767        2.66142785383613
H            8.02067294282120       -3.87134609097253        0.59666209374323
H            6.91580708421729       -2.82930827400974        4.64374310556983
H            8.68056414553293       -3.30898852594212        2.94037295035395
C           -1.56930109135531       -6.47183131187669        0.96191132506550
C           -1.90841999717549       -6.92568583764898        2.24472553876750
C           -2.24609975303288       -6.95367411509657       -0.16702664344054
C           -2.91809738999495       -7.88502512459035        2.38911018797714
H           -1.38288136670373       -6.52142502722384        3.11647418961552
C           -3.25995041217885       -7.90655223775287       -0.00799353190256
H           -1.97048524776055       -6.56524464666275       -1.15276796330284
C           -3.59458769795333       -8.38021316781891        1.26688178629131
H           -3.18312505847464       -8.24510865242219        3.38935752983516
H           -3.79117222942469       -8.28338795111289       -0.88871432708703
H           -4.38444713204803       -9.13339863005560        1.38707298245443
C            2.54030270131198        5.27836746895488       -1.56212169390990
C            2.85884339886223        6.34117075519946       -0.70138592056423
C            3.54427227052628        4.66367289151614       -2.32782822271005
C            4.18166492113462        6.79712290398978       -0.63197384304558
H            2.07667490965468        6.80277445427446       -0.08882990872120
C            4.86309943414631        5.12100650233378       -2.24169109963043
H            3.28389564017682        3.82256020419301       -2.97890789578300
C            5.18679143352163        6.19428794196557       -1.39963391366732
H            4.42920331833447        7.63078034001004        0.03723546966542
H            5.63020436441362        4.62013904340405       -2.84288203254950
H            6.22004673857039        6.55976811204879       -1.33630094725367
C           -4.67963428835844        5.07696728640885       -1.17189841992553
C           -5.08632842100307        5.28622963388322       -2.49765970377574
C           -5.60553976014400        5.16070502307844       -0.12199434698326
C           -6.42466760748053        5.60020706914001       -2.76425972569918
H           -4.35599016708154        5.19534600625515       -3.30856648739843
C           -6.94240979982368        5.46792912757937       -0.40348606520692
H           -5.26117109755057        4.97437493931353        0.90015993866749
C           -7.35582041195731        5.69479689530520       -1.72217666784496
H           -6.74534304281822        5.76409364292561       -3.79883012877282
H           -7.66719045148485        5.53213838984158        0.41524370310189
H           -8.40399397500748        5.93992294135905       -1.93885609960083
N            1.29818404430459        0.61040329398670        0.06602913289011
C            2.36283575961206        1.13691034417769        0.58727384552959
C            2.32207091586392        2.43908422609328        1.16588366679413
C            3.42503909948133        2.96265565924830        1.78847341051948
C            4.61054684729504        2.24038619031445        1.87143652798419
C            4.68813048855173        0.99470030683608        1.26488353262311
C            3.61195246603959        0.43928278966989        0.60656671972347
C            3.74417806228586       -0.80904270294132       -0.20343198693089
C            4.02204472107865       -0.42563800436191       -1.67581243658495
C            5.31221273794340        0.31046158429528       -1.75420453251387
C            5.58392236043084        1.62856201366274       -1.58342665342278
C            7.00514334455054        1.75684429282736       -1.61752538873567
C            7.90680779531749        2.81382895014292       -1.51017633041725
C            9.25463044165667        2.53495510651436       -1.58994251727795
C            9.71822727529281        1.23003420569992       -1.76763628180205
C            8.84557755026467        0.16297761174405       -1.88016046681965
C            7.49135069893852        0.44754607159350       -1.80789186155970
O            6.45654249587382       -0.42668937451767       -1.89175567002208
H            1.40232419923217        2.99510116568496        1.09517598907059
H            3.37575359629346        3.94855815404008        2.22594985766959
H            5.45716532608905        2.66439498889345        2.38539571597676
H            5.61584253430399        0.44219421074544        1.29704243968776
H            2.82230683356228       -1.38940286000251       -0.15339872335230
H            4.57368967801435       -1.41091700601879        0.16655849500071
H            4.07261230394114       -1.32905622151697       -2.28381582796463
H            3.21109010621501        0.20946804335051       -2.03474163135911
H            4.87032670427558        2.41529821701116       -1.45215121986109
H            7.54530272037368        3.82094486285604       -1.36746844631952
H            9.96909315457861        3.34074994496773       -1.50922015529632
H           10.78008424671380        1.04418748180046       -1.81469451243468
H            9.19804082907433       -0.84616380361454       -2.03076639688441
245
 energy: -403.426885680872 gnorm: 0.003460707327 xtb: 6.7.1 (edcfbbe)
N            0.16031989316244       -1.68046951801706       -1.04866308139091
N           -0.00861102693089       -1.00656866509337        1.71449450479895
C           -0.50260838889628       -0.92311357908850       -3.31914972823651
C           -0.02775734075754       -1.87797340308091       -2.39300151187700
C            0.39148904922745       -3.21897419621392       -2.75482125681983
H            0.33913620985505       -3.63443261799922       -3.76227750691880
C            0.85904419164604       -3.80726788875855       -1.61340886477625
H            1.27018908110079       -4.80972360629137       -1.48740022926107
C            0.67917203782418       -2.84852215858060       -0.54065447930003
C            0.90825131701838       -3.13476063647893        0.82018091144003
C            0.51633768101828       -2.26630511390015        1.85842420004010
C            0.49063793871137       -2.64443271444865        3.25891584829414
H            0.85151028566216       -3.59779215262398        3.64777124458210
C           -0.09916805485849       -1.61739436445936        3.93848633157404
H           -0.31601809594786       -1.54001811999920        5.00476545306018
C           -0.39604535369968       -0.58584748735510        2.96189876270270
C            1.48510128579454       -4.47543728638795        1.19065264480982
C            2.84067350753320       -4.60238194160264        1.57662926656774
C            3.38786011765887       -5.84964395818142        1.92838706143627
C            2.57538299206443       -6.98645663475980        1.88648470847931
H            3.00114248106295       -7.96367807473709        2.14977659525057
C            1.23193000951380       -6.90112078054182        1.51204841900550
C            0.68917116028679       -5.64626355153897        1.17620684433798
N           -0.82439745358419        1.65887015500824        1.00767363622590
N           -0.60632129038662        0.99476565073550       -1.74102710011218
C           -0.96711430162144        0.66306457995416        3.28197517601866
C           -1.10103259345349        1.71561260847857        2.34934118932922
C           -1.48743266103816        3.06547969582660        2.70825219661825
H           -1.78019553955908        3.37859340285783        3.71128736178434
C           -1.39165111081509        3.82104390858342        1.57250537935391
H           -1.59712939311126        4.88450739586733        1.44681001578102
C           -1.01183412423110        2.92372567114774        0.50117792561976
C           -0.93870038933460        3.29179984439738       -0.85583747447412
C           -0.82946742332961        2.34105535573283       -1.88879535145985
C           -1.08071288071091        2.64264062977645       -3.28414949059539
H           -1.28587980294733        3.64010361447907       -3.67440584257865
C           -1.05921760073338        1.45459042452095       -3.95739547225419
H           -1.23936297222554        1.26904577070276       -5.01707569245909
C           -0.72883111430121        0.42879434076830       -2.98597545593099
C           -1.05000411196976        4.74179548246694       -1.24129983287139
C            0.11163776889161        5.45375639758933       -1.62904722508250
C            0.03870553295557        6.79452490886564       -2.04841636318432
C           -1.20169786307006        7.43984374358885       -2.05343850267177
H           -1.26243817355029        8.48896824345736       -2.37145609335120
C           -2.36678211951647        6.77240246773381       -1.66395699695449
C           -2.29026147089343        5.42170891761723       -1.27509255593058
Fe          -0.22445361081993        0.02388955676280       -0.01758472434877
Cl          -2.43933204257134       -0.64424097870168        0.02552283588609
C           -1.51353167185603        0.86716326206544        4.67391049856817
C           -0.72503737089227        1.42285162115835        5.71669239702163
C           -2.85858588480368        0.48776216580746        4.94211590347295
C           -1.26919079799260        1.60178386771551        7.00443839683421
N            0.60838667295027        1.79697368371165        5.40745901386688
C           -3.39919380177039        0.69154744629306        6.23001404272213
N           -3.60629860526150       -0.11507815136054        3.90278136390134
H           -0.64077349534611        2.01751823954688        7.79671224775917
C           -2.59942321798223        1.23923867442557        7.23651844871583
C            1.60300733469419        2.22582863987682        6.25745821983041
H            0.85268190637024        1.69996186047075        4.42029984321413
H           -4.44063475123356        0.41513549992245        6.41300987578808
C           -4.92942188359193       -0.51069502454611        3.92234858815519
H           -3.09929238046464       -0.28176741050764        3.02836860149397
H           -3.02585238875724        1.38677935866810        8.23714140214361
O            1.49211351628444        2.33320560539977        7.47389298289093
C            2.90365631007321        2.57014556848865        5.56248951935472
O           -5.70546515432976       -0.28820871256477        4.84663220027370
C           -5.36586728633485       -1.27143079932157        2.69320029853918
C            4.18902486829140        2.20699115761963        6.26145833333991
H            2.92549154411674        2.57078684183172        4.46720639103929
C            3.74609263642877        3.65012351408751        6.25191009161049
C           -6.74090717530386       -0.99536339904610        2.13770193816142
H           -4.59895566115083       -1.57174956502138        1.96996228528602
C           -6.51627958418938       -2.25789567542711        2.93545765646860
H            4.10675516506841        1.68399302522989        7.21735533525629
H            5.03810806560755        1.94098213505272        5.62874950897518
H            3.33245530833813        4.04446099053696        7.18337914487906
C            4.48254090686595        4.62772261468627        5.39252951143892
H           -7.32971593799228       -0.21940790222049        2.63504159907405
H           -6.85829980131181       -1.08627134480964        1.05432442682325
H           -6.90622283023744       -2.26845462169495        3.95803745496995
C           -6.49344663423147       -3.57841881402168        2.24163974501323
O            4.57563369370855        5.82527829698395        5.99523094263988
O            4.95370560869171        4.37492491337786        4.30038607719087
O           -7.06622288787873       -4.53232783581813        3.00863040933990
O           -6.03756306502029       -3.78764807786117        1.13546425220464
C            5.28030521056230        6.90245748312286        5.30907610033323
C           -7.14934595511324       -5.88363954602341        2.47490753625315
C            4.26230285391842        7.76332214281129        4.54836169087626
C            6.05878651689756        7.67261932126758        6.37450698132270
H            5.96779476061208        6.42579126488773        4.58768106951351
C           -7.09394191107428       -6.83242793605843        3.67331035941342
C           -8.42742428889391       -6.02072993497917        1.63988690292659
H           -6.26792311294052       -6.02898403967472        1.82179228413858
H            3.73795510264845        7.15895197223626        3.79005289008038
H            3.52269180275352        8.18506938916624        5.24185591047823
H            4.77666576032613        8.59167957834284        4.04197316214502
H            6.76075928778619        7.01151991206573        6.89875502927362
H            6.63579692614701        8.48680935277739        5.91595040587527
H            5.38072437560906        8.10760949477363        7.11979382787008
H           -6.16565640054774       -6.68221711752442        4.23961837239926
H           -7.94742812931655       -6.66146259998260        4.34655872431461
H           -7.13462040325646       -7.87700231408716        3.33528013101423
H           -8.40861251091328       -5.31727604579207        0.79635342637255
H           -8.51568009815308       -7.04100431326364        1.24133962481894
H           -9.31752815514321       -5.81855362906039        2.25497960986080
C           -0.77237530747028       -1.39584647706193       -4.72587185380640
C            0.15589847592843       -1.17194270974902       -5.77864310979090
C           -1.97117727225025       -2.11147914722477       -4.99619298351144
C           -0.07696520402959       -1.71013491349048       -7.05985904838349
N            1.29344665098006       -0.37610861080033       -5.48987648899408
C           -2.19234453328574       -2.65377579996857       -6.27997923007329
N           -2.92789443362378       -2.21084409813187       -3.95908617329951
H            0.65430552323760       -1.53155490357222       -7.85337208884589
C           -1.24125586169109       -2.45248674675220       -7.28474182089443
C            2.20431255170348        0.18050909976664       -6.36138396361764
H            1.33161837328666       -0.04645683440830       -4.52387345322448
H           -3.10825242702873       -3.22253517312439       -6.46146043507666
C           -4.14735543150277       -2.85779097886765       -3.97177008916489
H           -2.69997602486924       -1.69473469984019       -3.10506660970331
H           -1.41829850897758       -2.87843822826788       -8.28089100777236
O            2.28291534935231       -0.07546483142265       -7.55706763075810
C            3.10593135460238        1.21046813083368       -5.71476204390810
O           -4.53916209075851       -3.58320147018001       -4.88039230327052
C           -4.99697759808612       -2.57988601708784       -2.75550338899981
C            3.37979512735941        2.46417143477715       -6.50863319017703
H            3.07221061740924        1.31895289102896       -4.62499808847471
C            4.47455918803732        1.43427568007875       -6.35761601683570
C           -5.86527800492552       -3.68811662386160       -2.21779999680041
H           -4.62921070106644       -1.85175642335620       -2.02301129220439
C           -6.51085276914723       -2.58268826628157       -3.01769040699548
H            2.91604516162436        2.53512589723247       -7.49611789703198
H            3.48745742476083        3.39677305205375       -5.94980663494644
H            4.70484155477453        0.81748132625620       -7.23028207252117
C            5.61955332441854        1.76116594676400       -5.44996751681513
H           -5.79712290957085       -4.65585656962828       -2.72166062252747
H           -6.01790372279959       -3.70172506553107       -1.13534234659447
H           -6.80234776884421       -2.82224865739072       -4.04494353170361
C           -7.35304727543488       -1.55756053948991       -2.33334891476268
O            6.78150347258005        1.32242746168149       -5.96159550506232
O            5.51462905935403        2.36382482759292       -4.39843849977296
O           -8.37716453871633       -1.17068021735110       -3.12405564944882
O           -7.16612789934495       -1.12502080891622       -1.21383363529101
C            8.01089517195780        1.57913484604026       -5.21999866648776
C           -9.30504446722840       -0.17595076249920       -2.60546567994863
C            8.93332576059528        0.38515089289634       -5.47073025118373
C            8.59688159732989        2.91896824383599       -5.67398689028459
H            7.73416842426310        1.64141731296368       -4.15085932643737
C           -8.76897782372392        1.22983480958985       -2.90504834945002
C          -10.66156428721154       -0.46621893319545       -3.24666767081379
H           -9.35121453040638       -0.31938394576278       -1.51057827435689
H            8.45038063747777       -0.54523087689647       -5.14438234858350
H            9.17834530021487        0.29913004695413       -6.54034206824144
H            9.87399059022554        0.51036408691729       -4.91733805547848
H            7.89233372331680        3.73503444976536       -5.46926081517072
H            9.53227485392564        3.12863133517581       -5.13712217719529
H            8.82094680757396        2.90078877927579       -6.75171461727672
H           -7.79529306938591        1.38140594255113       -2.41149735775157
H           -8.64772282628746        1.37323269726708       -3.98765862558275
H           -9.47039802877467        1.98915767660269       -2.53235988698470
H          -10.99193444385124       -1.48837286315556       -3.01393110628875
H          -11.42123534924372        0.23313958586351       -2.87252870998634
H          -10.60958441407339       -0.36266982266297       -4.33847272642963
H            4.44012392357678       -5.92417175171145        2.22684948626500
H            0.60328319668765       -7.79831894537757        1.47556218767203
H            0.94350775495180        7.31989973346286       -2.37496497711452
H           -3.33401630857321        7.28873232176885       -1.66410679724557
O            3.57011371586211       -3.43464834861853        1.58858108784133
O           -0.61389454943998       -5.47491243071878        0.77177878495826
O            1.27521118522406        4.71684880786951       -1.63684672333601
O           -3.38090582014462        4.69670913338652       -0.85452299746555
C            4.91696837316196       -3.45437213111631        1.95092246233976
C            5.89900657783943       -3.71737612619352        0.98533179731386
C            5.27544266727663       -3.13107553243295        3.26622885251288
C            7.25099530857611       -3.66358809166581        1.34830290672359
H            5.59410967025053       -3.95653758694328       -0.03875234614590
C            6.63100397028130       -3.07867326374663        3.61696015357350
H            4.48518487827988       -2.92007941863628        3.99391024059431
C            7.62055223434876       -3.34623358775102        2.66189729190094
H            8.02228497984455       -3.86803182935889        0.59716486429341
H            6.91701714266982       -2.82607963948585        4.64415585824633
H            8.68194842419807       -3.30552713757969        2.94089879664275
C           -1.56731267509865       -6.46999904101320        0.96190568149706
C           -1.90643532425321       -6.92387643472686        2.24470788228702
C           -2.24396822103572       -6.95197144320581       -0.16706433116598
C           -2.91597456967458       -7.88336945163293        2.38905417860019
H           -1.38101233874206       -6.51951514967469        3.11648032088575
C           -3.25768003459109       -7.90500255835446       -0.00807082886609
H           -1.96835522818512       -6.56352101252217       -1.15279744478160
C           -3.59232013752282       -8.37868690798623        1.26679792644237
H           -3.18100498131741       -8.24347123067751        3.38929446798212
H           -3.78879159022609       -8.28194034793504       -0.88881399670597
H           -4.38207070734060       -9.13199188686364        1.38695681295121
C            2.54063765597687        5.28078157541473       -1.56214744745042
C            2.85894096675538        6.34365653488450       -0.70142849189245
C            3.54476719334226        4.66620101054149       -2.32778343434802
C            4.18170264689408        6.79980283215559       -0.63194816341730
H            2.07667161812257        6.80515087924109       -0.08892788894781
C            4.86348415188933        5.12375983932123       -2.24161486486775
H            3.28454621104204        3.82504184775806       -2.97884406503759
C            5.18696916447346        6.19711322942836       -1.39952695324106
H            4.42906733437771        7.63351965836627        0.03726504961535
H            5.63082286539273        4.62280682762039       -2.84253347637107
H            6.22016010794291        6.56275041674131       -1.33614026578335
C           -4.67930248957066        5.07827296318202       -1.17235318397098
C           -5.08594963526547        5.28744199369178       -2.49814101990843
C           -5.60528473395662        5.16189089779262       -0.12250354559113
C           -6.42432280588099        5.60120695577570       -2.76482790258582
H           -4.35554932997027        5.19665336433405       -3.30900261159795
C           -6.94218416846376        5.46890239569341       -0.40408142816408
H           -5.26094729574793        4.97563754471898        0.89967504656070
C           -7.35555140599963        5.69567623679130       -1.72280421005760
H           -6.74496076776429        5.76502057877170       -3.79942182519582
H           -7.66702429926516        5.53301809384948        0.41460271371349
H           -8.40375027492629        5.94063559163447       -1.93955006382078
N            1.29758131268531        0.61317747084521        0.06860270191714
C            2.36347109872885        1.13107589261894        0.59592867429305
C            2.32718462589260        2.42867878020419        1.18432954643827
C            3.43320423546972        2.94384153419971        1.80921527487107
C            4.61553575045887        2.21617564380915        1.88605877814547
C            4.68808661053008        0.97403937883571        1.27153588477391
C            3.60925879783114        0.42744128014265        0.61048440927840
C            3.73143129394243       -0.81808745325066       -0.20458988249207
C            4.00760467633253       -0.43239375874665       -1.67744884493431
C            5.29965854711431        0.29802263106863       -1.75874717977845
C            5.57372109102847        1.61525717756353       -1.57647466607205
C            6.99447171962170        1.74178871069749       -1.61742460743228
C            7.89634709121567        2.79694505230382       -1.50461116227501
C            9.24382442445652        2.51860929395780       -1.59741783743269
C            9.70564521260550        1.21463941230943       -1.78950364910320
C            8.83305065891971        0.14970998300799       -1.90616991360356
C            7.47895304203413        0.43318336387499       -1.82390190535707
O            6.44177538900709       -0.43977113679730       -1.91061104508898
H            1.40930512137009        2.98827742147308        1.11876892835230
H            3.38887873576521        3.92685056840529        2.25341521371627
H            5.46427218511030        2.63409822396034        2.40172633263883
H            5.61361308463926        0.41766892146956        1.30014062945529
H            2.80569018485999       -1.39159864848125       -0.15385465830954
H            4.55660634849804       -1.42850758757166        0.16170907599033
H            4.04722235782526       -1.33378342146067       -2.28773354580994
H            3.19943629259259        0.20988175117422       -2.03048187880600
H            4.86085322252129        2.40096881901917       -1.43725969399912
H            7.53554177887699        3.80198758057989       -1.34981738871655
H            9.96007131692090        3.32201742559249       -1.51648831401727
H           10.76708359060945        1.02893827720892       -1.84415969268520
H            9.18421628603146       -0.85795942583337       -2.06268667297711
245
 energy: -403.426923193760 gnorm: 0.001462556832 xtb: 6.7.1 (edcfbbe)
N            0.16015405566978       -1.68023874639787       -1.04872715218660
N           -0.00876843100337       -1.00631135994270        1.71444253515864
C           -0.50280889214607       -0.92289289866630       -3.31920518824969
C           -0.02792540097443       -1.87774115871194       -2.39305341833301
C            0.39134631336107       -3.21873202252902       -2.75487259997443
H            0.33899543810585       -3.63419715701294       -3.76232588514345
C            0.85893715936298       -3.80699835824874       -1.61346500965681
H            1.27009634984044       -4.80945533939068       -1.48745277685336
C            0.67904227669960       -2.84826263135500       -0.54071569217717
C            0.90814051033879       -3.13448960807739        0.82012843950494
C            0.51622179984767       -2.26603930308501        1.85836618649886
C            0.49054342414230       -2.64415593960859        3.25886050666061
H            0.85144040862255       -3.59750559488898        3.64771759997519
C           -0.09928002039323       -1.61712709150335        3.93843226527843
H           -0.31612163592747       -1.53975081663069        5.00471234630130
C           -0.39618966196185       -0.58559501803766        2.96184032162865
C            1.48502765390724       -4.47514973756376        1.19059802978670
C            2.84060320487529       -4.60206465771156        1.57656479001719
C            3.38782488914051       -5.84930874733366        1.92832050483553
C            2.57537259453582       -6.98614043973403        1.88643197646590
H            3.00115705943253       -7.96335051724755        2.14972504619514
C            1.23191485421278       -6.90083676892672        1.51200881652396
C            0.68912259496637       -5.64599455181288        1.17616524050383
N           -0.82457552971645        1.65909630489591        1.00760331749601
N           -0.60653921098622        0.99499198466660       -1.74108369954597
C           -0.96728690901484        0.66331130126882        3.28191657676806
C           -1.10123017067483        1.71584605140270        2.34927638748997
C           -1.48766386042519        3.06570621688423        2.70818245888549
H           -1.78042467235151        3.37881997042375        3.71122066015357
C           -1.39190937970623        3.82126472500489        1.57243448431825
H           -1.59741543810657        4.88472513971221        1.44673463427336
C           -1.01206771792945        2.92395250697664        0.50110927559362
C           -0.93896957273329        3.29201912818094       -0.85590664665275
C           -0.82971729241030        2.34126829948019       -1.88886748604701
C           -1.08099164041912        2.64284505187486       -3.28421284554508
H           -1.28618647206782        3.64030093406913       -3.67447631184860
C           -1.05947634613723        1.45479015882616       -3.95745559301825
H           -1.23962864408058        1.26923735253451       -5.01713399796711
C           -0.72905819878688        0.42900584246557       -2.98603924572673
C           -1.05031219240507        4.74201132732998       -1.24137902462095
C            0.11131157654752        5.45399572001204       -1.62914124393202
C            0.03834197681268        6.79476148278975       -2.04851727187662
C           -1.20207587155982        7.44005152663300       -2.05353066852272
H           -1.26284358264303        8.48917282026132       -2.37155331978797
C           -2.36714079437702        6.77258560419489       -1.66403418871897
C           -2.29058388921599        5.42189612169196       -1.27516368124100
Fe          -0.22456618828926        0.02415008082489       -0.01763072006613
Cl          -2.43950840476392       -0.64405035846612        0.02548604857042
C           -1.51369323054459        0.86740141947725        4.67385540578566
C           -0.72520149111595        1.42311352535523        5.71662716403959
C           -2.85873572314925        0.48797110607453        4.94207637325086
C           -1.26934661975329        1.60203995974862        7.00437753181173
N            0.60821122399723        1.79726327207909        5.40737938324663
C           -3.39933611960893        0.69175095410451        6.22997890054100
N           -3.60644476337642       -0.11489168958850        3.90275259104357
H           -0.64093160922170        2.01779323547097        7.79664312510792
C           -2.59956881259064        1.23946585898166        7.23647241529270
C            1.60282944195079        2.22614643821545        6.25736605132427
H            0.85249775026796        1.70025330899192        4.42021792229460
H           -4.44076881751150        0.41531607617048        6.41298627961704
C           -4.92955817898741       -0.51053879956125        3.92233457559125
H           -3.09944306852403       -0.28157421628460        3.02833552505126
H           -3.02599148080502        1.38700220934902        8.23709875662099
O            1.49194484792468        2.33352721662433        7.47380202718422
C            2.90346396326679        2.57048943743211        5.56238299029960
O           -5.70559795821971       -0.28806511774678        4.84662478690565
C           -5.36599844977328       -1.27129062357069        2.69319498879196
C            4.18884744075258        2.20736743973503        6.26134164117512
H            2.92529049926246        2.57111922360577        4.46710141175814
C            3.74588176011549        3.65048990188551        6.25179073854056
C           -6.74104963874667       -0.99525776619011        2.13770881426077
H           -4.59908686973037       -1.57159608797840        1.96995108957543
C           -6.51638576664249       -2.25778140273901        2.93546906455238
H            4.10659981810791        1.68437259337592        7.21724172961685
H            5.03792984156396        1.94137098425174        5.62862717234010
H            3.33224453834948        4.04482302393247        7.18326087051696
C            4.48229852015250        4.62810002644852        5.39239804348714
H           -7.32987129417433       -0.21931338966748        2.63505009442783
H           -6.85845076864893       -1.08617451485019        1.05433311509558
H           -6.90631884799446       -2.26834283565167        3.95805264275293
C           -6.49352945298504       -3.57830563313271        2.24165765285506
O            4.57536931075220        5.82566283872647        5.99509231121186
O            4.95346042373200        4.37530267560435        4.30025699180410
O           -7.06627664524866       -4.53222456788636        3.00866059743632
O           -6.03765213632103       -3.78753182166536        1.13547948271043
C            5.28001065198493        6.90285466074636        5.30892268497043
C           -7.14937414190709       -5.88354156164376        2.47494439927445
C            4.26198279621827        7.76369123995522        4.54822084215141
C            6.05848538035847        7.67303942659310        6.37434170366937
H            5.96750457466998        6.42619930173056        4.58752372807952
C           -7.09393709606441       -6.83232155514062        3.67335175769901
C           -8.42745726504935       -6.02066489571327        1.63993785127862
H           -6.26795452591722       -6.02886878718828        1.82182169988297
H            3.73762967741634        7.15930702080397        3.78994813640072
H            3.52236698106943        8.18542515997424        5.24171489213914
H            4.77631952571262        8.59205740522400        4.04181574914595
H            6.76047811239969        7.01195894850824        6.89858654299704
H            6.63547190783940        8.48724036462648        5.91577517323823
H            5.38042030504533        8.10801798163833        7.11963307301477
H           -6.16564952351517       -6.68208640381018        4.23965020978830
H           -7.94742043304413       -6.66137205672465        4.34660774586689
H           -7.13459487343008       -7.87689863168923        3.33532803208483
H           -8.40866988003403       -5.31721522945597        0.79640025932840
H           -8.51569389909547       -7.04094341637873        1.24139684662876
H           -9.31755967451144       -5.81850569135799        2.25503803639384
C           -0.77257735752396       -1.39564234532654       -4.72592016634481
C            0.15568201812851       -1.17172180081951       -5.77870237827397
C           -1.97136494994003       -2.11130355206804       -4.99622600219436
C           -0.07718349173716       -1.70992735043947       -7.05991304064300
N            1.29320859462162       -0.37585971721257       -5.48995477944107
C           -2.19253299881101       -2.65361230367734       -6.28000720347774
N           -2.92807025895402       -2.21068445799477       -3.95910916367186
H            0.65407566199426       -1.53133486411259       -7.85343424987640
C           -1.24145900338557       -2.45230693568232       -7.28478030026058
C            2.20405874097920        0.18077258552197       -6.36147036455011
H            1.33138509657112       -0.04620472959451       -4.52395361511237
H           -3.10842964249295       -3.22239336740281       -6.46147615346420
C           -4.14751549719504       -2.85765892056292       -3.97177771282543
H           -2.70015462116513       -1.69456530782070       -3.10509449597376
H           -1.41850196106207       -2.87826786361267       -8.28092536156749
O            2.28265420168400       -0.07520567920187       -7.55715468554039
C            3.10566561294101        1.21074623018419       -5.71486024969902
O           -4.53931549592358       -3.58308352385252       -4.88039198325691
C           -4.99713240635264       -2.57976719193002       -2.75550383223347
C            3.37948776529937        2.46445563535333       -6.50874190358569
H            3.07194987364937        1.31924014329112       -4.62509542281262
C            4.47427940435335        1.43458471357682       -6.35773170873844
C           -5.86540190086010       -3.68801447682920       -2.21778641149236
H           -4.62937461053103       -1.85162503065971       -2.02301962502724
C           -6.51101030952788       -2.58260461343455       -3.01767635075172
H            2.91572695364756        2.53539837399533       -7.49622385983976
H            3.48713349392404        3.39706637111172       -5.94992418093320
H            4.70456156796272        0.81779474779517       -7.23039965651640
C            5.61927396239446        1.76150104291317       -5.45010950324290
H           -5.79723003438635       -4.65575539074013       -2.72164254463221
H           -6.01801688808356       -3.70162032110080       -1.13532725377132
H           -6.80250949712512       -2.82217787824790       -4.04492509007824
C           -7.35321979184014       -1.55749414056268       -2.33333140783292
O            6.78122209395785        1.32280056388495       -5.96173463650174
O            5.51432692501203        2.36417467580932       -4.39860428924436
O           -8.37735455502916       -1.17064094065039       -3.12403178290570
O           -7.16630040758960       -1.12494281611831       -1.21382123324459
C            8.01062511449808        1.57953716520265       -5.22014648276715
C           -9.30525223102632       -0.17592867795088       -2.60543658380297
C            8.93306925298902        0.38557618388727       -5.47089370851354
C            8.59657560042007        2.91937250426709       -5.67414510715512
H            7.73393891100862        1.64180042680345       -4.15096530369385
C           -8.76922050443094        1.22986559122512       -2.90503217823336
C          -10.66177148445614       -0.46623240161749       -3.24662358687787
H           -9.35140788097236       -0.31935826070186       -1.51054848464896
H            8.45015875788575       -0.54480972091441       -5.14451988372149
H            9.17808372890838        0.29955334924437       -6.54050220892300
H            9.87374057279530        0.51081864159840       -4.91750770432468
H            7.89201185140058        3.73542390426553       -5.46941488952266
H            9.53198290565014        3.12903881940910       -5.13726008463527
H            8.82062825717143        2.90120332648818       -6.75187730898702
H           -7.79553423122336        1.38146220887207       -2.41149196057299
H           -8.64797942902810        1.37326082784108       -3.98764451008233
H           -9.47065428253619        1.98917495460419       -2.53234110418294
H          -10.99211591989980       -1.48839245939142       -3.01387839322595
H          -11.42145475895017        0.23311055383123       -2.87248099184264
H          -10.60980481827898       -0.36268817970886       -4.33842962711160
H            4.44009274502163       -5.92381113716035        2.22677313030984
H            0.60328768848311       -7.79804937097125        1.47553350334437
H            0.94312894348104        7.32015522907206       -2.37507784804988
H           -3.33438661992974        7.28889314845532       -1.66417716224040
O            3.57001828652968       -3.43431911165036        1.58850830817072
O           -0.61394917117843       -5.47467432148397        0.77174982443163
O            1.27490196109719        4.71711707336591       -1.63695028646240
O           -3.38120909152751        4.69687339903314       -0.85457874371575
C            4.91687701527809       -3.45400562331704        1.95083677312010
C            5.89891229798990       -3.71699530977117        0.98522540669679
C            5.27535455679164       -3.13069041642210        3.26613707017913
C            7.25090017780997       -3.66317200832352        1.34818699518669
H            5.59400807893482       -3.95616243629779       -0.03885623495777
C            6.63092362602042       -3.07825373745785        3.61684374773965
H            4.48510351028268       -2.91970976449018        3.99381684799737
C            7.62046603049119       -3.34579916686258        2.66177732489978
H            8.02219247788511       -3.86759388980215        0.59704500540594
H            6.91693927509513       -2.82564895958404        4.64403755523315
H            8.68186438542344       -3.30506529588586        2.94076627033884
C           -1.56734330211980       -6.46978159364112        0.96189138451951
C           -1.90644295606197       -6.92365972474047        2.24469908758616
C           -2.24399910145441       -6.95177547511824       -0.16706964724848
C           -2.91595913377257       -7.88317498631889        2.38906027219471
H           -1.38102084719945       -6.51928185261065        3.11646428063450
C           -3.25768708996073       -7.90482859812516       -0.00806091698954
H           -1.96840418024376       -6.56332396537360       -1.15280735046543
C           -3.59230396279615       -8.37851370036292        1.26681423310762
H           -3.18097130551712       -8.24327723126787        3.38930545362942
H           -3.78879890426100       -8.28178322795461       -0.88879654760309
H           -4.38203616471272       -9.13183601636261        1.38698427696848
C            2.54031036276110        5.28107935475236       -1.56226269906176
C            2.85859995592943        6.34396528712362       -0.70155934074210
C            3.54445029528939        4.66651256278505       -2.32790675096200
C            4.18135732191758        6.80014127606799       -0.63208746270986
H            2.07632577825987        6.80544687375965       -0.08905264901052
C            4.86317261923267        5.12408150854752       -2.24172417883060
H            3.28424027824633        3.82534622315166       -2.97895945582258
C            5.18662540290424        6.19747139893982       -1.39967201607357
H            4.42870447595380        7.63386737927736        0.03711866820810
H            5.63044147448838        4.62328045575732       -2.84276534063751
H            6.21980839628112        6.56313744354381       -1.33630435189621
C           -4.67961567354300        5.07840588572890       -1.17239890876405
C           -5.08628145638680        5.28755870349102       -2.49818300381687
C           -5.60559062396913        5.16200854843334       -0.12254034843063
C           -6.42466470093992        5.60129160039642       -2.76485821001669
H           -4.35588726683601        5.19678224654560       -3.30905149959610
C           -6.94249916744095        5.46898792506862       -0.40410634764868
H           -5.26123841191286        4.97576870336125        0.89963557907042
C           -7.35588478592456        5.69574503208417       -1.72282703685047
H           -6.74531636821345        5.76509211915365       -3.79945019181564
H           -7.66733301846215        5.53309149432869        0.41458412960876
H           -8.40409149415171        5.94067923690676       -1.93956295609447
N            1.29811095395418        0.61225154427105        0.06838813784177
C            2.36431076736499        1.12938545473638        0.59582634106015
C            2.32859911013835        2.42706666466307        1.18464062335413
C            3.43453855215344        2.94099549275324        1.81038960804912
C            4.61590065759304        2.21191570480103        1.88826274086511
C            4.68797565733393        0.96991162374223        1.27330754974927
C            3.60931525615211        0.42475579047890        0.61096994579444
C            3.73206728280769       -0.82012365862352       -0.20487334690812
C            4.00963208471331       -0.43407626672905       -1.67742109963986
C            5.30042417076106        0.29922695620876       -1.75847975623233
C            5.57557052663421        1.61489147876217       -1.57380648974608
C            6.99630878619931        1.74155740902434       -1.61647461620083
C            7.89880130366733        2.79630658850774       -1.50312517850503
C            9.24572099100245        2.51674862543883       -1.59444975556212
C            9.70664778139458        1.21387127384788       -1.79156009862783
C            8.83313595545083        0.14961397641799       -1.91057909353360
C            7.47992545563056        0.43309454217838       -1.82350527268097
O            6.44247890323357       -0.43865972360120       -1.91010824547067
H            1.41127434610428        2.98754380885760        1.11840216791367
H            3.39114049263924        3.92416036757601        2.25440884101825
H            5.46476104913339        2.62859741008839        2.40461402757630
H            5.61293175129854        0.41247797937453        1.30235552635383
H            2.80599248870824       -1.39367981345977       -0.15627283208493
H            4.55664090348619       -1.43071497060346        0.16288221544257
H            4.05353407410120       -1.33631408916724       -2.28754474264643
H            3.19935037779059        0.20506246139485       -2.03095351634009
H            4.86425235144552        2.40167067806444       -1.43407355835357
H            7.53989132298085        3.80115668384248       -1.34588096041506
H            9.96330929714375        3.31927380409134       -1.51201157350775
H           10.76870689151125        1.03090391337644       -1.85041414770663
H            9.18306778274187       -0.85794258836951       -2.06767478366646
245
 energy: -403.426976451489 gnorm: 0.003389654903 xtb: 6.7.1 (edcfbbe)
N            0.15944304466476       -1.67921986622664       -1.04901499547306
N           -0.00943742243486       -1.00518125235778        1.71421323673395
C           -0.50367813736218       -0.92193043271412       -3.31944878420133
C           -0.02865467937513       -1.87672742422558       -2.39328438237265
C            0.39073678206231       -3.21768085527528       -2.75509827426439
H            0.33838500276527       -3.63316999322575       -3.76253806300671
C            0.85844130638375       -3.80585722311737       -1.61369936483306
H            1.26970111102352       -4.80828311044564       -1.48767649817821
C            0.67848734225910       -2.84712432773353       -0.54097406220227
C            0.90766910509599       -3.13329547363517        0.81989590274323
C            0.51572630571235       -2.26486482610024        1.85811349220213
C            0.49013953196769       -2.64294144743045        3.25861673074337
H            0.85114528343381       -3.59624703884150        3.64748441390550
C           -0.09975940694293       -1.61595357100076        3.93819411973517
H           -0.31656404621732       -1.53857546844280        5.00448003654969
C           -0.39681268156746       -0.58448810422896        2.96158445162228
C            1.48471510962947       -4.47388679239425        1.19035797930865
C            2.84031151026926       -4.60066573600724        1.57627703982490
C            3.38768139440044       -5.84783887635170        1.92803102111900
C            2.57533898778553       -6.98475424668654        1.88620472040912
H            3.00123332347331       -7.96191438264538        2.14950376135477
C            1.23185872195569       -6.89959229222133        1.51183904532735
C            0.68892180432528       -5.64481344725154        1.17598687627363
N           -0.82537934865525        1.66009253634770        1.00728078793017
N           -0.60751450374842        0.99598652439922       -1.74133827145881
C           -0.96803083227872        0.66439582829935        3.28165630871067
C           -1.10209085958425        1.71687127094666        2.34899267369475
C           -1.48866907224178        3.06670444786449        2.70787918350867
H           -1.78141729846225        3.37981624167462        3.71092853384084
C           -1.39302900210772        3.82223967505722        1.57211831198682
H           -1.59865579185258        4.88568267686690        1.44639996264408
C           -1.01310578274499        2.92494462146531        0.50080220617082
C           -0.94014138709945        3.29298876795065       -0.85621514627639
C           -0.83083022681737        2.34221293328453       -1.88918292374683
C           -1.08220963295863        2.64374272025171       -3.28450337888761
H           -1.28752221519231        3.64116668193304       -3.67479270616559
C           -1.06060459144352        1.45566669939157       -3.95772540514879
H           -1.24078577186823        1.27007528241613       -5.01739433268138
C           -0.73004119565845        0.42993667606788       -2.98631745883941
C           -1.05165433535835        4.74296015639699       -1.24173260976141
C            0.10988542552411        5.45504905810951       -1.62956432919416
C            0.03675834357095        6.79580010341303       -2.04896869095323
C           -1.20372290700011        7.44096453450943       -2.05394310373517
H           -1.26461001107768        8.49007183567847       -2.37198870241615
C           -2.36870404985542        6.77339111569555       -1.66437953182510
C           -2.29199046035741        5.42271942929194       -1.27548149730585
Fe          -0.22525721007230        0.02523323861589       -0.01787855678746
Cl          -2.44026924797472       -0.64322323265970        0.02531859712446
C           -1.51439087968281        0.86844982891344        4.67361405086246
C           -0.72590931876549        1.42426606687436        5.71633969395394
C           -2.85938231053326        0.48889141374045        4.94190363583659
C           -1.27001690799881        1.60316924185633        7.00410879146323
N            0.60745401230506        1.79853943905316        5.40702668936470
C           -3.39994819283670        0.69264826423840        6.22982501296452
N           -3.60707651568628       -0.11407094871775        3.90262711704458
H           -0.64161060852674        2.01900508577698        7.79633766406103
C           -2.60019345975366        1.24046809645190        7.23626989985761
C            1.60206318082059        2.22754362951566        6.25695972298883
H            0.85170468441097        1.70152843436541        4.41985733095640
H           -4.44134522570058        0.41611421529351        6.41288361268915
C           -4.93014746821274       -0.50985051042796        3.92227536390046
H           -3.10009456766387       -0.28072507938735        3.02819170716486
H           -3.02658750957018        1.38798646396380        8.23691117600879
O            1.49121984691409        2.33494433944629        7.47339877271390
C            2.90263245400646        2.57200149993497        5.56191394334882
O           -5.70617111936394       -0.28743144579498        4.84659420618670
C           -5.36656592502748       -1.27067497741197        2.69317395937789
C            4.18808256048094        2.20902404055716        6.26082431899116
H            2.92441515620245        2.57258862018817        4.46663908941202
C            3.74497324646880        3.65210327104479        6.25125725800377
C           -6.74166784301267       -0.99479335481897        2.13774124714046
H           -4.59965508969034       -1.57092227509626        1.96990422297279
C           -6.51684406343379       -2.25727732071534        2.93552235716095
H            4.10593265851095        1.68604477049356        7.21673888751894
H            5.03716394386368        1.94308859062562        5.62808435748285
H            3.33133834615471        4.04641706671701        7.18273411042187
C            4.48125836174569        4.62976287905482        5.39180821641585
H           -7.33054570434463       -0.21889624578786        2.63508910687651
H           -6.85910696433156       -1.08574882858881        1.05437311721072
H           -6.90673195926571       -2.26785036028650        3.95812305364617
C           -6.49388576921297       -3.57781089249909        2.24174123202057
O            4.57423052461156        5.82735237554150        5.99447049637185
O            4.95239717279778        4.37698147527363        4.29965247183957
O           -7.06650509124441       -4.53177132548765        3.00879594075953
O           -6.03803629165734       -3.78702206395184        1.13555011299139
C            5.27873198930631        6.90460312377905        5.30824060530931
C           -7.14949062554714       -5.88311080845746        2.47511308756275
C            4.26058813433647        7.76531220895389        4.54756942386699
C            6.05717854667053        7.67488765116415        6.37360847131170
H            5.96624453599509        6.42799542977889        4.58682571963060
C           -7.09390740484923       -6.83185478516199        3.67354135613456
C           -8.42759579538726       -6.02038073594598        1.64016703042130
H           -6.26808522780376       -6.02836429503284        1.82195672672538
H            3.73624855285418        7.16086301479614        3.78937145799202
H            3.52095908692069        8.18699145904225        5.24108129129596
H            4.77481750978920        8.59371973947598        4.04111690796374
H            6.75925971623861        7.01389103984567        6.89783928125757
H            6.63406159832001        8.48913620308867        5.91499745213847
H            5.37910138346972        8.10981702081832        7.11891823952772
H           -6.16561032340448       -6.68151287248547        4.23979656892256
H           -7.94737833699912       -6.66097398243252        4.34683070463468
H           -7.13447521702195       -7.87644413783068        3.33554570853037
H           -8.40891554896363       -5.31694980468006        0.79661110210083
H           -8.51574825647489       -7.04067782724943        1.24165431121969
H           -9.31769178342583       -5.81829548511672        2.25530057373528
C           -0.77345602491031       -1.39475029788255       -4.72613537940815
C            0.15473908442805       -1.17075891512029       -5.77896390624234
C           -1.97218229740198       -2.11053664289749       -4.99637234709884
C           -0.07813273597744       -1.70902131713520       -7.06015176164446
N            1.29218433636178       -0.37477513694760       -5.49029316149416
C           -2.19335317685193       -2.65289880627962       -6.28013099057742
N           -2.92883455582611       -2.20998770726457       -3.95921118074031
H            0.65307487292566       -1.53037404248724       -7.85370916860779
C           -1.24234291462117       -2.45152252680373       -7.28495025662303
C            2.20295324550235        0.18192412094587       -6.36185329485663
H            1.33037653107862       -0.04509546180244       -4.52430042680476
H           -3.10920113678216       -3.22177516340056       -6.46154596840169
C           -4.14821262474312       -2.85708344492993       -3.97181144668627
H           -2.70093134415744       -1.69382548106533       -3.10521848602525
H           -1.41938741663624       -2.87752482908647       -8.28107748547702
O            2.28151885114861       -0.07407482620417       -7.55753763865516
C            3.10449488090047        1.21198577200075       -5.71530215522138
O           -4.53998216006588       -3.58257002753826       -4.88039087141803
C           -4.99780595405267       -2.57924844922123       -2.75550627837181
C            3.37814644982162        2.46571424654671       -6.50922769915174
H            3.07080581917028        1.32052022170014       -4.62553819825196
C            4.47305627959584        1.43595824026233       -6.35823723326232
C           -5.86594043579953       -3.68756894298764       -2.21772515706286
H           -4.63008813966462       -1.85105126174521       -2.02305647911273
C           -6.51169577859951       -2.58224121254132       -3.01761383495088
H            2.91433637495282        2.53659245945341       -7.49669477191957
H            3.48572164838030        3.39835575539829       -5.95044134949881
H            4.70334737629012        0.81917637817500       -7.23091237822555
C            5.61806144311964        1.76300117593849       -5.45069003034866
H           -5.79769466042725       -4.65531489398180       -2.72156106432645
H           -6.01850774015471       -3.70116316866012       -1.13525909807921
H           -6.80321438845068       -2.82187018528602       -4.04484385000452
C           -7.35397349513094       -1.55720276147777       -2.33325574663599
O            6.78000017400928        1.32443330881675       -5.96234874571738
O            5.51309026864326        2.36566741657268       -4.39918228107351
O           -8.37818398885389       -1.17046914701334       -3.12392483192986
O           -7.16705186827337       -1.12460211104841       -1.21376603558611
C            8.00943607825459        1.58129908739577       -5.22082427587657
C           -9.30615889731525       -0.17583445716932       -2.60530985928230
C            8.93196596182037        0.38742624163513       -5.47159965144368
C            8.59522274230515        2.92116925533241       -5.67486888280582
H            7.73281668865078        1.64355674661894       -4.15157160285395
C           -8.77028040606321        1.23000182891017       -2.90496321620515
C          -10.66267664217881       -0.46629200934126       -3.24643090107194
H           -9.35225173745718       -0.31924501984286       -1.51041745173036
H            8.44917914263152       -0.54298897805279       -5.14515831289091
H            9.17694874627058        0.30140624200496       -6.54120372566943
H            9.87265519009764        0.51277923584898       -4.91825300779452
H            7.89059199229836        3.73716156439157       -5.47012611354671
H            9.53065605274849        3.13092711946139       -5.13798676925905
H            8.81923506582977        2.90301100032467       -6.75260834850433
H           -7.79658723738995        1.38170915851977       -2.41146972284899
H           -8.64910045978600        1.37338406185140       -3.98758463419027
H           -9.47177353512976        1.98925154926028       -2.53226034988517
H          -10.99290862562144       -1.48847925011142       -3.01364666674761
H          -11.42241346016563        0.23298380598991       -2.87227234972090
H          -10.61076782036008       -0.36276937579489       -4.33824171626812
H            4.43996863479051       -5.92222964392543        2.22644086316174
H            0.60331794061895       -7.79686851667038        1.47541294234036
H            0.94147966401110        7.32127540787354       -2.37558133647203
H           -3.33600095479656        7.28960162300939       -1.66449293273894
O            3.56961017171926       -3.43286366420376        1.58818574575838
O           -0.61417901015766       -5.47363236535762        0.77162619711492
O            1.27355012290281        4.71829453320275       -1.63740382023557
O           -3.38253019978022        4.69759662552878       -0.85482811706210
C            4.91648558521469       -3.45239954317265        1.95045286318813
C            5.89851688181481       -3.71530944138453        0.98476925793367
C            5.27498738890650       -3.12900200799800        3.26571985179187
C            7.25050833865151       -3.66133076331777        1.34767330948057
H            5.59358407034779       -3.95452695972691       -0.03929349567565
C            6.63058208973835       -3.07641066886213        3.61633831188675
H            4.48475693599479       -2.91808234614560        3.99340864045004
C            7.62010389113399       -3.34388541769741        2.66124827125706
H            8.02179568971827       -3.86568899503167        0.59651185228467
H            6.91661100954366       -2.82375750549626        4.64352147888072
H            8.68151061473583       -3.30303951801677        2.94018360717308
C           -1.56746782347923       -6.46882956145636        0.96183324120896
C           -1.90646625626235       -6.92271025432325        2.24466606138255
C           -2.24412492388534       -6.95091874435948       -0.16708772502790
C           -2.91588130648620       -7.88232300289113        2.38909386918560
H           -1.38104745918319       -6.51825866892992        3.11639903092581
C           -3.25770985205094       -7.90406857964334       -0.00801165933704
H           -1.96861090972661       -6.56246322680226       -1.15284632128891
C           -3.59222438142697       -8.37775611817689        1.26689134724035
H           -3.18081367178320       -8.24242677191318        3.38936046178921
H           -3.78882294706515       -8.28109766602660       -0.88871445049382
H           -4.38187653587157       -9.13115424922023        1.38711228450913
C            2.53889564261461        5.28238209681501       -1.56278061163941
C            2.85711596839579        6.34532044891667       -0.70213177489683
C            3.54307357818865        4.66788604844884       -2.32846525179180
C            4.17984473441251        6.80162746651798       -0.63271448330542
H            2.07482289471825        6.80674273444553       -0.08959930457921
C            4.86178336612635        5.12556327443684       -2.24232379355272
H            3.28292882778687        3.82667302073008       -2.97946052081621
C            5.18512746888677        6.19904137789179       -1.40032726636387
H            4.42712421229139        7.63539806984830        0.03645816291708
H            5.62900279078393        4.62496286844369       -2.84344547788300
H            6.21827491075392        6.56481924916706       -1.33702565498627
C           -4.68098291971004        5.07899180624284       -1.17260370599692
C           -5.08772978058430        5.28807221176473       -2.49837301847911
C           -5.60692417221642        5.16252775612265       -0.12270608444067
C           -6.42615688144091        5.60166494010503       -2.76499716145240
H           -4.35736201102781        5.19734901536470       -3.30927144031480
C           -6.94387382160293        5.46936679915202       -0.40422036401644
H           -5.26250741953008        4.97634737492007        0.89945875811469
C           -7.35734007147503        5.69605017666751       -1.72293082313713
H           -6.74686913878083        5.76540799788897       -3.79958014261141
H           -7.66867941504608        5.53341779597004        0.41449876905850
H           -8.40558107116515        5.94087441646080       -1.93962471241868
N            1.29976622672373        0.60891219353245        0.06725915687279
C            2.36752192664484        1.12191439147849        0.59561159762402
C            2.33466471843604        2.41975088856639        1.18566957874423
C            3.44036415050673        2.92836929580705        1.81561059432575
C            4.61788097088619        2.19354814185748        1.89801594692117
C            4.68781685111799        0.95244220467197        1.28093085701045
C            3.60982440000324        0.41337269365579        0.61257514403171
C            3.73481231882940       -0.82927034701542       -0.20597947399948
C            4.01864691137046       -0.44106881355312       -1.67673754933218
C            5.30454672375004        0.30256262229788       -1.75500820610224
C            5.58281183698390        1.61467443482691       -1.56372794662182
C            7.00396483953575        1.74062160330278       -1.60956580419983
C            7.90858362083321        2.79319494793891       -1.49087563903211
C            9.25394801672195        2.50996861377672       -1.58658557325015
C            9.71199945541340        1.20986319766130       -1.80184761273397
C            8.83565295493360        0.14806512280876       -1.92653850480926
C            7.48470122454533        0.43261363506859       -1.82380307381412
O            6.44636780309665       -0.43545416052089       -1.91179587875742
H            1.41964729565985        2.98378278729151        1.11636059315176
H            3.40048728712849        3.91168297798643        2.25976847432408
H            5.46679238286606        2.60487561095049        2.41845522402011
H            5.61007567972816        0.39043158623414        1.31276035480921
H            2.80769348976889       -1.40253674514077       -0.16503104625254
H            4.55675799657552       -1.44110953254543        0.16619734237458
H            4.07900336010401       -1.34512398188660       -2.28571592408624
H            3.20177490451381        0.18649818906350       -2.03504076826076
H            4.87676341500762        2.40558287234269       -1.42131100980511
H            7.55569865455677        3.79802573565926       -1.32570507169003
H            9.97587182978278        3.30882946167816       -1.49609400158796
H           10.77533173057478        1.03428499398897       -1.87352725723726
H            9.18130966899681       -0.85873997010825       -2.09283799456335
245
 energy: -403.426996950650 gnorm: 0.002314641831 xtb: 6.7.1 (edcfbbe)
N            0.15924628843027       -1.67890779757775       -1.04908960849233
N           -0.00961240148100       -1.00484075905787        1.71414947727054
C           -0.50391644448148       -0.92164597581325       -3.31951362597032
C           -0.02885331217755       -1.87642406438012       -2.39334491140051
C            0.39057587414233       -3.21736963012102       -2.75515463152010
H            0.33822217049408       -3.63286572396957       -3.76258985707834
C            0.85830661657968       -3.80552602868736       -1.61375649928143
H            1.26960140046258       -4.80793148974479       -1.48772912371040
C            0.67833760530345       -2.84678187838099       -0.54103512525887
C            0.90754609437168       -3.13293418135985        0.81983447461561
C            0.51559190532388       -2.26450633736333        1.85804897463303
C            0.49003368293305       -2.64257286495723        3.25855433653755
H            0.85107136109903       -3.59586441020003        3.64742727133422
C           -0.09988816573014       -1.61559643405562        3.93813097103933
H           -0.31668282925058       -1.53821560739537        5.00441925756439
C           -0.39698304638138       -0.58415154480554        2.96151525593135
C            1.48463763236552       -4.47350602984175        1.19029914940288
C            2.84024221071007       -4.60024159257351        1.57620526346876
C            3.38765346133325       -5.84739632417749        1.92796134024682
C            2.57534462541646       -6.98433597869156        1.88615430196271
H            3.00127112318839       -7.96148101270070        2.14945682944978
C            1.23185713817683       -6.89921688419248        1.51180445211571
C            0.68887897645427       -5.64445645497212        1.17594810842466
N           -0.82562027781153        1.66040162600105        1.00718962641286
N           -0.60779295061335        0.99628194297519       -1.74141431948490
C           -0.96823612370790        0.66472467487170        3.28158296777692
C           -1.10233733920320        1.71718356284190        2.34891559279039
C           -1.48895257418780        3.06701009075742        2.70779264031517
H           -1.78169720700673        3.38012148061958        3.71084305500690
C           -1.39334533959037        3.82253782020521        1.57202297004226
H           -1.59900714078445        4.88597361372743        1.44629916845502
C           -1.01340646935258        2.92524422068309        0.50071274721796
C           -0.94047113970912        3.29328146668908       -0.85630868413210
C           -0.83114825132043        2.34249856665795       -1.88927137463727
C           -1.08255250864932        2.64400929731172       -3.28459236236068
H           -1.28789890043125        3.64142366706356       -3.67488633931451
C           -1.06091999310781        1.45592833734511       -3.95780352278600
H           -1.24110847867825        1.27032306679058       -5.01746828887716
C           -0.73031519146659        0.43021560646959       -2.98639090828877
C           -1.05203425657980        4.74324481757514       -1.24183900197500
C            0.10947816361823        5.45536590852287       -1.62969182825214
C            0.03630777471381        6.79611046094829       -2.04910595236668
C           -1.20419265810067        7.44123808317120       -2.05407066715650
H           -1.26511474983700        8.49034094354134       -2.37212424373440
C           -2.36914938169340        6.77363335998048       -1.66448710382259
C           -2.29239080960620        5.42296727661921       -1.27557863790474
Fe          -0.22548194447454        0.02554945594255       -0.01796915855226
Cl          -2.44046853135182       -0.64297275258891        0.02527485098556
C           -1.51458498485094        0.86877162781552        4.67354665105774
C           -0.72610748041522        1.42461979030915        5.71625818356873
C           -2.85956169376125        0.48917571238021        4.94185580799292
C           -1.27020451133613        1.60351825985810        7.00403226424366
N            0.60724151668294        1.79893081066745        5.40692583818961
C           -3.40011810230068        0.69292728686053        6.22978180536120
N           -3.60725081441506       -0.11381793980328        3.90259314340349
H           -0.64180085234031        2.01937956750953        7.79624999862003
C           -2.60036744968480        1.24077968254506        7.23621243612179
C            1.60184792747236        2.22797107663366        6.25684415205478
H            0.85148315260379        1.70191698891722        4.41975477096095
H           -4.44150486006294        0.41636431337792        6.41285532167364
C           -4.93030948850879       -0.50963629680498        3.92226100659944
H           -3.10027407767491       -0.28046427936691        3.02815336323050
H           -3.02675391370891        1.38829406395820        8.23685758470077
O            1.49101583189581        2.33537930613360        7.47328342381437
C            2.90239791031544        2.57246124603131        5.56178094714887
O           -5.70632871813014       -0.28723245183332        4.84658727928536
C           -5.36672040564406       -1.27048454334641        2.69317142527508
C            4.18786765266468        2.20952846867915        6.26067716997621
H            2.92416667111401        2.57303620928208        4.46650762328649
C            3.74471578249495        3.65259519189994        6.25110286210723
C           -6.74183726735386       -0.99464825854171        2.13775301018566
H           -4.59980947248850       -1.57071507362645        1.96989503341013
C           -6.51696644834235       -2.25711842168266        2.93554219854193
H            4.10574597831237        1.68655501087505        7.21659688377570
H            5.03694998103102        1.94361253922170        5.62792945175529
H            3.33108079232779        4.04690502195043        7.18258105473695
C            4.48096064893200        4.63027108164350        5.39163700609871
H           -7.33073202345289       -0.21876422576586        2.63510128559767
H           -6.85928679765553       -1.08561627706893        1.05438710770439
H           -6.90684165694591       -2.26769463691993        3.95814770944371
C           -6.49397755562997       -3.57765796871270        2.24177227144369
O            4.57390770371657        5.82786502054347        5.99428595370876
O            4.95209698725366        4.37749251722960        4.29947132751274
O           -7.06655926613945       -4.53162862772597        3.00884141508338
O           -6.03813514624291       -3.78686461383466        1.13557729153174
C            5.27836764824278        6.90513178185883        5.30803938716874
C           -7.14951125333730       -5.88297479227090        2.47517176503878
C            4.26018744974608        7.76580510023718        4.54737126395367
C            6.05680267090511        7.67544952965871        6.37339157278512
H            5.96588515845434        6.42853887338986        4.58661991084591
C           -7.09388525112538       -6.83170731495825        3.67360747769531
C           -8.42762255964720       -6.02029004618891        1.64024203279322
H           -6.26810952427815       -6.02820804007851        1.82200576367444
H            3.73586112169642        7.16133261545902        3.78917300719656
H            3.52055430913570        8.18746808790161        5.24088993479960
H            4.77438661414421        8.59422355078621        4.04090740827531
H            6.75890999547094        7.01447838087769        6.89761935919652
H            6.63365612547210        8.48971153337627        5.91476620354029
H            5.37872147176345        8.11036543081524        7.11870540630793
H           -6.16558581188392       -6.68133311499875        4.23984995313939
H           -7.94735316714601       -6.66084601324742        4.34690563965367
H           -7.13442638755912       -7.87630076382236        3.33562094480036
H           -8.40897331670329       -5.31686564222339        0.79667998640742
H           -8.51574956517650       -7.04059314113735        1.24173918649834
H           -9.31771703626126       -5.81822583722528        2.25538476691043
C           -0.77369658104342       -1.39448657188339       -4.72619326736204
C            0.15447834796023       -1.17047713044806       -5.77903448992178
C           -1.97240512776721       -2.11031065627425       -4.99640919957379
C           -0.07839220463816       -1.70875655156905       -7.06021493560083
N            1.29190623787030       -0.37445752256460       -5.49038343956335
C           -2.19357540968831       -2.65269011337036       -6.28016044304395
N           -2.92904179937654       -2.20978152061566       -3.95923547832235
H            0.65280029099605       -1.53009424696358       -7.85378260769223
C           -1.24258324335854       -2.45129402781097       -7.28499294631527
C            2.20264531790679        0.18226216723301       -6.36196064831029
H            1.33009774947949       -0.04476593302896       -4.52439452745718
H           -3.10940882885155       -3.22159506601095       -6.46155959986633
C           -4.14840107714094       -2.85691333119477       -3.97181546247718
H           -2.70114351930993       -1.69360516078908       -3.10525009714578
H           -1.41962727445698       -2.87730982089879       -8.28111449587145
O            2.28120505215109       -0.07374361195876       -7.55764269862373
C            3.10416392367101        1.21235821776760       -5.71542957263007
O           -4.54016006454269       -3.58241909720388       -4.88038397268922
C           -4.99798782126033       -2.57909320931623       -2.75550230336897
C            3.37776958351357        2.46608845823610       -6.50936830362884
H            3.07048341749297        1.32090437559521       -4.62566823327678
C            4.47271235248871        1.43636829253370       -6.35838047649701
C           -5.86608305940267       -3.68743487834454       -2.21770109365418
H           -4.63028274649914       -1.85087890088864       -2.02306310536269
C           -6.51188064465567       -2.58213318340435       -3.01759127363277
H            2.91394579399268        2.53694244717709       -7.49682965489867
H            3.48532416697766        3.39873587442334       -5.95059029712357
H            4.70301322407648        0.81958309149716       -7.23105205795088
C            5.61772040438503        1.76344820784798       -5.45083916666787
H           -5.79781474158119       -4.65518313151649       -2.72152963398533
H           -6.01863684155217       -3.70102448181226       -1.13523309327341
H           -6.80340480373776       -2.82177925941718       -4.04481578525620
C           -7.35418082956005       -1.55711334610785       -2.33323207707028
O            6.77966666289061        1.32491447316549       -5.96251814663222
O            5.51276195442011        2.36610799763276       -4.39931110297146
O           -8.37841218798603       -1.17041686922570       -3.12389112133688
O           -7.16725802405408       -1.12449818049943       -1.21374787064616
C            8.00909803706901        1.58182003695515       -5.22101485999404
C           -9.30641007340726       -0.17580598596974       -2.60527400700355
C            8.93166473784929        0.38797136814220       -5.47179150643528
C            8.59484150304547        2.92170728323930       -5.67508017672411
H            7.73247918207136        1.64408598257151       -4.15177139158243
C           -8.77057689336381        1.23004443329910       -2.90494571238359
C          -10.66292716760859       -0.46630875162521       -3.24637603794542
H           -9.35248550978692       -0.31920801247552       -1.51037969818351
H            8.44890162002996       -0.54245703218827       -5.14534732053828
H            9.17663347990910        0.30195237186754       -6.54140016487542
H            9.87235389211473        0.51335807432612       -4.91846048582213
H            7.89018706641843        3.73768081539179       -5.47033737355221
H            9.53026711375618        3.13150774978940       -5.13822486565659
H            8.81884034496400        2.90354223747952       -6.75282167406131
H           -7.79688222997608        1.38178451188598       -2.41146524045544
H           -8.64941439538301        1.37342085739796       -3.98756965302772
H           -9.47208798628559        1.98927618056761       -2.53224075077323
H          -10.99312612050265       -1.48850377487781       -3.01357907346737
H          -11.42268017393637        0.23294777413535       -2.87221420383395
H          -10.61103466845140       -0.36279373854296       -4.33818831700088
H            4.43994676854528       -5.92175319166008        2.22635946701025
H            0.60334239410117       -7.79651191480218        1.47539381428290
H            0.94100966367320        7.32160972509955       -2.37573381420704
H           -3.33646155463556        7.28981541650900       -1.66459305132112
O            3.56950467957294       -3.43242167679345        1.58810050860811
O           -0.61423174266990       -5.47331806335639        0.77160224341872
O            1.27316434670368        4.71864613360258       -1.63753581253160
O           -3.38290436690526        4.69781577043495       -0.85490542948533
C            4.91638391504293       -3.45191564866899        1.95034949339874
C            5.89841606066668       -3.71479854198462        0.98465481684491
C            5.27489630995378       -3.12849198391844        3.26560379319358
C            7.25041183739830       -3.66077579898581        1.34753640678277
H            5.59347764242574       -3.95404025350014       -0.03940269149085
C            6.63049251381399       -3.07585664303050        3.61621030005519
H            4.48466661772097       -2.91758888462719        3.99330246921268
C            7.62001106902236       -3.34330865743593        2.66110659931319
H            8.02169238444376       -3.86512285098746        0.59636924752803
H            6.91652676390724       -2.82318562313087        4.64338542011158
H            8.68142035679922       -3.30243061998955        2.94002736124379
C           -1.56748907691159       -6.46854148638285        0.96182901646506
C           -1.90645854229904       -6.92242142160327        2.24466989434399
C           -2.24414548803992       -6.95066036552298       -0.16707969482232
C           -2.91584346644144       -7.88206278814533        2.38911817569742
H           -1.38104130052165       -6.51794678750110        3.11639315193927
C           -3.25770053237356       -7.90383893245737       -0.00798332541450
H           -1.96865525104149       -6.56220512999804       -1.15284500325075
C           -3.59218558318654       -8.37752556315450        1.26692765858613
H           -3.18075319572796       -8.24216593618853        3.38939096575290
H           -3.78881314931576       -8.28089119989680       -0.88867657808695
H           -4.38181410582547       -9.13094599843888        1.38716479644025
C            2.53849788050191        5.28277191006737       -1.56293954365280
C            2.85669356611248        6.34572711477671       -0.70229906303060
C            3.54268732239347        4.66829381195268       -2.32862514768704
C            4.17940865798629        6.80207514584176       -0.63290641363054
H            2.07439559652507        6.80712976317561       -0.08976054503862
C            4.86138121794810        5.12600914603397       -2.24250297824641
H            3.28256185934011        3.82706831280983       -2.97960624082712
C            5.18470490384090        6.19950811420007       -1.40051860957928
H            4.42667379248768        7.63585692530490        0.03625984665594
H            5.62864986612786        4.62537309053370       -2.84358332188207
H            6.21783869701282        6.56531808242854       -1.33723682366460
C           -4.68137226801349        5.07916993602969       -1.17266851585370
C           -5.08814145634540        5.28822693924622       -2.49843481632533
C           -5.60730319542300        5.16268723018528       -0.12276059509603
C           -6.42658092276532        5.60177787380268       -2.76504537416375
H           -4.35778070305326        5.19751862274785       -3.30934107884060
C           -6.94426547600483        5.46948439661969       -0.40426133368794
H           -5.26286853469533        4.97652572306843        0.89940165001211
C           -7.35775441123444        5.69614434483465       -1.72296833647826
H           -6.74731066235639        5.76550274135403       -3.79962564830520
H           -7.66906297314603        5.53352089903591        0.41446606614164
H           -8.40600522654804        5.94093579045370       -1.93965188883931
N            1.29998472441177        0.60822757000774        0.06675318855038
C            2.36828941386723        1.11964491542265        0.59557715122240
C            2.33634502818555        2.41721792580961        1.18614109390617
C            3.44189954071905        2.92424791089643        1.81770996748310
C            4.61850697609261        2.18804025747705        1.90125084170231
C            4.68786461566331        0.94749835452623        1.28311563433005
C            3.61011064106493        0.41015305810677        0.61277928535359
C            3.73534981461039       -0.83168160915179       -0.20696240107682
C            4.02105885723977       -0.44250871536075       -1.67705165273574
C            5.30633445217897        0.30211099629060       -1.75353377600599
C            5.58482478941296        1.61434777417957       -1.56012465972798
C            7.00611326350719        1.73999126687375       -1.60721650048030
C            7.91105830892074        2.79193748204411       -1.48654412821064
C            9.25642386032199        2.50864476836301       -1.58579298370667
C            9.71407487154416        1.20864703985355       -1.80475824902662
C            8.83751948655273        0.14742439889413       -1.93029874704716
C            7.48651126950590        0.43231919710840       -1.82552475327818
O            6.44808200073168       -0.43570396003070       -1.91396131071363
H            1.42193431926733        2.98213502421509        1.11603119932833
H            3.40274027308722        3.90735990811445        2.26232867772621
H            5.46712450577806        2.59801058710262        2.42331881628389
H            5.60951651888949        0.38458144615241        1.31540469377633
H            2.80811685732586       -1.40459304843009       -0.16716558451070
H            4.55661743381529       -1.44424490911679        0.16518515692157
H            4.08367074352903       -1.34601085718235       -2.28580918948344
H            3.20414430811671        0.18390882647192       -2.03717458007932
H            4.87928369738805        2.40545149271177       -1.41533154640467
H            7.55853035685344        3.79658316028376       -1.31792755711459
H            9.97843122436960        3.30706375666186       -1.49449557815553
H           10.77691825439287        1.03246997446082       -1.87793622914130
H            9.18266075578271       -0.85910111920139       -2.10090491077664
245
 energy: -403.427037333132 gnorm: 0.001275678029 xtb: 6.7.1 (edcfbbe)
N            0.15866150079076       -1.67791442160280       -1.04930472479226
N           -0.01012438951299       -1.00375320602276        1.71396592108020
C           -0.50462214899353       -0.92074133646772       -3.31970201623242
C           -0.02943654206482       -1.87545906659911       -2.39351846227065
C            0.39011173543702       -3.21637820183432       -2.75530944367638
H            0.33775591880712       -3.63190016511438       -3.76272957466472
C            0.85792658125160       -3.80446759318645       -1.61391296831074
H            1.26932642616080       -4.80681385120046       -1.48786783732888
C            0.67790508603945       -2.84569360490469       -0.54120408984084
C            0.90719370536778       -3.13178539235625        0.81966355270751
C            0.51520278972324       -2.26336255277011        1.85786799801466
C            0.48972825198253       -2.64139650688967        3.25837953032779
H            0.85086564928685       -3.59464242725773        3.64727022213096
C           -0.10026685166287       -1.61445469603549        3.93795079566469
H           -0.31703227437670       -1.53706362453094        5.00424510292850
C           -0.39748960982526       -0.58307371160539        2.96131612216826
C            1.48442680540242       -4.47229441549310        1.19014123496436
C            2.84005607536692       -4.59889244526280        1.57600894240600
C            3.38759629542008       -5.84598860536977        1.92777517009696
C            2.57539319189907       -6.98300440173843        1.88602865509403
H            3.00141987270726       -7.96010179901219        2.14934391765674
C            1.23188386591534       -6.89802064224387        1.51172483270523
C            0.68877736141172       -5.64331873114725        1.17585265718877
N           -0.82634390435402        1.66138971245992        1.00691628418562
N           -0.60862739785346        0.99721959468853       -1.74164186008511
C           -0.96885322266012        0.66577645027479        3.28136524244425
C           -1.10308158612472        1.71818279498121        2.34868502497226
C           -1.48981424643013        3.06798640804356        2.70752836814220
H           -1.78255021120424        3.38110004041896        3.71058132430600
C           -1.39430721374618        3.82348977955815        1.57172957719893
H           -1.60007920814215        4.88690388457051        1.44598846686952
C           -1.01431265250284        2.92619967757619        0.50044343892193
C           -0.94146950425205        3.29421236339219       -0.85659481916008
C           -0.83210511484311        2.34340636471935       -1.88953508971149
C           -1.08358578398991        2.64485550136009       -3.28486323651828
H           -1.28903791393204        3.64224100161259       -3.67517203632003
C           -1.06186695672717        1.45675957795680       -3.95803657554549
H           -1.24207536259682        1.27110850518722       -5.01768926278826
C           -0.73113078613197        0.43110140171754       -2.98660492182362
C           -1.05318936981065        4.74415160212486       -1.24216611922117
C            0.10823890181479        5.45637318033840       -1.63008449283776
C            0.03493276712915        6.79709669910061       -2.04953046004716
C           -1.20562813492461        7.44210846625136       -2.05446814449665
H           -1.26665934514388        8.49119690298185       -2.37254888022323
C           -2.37050892777393        6.77440609651454       -1.66482382800285
C           -2.29361053061437        5.42375859426593       -1.27588023971622
Fe          -0.22614963419276        0.02655734448139       -0.01824354375761
Cl          -2.44106862444962       -0.64217091766443        0.02514962163999
C           -1.51517006306314        0.86980359992673        4.67334645868445
C           -0.72670723079257        1.42575370803769        5.71601431586204
C           -2.86010119833132        0.49009025847265        4.94171444162874
C           -1.27077500176844        1.60463903604561        7.00380248394302
N            0.60659681518780        1.80018187579688        5.40662362312863
C           -3.40063103081572        0.69382707334541        6.22965323159785
N           -3.60777184501712       -0.11300302447147        3.90249415227901
H           -0.64238168584867        2.02058124970025        7.79598637204327
C           -2.60089550635193        1.24178318681987        7.23604011821673
C            1.60119329939832        2.22933643972615        6.25649786634817
H            0.85081291102063        1.70315736016834        4.41944827747213
H           -4.44198589190229        0.41717338929291        6.41277158225783
C           -4.93079215311623       -0.50894355997284        3.92222138696941
H           -3.10080931697855       -0.27962698945801        3.02804197158187
H           -3.02726072066891        1.38928629613706        8.23669625365330
O            1.49039174465247        2.33677102863713        7.47293736299638
C            2.90168287038806        2.57392754254671        5.56138250489300
O           -5.70679964354417       -0.28658593672319        4.84656867619912
C           -5.36717621320292       -1.26986815371801        2.69316882264499
C            4.18721259442842        2.21113624908117        6.26023755424312
H            2.92341177578991        2.57445897971398        4.46611600741166
C            3.74392729388504        3.65416371847485        6.25063720439705
C           -6.74233878721649       -0.99417508394405        2.13779182394349
H           -4.60026301093465       -1.57004731644578        1.96987368005129
C           -6.51732208274831       -2.25660051962399        2.93560867305142
H            4.10517818254369        1.68818321220806        7.21617362999411
H            5.03629903414844        1.94527896079015        5.62746899854524
H            3.33029073038631        4.04846218277111        7.18211793073010
C            4.48004828078676        4.63188942774536        5.39112315403488
H           -7.33128781186108       -0.21833124518980        2.63513897817709
H           -6.85981845320112       -1.08518416438557        1.05443262805687
H           -6.90715977892357       -2.26718542028198        3.95822848592810
C           -6.49423518029836       -3.57716046031341        2.24187599563276
O            4.57291473187697        5.82949767264697        5.99372428151985
O            4.95117680104893        4.37911797292523        4.29892759979620
O           -7.06670074032039       -4.53116143893655        3.00899031925357
O           -6.03841274758881       -3.78635385001175        1.13566999201630
C            5.27724441702362        6.90681473678830        5.30742689387422
C           -7.14954603533109       -5.88252950933188        2.47536399388991
C            4.25895273098560        7.76737410462966        4.54676642612352
C            6.05564223604974        7.67723720458806        6.37272988240146
H            5.96477916882288        6.43026791196621        4.58599506156411
C           -7.09378852595092       -6.83122422160584        3.67382448852601
C           -8.42767454810102       -6.01998833653093        1.64048280330044
H           -6.26815426675214       -6.02770009404356        1.82216994438603
H            3.73466509677742        7.16282896845907        3.78857918372635
H            3.51930603976346        8.18898668436472        5.24030242270658
H            4.77305845124064        8.59582546663627        4.04026489870525
H            6.75783078316450        7.01634675110625        6.89695112362112
H            6.63240356330567        8.49154102850447        5.91405977146616
H            5.37754646888874        8.11211234539396        7.11805418857150
H           -6.16548306461420       -6.68074775593536        4.24002891962952
H           -7.94724846548806       -6.66042331722037        4.34714798722631
H           -7.13424500841026       -7.87583095215470        3.33586812570247
H           -8.40912075180159       -5.31658570246153        0.79690062603460
H           -8.51572068247861       -7.04031078816787        1.24201225853930
H           -9.31776569192921       -5.81798939735286        2.25565191657577
C           -0.77440526636568       -1.39365005556089       -4.72635820092204
C            0.15370715249154       -1.16958590363907       -5.77923779903199
C           -1.97305772232313       -2.10959341993483       -4.99651005640514
C           -0.07915490235232       -1.70792056931527       -7.06039454315651
N            1.29108150773054       -0.37345326102800       -5.49064706637130
C           -2.19422307248285       -2.65202927955985       -6.28023786654101
N           -2.92964769416240       -2.20912489227319       -3.95929930987950
H            0.65199143510997       -1.52921237784176       -7.85399322373935
C           -1.24328548390501       -2.45057260746246       -7.28511008626478
C            2.20172691006639        0.18332859236425       -6.36227692843371
H            1.32926681611247       -0.04372452705052       -4.52467114630683
H           -3.11001026989454       -3.22102431342263       -6.46158872463423
C           -4.14894808887443       -2.85637036820482       -3.97181724921361
H           -2.70176703411073       -1.69290363883861       -3.10533680611884
H           -1.42032573841412       -2.87663213947633       -8.28121345573528
O            2.28027294898691       -0.07269981624519       -7.55795102096505
C            3.10317422397821        1.21353216326941       -5.71580790899669
O           -4.54067167211155       -3.58193764955464       -4.88035141922382
C           -4.99851688297618       -2.57859502424210       -2.75548163735079
C            3.37663689150383        2.46726705345057       -6.50978768583630
H            3.06951763709217        1.32211599260180       -4.62605345650718
C            4.47168225184582        1.43765880962911       -6.35880696280319
C           -5.86649018606431       -3.68700252628586       -2.21761761758008
H           -4.63085347132312       -1.85032638775594       -2.02307563102082
C           -6.51241826874185       -2.58178412530393       -3.01751565223493
H            2.91277223091362        2.53804503600321       -7.49723368308910
H            3.48412550054610        3.39993614098847       -5.95103793023114
H            4.70201422367014        0.82086392393560       -7.23146671963633
C            5.61669639413675        1.76486133807340       -5.45129023384964
H           -5.79814972689424       -4.65475873513065       -2.72142143600058
H           -6.01900380109935       -3.70057612364201       -1.13514388691084
H           -6.80395770502627       -2.82148509892573       -4.04472317745554
C           -7.35479112504606       -1.55682136024888       -2.33315643317495
O            6.77866689833662        1.32642869334314       -5.96302201065591
O            5.51177027530980        2.36749100647972       -4.39970134717308
O           -8.37908573497659       -1.17024297463198       -3.12378682663670
O           -7.16786685671808       -1.12415889331800       -1.21368954391347
C            8.00808340614515        1.58346241611144       -5.22158580194637
C           -9.30715700668964       -0.17570635018069       -2.60516677317056
C            8.93076562965909        0.38968933493364       -5.47235873315997
C            8.59369473801394        2.92340184899132       -5.67570703702542
H            7.73147672156635        1.64575045765321       -4.15235883363622
C           -8.77146555023409        1.23018822317844       -2.90489675866444
C          -10.66367056901707       -0.46635192749080       -3.24621166954021
H           -9.35318042488370       -0.31907977116234       -1.51026611503767
H            8.44808231348408       -0.54077542091154       -5.14589435106498
H            9.17569437444701        0.30367035936754       -6.54197872551898
H            9.87145380601050        0.51518669256455       -4.91907503363389
H            7.88896427184732        3.73931684398789       -5.47096874716666
H            9.52910147039493        3.13332315794486       -5.13892270776921
H            8.81765244566709        2.90521703360235       -6.75345720560977
H           -7.79776734088799        1.38203196850077       -2.41145504264917
H           -8.65035525377223        1.37354487704707       -3.98752866006657
H           -9.47303400279432        1.98936413371940       -2.53218779010682
H          -10.99376623958458       -1.48857113526118       -3.01337400633912
H          -11.42347530072559        0.23284455244575       -2.87204218543246
H          -10.61182676179779       -0.36286237488247       -4.33802860302457
H            4.43990777211254       -5.92023838231482        2.22613881982103
H            0.60345137888468       -7.79537471911577        1.47536256768774
H            0.93957435127024        7.32267053719040       -2.37620469023246
H           -3.33786927004659        7.29049856681941       -1.66490942471951
O            3.56920706101022       -3.43101364365113        1.58785739383374
O           -0.61436408415723       -5.47231514679269        0.77154937189394
O            1.27199062216589        4.71976175751889       -1.63793769181044
O           -3.38404184406726        4.69851678886621       -0.85514663434967
C            4.91609757579993       -3.45037408285914        1.95005555804573
C            5.89813071953532       -3.71317735783221        0.98433082493204
C            5.27463841443480       -3.12687111552065        3.26527207400748
C            7.25013978509469       -3.65901578766780        1.34714607004329
H            5.59317816633009       -3.95249563447225       -0.03971410609679
C            6.63023702633173       -3.07409557241826        3.61584435997584
H            4.48440997945077       -2.91601870584758        3.99299807343157
C            7.61974890653644       -3.34148362846492        2.66070143997219
H            8.02140188734374       -3.86332801276755        0.59596360961370
H            6.91628673161095       -2.82136897699041        4.64299238290764
H            8.68116492851259       -3.30049944706500        2.93957889970276
C           -1.56752257987509       -6.46762062370816        0.96183731542995
C           -1.90640422221032       -6.92149637602918        2.24470341049540
C           -2.24417410072700       -6.94983441438513       -0.16703326487373
C           -2.91569453976057       -7.88122727400205        2.38921513558067
H           -1.38099379093467       -6.51694807275210        3.11639666346437
C           -3.25763552921828       -7.90310293911145       -0.00787406295752
H           -1.96875623698534       -6.56138149160963       -1.15281933629361
C           -3.59203093736786       -8.37678487954928        1.26706135376124
H           -3.18053554164623       -8.24132711437679        3.38950703684035
H           -3.78874446359506       -8.28022929273695       -0.88853790737943
H           -4.38158533137814       -9.13027513861861        1.38734890808026
C            2.53728896393663        5.28400600507496       -1.56342012471357
C            2.85540239319220        6.34701960690003       -0.70281093346832
C            3.54151587203585        4.66958536903828       -2.32911096450203
C            4.17807529774891        6.80349305510964       -0.63348832339860
H            2.07308633974072        6.80836250260862       -0.09025893961467
C            4.86015875369629        5.12742311157932       -2.24304642021661
H            3.28145658542042        3.82831345355181       -2.98003954493894
C            5.18341635109852        6.20098634924362       -1.40110081376514
H            4.42529267255916        7.63731396632149        0.03565370647338
H            5.62755892815671        4.62671066516719       -2.84401858854690
H            6.21650864011393        6.56689627543448       -1.33787849101186
C           -4.68255708718823        5.07974185588123       -1.17287381778260
C           -5.08939301741258        5.28872340254912       -2.49863237685757
C           -5.60845762941797        5.16320208636060       -0.12293600658316
C           -6.42787058680232        5.60214267345640       -2.76520385654887
H           -4.35905230887702        5.19806071157289       -3.30956132490266
C           -6.94545929149913        5.46986724503012       -0.40439796540711
H           -5.26396934534673        4.97710135273394        0.89921932257443
C           -7.35901631535857        5.69645163655185       -1.72309508248809
H           -6.74865297223951        5.76580883527237       -3.79977658284544
H           -7.67023321818797        5.53385932215706        0.41435395535746
H           -8.40729743630668        5.94113971496877       -1.93974930286877
N            1.30061562006714        0.60603834512344        0.06509150280642
C            2.37053176621409        1.11248573316130        0.59556571047608
C            2.34109412892803        2.40891441209361        1.18834389513800
C            3.44592669165614        2.91088539225459        1.82547393807145
C            4.61985578321745        2.17057783347142        1.91214322469937
C            4.68780978078861        0.93224252996974        1.28979712055504
C            3.61099104963196        0.40028141355958        0.61320707385213
C            3.73663865305107       -0.83872246775232       -0.21073780069502
C            4.02806408263008       -0.44623832324408       -1.67875117298429
C            5.31255609230564        0.29945742079596       -1.74985975544093
C            5.59157992392870        1.61167239822396       -1.54860636588916
C            7.01302604814345        1.73685164749726       -1.60024538693060
C            7.91885075787372        2.78717661516718       -1.47406902226647
C            9.26418092288117        2.50484827410478       -1.58418091610964
C            9.72080197349426        1.20538202316121       -1.81374335236228
C            8.84383894750869        0.14556740046497       -1.94230460469096
C            7.49257833921247        0.43083756617715       -1.83223987025043
O            6.45383498734043       -0.43726134130579       -1.92262115502503
H            1.42850423278146        2.97652191487834        1.11589220406543
H            3.40864909471479        3.89315212237641        2.27199272465763
H            5.46727002244237        2.57644885467413        2.43957619841569
H            5.60775264625488        0.36675048113068        1.32314956243389
H            2.80883494836839       -1.41032259083204       -0.17449985418368
H            4.55595866225218       -1.45373846010531        0.16090765628763
H            4.09513739014041       -1.34801930631124       -2.28741946139165
H            3.21222151650249        0.17906676449550       -2.04334223937681
H            4.88668237354849        2.40205253270701       -1.39482439354786
H            7.56648979354389        3.79078269290150       -1.29483427596121
H            9.98582577086553        3.30258579108710       -1.49088072022846
H           10.78220421560814        1.02627342637512       -1.89078055557277
H            9.18792182052466       -0.85999072733249       -2.12431125092026
245
 energy: -403.427057179633 gnorm: 0.002361293644 xtb: 6.7.1 (edcfbbe)
N            0.15800096896497       -1.67674694566532       -1.04952539011270
N           -0.01070890350008       -1.00246486568355        1.71377672155106
C           -0.50541483813178       -0.91967840537776       -3.31989645238744
C           -0.03008866688046       -1.87432491264186       -2.39369102830790
C            0.38959818066369       -3.21521018616143       -2.75545695981959
H            0.33724499210310       -3.63076879210899       -3.76286020183374
C            0.85751538646323       -3.80321196260218       -1.61405900726609
H            1.26903268928894       -4.80550180081294       -1.48799030625763
C            0.67742405324914       -2.84441233494977       -0.54137063171064
C            0.90680168822952       -3.13042974420031        0.81950136330048
C            0.51476627967173       -2.26201019636651        1.85768721611748
C            0.48938426209042       -2.64000152439935        3.25820885070908
H            0.85063772987779       -3.59319441820766        3.64712214099611
C           -0.10069793300541       -1.61309901918093        3.93776921163207
H           -0.31743187369825       -1.53569417952600        5.00406945547850
C           -0.39806765951860       -0.58179288544127        2.96110883833838
C            1.48419904630419       -4.47086333198988        1.18999721989776
C            2.83985493911073       -4.59730235209206        1.57582294669249
C            3.38754680267283       -5.84432673015240        1.92760627403513
C            2.57546594088527       -6.98143217000007        1.88593056920009
H            3.00160933531127       -7.95847352742414        2.14926406150041
C            1.23193242603952       -6.89660718211614        1.51167649654514
C            0.68867617182011       -5.64197496429202        1.17578088275570
N           -0.82716295827818        1.66255150515481        1.00661565295146
N           -0.60956621700795        0.99832411455262       -1.74188376516739
C           -0.96955995858639        0.66702325959418        3.28113277688803
C           -1.10393119403148        1.71936829915034        2.34843022040038
C           -1.49080326965895        3.06914303595817        2.70723242053819
H           -1.78353368932143        3.38226389269177        3.71028680824917
C           -1.39541238485597        3.82461619837561        1.57139909355282
H           -1.60131232191378        4.88800589612305        1.44563537293566
C           -1.01534724944595        2.92733020192719        0.50014363130951
C           -0.94261168238299        3.29530975486297       -0.85691411889605
C           -0.83319052159337        2.34447588450021       -1.88982427165923
C           -1.08476008869092        2.64584968515022       -3.28515998965752
H           -1.29033511993440        3.64320049012688       -3.67549171916775
C           -1.06293902214982        1.45773475768319       -3.95828914296335
H           -1.24316775510371        1.27202627404347       -5.01792856144001
C           -0.73205093639158        0.43214080501812       -2.98683295590889
C           -1.05451221551900        4.74522097445764       -1.24253569463677
C            0.10682226333811        5.45755648317783       -1.63052778708195
C            0.03335542612694        6.79825641170529       -2.05001513745833
C           -1.20727566564467        7.44313275506565       -2.05492632692290
H           -1.26843330982719        8.49220342014982       -2.37304140497400
C           -2.37206871682714        6.77531731268007       -1.66521285938892
C           -2.29500743773632        5.42469237868282       -1.27622544665291
Fe          -0.22688559977737        0.02774604784407       -0.01853065184875
Cl          -2.44175324735618       -0.64121976375235        0.02502505962048
C           -1.51584380317572        0.87103225850952        4.67313164837568
C           -0.72740033354138        1.42710403796595        5.71574926457820
C           -2.86072238192492        0.49118241266248        4.94156524235557
C           -1.27143841691444        1.60597650503719        7.00355197421445
N            0.60585081861914        1.80166764323371        5.40629339128872
C           -3.40122465297932        0.69490526535589        6.22951733354449
N           -3.60836817327337       -0.11202880209405        3.90239420958322
H           -0.64305998915525        2.02201505554570        7.79569720363158
C           -2.60151002488694        1.24298452099830        7.23585387657744
C            1.60043397288951        2.23095791895189        6.25611832285619
H            0.85004013778756        1.70462983066548        4.41911396741711
H           -4.44254241970156        0.41814583445717        6.41268572450079
C           -4.93134386588495       -0.50811244561361        3.92218758998349
H           -3.10142056921979       -0.27862895769447        3.02792907636971
H           -3.02785301027473        1.39047667110559        8.23652125964099
O            1.48966367562993        2.33842534838931        7.47255758078366
C            2.90085368122147        2.57566544298733        5.56094529397504
O           -5.70733993020459       -0.28580656247907        4.84655683680207
C           -5.36769305288016       -1.26912842220927        2.69317896492257
C            4.18645215373375        2.21304056672104        6.25975643285962
H            2.92253976548120        2.57614048434608        4.46568869517730
C            3.74301022445875        3.65602218078956        6.25012225007638
C           -6.74290719730122       -0.99360385181051        2.13784587605957
H           -4.60077546568569       -1.56924916806508        1.96986467599440
C           -6.51772270491251       -2.25597585605707        2.93569840378614
H            4.10451795801377        1.69011279554186        7.21571205392456
H            5.03554484235792        1.94724886489827        5.62696635395154
H            3.32937000842100        4.05030815763980        7.18160360949818
C            4.47898705071105        4.63380363624137        5.39055367590644
H           -7.33192102276002       -0.21780613980488        2.63518836473424
H           -6.86041904879306       -1.08466348817802        1.05449467111566
H           -6.90751952696002       -2.26656798704348        3.95833372210873
C           -6.49451958086719       -3.57655948079735        2.24201182273866
O            4.57175840138209        5.83143112709624        5.99309501164525
O            4.95011143255069        4.38103317361342        4.29833294366306
O           -7.06685167548557       -4.53059487896172        3.00918097373517
O           -6.03871729293517       -3.78574122555111        1.13579526586264
C            5.27593970866312        6.90880534371744        5.30673575518015
C           -7.14957096701284       -5.88199034524036        2.47560670919609
C            4.25752164360921        7.76922719762151        4.54608385624826
C            6.05429244636319        7.67935068992929        6.37198220698637
H            5.96349689134416        6.43230950944161        4.58529342114524
C           -7.09366362284426       -6.83063753720977        3.67409830303531
C           -8.42771707962246       -6.01961790939979        1.64077953666118
H           -6.26818902332960       -6.02708873307350        1.82238301463764
H            3.73327534958443        7.16459772838265        3.78793044452641
H            3.51785712666600        8.19078364811217        5.23963406651790
H            4.77151861968838        8.59771626667506        4.03953497765646
H            6.75657363340085        7.01855616625042        6.89619923245537
H            6.63094685090853        8.49370193241434        5.91326051075381
H            5.37617802897163        8.11417969765179        7.11731597134701
H           -6.16535254950894       -6.68004039818756        4.24026103671261
H           -7.94711598759852       -6.65990554032290        4.34744892513828
H           -7.13402000756849       -7.87526063736579        3.33617990256779
H           -8.40927241615938       -5.31624272013932        0.79717202814088
H           -8.51566783520179       -7.03996401860499        1.24234858896085
H           -9.31780612104725       -5.81769383297325        2.25597644973518
C           -0.77519728606132       -1.39267097411611       -4.72652341041649
C            0.15284705309300       -1.16854429294572       -5.77944657238789
C           -1.97378368662876       -2.10875462909959       -4.99660260592005
C           -0.08000338557622       -1.70694763697753       -7.06057524696357
N            1.29015298583921       -0.37227787233065       -5.49092619845550
C           -2.19493967120936       -2.65125922957485       -6.28030275617540
N           -2.93032177126674       -2.20835348792985       -3.95935122159265
H            0.65109212519907       -1.52818731857558       -7.85420861441220
C           -1.24406298276747       -2.44973409761018       -7.28521917599185
C            2.20069725001179        0.18457151767843       -6.36261342661198
H            1.32833387539391       -0.04250923406572       -4.52496359231374
H           -3.11067252492548       -3.22035995991569       -6.46159805275599
C           -4.14955314902130       -2.85573202896396       -3.97179848581686
H           -2.70246386269134       -1.69207778388674       -3.10541558396404
H           -1.42109591322850       -2.87584714356383       -8.28130103603765
O            2.27922737593062       -0.07148596907699       -7.55828040633931
C            3.10206035049600        1.21489899962084       -5.71621668581280
O           -4.54123280005101       -3.58137348186882       -4.88029229282147
C           -4.99910412352518       -2.57800597533946       -2.75543967024922
C            3.37535574023594        2.46863826333601       -6.51024693775455
H            3.06842899043701        1.32352472379051       -4.62646726730861
C            4.47052243179488        1.43915855498148       -6.35926928006138
C           -5.86693645124578       -3.68648905555694       -2.21750258800639
H           -4.63149125693933       -1.84967196086112       -2.02307321213920
C           -6.51301502738403       -2.58136924390723       -3.01741419165114
H            2.91144525508759        2.53932781152584       -7.49767790903035
H            3.48276489100748        3.40133676748867       -5.95153335506330
H            4.70088707222509        0.82235345805362       -7.23191748594797
C            5.61554052320173        1.76650189690355       -5.45178985861798
H           -5.79851035463886       -4.65425576908525       -2.72127522519139
H           -6.01940628669094       -3.70004124174386       -1.13502237871941
H           -6.80456892436769       -2.82113712330661       -4.04460214696897
C           -7.35547338672180       -1.55647236677126       -2.33305883664578
O            6.77753207721282        1.32819571485891       -5.96357243929199
O            5.51062765373473        2.36911441893875       -4.40016008500006
O           -8.37984008666301       -1.17003357020266       -3.12366114907693
O           -7.16855146599363       -1.12375154143371       -1.21361359017228
C            8.00694035818165        1.58538385171673       -5.22220992773504
C           -9.30799874433394       -0.17558087180812       -2.60504114249459
C            8.92974719426893        0.39169802038290       -5.47297775399706
C            8.59239466550916        2.92537412946455       -5.67639173552880
H            7.73036173639816        1.64768892235501       -4.15297695694103
C           -8.77247162507724        1.23036270790087       -2.90484107523415
C          -10.66450605909441       -0.46639558935350       -3.24602260635028
H           -9.35396417205363       -0.31891975032804       -1.51013331284802
H            8.44716990440352       -0.53880755632918       -5.14646983474061
H            9.17463823739497        0.30567229045886       -6.54260451040384
H            9.87043916838432        0.51732101430329       -4.91974038977532
H            7.88757824183829        3.74121902610483       -5.47166187736151
H            9.52779240974326        3.13541942532143       -5.13966363483090
H            8.81631030578296        2.90717106533475       -6.75415001962747
H           -7.79877060398611        1.38232908316469       -2.41144256845636
H           -8.65141919747654        1.37369421011172       -3.98748242619113
H           -9.47410798258175        1.98947489528210       -2.53213129432980
H          -10.99448181570265       -1.48864241994047       -3.01313608196765
H          -11.42437214984802        0.23273154157405       -2.87184799705429
H          -10.61271608047419       -0.36293853687916       -4.33784509205279
H            4.43987882866678       -5.91845089984097        2.22593251360652
H            0.60359580736576       -7.79403053543237        1.47537046575670
H            0.93792764811986        7.32391631907050       -2.37674228343004
H           -3.33948507814001        7.29130504264930       -1.66527870345520
O            3.56887797206635       -3.42935097306683        1.58761454910938
O           -0.61449858451531       -5.47112807840881        0.77152327064656
O            1.27064884295328        4.72107247723730       -1.63839009866138
O           -3.38534487846132        4.69934616202952       -0.85542248007336
C            4.91578069934626       -3.44855459490852        1.94975995159112
C            5.89781458222188       -3.71127460251215        0.98399841602329
C            5.27434694471499       -3.12495537960059        3.26493736665625
C            7.24983665841096       -3.65694761043629        1.34674707620189
H            5.59284786059734       -3.95067707770376       -0.04003522068070
C            6.62995178526756       -3.07201578895163        3.61546250817719
H            4.48412150486439       -2.91416317188771        3.99268621525591
C            7.61945843864306       -3.33933327855211        2.66028339721407
H            8.02108522648505       -3.86121248271925        0.59554402881631
H            6.91601529650907       -2.81922451114046        4.64258318377287
H            8.68088036822467       -3.29822459192733        2.93911339470249
C           -1.56754239823827       -6.46652967205027        0.96188267418525
C           -1.90632500399381       -6.92039727206020        2.24477850530129
C           -2.24418522110764       -6.94885664907849       -0.16694457142954
C           -2.91550548687372       -7.88023240541219        2.38936345296966
H           -1.38092475488416       -6.51576096315212        3.11643728029443
C           -3.25753766047721       -7.90222972420878       -0.00771243130173
H           -1.96884852465588       -6.56040853746550       -1.15275529620604
C           -3.59183190499491       -8.37590315345358        1.26725230384637
H           -3.18026883797171       -8.24032587405536        3.38967815149779
H           -3.78863990329659       -8.27944449442449       -0.88834277009392
H           -4.38130010374103       -9.12947469011596        1.38759766522350
C            2.53590458004189        5.28545509973910       -1.56395634680339
C            2.85392134665981        6.34853732173914       -0.70339217678305
C            3.54017756778904        4.67109920737462       -2.32965263907916
C            4.17654788648788        6.80515697658554       -0.63414221204142
H            2.07157993767334        6.80981552855707       -0.09082950800286
C            4.85876821025699        5.12907327789376       -2.24364762261854
H            3.28019446966495        3.82977472453615       -2.98051892513373
C            5.18193628966015        6.20272014153972       -1.40175622002119
H            4.42370229386454        7.63902604968462        0.03496831802701
H            5.62625556353478        4.62836716400329       -2.84455816552971
H            6.21498245662467        6.56874901630366       -1.33859729239988
C           -4.68391341285003        5.08041990768559       -1.17311263096832
C           -5.09082399059971        5.28931051709010       -2.49886317906278
C           -5.60978193025086        5.16381615288283       -0.12314269008381
C           -6.42934536569247        5.60257545398224       -2.76539335135663
H           -4.36050459468486        5.19869931787741       -3.30981646516823
C           -6.94682829035142        5.47032652066710       -0.40456347931345
H           -5.26523375957047        4.97778873584041        0.89900561702411
C           -7.36046126279375        5.69681966680584       -1.72325100698958
H           -6.75018618150567        5.76617061891756       -3.79995876097312
H           -7.67157712368394        5.53426867404814        0.41421452936320
H           -8.40877714605460        5.94138652670812       -1.93987390691319
N            1.30140156606570        0.60334346102489        0.06320299298078
C            2.37303339934069        1.10402809298751        0.59574622846618
C            2.34617434353851        2.39885882082399        1.19200025047814
C            3.45009291098027        2.89467433273291        1.83562706749097
C            4.62086577927907        2.14954299737182        1.92528700794764
C            4.68743820966508        0.91408157527023        1.29724956887055
C            3.61181191178798        0.38870568825685        0.61338107219058
C            3.73784221229981       -0.84649551036998       -0.21616574716038
C            4.03556244895269       -0.44950276941203       -1.68172791487047
C            5.32028149603248        0.29604310647967       -1.74733912999224
C            5.60026083260414        1.60702539786479       -1.53556060472178
C            7.02155579856900        1.73219601079773       -1.59272467025104
C            7.92833336010187        2.78100899260087       -1.46098972698912
C            9.27327830755744        2.50019769187665       -1.58154903841409
C            9.72867518654104        1.20218091104459       -1.82384339704417
C            8.85111953913384        0.14364837874646       -1.95704862151679
C            7.49995752498790        0.42844562378374       -1.83988385382861
O            6.46066540615550       -0.43918135990427       -1.93336037779022
H            1.43572902758212        2.96970405902004        1.11724649167150
H            3.41491481565270        3.87577065569889        2.28482876111745
H            5.46689532580182        2.55042462062197        2.45889373526311
H            5.60550168929617        0.34560236533400        1.33136419747705
H            2.80899524168620       -1.41646961398954       -0.18513995124812
H            4.55478552627592       -1.46464653430150        0.15524374820879
H            4.10556121044131       -1.34955620878796       -2.29174547213344
H            3.22139139971050        0.17647811189827       -2.04907620781840
H            4.89568889655679        2.39573565128901       -1.37077969372936
H            7.57612976629202        3.78290574811914       -1.26989423512262
H            9.99473342938903        3.29742305852241       -1.48536738536410
H           10.78911854953456        1.02098150977330       -1.90659451770693
H            9.19428335803694       -0.86048066885929       -2.14997574304218
245
 energy: -403.427067287496 gnorm: 0.001517976174 xtb: 6.7.1 (edcfbbe)
N            0.15784568226769       -1.67643569137931       -1.04955719291088
N           -0.01084967684893       -1.00211337266980        1.71374940023253
C           -0.50559766573015       -0.91939871534508       -3.31992549544972
C           -0.03023703889013       -1.87402542275797       -2.39371121291424
C            0.38948599452946       -3.21490042280173       -2.75546568362380
H            0.33713715469014       -3.63047311796244       -3.76286312430542
C            0.85743109536502       -3.80287342503075       -1.61406430994446
H            1.26897569353932       -4.80515365868624       -1.48798652732656
C            0.67731668103706       -2.84407121992646       -0.54138560888188
C            0.90671367370912       -3.13006497552288        0.81949167333882
C            0.51466564044909       -2.26164365036018        1.85766678668381
C            0.48930301701222       -2.63961944640308        3.25819348245460
H            0.85058602025386       -3.59279794796697        3.64711489892035
C           -0.10080315928488       -1.61272592495195        3.93774650592520
H           -0.31753136445467       -1.53531498009888        5.00404745167355
C           -0.39820894173040       -0.58144011537981        2.96107597027575
C            1.48415326243577       -4.47047728773916        1.18999557814225
C            2.83981448957096       -4.59687465241874        1.57581302851689
C            3.38754569004362       -5.84387819052354        1.92760562598484
C            2.57549633121629       -6.98100741529706        1.88594938875047
H            3.00166967310370       -7.95803346387231        2.14929099781076
C            1.23195787843864       -6.89622473222774        1.51170502549345
C            0.68866276003731       -5.64161213963015        1.17579874772486
N           -0.82736168815934        1.66286354586552        1.00655276677107
N           -0.60978771346115        0.99861780146733       -1.74192897513656
C           -0.96973552081053        0.66736526635908        3.28109009407813
C           -1.10414162652054        1.71969342063671        2.34837691596690
C           -1.49105056552342        3.06945976420927        2.70716521770156
H           -1.78378240778939        3.38258653058135        3.71021848645438
C           -1.39568801510659        3.82492287248310        1.57132097882627
H           -1.60162073883002        4.88830670764490        1.44554852743511
C           -1.01560081341285        2.92763743874489        0.50007584871596
C           -0.94289109926185        3.29560303322542       -0.85698646234276
C           -0.83345154957990        2.34476011213015       -1.88988594799394
C           -1.08504187267349        2.64611044262662       -3.28522378183367
H           -1.29064832451136        3.64345125638423       -3.67556575889254
C           -1.06319323909088        1.45798904483376       -3.95833950504193
H           -1.24342462200330        1.27226264301561       -5.01797562689640
C           -0.73226688195067        0.43241356116690       -2.98687473073862
C           -1.05483795109390        4.74550652615053       -1.24262471773544
C            0.10647456005263        5.45786971211822       -1.63063477242834
C            0.03296537251622        6.79856344294705       -2.05013656823146
C           -1.20768371357923        7.44340436461395       -2.05504530803910
H           -1.26887353276647        8.49246950341222       -2.37317221686721
C           -2.37245492966924        6.77556045711827       -1.66531501949472
C           -2.29535162277412        5.42494241462079       -1.27631282000143
Fe          -0.22706239752498        0.02806526506378       -0.01858135572626
Cl          -2.44191934562731       -0.64096123525685        0.02501035606676
C           -1.51601390482701        0.87137395336705        4.67309082107946
C           -0.72757764014098        1.42748024642779        5.71569579166979
C           -2.86087940478383        0.49148924549920        4.94153936967482
C           -1.27161143270095        1.60635244435466        7.00350072798840
N            0.60565974306399        1.80207813327491        5.40622508182884
C           -3.40137760840084        0.69521183936015        6.22949340619899
N           -3.60851617462075       -0.11175500711798        3.90238126288574
H           -0.64323890948930        2.02241805882975        7.79563643913391
C           -2.60167093027918        1.24332560053610        7.23581727497860
C            1.60023794891699        2.23140558711815        6.25603892939133
H            0.84984486274509        1.70503488963394        4.41904518317557
H           -4.44268609928622        0.41842519817557        6.41267308526834
C           -4.93148042911026       -0.50787609911829        3.92218957585242
H           -3.10157070880900       -0.27835144882550        3.02791407299119
H           -3.02801038610421        1.39081741157831        8.23648624658802
O            1.48947181918768        2.33888486112936        7.47247774741443
C            2.90063987376295        2.57614165875773        5.56085381565421
O           -5.70747563504909       -0.28558118548484        4.84656235623162
C           -5.36781762538144       -1.26891862624943        2.69319339086416
C            4.18625506782772        2.21356184292961        6.25965685019771
H            2.92231807164857        2.57659471936685        4.46560246292801
C            3.74277181327156        3.65653149449027        6.25001003352159
C           -6.74304382157379       -0.99343936589765        2.13786791737001
H           -4.60089717323268       -1.56902618246492        1.96987661381200
C           -6.51781755641546       -2.25579591149280        2.93573336552909
H            4.10434542165094        1.69064311454026        7.21561816109188
H            5.03535088847108        1.94778419240061        5.62686459854874
H            3.32912912411620        4.05081642417313        7.18148889364295
C            4.47871271202762        4.63432467741766        5.39042879954354
H           -7.33207570033817       -0.21765253274440        2.63520591577121
H           -6.86056155851898       -1.08451501357166        1.05451875973152
H           -6.90760607663929       -2.26638695834533        3.95837183427103
C           -6.49458241834170       -3.57638650194567        2.24206194542249
O            4.57145763651714        5.83196019622722        5.99294934366805
O            4.94983793858851        4.38154724946741        4.29820813084169
O           -7.06688157576800       -4.53042938924631        3.00924716530982
O           -6.03878297756587       -3.78556861920930        1.13584444128367
C            5.27560310176428        6.90934753377628        5.30657139073520
C           -7.14956680191881       -5.88183367147003        2.47568887477497
C            4.25715482494660        7.76973019697531        4.54591934699373
C            6.05394241864585        7.67992651036395        6.37180329022111
H            5.96316807237463        6.43286223605519        4.58512974475939
C           -7.09362333000782       -6.83046507746561        3.67419110041657
C           -8.42771544412757       -6.01950683739077        1.64087357072539
H           -6.26818590664015       -6.02691452605190        1.82246009829831
H            3.73291832324048        7.16507748507405        3.78778456072140
H            3.51748374452761        8.19127454557469        5.23946944708672
H            4.77112413256296        8.59822816554037        4.03935569981581
H            6.75624641252004        7.01915832493035        6.89602245858751
H            6.63056977189971        8.49428892521458        5.91306755975100
H            5.37582128813934        8.11474550442369        7.11713691326075
H           -6.16531207871341       -6.67983509381359        4.24034492822784
H           -7.94707517314349       -6.65974936837670        4.34754650483946
H           -7.13395270721908       -7.87509327358803        3.33628538242387
H           -8.40929735327114       -5.31614098994111        0.79725765150317
H           -8.51564049320467       -7.03986009544583        1.24245519243411
H           -9.31780535927407       -5.81760077301242        2.25607504032744
C           -0.77537654417492       -1.39241772090019       -4.72654324238877
C            0.15265368097975       -1.16827665038805       -5.77947644077078
C           -1.97394494449884       -2.10853858997520       -4.99660476183651
C           -0.08019215796909       -1.70670195362690       -7.06059690833411
N            1.28993805841289       -0.37197476656914       -5.49097444597763
C           -2.19509547556713       -2.65106436891565       -6.28029689613495
N           -2.93047194329698       -2.20815223977031       -3.95934483760714
H            0.65089208642303       -1.52792995356289       -7.85423810778088
C           -1.24423249524200       -2.44952396040647       -7.28522305034861
C            2.20046039758886        0.18488976418414       -6.36267454099581
H            1.32811853478370       -0.04219574714043       -4.52501517517825
H           -3.11081376742505       -3.22019293326200       -6.46157833657409
C           -4.14968524541429       -2.85556545579668       -3.97177481441585
H           -2.70262200228375       -1.69186021442137       -3.10541686631856
H           -1.42126121524689       -2.87565347089903       -8.28129859974840
O            2.27898837593147       -0.07117931244901       -7.55833972545591
C            3.10180020372679        1.21524931864847       -5.71629745929515
O           -4.54135135295196       -3.58122858368083       -4.88025711082751
C           -4.99923435935120       -2.57784928750714       -2.75541261189056
C            3.37505335551180        2.46898748440235       -6.51034319243695
H            3.06817381253207        1.32388565535478       -4.62654831088932
C            4.47025169257578        1.43954021320572       -6.35936167153848
C           -5.86703113554399       -3.68635062276799       -2.21745583427155
H           -4.63163633630143       -1.84949635575998       -2.02305748848990
C           -6.51314726496571       -2.58125827418992       -3.01737522305598
H            2.91113319352739        2.53965313820170       -7.49777205201074
H            3.48244028188437        3.40169653730310       -5.95164182057721
H            4.70062430396431        0.82273257337480       -7.23200684152705
C            5.61526950174726        1.76692350891707       -5.45189708519245
H           -5.79858160248018       -4.65412128316574       -2.72121774062184
H           -6.01949211060821       -3.69989446937716       -1.13497425235888
H           -6.80470233632751       -2.82104639537629       -4.04455805333010
C           -7.35562888818798       -1.55637742940096       -2.33302494806625
O            6.77726221605479        1.32865062165586       -5.96368490760939
O            5.51034594508904        2.36953940589810       -4.40027075384178
O           -8.38001275790486       -1.16997684573380       -3.12362423691577
O           -7.16871061623954       -1.12363806631040       -1.21358648689982
C            8.00667314034699        1.58588108500252       -5.22233751383997
C           -9.30819556937737       -0.17554380897048       -2.60500808693469
C            8.92950767922643        0.39221854674046       -5.47310166034203
C            8.59208496479306        2.92588005671545       -5.67653457428442
H            7.73010690013947        1.64818982154779       -4.15309241720345
C           -8.77271044898633        1.23041080467021       -2.90482859224302
C          -10.66469958300439       -0.46640476531643       -3.24597550159148
H           -9.35414823975644       -0.31887170765214       -1.51009839667339
H            8.44696264061259       -0.53829579033560       -5.14657293764258
H            9.17439395369944        0.30618753781161       -6.54272613529874
H            9.87020187645697        0.51787522700429       -4.91987076297930
H            7.88724819414457        3.74170808395651       -5.47180848531110
H            9.52748580405908        3.13595304016676       -5.13980894248825
H            8.81599361632085        2.90767386722828       -6.75429404666281
H           -7.79900980998445        1.38241069151451       -2.41143960353594
H           -8.65167053096623        1.37373333230119       -3.98747258812792
H           -9.47436527218519        1.98950770721706       -2.53212220099380
H          -10.99464459978586       -1.48865820748716       -3.01307451307616
H          -11.42458248041084        0.23270517403076       -2.87180307712650
H          -10.61292109919753       -0.36295898460365       -4.33779957654229
H            4.43988198166965       -5.91796930602012        2.22592452761075
H            0.60364621332459       -7.79366619824811        1.47541436915930
H            0.93752051335499        7.32424471284149       -2.37687660330058
H           -3.33988575524792        7.29152083787427       -1.66537933605423
O            3.56880552382423       -3.42890174488675        1.58758748388938
O           -0.61451899390172       -5.47080641023454        0.77154963329052
O            1.27031953885079        4.72141900537415       -1.63849633343289
O           -3.38566625688686        4.69956998943847       -0.85549234181388
C            4.91571058522861       -3.44806340346496        1.94972385725401
C            5.89774495052105       -3.71076821332379        0.98395380743691
C            5.27427801660234       -3.12443630480511        3.26489359057322
C            7.24976871269852       -3.65639519566350        1.34669124191490
H            5.59277725473163       -3.95019230721047       -0.04007721127781
C            6.62988577663978       -3.07145549500770        3.61540437646022
H            4.48405379192134       -2.91365931375547        3.99264230136699
C            7.61939268550495       -3.33875635443016        2.66022150680599
H            8.02101801966903       -3.86064746603212        0.59548248825481
H            6.91594971696070       -2.81864435572850        4.64251962166857
H            8.68081503999757       -3.29761438598081        2.93904132292161
C           -1.56753379252623       -6.46623285789167        0.96192812331754
C           -1.90629340940318       -6.92009496256183        2.24483190146008
C           -2.24417169070485       -6.94859205055942       -0.16688824720530
C           -2.91544563782012       -7.87995690928588        2.38943585350296
H           -1.38089779343403       -6.51543361644517        3.11648178779543
C           -3.25749584506735       -7.90199185668826       -0.00763700973690
H           -1.96885363396743       -6.56014761416010       -1.15270566186435
C           -3.59176666997223       -8.37565983816579        1.26733595734340
H           -3.18019091013138       -8.24004614471602        3.38975689083136
H           -3.78859431369419       -8.27923185975162       -0.88825877398585
H           -4.38121262308207       -9.12925224403104        1.38769617437831
C            2.53556376578121        5.28583743111241       -1.56407956546612
C            2.85355746763314        6.34893273274051       -0.70352910973197
C            3.53984980254688        4.67149825637489       -2.32977652332897
C            4.17617093456058        6.80559633767664       -0.63429559272714
H            2.07120507514184        6.81020316189982       -0.09097051338970
C            4.85843092683523        5.12950375397136       -2.24378159447225
H            3.27988649617794        3.83015869041186       -2.98062518160905
C            5.18156984614030        6.20317651429422       -1.40190789804018
H            4.42330308526599        7.63948236854890        0.03480220986943
H            5.62590943469903        4.62884477543435       -2.84470910819696
H            6.21460508676179        6.56923889561005       -1.33876370481353
C           -4.68424720460921        5.08060355531605       -1.17317719705236
C           -5.09117436387147        5.28946726761125       -2.49892684478229
C           -5.61011018808524        5.16398586443220       -0.12320110587363
C           -6.42970664313225        5.60269132039328       -2.76545011944841
H           -4.36085872682566        5.19886748502021       -3.30988464002129
C           -6.94716729291817        5.47045519948719       -0.40461488377742
H           -5.26554867443629        4.97798012710996        0.89894657907577
C           -7.36081706202928        5.69692122005811       -1.72330181702891
H           -6.75056018000556        5.76626533625948       -3.80001494670033
H           -7.67191160926699        5.53438639580907        0.41416792361359
H           -8.40914152194484        5.94145597038131       -1.93991927971079
N            1.30159359853026        0.60260520209750        0.06277293821864
C            2.37356006633348        1.10170127588842        0.59604559006680
C            2.34714496621155        2.39578437268682        1.19407231944081
C            3.45083647096690        2.88975023154273        1.83934842972674
C            4.62080364186167        2.14338460288465        1.92902207934577
C            4.68716520553416        0.90899556194784        1.29879923704082
C            3.61187247489634        0.38562814700557        0.61304951032704
C            3.73785707148652       -0.84813222948810       -0.21860215306196
C            4.03692509994158       -0.44919213590649       -1.68336941873586
C            5.32262710010517        0.29497686249207       -1.74786324075940
C            5.60308644905426        1.60502757885418       -1.53279455555295
C            7.02415942839132        1.73035212866240       -1.59106298893698
C            7.93110402334658        2.77894855753451       -1.45825128481254
C            9.27577245565736        2.49870035277512       -1.58040882076111
C            9.73079764262260        1.20154504153182       -1.82619253614282
C            8.85303387863925        0.14317638780449       -1.96111136563263
C            7.50210863222341        0.42733737502915       -1.84167417974727
O            6.46250072992642       -0.43979738677674       -1.93650022177661
H            1.43723235622565        2.96747389907815        1.11926626491535
H            3.41617330488307        3.87037013134346        2.28967515951607
H            5.46655883388860        2.54275969015218        2.46408246137493
H            5.60482434944427        0.33980389618688        1.33263456975555
H            2.80853446553641       -1.41756044454594       -0.18957525244237
H            4.55405765853882       -1.46740804415976        0.15270319992808
H            4.10560867949752       -1.34862864707264       -2.29495195401558
H            3.22377790245174        0.17870852572732       -2.04969116673552
H            4.89832299053955        2.39281044201989       -1.36518186420445
H            7.57889767395679        3.78012012291275       -1.26465052886038
H            9.99733211325680        3.29588209763755       -1.48317816669972
H           10.79132435760685        1.02064891741924       -1.91085554306219
H            9.19623143438369       -0.86033713285085       -2.15582605668558
245
 energy: -403.427082429171 gnorm: 0.001238575719 xtb: 6.7.1 (edcfbbe)
N            0.15749211280932       -1.67565354124690       -1.04957440719869
N           -0.01118067453749       -1.00121205472689        1.71373627432405
C           -0.50599975993996       -0.91871220531737       -3.31994552101140
C           -0.03056113725072       -1.87328517762832       -2.39370187815256
C            0.38925474254850       -3.21413370620498       -2.75541329128828
H            0.33692340191173       -3.62975111098677       -3.76279235836190
C            0.85726324630373       -3.80202648097718       -1.61399529927041
H            1.26887122312239       -4.80428518605570       -1.48788573023074
C            0.67708205500892       -2.84321683105941       -0.54134904723748
C            0.90651749493171       -3.12913904862884        0.81954643838467
C            0.51443246417398       -2.26070592608559        1.85768328647943
C            0.48910710018298       -2.63863335885653        3.25822772957210
H            0.85046063159832       -3.59177420265460        3.64717649356224
C           -0.10106233444934       -1.61175804517990        3.93774979130004
H           -0.31778353791994       -1.53432433650388        5.00405040237303
C           -0.39855043905111       -0.58052732427969        2.96104463323360
C            1.48405949272355       -4.46949726857596        1.19008231677510
C            2.83973143307618       -4.59578767856235        1.57588818220049
C            3.38755673070574       -5.84273729977715        1.92771728618753
C            2.57558513509544       -6.97992589589709        1.88611190257766
H            3.00183068368869       -7.95691237899095        2.14948323272054
C            1.23203765999495       -6.89525061832901        1.51188185143699
C            0.68864793219090       -5.64068988611592        1.17593662365911
N           -0.82783822180306        1.66365803329726        1.00642844473203
N           -0.61029540291130        0.99934976510517       -1.74200291127863
C           -0.97016362766182        0.66824998440718        3.28102356648123
C           -1.10465247177884        1.72053151517133        2.34827413388644
C           -1.49165134042798        3.07027846063775        2.70701663588236
H           -1.78439400361258        3.38342853545504        3.71006277484280
C           -1.39635106007533        3.82570944595822        1.57113854983683
H           -1.60236466883637        4.88907878228354        1.44533712555938
C           -1.01620306871983        2.92842091676609        0.49992646597799
C           -0.94354688266739        3.29633995740284       -0.85714579730376
C           -0.83405812662549        2.34546947882500       -1.89001126608923
C           -1.08568865639758        2.64674978157410       -3.28535770821160
H           -1.29137005915891        3.64406298015311       -3.67573494529501
C           -1.06376753058958        1.45860789099499       -3.95843267775735
H           -1.24399825897146        1.27282910779500       -5.01806065029273
C           -0.73275288042718        0.43308497186785       -2.98693688531580
C           -1.05560688493167        4.74622048977701       -1.24283650987781
C            0.10565396107052        5.45864942846054       -1.63088810168469
C            0.03204315710480        6.79932554427202       -2.05043620907749
C           -1.20865025106510        7.44407925421396       -2.05535173648106
H           -1.26991730527461        8.49312842304656       -2.37351570211619
C           -2.37337051718357        6.77616769071199       -1.66558284629307
C           -2.29616478248752        5.42556917160600       -1.27653414430747
Fe          -0.22750687916810        0.02886769047699       -0.01866535559185
Cl          -2.44230635361009       -0.64030198078517        0.02501290678372
C           -1.51643763931414        0.87226949105675        4.67302158715370
C           -0.72802612228417        1.42846860881527        5.71559685485415
C           -2.86127277887796        0.49230105161537        4.94150131650468
C           -1.27205826046230        1.60734949251693        7.00340274700009
N            0.60517854885186        1.80314961273290        5.40609555403001
C           -3.40176994681891        0.69603220931192        6.22945532212948
N           -3.60888083672072       -0.11103219553802        3.90237485141657
H           -0.64370558063706        2.02348747874551        7.79551638752168
C           -2.60208956075307        1.24423828693904        7.23574936762293
C            1.59974015878060        2.23257394415390        6.25588628718719
H            0.84936115156630        1.70608472991697        4.41891667236965
H           -4.44305686942513        0.41917965038639        6.41265795145974
C           -4.93181677722787       -0.50724569440220        3.92221374937857
H           -3.10193486672250       -0.27762614218226        3.02790678476665
H           -3.02842695445930        1.39173637034401        8.23641841212314
O            1.48897392369851        2.34009128873270        7.47232324229944
C            2.90010063483676        2.57737541824982        5.56067831295130
O           -5.70781642894699       -0.28497099126303        4.84658885583370
C           -5.36811653014972       -1.26836226242970        2.69325095496129
C            4.18575323077323        2.21491205450675        6.25947170974961
H            2.92176856217419        2.57776061141666        4.46544327891185
C            3.74216866993560        3.65785225821006        6.24977957045494
C           -6.74336867371790       -0.99299885196565        2.13793317938202
H           -4.60118396281952       -1.56844283527164        1.96993522248585
C           -6.51804466673291       -2.25531213410123        2.93584103567678
H            4.10389845064692        1.69202279410971        7.21544995894434
H            5.03486102604241        1.94916515783894        5.62668218671286
H            3.32851436999353        4.05214074577222        7.18124700889459
C            4.47802954399916        4.63566721838747        5.39016452504097
H           -7.33244850618722       -0.21723538135250        2.63525058908515
H           -6.86089379602206       -1.08412199883292        1.05458875990093
H           -6.90781948563451       -2.26589266000007        3.95848478933798
C           -6.49472582542331       -3.57592402230536        2.24221644320799
O            4.57070143903305        5.83332744516384        5.99262784371476
O            4.94916174584444        4.38286904109883        4.29794606500385
O           -7.06694877868483       -4.52998028523000        3.00944484898825
O           -6.03892614000331       -3.78511556169130        1.13600123195291
C            5.27476362440237        6.91074277182847        5.30619997672935
C           -7.14954635099938       -5.88141050408782        2.47593449333105
C            4.25624641247135        7.77102219666114        4.54553640926614
C            6.05306318085573        7.68141121346319        6.37139608471381
H            5.96235256747902        6.43427768946634        4.58476828657938
C           -7.09352171889408       -6.82999406272394        3.67447027920721
C           -8.42769561943629       -6.01920190351432        1.64114125841986
H           -6.26816363838746       -6.02645246011803        1.82270032669346
H            3.73203698096885        7.16630825664301        3.78745312026521
H            3.51655400214043        8.19254213583031        5.23907741892292
H            4.77015051528957        8.59953866929024        4.03893262464350
H            6.75542011471771        7.02071164645851        6.89562993759279
H            6.62962687611250        8.49579802373356        5.91262378930893
H            5.37492033452612        8.11621107775779        7.11672193215861
H           -6.16521379093541       -6.67927888132339        4.24060732506494
H           -7.94697672745260       -6.65931371536614        4.34783055562906
H           -7.13378212171080       -7.87463721376259        3.33660321263813
H           -8.40933754489805       -5.31586515526966        0.79749959035286
H           -8.51555462474596       -7.03957564437420        1.24276055258900
H           -9.31779182348708       -5.81733590991627        2.25634643236592
C           -0.77576079722982       -1.39180780577678       -4.72653899486655
C            0.15224310205998       -1.16763735473931       -5.77949238873069
C           -1.97428267810339       -2.10802215716037       -4.99655988955987
C           -0.08058414623092       -1.70612752397620       -7.06058982759156
N            1.28947023210948       -0.37124777351206       -5.49103336454478
C           -2.19541107282357       -2.65060957384513       -6.28022967016574
N           -2.93078927851065       -2.20766519394497       -3.95928440564777
H            0.65047762791176       -1.52733230260855       -7.85424673676469
C           -1.24457509273603       -2.44903869899355       -7.28517469657664
C            2.19994556241219        0.18564946070330       -6.36276291542274
H            1.32764486988548       -0.04143692075450       -4.52508415870479
H           -3.11109210060886       -3.21980801814574       -6.46147884246686
C           -4.14995810663380       -2.85516394878084       -3.97167534077757
H           -2.70296501571591       -1.69132654264014       -3.10537759085065
H           -1.42158678019035       -2.87521604721328       -8.28123264249286
O            2.27847639854680       -0.07045841581714       -7.55842121699458
C            3.10122179401974        1.21609380862211       -5.71643671788318
O           -4.54158449857710       -3.58088699760021       -4.88012628020878
C           -4.99951076021150       -2.57746339146292       -2.75531233577594
C            3.37437774196414        2.46982087871971       -6.51052700741510
H            3.06760301122931        1.32475828859269       -4.62668805675125
C            4.46965294438561        1.44045358541676       -6.35952130542434
C           -5.86722336019523       -3.68600594124585       -2.21730469190791
H           -4.63195433281489       -1.84905853685774       -2.02298783442383
C           -6.51342691076930       -2.58098698726402       -3.01725558733208
H            2.91044021430737        2.54042177675461       -7.49795430894182
H            3.48170587565617        3.40256102389944       -5.95186184253499
H            4.70005017661940        0.82363506333440       -7.23215391467632
C            5.61466545545218        1.76794234486240       -5.45209097661255
H           -5.79871255040098       -4.65378992890418       -2.72103268216488
H           -6.01966967678734       -3.69952143019297       -1.13482063322866
H           -6.80497786319928       -2.82083254277910       -4.04442595010603
C           -7.35597014454946       -1.55614116095561       -2.33293056722514
O            6.77666038001528        1.32974895230736       -5.96387896888448
O            5.50970111539287        2.37057682355374       -4.40048450739428
O           -8.38039132849897       -1.16984038815768       -3.12353276095665
O           -7.16906879262589       -1.12334752817057       -1.21351096042907
C            8.00607800778728        1.58708770284322       -5.22256006621202
C           -9.30863742230312       -0.17545144637192       -2.60493877918025
C            8.92897923365770        0.39348221455760       -5.47330207219240
C            8.59138676470497        2.92710350496920       -5.67679922679457
H            7.72953819726091        1.64941445876823       -4.15328225236984
C           -8.77325385573544        1.23052756097105       -2.90481670363899
C          -10.66512883254847       -0.46643155246199       -3.24587869168563
H           -9.35456578340551       -0.31874497234296       -1.51002394659350
H            8.44651437316245       -0.53704910757204       -5.14671427781767
H            9.17386225824870        0.30743144607825       -6.54291657462051
H            9.86967644934120        0.51922805401832       -4.92008065934746
H            7.88649815892018        3.74289354910900       -5.47209345999737
H            9.52679564246297        3.13724585055992       -5.14006692166548
H            8.81528532212081        2.90888480083388       -6.75456061558529
H           -7.79955743842706        1.38261401145363       -2.41144578842218
H           -8.65223744648053        1.37382043596534       -3.98746761190116
H           -9.47495667104082        1.98958979714018       -2.53212883232122
H          -10.99499950418075       -1.48869968914026       -3.01293687876947
H          -11.42505568730751        0.23263865280212       -2.87172176042547
H          -10.61337136366638       -0.36302142036006       -4.33770713067806
H            4.43990098026074       -5.91674553112485        2.22602528301036
H            0.60378756400660       -7.79273694530044        1.47563132780032
H            0.93655851401852        7.32505717860707       -2.37720566924075
H           -3.34083681074780        7.29206075335563       -1.66565353794622
O            3.56864466074440       -3.42775628864875        1.58761037243173
O           -0.61454745799599       -5.46998761191123        0.77169829285829
O            1.26954475055963        4.72228085956802       -1.63873577174510
O           -3.38642756376242        4.70013550954814       -0.85567204197720
C            4.91555309636886       -3.44681278501500        1.94973797085851
C            5.89759272372949       -3.70948896527869        0.98395586302508
C            5.27411201689948       -3.12311347741491        3.26489276832278
C            7.24961787133483       -3.65500333553614        1.34667717530227
H            5.59262902192493       -3.94897543071498       -0.04006788600461
C            6.62972538677750       -3.07002996436666        3.61537489628946
H            4.48388693123840       -2.91236921748868        3.99263219685865
C            7.61923854862220       -3.33729570743960        2.66019253504234
H            8.02087428738812       -3.85923061554203        0.59546197280097
H            6.91578270995546       -2.81716105870222        4.64247752811793
H            8.68066015491912       -3.29606890527962        2.93899391958256
C           -1.56749266237705       -6.46547447259719        0.96212501003395
C           -1.90620375987021       -6.91931361620638        2.24504911853641
C           -2.24411062171811       -6.94792118219009       -0.16666571674495
C           -2.91528730139950       -7.87924080150452        2.38969991808455
H           -1.38082536734753       -6.51458426323889        3.11667753250154
C           -3.25736575741502       -7.90138573288772       -0.00736728301396
H           -1.96883178610336       -6.55949284668911       -1.15250039293468
C           -3.59158728682472       -8.37503110222904        1.26762729709239
H           -3.17999441198561       -8.23931235302970        3.39003748074932
H           -3.78844899757234       -8.27869438424189       -0.88796844855097
H           -4.38097907029959       -9.12867416637833        1.38802409553297
C            2.53475790799336        5.28679076900994       -1.56435431426907
C            2.85268519393240        6.34993236872937       -0.70385443388152
C            3.53908313258552        4.67248581189611       -2.33004233032511
C            4.17527042370746        6.80669705314462       -0.63464635974268
H            2.07030292847816        6.81118249731783       -0.09130598653141
C            4.85764308437195        5.13056665638036       -2.24406474134180
H            3.27917283620814        3.83110258129057       -2.98084515051484
C            5.18069890013777        6.20431469195646       -1.40224482253572
H            4.42234458127385        7.64062679906779        0.03441732854146
H            5.62509120029753        4.63004066503447       -2.84503900859201
H            6.21370968319430        6.57045679943264       -1.33913297394438
C           -4.68503598663779        5.08106759445162       -1.17335578648856
C           -5.09199549997783        5.28985547823369       -2.49910724409151
C           -5.61089290556029        5.16442308134017       -0.12337100201016
C           -6.43055312928295        5.60297670216757       -2.76562475338322
H           -4.36168380946926        5.19927784395463       -3.31007089632998
C           -6.94797443568240        5.47078913086521       -0.40477841642119
H           -5.26630515130843        4.97847817987181        0.89877890123851
C           -7.36165690742658        5.69717876156561       -1.72346895103686
H           -6.75143100189286        5.76649103494748       -3.80019173944124
H           -7.67271324289719        5.53469913621021        0.41401085474706
H           -8.41000117472470        5.94163270183229       -1.94008134861675
N            1.30196303192460        0.60082112954751        0.06178882909686
C            2.37462787735409        1.09561793128655        0.59739185581699
C            2.34896472335436        2.38696946233660        1.20178484751737
C            3.45234809153298        2.87581074563495        1.85111683909203
C            4.62057753779417        2.12661530072062        1.93897913566915
C            4.68654202821604        0.89566483999817        1.30171652264564
C            3.61186320979567        0.37786274949407        0.61127092788668
C            3.73722499653578       -0.85141021100947       -0.22708252023180
C            4.03899557977907       -0.44566979780825       -1.68946250128740
C            5.32870856556715        0.29255999060549       -1.75105918070874
C            5.61070551482543        1.59991850762680       -1.52703716846273
C            7.03115931602948        1.72521159760128       -1.58721320044741
C            7.93843909961597        2.77338396671546       -1.45169772590272
C            9.28239351719693        2.49415462193586       -1.57704778925703
C            9.73627358073433        1.19933676204801       -1.83201106194305
C            8.85784965031594        0.14137188567935       -1.97162274380769
C            7.50766909410481        0.42377399392845       -1.84613770565366
O            6.46684861471318       -0.44153397539873       -1.94526947583082
H            1.44008970971065        2.96049671209318        1.12835077510552
H            3.41887939620343        3.85460003141913        2.30565615565733
H            5.46594053193158        2.52173202109323        2.47756784767147
H            5.60341474782650        0.32497977080692        1.33367514607330
H            2.80650728676111       -1.41924024678834       -0.20358757781150
H            4.55144287197398       -1.47414778012046        0.14321545166802
H            4.10046530507652       -1.34252675432816       -2.30736266574832
H            3.22968853267356        0.19044365867037       -2.05025370446718
H            4.90515905406036        2.38519419466931       -1.35293349040788
H            7.58622448204458        3.77272688297044       -1.25214580084749
H           10.00450891580327        3.29107742600021       -1.47696607770047
H           10.79722097373952        1.02008718811994       -1.92173680399488
H            9.20152289819605       -0.86046816231817       -2.17076208294671
245
 energy: -403.427087294141 gnorm: 0.000812195048 xtb: 6.7.1 (edcfbbe)
N            0.15742324679523       -1.67550999790382       -1.04954257439702
N           -0.01125618648764       -1.00103756010557        1.71376619972547
C           -0.50606687626599       -0.91859823503629       -3.31992052487159
C           -0.03061834256887       -1.87315702682677       -2.39366523024348
C            0.38921631933231       -3.21400353379595       -2.75536054495650
H            0.33689241875164       -3.62963334208091       -3.76273485851166
C            0.85722968531678       -3.80187807619927       -1.61393392071430
H            1.26885091570808       -4.80412933719555       -1.48781272901084
C            0.67703326729239       -2.84305950912932       -0.54129666922491
C            0.90647075315159       -3.12896164666128        0.81960122441567
C            0.51437478781962       -2.26052224206335        1.85772460400060
C            0.48904970514491       -2.63843417671736        3.25827395545764
H            0.85041444599977       -3.59156599335309        3.64723495029945
C           -0.10113399997957       -1.61155970389350        3.93778400568225
H           -0.31785881441328       -1.53411587816454        5.00408329820760
C           -0.39863253944218       -0.58034462464114        2.96106459396830
C            1.48402920242954       -4.46930771677829        1.19015159594672
C            2.83970195124997       -4.59557609465723        1.57596133643927
C            3.38754301967332       -5.84251566736481        1.92780610227827
C            2.57558598710573       -6.97971567869882        1.88621218416096
H            3.00184351651252       -7.95669372075330        2.14959537646428
C            1.23203798769632       -6.89506173275460        1.51197838760191
C            0.68863331132065       -5.64051102266223        1.17601793414611
N           -0.82794299957016        1.66381402286468        1.00641936925895
N           -0.61038882751957        0.99947910783018       -1.74199684974452
C           -0.97026333258295        0.66843177499493        3.28102990442889
C           -1.10476615399019        1.72069916256917        2.34826984538529
C           -1.49178071293369        3.07044554464898        2.70699591674329
H           -1.78452907335805        3.38360368277391        3.71003726812439
C           -1.39648597370594        3.82586545234395        1.57110783282087
H           -1.60251404709765        4.88923051267504        1.44529511452672
C           -1.01632481613042        2.92856988888271        0.49990719670569
C           -0.94366929384897        3.29647429683053       -0.85716667730329
C           -0.83417139694422        2.34559390204144       -1.89002309832507
C           -1.08580048568141        2.64685496332650       -3.28537470693581
H           -1.29149387363896        3.64416124380641       -3.67576240269818
C           -1.06386271313226        1.45870547869465       -3.95843477450065
H           -1.24408919017912        1.27291333003900       -5.01806108817062
C           -0.73283633816395        0.43319731350788       -2.98692696904950
C           -1.05574941392644        4.74634974084502       -1.24287593257540
C            0.10550329367359        5.45878922635374       -1.63093305703701
C            0.03187593373585        6.79945898646805       -2.05049666059841
C           -1.20882560598868        7.44419671152599       -2.05542178767841
H           -1.27010535302675        8.49324163389696       -2.37359771020084
C           -2.37353814881501        6.77627500904129       -1.66564777458283
C           -2.29631614506799        5.42568227685932       -1.27658387765540
Fe          -0.22760719195139        0.02901730548048       -0.01865879771590
Cl          -2.44238010100226       -0.64017784609404        0.02503199492816
C           -1.51654318330359        0.87245921305847        4.67302510322966
C           -0.72814043850619        1.42867974779826        5.71559585216588
C           -2.86137401429258        0.49247644043806        4.94150652627558
C           -1.27217779880994        1.60756841568464        7.00339827524147
N            0.60505923777848        1.80337549418026        5.40609239011481
C           -3.40187612116966        0.69621517854126        6.22945688636590
N           -3.60897233794045       -0.11087785819561        3.90238505391330
H           -0.64383197719366        2.02372327077457        7.79550840754999
C           -2.60220478752808        1.24444288782305        7.23574620745746
C            1.59961477184239        2.23282035744139        6.25588189245778
H            0.84924624057221        1.70630023410474        4.41891551786236
H           -4.44315984506125        0.41935150674760        6.41266047623030
C           -4.93190312292297       -0.50710835569923        3.92222590897620
H           -3.10202220784360       -0.27747539792350        3.02792019347781
H           -3.02854609002354        1.39194683218717        8.23641274666390
O            1.48884274712023        2.34035069089775        7.47231699670773
C            2.89996959873720        2.57763024714493        5.56067481549557
O           -5.70790731816434       -0.28483298946598        4.84659669368377
C           -5.36819069928063       -1.26824426436986        2.69327078963336
C            4.18562688047883        2.21519189190598        6.25947198022678
H            2.92163978605789        2.57799671195056        4.46544316743791
C            3.74202335902301        3.65812704493112        6.24976325901588
C           -6.74344523128146       -0.99290463937863        2.13794706877187
H           -4.60125294238810       -1.56832318643973        1.96996001780482
C           -6.51810669475389       -2.25520604080296        2.93586960994602
H            4.10377838014537        1.69231232681662        7.21545558262267
H            5.03473961224541        1.94944901701777        5.62668623202582
H            3.32836314354766        4.05242104407970        7.18122486523006
C            4.47787448460690        4.63594136561332        5.39013974405157
H           -7.33253592180321       -0.21714306359594        2.63525452369015
H           -6.86096701703461       -1.08404145771425        1.05460351515410
H           -6.90788341934269       -2.26578007332763        3.95851267339230
C           -6.49476962281523       -3.57582555433501        2.24226007152149
O            4.57053018831465        5.83360945126871        5.99258777581788
O            4.94901346758659        4.38313740652938        4.29792111423928
O           -7.06698194137968       -4.52988055264019        3.00949792525986
O           -6.03896500332670       -3.78502370758603        1.13604818999366
C            5.27458064150770        6.91102598986554        5.30614869062142
C           -7.14956112963452       -5.88131773333885        2.47600282844884
C            4.25605328116040        7.77128386385348        4.54547315770319
C            6.05286764599738        7.68171643982725        6.37133802599448
H            5.96217690483243        6.43456146420791        4.58472363330458
C           -7.09352671416914       -6.82988714454947        3.67454949663800
C           -8.42770700115893       -6.01913491221921        1.64120856511751
H           -6.26817529095456       -6.02635589516884        1.82277212284532
H            3.73185475165361        7.16655403209859        3.78739173440172
H            3.51635409247744        8.19280226771875        5.23900845870197
H            4.76994810913404        8.59980122879953        4.03886145021499
H            6.75523198058886        7.02103173501731        6.89558061674453
H            6.62942198030232        8.49610547418450        5.91255742954184
H            5.37471761137357        8.11651620556100        7.11665738324923
H           -6.16522185095799       -6.67915379837255        4.24068659397576
H           -7.94698528900487       -6.65921008092955        4.34790613087789
H           -7.13377313528059       -7.87453462304832        3.33669412681796
H           -8.40935623187199       -5.31580747150714        0.79755897745509
H           -8.51555217028560       -7.03951425530285        1.24283928811706
H           -9.31780701024847       -5.81727331670161        2.25640970833716
C           -0.77581844895707       -1.39171449131604       -4.72650842993482
C            0.15218491245854       -1.16754409372231       -5.77946246158645
C           -1.97433019186898       -2.10794730903679       -4.99652384387451
C           -0.08063294341556       -1.70605213791942       -7.06055456309035
N            1.28940218347671       -0.37113795033118       -5.49100958072214
C           -2.19544961865858       -2.65055215424865       -6.28018799473436
N           -2.93083824359589       -2.20759104097570       -3.95924923737800
H            0.65042811859067       -1.52725645473459       -7.85421220051096
C           -1.24461405598850       -2.44898054662722       -7.28513357894438
C            2.19987096137966        0.18576256086327       -6.36274440014173
H            1.32757044996829       -0.04131496375720       -4.52506399233945
H           -3.11112286724388       -3.21976468525658       -6.46143271912055
C           -4.14999843127067       -2.85510551912769       -3.97163533160620
H           -2.70302222767579       -1.69123989326743       -3.10534802276260
H           -1.42161827865026       -2.87517153967063       -8.28118701722530
O            2.27840789044749       -0.07035879335366       -7.55839984095424
C            3.10113066141143        1.21622903673488       -5.71642895355704
O           -4.54161401287276       -3.58084398707875       -4.88007898092129
C           -4.99955732244839       -2.57740217047928       -2.75527707755873
C            3.37427428110749        2.46994781306220       -6.51053215811009
H            3.06751070668610        1.32490076963747       -4.62668191681577
C            4.46956238133222        1.44059613318093       -6.35951182199956
C           -5.86725677079604       -3.68594973026181       -2.21725871641077
H           -4.63201175933544       -1.84898434238216       -2.02296019207776
C           -6.51347289870132       -2.58094794047048       -3.01722336649555
H            2.91033836885732        2.54053084814778       -7.49796077478122
H            3.48158979318059        3.40269445663366       -5.95187702111272
H            4.69997021917819        0.82377044963294       -7.23213661485804
C            5.61456953182818        1.76810836675899       -5.45208001950321
H           -5.79873273564036       -4.65373854571931       -2.72097553722349
H           -6.01970518782888       -3.69945502556283       -1.13477485153634
H           -6.80501877693703       -2.82080885644005       -4.04439154657291
C           -7.35603060570529       -1.55610519178286       -2.33291167749556
O            6.77657126738298        1.32992544904778       -5.96386339774544
O            5.50959860020555        2.37075286544092       -4.40047687003031
O           -8.38045509769464       -1.16982624985164       -3.12352011873808
O           -7.16913700597941       -1.12329665318182       -1.21349651201842
C            8.00598261877687        1.58728807281680       -5.22254614165840
C           -9.30871488481077       -0.17544333954061       -2.60493930891388
C            8.92890009401500        0.39369117366073       -5.47327429865225
C            8.59127579825300        2.92730671704600       -5.67680001776823
H            7.72943687294046        1.64962642567618       -4.15327303075537
C           -8.77334862228596        1.23053924786089       -2.90483201794111
C          -10.66520131756026       -0.46644797213001       -3.24587864804099
H           -9.35464364682187       -0.31872510783291       -1.51002299710905
H            8.44644464941135       -0.53684305325808       -5.14667946882819
H            9.17378546834261        0.30763124111228       -6.54288783177854
H            9.86959387632110        0.51945571940607       -4.92005361531620
H            7.88637598731989        3.74308986794726       -5.47210492486035
H            9.52667860416569        3.13746939685270       -5.14007181358401
H            8.81517670708441        2.90907702987618       -6.75456033118960
H           -7.79965516463904        1.38264360103289       -2.41146082584906
H           -8.65233192132596        1.37382139567424       -3.98748421078819
H           -9.47506185837796        1.98959666259030       -2.53215413250322
H          -10.99505945652946       -1.48871767731543       -3.01292599144513
H          -11.42513785607357        0.23261676898723       -2.87173116441214
H          -10.61344300582756       -0.36304949675171       -4.33770812794629
H            4.43988755590295       -5.91650767923910        2.22611724214252
H            0.60379949304732       -7.79255667351956        1.47573676838057
H            0.93638526575058        7.32519851728503       -2.37727003796571
H           -3.34101095389213        7.29215563435291       -1.66572617667131
O            3.56860158191763       -3.42753212576134        1.58766792798313
O           -0.61456371338370       -5.46983093802142        0.77177506702836
O            1.26940282393665        4.72243472082656       -1.63877130910271
O           -3.38657071805285        4.70023892454878       -0.85571532960688
C            4.91550887757664       -3.44656896659794        1.94980142883617
C            5.89755361358323       -3.70924425558970        0.98402639975869
C            5.27406134842741       -3.12285256970119        3.26495311640739
C            7.24957822723245       -3.65473860252748        1.34674757210290
H            5.59259524780534       -3.94874998077131       -0.03999557011276
C            6.62967257743093       -3.06974708919285        3.61543871104752
H            4.48383148846114       -2.91211084357917        3.99269015777323
C            7.61919106008235       -3.33701205610165        2.66026088689019
H            8.02083756592873       -3.85896603507121        0.59553769079078
H            6.91572470759920       -2.81686455478893        4.64253946549379
H            8.68061180011012       -3.29576914665233        2.93906425927255
C           -1.56749666265367       -6.46532768654165        0.96221116256093
C           -1.90620447269360       -6.91915664737703        2.24513958760845
C           -2.24410625546305       -6.94779573417285       -0.16657547008676
C           -2.91527618132388       -7.87909509288807        2.38979932991414
H           -1.38083312585345       -6.51441081989887        3.11676448313016
C           -3.25734956177341       -7.90127144140552       -0.00726843703619
H           -1.96883055990965       -6.55937511285182       -1.15241395146304
C           -3.59156766697484       -8.37490671620139        1.26773095552106
H           -3.17998073470055       -8.23915874182741        3.39014043849917
H           -3.78842632707400       -8.27859686316899       -0.88786632268721
H           -4.38095014548543       -9.12855848429832        1.38813471657049
C            2.53460886265504        5.28696152259956       -1.56439323362122
C            2.85252099440026        6.35011632990238       -0.70390391271977
C            3.53894453023081        4.67266036932956       -2.33007196383305
C            4.17510001020037        6.80689936356828       -0.63470031757702
H            2.07013230597863        6.81136351786899       -0.09136297606985
C            4.85749831566636        5.13075849390509       -2.24409681207230
H            3.27904650127340        3.83126602399575       -2.98086489984268
C            5.18053926840511        6.20451953005142       -1.40228574760062
H            4.42216243679900        7.64083984518438        0.03435564556851
H            5.62496655952912        4.63021982081639       -2.84504928253330
H            6.21354384760816        6.57067608924236       -1.33917863596271
C           -4.68518314557448        5.08115088485868       -1.17340640762600
C           -5.09214277300065        5.28991864969086       -2.49916090125997
C           -5.61104338329027        5.16450641766898       -0.12342437012460
C           -6.43070382815936        5.60301986066631       -2.76568456052600
H           -4.36182822579462        5.19934127451126       -3.31012193487222
C           -6.94812811092753        5.47085229894243       -0.40483791691951
H           -5.26645515845462        4.97857743501052        0.89872832336921
C           -7.36181078038259        5.69722179797471       -1.72353186699142
H           -6.75158162883375        5.76651849096333       -3.80025399989838
H           -7.67286937061851        5.53476230427438        0.41394907668633
H           -8.41015772110702        5.94165997354984       -1.94014908347774
N            1.30197712620767        0.60060551663529        0.06174994047910
C            2.37484862326978        1.09417946140582        0.59812092444908
C            2.34946457169889        2.38448843997778        1.20468377455536
C            3.45314312639658        2.87204492056889        1.85454919684043
C            4.62123969464329        2.12245759774297        1.94093585655809
C            4.68687314395460        0.89256086463569        1.30163227912682
C            3.61195013026956        0.37616399367603        0.61041462070754
C            3.73688352361278       -0.85175918410374       -0.23004229575321
C            4.03879600565419       -0.44351675891550       -1.69167741956743
C            5.32924373071816        0.29343458860954       -1.75214673009173
C            5.61194259291334        1.60053943240386       -1.52663921110597
C            7.03252092092246        1.72495162395250       -1.58649153805275
C            7.94018224673818        2.77257260810749       -1.44965998917064
C            9.28404519274968        2.49265042836925       -1.57617174520974
C            9.73725057607020        1.19784728980866       -1.83322311170300
C            8.85835928588580        0.14046492751222       -1.97365850843586
C            7.50832759588810        0.42337963178562       -1.84714911387185
O            6.46696330709381       -0.44121401233135       -1.94715440501880
H            1.44059138438847        2.95818384406847        1.13244654634711
H            3.42008284776664        3.85013480599242        2.31061621368780
H            5.46684744486405        2.51644596944207        2.48004717584523
H            5.60363245199052        0.32165367250102        1.33256799472306
H            2.80599719233853       -1.41926440253318       -0.20739949076982
H            4.55083239985401       -1.47544219055820        0.13914415695704
H            4.09874410607674       -1.33903915280611       -2.31145436468014
H            3.23030176689748        0.19446086664648       -2.05096980473195
H            4.90683145267634        2.38617255704937       -1.35202808435816
H            7.58848484518142        3.77195346609217       -1.24869084326598
H           10.00664036072380        3.28897688549697       -1.47532681759044
H           10.79804411547932        1.01868568840151       -1.92375951646796
H            9.20170364770407       -0.86123607989088       -2.17502387948867
