242
 energy: -394.146719767896 gnorm: 0.571521907904 xtb: 6.7.1 (edcfbbe)
N            0.17529300000000       -1.76653100000000       -0.95177400000000
N           -0.03987900000000       -1.08711700000000        1.79395200000000
C           -0.42567100000000       -1.01075200000000       -3.24327000000000
C            0.01527600000000       -1.96895100000000       -2.30220600000000
C            0.42077900000000       -3.31928600000000       -2.65740200000000
H            0.38181000000000       -3.73630900000000       -3.67028900000000
C            0.85767400000000       -3.91388100000000       -1.50162100000000
H            1.25222000000000       -4.92661100000000       -1.36412900000000
C            0.67012700000000       -2.94610800000000       -0.43491500000000
C            0.86728600000000       -3.23641000000000        0.92994200000000
C            0.46645100000000       -2.35886600000000        1.95732300000000
C            0.40720200000000       -2.73660600000000        3.35816900000000
H            0.74592100000000       -3.69930400000000        3.75748800000000
C           -0.18426500000000       -1.69548700000000        4.02697000000000
H           -0.42391500000000       -1.61194700000000        5.09336100000000
C           -0.44393100000000       -0.66197900000000        3.04014300000000
C            1.41247500000000       -4.58030500000000        1.31319000000000
C            2.76035300000000       -4.72887200000000        1.72835600000000
C            3.28510100000000       -5.98383600000000        2.09620000000000
C            2.45131600000000       -7.11084200000000        2.03727000000000
H            2.85795500000000       -8.09718800000000        2.31153000000000
C            1.11305500000000       -7.00849700000000        1.63244600000000
C            0.59804800000000       -5.74219200000000        1.28373400000000
N           -0.78947100000000        1.57492500000000        1.06765600000000
N           -0.53039900000000        0.90738800000000       -1.65826000000000
C           -1.00232900000000        0.59644800000000        3.34925800000000
C           -1.10009200000000        1.64630100000000        2.40966500000000
C           -1.47448800000000        3.00358700000000        2.76126000000000
H           -1.78524300000000        3.32409400000000        3.76241900000000
C           -1.34234800000000        3.75850100000000        1.62201000000000
H           -1.53150000000000        4.82946100000000        1.48970900000000
C           -0.95359400000000        2.85058600000000        0.56080900000000
C           -0.84809200000000        3.21738800000000       -0.79363400000000
C           -0.73141500000000        2.26140400000000       -1.82139400000000
C           -0.94945900000000        2.56712900000000       -3.22240900000000
H           -1.13355100000000        3.57131000000000       -3.62042200000000
C           -0.93286800000000        1.37254800000000       -3.89610300000000
H           -1.09481600000000        1.18674200000000       -4.96423500000000
C           -0.63836300000000        0.34427800000000       -2.91409100000000
C           -0.92889500000000        4.66264300000000       -1.18119500000000
C            0.25288000000000        5.35795200000000       -1.54871500000000
C            0.21244000000000        6.70117600000000       -1.97381000000000
C           -1.02316000000000        7.36575400000000       -2.00343900000000
H           -1.06140500000000        8.41846100000000       -2.32563400000000
C           -2.21141000000000        6.71735100000000       -1.63477400000000
C           -2.16034900000000        5.36373600000000       -1.24182000000000
Fe          -0.19053800000000       -0.05702100000000        0.06541400000000
Cl          -2.43617500000000       -0.69777800000000        0.06300400000000
C           -1.57213100000000        0.80978900000000        4.72341700000000
C           -0.79561800000000        1.35627200000000        5.78467500000000
C           -2.93275000000000        0.45063200000000        4.96527600000000
C           -1.36354400000000        1.54684600000000        7.06448800000000
N            0.54434900000000        1.70904300000000        5.49956000000000
C           -3.49979500000000        0.66579100000000        6.24466300000000
N           -3.66041400000000       -0.14131100000000        3.91344400000000
H           -0.74014300000000        1.95433200000000        7.86817200000000
C           -2.70716900000000        1.20361200000000        7.26604400000000
C            1.53263500000000        2.12435300000000        6.37270100000000
H            0.81276100000000        1.60623300000000        4.51539600000000
H           -4.55231100000000        0.40460800000000        6.40245400000000
C           -4.99781700000000       -0.51794300000000        3.90470100000000
H           -3.14024400000000       -0.31968100000000        3.04441100000000
H           -3.15425400000000        1.36030000000000        8.26085600000000
O            1.39286700000000        2.23519600000000        7.59252600000000
C            2.85008800000000        2.44656500000000        5.70317400000000
O           -5.78944800000000       -0.27785500000000        4.81941500000000
C           -5.41623500000000       -1.27338400000000        2.66902700000000
C            4.11613500000000        2.06455400000000        6.42910800000000
H            2.89776800000000        2.44676200000000        4.60159900000000
C            3.69435400000000        3.51747800000000        6.40858900000000
C           -6.77654100000000       -0.97678600000000        2.08340500000000
H           -4.63577600000000       -1.59123500000000        1.95692700000000
C           -6.58766200000000       -2.24262300000000        2.89008300000000
H            3.99933600000000        1.54166800000000        7.39132800000000
H            4.98050700000000        1.78403200000000        5.80723900000000
H            3.25954700000000        3.91855500000000        7.33655000000000
C            4.46428100000000        4.47710600000000        5.56166900000000
H           -7.36398100000000       -0.18473800000000        2.57465200000000
H           -6.87171900000000       -1.07100300000000        0.98948300000000
H           -6.99735300000000       -2.24088300000000        3.91138000000000
C           -6.56815300000000       -3.56284700000000        2.19515900000000
O            4.55363900000000        5.68327700000000        6.17192600000000
O            4.95995800000000        4.21603900000000        4.47143900000000
O           -7.17299500000000       -4.50828000000000        2.96527500000000
O           -6.09142400000000       -3.78574100000000        1.09208200000000
C            5.29721700000000        6.74497300000000        5.49130500000000
C           -7.26497100000000       -5.86007100000000        2.42103200000000
C            4.31010800000000        7.61375400000000        4.71229300000000
C            6.06410600000000        7.49973500000000        6.57282700000000
H            5.99569000000000        6.25050400000000        4.78373000000000
C           -7.24922800000000       -6.80321500000000        3.62025200000000
C           -8.52546600000000       -5.97609600000000        1.56276000000000
H           -6.36963600000000       -6.02030100000000        1.78317800000000
H            3.78770900000000        7.01976000000000        3.93605800000000
H            3.55130600000000        8.05485400000000        5.39144000000000
H            4.84608000000000        8.44238800000000        4.20488600000000
H            6.75225500000000        6.82205500000000        7.11671400000000
H            6.66621200000000        8.31264300000000        6.11781100000000
H            5.36848900000000        7.95299400000000        7.30917500000000
H           -6.32342000000000       -6.66901100000000        4.21476200000000
H           -8.11849300000000       -6.61435000000000        4.28421900000000
H           -7.29538200000000       -7.85792500000000        3.27963100000000
H           -8.48247200000000       -5.27251500000000        0.70812400000000
H           -8.62080300000000       -7.00389900000000        1.15481800000000
H           -9.43241700000000       -5.75419800000000        2.16322400000000
C           -0.67279600000000       -1.47965700000000       -4.64881300000000
C            0.28274400000000       -1.27252900000000       -5.68543300000000
C           -1.88064500000000       -2.17902400000000       -4.94407500000000
C            0.06905400000000       -1.81003700000000       -6.97419000000000
N            1.42296900000000       -0.49829800000000       -5.37103300000000
C           -2.08463900000000       -2.72365400000000       -6.23440000000000
N           -2.85279300000000       -2.25987800000000       -3.92772700000000
H            0.82291100000000       -1.64121400000000       -7.75173400000000
C           -1.10576300000000       -2.53551400000000       -7.21890400000000
C            2.36389000000000        0.04720600000000       -6.22819300000000
H            1.44780800000000       -0.16087700000000       -4.40370100000000
H           -3.00886800000000       -3.27950500000000       -6.43036300000000
C           -4.08847100000000       -2.89195600000000       -3.96359300000000
H           -2.63875700000000       -1.74428000000000       -3.06531900000000
H           -1.26957000000000       -2.96238800000000       -8.22140700000000
O            2.45732500000000       -0.21347900000000       -7.42825700000000
C            3.26374000000000        1.06443300000000       -5.56402000000000
O           -4.46944700000000       -3.61582800000000       -4.88626700000000
C           -4.95499500000000       -2.59715800000000       -2.76656700000000
C            3.57230500000000        2.31455200000000       -6.35423600000000
H            3.21156000000000        1.17759300000000       -4.46857300000000
C            4.65017700000000        1.26560400000000       -6.17885400000000
C           -5.85187300000000       -3.69206400000000       -2.24404500000000
H           -4.59239700000000       -1.86802300000000       -2.02212700000000
C           -6.46473900000000       -2.57716000000000       -3.06134600000000
H            3.12486200000000        2.38626200000000       -7.35791900000000
H            3.68454500000000        3.25261400000000       -5.78865100000000
H            4.88489300000000        0.63709500000000       -7.05110900000000
C            5.77692900000000        1.57854400000000       -5.24796200000000
H           -5.78313000000000       -4.66696100000000       -2.75237200000000
H           -6.02864500000000       -3.69815300000000       -1.15625400000000
H           -6.73388700000000       -2.81678200000000       -4.10118600000000
C           -7.30259700000000       -1.53889500000000       -2.39178800000000
O            6.94696000000000        1.11080500000000       -5.73994600000000
O            5.66382300000000        2.18969500000000       -4.19039100000000
O           -8.30558300000000       -1.13683000000000       -3.21838000000000
O           -7.13441200000000       -1.10180200000000       -1.26284900000000
C            8.16476700000000        1.35817200000000       -4.96722100000000
C           -9.22924900000000       -0.12539400000000       -2.71010600000000
C            9.06953900000000        0.15234300000000       -5.19832100000000
C            8.77598500000000        2.68677600000000       -5.41246300000000
H            7.86510400000000        1.42810500000000       -3.90008900000000
C           -8.66499900000000        1.26545300000000       -3.00013200000000
C          -10.57337900000000       -0.39948400000000       -3.37797400000000
H           -9.29969600000000       -0.26867200000000       -1.61062600000000
H            8.56634700000000       -0.78228700000000       -4.87966400000000
H            9.33462100000000        0.05679500000000       -6.27172000000000
H           10.00830600000000        0.26183900000000       -4.61751600000000
H            8.07726700000000        3.52600200000000       -5.22410900000000
H            9.71067600000000        2.88707500000000       -4.84884200000000
H            9.02099600000000        2.66413700000000       -6.49466500000000
H           -7.69594900000000        1.41012300000000       -2.48347200000000
H           -8.51521500000000        1.40949300000000       -4.09058000000000
H           -9.36409600000000        2.04750700000000       -2.63796700000000
H          -10.92712300000000       -1.42483300000000       -3.14896700000000
H          -11.33555700000000        0.32034400000000       -3.01527600000000
H          -10.49591200000000       -0.29766000000000       -4.48057100000000
H            4.33211400000000       -6.07293600000000        2.41678800000000
H            0.46916700000000       -7.89734000000000        1.58367400000000
H            1.13476900000000        7.21215700000000       -2.28289900000000
H           -3.17318400000000        7.24855800000000       -1.65508100000000
O            3.50742800000000       -3.57054900000000        1.75351200000000
O           -0.69275100000000       -5.55027800000000        0.85389300000000
O            1.40366000000000        4.60310700000000       -1.53106300000000
O           -3.26866900000000        4.65505700000000       -0.84426000000000
C            4.84126400000000       -3.61372000000000        2.14290500000000
C            5.83966100000000       -3.89643800000000        1.19261100000000
C            5.17567500000000       -3.29349900000000        3.47060400000000
C            7.18901600000000       -3.86041400000000        1.58546200000000
H            5.55198000000000       -4.13344600000000        0.15719200000000
C            6.52875600000000       -3.25917500000000        3.85024100000000
H            4.37077900000000       -3.06730900000000        4.18608400000000
C            7.53688900000000       -3.54375500000000        2.91144000000000
H            7.97390600000000       -4.07830000000000        0.84399700000000
H            6.79555000000000       -3.00601600000000        4.88866000000000
H            8.59569100000000       -3.51609800000000        3.21300600000000
C           -1.66084500000000       -6.53018000000000        1.02487600000000
C           -2.03248000000000       -6.97527900000000        2.30809000000000
C           -2.32058800000000       -7.00458300000000       -0.12191100000000
C           -3.06322900000000       -7.92119400000000        2.43339000000000
H           -1.51869100000000       -6.57504800000000        3.19516900000000
C           -3.35676700000000       -7.94335600000000        0.01801000000000
H           -2.01866000000000       -6.62088700000000       -1.10765300000000
C           -3.72645700000000       -8.40969700000000        1.29213100000000
H           -3.35578700000000       -8.27272900000000        3.43561600000000
H           -3.87741500000000       -8.31284100000000       -0.87954600000000
H           -4.53385500000000       -9.15100600000000        1.39724700000000
C            2.67223500000000        5.14879500000000       -1.43243300000000
C            2.98561900000000        6.21244700000000       -0.56193700000000
C            3.68336100000000        4.51568900000000       -2.17923300000000
C            4.31897400000000        6.64791000000000       -0.46566200000000
H            2.19494400000000        6.68866000000000        0.03688500000000
C            5.01243200000000        4.95227500000000       -2.06354700000000
H            3.42407900000000        3.67348500000000       -2.83657500000000
C            5.33537800000000        6.02523700000000       -1.21292400000000
H            4.56377900000000        7.48163300000000        0.21192700000000
H            5.78679500000000        4.43410800000000       -2.64997300000000
H            6.37670600000000        6.37307500000000       -1.12714900000000
C           -4.55107200000000        5.05723000000000       -1.18863000000000
C           -4.92482700000000        5.26955800000000       -2.52997600000000
C           -5.49726300000000        5.15776800000000       -0.15347000000000
C           -6.25679700000000        5.60326400000000       -2.82580600000000
H           -4.17708400000000        5.16459800000000       -3.33048200000000
C           -6.82807900000000        5.48383300000000       -0.46467300000000
H           -5.17672700000000        4.96688400000000        0.88146600000000
C           -7.21135200000000        5.71394900000000       -1.79788600000000
H           -6.55220700000000        5.76747900000000       -3.87433900000000
H           -7.57047600000000        5.55878800000000        0.34560400000000
H           -8.25429800000000        5.97302800000000       -2.03762000000000
N            1.46441400000000        0.33553400000000        0.15921900000000
C            2.55168800000000        1.08950200000000        0.69090200000000
C            3.36579700000000        0.51363500000000        1.67366100000000
C            4.43033000000000        1.23573300000000        2.21823400000000
C            4.68641500000000        2.53773900000000        1.78434700000000
C            3.88072900000000        3.12021500000000        0.80270300000000
C            2.80981700000000        2.40207000000000        0.24128200000000
C            1.92197800000000        3.06886100000000       -0.78443900000000
C            0.64572300000000        3.64111400000000       -0.15117600000000
C            0.95357000000000        4.74435900000000        0.82904800000000
C            1.22546400000000        6.04357200000000        0.36913500000000
C            1.55468500000000        7.05666800000000        1.27496400000000
C            1.62193900000000        6.77867200000000        2.64299300000000
C            1.36168500000000        5.48655900000000        3.10754100000000
C            1.03064500000000        4.47096800000000        2.20548300000000
H            3.17119800000000       -0.49399900000000        2.01916900000000
H            5.05506000000000        0.78685500000000        2.97960500000000
H            5.50771100000000        3.09814700000000        2.21196400000000
H            4.08547100000000        4.13590800000000        0.48708600000000
H            1.63843100000000        2.33235100000000       -1.56680900000000
H            2.47439300000000        3.88073600000000       -1.30713100000000
H           -0.00605900000000        4.04076200000000       -0.95829200000000
H            0.07348700000000        2.82785200000000        0.34655100000000
H            1.18734300000000        6.26874200000000       -0.68950000000000
H            1.76200000000000        8.05641500000000        0.91586900000000
H            1.87947900000000        7.56338800000000        3.34249500000000
H            1.42074600000000        5.27076000000000        4.16647400000000
H            0.84462800000000        3.47101200000000        2.57761700000000
242
 energy: -394.158267285718 gnorm: 0.554274393602 xtb: 6.7.1 (edcfbbe)
N            0.17544543015990       -1.76680572588280       -0.95191360322211
N           -0.03980564036138       -1.08708975403402        1.79408078283761
C           -0.42561511178079       -1.01043995142254       -3.24285393121551
C            0.01503259466702       -1.96822766097733       -2.30207733398105
C            0.42085742009039       -3.31980680282988       -2.65794014001629
H            0.38180924121674       -3.73618765905462       -3.67005864451720
C            0.85777856085465       -3.91412412771025       -1.50154280014800
H            1.25217912188912       -4.92651600036881       -1.36416294971746
C            0.67005541697809       -2.94585327426742       -0.43458887292507
C            0.86718498462064       -3.23617706474493        0.92984847946675
C            0.46650114389182       -2.35896819364664        1.95704499150831
C            0.40727434525204       -2.73681855646185        3.35828719948696
H            0.74589232035585       -3.69921995336232        3.75744928626204
C           -0.18433313859537       -1.69543421714764        4.02718233587059
H           -0.42389356182383       -1.61196122935764        5.09328182562554
C           -0.44396854097467       -0.66186714444057        3.03999279645782
C            1.41257490923164       -4.58056240040925        1.31326957852368
C            2.76023506013513       -4.72890168065575        1.72832643438330
C            3.28516481943260       -5.98367961997782        2.09619279178326
C            2.45139549549292       -7.11104875676921        2.03732615345675
H            2.85792434862917       -8.09711228526373        2.31150912118912
C            1.11290955079679       -7.00844052108689        1.63239454479577
C            0.59815805055448       -5.74211533597948        1.28375266705949
N           -0.78906539364595        1.57414565201324        1.06730759520606
N           -0.53023446130477        0.90745134385652       -1.65781542147271
C           -1.00228296450552        0.59644925900730        3.34914765432684
C           -1.10012699382314        1.64626464453485        2.40975461151421
C           -1.47462409721968        3.00390448669152        2.76152044550239
H           -1.78521098316280        3.32401181128499        3.76234803543536
C           -1.34188726904497        3.75732103692816        1.62089357720822
H           -1.53157779754799        4.82975680862662        1.48977343022771
C           -0.95558495884688        2.85219344102918        0.56352253358353
C           -0.84753605347447        3.21640529808136       -0.79565082191054
C           -0.73159719706719        2.26200030391695       -1.82062837891188
C           -0.94953055201181        2.56802016769988       -3.22225247328917
H           -1.13351286785053        3.57105335754823       -3.62036976162532
C           -0.93296451395019        1.37208618388730       -3.89693469392572
H           -1.09477052745766        1.18681063901815       -4.96392202521059
C           -0.63829348238968        0.34345979311801       -2.91437912961832
C           -0.93037106428888        4.66264788670481       -1.18058471117065
C            0.25542019706633        5.35675078960704       -1.54864186879477
C            0.21286922366616        6.70110165513946       -1.97382900576985
C           -1.02414938026037        7.36599266064462       -2.00337949779447
H           -1.06132765698238        8.41834970281512       -2.32561014621106
C           -2.21092267857440        6.71783508269923       -1.63498797509299
C           -2.15992946920657        5.36317096987497       -1.24174956358630
Fe          -0.19857896424096       -0.05879200358833        0.06486555899974
Cl          -2.43597016189424       -0.69772067373902        0.06300482274896
C           -1.57215945809686        0.80980257881794        4.72349534557962
C           -0.79562441289973        1.35627257438752        5.78468265651988
C           -2.93275192244733        0.45063045896092        4.96527350783438
C           -1.36348481502816        1.54684677388166        7.06442826647526
N            0.54431110746310        1.70903187629656        5.49955695772515
C           -3.49979980777601        0.66576768071100        6.24458917658598
N           -3.66040056803069       -0.14129502174403        3.91347630320888
H           -0.74014880107401        1.95433265147524        7.86818050460441
C           -2.70721417192687        1.20362974009009        7.26615080751981
C            1.53266645243462        2.12436272692627        6.37269991681947
H            0.81276713884105        1.60623444292956        4.51539409430361
H           -4.55231008696728        0.40461081378476        6.40246258141432
C           -4.99783179450827       -0.51795142042683        3.90469210534754
H           -3.14024086184668       -0.31968456543370        3.04439894608793
H           -3.15423720695138        1.36029379378017        8.26081751730819
O            1.39286241152542        2.23519493567494        7.59252915430628
C            2.85010642837503        2.44656857150474        5.70321105248025
O           -5.78944333793118       -0.27785411958331        4.81941410171733
C           -5.41626616353146       -1.27338371118093        2.66903135781853
C            4.11610175758885        2.06458991664781        6.42909348841442
H            2.89776749043704        2.44676225141267        4.60158560851067
C            3.69436160135997        3.51744414240304        6.40856424321779
C           -6.77651844269813       -0.97680771711546        2.08342618415584
H           -4.63576901711387       -1.59123733240027        1.95692192477591
C           -6.58765054076616       -2.24260743028999        2.89005938396812
H            3.99933757880395        1.54166148838097        7.39133544214312
H            4.98051577109709        1.78402752733915        5.80723605589614
H            3.25954194899328        3.91856080304520        7.33656075534652
C            4.46426868275291        4.47707916371490        5.56167454818282
H           -7.36398526622418       -0.18473249562734        2.57465257842447
H           -6.87172136874624       -1.07100200707266        0.98947552623399
H           -6.99735651771408       -2.24088371083971        3.91138881066739
C           -6.56814734122503       -3.56282253294665        2.19516003206258
O            4.55365211336441        5.68331124234005        6.17192384832052
O            4.95996198015788        4.21604218738183        4.47143405465866
O           -7.17300332099267       -4.50830892033057        2.96527693872993
O           -6.09142322253088       -3.78574553565370        1.09207799371312
C            5.29720692620468        6.74495788801732        5.49131496360157
C           -7.26496942045897       -5.86005519790241        2.42103898541990
C            4.31010869981951        7.61375791588041        4.71229119990291
C            6.06410779962484        7.49973711877074        6.57282760571245
H            5.99569167963052        6.25050413144164        4.78372834537735
C           -7.24922807274665       -6.80321707221348        3.62025262919890
C           -8.52546803076374       -5.97609782128272        1.56275790777282
H           -6.36963493936890       -6.02030212590312        1.78317678081503
H            3.78770965852332        7.01976019954324        3.93605754930463
H            3.55130608183941        8.05485389953354        5.39144023375596
H            4.84607920303581        8.44238709066455        4.20488649870668
H            6.75225484752489        6.82205482576542        7.11671387498481
H            6.66621163687172        8.31264248058546        6.11781149731309
H            5.36848885638593        7.95299381696737        7.30917489177559
H           -6.32341997652625       -6.66901081724602        4.21476189140591
H           -8.11849299508552       -6.61434982457645        4.28421889787813
H           -7.29538197069232       -7.85792447316046        3.27963134999529
H           -8.48247183594023       -5.27251497276766        0.70812420634577
H           -8.62080302820648       -7.00389814054172        1.15481829820527
H           -9.43241680463370       -5.75419789113978        2.16322414310869
C           -0.67283575420240       -1.47974217091102       -4.64908289731016
C            0.28272677033691       -1.27255127161204       -5.68547219906511
C           -1.88065101303477       -2.17903325389417       -4.94409378484548
C            0.06916124459834       -1.80991427936616       -6.97399678043006
N            1.42288282395771       -0.49835803965411       -5.37100902433515
C           -2.08468966418470       -2.72360432635489       -6.23417512176925
N           -2.85271877336051       -2.25987081989429       -3.92779277999846
H            0.82290553574099       -1.64122636155170       -7.75176323372890
C           -1.10580640351626       -2.53564171306914       -7.21920893310901
C            2.36396758867283        0.04727365280454       -6.22818827548489
H            1.44782115474101       -0.16086795509251       -4.40370313697385
H           -3.00886597796044       -3.27951279339911       -6.43038940651916
C           -4.08853203549280       -2.89196546937870       -3.96355719833718
H           -2.63876384916804       -1.74427348659645       -3.06529717365772
H           -1.26955330068386       -2.96234252365267       -8.22129868452952
O            2.45731566075493       -0.21349099657281       -7.42827158585413
C            3.26376170088004        1.06444879052575       -5.56410677421169
O           -4.46943781919686       -3.61582683658579       -4.88627252635401
C           -4.95504872394431       -2.59721085862949       -2.76659132942046
C            3.57234062652754        2.31445518271547       -6.35419416114653
H            3.21155853736735        1.17759542437044       -4.46854216503629
C            4.65011012727804        1.26565830009438       -6.17880961047735
C           -5.85186255461305       -3.69198145897934       -2.24409701910420
H           -4.59238773993478       -1.86800607942698       -2.02211141302797
C           -6.46469176463443       -2.57717679617612       -3.06128236602715
H            3.12485181894885        2.38627026474307       -7.35793720114723
H            3.68454472622105        3.25263570771269       -5.78864642204478
H            4.88490155644766        0.63707739123091       -7.05113114537856
C            5.77687780375990        1.57854485409747       -5.24797482013966
H           -5.78312926673071       -4.66697943544577       -2.75237419567462
H           -6.02864887268217       -3.69815946112753       -1.15623513109133
H           -6.73389428251032       -2.81678567533513       -4.10120953962586
C           -7.30255258906562       -1.53893126980093       -2.39178799950482
O            6.94702991024333        1.11079979001348       -5.73993541703596
O            5.66382936548182        2.18969915751155       -4.19038215861560
O           -8.30564029093532       -1.13678645102494       -3.21838719732560
O           -7.13441743727757       -1.10179314805694       -1.26284008835339
C            8.16473281640608        1.35816360810035       -4.96724210464394
C           -9.22922367821334       -0.12542454707480       -2.71012043197332
C            9.06954379641089        0.15234072047877       -5.19831986898592
C            8.77599065408498        2.68678167872644       -5.41246223657945
H            7.86510508632735        1.42810568724272       -3.90008456860901
C           -8.66499949348066        1.26546148340766       -3.00013138207349
C          -10.57338418074908       -0.39948236510443       -3.37797444506275
H           -9.29969770225143       -0.26867067489403       -1.61062176823327
H            8.56634656187660       -0.78228671433252       -4.87966400149659
H            9.33462059380869        0.05679528570349       -6.27172001932787
H           10.00830483678592        0.26183849994679       -4.61751694275178
H            8.07726678471040        3.52600140563472       -5.22410898697207
H            9.71067425655312        2.88707482550616       -4.84884325638459
H            9.02099558456948        2.66413653447938       -6.49466493534077
H           -7.69594926478667        1.41012239626364       -2.48347207574364
H           -8.51521503322179        1.40949234617848       -4.09057992975973
H           -9.36409444045862        2.04750560818453       -2.63796786690959
H          -10.92712250114349       -1.42483309763625       -3.14896683974164
H          -11.33555622357050        0.32034282122541       -3.01527674844782
H          -10.49591151953624       -0.29766006662818       -4.48057087446494
H            4.33209514794507       -6.07295601940033        2.41678585359719
H            0.46919256513139       -7.89733996768315        1.58368150116029
H            1.13468937039509        7.21211163086690       -2.28287469080827
H           -3.17324599863136        7.24856060681661       -1.65507179617924
O            3.50737581679508       -3.57052830084073        1.75349420486193
O           -0.69272905534645       -5.55022728666206        0.85387001742956
O            1.40115982261393        4.60520108302926       -1.53200403327489
O           -3.26894089446078        4.65519687283878       -0.84436587996709
C            4.84141730669106       -3.61372042287183        2.14294795485047
C            5.83963047446896       -3.89641923650818        1.19268022946684
C            5.17568092203248       -3.29351788083834        3.47052969063053
C            7.18896471141145       -3.86043141581631        1.58538284440581
H            5.55198255916417       -4.13345185193287        0.15716846962667
C            6.52867333454693       -3.25915974134198        3.85028590260438
H            4.37076992692658       -3.06730330230133        4.18610434792986
C            7.53701509118607       -3.54375242437576        2.91147350066852
H            7.97390944264294       -4.07829677488776        0.84401065857816
H            6.79555949164961       -3.00601941371059        4.88864837602261
H            8.59564461623105       -3.51609913137658        3.21299313078620
C           -1.66096199005549       -6.53029208077222        1.02490100487991
C           -2.03249067069759       -6.97528179592927        2.30800591048583
C           -2.32055689666175       -7.00456206334936       -0.12183994945920
C           -3.06316028696711       -7.92113647230987        2.43343954595742
H           -1.51868286156264       -6.57504270254521        3.19519587169404
C           -3.35673575183893       -7.94331884134550        0.01792455011426
H           -2.01866261069819       -6.62088703723615       -1.10767377906484
C           -3.72655416335363       -8.40978774674541        1.29215704802345
H           -3.35579558309146       -8.27273600025009        3.43560765445025
H           -3.87741451795597       -8.31284265630766       -0.87952649868358
H           -4.53381868305179       -9.15097247206423        1.39724031195181
C            2.67263668527071        5.14964616794513       -1.43167145541880
C            2.98544081751024        6.21200769606087       -0.56227783408840
C            3.68412508433854        4.51532691702575       -2.17968906200800
C            4.31865922644049        6.64816657046849       -0.46537999686017
H            2.19642271995600        6.68931876317704        0.03550046841413
C            5.01179718280249        4.95236175618528       -2.06335715316869
H            3.42405576259442        3.67357816029892       -2.83648377898197
C            5.33588306122712        6.02508598434123       -1.21315991239619
H            4.56380590973089        7.48157063950333        0.21186985836358
H            5.78692367294990        4.43404246253933       -2.65005332471454
H            6.37656881955352        6.37306053003932       -1.12713349887341
C           -4.55066667900484        5.05708226407442       -1.18845688727683
C           -4.92465827149869        5.26953801869278       -2.53016737405202
C           -5.49736913589900        5.15777852151013       -0.15334153608380
C           -6.25713902253004        5.60334056793130       -2.82579821396592
H           -4.17713940077794        5.16460425998959       -3.33040852297565
C           -6.82817085035031        5.48388200897879       -0.46493519311828
H           -5.17671035922275        4.96688449852217        0.88142798846418
C           -7.21101528801663        5.71385513802508       -1.79771789533148
H           -6.55215888438509        5.76746613257662       -3.87431751211244
H           -7.57048696300193        5.55878425315307        0.34565955716918
H           -8.25442181032317        5.97306011208733       -2.03766183053871
N            1.47951640342738        0.34293219275830        0.16325481719362
C            2.53906935466455        1.07774945772076        0.68626002015733
C            3.37161324474595        0.51598307984551        1.67740615684986
C            4.42809527199898        1.23553066235181        2.21641797101581
C            4.68435366371374        2.53671878673903        1.78308152292268
C            3.88228973352215        3.11924379957980        0.80448030058614
C            2.81050931782785        2.40993785363900        0.23820322706733
C            1.92461420353785        3.06510246814228       -0.78335605081831
C            0.64324355212111        3.64010907088280       -0.14525767258399
C            0.95416893656317        4.75016035597754        0.81810698856369
C            1.22245762589381        6.03515611758320        0.37008503430860
C            1.55543716744223        7.05667720933898        1.28767776302340
C            1.62162646477347        6.78230627552313        2.63135020716577
C            1.36090907326131        5.48275040174353        3.10884614613282
C            1.03107026300195        4.46861430152203        2.21478781978309
H            3.17037224912307       -0.49456429834970        2.01876394985064
H            5.05551223071678        0.78644627323139        2.98019880925333
H            5.50859112262459        3.09882738114442        2.21238349107023
H            4.08510922418100        4.13599574112467        0.48673802473396
H            1.63835709725649        2.33272470548205       -1.56673801538368
H            2.47479948835027        3.88093299661143       -1.30723662335580
H           -0.00610582248135        4.04197992911245       -0.95985493472517
H            0.07587156048895        2.82875112996865        0.34474696090849
H            1.18742274270395        6.26914580752367       -0.69053232811216
H            1.76224993999281        8.05773110437509        0.91449693615452
H            1.87982242812082        7.56407747252018        3.34429930458545
H            1.42065819136816        5.27071788794379        4.16572811218120
H            0.84488550138545        3.47268600582359        2.57646537348711
242
 energy: -394.170058021081 gnorm: 0.532748679732 xtb: 6.7.1 (edcfbbe)
N            0.17576971359838       -1.76744866835146       -0.95230799477019
N           -0.03969490032138       -1.08695234959811        1.79438815926643
C           -0.42549546004166       -1.00964148590188       -3.24182984690744
C            0.01451634245500       -1.96665276117354       -2.30171032570641
C            0.42104716469147       -3.32099410539957       -2.65911630836074
H            0.38180576891773       -3.73591548286823       -3.66955091970718
C            0.85797600157342       -3.91456574237864       -1.50135931653308
H            1.25210179583761       -4.92634159091910       -1.36423731797337
C            0.66989608000866       -2.94529928023429       -0.43393324425614
C            0.86700576147605       -3.23576356970956        0.92965826770935
C            0.46661014767429       -2.35920857045381        1.95652385202357
C            0.40739905341080       -2.73720623970497        3.35854074948783
H            0.74584133978990       -3.69906570517085        3.75736969508072
C           -0.18447357902833       -1.69525937369086        4.02747256491335
H           -0.42385730936158       -1.61199614590085        5.09317351006167
C           -0.44395575025709       -0.66185259404311        3.03968035869702
C            1.41275349420236       -4.58102906216475        1.31341752906703
C            2.76002119783064       -4.72895414254601        1.72827238069668
C            3.28528273259914       -5.98339589104367        2.09618032760169
C            2.45153855620555       -7.11142450017360        2.03742777275481
H            2.85786878395298       -8.09697472617579        2.31147122333011
C            1.11264535500677       -7.00834014479980        1.63230141240081
C            0.59836108807842       -5.74197312493666        1.28378681363027
N           -0.78783675681877        1.57166387491224        1.06616906112847
N           -0.52980480722851        0.90742409421363       -1.65647649024466
C           -1.00222344754302        0.59643394167425        3.34902230925879
C           -1.10031650752581        1.64659057974763        2.41001587454464
C           -1.47495341082986        3.00473885140499        2.76212561566490
H           -1.78513474987260        3.32378521994960        3.76220114913635
C           -1.34049051182321        3.75339723981904        1.61759691457341
H           -1.53184150162814        4.83081336107070        1.48994845988175
C           -0.96088216535105        2.85711349723006        0.57148103126456
C           -0.84600978451302        3.21431284849455       -0.80149143382889
C           -0.73209664322248        2.26369178711440       -1.81900114955001
C           -0.94963928870247        2.57003636210900       -3.22153854554951
H           -1.13344218088369        3.57052717225507       -3.62030300203507
C           -0.93316507448178        1.37086215712747       -3.89884232954975
H           -1.09466585478070        1.18696818133258       -4.96320038171622
C           -0.63818739636017        0.34161202934658       -2.91541758414521
C           -0.93471239066478        4.66293496793299       -1.17927617007878
C            0.26236007189061        5.35307111088312       -1.54844169639114
C            0.21391420680583        6.70170642503435       -1.97413729674257
C           -1.02700608304038        7.36612410185470       -2.00302628911515
H           -1.06107513857429        8.41823469238537       -2.32561029022532
C           -2.20905528561313        6.71881368555036       -1.63555139079424
C           -2.15870725343686        5.36217678186223       -1.24170932000668
Fe          -0.21523860063939       -0.06228881059958        0.06376403623890
Cl          -2.43554657652952       -0.69760293043860        0.06300665216867
C           -1.57218881775927        0.80982292751244        4.72357883558870
C           -0.79562373980765        1.35628096124657        5.78470883831590
C           -2.93277349215174        0.45062265948436        4.96527225468960
C           -1.36339598147932        1.54684656213277        7.06433372114958
N            0.54424394855154        1.70901221696202        5.49955375549598
C           -3.49980368053095        0.66573279047138        6.24447525045501
N           -3.66037616567731       -0.14126633135044        3.91353369515006
H           -0.74015692570102        1.95433393774273        7.86819373370018
C           -2.70728280688643        1.20365678270005        7.26631346123980
C            1.53271194355801        2.12437652184166        6.37269492285624
H            0.81277845882851        1.60623694742289        4.51538929091764
H           -4.55230939452033        0.40461481244913        6.40247535206781
C           -4.99784930699473       -0.51796262896907        3.90467906156434
H           -3.14023540472073       -0.31969111455012        3.04437712655751
H           -3.15421177211275        1.36028437989318        8.26075918317041
O            1.39285570747800        2.23519366104009        7.59253627260808
C            2.85014929398720        2.44657713475735        5.70327904657546
O           -5.78943779114898       -0.27785277846896        4.81941355534148
C           -5.41633036127605       -1.27338633138602        2.66903480891270
C            4.11603731084030        2.06465698043091        6.42906642926893
H            2.89776580824707        2.44676252748980        4.60156145373154
C            3.69437575734947        3.51738179315452        6.40851674752326
C           -6.77647375451957       -0.97684899461359        2.08346817567461
H           -4.63575555437376       -1.59124137633677        1.95691296247266
C           -6.58762782817296       -2.24257861539733        2.89001378881015
H            3.99934077783851        1.54164940409619        7.39134911517169
H            4.98053253814091        1.78401909410529        5.80723019641206
H            3.25953254479539        3.91857158444661        7.33658096356854
C            4.46424360644274        4.47702485659782        5.56168615267614
H           -7.36399347877992       -0.18472206753327        2.57465346957238
H           -6.87172591629187       -1.07100018219829        0.98946078892833
H           -6.99736334119656       -2.24088499572237        3.91140571764850
C           -6.56813564388240       -3.56277159118830        2.19516227367066
O            4.55367775220910        5.68337857664553        6.17191984436284
O            4.95997021081710        4.21604867864540        4.47142375833619
O           -7.17302024067969       -4.50836725248156        2.96528113309948
O           -6.09142157081963       -3.78575506324467        1.09206960311239
C            5.29718750272278        6.74492861112363        5.49133445557440
C           -7.26496632111128       -5.86002377840920        2.42105290212672
C            4.31010933695244        7.61376497953832        4.71228718052712
C            6.06411118958757        7.49974110884735        6.57282872078106
H            5.99569491816360        6.25050439158382        4.78372513403304
C           -7.24922821049661       -6.80322110460261        3.62025387042063
C           -8.52547201677243       -5.97610139143076        1.56275379976172
H           -6.36963283477470       -6.02030436346227        1.78317436076843
H            3.78771124391772        7.01976089868243        3.93605720032206
H            3.55130628304665        8.05485368514593        5.39144072213731
H            4.84607774216753        8.44238544168911        4.20488742140369
H            6.75225456038910        6.82205449038484        7.11671363766746
H            6.66621096060560        8.31264151082535        6.11781244542065
H            5.36848857797863        7.95299347086427        7.30917468987706
H           -6.32341993319372       -6.66901046020012        4.21476167495852
H           -8.11849298479970       -6.61434948030437        4.28421869507156
H           -7.29538191452322       -7.85792346046343        3.27963203536933
H           -8.48247151387269       -5.27251492084180        0.70812461000628
H           -8.62080308928953       -7.00389646558374        1.15481887736109
H           -9.43241642078705       -5.75419767680456        2.16322442530366
C           -0.67293249642622       -1.47993960574743       -4.64971664294649
C            0.28269479400541       -1.27260633983843       -5.68558929114360
C           -1.88067674033278       -2.17906662808750       -4.94415455255811
C            0.06939790052937       -1.80962992149753       -6.97352912655129
N            1.42267749866547       -0.49849601665968       -5.37093603318686
C           -2.08479069509259       -2.72347793390024       -6.23364637293480
N           -2.85253513612960       -2.25984279274570       -3.92793242457068
H            0.82289857295261       -1.64125360247284       -7.75183649608850
C           -1.10590664111651       -2.53593524338699       -7.21990918664528
C            2.36414938133776        0.04743379781705       -6.22817178740253
H            1.44785301621085       -0.16084875869850       -4.40371614196569
H           -3.00886781597126       -3.27953464961109       -6.43045161685303
C           -4.08867732567960       -2.89198463853241       -3.96346676140927
H           -2.63878343967117       -1.74426372116245       -3.06525377718422
H           -1.26951525195055       -2.96223886518588       -8.22105174977796
O            2.45729500603975       -0.21352028408794       -7.42831388820072
C            3.26381323861008        1.06448618298713       -5.56431157214681
O           -4.46941941033226       -3.61582942411264       -4.88629195653050
C           -4.95517529573764       -2.59733689786777       -2.76665102354436
C            3.57242414031498        2.31422757017013       -6.35409574799827
H            3.21155496081180        1.17760101447477       -4.46846957462324
C            4.64995242140794        1.26578553505704       -6.17870555984626
C           -5.85183798445684       -3.69178568836007       -2.24421984669761
H           -4.59236565060071       -1.86796566334259       -2.02207411987810
C           -6.46457920526985       -2.57721725509496       -3.06113185641829
H            3.12482795207832        2.38628967409106       -7.35797989663307
H            3.68454408571037        3.25268671447015       -5.78863566274867
H            4.88492166541731        0.63703613965792       -7.05118302504906
C            5.77675862954883        1.57854691301722       -5.24800453460858
H           -5.78312750675615       -4.66702317384398       -2.75237949044496
H           -6.02865803040564       -3.69817481359004       -1.15619057350994
H           -6.73391154431273       -2.81679430820144       -4.10126519740359
C           -7.30244913987942       -1.53901568440328       -2.39178785608402
O            6.94719314791273        1.11078761924065       -5.73991071475096
O            5.66384418326895        2.18970881635823       -4.19036164205109
O           -8.30577451192688       -1.13668438495444       -3.21840399025835
O           -7.13443008631109       -1.10177258673366       -1.26281939214727
C            8.16465300309830        1.35814402698250       -4.96729137663950
C           -9.22916425589755       -0.12549621059475       -2.71015427207810
C            9.06955497966924        0.15233539698570       -5.19831723530901
C            8.77600383997514        2.68679492234595       -5.41246045776294
H            7.86510762339754        1.42810729117503       -3.90007422426728
C           -8.66500065324302        1.26548138727683       -3.00012993338780
C          -10.57339634754857       -0.39947853141308       -3.37797549393539
H           -9.29970169660137       -0.26866756615188       -1.61061184094723
H            8.56634554113800       -0.78228604576964       -4.87966400520488
H            9.33461964626961        0.05679595278544       -6.27172006321814
H           10.00830212943656        0.26183733327104       -4.61751913888199
H            8.07726628200621        3.52600001949043       -5.22410895568197
H            9.71067019464233        2.88707442053085       -4.84884618512410
H            9.02099461567125        2.66413544853148       -6.49466478433053
H           -7.69594988555546        1.41012097940405       -2.48347225329456
H           -8.51521511128033        1.40949081232529       -4.09057976478023
H           -9.36409078155063        2.04750234362279       -2.63796990059484
H          -10.92712132958018       -1.42483332486019       -3.14896646384002
H          -11.33555440177079        0.32034005562718       -3.01527850435444
H          -10.49591039201287       -0.29766022278503       -4.48057057848467
H            4.33206014310851       -6.07299228096900        2.41678172533421
H            0.46923937078374       -7.89733940963849        1.58369516517576
H            1.13439976732035        7.21185369395429       -2.28275213217877
H           -3.17363655088989        7.24868586556485       -1.65505109476499
O            3.50728167264918       -3.57049153258160        1.75346221915061
O           -0.69269055327713       -5.55013494763137        0.85382764058980
O            1.39410971564886        4.60983737736842       -1.53360007305916
O           -3.26966353727621        4.65531075232877       -0.84448635613522
C            4.84169427576344       -3.61372105940591        2.14302559980304
C            5.83957513922659       -3.89638533572786        1.19280527621421
C            5.17569168335442       -3.29355200428108        3.47039535780507
C            7.18887221726824       -3.86046290729208        1.58523975724313
H            5.55198720886733       -4.13346241832936        0.15712597749878
C            6.52852392504809       -3.25913218143674        3.85036697317805
H            4.37075350696235       -3.06729299466940        4.18614113481999
C            7.53724290338686       -3.54374774590327        2.91153412194181
H            7.97391561462743       -4.07829093569278        0.84403537557117
H            6.79557665511584       -3.00602557499793        4.88862739883560
H            8.59556080068445       -3.51610117925168        3.21296986164672
C           -1.66117569494663       -6.53049676718199        1.02494714940232
C           -2.03251015531931       -6.97528682967825        2.30785146262281
C           -2.32049927995913       -7.00452309534636       -0.12171012496739
C           -3.06303473453201       -7.92103136860486        2.43353025421369
H           -1.51866790070783       -6.57503296119099        3.19524520641169
C           -3.35667939300410       -7.94325151419476        0.01776761243881
H           -2.01866750211086       -6.62088722646173       -1.10771166514779
C           -3.72673180570816       -8.40995370566321        1.29220512580616
H           -3.35581128248094       -8.27274879928730        3.43559233279733
H           -3.87741341708102       -8.31284552434563       -0.87949050474424
H           -4.53375222944279       -9.15091111550488        1.39722801238249
C            2.67389714000590        5.15173269900578       -1.42992671560670
C            2.98465666021480        6.21078432564686       -0.56320566167164
C            3.68663950451132        4.51476327332374       -2.18068518417407
C            4.31823030290980        6.64909421545593       -0.46449849314207
H            2.19916887394300        6.69075126509741        0.03332422435589
C            5.00957774682728        4.95270222557722       -2.06265332329366
H            3.42389603859610        3.67367814512059       -2.83634870735090
C            5.33710499988806        6.02442415209334       -1.21398234508791
H            4.56380560590061        7.48130638568283        0.21164406370203
H            5.78742648596523        4.43378349767143       -2.65036932109520
H            6.37627331636651        6.37308568488977       -1.12705199754003
C           -4.54982723847670        5.05679360923627       -1.18812772866872
C           -4.92436272955816        5.26950679976473       -2.53055245497647
C           -5.49748091088903        5.15777243647342       -0.15305220596565
C           -6.25781481147651        5.60348566774451       -2.82572471761163
H           -4.17723940241599        5.16461517060280       -3.33026650886075
C           -6.82846684776729        5.48400150201993       -0.46543383891896
H           -5.17669134210812        4.96689123788469        0.88133402197776
C           -7.21029784727950        5.71366265150101       -1.79743160004699
H           -6.55206855677406        5.76744366765746       -3.87429509263176
H           -7.57048136383744        5.55877299139827        0.34574997788816
H           -8.25468007658291        5.97312603600705       -2.03773910774463
N            1.51066301653520        0.35798681384621        0.17163638025795
C            2.51287854003827        1.05488808501566        0.67587334710161
C            3.38285816063616        0.51930930472832        1.68525789721573
C            4.42465623057837        1.23552494216223        2.21346584101592
C            4.68001421412452        2.53481366792489        1.78029876656099
C            3.88464135470255        3.11661586122810        0.80771971930524
C            2.81320800995943        2.42529787900029        0.23320412539342
C            1.92849442338427        3.05820218246106       -0.78107539752051
C            0.63941512817654        3.63856707494231       -0.13685655505979
C            0.95533424224637        4.76056077745386        0.80046207742667
C            1.21685518095523        6.01954204780262        0.37254432217922
C            1.55681019341887        7.05765664420756        1.30608485388667
C            1.62178275545375        6.79007180187581        2.61469070638575
C            1.35877015954983        5.47346678683467        3.10952234023776
C            1.03241368906083        4.46724416158808        2.23070698898730
H            3.16884717638202       -0.49518993725589        2.01780577723034
H            5.05611428236401        0.78569673530862        2.98109323513905
H            5.51043624464744        3.10014834198854        2.21331520309577
H            4.08452098511403        4.13645805007490        0.48601662644158
H            1.63824310755153        2.33341996442115       -1.56662877449501
H            2.47595116564724        3.88121354207265       -1.30747924264153
H           -0.00562364377485        4.04370321140061       -0.96184136326627
H            0.08060195213457        2.82978640705996        0.34169018004337
H            1.18761829916865        6.27012730705498       -0.69253978329152
H            1.76256929183295        8.05938226860938        0.91271820602024
H            1.88014382699568        7.56452229671087        3.34648282599218
H            1.42062316383172        5.27096945766154        4.16482072723088
H            0.84515503907292        3.47465190667853        2.57481173493221
242
 energy: -394.171551437744 gnorm: 0.529954512821 xtb: 6.7.1 (edcfbbe)
N            0.17581022868159       -1.76762029493750       -0.95246345991471
N           -0.03973250117489       -1.08687434888659        1.79446898733913
C           -0.42547111481565       -1.00939284767359       -3.24151489138448
C            0.01442675917328       -1.96633810965852       -2.30158269400210
C            0.42109822591649       -3.32126682797691       -2.65935611914068
H            0.38180373721039       -3.73585525444982       -3.66944482145477
C            0.85799472369813       -3.91458848288237       -1.50130700317390
H            1.25209495489378       -4.92633098826486       -1.36425308012518
C            0.66986581609049       -2.94518721912469       -0.43384389675059
C            0.86700041861240       -3.23575809273073        0.92963295860054
C            0.46663444195242       -2.35925986179844        1.95647725640222
C            0.40740204203491       -2.73723154262216        3.35858848446440
H            0.74583904784163       -3.69905497076842        3.75735749705908
C           -0.18449467612608       -1.69518525527096        4.02741358400274
H           -0.42385727147229       -1.61200553031676        5.09319521125496
C           -0.44388466856485       -0.66200615706246        3.03962956588173
C            1.41275850877123       -4.58104871941042        1.31342679422739
C            2.76001080595807       -4.72895503004706        1.72826929634307
C            3.28529131209484       -5.98338337885210        2.09618076284676
C            2.45154402391587       -7.11144208501566        2.03743215461415
H            2.85786628114412       -8.09696825619581        2.31146947219647
C            1.11263234905967       -7.00833873529546        1.63229736750870
C            0.59837404810524       -5.74196289697621        1.28378867548125
N           -0.78738523894861        1.57061864360153        1.06568372414708
N           -0.52969526089718        0.90731584934830       -1.65594720397637
C           -1.00223708423958        0.59641785670782        3.34905804254930
C           -1.10043319441048        1.64694363300779        2.41013162485716
C           -1.47503653955709        3.00499350983683        2.76226360667727
H           -1.78511663841681        3.32370880864151        3.76218188134068
C           -1.33993557042652        3.75167161199302        1.61632774500075
H           -1.53195960191397        4.83130970378639        1.49000780022369
C           -0.96259978703089        2.85911077259523        0.57451751550114
C           -0.84556784510531        3.21389239871692       -0.80370226581096
C           -0.73226571630880        2.26430407229104       -1.81875010400650
C           -0.94962093392857        2.57048675555605       -3.22109153416388
H           -1.13343840320487        3.57045176296960       -3.62032919759269
C           -0.93319479688249        1.37045187861414       -3.89928181980801
H           -1.09464146774019        1.18700440287861       -4.96303129861060
C           -0.63819803114787        0.34119781421146       -2.91595118110081
C           -0.93634248876792        4.66315163403321       -1.17899208915277
C            0.26480200580678        5.35156995003796       -1.54838075051461
C            0.21419630038862        6.70236228586378       -1.97438789600525
C           -1.02808553330496        7.36588666024142       -2.00279929697878
H           -1.06096435952427        8.41829663872578       -2.32564570656084
C           -2.20810518001255        6.71896402140650       -1.63573614333967
C           -2.15826451460371        5.36214371638698       -1.24178140194565
Fe          -0.21598809392469       -0.06227134962788        0.06374679724420
Cl          -2.43552908686282       -0.69759883061714        0.06300675332230
C           -1.57217649420793        0.80982238517672        4.72354584968427
C           -0.79561483617544        1.35628728866719        5.78472110802922
C           -2.93278873533821        0.45061851958879        4.96527529171038
C           -1.36340261006223        1.54684478595393        7.06433438954781
N            0.54423939406245        1.70901068011824        5.49955404189103
C           -3.49979917048222        0.66573551909658        6.24447979518101
N           -3.66037320208532       -0.14126430388877        3.91353651043387
H           -0.74015550525070        1.95433435558030        7.86819370474628
C           -2.70727874270782        1.20365526195742        7.26630417696991
C            1.53270761104673        2.12437492660630        6.37269207900592
H            0.81277948148583        1.60623713319545        4.51538847205420
H           -4.55231057247933        0.40461421148959        6.40247446774203
C           -4.99784415666604       -0.51796086785870        3.90467983516549
H           -3.14023561611647       -0.31969162417310        3.04437599724442
H           -3.15421340194554        1.36028496625689        8.26076286244855
O            1.39285629596279        2.23519408012862        7.59253836874909
C            2.85015979022282        2.44657934835955        5.70328549530030
O           -5.78943976110266       -0.27785276380272        4.81941464554285
C           -5.41634132803816       -1.27338871578546        2.66903209154180
C            4.11602882728274        2.06466406842603        6.42906357029179
H            2.89776513244972        2.44676238709061        4.60155951038300
C            3.69437716266330        3.51737577858555        6.40851092445735
C           -6.77646723403218       -0.97685390752736        2.08347429397047
H           -4.63575380976260       -1.59124160516690        1.95691233253087
C           -6.58762450107554       -2.24257566563928        2.89000791890411
H            3.99934129109546        1.54164818193039        7.39135040471921
H            4.98053458437156        1.78401814770975        5.80722932096019
H            3.25953158807510        3.91857267686993        7.33658315410623
C            4.46423958111062        4.47701627226005        5.56168815990784
H           -7.36399452454965       -0.18472084988191        2.57465344086772
H           -6.87172648820425       -1.07100000531570        0.98945869204477
H           -6.99736424071064       -2.24088510723761        3.91140782535035
C           -6.56813365306963       -3.56276270156816        2.19516271711484
O            4.55368122185762        5.68338803938203        6.17191946407624
O            4.95997160820683        4.21604962657824        4.47142179963251
O           -7.17302295670203       -4.50837632395659        2.96528196201910
O           -6.09142126468680       -3.78575677634574        1.09206811217370
C            5.29718501252914        6.74492479554389        5.49133707607027
C           -7.26496589381275       -5.86001917503337        2.42105495779209
C            4.31010885605173        7.61376547056747        4.71228637793573
C            6.06411157084390        7.49974155428184        6.57282884099940
H            5.99569532502951        6.25050443090288        4.78372471649552
C           -7.24922822625520       -6.80322163883412        3.62025404648216
C           -8.52547256724569       -5.97610188141137        1.56275323183628
H           -6.36963252917503       -6.02030469068709        1.78317400888546
H            3.78771141713970        7.01976098952313        3.93605748263583
H            3.55130632754952        8.05485361775222        5.39144077519018
H            4.84607762922742        8.44238532599784        4.20488750561825
H            6.75225452686525        6.82205444958240        7.11671360837189
H            6.66621089092866        8.31264140933678        6.11781255745455
H            5.36848854241945        7.95299343034880        7.30917466643490
H           -6.32341992911841       -6.66901041202774        4.21476164283962
H           -8.11849298289938       -6.61434943282657        4.28421866543243
H           -7.29538190768990       -7.85792333476201        3.27963212895040
H           -8.48247146941299       -5.27251491466202        0.70812466483595
H           -8.62080310152944       -7.00389624227791        1.15481895321998
H           -9.43241636752699       -5.75419764680283        2.16322446510086
C           -0.67296164516273       -1.47999195594755       -4.64989138342235
C            0.28269094237634       -1.27262317935124       -5.68563617210526
C           -1.88068948388344       -2.17908225484462       -4.94418118878932
C            0.06945104844822       -1.80955634393463       -6.97339446528716
N            1.42262091001077       -0.49853066521460       -5.37090516152241
C           -2.08480598557635       -2.72343780780222       -6.23350464849379
N           -2.85248060545818       -2.25982789479299       -3.92795914750976
H            0.82290069120825       -1.64125970468561       -7.75185931518118
C           -1.10593229079160       -2.53600956584044       -7.22008616303342
C            2.36419805692659        0.04747770693782       -6.22816404440324
H            1.44786212626091       -0.16084507928427       -4.40372509271828
H           -3.00887266095360       -3.27954285763133       -6.43046843072457
C           -4.08871784259840       -2.89198797195503       -3.96343846868829
H           -2.63879097585471       -1.74426493674095       -3.06524777037041
H           -1.26950585463545       -2.96221320156158       -8.22099056476669
O            2.45729027874028       -0.21352887783522       -7.42833044697767
C            3.26382669304612        1.06449568877882       -5.56436632047471
O           -4.46941646613802       -3.61583350249841       -4.88630128641030
C           -4.95520788636098       -2.59737095596157       -2.76666883883004
C            3.57244612334267        2.31416760690816       -6.35406971526793
H            3.21155396168133        1.17760247155563       -4.46845026621613
C            4.64991037795138        1.26581887822051       -6.17867841465187
C           -5.85183171942124       -3.69173348587737       -2.24425213628301
H           -4.59235971208663       -1.86795464846720       -2.02206385499932
C           -6.46454878116382       -2.57722862260816       -3.06109198112595
H            3.12482168067235        2.38629477100254       -7.35799112815924
H            3.68454391169938        3.25270014054572       -5.78863284764972
H            4.88492697350768        0.63702534317471       -7.05119658731418
C            5.77672838167064        1.57854749553007       -5.24801195720568
H           -5.78312701028370       -4.66703486918561       -2.75238098575485
H           -6.02866045073330       -3.69817893788386       -1.15617884931074
H           -6.73391614546909       -2.81679654435748       -4.10127994170793
C           -7.30242313683194       -1.53903684489103       -2.39178770869250
O            6.94723516784151        1.11078449654358       -5.73990433600323
O            5.66384793367821        2.18971124415827       -4.19035650739248
O           -8.30580895921580       -1.13665814446091       -3.21840822014200
O           -7.13443325135436       -1.10176747062333       -1.26281424218792
C            8.16463241089048        1.35813898629247       -4.96730407831409
C           -9.22914889880128       -0.12551471991366       -2.71016299391526
C            9.06955786186255        0.15233401991365       -5.19831655868872
C            8.77600723684953        2.68679833352153       -5.41246000050327
H            7.86510827837713        1.42810770449011       -3.90007155719135
C           -8.66500095546636        1.26548653917906       -3.00012955950586
C          -10.57339950692191       -0.39947753802158       -3.37797576786248
H           -9.29970272883890       -0.26866676326753       -1.61060927696547
H            8.56634527871527       -0.78228587209970       -4.87966400636067
H            9.33461940202080        0.05679612505035       -6.27172007369755
H           10.00830143404659        0.26183703264075       -4.61751970359373
H            8.07726615193951        3.52599966236100       -5.22410894712196
H            9.71066914998130        2.88707431707097       -4.84884693893752
H            9.02099436611932        2.66413516873964       -6.49466474521347
H           -7.69595004610620        1.41012061235912       -2.48347229938036
H           -8.51521513163065        1.40949041559317       -4.09057972183874
H           -9.36408983396537        2.04750149785655       -2.63797042698255
H          -10.92712102570839       -1.42483338295987       -3.14896636667486
H          -11.33555392834418        0.32033933866830       -3.01527895907820
H          -10.49591010016315       -0.29766026319519       -4.48057050113283
H            4.33205728053526       -6.07299383417751        2.41678115911348
H            0.46924223105036       -7.89733848641029        1.58369586753635
H            1.13426233609665        7.21169003161612       -2.28267801523089
H           -3.17389528366931        7.24879443312264       -1.65504612743776
O            3.50727764033190       -3.57049052117286        1.75346097102337
O           -0.69268981453444       -5.55013007612718        0.85382490702259
O            1.39154584091213        4.61085863347206       -1.53363830589533
O           -3.26991221909007        4.65520768463139       -0.84444093134929
C            4.84170662469536       -3.61372096463675        2.14302908022616
C            5.83957256777109       -3.89638376515964        1.19281109808180
C            5.17569231936366       -3.29355360712626        3.47038910413054
C            7.18886808098929       -3.86046442625116        1.58523291757898
H            5.55198742773117       -4.13346290888145        0.15712399723283
C            6.52851694133283       -3.25913087265111        3.85037084716224
H            4.37075270943147       -3.06729250723258        4.18614286490738
C            7.53725353789070       -3.54374751005436        2.91153702447064
H            7.97391582541821       -4.07829064196831        0.84403659988119
H            6.79557744896565       -3.00602587372096        4.88862637351296
H            8.59555687622192       -3.51610127758096        3.21296876234915
C           -1.66118763399082       -6.53050814167907        1.02495020547239
C           -2.03251152544034       -6.97528728975564        2.30784182771250
C           -2.32049528811756       -7.00452023644251       -0.12170269223012
C           -3.06302731292025       -7.92102515710872        2.43353568878055
H           -1.51866690579946       -6.57503230116492        3.19524831209714
C           -3.35667686903730       -7.94324817763168        0.01775763550192
H           -2.01866789679775       -6.62088735225435       -1.10771375698886
C           -3.72674222960114       -8.40996349444074        1.29220842171480
H           -3.35581221918225       -8.27274955931040        3.43559137987545
H           -3.87741311201582       -8.31284551675117       -0.87948802476481
H           -4.53374828213132       -9.15090746391956        1.39722721313514
C            2.67437047205350        5.15231392278925       -1.42949750705578
C            2.98421506846344        6.21036530290448       -0.56350645615597
C            3.68776252083006        4.51477911427940       -2.18091925425936
C            4.31837183513956        6.64952417673708       -0.46415689201715
H            2.19915426257546        6.69083884117735        0.03355167436357
C            5.00856151914816        4.95289826652851       -2.06229332139946
H            3.42378700141303        3.67363652061521       -2.83635690446219
C            5.33738371980627        6.02405153523168       -1.21435811148367
H            4.56375970943730        7.48116689174501        0.21153142417621
H            5.78768141311312        4.43364621060223       -2.65053449791401
H            6.37623319397112        6.37313536899445       -1.12700140879777
C           -4.54966183555217        5.05674977935438       -1.18808021568681
C           -4.92434187658774        5.26950799343705       -2.53062474009910
C           -5.49743234801551        5.15775320458814       -0.15298165484215
C           -6.25792440903718        5.60350470280484       -2.82567050837938
H           -4.17724963888519        5.16461598774880       -3.33024446654710
C           -6.82859311510833        5.48403656495909       -0.46550344232189
H           -5.17669749707759        4.96689621180769        0.88130612455044
C           -7.21014390541412        5.71362609908712       -1.79741576291249
H           -6.55205714500146        5.76744213238469       -3.87430604439923
H           -7.57046220617511        5.55876854623722        0.34575205315898
H           -8.25473212231999        5.97313863080494       -2.03774818975145
N            1.51196545619710        0.35858530661081        0.17199597776861
C            2.51176926047926        1.05388379833423        0.67545904140358
C            3.38299553843106        0.51921386360224        1.68542157417061
C            4.42483982578601        1.23558428557870        2.21359227977167
C            4.68000103055709        2.53484833897457        1.78027101450267
C            3.88415317480598        3.11610002865528        0.80755543158574
C            2.81390610991253        2.42623197446353        0.23329654522651
C            1.92818679267813        3.05782781724251       -0.78074961518590
C            0.63990208861109        3.63911864220793       -0.13781758646219
C            0.95525586675691        4.76006158374182        0.80129598861007
C            1.21696842680205        6.01983849042234        0.37298176470924
C            1.55678495985737        7.05819628585276        1.30320644713505
C            1.62206030642315        6.79006310330779        2.61747889159996
C            1.35849129756136        5.47282063100236        3.10826740054437
C            1.03270202278015        4.46859381615070        2.23048653942661
H            3.16883089150797       -0.49512285228135        2.01775876795378
H            5.05604834410532        0.78570777774862        2.98103122976888
H            5.51046607626716        3.10014131491751        2.21334433022144
H            4.08457461723373        4.13662364036101        0.48598160213267
H            1.63825418662477        2.33345812045585       -1.56663929013193
H            2.47631767202790        3.88111699108604       -1.30750329370524
H           -0.00521491989941        4.04340486259059       -0.96139512511420
H            0.08119917729331        2.82929502340536        0.34165149596181
H            1.18761496596261        6.27019404009188       -0.69258952129083
H            1.76248768226595        8.05894575744287        0.91311650034024
H            1.88000973912888        7.56419871334842        3.34591703470370
H            1.42068517955143        5.27106492709439        4.16519726204388
H            0.84505838676259        3.47415431778113        2.57497022000218
242
 energy: -394.175047225149 gnorm: 0.523906584027 xtb: 6.7.1 (edcfbbe)
N            0.17608149930873       -1.76880911033185       -0.95349505452107
N           -0.03998369421303       -1.08640486803912        1.79502181076832
C           -0.42529567509902       -1.00771237414911       -3.23934304593248
C            0.01378401567201       -1.96411214660966       -2.30077259890855
C            0.42144433193093       -3.32315287203900       -2.66105260702128
H            0.38179059803766       -3.73543427775167       -3.66869767777339
C            0.85815191616099       -3.91481303732793       -1.50093621366883
H            1.25203776055617       -4.92623211152094       -1.36436530307322
C            0.66966116135656       -2.94439712258339       -0.43317381476091
C            0.86692872016698       -3.23564969118415        0.92944643166552
C            0.46680725634436       -2.35958892049248        1.95607195129203
C            0.40745458734842       -2.73747821172680        3.35892480366653
H            0.74581236299628       -3.69895356244738        3.75726847279595
C           -0.18464885057419       -1.69472344481040        4.02716514485367
H           -0.42384709152019       -1.61206752971422        5.09328603638569
C           -0.44346734641794       -0.66287107179116        3.03925230629768
C            1.41282584666961       -4.58126489946769        1.31351248420837
C            2.75989817540161       -4.72897081772615        1.72823781850606
C            3.28537253769284       -5.98324937054652        2.09618233126551
C            2.45160667751966       -7.11162716799666        2.03747984099710
H            2.85783947871677       -8.09690013423253        2.31145090698306
C            1.11249631061843       -7.00831305607355        1.63225340450058
C            0.59849863307752       -5.74186705111511        1.28380750554528
N           -0.78455983321797        1.56394418314127        1.06259400159790
N           -0.52901257758554        0.90667323997975       -1.65252465067654
C           -1.00228944739461        0.59631577867519        3.34917678965440
C           -1.10115381678772        1.64907531614987        2.41091110676801
C           -1.47559284237549        3.00665281948195        2.76320819115759
H           -1.78499440509957        3.32321209496165        3.76203746786184
C           -1.33636470447503        3.74071732876065        1.60813678439819
H           -1.53270770321136        4.83444058698014        1.49039739862669
C           -0.97384532548119        2.87190077484711        0.59414949240221
C           -0.84285005122523        3.21075735389838       -0.81806134350929
C           -0.73335349886282        2.26837251228613       -1.81689327936156
C           -0.94953629563863        2.57364379515480       -3.21826219329685
H           -1.13339814518120        3.56987788094243       -3.62046778938940
C           -0.93340788789398        1.36769983117319       -3.90230368376049
H           -1.09447403969040        1.18725714530676       -4.96186868565034
C           -0.63823201737117        0.33830621312249       -2.91942488346376
C           -0.94690781410398        4.66433290906049       -1.17691655936670
C            0.28094766717577        5.34185082844546       -1.54800169131023
C            0.21603368338924        6.70649187360041       -1.97597388727869
C           -1.03513958473414        7.36436258949994       -2.00132752942574
H           -1.06025030896414        8.41868654429078       -2.32587102735059
C           -2.20202286359565        6.72019365481305       -1.63699697290664
C           -2.15530559793851        5.36171921682999       -1.24222293520732
Fe          -0.21950968733378       -0.06185148769500        0.06372539611379
Cl          -2.43544962723885       -0.69758173018074        0.06300723932393
C           -1.57212789595712        0.80983090987400        4.72341416241442
C           -0.79556852896618        1.35632399774074        5.78479738663332
C           -2.93287653822007        0.45059427019094        4.96529189930565
C           -1.36340270747803        1.54683423180393        7.06429687979158
N            0.54418840942628        1.70899415555839        5.49955198028936
C           -3.49977464536240        0.66573626437696        6.24445691298823
N           -3.66034624458785       -0.14124272556073        3.91357156018004
H           -0.74015061987972        1.95433755043016        7.86819986542267
C           -2.70728490046300        1.20365810311727        7.26632061031165
C            1.53270402523020        2.12437229107426        6.37267491438730
H            0.81278922073057        1.60623918901810        4.51538342371713
H           -4.55231753253698        0.40461242215839        6.40247516920166
C           -4.99782488867315       -0.51795678946530        3.90467781557110
H           -3.14023568098296       -0.31969666147446        3.04436298063136
H           -3.15421187280732        1.36028430169590        8.26075901149968
O            1.39285659351850        2.23519583953760        7.59255311418337
C            2.85023183223617        2.44659421803420        5.70334688076923
O           -5.78944841054955       -0.27785196706346        4.81942080001780
C           -5.41642389676818       -1.27340183946236        2.66901994414911
C            4.11595858199408        2.06472813855190        6.42903762060023
H            2.89776105862532        2.44676163793866        4.60153972811962
C            3.69439007401148        3.51731911748122        6.40846160947222
C           -6.77641546712598       -0.97689611790962        2.08352283460502
H           -4.63573929163060       -1.59124447480809        1.95690533830965
C           -6.58759810546802       -2.24254851735795        2.88995912855551
H            3.99934525094160        1.54163692494393        7.39136267325381
H            4.98055201717813        1.78400981448452        5.80722237304980
H            3.25952284450461        3.91858271116480        7.33660265813740
C            4.46420864894312        4.47694996912345        5.56170313117582
H           -7.36400326713234       -0.18471030773853        2.57465367957814
H           -6.87173129450768       -1.07099834059863        0.98944191698607
H           -6.99737165075544       -2.24088621979663        3.91142556690962
C           -6.56811874029744       -3.56269664650230        2.19516588111768
O            4.55370951726583        5.68346442170173        6.17191590413231
O            4.95998214751736        4.21605684227486        4.47140704503453
O           -7.17304372456398       -4.50844645445521        2.96528789189835
O           -6.09141903800730       -3.78576938547689        1.09205710485404
C            5.29716417095206        6.74489311954869        5.49135846279945
C           -7.26496244508785       -5.85998282528500        2.42107114123270
C            4.31010627243570        7.61377060178121        4.71228074738112
C            6.06411492987148        7.49974548753603        6.57282994688870
H            5.99569873206801        6.25050474535699        4.78372126049875
C           -7.24922836329858       -6.80322601670220        3.62025545416681
C           -8.52547700824585       -5.97610584347507        1.56274865272322
H           -6.36963010813534       -6.02030727661216        1.78317122278753
H            3.78771211032450        7.01976107397613        3.93605874168809
H            3.55130661627078        8.05485309051376        5.39144114847771
H            4.84607652262939        8.44238413954809        4.20488828869537
H            6.75225423300979        6.82205410449225        7.11671335667608
H            6.66621025587490        8.31264049061982        6.11781352025035
H            5.36848824654018        7.95299307718858        7.30917445726143
H           -6.32341989078799       -6.66901002016598        4.21476139025192
H           -8.11849296887475       -6.61434904969805        4.28421843100479
H           -7.29538184993628       -7.85792227883616        3.27963288708838
H           -8.48247111088304       -5.27251486186112        0.70812510985316
H           -8.62080318908906       -7.00389441727721        1.15481957730139
H           -9.43241593858872       -5.75419740605832        2.16322478363085
C           -0.67316297232050       -1.48035933736288       -4.65110983969970
C            0.28265846129811       -1.27273869353880       -5.68594613529211
C           -1.88076949282617       -2.17918338258781       -4.94435680860191
C            0.06982561846818       -1.80904558601888       -6.97246909778173
N            1.42223150195895       -0.49877120737240       -5.37069884390991
C           -2.08491985182989       -2.72316454420498       -6.23252426680395
N           -2.85210866091941       -2.25972984931661       -3.92814951782858
H            0.82291276309043       -1.64130275579226       -7.75201529946171
C           -1.10611058940919       -2.53652687765112       -7.22131826880385
C            2.36453532821306        0.04778101175334       -6.22811360964455
H            1.44792456560101       -0.16081891716657       -4.40378371707207
H           -3.00890334561193       -3.27959816294568       -6.43058481298345
C           -4.08899761521809       -2.89201282564648       -3.96324601158818
H           -2.63884147895887       -1.74427109805208       -3.06520326668151
H           -1.26944027143334       -2.96203413433041       -8.22056367550446
O            2.45725693446871       -0.21358775876837       -7.42844091153790
C            3.26391884477738        1.06456068986418       -5.56474397795378
O           -4.46939453503050       -3.61585906284039       -4.88636260529796
C           -4.95543177453243       -2.59760487578298       -2.76679102527447
C            3.57259807137028        2.31375377572708       -6.35389002086423
H            3.21154716613983        1.17761263389604       -4.46831695153862
C            4.64962040473325        1.26604931260341       -6.17849091965346
C           -5.85178868156964       -3.69137450754737       -2.24447433733003
H           -4.59231896651942       -1.86787897325418       -2.02199329996372
C           -6.46433982035373       -2.57730659371005       -3.06081752108750
H            3.12477833893867        2.38632995608239       -7.35806872870472
H            3.68454270364181        3.25279282173966       -5.78861343080766
H            4.88496361864602        0.63695072874155       -7.05129030577834
C            5.77651916592400        1.57855149016598       -5.24806335538695
H           -5.78312359202564       -4.66711531486987       -2.75239125425073
H           -6.02867710609308       -3.69820729865351       -1.15609816059422
H           -6.73394779312659       -2.81681195976499       -4.10138144578961
C           -7.30224361811398       -1.53918296272951       -2.39178675376988
O            6.94752565405131        1.11076291936327       -5.73986022106159
O            5.66387387061269        2.18972803469077       -4.19032098210640
O           -8.30604649906599       -1.13647720443118       -3.21843740205866
O           -7.13445510962866       -1.10173213308768       -1.26277867080256
C            8.16449003001043        1.35810412809431       -4.96739190079865
C           -9.22904302351708       -0.12564233867929       -2.71022313398472
C            9.06957780148280        0.15232449761109       -5.19831187584677
C            8.77603073419712        2.68682192929630       -5.41245683663244
H            7.86511280681250        1.42811056249940       -3.90005311491737
C           -8.66500303945555        1.26552206551416       -3.00012698122047
C          -10.57342128937759       -0.39947068550828       -3.37797765436487
H           -9.29970984563545       -0.26866122757300       -1.61059159835003
H            8.56634346290390       -0.78228467196999       -4.87966401428371
H            9.33461771261295        0.05679731622561       -6.27172014676315
H           10.00829662041545        0.26183495345713       -4.61752361138325
H            8.07726525269321        3.52599719198235       -5.22410888861360
H            9.71066192130533        2.88707360023545       -4.84885215400965
H            9.02099263997176        2.66413323355528       -6.49466447470999
H           -7.69595115364179        1.41011808140956       -2.48347261743152
H           -8.51521527199189        1.40948767986713       -4.09057942572658
H           -9.36408329929317        2.04749566450388       -2.63797405706274
H          -10.92711893086186       -1.42483378469095       -3.14896569664904
H          -11.33555066275304        0.32033439401074       -3.01528209497104
H          -10.49590808784544       -0.29766054198584       -4.48056996849200
H            4.33203085436877       -6.07301075020760        2.41677633610232
H            0.46927036433306       -7.89733153655864        1.58370307927575
H            1.13338801005402        7.21064490234710       -2.28220449082932
H           -3.17551310049133        7.24945155943377       -1.65500809702569
O            3.50723494855557       -3.57047590685524        1.75344701841725
O           -0.69267907633010       -5.55008154164110        0.85379884263349
O            1.37479648205693        4.61771420951028       -1.53422152468123
O           -3.27161401480308        4.65460303582946       -0.84418625819383
C            4.84184041617746       -3.61372039576121        2.14306656163579
C            5.83954420497616       -3.89636686579848        1.19287351369881
C            5.17569773006395       -3.29357078460021        3.47032176093435
C            7.18882410568288       -3.86048051634950        1.58516041545642
H            5.55198983037151       -4.13346817624882        0.15710279218100
C            6.52844323250335       -3.25911682503853        3.85041264295244
H            4.37074443051354       -3.06728733283926        4.18616131673321
C            7.53736687933002       -3.54374510110185        2.91156754116202
H            7.97391817285387       -4.07828753881533        0.84404956069155
H            6.79558583339746       -3.00602910001417        4.88861527227597
H            8.59551502575113       -3.51610231233027        3.21295709476977
C           -1.66130578801976       -6.53062080062778        1.02497894410160
C           -2.03252362395676       -6.97529074074424        2.30774934782115
C           -2.32045782218313       -7.00449375202307       -0.12162954823808
C           -3.06295573123326       -7.92096530892267        2.43358862639697
H           -1.51865763023932       -6.57502619862657        3.19527794613394
C           -3.35665031517950       -7.94321415563739        0.01766258467523
H           -2.01867145707508       -6.62088826689047       -1.10773455308851
C           -3.72684361698560       -8.41005855910063        1.29223909496857
H           -3.35582121637205       -8.27275684627908        3.43558206909476
H           -3.87741078464534       -8.31284591340359       -0.87946485716906
H           -4.53370998819357       -9.15087206029063        1.39721966863960
C            2.67741829181374        5.15633731359443       -1.42653354215684
C            2.98149907502227        6.20769618261315       -0.56541628896654
C            3.69496004819906        4.51468320450005       -2.18259272742265
C            4.31909813644956        6.65215809296481       -0.46203802601397
H            2.19923408305028        6.69120929024499        0.03442979094578
C            5.00211664839577        4.95415016976079       -2.06000421328778
H            3.42311310060565        3.67343697814123       -2.83635587571281
C            5.33922988141131        6.02173516891186       -1.21671755150085
H            4.56349575901366        7.48032211210960        0.21084680999495
H            5.78928617359919        4.43277710318888       -2.65157861787124
H            6.37595418806329        6.37343505141065       -1.12668877814814
C           -4.54847565396531        5.05642007606766       -1.18772717316308
C           -4.92414901140214        5.26950624823551       -2.53112616363885
C           -5.49714393138883        5.15763163849120       -0.15249665759308
C           -6.25873304977862        5.60365215834064       -2.82533819666453
H           -4.17733113875716        5.16462327525391       -3.33008525219472
C           -6.82943568120480        5.48427580691659       -0.46601511169185
H           -5.17673305366342        4.96692827536649        0.88111763930769
C           -7.20906713524278        5.71336647020514       -1.79726652816846
H           -6.55196869277506        5.76742760954387       -3.87436315209831
H           -7.57033988121625        5.55873879714981        0.34577744814496
H           -8.25509761538827        5.97322769804465       -2.03781782575306
N            1.51786956908570        0.36126995679758        0.17362108911968
C            2.50673171101988        1.04938505669507        0.67355241696370
C            3.38354449422288        0.51865436575984        1.68616434499769
C            4.42575464788690        1.23593405725546        2.21419517637607
C            4.68000011592254        2.53497656653763        1.78021011649364
C            3.88177508105543        3.11367997745273        0.80670871158244
C            2.81716875975797        2.43056340385753        0.23378006991135
C            1.92691046095357        3.05567789258786       -0.77926143421108
C            0.64255954895928        3.64159592211160       -0.14088362315463
C            0.95485093155516        4.75770131867680        0.80478314484746
C            1.21758614376492        6.02144208976928        0.37457914338505
C            1.55661587795509        7.05990057962557        1.29271635938796
C            1.62302767606045        6.78997191706117        2.62732776265451
C            1.35768744630956        5.47091758281027        3.10470531759244
C            1.03355383759584        4.47315262685491        2.22856668604018
H            3.16877134306901       -0.49477298338657        2.01753470155364
H            5.05573227842945        0.78575815594806        2.98073531219980
H            5.51058794758710        3.10009834129219        2.21347047459071
H            4.08483746971823        4.13740553986741        0.48582471082855
H            1.63832987064968        2.33369768090441       -1.56663800680038
H            2.47853150381731        3.88016547980696       -1.30747828778910
H           -0.00303898843226        4.04241105439945       -0.95974257211933
H            0.08578043784629        2.82687021998147        0.34059911218206
H            1.18750868564568        6.27035595044113       -0.69286604679873
H            1.76220452788366        8.05741997432979        0.91455014835201
H            1.87953431395181        7.56303867797404        3.34393680198979
H            1.42088156800390        5.27143272330954        4.16624245907971
H            0.84472124485624        3.47237111170823        2.57564223441983
242
 energy: -394.167941001235 gnorm: 0.540666580328 xtb: 6.7.1 (edcfbbe)
N            0.17638393459419       -1.77022159151904       -0.95469562453124
N           -0.04028906035357       -1.08589561400944        1.79565551880960
C           -0.42508692262620       -1.00573172178351       -3.23676459849696
C            0.01302077817481       -1.96147189557203       -2.29985585554771
C            0.42185123286889       -3.32537650749648       -2.66306282208543
H            0.38177516286183       -3.73493601403408       -3.66781265447537
C            0.85834659454279       -3.91509721599377       -1.50049297460017
H            1.25196732784108       -4.92610809106996       -1.36449915741928
C            0.66942307552727       -2.94345507781380       -0.43237491235767
C            0.86682968539659       -3.23549715268980        0.92922917244160
C            0.46701425047532       -2.35995818076259        1.95556278528067
C            0.40753307291052       -2.73779973807428        3.35931132121761
H            0.74577600191957       -3.69882294730294        3.75716403786645
C           -0.18483164607473       -1.69421612363930        4.02696575205128
H           -0.42382991078109       -1.61213751466610        5.09335829927896
C           -0.44302227940080       -0.66376560707974        3.03880550611248
C            1.41291967583749       -4.58155478287523        1.31362254365571
C            2.75974282709548       -4.72899380241287        1.72819494898378
C            3.28548139504355       -5.98307163844682        2.09618476343210
C            2.45169120992158       -7.11187255227737        2.03754351551936
H            2.85780374078814       -8.09680965230861        2.31142620885858
C            1.11231413847637       -7.00827942804606        1.63219467672977
C            0.59866370901189       -5.74173942705424        1.28383259726379
N           -0.78147165422377        1.55649820259069        1.05915131567993
N           -0.52826238470476        0.90593072244049       -1.64863081431089
C           -1.00232563246280        0.59619744895040        3.34923719730829
C           -1.10193993865895        1.65138847336107        2.41179618684487
C           -1.47622558906630        3.00852533801273        2.76428520451932
H           -1.78485596321397        3.32265348617738        3.76186994824350
C           -1.33234884286834        3.72850105301948        1.59891282729301
H           -1.53354025581463        4.83791726734786        1.49084057177611
C           -0.98664139384822        2.88620649150902        0.61637763264216
C           -0.83988226708615        3.20690880654027       -0.83441267899126
C           -0.73459067571890        2.27314584789290       -1.81459721989382
C           -0.94946599587559        2.57740702018478       -3.21510555103226
H           -1.13334010235049        3.56916199310106       -3.62059873927745
C           -0.93365717420435        1.36448151482588       -3.90583761304757
H           -1.09427850592542        1.18755872826051       -4.96050691354414
C           -0.63824968194676        0.33488208833667       -2.92342579268675
C           -0.95881456187971        4.66542842268235       -1.17436810927720
C            0.29953184040387        5.33082977719481       -1.54758815949539
C            0.21806935031064        6.71111773515154       -1.97774671624463
C           -1.04315078536766        7.36259676048365       -1.99964765331543
H           -1.05944687200888        8.41913652340001       -2.32612805034793
C           -2.19517520878928        6.72181271717413       -1.63848535560619
C           -2.15193952969033        5.36107830693832       -1.24269672283155
Fe          -0.22133016505886       -0.06086782762768        0.06384588865106
Cl          -2.43541500164846       -0.69757791409437        0.06300753974316
C           -1.57209433320390        0.80984880961515        4.72332209930817
C           -0.79552458714067        1.35636220174187        5.78488087438958
C           -2.93296757710531        0.45056874397282        4.96530825683660
C           -1.36337269246351        1.54682313381072        7.06422566203948
N            0.54411621086978        1.70897106152237        5.49954712031694
C           -3.49975062762520        0.66572523242162        6.24439479481489
N           -3.66031099401818       -0.14121262616972        3.91362291310192
H           -0.74014820896194        1.95434144453457        7.86821115779499
C           -2.70731458334322        1.20367016125556        7.26639263740013
C            1.53271699434314        2.12437466875743        6.37265646693034
H            0.81280235226444        1.60624207293169        4.51537783448549
H           -4.55232477886817        0.40461190567291        6.40248042823432
C           -4.99781274779763       -0.51795712753831        3.90467084224920
H           -3.14023473494874       -0.31970355677163        3.04434424698825
H           -3.15420168861057        1.36028042890269        8.26073529323653
O            1.39285448236873        2.23519714790052        7.59257046542118
C            2.85031575808354        2.44661132896724        5.70342966368343
O           -5.78945523726349       -0.27785061862285        4.81942699789177
C           -5.41652502068196       -1.27341509310392        2.66900993701593
C            4.11586884169384        2.06481294345433        6.42900322220707
H            2.89775667882893        2.44676090388024        4.60151244359843
C            3.69440724660765        3.51724294974346        6.40839803095069
C           -6.77635049826099       -0.97695090192025        2.08358374206080
H           -4.63572070455313       -1.59124866282532        1.95689544830543
C           -6.58756498292187       -2.24251229198813        2.88989668465628
H            3.99935015092306        1.54162192102295        7.39137921870708
H            4.98057455627966        1.78399889626324        5.80721366414863
H            3.25951122905689        3.91859607161620        7.33662831509476
C            4.46417046250312        4.47686793388220        5.56172134736641
H           -7.36401448711830       -0.18469658587275        2.57465424115276
H           -6.87173747543492       -1.07099610467847        0.98942079268264
H           -6.99738110067066       -2.24088774879933        3.91144839361067
C           -6.56810055078380       -3.56261639253768        2.19516964887844
O            4.55374541392124        5.68356089944716        6.17191113537545
O            4.95999503634286        4.21606568102044        4.47138893140905
O           -7.17306931627514       -4.50853333097349        2.96529495530273
O           -6.09141636045362       -3.78578463364864        1.09204377170587
C            5.29713741844016        6.74485261305028        5.49138559322950
C           -7.26495808798650       -5.85993734907206        2.42109136054198
C            4.31010374946469        7.61377774076583        4.71227414758033
C            6.06411933440386        7.49975064901035        6.57283142540230
H            5.99570310374253        6.25050514111996        4.78371684785822
C           -7.24922854200953       -6.80323158502083        3.62025722509217
C           -8.52548261840636       -5.97611085365021        1.56274286970299
H           -6.36962707453897       -6.02031051303638        1.78316773277150
H            3.78771252293582        7.01976075828640        3.93605973034252
H            3.55130693751786        8.05485242936406        5.39144158103799
H            4.84607501669602        8.44238250000858        4.20488933547666
H            6.75225384811211        6.82205366010453        7.11671302956802
H            6.66620941234746        8.31263927354120        6.11781476922446
H            5.36848786814301        7.95299261585843        7.30917418094169
H           -6.32341983928649       -6.66900952336708        4.21476107487337
H           -8.11849295192221       -6.61434856566584        4.28421813752288
H           -7.29538177552505       -7.85792092152554        3.27963384659899
H           -8.48247065811205       -5.27251479353194        0.70812567354885
H           -8.62080329343879       -7.00389209872098        1.15482037244196
H           -9.43241539714334       -5.75419710267955        2.16322518458936
C           -0.67340315393719       -1.48080226279949       -4.65256996444984
C            0.28261430275991       -1.27287520643917       -5.68630171453545
C           -1.88085628146638       -2.17929710807635       -4.94455866134306
C            0.07027588307856       -1.80843752255073       -6.97137477998769
N            1.42177132177061       -0.49905706362882       -5.37045922899928
C           -2.08506112594233       -2.72284309955570       -6.23135965516365
N           -2.85167110472289       -2.25961681362348       -3.92837864117347
H            0.82292513735663       -1.64135454812661       -7.75219920997266
C           -1.10632324024818       -2.53714390333332       -7.22278782681713
C            2.36493642413132        0.04814091401784       -6.22805647851823
H            1.44799815322935       -0.16078744171183       -4.40385100591314
H           -3.00893776402456       -3.27966283395739       -6.43072320746533
C           -4.08933045615427       -2.89204400470092       -3.96301964307333
H           -2.63890031877660       -1.74427703391829       -3.06514877098693
H           -1.26936189899615       -2.96182023326198       -8.22005379827781
O            2.45721680487001       -0.21365722375443       -7.42856873185347
C            3.26402669126995        1.06463642254400       -5.56519055110362
O           -4.46936718927483       -3.61588736518947       -4.88643300951133
C           -4.95569510854050       -2.59788077575002       -2.76693580106731
C            3.57277806255319        2.31326462623219       -6.35367748918094
H            3.21153924960685        1.17762479645954       -4.46815918576309
C            4.64927738698488        1.26632202914495       -6.17826938155289
C           -5.85173814666016       -3.69095073624454       -2.24473658515841
H           -4.59227097674694       -1.86778963264711       -2.02190990189382
C           -6.46409309029911       -2.57739889595011       -3.06049341637930
H            3.12472702525927        2.38637154632192       -7.35816058317722
H            3.68454125703445        3.25290238930014       -5.78859051627039
H            4.88500697244888        0.63686243804995       -7.05140116584486
C            5.77627240401986        1.57855620655680       -5.24812394055093
H           -5.78311953529265       -4.66721032562615       -2.75240340738548
H           -6.02869676447987       -3.69824079458901       -1.15600291925737
H           -6.73398517114693       -2.81683015034922       -4.10150134012748
C           -7.30203205699795       -1.53935515716548       -2.39178563688421
O            6.94786873775833        1.11073747310643       -5.73980805030515
O            5.66390443726886        2.18974781703858       -4.19027913267432
O           -8.30632671231033       -1.13626372220459       -3.21847176013916
O           -7.13448086218227       -1.10169049905053       -1.26273674690742
C            8.16432174598852        1.35806293010325       -4.96749568388012
C           -9.22891805520509       -0.12579298243548       -2.71029411338005
C            9.06960139148190        0.15231323685708       -5.19830633415238
C            8.77605852445335        2.68684983394819       -5.41245309423391
H            7.86511815881348        1.42811394051138       -3.90003131715624
C           -8.66500550149495        1.26556402397866       -3.00012393646418
C          -10.57344701817521       -0.39946258591940       -3.37797987958795
H           -9.29971824611062       -0.26865469336323       -1.61057072927621
H            8.56634131468748       -0.78228325380301       -4.87966402372010
H            9.33461571473989        0.05679872445710       -6.27172023354798
H           10.00829092189772        0.26183249519426       -4.61752823537644
H            8.07726418915963        3.52599427027172       -5.22410882011087
H            9.71065336847416        2.88707275070969       -4.84885832270270
H            9.02099059873641        2.66413094532826       -6.49466415466713
H           -7.69595246209419        1.41011509203847       -2.48347299362514
H           -8.51521543785254        1.40948444921566       -4.09057907577660
H           -9.36407558010011        2.04748877159582       -2.63797834482067
H          -10.92711645731065       -1.42483426083267       -3.14896490544036
H          -11.33554680177909        0.32032855139224       -3.01528579936574
H          -10.49590571160995       -0.29766087152640       -4.48056934031481
H            4.33199545189820       -6.07303333964242        2.41676985058709
H            0.46930806538061       -7.89732194752922        1.58371268657915
H            1.13242083150969        7.20947136393403       -2.28167436941239
H           -3.17730259651421        7.25015538046822       -1.65495873187567
O            3.50717979328656       -3.57045418380590        1.75342854584074
O           -0.69266577578220       -5.55001844682026        0.85376450377119
O            1.35565637148149        4.62563284413601       -1.53512757606832
O           -3.27363970046101        4.65398639881672       -0.84394472443059
C            4.84202012404304       -3.61371966323845        2.14311670142425
C            5.83950486637176       -3.89634405140670        1.19295756201515
C            5.17570369202591       -3.29359396561183        3.47023062551814
C            7.18876620149841       -3.86050215911357        1.58506309689536
H            5.55199316356558       -4.13347527280518        0.15707426772937
C            6.52834542210925       -3.25909777068467        3.85046971334733
H            4.37073349914084       -3.06728039464373        4.18618611819145
C            7.53751872179800       -3.54374193237195        2.91160819850884
H            7.97392109916589       -4.07828332165977        0.84406712802788
H            6.79559693289467       -3.00603352778861        4.88859996455939
H            8.59545886919894       -3.51610369361695        3.21294146719252
C           -1.66146112731229       -6.53076880947268        1.02501663549140
C           -2.03253857334987       -6.97529441250551        2.30762773273810
C           -2.32040824019182       -7.00445864253515       -0.12153337211664
C           -3.06286269625454       -7.92088761101428        2.43365838462661
H           -1.51864559667414       -6.57501831171129        3.19531676087231
C           -3.35661583368816       -7.94316984796281        0.01753797312295
H           -2.01867615890653       -6.62088949039004       -1.10776187521712
C           -3.72697628907959       -8.41018295655200        1.29227920787644
H           -3.35583290023817       -8.27276627962517        3.43556964044968
H           -3.87740769387763       -8.31284640288760       -0.87943443606763
H           -4.53365982760019       -9.15082568776442        1.39720980773100
C            2.68087454683563        5.16113158596264       -1.42302025214013
C            2.97850978840409        6.20468959754802       -0.56756163997284
C            3.70311463382822        4.51443286332815       -2.18461634957813
C            4.31978990980426        6.65504183387079       -0.45969903804069
H            2.19945827160192        6.69148910668807        0.03499153389060
C            4.99486682793717        4.95555681688003       -2.05743145396622
H            3.42236797644475        3.67325933195289       -2.83631615381277
C            5.34136118694282        6.01917486726319       -1.21934417225624
H            4.56321954950810        7.47940470375026        0.21010148753192
H            5.79108117344785        4.43180194168703       -2.65274924170079
H            6.37562242767109        6.37375979152725       -1.12634405537581
C           -4.54697258465654        5.05599023505690       -1.18727040111343
C           -4.92387459001410        5.26949742194912       -2.53175255548539
C           -5.49685554547068        5.15749764776150       -0.15189926468214
C           -6.25976735604384        5.60384631881945       -2.82496563965201
H           -4.17744088630963        5.16463346690769       -3.32988176619768
C           -6.83042599953842        5.48456397883084       -0.46667892449575
H           -5.17676793611603        4.96696493568483        0.88088996116200
C           -7.20773390990379        5.71304086071899       -1.79704175748924
H           -6.55185161923397        5.76740641470485       -3.87441786975820
H           -7.57020289283197        5.55870358914558        0.34582286354411
H           -8.25555286879622        5.97333927747256       -2.03791056946171
N            1.52045206947736        0.36236406102028        0.17433160757980
C            2.50446207929995        1.04750073535740        0.67264067628323
C            3.38345158486744        0.51797421126992        1.68642550778932
C            4.42651686585759        1.23619328584167        2.21471466806525
C            4.68024667217816        2.53518478733383        1.78032073038110
C            3.87998153570377        3.11207028983860        0.80596698461495
C            2.81923187259702        2.43290646614781        0.23429300576808
C            1.92607546184893        3.05375536888927       -0.77811951586145
C            0.64518184927464        3.64348539144741       -0.14196447037819
C            0.95449099799561        4.75577166792256        0.80730100055695
C            1.21818629392705        6.02296585695141        0.37555207117071
C            1.55643332556004        7.06061179121761        1.28667510793955
C            1.62345064256858        6.78951544299521        2.63259898706236
C            1.35760930604905        5.47084445601095        3.10402155317719
C            1.03370640630246        4.47498648727346        2.22597104429507
H            3.16880747180434       -0.49444797363597        2.01740241628153
H            5.05549058887539        0.78582051501189        2.98049699128674
H            5.51057062409546        3.09999439785263        2.21350723633120
H            4.08505539711437        4.13794921241405        0.48574531020367
H            1.63841346328708        2.33391705951667       -1.56660060495795
H            2.48086753173023        3.87875786690269       -1.30727898211188
H           -0.00096092199543        4.04202901223915       -0.95882208744284
H            0.09150618416824        2.82472845119066        0.33879536538649
H            1.18732749518357        6.27034897160694       -0.69316475339478
H            1.76205745767574        8.05661692535005        0.91534729561844
H            1.87929840507819        7.56246419473458        3.34294729170833
H            1.42094612891017        5.27162784456624        4.16641942730816
H            0.84456496034577        3.47147645008646        2.57612501526133
242
 energy: -394.063476607662 gnorm: 0.798507256089 xtb: 6.7.1 (edcfbbe)
N            0.17727857391972       -1.77452451446667       -0.95834006272274
N           -0.04123089573583       -1.08437934066105        1.79752010869134
C           -0.42446254885278       -0.99968673671258       -3.22892739139720
C            0.01072507881723       -1.95350199020740       -2.29707453216349
C            0.42308910744627       -3.33210779046263       -2.66912210749911
H            0.38172762311431       -3.73342924046472       -3.66514063787796
C            0.85892728824005       -3.91593607558007       -1.49916005196685
H            1.25175736963494       -4.92574120539688       -1.36490347452279
C            0.66869806122473       -2.94058158834029       -0.42999182639714
C            0.86653050337339       -3.23504345264552        0.92859469551209
C            0.46764521918912       -2.36107211930426        1.95403685584346
C            0.40777739219167       -2.73877319729897        3.36044979278715
H            0.74566555644143       -3.69842926971625        3.75685346653876
C           -0.18538112135679       -1.69270719608798        4.02640819674164
H           -0.42377630197356       -1.61234542511837        5.09355911437521
C           -0.44171263487947       -0.66638609989682        3.03749427645283
C            1.41320669911904       -4.58243725831566        1.31395646573628
C            2.75925740916745       -4.72906499981680        1.72806113393236
C            3.28582117642830       -5.98253295306935        2.09619506206906
C            2.45194837297519       -7.11261785478380        2.03773703952167
H            2.85769496308266       -8.09653442728723        2.31135106254507
C            1.11175540114397       -7.00818596654619        1.63201610248617
C            0.59917291402966       -5.74134231853336        1.28390966843403
N           -0.77241386859447        1.53445712224308        1.04896027784773
N           -0.52602168430896        0.90356716944799       -1.63691150241943
C           -1.00242216677442        0.59583495807051        3.34938201646633
C           -1.10424825083490        1.65822504074823        2.41437093762997
C           -1.47809442824940        3.01409699730940        2.76741914554630
H           -1.78445290905025        3.32100088465969        3.76139785470119
C           -1.32038504089929        3.69221237374903        1.57145130325784
H           -1.53600972612361        4.84822607248169        1.49216316168037
C           -1.02506845980208        2.92862018206613        0.68299123371378
C           -0.83105079989496        3.19510351221291       -0.88354771963283
C           -0.73833526570868        2.28778263482429       -1.80746817674185
C           -0.94928654970643        2.58887024614227       -3.20573997845734
H           -1.13315129057075        3.56694495416672       -3.62095305605435
C           -0.93439626328795        1.35469875078752       -3.91647523847135
H           -1.09369051074265        1.18848015029149       -4.95640176575818
C           -0.63829527801684        0.32451027984107       -2.93554635806906
C           -0.99423201905208        4.66822202812582       -1.16642694223828
C            0.35553689660410        5.29784386630681       -1.54636000369278
C            0.22402124261375        6.72491963211874       -1.98301660782725
C           -1.06706409621605        7.35719022839768       -1.99459519645065
H           -1.05706052457176        8.42051758678573       -2.32690530204158
C           -2.17478883009538        6.72705381193504       -1.64304076582303
C           -2.14193313458244        5.35889694888780       -1.24405295873410
Fe          -0.22404296760831       -0.05728946631231        0.06437546329642
Cl          -2.43538116069197       -0.69758604609064        0.06300815812403
C           -1.57200849385141        0.80990686645971        4.72308762019566
C           -0.79540113935320        1.35647191802088        5.78512306680829
C           -2.93322906746810        0.45049470342256        4.96535331713927
C           -1.36326132901368        1.54679187622246        7.06399681074888
N            0.54389274105202        1.70890014118771        5.49953278154468
C           -3.49968452582349        0.66568366087023        6.24418598196151
N           -3.66020548624176       -0.14111972583966        3.91378435465151
H           -0.74014388507906        1.95435280009482        7.86824696574309
C           -2.70741895551247        1.20371224906149        7.26664453836806
C            1.53276712624430        2.12438547596837        6.37260311973108
H            0.81284273973752        1.60625085148574        4.51536058134024
H           -4.55234491529363        0.40461167588739        6.40249908878631
C           -4.99778347268105       -0.51796122058611        3.90464753872622
H           -3.14023051701998       -0.31972488967695        3.04428523914023
H           -3.15416531096796        1.36026667385411        8.26065084580264
O            1.39284654205199        2.23520043739294        7.59262135324812
C            2.85056554974825        2.44666213654152        5.70368369575426
O           -5.78947275931653       -0.27784646438942        4.81944418066049
C           -5.41682844428623       -1.27345318337465        2.66898276602535
C            4.11559623862125        2.06507240997098        6.42889800347423
H            2.89774384365774        2.44675886494221        4.60142827625021
C            3.69445996810750        3.51700933161109        6.40820440504309
C           -6.77615459343956       -0.97711715012287        2.08376743532451
H           -4.63566446520333       -1.59126163651808        1.95686497827721
C           -6.58746512462239       -2.24240195428531        2.88970759243362
H            3.99936493890743        1.54157594865193        7.39143002265327
H            4.98064320217168        1.78396555664595        5.80718731836241
H            3.25947563870999        3.91863700131342        7.33670676140866
C            4.46405506765805        4.47662004805366        5.56177627988273
H           -7.36404846635547       -0.18465491830862        2.57465608246167
H           -6.87175620218918       -1.07098928075257        0.98935703573786
H           -6.99740969447396       -2.24089242464261        3.91151758844524
C           -6.56804593353622       -3.56237556294952        2.19518092654044
O            4.55385443001299        5.68385357123945        6.17189650735596
O            4.96003388832331        4.21609234917603        4.47133420707610
O           -7.17314630204873       -4.50879494204910        2.96531606115660
O           -6.09140834418431       -3.78583034991976        1.09200379276420
C            5.29705592691957        6.74472944756128        5.49146790611753
C           -7.26494491845236       -5.85980014935552        2.42115234911495
C            4.31009702797262        7.61380010624229        4.71225474961977
C            6.06413281784407        7.49976644812470        6.57283598525525
H            5.99571641802056        6.25050633603862        4.78370343317898
C           -7.24922908565504       -6.80324843881016        3.62026257233092
C           -8.52549957711045       -5.97612600155679        1.56272538948091
H           -6.36961791915380       -6.02032027809279        1.78315720057218
H            3.78771340952749        7.01975945462605        3.93606204911625
H            3.55130786364275        8.05485045370897        5.39144286488924
H            4.84607033114211        8.44237737833199        4.20489256464812
H            6.75225266936650        6.82205230873632        7.11671202927231
H            6.66620682364925        8.31263554136837        6.11781857938184
H            5.36848671868212        7.95299120452576        7.30917333211754
H           -6.32341968152603       -6.66900802060764        4.21476012400380
H           -8.11849290131757       -6.61434710247015        4.28421725219258
H           -7.29538154970817       -7.85791680450103        3.27963674816571
H           -8.48246928971463       -5.27251458610141        0.70812737854313
H           -8.62080360507808       -7.00388508216936        1.15482278019730
H           -9.43241376067276       -5.75419618605031        2.16322639578186
C           -0.67413616410293       -1.48215880736200       -4.65702713621115
C            0.28247303384534       -1.27328982489165       -5.68736911242627
C           -1.88110953729059       -2.17963560572564       -4.94516689643232
C            0.07165213331625       -1.80658600816421       -6.96805171864581
N            1.42037564405581       -0.49992587300276       -5.36973681207773
C           -2.08549728998183       -2.72186835355526       -6.22781625461861
N           -2.85034466347957       -2.25927602510628       -3.92907719595826
H            0.82296038569201       -1.64151287948050       -7.75275692886570
C           -1.10697165202009       -2.53902389876679       -7.22726452785098
C            2.36615663292842        0.04923494091744       -6.22788594101735
H            1.44822115732425       -0.16069133576587       -4.40405297527808
H           -3.00904034189281       -3.27985853598465       -6.43114447986577
C           -4.09034515291745       -2.89214078698991       -3.96233234906175
H           -2.63907823727055       -1.74429399695919       -3.06498191504084
H           -1.26912291064936       -2.96116823150984       -8.21849978153505
O            2.45709414465817       -0.21386794834898       -7.42895351770625
C            3.26435119567059        1.06486345404237       -5.56654420284297
O           -4.46928249039639       -3.61597143256073       -4.88664498496651
C           -4.95649004113421       -2.59871635320558       -2.76737676407029
C            3.57332405032736        2.31178290320891       -6.35303335787943
H            3.21151546784824        1.17766192889648       -4.46768078919922
C            4.64823753354608        1.26714872681887       -6.17759858610084
C           -5.85158581316100       -3.68966707855697       -2.24553054768997
H           -4.59212579130199       -1.86751883639025       -2.02165684778299
C           -6.46334531082740       -2.57767941840806       -3.05951161697902
H            3.12457142834697        2.38649752404345       -7.35843907978517
H            3.68453683639352        3.25323431771388       -5.78852118744245
H            4.88513838107255        0.63659483429463       -7.05173709641203
C            5.77552652738837        1.57857051747772       -5.24830690951758
H           -5.78310718478189       -4.66749823433680       -2.75244033714370
H           -6.02875629024462       -3.69834231051344       -1.15571454323124
H           -6.73409843063575       -2.81688519176902       -4.10186459118142
C           -7.30139301327964       -1.53987523134550       -2.39178219059652
O            6.94890699040412        1.11066054279738       -5.73965003169741
O            5.66399676547633        2.18980756232009       -4.19015277551997
O           -8.30717420524265       -1.13561794529127       -3.21857548055086
O           -7.13455862256912       -1.10156479982953       -1.26261014335711
C            8.16381221245318        1.35793820077504       -4.96780987858862
C           -9.22853986475657       -0.12624889000548       -2.71050888733876
C            9.06967286213962        0.15227912710700       -5.19828954276882
C            8.77614270188558        2.68693435358494       -5.41244175799897
H            7.86513436339490        1.42812416843113       -3.89996531858905
C           -8.66501295769493        1.26569106381482       -3.00011471858934
C          -10.57352493060915       -0.39943804734812       -3.37798661224677
H           -9.29974366867853       -0.26863491871214       -1.61050756956949
H            8.56633480657893       -0.78227895989554       -4.87966405252042
H            9.33460966339272        0.05680298908543       -6.27172049668328
H           10.00827365087249        0.26182505059629       -4.61754224568005
H            8.07726096717270        3.52598542027543       -5.22410861362525
H            9.71062745547755        2.88707017438436       -4.84887700926284
H            9.02098441633137        2.66412401525884       -6.49466318487837
H           -7.69595642423561        1.41010604024353       -2.48347413380937
H           -8.51521594018108        1.40947466861867       -4.09057801556166
H           -9.36405220474127        2.04746789335799       -2.63799132804294
H          -10.92710896887497       -1.42483570583424       -3.14896251018924
H          -11.33553510122730        0.32031085458180       -3.01529701715980
H          -10.49589851785312       -0.29766186991449       -4.48056743989493
H            4.33188447424605       -6.07310201505058        2.41674915528164
H            0.46942502543569       -7.89728986748375        1.58374211457953
H            1.12957767823057        7.20597922749927       -2.28010168956006
H           -3.18257551789552        7.25218342182254       -1.65479885722227
O            3.50701600056439       -3.57038458167153        1.75337296868335
O           -0.69262999261229       -5.54982832466851        0.85365892196282
O            1.29813841372205        4.64957574428577       -1.53823858112643
O           -3.27987337097664        4.65228490874111       -0.84332276498115
C            4.84256990336162       -3.61371722218591        2.14326970605810
C            5.83938165615459       -3.89627388015061        1.19321566357521
C            5.17571953709073       -3.29366526876744        3.46994981981460
C            7.18859150508561       -3.86056868518684        1.58476450672106
H            5.55200361175881       -4.13349706882248        0.15698673420075
C            6.52804799977454       -3.25903891596429        3.85064680092389
H            4.37070030967308       -3.06725912982659        4.18626222086984
C            7.53798342940437       -3.54373231381686        2.91173232997728
H            7.97392942647844       -4.07827024293192        0.84412147520962
H            6.79563061117641       -3.00604732145488        4.88855211234591
H            8.59528678948588       -3.51610791704479        3.21289361581936
C           -1.66193451229151       -6.53121950805348        1.02513242059400
C           -2.03258271192152       -6.97530415003870        2.30725483446961
C           -2.32025471632828       -7.00434949005542       -0.12123994582358
C           -3.06258060230538       -7.92065220529182        2.43387204797207
H           -1.51860891515882       -6.57499430843559        3.19543550394505
C           -3.35651311029874       -7.94303672016291        0.01715635476796
H           -2.01869080908368       -6.62089352837318       -1.10784501099652
C           -3.72738029229815       -8.41056187188339        1.29240235783920
H           -3.35586832953688       -8.27279481568416        3.43553117296704
H           -3.87739766140744       -8.31284744668799       -0.87934077666208
H           -4.53350687139296       -9.15068427148743        1.39717963258522
C            2.69123510905188        5.17592282552530       -1.41220907518617
C            2.96971927621535        6.19564859495157       -0.57402543192514
C            3.72752548140027        4.51344702410370       -2.19088275378197
C            4.32163547598012        6.66352136502231       -0.45278547549654
H            2.20052386542968        6.69231081500043        0.03596626373793
C            4.97324583319964        4.95970973185912       -2.04979617895002
H            3.42017032899749        3.67280624738621       -2.83613535498270
C            5.34782802432091        6.01164876891663       -1.22710701766317
H            4.56243371507078        7.47672116873011        0.20791752347630
H            5.79641008290033        4.42890652469498       -2.65622516011561
H            6.37459304582394        6.37470170092246       -1.12533061778942
C           -4.54213767437787        5.05458859900820       -1.18578451038017
C           -4.92295660833076        5.26946235717582       -2.53376227671144
C           -5.49608187313849        5.15710601451737       -0.15000521364092
C           -6.26309398432349        5.60447897098619       -2.82384307575773
H           -4.17780311030435        5.16466731936468       -3.32922362780095
C           -6.83345971412696        5.48546135430306       -0.46884292282897
H           -5.17686049284557        4.96707544130514        0.88017702773741
C           -7.20350617050249        5.71200085316275       -1.79625706917443
H           -6.55146838298477        5.76733423181762       -3.87456740445252
H           -7.56979693735734        5.55859510171959        0.34599478377333
H           -8.25700276373742        5.97369576980430       -2.03821657140384
N            1.52299652822709        0.36317927496514        0.17502542856398
C            2.50194472630071        1.04626069215827        0.67125802481645
C            3.38274709565868        0.51593977307176        1.68684976493256
C            4.42807602367891        1.23665869593900        2.21581090127576
C            4.68106405504777        2.53590445834594        1.78066868838401
C            3.87647622700562        3.10906514587216        0.80445355600582
C            2.82265640446989        2.43619631694691        0.23546975141575
C            1.92475679192917        3.04857192336128       -0.77534927969685
C            0.65208569361815        3.64765315451377       -0.14151324716207
C            0.95367502316608        4.75204157949456        0.81134106713534
C            1.21929091657242        6.02556727361466        0.37778094453284
C            1.55604026104034        7.06146106409867        1.27712823365428
C            1.62393236837911        6.78838758728520        2.63999574518820
C            1.35814430671865        5.47224261659453        3.10579935936267
C            1.03334648575687        4.47638778256463        2.21941965190312
H            3.16900276951044       -0.49358916155425        2.01713490713371
H            5.05499939029812        0.78597233628512        2.98000001415398
H            5.51037926808373        3.09966821851302        2.21350488717199
H            4.08552525813348        4.13901505009731        0.48562500683380
H            1.63864175483646        2.33449504698772       -1.56645748045122
H            2.48758999582544        3.87407280230910       -1.30644693844054
H            0.00468928967229        4.04200160200224       -0.95744990926654
H            0.10956974675566        2.81928609457489        0.33241133450597
H            1.18674429207240        6.27021297255886       -0.69423750554275
H            1.76184847577255        8.05544129361727        0.91660303601202
H            1.87897905411895        7.56166428091672        3.34165334806039
H            1.42095324457451        5.27196012198087        4.16574043706441
H            0.84439105632418        3.47033228163122        2.57706076453945
242
 energy: -393.495957238474 gnorm: 2.292871454231 xtb: 6.7.1 (edcfbbe)
N            0.17861902312087       -1.78114678274619       -0.96399846633742
N           -0.04271841270964       -1.08199883066030        1.80027798560070
C           -0.42353927522467       -0.99029212120973       -3.21689874277245
C            0.00728976457302       -1.94146368576207       -2.29268670661415
C            0.42500384560558       -3.34238701059969       -2.67825731603900
H            0.38165185035433       -3.73113914758103       -3.66109760975282
C            0.85974947775484       -3.91706061634309       -1.49716005506819
H            1.25146002116778       -4.92524126610145       -1.36551345476318
C            0.66757370143909       -2.93617389419045       -0.42651103849078
C            0.86613275284926       -3.23448373997889        0.92769010205454
C            0.46860697458437       -2.36280276063654        1.95187566183711
C            0.40810981186301       -2.74013867451610        3.36211547681118
H            0.74551445957536       -3.69787751636424        3.75639838410473
C           -0.18619891791768       -1.69037130114226        4.02538275413122
H           -0.42370768095939       -1.61266005306294        5.09392867031426
C           -0.43965619742154       -0.67055700343869        3.03560795918512
C            1.41359893930596       -4.58366703184697        1.31443359805825
C            2.75854779977941       -4.72916162071242        1.72786399629979
C            3.28632821276736       -5.98178470548534        2.09621971023575
C            2.45230456762782       -7.11366040736361        2.03800665571737
H            2.85754261216260       -8.09614838186206        2.31124572175223
C            1.11095908439157       -7.00808767264024        1.63176708193833
C            0.59991569151575       -5.74075176896831        1.28402021582768
N           -0.75865885032155        1.50077957916106        1.03339409722752
N           -0.52252872147636        0.89957370034694       -1.61871311002028
C           -1.00262115785137        0.59526811682947        3.34974643951014
C           -1.10777796269692        1.66887562222234        2.41812151088560
C           -1.48087644521745        3.02261465591381        2.77189085067737
H           -1.78387365849144        3.31850150347601        3.76079865517346
C           -1.30195407639649        3.63633969564380        1.52930626759891
H           -1.53980659895076        4.86408956766043        1.49418588386954
C           -1.08489087335394        2.99348829500591        0.78623928814263
C           -0.81708659908467        3.17709861498671       -0.95951474424022
C           -0.74422829532632        2.31078547718531       -1.79648554627572
C           -0.94900363281455        2.60644849937216       -3.19134712219611
H           -1.13286127100875        3.56354758098637       -3.62148379516482
C           -0.93547708094464        1.33952695391369       -3.93261231088368
H           -1.09279947445221        1.18989938627630       -4.95016272270827
C           -0.63841991630796        0.30870162432788       -2.95447128789059
C           -1.04844179686237        4.67168404743772       -1.15376540114919
C            0.44203075470682        5.24706253373438       -1.54443898666956
C            0.23296482186003        6.74628589339012       -1.99113503707672
C           -1.10369618073610        7.34854181850449       -1.98674674006630
H           -1.05341887320049        8.42274697985417       -2.32812938892055
C           -2.14358725506640        6.73570998297319       -1.65020105316857
C           -2.12664178968346        5.35521175840082       -1.24605768536774
Fe          -0.22546731763481       -0.05114514398425        0.06534503861413
Cl          -2.43539936461870       -0.69761821901916        0.06300888452757
C           -1.57184557261748        0.80998088873515        4.72265186515108
C           -0.79520280647024        1.35664053323651        5.78548603754732
C           -2.93363203095636        0.45037966969363        4.96541918903342
C           -1.36313163543554        1.54674536844116        7.06369436827539
N            0.54357361447041        1.70879953069249        5.49951894383511
C           -3.49958409499902        0.66563598972307        6.24392100184948
N           -3.66005654329958       -0.14098660629617        3.91401694899220
H           -0.74013424937904        1.95436891657128        7.86829404442878
C           -2.70754725110656        1.20376435972258        7.26695577658896
C            1.53281898187653        2.12439442777699        6.37252207627306
H            0.81290129416205        1.60626302824421        4.51533246282972
H           -4.55237460944875        0.40460971284352        6.40252114409167
C           -4.99772493008854       -0.51795929857115        3.90462067077275
H           -3.14022397049855       -0.31975584132360        3.04419946755379
H           -3.15412106467045        1.36024986355478        8.26054785223238
O            1.39283800958149        2.23520615574991        7.59269552734971
C            2.85094286956708        2.44673927347609        5.70405181282391
O           -5.78950206950349       -0.27784123991617        4.81946965512449
C           -5.41727953258201       -1.27351381121128        2.66893538071255
C            4.11519496660421        2.06545085702047        6.42874477025485
H            2.89772380419709        2.44675574336348        4.60130675091019
C            3.69453696135149        3.51667010953628        6.40791987012213
C           -6.77586542216225       -0.97736019751778        2.08403870325758
H           -4.63558201598968       -1.59128000507502        1.95682149691163
C           -6.58731774778834       -2.24224211084211        2.88942989792347
H            3.99938690600740        1.54150901342294        7.39150375325827
H            4.98074395855562        1.78391679761791        5.80714834917118
H            3.25942373740825        3.91869661952384        7.33682142653292
C            4.46388320064366        4.47625142398588        5.56185847706579
H           -7.36409830857620       -0.18459404297098        2.57465844857616
H           -6.87178365196801       -1.07097940618151        0.98926298342722
H           -6.99745172929390       -2.24089913835134        3.91161906236613
C           -6.56796450962338       -3.56201601086331        2.19519790950565
O            4.55401542588056        5.68428615125738        6.17187527704684
O            4.96009181712425        4.21613209578112        4.47125232200724
O           -7.17326070783102       -4.50918310998935        2.96534774622213
O           -6.09139633924429       -3.78589870627939        1.09194405329377
C            5.29693566093516        6.74454810653065        5.49158910094628
C           -7.26492549107463       -5.85959717080319        2.42124262133798
C            4.31008813719185        7.61383357353089        4.71222689958052
C            6.06415264612479        7.49978965666401        6.57284274502299
H            5.99573605392003        6.25050808469273        4.78368367294515
C           -7.24922988119540       -6.80327325800967        3.62027046816833
C           -8.52552459996454       -5.97614834612546        1.56269959543069
H           -6.36960437936637       -6.02033472382551        1.78314162357011
H            3.78771452925123        7.01975735317498        3.93606481069840
H            3.55130917876949        8.05484760483658        5.39144474346756
H            4.84606334837441        8.44236975014506        4.20489733320855
H            6.75225093074226        6.82205033236619        7.11671055034413
H            6.66620303144744        8.31263007484714        6.11782417278244
H            5.36848503188583        7.95298912576518        7.30917207632790
H           -6.32341945209121       -6.66900580562059        4.21475871693711
H           -8.11849282606095       -6.61434494354751        4.28421594303594
H           -7.29538121832127       -7.85791075841258        3.27964102739630
H           -8.48246727085631       -5.27251428223428        0.70812989256679
H           -8.62080407253982       -7.00387474517483        1.15482632477286
H           -9.43241134551364       -5.75419483264473        2.16322818468114
C           -0.67526532517989       -1.48424624992708       -4.66387220591406
C            0.28225719634326       -1.27392622689365       -5.68901142444200
C           -1.88149723672650       -2.18015657164972       -4.94610726715759
C            0.07376299202214       -1.80374439280328       -6.96294998281349
N            1.41823634253812       -0.50125711831396       -5.36862702729565
C           -2.08616243819408       -2.72036929559990       -6.22237617703885
N           -2.84830610698164       -2.25874917089955       -3.93014317054952
H            0.82301505515739       -1.64175566952116       -7.75361320863646
C           -1.10796805814355       -2.54190870437055       -7.23413170569137
C            2.36802760824067        0.05091270740193       -6.22762391999167
H            1.44856314181686       -0.16054418090152       -4.40436353585543
H           -3.00919940711131       -3.28015987680791       -6.43179136753679
C           -4.09190661785948       -2.89228908203889       -3.96127378725206
H           -2.63935251919173       -1.74432201770856       -3.06472877466908
H           -1.26875615829759       -2.96016812084950       -8.21611633335967
O            2.45690614837698       -0.21419127836540       -7.42954450671307
C            3.26484595082768        1.06520873972342       -5.56861595317449
O           -4.46915289079682       -3.61610197698830       -4.88697258959216
C           -4.95770421018158       -2.59999646710604       -2.76805608202117
C            3.57415969426787        2.30951659460294       -6.35204781577843
H            3.21147918373571        1.17771891179889       -4.46694858042206
C            4.64664581322943        1.26841336937711       -6.17657320932843
C           -5.85135342026014       -3.68770095196694       -2.24674581749508
H           -4.59190351602501       -1.86710370843792       -2.02126859935694
C           -6.46219902284890       -2.57811064449124       -3.05800816993117
H            3.12433334681778        2.38669018581661       -7.35886520542221
H            3.68453004166597        3.25374201192958       -5.78841522158725
H            4.88533945204891        0.63618551161411       -7.05225084904079
C            5.77438838908514        1.57859248186153       -5.24858580565693
H           -5.78308819045971       -4.66793932337632       -2.75249707915819
H           -6.02884741776157       -3.69849787136023       -1.15527311303693
H           -6.73427194209139       -2.81696935520232       -4.10242089078177
C           -7.30041775454946       -1.54066879946164       -2.39177672886944
O            6.95049301496858        1.11054309841997       -5.73940851066607
O            5.66413754702317        2.18989868617849       -4.18996012868020
O           -8.30846947641992       -1.13463080954154       -3.21873372066186
O           -7.13467724609665       -1.10137307843880       -1.26241700592071
C            8.16303356793514        1.35774761872439       -4.96828996221693
C           -9.22796151029598       -0.12694609831233       -2.71083727806294
C            9.06978211706525        0.15222698557331       -5.19826387524142
C            8.77627136191444        2.68706353328529       -5.41242443149923
H            7.86515912640685        1.42813979774177       -3.89986446684509
C           -8.66502436704416        1.26588541171783       -3.00010061823426
C          -10.57364414442832       -0.39940049128952       -3.37799690937253
H           -9.29978254653533       -0.26860467830870       -1.61041097939842
H            8.56632485872370       -0.78227239701860       -4.87966409688222
H            9.33460041428416        0.05680950688503       -6.27172089821021
H           10.00824724581883        0.26181367329033       -4.61756366241014
H            8.07725604153376        3.52597189317465       -5.22410829867781
H            9.71058784483895        2.88706623464040       -4.84890557127834
H            9.02097496738335        2.66411342396807       -6.49466170213564
H           -7.69596248584953        1.41009219150043       -2.48347587924190
H           -8.51521670884033        1.40945970740740       -4.09057639280090
H           -9.36401644043211        2.04743594409927       -2.63801119094854
H          -10.92709751321120       -1.42483791925461       -3.14895884633290
H          -11.33551718901480        0.32028377365163       -3.01531418039656
H          -10.49588751361124       -0.29766339789220       -4.48056453351511
H            4.33171695098581       -6.07319767880864        2.41671658880986
H            0.46959677424681       -7.89723478919310        1.58378408277414
H            1.12525496770143        7.20060799688869       -2.27769021918160
H           -3.19056774212568        7.25518413402764       -1.65453373502939
O            3.50679601223907       -3.57028213093947        1.75329724058896
O           -0.69259360479370       -5.54956320157587        0.85350548840677
O            1.20954214078768        4.68666103227281       -1.54359353612985
O           -3.28967206527688        4.64985120646420       -0.84249609176740
C            4.84334558808507       -3.61371285479210        2.14348484824852
C            5.83920146341812       -3.89617380488940        1.19358302851198
C            5.17573760738566       -3.29376702827529        3.46954825617816
C            7.18834996662814       -3.86066372679559        1.58433929482901
H            5.55201891665710       -4.13352809370898        0.15686225811473
C            6.52763062797024       -3.25895432092281        3.85090308730167
H            4.37065371502553       -3.06722891662011        4.18637047820735
C            7.53864171010138       -3.54371878202598        2.91190783939140
H            7.97393959797543       -4.07825127055615        0.84419996479995
H            6.79567767690620       -3.00606741408377        4.88848203666224
H            8.59504253877797       -3.51611390214485        3.21282573174560
C           -1.66260829342243       -6.53186005172974        1.02530094831614
C           -2.03264402424043       -6.97531600708466        2.30671553410770
C           -2.32002857456933       -7.00418737372301       -0.12082087935918
C           -3.06218003903204       -7.92031830075529        2.43417988624070
H           -1.51855602615784       -6.57495972230224        3.19560684207407
C           -3.35637377373592       -7.94285242808156        0.01660462204087
H           -2.01871275037486       -6.62090031183408       -1.10796303520120
C           -3.72795693968232       -8.41110310640213        1.29258180244203
H           -3.35591866518631       -8.27283520918438        3.43547484922465
H           -3.87738124052039       -8.31284741300557       -0.87920374022702
H           -4.53328797327563       -9.15048184097111        1.39713599177659
C            2.70715202045434        5.19947334348451       -1.39503585770299
C            2.95657216320951        6.18153413420406       -0.58421019221738
C            3.76494270911680        4.51150896092909       -2.20085302535411
C            4.32413577592210        6.67627160431637       -0.44233553956805
H            2.20270090571150        6.69375835624150        0.03664954762324
C            4.94027344468817        4.96591551617983       -2.03826358393263
H            3.41686334231176        3.67224894349264       -2.83575215636041
C            5.35783557639207        6.00041122013539       -1.23877047689102
H            4.56129966893038        7.47271181759292        0.20464727192458
H            5.80448243711746        4.42452370440836       -2.66148834936643
H            6.37296387251466        6.37609048174932       -1.12381391459030
C           -4.53426870006507        5.05228424527121       -1.18333943311202
C           -4.92144024839437        5.26940256055765       -2.53703434493089
C           -5.49500368472966        5.15651547463683       -0.14695948385054
C           -6.26848786047348        5.60551305393525       -2.82209881821209
H           -4.17840034075566        5.16472303266995       -3.32814952874114
C           -6.83821678971959        5.48688566916907       -0.47238948177508
H           -5.17698805842482        4.96724647133772        0.87904029823286
C           -7.19670681469407        5.71031986071426       -1.79491442938413
H           -6.55083931842759        5.76721290057449       -3.87478291494323
H           -7.56917600827119        5.55842414824784        0.34630282538640
H           -8.25934231002352        5.97427225393831       -2.03872204291030
N            1.52168305540898        0.36194309715242        0.17464637574538
C            2.50229606360377        1.04922852113373        0.67019166207635
C            3.38174224423736        0.51282381028798        1.68756877760139
C            4.42935278573094        1.23691512292989        2.21677216042780
C            4.68222987053200        2.53713011759996        1.78106147553326
C            3.87361629493797        3.10667066069527        0.80319814113622
C            2.82450220217369        2.43693544304386        0.23668456205487
C            1.92449034267113        3.04119478290922       -0.77182549127062
C            0.66063472138072        3.65173582291618       -0.13636094681277
C            0.95290404303648        4.74973048257214        0.81229948202456
C            1.21975184079706        6.02605845651150        0.38118718729237
C            1.55565339550203        7.06142786030404        1.27201863987819
C            1.62404243220927        6.78795972922001        2.64203149157316
C            1.35936666303333        5.47464353334223        3.11193161648643
C            1.03221474117597        4.47464467626957        2.21245724614553
H            3.16934938998368       -0.49238983444022        2.01682089112094
H            5.05456270841640        0.78613161120929        2.97954604204190
H            5.50998255773293        3.09919484776330        2.21339932305880
H            4.08599090084016        4.13995610389956        0.48556053655325
H            1.63893607722925        2.33528401588515       -1.56621558923446
H            2.49755109442943        3.86623782954014       -1.30487369421925
H            0.01277473611127        4.04328297316839       -0.95692359425634
H            0.13906153444635        2.81230239111911        0.32116020571490
H            1.18583925874392        6.27002332840750       -0.69635236050783
H            1.76179393141487        8.05501938800734        0.91731450427587
H            1.87885565623369        7.56125441167127        3.34137745174455
H            1.42079752509828        5.27227907187275        4.16353680103262
H            0.84442726254136        3.47021790056426        2.57783291976236
242
 energy: -390.887733490238 gnorm: 9.711776396334 xtb: 6.7.1 (edcfbbe)
N            0.18020257988231       -1.78923995845305       -0.97107107039412
N           -0.04463140600733       -1.07889019669052        1.80348571339921
C           -0.42248429155110       -0.97861378775779       -3.20224824104487
C            0.00329188574882       -1.92720583255062       -2.28703191972759
C            0.42737068586896       -3.35481610194415       -2.68904928113386
H            0.38155343256887       -3.72839504520236       -3.65629236298889
C            0.86059067424270       -3.91804484557087       -1.49480775711421
H            1.25115586775446       -4.92478058244506       -1.36623392020682
C            0.66618173211560       -2.93084183810344       -0.42265385655969
C            0.86580900277103       -3.23415141704368        0.92671942390641
C            0.46975840033506       -2.36497847099713        1.94968210898871
C            0.40839008388431       -2.74146976030806        3.36400701961317
H            0.74537920092389       -3.69733759950808        3.75588628464907
C           -0.18714031672672       -1.68739449884578        4.02356501883821
H           -0.42366416997743       -1.61304212997838        5.09458732916982
C           -0.43693015512090       -0.67625237473654        3.03355386386812
C            1.41394125994183       -4.58482323760942        1.31491953240028
C            2.75780951866883       -4.72924181399016        1.72765418903953
C            3.28688675561036       -5.98108315249403        2.09626728933094
C            2.45263295204224       -7.11465635447273        2.03826056195000
H            2.85739709957294       -8.09577742551980        2.31114474719172
C            1.11016698398751       -7.00807055128571        1.63153198852614
C            0.60069876674848       -5.74010484360150        1.28413220019728
N           -0.74161217159468        1.45889117708700        1.01403331947618
N           -0.51807401544171        0.89403898871534       -1.59574665024158
C           -1.00303215290074        0.59453854785020        3.35067522313717
C           -1.11221683965101        1.68272162148054        2.42237797458826
C           -1.48414023079104        3.03319341841429        2.77665791893216
H           -1.78324190568727        3.31545853233077        3.76035036449275
C           -1.27875191811673        3.56583976771130        1.47668573610004
H           -1.54459115246914        4.88412823197021        1.49668407725761
C           -1.16123676724416        3.07422476737673        0.91708611282218
C           -0.79858020430576        3.15579638705104       -1.05490331630676
C           -0.75182490912772        2.33985793046202       -1.78339103894065
C           -0.94855426191355        2.62772972461981       -3.17321815407144
H           -1.13253864143427        3.55953157896676       -3.62220342197001
C           -0.93668756038548        1.32064543283557       -3.95195926190153
H           -1.09173233773383        1.19162626775315       -4.94266536702183
C           -0.63873630793865        0.28968225372572       -2.97848447879884
C           -1.11576851193619        4.67473763001635       -1.13740867465176
C            0.54989021425339        5.18383368662901       -1.54196072314240
C            0.24381346660345        6.77332329209169       -2.00135368189391
C           -1.14904743028341        7.33706983542588       -1.97679741940482
H           -1.04892766144073        8.42575321246818       -2.32971914358499
C           -2.10496102932192        6.74743005638688       -1.65936423092082
C           -2.10764191279362        5.35011833019201       -1.24842625387680
Fe          -0.22447453474142       -0.04284282935437        0.06670556191602
Cl          -2.43549320369261       -0.69767821216871        0.06300959960957
C           -1.57152456466747        0.81002155108577        4.72180771527969
C           -0.79491382709041        1.35686117983324        5.78593111043651
C           -2.93416204006538        0.45022791474364        4.96550207167151
C           -1.36313512353972        1.54668668529275        7.06348928826094
N            0.54326130007638        1.70870162932648        5.49952280210569
C           -3.49944746239129        0.66564158392180        6.24379843496992
N           -3.65990700390931       -0.14085451750292        3.91424396728943
H           -0.74010698261671        1.95438617908204        7.86832639130971
C           -2.70758222135084        1.20378041351826        7.26704871360978
C            1.53278731096600        2.12437575818566        6.37241958254039
H            0.81296179088739        1.60627423863214        4.51529486526659
H           -4.55241228850479        0.40459962758417        6.40252361306444
C           -4.99759825227506       -0.51792725858320        3.90461727044875
H           -3.14021937957944       -0.31978753315214        3.04411392366014
H           -3.15411198367185        1.36024596933422        8.26052516204432
O            1.39284139278934        2.23521660561855        7.59277928322579
C            2.85139802750529        2.44683370306119        5.70443402896123
O           -5.78955224992988       -0.27783813642213        4.81950231475961
C           -5.41779718782831       -1.27359858725525        2.66885464587146
C            4.11475337438552        2.06585290862769        6.42858261926413
H            2.89769732652819        2.44675151227696        4.60118288107309
C            3.69461857180808        3.51631549105763        6.40760934539896
C           -6.77554170633892       -0.97762315496224        2.08434261418855
H           -4.63549175972106       -1.59129754043514        1.95677857551150
C           -6.58715277523477       -2.24207426184348        2.88912497474193
H            3.99941188316828        1.54143840826691        7.39158057211480
H            4.98085358190034        1.78386446168072        5.80710466669467
H            3.25936875828661        3.91875959739638        7.33694407094015
C            4.46368689384534        4.47583202193524        5.56195371962815
H           -7.36415287135107       -0.18452836247552        2.57465975717393
H           -6.87181362586275       -1.07096910369526        0.98915801296368
H           -6.99749806247664       -2.24090597332577        3.91172991025079
C           -6.56787057988084       -3.56159942898384        2.19521806106669
O            4.55419414088686        5.68476812816851        6.17185314149109
O            4.96015838299806        4.21617762027331        4.47115757886377
O           -7.17339133957373       -4.50962401679569        2.96538515695163
O           -6.09138228294146       -3.78597829008683        1.09187461705894
C            5.29680288059703        6.74434877158528        5.49172267698633
C           -7.26490385761814       -5.85936888448083        2.42134429934590
C            4.31007949247109        7.61387064176830        4.71219715673426
C            6.06417418582921        7.49981479343232        6.57285019122070
H            5.99575769360781        6.25050999186169        4.78366191998584
C           -7.24923074063255       -6.80330071889830        3.62027929583745
C           -8.52555247672934       -5.97617321418744        1.56267085257575
H           -6.36958917313118       -6.02035096558817        1.78312412485095
H            3.78771577825167        7.01975505694841        3.93606719409539
H            3.55131057269394        8.05484457497592        5.39144681909667
H            4.84605564185016        8.44236138693260        4.20490251965569
H            6.75224902660759        6.82204820140308        7.11670891684670
H            6.66619897051470        8.31262421746467        6.11783024506629
H            5.36848319275104        7.95298685542078        7.30917069419112
H           -6.32341921096274       -6.66900334711107        4.21475713204981
H           -8.11849273900618       -6.61434253863710        4.28421447216863
H           -7.29538085634618       -7.85790413723577        3.27964578614912
H           -8.48246502183534       -5.27251395201377        0.70813268600732
H           -8.62080462393848       -7.00386329342720        1.15483024075731
H           -9.43240865286085       -5.75419332130767        2.16323018458774
C           -0.67664391003193       -1.48677590189283       -4.67216862413932
C            0.28201492604723       -1.27470195316730       -5.69105559383160
C           -1.88199238208320       -2.18081261221990       -4.94728423354234
C            0.07630829858851       -1.80029474983915       -6.95672851402599
N            1.41563305168329       -0.50287105472074       -5.36725862481458
C           -2.08694276835066       -2.71853070894744       -6.21575997284804
N           -2.84580962035167       -2.25809049079906       -3.93141729787816
H            0.82308929876547       -1.64204821194634       -7.75465950730150
C           -1.10917878124612       -2.54540620379721       -7.24245345203831
C            2.37029657162978        0.05295033230461       -6.22729626694622
H            1.44898022948665       -0.16036718277932       -4.40474955358509
H           -3.00940273309910       -3.28053154965446       -6.43257795023594
C           -4.09381012824872       -2.89246384283519       -3.95997390725239
H           -2.63969196411217       -1.74436441769783       -3.06443216857526
H           -1.26831194581282       -2.95895734041272       -8.21323113995921
O            2.45667987489736       -0.21458555036557       -7.43027443161594
C            3.26544746880290        1.06562837640397       -5.57113046752881
O           -4.46900029098448       -3.61626989844363       -4.88738246087679
C           -4.95917897502253       -2.60155508131851       -2.76888721802395
C            3.57517294601487        2.30676736721040       -6.35085220458321
H            3.21143489596960        1.17778780152059       -4.46606027040203
C            4.64471342251599        1.26994648264999       -6.17533035555357
C           -5.85107138097468       -3.68530890873411       -2.24822317316814
H           -4.59163291053923       -1.86659809992839       -2.02079552917233
C           -6.46080275833400       -2.57863732703167       -3.05618012121845
H            3.12404468649289        2.38692385594104       -7.35938192130166
H            3.68452180666943        3.25435783415762       -5.78828665855456
H            4.88558338009189        0.63568932720817       -7.05287360186250
C            5.77301114068582        1.57861929937580       -5.24892282906229
H           -5.78306502552097       -4.66847599162459       -2.75256631057704
H           -6.02895821472678       -3.69868720033336       -1.15473647803073
H           -6.73448305125915       -2.81707150349031       -4.10309727707268
C           -7.29923661703803       -1.54162968278928       -2.39176973868228
O            6.95241398464638        1.11040085571775       -5.73911597536156
O            5.66430777532146        2.19000895543010       -4.18972712192736
O           -8.31004077417924       -1.13343314347998       -3.21892538295388
O           -7.13482084726115       -1.10114103609881       -1.26218321540705
C            8.16209037494769        1.35751680089310       -4.96887145544293
C           -9.22725952162437       -0.12779231814157       -2.71123578877613
C            9.06991444825929        0.15216381497652       -5.19823279357024
C            8.77642719093572        2.68721999390308       -5.41240344768034
H            7.86518912328560        1.42815872868207       -3.89974231151744
C           -8.66503822129971        1.26612134513763       -3.00008350230567
C          -10.57378889779413       -0.39935489128708       -3.37800941458686
H           -9.29982973446932       -0.26856797501491       -1.61029374499898
H            8.56631281133176       -0.78226444380235       -4.87966415099727
H            9.33458921132958        0.05681740234290       -6.27172138192341
H           10.00821527037113        0.26179989309545       -4.61758959897405
H            8.07725007437642        3.52595550838652       -5.22410791662622
H            9.71053987402418        2.88706146543515       -4.84894016311188
H            9.02096352299807        2.66410059595569       -6.49465990594643
H           -7.69596984430862        1.41007537817848       -2.48347799849179
H           -8.51521764220133        1.40944154604232       -4.09057442221085
H           -9.36397302062740        2.04739715322088       -2.63803530420054
H          -10.92708360494202       -1.42484060562963       -3.14895439891267
H          -11.33549543584291        0.32025089303284       -3.01533501724017
H          -10.49587415501166       -0.29766525297550       -4.48056100389522
H            4.33152801293723       -6.07328769525670        2.41667691874863
H            0.46977948367432       -7.89715855927526        1.58382600119783
H            1.11990352929601        7.19387829582764       -2.27467757102997
H           -3.20034650822180        7.25873923268314       -1.65417347276219
O            3.50660480087458       -3.57017736115344        1.75322976603567
O           -0.69258940260216       -5.54930889065117        0.85334460049441
O            1.09938036627844        4.73289229600517       -1.55097447667812
O           -3.30209583102051        4.64704295507294       -0.84161865620237
C            4.84409717024321       -3.61370632827911        2.14369198573273
C            5.83901427323147       -3.89607451718441        1.19394624857281
C            5.17574761285299       -3.29386819520660        3.46914769563243
C            7.18812530435264       -3.86075859059430        1.58391769129632
H            5.55203487129156       -4.13355876611089        0.15673939001432
C            6.52722909692325       -3.25886900403913        3.85116492017554
H            4.37060872068095       -3.06719911163399        4.18647746530518
C            7.53928672484067       -3.54370562609390        2.91207949361061
H            7.97394614743139       -4.07823174300906        0.84428003279999
H            6.79572254263931       -3.00608820151635        4.88840881818831
H            8.59480222891789       -3.51611978260973        3.21275897092083
C           -1.66328301175297       -6.53249951273186        1.02547858381997
C           -2.03270390436519       -6.97532502547100        2.30615561961263
C           -2.31978496011454       -7.00400983820759       -0.12039792105425
C           -3.06177888616261       -7.91998456634472        2.43449650749780
H           -1.51850114041151       -6.57492381893653        3.19578415532850
C           -3.35624942453814       -7.94267915045976        0.01603138197012
H           -2.01873722406361       -6.62090948344306       -1.10808054841335
C           -3.72853945843803       -8.41165077504371        1.29277166202553
H           -3.35596915915279       -8.27287544632667        3.43541517110692
H           -3.87735985532364       -8.31284389389678       -0.87905772235610
H           -4.53306560627546       -9.15027608810296        1.39709055336509
C            2.72692199135851        5.23018958247434       -1.37271695201520
C            2.94097380165773        6.16345683326380       -0.59748627314604
C            3.81109421573546        4.50838552489255       -2.21376260049320
C            4.32669632530282        6.69159436961032       -0.42968882404352
H            2.20594433994451        6.69596740421879        0.03672954348715
C            4.89989910662353        4.97321935062102       -2.02439777909468
H            3.41289390736082        3.67179013349299       -2.83510566375901
C            5.37031404980771        5.98712987302182       -1.25268815960391
H            4.56002460607279        7.46794080853494        0.20074127724310
H            5.81425886674220        4.41922856153200       -2.66785261417593
H            6.37086889660568        6.37770365177954       -1.12201137852695
C           -4.52400039335869        5.04924730243324       -1.18011454302692
C           -4.91946643868915        5.26932827528828       -2.54130244945575
C           -5.49377322155539        5.15579154282147       -0.14302911678029
C           -6.27547416192900        5.60685977137979       -2.81990655596933
H           -4.17918113358668        5.16479527026521       -3.32675042764364
C           -6.84424436751061        5.48870596872738       -0.47702159930717
H           -5.17713236234043        4.96746084336460        0.87758156629981
C           -7.18793869408582        5.70814436655731       -1.79310771835992
H           -6.55001682011909        5.76705166331004       -3.87503757847882
H           -7.56840229265997        5.55820658983487        0.34672723567578
H           -8.26236685744660        5.97501864429489       -2.03938597048309
N            1.51476546750199        0.35787258085165        0.17271529777611
C            2.50688687398502        1.05828532672854        0.66961864409085
C            3.38106741675256        0.50893037444668        1.68896755083415
C            4.42941898958619        1.23665173639860        2.21696252695793
C            4.68353369906962        2.53877626800921        1.78135780382583
C            3.87306871239233        3.10629280077812        0.80293250192748
C            2.82284595272151        2.43298076091997        0.23744703081146
C            1.92647911819509        3.03266528774038       -0.76824639140941
C            0.66786564677100        3.65382888007942       -0.12533888910986
C            0.95263406559771        4.75128812389352        0.80725436263817
C            1.21854338820603        6.02166371182195        0.38509995071070
C            1.55559376989934        7.06055698300136        1.27616770963562
C            1.62374147563749        6.78971484205247        2.63484610882511
C            1.36076503208408        5.47616597961356        3.12184373677780
C            1.03063728194430        4.46954649196767        2.20869342565995
H            3.16978998724017       -0.49101020044592        2.01649155820557
H            5.05442536739866        0.78621663320374        2.97938592046811
H            5.50939251127367        3.09865982205029        2.21315839902280
H            4.08625807792420        4.14030710466791        0.48561343538748
H            1.63920381079846        2.33614000667204       -1.56590981620173
H            2.50943169999319        3.85568036674150       -1.30257445578836
H            0.02229018832865        4.04609328285790       -0.95776800560005
H            0.17853422570613        2.80529818047442        0.30527495980803
H            1.18475888527844        6.26990963290991       -0.69936077941649
H            1.76197653251271        8.05581124746761        0.91694681237749
H            1.87902824178946        7.56143288619567        3.34265330395405
H            1.42048794991284        5.27256352099006        4.15994013622510
H            0.84473144013594        3.47155639896039        2.57803894776406
242
 energy: -383.892500545916 gnorm: 30.699406333607 xtb: 6.7.1 (edcfbbe)
N            0.18138195995672       -1.79548513279462       -0.97672607959167
N           -0.04622110129340       -1.07618921300120        1.80579354923583
C           -0.42174165503597       -0.96944201389731       -3.19101933891717
C            0.00041452167080       -1.91666328069235       -2.28231581649994
C            0.42923016532675       -3.36428487521773       -2.69699033591801
H            0.38147100010615       -3.72633382893369       -3.65272705839700
C            0.86105509058824       -3.91835828005323       -1.49307977862464
H            1.25098818476241       -4.92459602576384       -1.36676340940326
C            0.66508835840340       -2.92680403111732       -0.42011306649504
C            0.86575453693693       -3.23431303694595        0.92610535151296
C            0.47062496555826       -2.36676431706235        1.94852723832326
C            0.40845012885603       -2.74210058329421        3.36533839657491
H            0.74533444031500       -3.69707803691185        3.75553314916406
C           -0.18780951857119       -1.68487126630449        4.02136390329192
H           -0.42368402141306       -1.61334230584485        5.09539015028654
C           -0.43451297966358       -0.68151185524522        3.03226615594538
C            1.41403070341950       -4.58527868510318        1.31517353152838
C            2.75742552827211       -4.72925402277369        1.72753780226567
C            3.28722396899453       -5.98080710382445        2.09632053924078
C            2.45275023631102       -7.11507504217791        2.03836093365700
H            2.85733653868378       -8.09561888017542        2.31110205187185
C            1.10979433086507       -7.00816994488968        1.63143813791825
C            0.60113333385956       -5.73971696485990        1.28418844494005
N           -0.72778849225970        1.42511759464086        0.99831380769152
N           -0.51439964984106        0.88932052655647       -1.57696710041533
C           -1.00358109946591        0.59386335607509        3.35214111396938
C           -1.11588715087261        1.69472662310236        2.42527839169851
C           -1.48654160711531        3.04181092180165        2.77950528712834
H           -1.78283498882844        3.31306597980187        3.76034796932822
C           -1.25970655182740        3.50742246787182        1.43401435413014
H           -1.54855238754982        4.90080705000402        1.49867075386478
C           -1.22446111992219        3.13945330545616        1.02545953556319
C           -0.78276584757822        3.14054522877046       -1.13300300585160
C           -0.75813772883096        2.36303124853084       -1.77395677306628
C           -0.94801526609454        2.64385081564020       -3.15811005788307
H           -1.13235435656515        3.55669090938390       -3.62294013006155
C           -0.93751294439620        1.30566107632380       -3.96657382148878
H           -1.09092643083417        1.19293612859594       -4.93699140059998
C           -0.63919919858334        0.27533433736630       -2.99820324004954
C           -1.17000958570540        4.67640319118280       -1.12395417217146
C            0.63637037934503        5.13344776247271       -1.53994321191329
C            0.25222554928661        6.79546184336830       -2.00970370729902
C           -1.18523918629836        7.32700886376726       -1.96857513859613
H           -1.04536241707540        8.42845112696532       -2.33107833258701
C           -2.07410383734076        6.75789576166334       -1.66701555465019
C           -2.09221558932850        5.34528920471873       -1.25011783350826
Fe          -0.22284851781780       -0.03598522140958        0.06784794303401
Cl          -2.43559053002392       -0.69773255718763        0.06301013775081
C           -1.57108607731777        0.80998156191847        4.72066071897876
C           -0.79461258574254        1.35705944717780        5.78629100307665
C           -2.93464283463985        0.45009040289691        4.96557550134095
C           -1.36339201306070        1.54663531270199        7.06357814547043
N            0.54313516644537        1.70866239854302        5.49955389873815
C           -3.49931279274372        0.66574624885807        6.24401284653674
N           -3.65983508211965       -0.14079762496770        3.91433081908614
H           -0.74006009479859        1.95439682753672        7.86831425642863
C           -2.70741966180849        1.20371869620094        7.26667340626355
C            1.53261496248385        2.12431496912648        6.37233225819743
H            0.81299215835955        1.60627769535813        4.51526201524646
H           -4.55244613113367        0.40457921945672        6.40248768144641
C           -4.99741294170505       -0.51785669913702        3.90465895361550
H           -3.14022259718967       -0.31980277559087        3.04407818311628
H           -3.15417527162006        1.36026895481812        8.26066878428334
O            1.39286550961869        2.23523045936500        7.59283660833527
C            2.85174884942719        2.44690852489206        5.70463158291568
O           -5.78961547041972       -0.27784045360475        4.81953181541204
C           -5.41815552427664       -1.27368196569553        2.66875598631536
C            4.11447997782902        2.06607689279840        6.42849328644103
H            2.89767345220725        2.44674737061963        4.60112328389663
C            3.69466358168997        3.51612813617619        6.40742177472842
C           -6.77533090081398       -0.97777914017380        2.08454082508639
H           -4.63543634071397       -1.59130390790668        1.95676021900022
C           -6.58704534609116       -2.24198336881508        2.88893644425862
H            3.99942872525265        1.54139997529227        7.39162068561848
H            4.98091925987984        1.78383434967659        5.80707623534277
H            3.25933844575028        3.91879402704980        7.33701382243216
C            4.46355331055789        4.47554895756350        5.56202071485117
H           -7.36418633914257       -0.18448971666135        2.57465838124122
H           -6.87183188116082       -1.07096364496986        0.98909022026793
H           -6.99752701174878       -2.24090929537147        3.91179745997226
C           -6.56780484195272       -3.56130501028260        2.19523304229272
O            4.55430729997453        5.68507650613034        6.17184156512704
O            4.96020442296399        4.21620884954896        4.47109125920906
O           -7.17348058724969       -4.50992143985085        2.96541274230304
O           -6.09137211061553       -3.78603515378142        1.09182517977287
C            5.29672022398153        6.74422582365490        5.49180583556520
C           -7.26488997920614       -5.85921863452340        2.42141146429064
C            4.31007492676662        7.61389321092362        4.71217948047564
C            6.06418695995846        7.49982958150320        6.57285473426289
H            5.99577110515257        6.25051115444528        4.78364844855940
C           -7.24923124695913       -6.80331803506565        3.62028502057774
C           -8.52557037749919       -5.97618914115505        1.56265238376909
H           -6.36957920223759       -6.02036164647969        1.78311264282625
H            3.78771697882458        7.01975402870692        3.93606833728593
H            3.55131140331554        8.05484283783769        5.39144815070777
H            4.84605096238867        8.44235642214238        4.20490557636622
H            6.75224787327512        6.82204695304393        7.11670790366163
H            6.66619666425230        8.31262088193195        6.11783385512674
H            5.36848208093350        7.95298548856175        7.30916984927641
H           -6.32341908109248       -6.66900178366628        4.21475608449234
H           -8.11849267728088       -6.61434099476013        4.28421350621813
H           -7.29538063606842       -7.85790007927595        3.27964882738384
H           -8.48246357744396       -5.27251375381699        0.70813446716470
H           -8.62080502989969       -7.00385604846263        1.15483269959337
H           -9.43240692036562       -5.75419234475668        2.16323148060681
C           -0.67769638083251       -1.48867065239537       -4.67842352688174
C            0.28187389003119       -1.27529678292557       -5.69270881876607
C           -1.88242681017587       -2.18136005441399       -4.94823837351837
C            0.07820292643835       -1.79767844912934       -6.95195013820277
N            1.41363604499293       -0.50409683209390       -5.36617562347287
C           -2.08748388829598       -2.71710142882470       -6.21071899408448
N           -2.84387394732016       -2.25755784366389       -3.93235531217609
H            0.82316209502194       -1.64226562910461       -7.75546779323358
C           -1.11009622182193       -2.54804997607133       -7.24874091681801
C            2.37201724800229        0.05450150608999       -6.22702702246978
H            1.44930178446671       -0.16023561497865       -4.40506104809821
H           -3.00957598015771       -3.28082421053394       -6.43317658163428
C           -4.09526065101014       -2.89258512711101       -3.95896452320206
H           -2.63996088167490       -1.74441024168527       -3.06422348924550
H           -1.26797723238494       -2.95804508169574       -8.21105730578766
O            2.45651193602060       -0.21488882788711       -7.43085515585329
C            3.26591478799531        1.06595641315768       -5.57305217370692
O           -4.46889424222760       -3.61641460138660       -4.88771482318441
C           -4.96031522780252       -2.60275376141789       -2.76952524927572
C            3.57594505250301        2.30466544911097       -6.34993890866582
H            3.21140016288893        1.17783940849015       -4.46538233528136
C            4.64323595597576        1.27111571484518       -6.17438086423422
C           -5.85085385039081       -3.68347216125214       -2.24935713474193
H           -4.59142444867146       -1.86620961041811       -2.02043246103955
C           -6.45972930844176       -2.57904224410158       -3.05477808899964
H            3.12382461049558        2.38710246509833       -7.35977603145179
H            3.68451562079101        3.25482851912740       -5.78818811729501
H            4.88576968342835        0.63531086752458       -7.05334877029222
C            5.77195879840892        1.57863999213562       -5.24918008310405
H           -5.78304732627039       -4.66888782410124       -2.75261942778636
H           -6.02904325282750       -3.69883253555865       -1.15432465234966
H           -6.73464508007182       -2.81714974555941       -4.10361585664057
C           -7.29833254034646       -1.54236504060836       -2.39176407343878
O            6.95388106347477        1.11029203322084       -5.73889290175306
O            5.66443781412497        2.19009334008857       -4.18954888517863
O           -8.31124433853642       -1.13251581192717       -3.21907226472789
O           -7.13493074810566       -1.10096346671004       -1.26200432328107
C            8.16137056140334        1.35734067638403       -4.96931527242598
C           -9.22672187063960       -0.12844035679384       -2.71154097638286
C            9.07001531045302        0.15211562701440       -5.19820911732889
C            8.77654600157291        2.68733930083347       -5.41238745117240
H            7.86521201768712        1.42817317463063       -3.89964909654386
C           -8.66504882760305        1.26630194730557       -3.00007040039613
C          -10.57389971444660       -0.39932001234580       -3.37801900515268
H           -9.29986587395332       -0.26853986682117       -1.61020396963778
H            8.56630363014225       -0.78225836928848       -4.87966419220329
H            9.33458066802045        0.05682342634906       -6.27172174651057
H           10.00819092360816        0.26178938211574       -4.61760936015068
H            8.07724552447170        3.52594301419825       -5.22410762229963
H            9.71050332044529        2.88705784035197       -4.84896653167684
H            9.02095479574320        2.66409081249297       -6.49465853705853
H           -7.69597547648255        1.41006250815975       -2.48347961846434
H           -8.51521835674978        1.40942764302169       -4.09057291471086
H           -9.36393978866064        2.04736747262309       -2.63805376032858
H          -10.92707295452582       -1.42484265273120       -3.14895099425165
H          -11.33547879958781        0.32022573395231       -3.01535096432853
H          -10.49586392749245       -0.29766667164610       -4.48055829646547
H            4.33140861116494       -6.07332325321125        2.41664836379883
H            0.46988144764788       -7.89709441548867        1.58384608131688
H            1.11562301140495        7.18841854605705       -2.27223717847752
H           -3.20804557585754        7.26141654053948       -1.65385272966736
O            3.50654995704975       -3.57012830636470        1.75320870456475
O           -0.69263080187075       -5.54919882057076        0.85325614276124
O            1.01107098850885        4.76938398892173       -1.55706473231517
O           -3.31226372297541        4.64500289075202       -0.84104309868226
C            4.84442112218547       -3.61370017224213        2.14377973974017
C            5.83891749562879       -3.89602871652050        1.19411234275329
C            5.17574322837601       -3.29391520246825        3.46896014736546
C            7.18804027179276       -3.86080324117636        1.58372282489553
H            5.55204320815244       -4.13357277942073        0.15668346217080
C            6.52705861643469       -3.25882792417201        3.85129496058046
H            4.37058929554513       -3.06718552095334        4.18652642691575
C            7.53957482478922       -3.54369978754552        2.91215613578426
H            7.97394464975383       -4.07822180929117        0.84431987525720
H            6.79574107477625       -3.00609883511667        4.88837052725349
H            8.59469365308201       -3.51612244259839        3.21272878991105
C           -1.66361188775077       -6.53280875102870        1.02557740334448
C           -2.03273210045229       -6.97532652091709        2.30585598743258
C           -2.31964311370778       -7.00390281747791       -0.12018751952054
C           -3.06158223246976       -7.91982171608311        2.43466145990084
H           -1.51847160797665       -6.57490445110953        3.19587846416708
C           -3.35620915115203       -7.94260972800867        0.01572363745293
H           -2.01875255774949       -6.62091720321975       -1.10813682985656
C           -3.72883062815756       -8.41192579544206        1.29287842036577
H           -3.35599407532383       -8.27289497096741        3.43538202723797
H           -3.87734274652581       -8.31283746744352       -0.87897462573581
H           -4.53295283568973       -9.15017158432729        1.39706597213176
C            2.74287144176152        5.25632876019175       -1.35383396162566
C            2.92918172406461        6.14825040449358       -0.60888819050404
C            3.84781816447286        4.50528601707432       -2.22452498099776
C            4.32815385414583        6.70341651205291       -0.41983446663810
H            2.20852338742773        6.69802671544533        0.03677481953924
C            4.86796752128975        4.97855564275924       -2.01380884379173
H            3.40983690760643        3.67160560486921       -2.83446008858010
C            5.38050286725823        5.97721161990873       -1.26325780233347
H            4.55914313796770        7.46431042712997        0.19775044776535
H            5.82186633861952        4.41514243143127       -2.67277685985029
H            6.36906911597889        6.37887111792707       -1.12064965273851
C           -4.51539494585783        5.04667273795206       -1.17741176085117
C           -4.91784652289709        5.26927317222899       -2.54484212599967
C           -5.49282875714171        5.15520751348496       -0.13975225461942
C           -6.28126313504854        5.60797917556144       -2.81812111259904
H           -4.17982390860579        5.16485364744045       -3.32559367165000
C           -6.84920765779660        5.49020870602860       -0.48086703738194
H           -5.17724510503546        4.96763681147528        0.87636839804214
C           -7.18067939629613        5.70634113634256       -1.79159012110123
H           -6.54933202856118        5.76691614666660       -3.87523667124000
H           -7.56776500798824        5.55802665067942        0.34708284149070
H           -8.26487324581265        5.97563745107143       -2.03993882080719
N            1.50761258580078        0.35382518233005        0.17072395088894
C            2.51165692366164        1.06776708489943        0.66894203913154
C            3.38146169420139        0.50577439827592        1.69090517204508
C            4.42842429435516        1.23608606340004        2.21639899550306
C            4.68429625313281        2.54016498239818        1.78131517413023
C            3.87443451756787        3.10726732758458        0.80363945976790
C            2.81946704831350        2.42765122714828        0.23744149304611
C            1.92906139238259        3.02579578306495       -0.76532327652354
C            0.67276525601301        3.65615604634842       -0.11591064008844
C            0.95237381742768        4.75287810118261        0.80113807722828
C            1.21640153691615        6.01505979496974        0.38379349121040
C            1.55651559896476        7.06220217299152        1.28601795174987
C            1.62342644906317        6.79235241778579        2.62536173111231
C            1.36087237570987        5.47413566885183        3.12741627102645
C            1.03035784949496        4.46777412320697        2.20986726324771
H            3.17008567578144       -0.48992496337313        2.01618782517211
H            5.05456871461969        0.78618356820930        2.97952569733441
H            5.50894419145368        3.09830815951538        2.21294813262204
H            4.08627857271911        4.14017888446655        0.48568944963016
H            1.63937686763604        2.33677634177656       -1.56570493365676
H            2.51871270247295        3.84692194248250       -1.30068723566374
H            0.02967354957286        4.04779256068520       -0.95827745548374
H            0.21149430845003        2.79962893543379        0.29194267469497
H            1.18400685390494        6.26973306521879       -0.70037061951638
H            1.76202555986092        8.05616323254371        0.91610610484141
H            1.87927847475029        7.56189275615013        3.34407568745468
H            1.42032751379663        5.27282070839894        4.15783322436746
H            0.84485867613470        3.47224418932913        2.57790528493096
