feature_name,mean,std,spearman_ee,pearson_ee
stage2pp_flexibility:stage2pp:flexibility:c_to_h_distance:all_200:mean,1.11189169160507,0.0005894777050789617,0.3766612318595928,0.2087966244799389
stage2pp_flexibility:stage2pp:flexibility:c_to_h_distance:all_200:median,1.111806106367414,0.0007038849143082344,0.450221860985546,0.13454859584276405
stage2pp_flexibility:stage2pp:flexibility:c_to_h_distance:all_200:q10,1.111466754889585,0.0007811112751886006,0.23878319402141876,0.06643553248177021
stage2pp_flexibility:stage2pp:flexibility:c_to_h_distance:all_200:q90,1.112232347026585,0.00046157221460925896,0.32851945887140355,0.3344405709855996
stage2pp_flexibility:stage2pp:flexibility:c_to_h_distance:all_200:std,0.00031118482580071703,0.000227016634331097,0.3223573119289153,0.244508697554175
stage2pp_flexibility:stage2pp:flexibility:c_to_h_distance:bottom_100:mean,1.1120735171220075,0.0005852488965766671,0.5187757457207276,0.39265960196976457
stage2pp_flexibility:stage2pp:flexibility:c_to_h_distance:bottom_100:median,1.1120139287167385,0.000695307382929087,0.4425191773074358,0.3012766606169619
stage2pp_flexibility:stage2pp:flexibility:c_to_h_distance:bottom_100:q10,1.1119148326725103,0.0007402214656757914,0.5180054773529166,0.40569945702548005
stage2pp_flexibility:stage2pp:flexibility:c_to_h_distance:bottom_100:q90,1.112205889617883,0.0004931068342809268,0.34161402112419104,0.3884409001382389
stage2pp_flexibility:stage2pp:flexibility:c_to_h_distance:bottom_100:std,0.00012576821933472083,0.0001982345658778744,-0.3381478134690414,-0.20569415519917378
stage2pp_flexibility:stage2pp:flexibility:c_to_h_distance:top_100:mean,1.1117098660881328,0.0006715942449651472,0.24610074351562355,0.02435743217416582
stage2pp_flexibility:stage2pp:flexibility:c_to_h_distance:top_100:median,1.1116170761199324,0.0007518012170635125,0.2168305455388045,-0.024386800909654453
stage2pp_flexibility:stage2pp:flexibility:c_to_h_distance:top_100:q10,1.1115559905154933,0.0007472948581715937,0.11053351078088255,-0.002593443286378627
stage2pp_flexibility:stage2pp:flexibility:c_to_h_distance:top_100:q90,1.111876459199096,0.0006834537685014109,0.4070868323881285,0.07171628016695267
stage2pp_flexibility:stage2pp:flexibility:c_to_h_distance:top_100:std,0.00014681538884392674,0.00023530308364999824,0.10129029036715022,0.10392910504472956
stage2pp_flexibility:stage2pp:flexibility:corridor_axial_mean:all_200:mean,3.760815094215307,1.0779626260096042,0.4914312186634361,0.5058906132875758
stage2pp_flexibility:stage2pp:flexibility:corridor_axial_mean:all_200:median,3.492005604981641,1.1741932502257633,0.5380324549160033,0.5199132818338471
stage2pp_flexibility:stage2pp:flexibility:corridor_axial_mean:all_200:q10,2.971790583903969,1.0390853717061643,0.4355867619971365,0.5064893857536424
stage2pp_flexibility:stage2pp:flexibility:corridor_axial_mean:all_200:q90,4.462807724086251,1.1466506785737005,0.4436745798591523,0.37691771901070165
stage2pp_flexibility:stage2pp:flexibility:corridor_axial_mean:all_200:std,0.6132922878541567,0.3409117274783702,0.26458718434308826,-0.06556466234585535
stage2pp_flexibility:stage2pp:flexibility:corridor_axial_mean:bottom_100:mean,4.158458458364173,1.3535460228442209,0.6250727804786496,0.5865138645694613
stage2pp_flexibility:stage2pp:flexibility:corridor_axial_mean:bottom_100:median,4.086742254345264,1.4623387759258457,0.6177552309844446,0.6113120967873682
stage2pp_flexibility:stage2pp:flexibility:corridor_axial_mean:bottom_100:q10,3.9357911497512275,1.4764196017587645,0.6720591509151222,0.6335062855992006
stage2pp_flexibility:stage2pp:flexibility:corridor_axial_mean:bottom_100:q90,4.361577266542293,1.2809116649412546,0.5195460140885386,0.5018921221799082
stage2pp_flexibility:stage2pp:flexibility:corridor_axial_mean:bottom_100:std,0.1841151934816686,0.26777898115636695,-0.30117493181411203,-0.4401224443640491
stage2pp_flexibility:stage2pp:flexibility:corridor_axial_mean:top_100:mean,3.3631717300664423,0.9635448007470018,0.33776267928513587,0.3080176853064755
stage2pp_flexibility:stage2pp:flexibility:corridor_axial_mean:top_100:median,3.325674504587388,0.9183068248133619,0.3235127144806319,0.2745455973509598
stage2pp_flexibility:stage2pp:flexibility:corridor_axial_mean:top_100:q10,3.0752269687613527,0.9838624515741,0.26843852618214337,0.28989844421691885
stage2pp_flexibility:stage2pp:flexibility:corridor_axial_mean:top_100:q90,3.6210887625827413,1.11477303757059,0.3785869027791204,0.3235408574366796
stage2pp_flexibility:stage2pp:flexibility:corridor_axial_mean:top_100:std,0.2379201740640536,0.2640973554213351,0.20604678838945006,0.06272393553092401
stage2pp_flexibility:stage2pp:flexibility:corridor_fraction:all_200:mean,0.340034117477362,0.1248869588364634,0.1282743537578829,0.18783983136958873
stage2pp_flexibility:stage2pp:flexibility:corridor_fraction:all_200:median,0.30580437862790966,0.12582861739931256,0.11506526848948095,0.13124281668224522
stage2pp_flexibility:stage2pp:flexibility:corridor_fraction:all_200:q10,0.26942291695232873,0.1170741871426417,0.2387321868454773,0.2963254598725412
stage2pp_flexibility:stage2pp:flexibility:corridor_fraction:all_200:q90,0.45207531879884827,0.16234742748579856,0.08792903972232936,0.18264656084580058
stage2pp_flexibility:stage2pp:flexibility:corridor_fraction:all_200:std,0.07939637075636156,0.05796251223866764,-0.20593344170500846,-0.06568165442895113
stage2pp_flexibility:stage2pp:flexibility:corridor_fraction:bottom_100:mean,0.32549550558374085,0.11693036286243624,0.03409093185457249,0.0455382273705207
stage2pp_flexibility:stage2pp:flexibility:corridor_fraction:bottom_100:median,0.3136676264911559,0.13027833485991733,0.021091459200984423,0.01356201770750748
stage2pp_flexibility:stage2pp:flexibility:corridor_fraction:bottom_100:q10,0.2809229169523287,0.12312042156038426,0.241745731533746,0.27870751755613665
stage2pp_flexibility:stage2pp:flexibility:corridor_fraction:bottom_100:q90,0.36031780245897893,0.12811618987502546,-0.082850620319911,-0.02556515524350895
stage2pp_flexibility:stage2pp:flexibility:corridor_fraction:bottom_100:std,0.037050200559030695,0.05140412975661462,-0.3129496675788094,-0.32499424116386144
stage2pp_flexibility:stage2pp:flexibility:corridor_fraction:top_100:mean,0.3545727293709831,0.15911602893302773,0.18948601848151297,0.26139848640367613
stage2pp_flexibility:stage2pp:flexibility:corridor_fraction:top_100:median,0.32911483614424797,0.16822980362152204,0.13033416037162823,0.26778279285153667
stage2pp_flexibility:stage2pp:flexibility:corridor_fraction:top_100:q10,0.29772594725535906,0.16135954235931096,0.07719292808786514,0.20030065721210777
stage2pp_flexibility:stage2pp:flexibility:corridor_fraction:top_100:q90,0.41299718908542443,0.18388554923870284,0.16750294453724474,0.20897758780845335
stage2pp_flexibility:stage2pp:flexibility:corridor_fraction:top_100:std,0.05196722230105706,0.06626704307654811,-0.05292648523229096,0.008836154879392556
stage2pp_flexibility:stage2pp:flexibility:n_c_h_angle:all_200:mean,76.19640424579663,15.28441436039679,0.04429043114913413,-0.03932353774115965
stage2pp_flexibility:stage2pp:flexibility:n_c_h_angle:all_200:median,68.39003533433116,19.062029576433957,0.20874272767678867,-0.017458922510426893
stage2pp_flexibility:stage2pp:flexibility:n_c_h_angle:all_200:q10,64.5012703734773,18.772189069768054,0.11014837659697704,0.05387067587717109
stage2pp_flexibility:stage2pp:flexibility:n_c_h_angle:all_200:q90,98.0153444955138,21.523809461034507,-0.07741197096500835,-0.0498529408555674
stage2pp_flexibility:stage2pp:flexibility:n_c_h_angle:all_200:std,14.669307421909217,12.090865724190374,-0.2695939287338599,-0.123607837402255
stage2pp_flexibility:stage2pp:flexibility:n_c_h_angle:bottom_100:mean,74.45601539626216,18.462022888790404,-0.07933764188453592,-0.23411609818249934
stage2pp_flexibility:stage2pp:flexibility:n_c_h_angle:bottom_100:median,71.2665403059023,20.89483225667041,0.0038513418390551417,-0.17155011558600733
stage2pp_flexibility:stage2pp:flexibility:n_c_h_angle:bottom_100:q10,66.25610768705586,18.641141847988383,0.12670914650491416,0.08796458863722253
stage2pp_flexibility:stage2pp:flexibility:n_c_h_angle:bottom_100:q90,81.90086213449949,22.997461610299304,-0.2826884909866474,-0.36153735844259205
stage2pp_flexibility:stage2pp:flexibility:n_c_h_angle:bottom_100:std,7.2341763329793,10.12012240504048,-0.3874449890089472,-0.42738022722922514
stage2pp_flexibility:stage2pp:flexibility:n_c_h_angle:top_100:mean,77.93679309533113,19.876297269622597,0.26304664760746616,0.15698005675046342
stage2pp_flexibility:stage2pp:flexibility:n_c_h_angle:top_100:median,72.0330448966211,21.591451365313144,0.2665128552626158,0.18205686783468947
stage2pp_flexibility:stage2pp:flexibility:n_c_h_angle:top_100:q10,68.22692131677019,21.535530295556676,0.17600632204481995,0.10327436785421538
stage2pp_flexibility:stage2pp:flexibility:n_c_h_angle:top_100:q90,89.3062627163025,28.12881980576344,0.1613712230564104,0.061936354105794504
stage2pp_flexibility:stage2pp:flexibility:n_c_h_angle:top_100:std,9.719177209670827,14.099570693604532,0.12439834140148107,-0.033394201379000295
stage2pp_flexibility:stage2pp:flexibility:n_to_c_distance:all_200:mean,4.489759051763724,1.385238517786031,0.37242475583663215,0.5396503080789483
stage2pp_flexibility:stage2pp:flexibility:n_to_c_distance:all_200:median,4.460296311725193,1.4603380130269716,0.4571542762958453,0.5497623522725769
stage2pp_flexibility:stage2pp:flexibility:n_to_c_distance:all_200:q10,4.294448415968388,1.3683252172634361,0.44829619006601845,0.5417987962268526
stage2pp_flexibility:stage2pp:flexibility:n_to_c_distance:all_200:q90,4.73199659760668,1.3863500188968005,0.3697288165492936,0.5133319071159479
stage2pp_flexibility:stage2pp:flexibility:n_to_c_distance:all_200:std,0.18521165666305436,0.20201729961152465,-0.1686887725506152,-0.0821150725926396
stage2pp_flexibility:stage2pp:flexibility:n_to_c_distance:bottom_100:mean,4.5573171710622695,1.37785277335669,0.34623563133105717,0.5160799395139092
stage2pp_flexibility:stage2pp:flexibility:n_to_c_distance:bottom_100:median,4.536260035317756,1.429691502070316,0.35162750990573444,0.5037977524898187
stage2pp_flexibility:stage2pp:flexibility:n_to_c_distance:bottom_100:q10,4.36867353657856,1.3969893177547126,0.43443135944542,0.5576192253000073
stage2pp_flexibility:stage2pp:flexibility:n_to_c_distance:bottom_100:q90,4.702338964738651,1.3884680965379061,0.36433693797461636,0.49655395446246275
stage2pp_flexibility:stage2pp:flexibility:n_to_c_distance:bottom_100:std,0.15188466921149635,0.2174283892314358,-0.28461416190617495,-0.18713822870205765
stage2pp_flexibility:stage2pp:flexibility:n_to_c_distance:top_100:mean,4.422200932465179,1.403793730804762,0.44945159261773504,0.5584913172319615
stage2pp_flexibility:stage2pp:flexibility:n_to_c_distance:top_100:median,4.362282079944275,1.3751345041874101,0.45253266608897913,0.5536420442091058
stage2pp_flexibility:stage2pp:flexibility:n_to_c_distance:top_100:q10,4.321304147941317,1.3382564172918787,0.4282692125029317,0.551323345820209
stage2pp_flexibility:stage2pp:flexibility:n_to_c_distance:top_100:q90,4.536624424322847,1.4891715860310148,0.47294477783597133,0.5553584855096783
stage2pp_flexibility:stage2pp:flexibility:n_to_c_distance:top_100:std,0.09831518245772816,0.17247307494720207,0.14712125825190642,0.23150223554830177
stage2pp_flexibility:stage2pp:flexibility:n_to_h_distance:all_200:mean,4.367722091871407,1.5052881529587057,0.3547085833769786,0.4728433801001979
stage2pp_flexibility:stage2pp:flexibility:n_to_h_distance:all_200:median,4.221981416302705,1.6073034591585198,0.43250568852589244,0.4560180085180942
stage2pp_flexibility:stage2pp:flexibility:n_to_h_distance:all_200:q10,3.9833579866233753,1.5128944676650433,0.36549234052633295,0.4862965850452818
stage2pp_flexibility:stage2pp:flexibility:n_to_h_distance:all_200:q90,4.955197020576305,1.4732230168593115,0.36472207215852187,0.4685673878098561
stage2pp_flexibility:stage2pp:flexibility:n_to_h_distance:all_200:std,0.41283654359627675,0.3469742372400369,-0.35509371756088404,-0.13995942641715578
stage2pp_flexibility:stage2pp:flexibility:n_to_h_distance:bottom_100:mean,4.402705936646759,1.4516368819737515,0.35547885174478955,0.4187106423016432
stage2pp_flexibility:stage2pp:flexibility:n_to_h_distance:bottom_100:median,4.323054089259999,1.5627990202301179,0.34854643643449024,0.40368844566660184
stage2pp_flexibility:stage2pp:flexibility:n_to_h_distance:bottom_100:q10,4.079473951177601,1.5370517444594434,0.394762538503152,0.5085004883527783
stage2pp_flexibility:stage2pp:flexibility:n_to_h_distance:bottom_100:q90,4.6734765144598835,1.4462268038003547,0.2884655037452301,0.35756638564459176
stage2pp_flexibility:stage2pp:flexibility:n_to_h_distance:bottom_100:std,0.2749602042059712,0.3766230082007876,-0.3731950242044432,-0.3140047921442853
stage2pp_flexibility:stage2pp:flexibility:n_to_h_distance:top_100:mean,4.332738247096053,1.616889114493014,0.4182557237213884,0.5044967264532204
stage2pp_flexibility:stage2pp:flexibility:n_to_h_distance:top_100:median,4.175481626306169,1.63333225206355,0.3762760976756873,0.4949172860665261
stage2pp_flexibility:stage2pp:flexibility:n_to_h_distance:top_100:q10,4.071766369399603,1.5804674965078553,0.3685734139975771,0.47935110155368227
stage2pp_flexibility:stage2pp:flexibility:n_to_h_distance:top_100:q90,4.624158495046953,1.6895043210176282,0.43674216454885306,0.486744914095013
stage2pp_flexibility:stage2pp:flexibility:n_to_h_distance:top_100:std,0.24815362251519385,0.3322335081169443,0.14596585570018986,0.062287842945541246
stage2pp_flexibility:stage2pp:flexibility:parallel_motion_std:all_200:mean,2.516962103712124,0.4200361676375931,0.48180286406579825,0.5359397459556747
stage2pp_flexibility:stage2pp:flexibility:parallel_motion_std:all_200:median,2.369941953409322,0.5001095554171653,0.1659928332632766,0.32872774111316877
stage2pp_flexibility:stage2pp:flexibility:parallel_motion_std:all_200:q10,1.9114007369895076,0.49583430330579603,0.257654769032789,0.27594178959048726
stage2pp_flexibility:stage2pp:flexibility:parallel_motion_std:all_200:q90,2.959482957611576,0.5204111349649649,0.5476608095136412,0.5031211589477386
stage2pp_flexibility:stage2pp:flexibility:parallel_motion_std:all_200:std,0.4470190528730118,0.23056628257801207,0.546120272778019,0.3026673426440315
stage2pp_flexibility:stage2pp:flexibility:parallel_motion_std:bottom_100:mean,2.810744207177238,0.6495579559146668,0.6458700264095473,0.6675290522560153
stage2pp_flexibility:stage2pp:flexibility:parallel_motion_std:bottom_100:median,2.7689217311990255,0.7039932557720139,0.6616605279496733,0.7000193553902607
stage2pp_flexibility:stage2pp:flexibility:parallel_motion_std:bottom_100:q10,2.6914058609133873,0.7284728681356506,0.6778361636737049,0.6909279288615274
stage2pp_flexibility:stage2pp:flexibility:parallel_motion_std:bottom_100:q90,2.9284210533221646,0.5935295872555528,0.5830931544329484,0.554243976749873
stage2pp_flexibility:stage2pp:flexibility:parallel_motion_std:bottom_100:std,0.10236587432223705,0.1425580500820597,-0.38821525737675827,-0.4777387101320121
stage2pp_flexibility:stage2pp:flexibility:parallel_motion_std:top_100:mean,2.223180000247011,0.3749615486588054,-0.15867528376907183,0.04434947347050076
stage2pp_flexibility:stage2pp:flexibility:parallel_motion_std:top_100:median,2.184928837355037,0.4481515992661537,-0.11284431588431564,-0.08749064295583264
stage2pp_flexibility:stage2pp:flexibility:parallel_motion_std:top_100:q10,2.0081648229683213,0.5007261773579222,-0.048526907172094784,0.08046742655234157
stage2pp_flexibility:stage2pp:flexibility:parallel_motion_std:top_100:q90,2.4338752705040174,0.4563597497565665,-0.014249964804504023,0.11612879092376549
stage2pp_flexibility:stage2pp:flexibility:parallel_motion_std:top_100:std,0.1925451087027654,0.23626619390482245,0.14057397712551267,-0.0008473279487223426
stage2pp_flexibility:stage2pp:flexibility:perpendicular_motion_std:all_200:mean,1.3866114937675138,0.22654233384103656,-0.13441183018302444,-0.355567549656249
stage2pp_flexibility:stage2pp:flexibility:perpendicular_motion_std:all_200:median,1.2660237854566168,0.2665081206074104,-0.41209357677890013,-0.41888470752386586
stage2pp_flexibility:stage2pp:flexibility:perpendicular_motion_std:all_200:q10,1.2198198880336604,0.2663153100898663,-0.3323708007104587,-0.2810798368229031
stage2pp_flexibility:stage2pp:flexibility:perpendicular_motion_std:all_200:q90,1.6137195573701681,0.271347696523036,0.11438485261993771,-0.11633258350641128
stage2pp_flexibility:stage2pp:flexibility:perpendicular_motion_std:all_200:std,0.16564929177321105,0.12084773650848135,0.21644541135489895,0.15539851635351307
stage2pp_flexibility:stage2pp:flexibility:perpendicular_motion_std:bottom_100:mean,1.296481250472374,0.300292324039265,-0.5041406467323181,-0.5276596915513617
stage2pp_flexibility:stage2pp:flexibility:perpendicular_motion_std:bottom_100:median,1.2746634667621106,0.30247417471074195,-0.4948974263185857,-0.5337171936523036
stage2pp_flexibility:stage2pp:flexibility:perpendicular_motion_std:bottom_100:q10,1.2338803101865756,0.27221207981501594,-0.4090125033076561,-0.37695911549206845
stage2pp_flexibility:stage2pp:flexibility:perpendicular_motion_std:bottom_100:q90,1.3491884640114304,0.3260449151098399,-0.5726945314674996,-0.5781201317017792
stage2pp_flexibility:stage2pp:flexibility:perpendicular_motion_std:bottom_100:std,0.051361281800613175,0.06612761885923543,-0.4144043818823332,-0.5075525669552351
stage2pp_flexibility:stage2pp:flexibility:perpendicular_motion_std:top_100:mean,1.4767417370626543,0.24751347465426618,0.22953997360768644,-0.010706689809240225
stage2pp_flexibility:stage2pp:flexibility:perpendicular_motion_std:top_100:median,1.4475327157808042,0.24652466986773028,0.18601981082636332,-0.08185942286039295
stage2pp_flexibility:stage2pp:flexibility:perpendicular_motion_std:top_100:q10,1.4109725705836054,0.26129811974414946,0.034276942367590754,-0.17565098823160832
stage2pp_flexibility:stage2pp:flexibility:perpendicular_motion_std:top_100:q90,1.5448022721926253,0.2857244056005738,0.43058001760636483,0.14404321090486555
stage2pp_flexibility:stage2pp:flexibility:perpendicular_motion_std:top_100:std,0.05805100555032019,0.09308329924243029,0.41247871096280564,0.4000810004010061
stage2pp_flexibility:stage2pp:flexibility:preferred_h_distance:all_200:mean,4.367722091871407,1.5052881529587057,0.3547085833769786,0.4728433801001979
stage2pp_flexibility:stage2pp:flexibility:preferred_h_distance:all_200:median,4.221981416302705,1.6073034591585198,0.43250568852589244,0.4560180085180942
stage2pp_flexibility:stage2pp:flexibility:preferred_h_distance:all_200:q10,3.9833579866233753,1.5128944676650433,0.36549234052633295,0.4862965850452818
stage2pp_flexibility:stage2pp:flexibility:preferred_h_distance:all_200:q90,4.955197020576305,1.4732230168593115,0.36472207215852187,0.4685673878098561
stage2pp_flexibility:stage2pp:flexibility:preferred_h_distance:all_200:std,0.41283654359627675,0.3469742372400369,-0.35509371756088404,-0.13995942641715578
stage2pp_flexibility:stage2pp:flexibility:preferred_h_distance:bottom_100:mean,4.402705936646759,1.4516368819737515,0.35547885174478955,0.4187106423016432
stage2pp_flexibility:stage2pp:flexibility:preferred_h_distance:bottom_100:median,4.323054089259999,1.5627990202301179,0.34854643643449024,0.40368844566660184
stage2pp_flexibility:stage2pp:flexibility:preferred_h_distance:bottom_100:q10,4.079473951177601,1.5370517444594434,0.394762538503152,0.5085004883527783
stage2pp_flexibility:stage2pp:flexibility:preferred_h_distance:bottom_100:q90,4.6734765144598835,1.4462268038003547,0.2884655037452301,0.35756638564459176
stage2pp_flexibility:stage2pp:flexibility:preferred_h_distance:bottom_100:std,0.2749602042059712,0.3766230082007876,-0.3731950242044432,-0.3140047921442853
stage2pp_flexibility:stage2pp:flexibility:preferred_h_distance:top_100:mean,4.332738247096053,1.616889114493014,0.4182557237213884,0.5044967264532204
stage2pp_flexibility:stage2pp:flexibility:preferred_h_distance:top_100:median,4.175481626306169,1.63333225206355,0.3762760976756873,0.4949172860665261
stage2pp_flexibility:stage2pp:flexibility:preferred_h_distance:top_100:q10,4.071766369399603,1.5804674965078553,0.3685734139975771,0.47935110155368227
stage2pp_flexibility:stage2pp:flexibility:preferred_h_distance:top_100:q90,4.624158495046953,1.6895043210176282,0.43674216454885306,0.486744914095013
stage2pp_flexibility:stage2pp:flexibility:preferred_h_distance:top_100:std,0.24815362251519385,0.3322335081169443,0.14596585570018986,0.062287842945541246
stage2pp_flexibility:stage2pp:flexibility:tether_dihedral:all_200:mean,5.290574906378338,14.089772117333073,0.12904477029696929,0.1794225886027004
stage2pp_flexibility:stage2pp:flexibility:tether_dihedral:all_200:median,36.98855647515465,97.82445713531855,0.031201869832998545,0.06406800575546678
stage2pp_flexibility:stage2pp:flexibility:tether_dihedral:all_200:q10,-108.34936277946552,56.299957533770254,-0.1186441470193031,-0.24577259996764866
stage2pp_flexibility:stage2pp:flexibility:tether_dihedral:all_200:q90,110.44400943937464,55.936483543287046,0.08243456968224308,0.30590030792241685
stage2pp_flexibility:stage2pp:flexibility:tether_dihedral:all_200:std,101.43257108879115,50.137015322652246,0.23073975345637196,0.4199417494628275
stage2pp_flexibility:stage2pp:flexibility:tether_dihedral:bottom_100:mean,-0.20661568449216985,25.494602522608293,-0.06317415620508347,-0.061229481866771324
stage2pp_flexibility:stage2pp:flexibility:tether_dihedral:bottom_100:median,-29.59366820140654,99.54772524426497,-0.20724204901423723,-0.11943659731947504
stage2pp_flexibility:stage2pp:flexibility:tether_dihedral:bottom_100:q10,-114.07766323714576,59.65621289307916,0.02619416232893705,-0.22657857010991403
stage2pp_flexibility:stage2pp:flexibility:tether_dihedral:bottom_100:q90,110.70591128014783,57.087776365249674,0.05893686524010837,0.26405996037575996
stage2pp_flexibility:stage2pp:flexibility:tether_dihedral:bottom_100:std,105.39516328348172,53.12561072619887,0.22611725422185366,0.3136219900704629
stage2pp_flexibility:stage2pp:flexibility:tether_dihedral:top_100:mean,10.787765497248845,17.159902705435815,0.33281994488531785,0.3856122140477272
stage2pp_flexibility:stage2pp:flexibility:tether_dihedral:top_100:median,35.71654326749112,97.73581260440034,0.15986143186042465,0.2140174283447841
stage2pp_flexibility:stage2pp:flexibility:tether_dihedral:top_100:q10,-97.3665794727638,49.85074266760896,-0.4661020061472622,-0.5443868018232902
stage2pp_flexibility:stage2pp:flexibility:tether_dihedral:top_100:q90,96.39293864564387,49.93780708899697,0.5662561562284922,0.5711411425976881
stage2pp_flexibility:stage2pp:flexibility:tether_dihedral:top_100:std,93.12103378881018,48.93611961546597,0.4661020061472622,0.5426904113570229
stage2pp_flexibility:stage2pp:flexibility:two_h_distance_gap:all_200:mean,0.7861205895048821,0.30386769203056174,0.08819572811436274,0.09236691241308413
stage2pp_flexibility:stage2pp:flexibility:two_h_distance_gap:all_200:median,0.8457849442291334,0.4305304863962434,-0.12362807303367006,0.012969562654194038
stage2pp_flexibility:stage2pp:flexibility:two_h_distance_gap:all_200:q10,0.3132249698998206,0.42254448550634255,0.43250568852589244,0.20355940323429378
stage2pp_flexibility:stage2pp:flexibility:two_h_distance_gap:all_200:q90,1.061913174245966,0.38846653983367724,0.004236476022960655,-0.04377900386646691
stage2pp_flexibility:stage2pp:flexibility:two_h_distance_gap:all_200:std,0.3209860096677852,0.2351216468268281,-0.4371272987327585,-0.2729127714256309
stage2pp_flexibility:stage2pp:flexibility:two_h_distance_gap:bottom_100:mean,0.7034829606464603,0.3832691929191569,0.11900646282680387,0.19126428259390504
stage2pp_flexibility:stage2pp:flexibility:two_h_distance_gap:bottom_100:median,0.5755295075703968,0.4997806461927921,0.19834410471133979,0.27520363296318323
stage2pp_flexibility:stage2pp:flexibility:two_h_distance_gap:bottom_100:q10,0.522410618980151,0.4929823060242883,0.3458504971471517,0.24637741499931992
stage2pp_flexibility:stage2pp:flexibility:two_h_distance_gap:bottom_100:q90,0.9357814291027893,0.4046203094642741,-0.2618912450557496,-0.11346242293390864
stage2pp_flexibility:stage2pp:flexibility:two_h_distance_gap:bottom_100:std,0.19414915990294093,0.2547085633184017,-0.31735056753814367,-0.29234610131511823
stage2pp_flexibility:stage2pp:flexibility:two_h_distance_gap:top_100:mean,0.8687582183633035,0.378812741357423,-0.11361458425212667,-0.04532863961384078
stage2pp_flexibility:stage2pp:flexibility:two_h_distance_gap:top_100:median,0.8421241726977706,0.488552397502691,-0.037358015838834864,-0.07523031622199583
stage2pp_flexibility:stage2pp:flexibility:two_h_distance_gap:top_100:q10,0.6498768860927163,0.517659297460812,0.02041211174699225,0.039601484369122836
stage2pp_flexibility:stage2pp:flexibility:two_h_distance_gap:top_100:q90,1.053591680102406,0.40712623242882934,-0.004621610206866171,-0.05018145771379113
stage2pp_flexibility:stage2pp:flexibility:two_h_distance_gap:top_100:std,0.18756859750087856,0.24391579077311548,0.048912041356000295,-0.09934732151017711
stage2pp_geometry:stage2pp:occupancy:activation:all_heavy:all_200:entropy,4.979871406990663,0.11662810277540875,0.286924967009608,0.09349231915334877
stage2pp_geometry:stage2pp:occupancy:activation:all_heavy:all_200:mass,93.8796463083283,13.570968500893263,0.25072235372248974,0.4510115304596854
stage2pp_geometry:stage2pp:occupancy:activation:all_heavy:all_200:peak,1.4465388192061837,0.3279504451663581,0.6027349978121297,0.6401631670738938
stage2pp_geometry:stage2pp:occupancy:activation:all_heavy:all_200:variance_mean,0.024757799946143414,0.012455157851764051,0.3235127144806319,0.2402654453290949
stage2pp_geometry:stage2pp:occupancy:activation:all_heavy:bottom_100:entropy,4.858117017363533,0.19617178087923826,-0.22953997360768644,-0.16218950645807118
stage2pp_geometry:stage2pp:occupancy:activation:all_heavy:bottom_100:mass,93.50187698079493,13.595501667813187,0.24995208535467867,0.44865416612437187
stage2pp_geometry:stage2pp:occupancy:activation:all_heavy:bottom_100:peak,1.5675649547958648,0.4717084308076835,0.6528024417198466,0.602466724101266
stage2pp_geometry:stage2pp:occupancy:activation:all_heavy:bottom_100:variance_mean,0.006046162860205529,0.007844539312599583,-0.30348573691754516,-0.3978311520110551
stage2pp_geometry:stage2pp:occupancy:activation:all_heavy:top_100:entropy,4.804987076554122,0.21693359404252419,0.11053351078088255,0.07918771146636017
stage2pp_geometry:stage2pp:occupancy:activation:all_heavy:top_100:mass,94.25741563586168,13.562006749199616,0.2453304751478125,0.45285688147613784
stage2pp_geometry:stage2pp:occupancy:activation:all_heavy:top_100:peak,1.744905981742289,0.4472565407898908,0.41286384514671115,0.43095508936283755
stage2pp_geometry:stage2pp:occupancy:activation:all_heavy:top_100:variance_mean,0.014867588198800654,0.017724689913750938,0.1463509898840954,-0.019872380833998386
stage2pp_geometry:stage2pp:occupancy:activation:carbon:all_200:entropy,4.948787880606669,0.12974964307642792,0.2368575231018912,0.052250538179050565
stage2pp_geometry:stage2pp:occupancy:activation:carbon:all_200:mass,5.733017466368887,0.286724543244384,-0.1571347470334498,-0.03790326711208286
stage2pp_geometry:stage2pp:occupancy:activation:carbon:all_200:peak,0.09110794423162767,0.01721581426115497,0.24032373075704086,0.326798792505279
stage2pp_geometry:stage2pp:occupancy:activation:carbon:all_200:variance_mean,0.00010067650038866557,5.627426545526175e-05,0.07009442147080357,-0.09016361065697859
stage2pp_geometry:stage2pp:occupancy:activation:carbon:bottom_100:entropy,4.8242992552243456,0.20295444545394817,-0.21721567972271,-0.18763350436152268
stage2pp_geometry:stage2pp:occupancy:activation:carbon:bottom_100:mass,5.7077374679289195,0.2955810925205305,-0.15135773427486707,-0.040150468574250135
stage2pp_geometry:stage2pp:occupancy:activation:carbon:bottom_100:peak,0.09548132031176525,0.021700995190732555,0.34315455785981314,0.32362180281207503
stage2pp_geometry:stage2pp:occupancy:activation:carbon:bottom_100:variance_mean,2.594777051621795e-05,3.9991874386928636e-05,-0.35047210735401785,-0.5157095482642307
stage2pp_geometry:stage2pp:occupancy:activation:carbon:top_100:entropy,4.757499936603699,0.2339535485446484,0.12979021997615828,0.033614813509308845
stage2pp_geometry:stage2pp:occupancy:activation:carbon:top_100:mass,5.758297464808853,0.28132799170804795,-0.17022930928623725,-0.03507604939723155
stage2pp_geometry:stage2pp:occupancy:activation:carbon:top_100:peak,0.1143712778501523,0.03185477129028886,0.06893901891908703,0.09616234140998595
stage2pp_geometry:stage2pp:occupancy:activation:carbon:top_100:variance_mean,5.454505219306114e-05,6.315566026601908e-05,0.10398622965448882,-0.08304188532371323
stage2pp_geometry:stage2pp:occupancy:activation:halogen:all_200:entropy,0.553438515339647,1.288491856848146,-0.1043498699418221,0.09604216501492513
stage2pp_geometry:stage2pp:occupancy:activation:halogen:all_200:mass,0.06457601040050663,0.1515941252556995,-0.1043498699418221,0.10318412269092672
stage2pp_geometry:stage2pp:occupancy:activation:halogen:all_200:peak,0.006244917706093245,0.015548154566964205,-0.09831808555212139,0.10335752550839815
stage2pp_geometry:stage2pp:occupancy:activation:halogen:all_200:variance_mean,1.318738067839142e-06,3.6575442100200236e-06,-0.1043498699418221,0.07993548044364701
stage2pp_geometry:stage2pp:occupancy:activation:halogen:bottom_100:entropy,0.53747679372314,1.24720402275977,-0.10615940525873231,0.09528699577270575
stage2pp_geometry:stage2pp:occupancy:activation:halogen:bottom_100:mass,0.06426548273720725,0.15080050720520635,-0.1043498699418221,0.10316688256959439
stage2pp_geometry:stage2pp:occupancy:activation:halogen:bottom_100:peak,0.00614818935527065,0.015378627377448134,-0.09831808555212139,0.1026961491639465
stage2pp_geometry:stage2pp:occupancy:activation:halogen:bottom_100:variance_mean,1.2106268748942323e-06,3.3312612913967456e-06,-0.10615940525873231,0.07714076557025903
stage2pp_geometry:stage2pp:occupancy:activation:halogen:top_100:entropy,0.5234811943994208,1.2128600118362882,-0.1043498699418221,0.09636699762075358
stage2pp_geometry:stage2pp:occupancy:activation:halogen:top_100:mass,0.06488653806380602,0.15239590174849799,-0.1043498699418221,0.10319565841668596
stage2pp_geometry:stage2pp:occupancy:activation:halogen:top_100:peak,0.006565218242449577,0.016061835631472492,-0.10676258369770238,0.10086566299472775
stage2pp_geometry:stage2pp:occupancy:activation:halogen:top_100:variance_mean,1.0851636167839016e-06,2.9941661650041408e-06,-0.1043498699418221,0.07862333465627439
stage2pp_geometry:stage2pp:occupancy:activation:hetero:all_200:entropy,3.003067185115616,1.1629447683168976,-0.14106766666729384,-0.057683452303720795
stage2pp_geometry:stage2pp:occupancy:activation:hetero:all_200:mass,0.38726033094351203,0.17909223775189786,0.015031800546514916,0.01601412244117835
stage2pp_geometry:stage2pp:occupancy:activation:hetero:all_200:peak,0.035709111268395016,0.016760433415568248,0.020813262295174502,0.011115835060737928
stage2pp_geometry:stage2pp:occupancy:activation:hetero:all_200:variance_mean,7.03646999390893e-06,5.202882265478921e-06,-0.3684718287812374,-0.45412337504129335
stage2pp_geometry:stage2pp:occupancy:activation:hetero:bottom_100:entropy,2.7549674411167984,1.094349214856033,-0.2038928843360613,-0.098481077388885
stage2pp_geometry:stage2pp:occupancy:activation:hetero:bottom_100:mass,0.3876818514941965,0.18011789992363503,-0.014646369763270944,0.017402496175069133
stage2pp_geometry:stage2pp:occupancy:activation:hetero:bottom_100:peak,0.042785450157962875,0.02249952312389001,0.19579883788793787,0.1433625191322132
stage2pp_geometry:stage2pp:occupancy:activation:hetero:bottom_100:variance_mean,3.835059689635939e-06,5.242361358518553e-06,-0.3145115191270813,-0.4729521188384609
stage2pp_geometry:stage2pp:occupancy:activation:hetero:top_100:entropy,2.83202456409423,1.1302062156135404,0.05665832513686391,0.024887106318862165
stage2pp_geometry:stage2pp:occupancy:activation:hetero:top_100:mass,0.38683881039282736,0.17813002495846222,0.023896708561126277,0.014604550711599978
stage2pp_geometry:stage2pp:occupancy:activation:hetero:top_100:peak,0.03971602554441399,0.02176018209915494,0.011177492714075194,-0.0901120640780456
stage2pp_geometry:stage2pp:occupancy:activation:hetero:top_100:variance_mean,5.04385271751872e-06,4.975236801669261e-06,-0.12372328142131508,-0.14802078866913704
stage2pp_geometry:stage2pp:occupancy:activation:hydrogen:all_200:entropy,4.760934164084611,0.17025951408990106,0.2253034975847258,0.2179346900976016
stage2pp_geometry:stage2pp:occupancy:activation:hydrogen:all_200:mass,2.9991990602685035,0.38194755157538907,0.2091278618606942,0.008952848834146326
stage2pp_geometry:stage2pp:occupancy:activation:hydrogen:all_200:peak,0.08553890694651888,0.025745727947046368,0.02772966124119702,-0.1281331105359981
stage2pp_geometry:stage2pp:occupancy:activation:hydrogen:all_200:variance_mean,3.823300054799856e-05,1.7880179604468537e-05,-0.11438485261993771,-0.17489597757194814
stage2pp_geometry:stage2pp:occupancy:activation:hydrogen:bottom_100:entropy,4.610458263039045,0.19450821398605234,-0.16984417510233174,-0.1334450077027474
stage2pp_geometry:stage2pp:occupancy:activation:hydrogen:bottom_100:mass,2.999473640511559,0.38437641459894506,0.18447927409074127,0.004730754690344059
stage2pp_geometry:stage2pp:occupancy:activation:hydrogen:bottom_100:peak,0.09000212603247444,0.025095226056328957,0.15058746590705602,0.0009844198921068182
stage2pp_geometry:stage2pp:occupancy:activation:hydrogen:bottom_100:variance_mean,1.8089312370533535e-05,2.2231041585805218e-05,-0.2927019797681908,-0.38878778992422935
stage2pp_geometry:stage2pp:occupancy:activation:hydrogen:top_100:entropy,4.6074075369287835,0.22502479235047385,0.25881017158450553,0.3215017753625749
stage2pp_geometry:stage2pp:occupancy:activation:hydrogen:top_100:mass,2.998924480025447,0.37980811764704936,0.23300618126283607,0.013218903504579249
stage2pp_geometry:stage2pp:occupancy:activation:hydrogen:top_100:peak,0.09139324869392873,0.03208813714360601,-0.01579050154012608,-0.23203807168298465
stage2pp_geometry:stage2pp:occupancy:activation:hydrogen:top_100:variance_mean,2.0873192345944797e-05,1.945436075045726e-05,0.14943206335533946,0.06855167602050254
stage2pp_geometry:stage2pp:occupancy:activation:reactive_c:all_200:entropy,2.1555867709047707,1.1512108063996357e-15,-0.2609314329936437,-0.16035441247093812
stage2pp_geometry:stage2pp:occupancy:activation:reactive_c:all_200:mass,0.21680589211391535,0.03374064050502101,-0.30558775935278076,-0.5779492864258051
stage2pp_geometry:stage2pp:occupancy:activation:reactive_c:all_200:peak,0.05239519403637604,0.008154056095686308,-0.3292897272392146,-0.5779492864258048
stage2pp_geometry:stage2pp:occupancy:activation:reactive_c:all_200:variance_mean,2.1528973223763753e-20,2.3504622137407382e-20,-0.2780668807797812,-0.22356600166583787
stage2pp_geometry:stage2pp:occupancy:activation:reactive_c:bottom_100:entropy,2.1555867709047707,1.3143840315653625e-15,0.30643961653790713,0.24453969247837282
stage2pp_geometry:stage2pp:occupancy:activation:reactive_c:bottom_100:mass,0.21680589211391543,0.033740640505021076,-0.3530545974514785,-0.5779492864258085
stage2pp_geometry:stage2pp:occupancy:activation:reactive_c:bottom_100:peak,0.05239519403637608,0.008154056095686358,-0.3565921621950792,-0.5779492864258107
stage2pp_geometry:stage2pp:occupancy:activation:reactive_c:bottom_100:variance_mean,1.4310396319862546e-20,2.246184329914307e-20,0.2095532986314964,0.09599632606956834
stage2pp_geometry:stage2pp:occupancy:activation:reactive_c:top_100:entropy,2.1555867709047707,4.165926057296536e-16,-0.11421739058860658,-0.2222006361771918
stage2pp_geometry:stage2pp:occupancy:activation:reactive_c:top_100:mass,0.21680589211391543,0.03374064050502097,-0.3998457385727778,-0.5779492864258057
stage2pp_geometry:stage2pp:occupancy:activation:reactive_c:top_100:peak,0.05239519403637607,0.008154056095686313,-0.4201504549659715,-0.5779492864258056
stage2pp_geometry:stage2pp:occupancy:activation:reactive_c:top_100:variance_mean,7.229889756830728e-21,1.3869495374181424e-20,-0.13672263528645753,-0.3552156087971004
stage2pp_geometry:stage2pp:occupancy:activation:reactive_h:all_200:entropy,2.3736271402133267,0.21723203133121022,-0.2149048746192769,-0.0970928990698417
stage2pp_geometry:stage2pp:occupancy:activation:reactive_h:all_200:mass,0.21550367585028668,0.03360382657390298,-0.28076282006711983,-0.5767863758545198
stage2pp_geometry:stage2pp:occupancy:activation:reactive_h:all_200:peak,0.043831434700021016,0.011035388244142512,-0.03966882094226796,-0.15531106441759682
stage2pp_geometry:stage2pp:occupancy:activation:reactive_h:all_200:variance_mean,1.6536577668985282e-06,1.5270225898330224e-06,-0.29578305323943493,-0.168217904020246
stage2pp_geometry:stage2pp:occupancy:activation:reactive_h:bottom_100:entropy,2.247782718659202,0.1689195142788499,-0.3335262032621752,-0.39846464191019476
stage2pp_geometry:stage2pp:occupancy:activation:reactive_h:bottom_100:mass,0.21547179384847115,0.033562472113945384,-0.37743150022740385,-0.5772915342218098
stage2pp_geometry:stage2pp:occupancy:activation:reactive_h:bottom_100:peak,0.04745196792545608,0.009898209235069181,0.041594491861795535,-0.05756380600207612
stage2pp_geometry:stage2pp:occupancy:activation:reactive_h:bottom_100:variance_mean,8.91540307633781e-07,1.3858171958254433e-06,-0.38551931808941964,-0.4195157858353949
stage2pp_geometry:stage2pp:occupancy:activation:reactive_h:top_100:entropy,2.294494713519869,0.2328724531473674,0.12940508579225277,-0.028683062162829568
stage2pp_geometry:stage2pp:occupancy:activation:reactive_h:top_100:mass,0.21553555785210207,0.03364594908909257,-0.2826884909866474,-0.5762693041748678
stage2pp_geometry:stage2pp:occupancy:activation:reactive_h:top_100:peak,0.0462094104293785,0.011296146568722128,-0.29462765068771835,-0.25492785587761024
stage2pp_geometry:stage2pp:occupancy:activation:reactive_h:top_100:variance_mean,9.692325509056151e-07,1.4797253684576971e-06,0.08126331280406349,-0.01098817841782229
stage2pp_geometry:stage2pp:occupancy:h_to_n:all_heavy:all_200:entropy,5.0021341395796295,0.13110430262064263,0.136337501102552,-0.009781554997217503
stage2pp_geometry:stage2pp:occupancy:h_to_n:all_heavy:all_200:mass,97.88242632224812,13.364386651071504,0.30695194457269476,0.46311622751336234
stage2pp_geometry:stage2pp:occupancy:h_to_n:all_heavy:all_200:peak,1.5791281803903419,0.29453103079735454,0.2688236603660489,0.45812024891040604
stage2pp_geometry:stage2pp:occupancy:h_to_n:all_heavy:all_200:variance_mean,0.02817420743488292,0.013073137721817294,0.3404586185724745,0.1523146505449364
stage2pp_geometry:stage2pp:occupancy:h_to_n:all_heavy:bottom_100:entropy,4.895216527498727,0.19482698911475824,-0.28923577211304113,-0.08989105014666474
stage2pp_geometry:stage2pp:occupancy:h_to_n:all_heavy:bottom_100:mass,97.83697394888486,13.386373260153785,0.3046411394692617,0.46382818029755457
stage2pp_geometry:stage2pp:occupancy:h_to_n:all_heavy:bottom_100:peak,1.785853819275227,0.3906439566504103,0.708646898386146,0.6117363473987985
stage2pp_geometry:stage2pp:occupancy:h_to_n:all_heavy:bottom_100:variance_mean,0.008801624954528495,0.011036843950950498,-0.3766612318595928,-0.4343706151736212
stage2pp_geometry:stage2pp:occupancy:h_to_n:all_heavy:top_100:entropy,4.811223982649391,0.22050183925259925,0.19295222613666257,0.06483351731445237
stage2pp_geometry:stage2pp:occupancy:h_to_n:all_heavy:top_100:mass,97.92787869561138,13.345142553080338,0.2907763088486632,0.4623069017935158
stage2pp_geometry:stage2pp:occupancy:h_to_n:all_heavy:top_100:peak,1.9967064294907797,0.5146414401396345,0.3358370083656083,0.4532308778224797
stage2pp_geometry:stage2pp:occupancy:h_to_n:all_heavy:top_100:variance_mean,0.016062004425603123,0.01744262538532556,0.21413460625146585,0.07524263647231108
stage2pp_geometry:stage2pp:occupancy:h_to_n:carbon:all_200:entropy,4.969244781050056,0.1408628552063334,0.07779710514891386,-0.06283857863277326
stage2pp_geometry:stage2pp:occupancy:h_to_n:carbon:all_200:mass,5.999917412684158,0.25299542992793517,-0.07741197096500835,-0.1278519617866283
stage2pp_geometry:stage2pp:occupancy:h_to_n:carbon:all_200:peak,0.10056094828377869,0.02039481653918075,-0.07202009239033114,0.05752089393744603
stage2pp_geometry:stage2pp:occupancy:h_to_n:carbon:all_200:variance_mean,0.00011105038042646046,5.228583909524821e-05,-0.010398622965448884,-0.18533224371189108
stage2pp_geometry:stage2pp:occupancy:h_to_n:carbon:bottom_100:entropy,4.856500208105052,0.2005947016953292,-0.31234382314737197,-0.1451290079063262
stage2pp_geometry:stage2pp:occupancy:h_to_n:carbon:bottom_100:mass,5.998258785119702,0.2550143401031549,-0.08588492301092966,-0.11605752760208744
stage2pp_geometry:stage2pp:occupancy:h_to_n:carbon:bottom_100:peak,0.11275095509101035,0.027494800328254167,0.30348573691754516,0.04445414113324009
stage2pp_geometry:stage2pp:occupancy:h_to_n:carbon:bottom_100:variance_mean,3.68621428083759e-05,5.076749191178535e-05,-0.4078571007559395,-0.5372961408499933
stage2pp_geometry:stage2pp:occupancy:h_to_n:carbon:top_100:entropy,4.775079708835781,0.22051383176683953,0.13479696436692995,0.018142089514209283
stage2pp_geometry:stage2pp:occupancy:h_to_n:carbon:top_100:mass,6.001576040248613,0.25133361093811313,-0.1089929740452605,-0.1396374728084717
stage2pp_geometry:stage2pp:occupancy:h_to_n:carbon:top_100:peak,0.1258669972513834,0.03473924885810039,0.043905296965228616,0.22707343486983336
stage2pp_geometry:stage2pp:occupancy:h_to_n:carbon:top_100:variance_mean,5.570346914165923e-05,5.889393532570065e-05,0.20527652002163904,0.06419667654651222
stage2pp_geometry:stage2pp:occupancy:h_to_n:halogen:all_200:entropy,0.5712238633244691,1.3308686508456413,-0.1043498699418221,0.09412714267922842
stage2pp_geometry:stage2pp:occupancy:h_to_n:halogen:all_200:mass,0.06476942965929852,0.15206845869949182,-0.1043498699418221,0.10318980836000866
stage2pp_geometry:stage2pp:occupancy:h_to_n:halogen:all_200:peak,0.005323846452375318,0.013128739302387069,-0.10073079930800168,0.10298921622849856
stage2pp_geometry:stage2pp:occupancy:h_to_n:halogen:all_200:variance_mean,1.4217803562354203e-06,3.908851273268631e-06,-0.1043498699418221,0.07779426340745373
stage2pp_geometry:stage2pp:occupancy:h_to_n:halogen:bottom_100:entropy,0.5488179486152753,1.275240144956247,-0.10615940525873231,0.09444653154384927
stage2pp_geometry:stage2pp:occupancy:h_to_n:halogen:bottom_100:mass,0.06466097551149126,0.15177499101362896,-0.1043498699418221,0.10316823378808743
stage2pp_geometry:stage2pp:occupancy:h_to_n:halogen:bottom_100:peak,0.005368548515020623,0.013271398663814807,-0.09831808555212139,0.10519479504728181
stage2pp_geometry:stage2pp:occupancy:h_to_n:halogen:bottom_100:variance_mean,1.2814345681776062e-06,3.524581693844131e-06,-0.10615940525873231,0.07567965907330895
stage2pp_geometry:stage2pp:occupancy:h_to_n:halogen:top_100:entropy,0.5240069836979884,1.2140211159954595,-0.1043498699418221,0.0965314857453675
stage2pp_geometry:stage2pp:occupancy:h_to_n:halogen:top_100:mass,0.06487788380710578,0.1523627541922025,-0.1001276208690316,0.103210739060864
stage2pp_geometry:stage2pp:occupancy:h_to_n:halogen:top_100:peak,0.005997753323009918,0.014221737266670526,-0.09831808555212139,0.10218184955596361
stage2pp_geometry:stage2pp:occupancy:h_to_n:halogen:top_100:variance_mean,1.0858901874054306e-06,2.9967414824368724e-06,-0.1043498699418221,0.0786646048766499
stage2pp_geometry:stage2pp:occupancy:h_to_n:hetero:all_200:entropy,3.131895062822458,1.2074750161879029,-0.16920411384410378,-0.045861351951800515
stage2pp_geometry:stage2pp:occupancy:h_to_n:hetero:all_200:mass,0.3886289029014903,0.18040232952639476,0.0,0.013755360885150327
stage2pp_geometry:stage2pp:occupancy:h_to_n:hetero:all_200:peak,0.03221307303128537,0.015492192583866459,-0.05164772495469227,0.01522947376471778
stage2pp_geometry:stage2pp:occupancy:h_to_n:hetero:all_200:variance_mean,8.3453880295338e-06,5.458297051475977e-06,-0.2674889635713167,-0.4037008341280909
stage2pp_geometry:stage2pp:occupancy:h_to_n:hetero:bottom_100:entropy,2.776697639116177,1.1201706553855009,-0.19310082240523005,-0.07478941137088001
stage2pp_geometry:stage2pp:occupancy:h_to_n:hetero:bottom_100:mass,0.3871417217855155,0.17882752630887416,-0.026209293260590107,0.00696531086937417
stage2pp_geometry:stage2pp:occupancy:h_to_n:hetero:bottom_100:peak,0.04197956933595619,0.022133130613750072,0.1719021293268116,0.09918061992535496
stage2pp_geometry:stage2pp:occupancy:h_to_n:hetero:bottom_100:variance_mean,4.266943809197836e-06,5.695494417237757e-06,-0.31374065756059333,-0.3848733319793098
stage2pp_geometry:stage2pp:occupancy:h_to_n:hetero:top_100:entropy,2.8747882296553264,1.1493117055576811,0.12526500455429096,0.0502517053761444
stage2pp_geometry:stage2pp:occupancy:h_to_n:hetero:top_100:mass,0.39011608401746506,0.18209932048809024,-0.012719215847051083,0.020414183708144948
stage2pp_geometry:stage2pp:occupancy:h_to_n:hetero:top_100:peak,0.03890015500009099,0.021215491869310328,0.0038543078324397217,-0.07439540216631453
stage2pp_geometry:stage2pp:occupancy:h_to_n:hetero:top_100:variance_mean,5.286493285328026e-06,4.949596261979372e-06,-0.06822124863418308,-0.08960989435446814
stage2pp_geometry:stage2pp:occupancy:h_to_n:hydrogen:all_200:entropy,4.839789310674456,0.1634274970809007,0.05699985921801609,0.006052888232465886
stage2pp_geometry:stage2pp:occupancy:h_to_n:hydrogen:all_200:mass,2.892157021485913,0.37523537714365035,0.20219544655039495,0.05647418442493322
stage2pp_geometry:stage2pp:occupancy:h_to_n:hydrogen:all_200:peak,0.08170737722664521,0.026453098651894286,0.2799925516993088,0.0927513971101881
stage2pp_geometry:stage2pp:occupancy:h_to_n:hydrogen:all_200:variance_mean,4.1387913912123465e-05,2.0416853238498934e-05,-0.20758732512507214,-0.31299346423874713
stage2pp_geometry:stage2pp:occupancy:h_to_n:hydrogen:bottom_100:entropy,4.67419654289937,0.21567435087781797,-0.2927019797681908,-0.19390151333891392
stage2pp_geometry:stage2pp:occupancy:h_to_n:hydrogen:bottom_100:mass,2.892858064012778,0.37465182222247906,0.21182380114803276,0.06531062206451481
stage2pp_geometry:stage2pp:occupancy:h_to_n:hydrogen:bottom_100:peak,0.09016165390282678,0.03192796184245171,0.26266151342356064,0.08046334504880862
stage2pp_geometry:stage2pp:occupancy:h_to_n:hydrogen:bottom_100:variance_mean,2.0328734375554395e-05,2.619392965939223e-05,-0.36087073031946676,-0.464143256171799
stage2pp_geometry:stage2pp:occupancy:h_to_n:hydrogen:top_100:entropy,4.660037417307579,0.22498319012888884,0.3057965420209782,0.27405794313662185
stage2pp_geometry:stage2pp:occupancy:h_to_n:hydrogen:top_100:mass,2.8914559789590477,0.37592985323558603,0.18216846898730818,0.047651124437195824
stage2pp_geometry:stage2pp:occupancy:h_to_n:hydrogen:top_100:peak,0.0889704302173178,0.025754972124732642,0.07741197096500835,-0.05824880981583113
stage2pp_geometry:stage2pp:occupancy:h_to_n:hydrogen:top_100:variance_mean,2.312412896810067e-05,2.3117959537210144e-05,0.18948601848151297,0.13866787089570487
stage2pp_geometry:stage2pp:occupancy:h_to_n:reactive_c:all_200:entropy,2.932254416419555,0.1378518610008872,-0.18101306643559165,-0.07730370780575109
stage2pp_geometry:stage2pp:occupancy:h_to_n:reactive_c:all_200:mass,0.4253419497255671,0.0661791254907136,-0.3323708007104587,-0.5685394202038982
stage2pp_geometry:stage2pp:occupancy:h_to_n:reactive_c:all_200:peak,0.051559151231885904,0.011339755275081347,-0.055844456666299544,-0.2551780241233207
stage2pp_geometry:stage2pp:occupancy:h_to_n:reactive_c:all_200:variance_mean,2.3439196505119146e-06,2.238696174648371e-06,-0.3204316410093878,-0.15761861543561909
stage2pp_geometry:stage2pp:occupancy:h_to_n:reactive_c:bottom_100:entropy,2.8496792581016024,0.10329632501650506,-0.3134992256990885,-0.3661519454345262
stage2pp_geometry:stage2pp:occupancy:h_to_n:reactive_c:bottom_100:mass,0.42583162116815615,0.06564810872444483,-0.3512423757218289,-0.5693952293842716
stage2pp_geometry:stage2pp:occupancy:h_to_n:reactive_c:bottom_100:peak,0.05483722304252599,0.010030523216577101,-0.030425600528535615,-0.20384124314538674
stage2pp_geometry:stage2pp:occupancy:h_to_n:reactive_c:bottom_100:variance_mean,1.1805883177373308e-06,1.9006336451232495e-06,-0.38205311043427004,-0.3998262025859351
stage2pp_geometry:stage2pp:occupancy:h_to_n:reactive_c:top_100:entropy,2.8852725047901755,0.1533682120091144,0.11785106027508735,-0.033234028951004684
stage2pp_geometry:stage2pp:occupancy:h_to_n:reactive_c:top_100:mass,0.4248522782829781,0.06674910714947273,-0.3277491905035925,-0.5673658414872582
stage2pp_geometry:stage2pp:occupancy:h_to_n:reactive_c:top_100:peak,0.05339906835096689,0.012547752662675576,-0.26728312363042683,-0.3267428429988046
stage2pp_geometry:stage2pp:occupancy:h_to_n:reactive_c:top_100:variance_mean,1.4631385017584562e-06,2.3057176929158912e-06,0.06662821381565395,-0.03274065003805853
stage2pp_geometry:stage2pp:occupancy:h_to_n:reactive_h:all_200:entropy,1.4538945556174414,1.721096365432482e-15,0.08185333676303856,-0.07257440530516283
stage2pp_geometry:stage2pp:occupancy:h_to_n:reactive_h:all_200:mass,0.1079123969327073,0.01679397803925233,-0.3081822608594238,-0.5779492864258038
stage2pp_geometry:stage2pp:occupancy:h_to_n:reactive_h:all_200:peak,0.04113477945638068,0.0064016424662564795,-0.3165094899170523,-0.5779492864258037
stage2pp_geometry:stage2pp:occupancy:h_to_n:reactive_h:all_200:variance_mean,1.092588857454506e-20,1.9175125289074424e-20,-0.09828484972721291,-0.12570764256990954
stage2pp_geometry:stage2pp:occupancy:h_to_n:reactive_h:bottom_100:entropy,1.4538945556174414,1.0175362097255202e-15,0.2797225148314042,0.2278816062925397
stage2pp_geometry:stage2pp:occupancy:h_to_n:reactive_h:bottom_100:mass,0.10791239693270725,0.016793978039252287,-0.3851937607732193,-0.5779492864258066
stage2pp_geometry:stage2pp:occupancy:h_to_n:reactive_h:bottom_100:peak,0.04113477945638066,0.006401642466256463,-0.43052618488351696,-0.5779492864258072
stage2pp_geometry:stage2pp:occupancy:h_to_n:reactive_h:bottom_100:variance_mean,6.89509171262234e-21,9.904725570408702e-21,-0.10254434069609844,-0.13059329702687836
stage2pp_geometry:stage2pp:occupancy:h_to_n:reactive_h:top_100:entropy,1.453894555617442,7.881801588859915e-16,0.07367408264229766,0.05721716407082548
stage2pp_geometry:stage2pp:occupancy:h_to_n:reactive_h:top_100:mass,0.1079123969327073,0.01679397803925236,-0.3069365073448801,-0.5779492864258055
stage2pp_geometry:stage2pp:occupancy:h_to_n:reactive_h:top_100:peak,0.04113477945638066,0.006401642466256494,-0.343220568162984,-0.5779492864258056
stage2pp_geometry:stage2pp:occupancy:h_to_n:reactive_h:top_100:variance_mean,6.710316769134735e-21,1.0701518617712965e-20,-0.23747110476991218,-0.42040953523541164
stage2pp_geometry:stage2pp:occupancy:heavy_atom_count,15.32,2.0536796244789493,0.42275765323393005,0.5087067965271014
stage2pp_geometry:stage2pp:occupancy:n_to_h:all_heavy:all_200:entropy,4.99201550403522,0.1295866959906111,0.21529000880318241,0.11243730921502508
stage2pp_geometry:stage2pp:occupancy:n_to_h:all_heavy:all_200:mass,97.86731526359205,13.354394666258369,0.30695194457269476,0.4624604221285809
stage2pp_geometry:stage2pp:occupancy:n_to_h:all_heavy:all_200:peak,1.557184016601372,0.2737510747953465,0.3539383150091675,0.5223237331473763
stage2pp_geometry:stage2pp:occupancy:n_to_h:all_heavy:all_200:variance_mean,0.02798376080749372,0.014171488365481736,0.39129633084800236,0.25165552126485435
stage2pp_geometry:stage2pp:occupancy:n_to_h:all_heavy:bottom_100:entropy,4.882959608548351,0.18133863393504987,-0.2476412802512456,-0.014433262547114665
stage2pp_geometry:stage2pp:occupancy:n_to_h:all_heavy:bottom_100:mass,97.81094891487535,13.375160723244958,0.30772221294050583,0.46294281110918795
stage2pp_geometry:stage2pp:occupancy:n_to_h:all_heavy:bottom_100:peak,1.7640743381343449,0.35832923512810877,0.6974780070528861,0.6289762467998598
stage2pp_geometry:stage2pp:occupancy:n_to_h:all_heavy:bottom_100:variance_mean,0.007943397596130991,0.00984101200162694,-0.3057965420209782,-0.32152526806777354
stage2pp_geometry:stage2pp:occupancy:n_to_h:all_heavy:top_100:entropy,4.816022580676889,0.2210772701273546,0.2260737659525368,0.08853924012460727
stage2pp_geometry:stage2pp:occupancy:n_to_h:all_heavy:top_100:mass,97.92368161230874,13.336447587812339,0.29578305323943493,0.4618788807472267
stage2pp_geometry:stage2pp:occupancy:n_to_h:all_heavy:top_100:peak,1.9318912119120566,0.5176327311313189,0.21297920369974932,0.43690980935171614
stage2pp_geometry:stage2pp:occupancy:n_to_h:all_heavy:top_100:variance_mean,0.01802121632562899,0.019752521214632036,0.20566165420554455,0.10736431341226703
stage2pp_geometry:stage2pp:occupancy:n_to_h:carbon:all_200:entropy,4.95994859535872,0.13247011241069817,0.18601981082636332,0.05319826699340799
stage2pp_geometry:stage2pp:occupancy:n_to_h:carbon:all_200:mass,5.998910018040894,0.25479508991312083,-0.09127680158560686,-0.12947552010829125
stage2pp_geometry:stage2pp:occupancy:n_to_h:carbon:all_200:peak,0.0996352350502157,0.018839361141068694,-0.015020233172315054,0.09550875286405014
stage2pp_geometry:stage2pp:occupancy:n_to_h:carbon:all_200:variance_mean,0.00011086349747009813,5.676863067906563e-05,0.1305604883439693,-0.08546406676176208
stage2pp_geometry:stage2pp:occupancy:n_to_h:carbon:bottom_100:entropy,4.840892032761198,0.18276634022595178,-0.2823033568027419,-0.06967123195945452
stage2pp_geometry:stage2pp:occupancy:n_to_h:carbon:bottom_100:mass,5.996568817342163,0.25868199673152853,-0.08318898372359107,-0.1173024818665622
stage2pp_geometry:stage2pp:occupancy:n_to_h:carbon:bottom_100:peak,0.11134738823563868,0.026617706949856625,0.2649723185269937,0.04436598961273862
stage2pp_geometry:stage2pp:occupancy:n_to_h:carbon:bottom_100:variance_mean,3.27024175483389e-05,4.664788446436851e-05,-0.3493167048023013,-0.47592458397420967
stage2pp_geometry:stage2pp:occupancy:n_to_h:carbon:top_100:entropy,4.780919085812033,0.21703794677029634,0.11823619445899283,0.038191214525533854
stage2pp_geometry:stage2pp:occupancy:n_to_h:carbon:top_100:mass,6.001251218739624,0.2512294106966689,-0.11168891333259909,-0.14184411468966113
stage2pp_geometry:stage2pp:occupancy:n_to_h:carbon:top_100:peak,0.12328831964856607,0.035224730814966056,0.02002697756308674,0.21658775879540912
stage2pp_geometry:stage2pp:occupancy:n_to_h:carbon:top_100:variance_mean,6.282317647058159e-05,6.706829716606301e-05,0.190256286849324,0.0898453415080917
stage2pp_geometry:stage2pp:occupancy:n_to_h:halogen:all_200:entropy,0.5731880597628115,1.3356025669228482,-0.10615940525873231,0.09495880035190755
stage2pp_geometry:stage2pp:occupancy:n_to_h:halogen:all_200:mass,0.06488322451663774,0.15231920225844897,-0.1001276208690316,0.10325240109139608
stage2pp_geometry:stage2pp:occupancy:n_to_h:halogen:all_200:peak,0.005134143739129946,0.012487339398719726,-0.10073079930800168,0.10387074113197328
stage2pp_geometry:stage2pp:occupancy:n_to_h:halogen:all_200:variance_mean,1.4352937424391925e-06,3.936496753089625e-06,-0.1043498699418221,0.07836288461005621
stage2pp_geometry:stage2pp:occupancy:n_to_h:halogen:bottom_100:entropy,0.557412359621005,1.298348269901586,-0.10615940525873231,0.09509967639144984
stage2pp_geometry:stage2pp:occupancy:n_to_h:halogen:bottom_100:mass,0.06478195606899034,0.1520392210086629,-0.1001276208690316,0.10322022995520809
stage2pp_geometry:stage2pp:occupancy:n_to_h:halogen:bottom_100:peak,0.004961492773881764,0.012663432513294652,-0.10073079930800168,0.10166954285218849
stage2pp_geometry:stage2pp:occupancy:n_to_h:halogen:bottom_100:variance_mean,1.3361290825407145e-06,3.7116503840753486e-06,-0.10615940525873231,0.07607642591250395
stage2pp_geometry:stage2pp:occupancy:n_to_h:halogen:top_100:entropy,0.5230660993701894,1.2107053307817264,-0.1043498699418221,0.09652565780543156
stage2pp_geometry:stage2pp:occupancy:n_to_h:halogen:top_100:mass,0.06498449296428514,0.15260010938079935,-0.1001276208690316,0.10328382751657411
stage2pp_geometry:stage2pp:occupancy:n_to_h:halogen:top_100:peak,0.005876810711560943,0.013870869735702644,-0.10495304838079217,0.10085524864084323
stage2pp_geometry:stage2pp:occupancy:n_to_h:halogen:top_100:variance_mean,1.0785912962381028e-06,2.9733742944897217e-06,-0.1043498699418221,0.0784433635453118
stage2pp_geometry:stage2pp:occupancy:n_to_h:hetero:all_200:entropy,3.1112569244422583,1.2031839946462208,-0.09327424954504125,-0.05334869812082114
stage2pp_geometry:stage2pp:occupancy:n_to_h:hetero:all_200:mass,0.38877753820324934,0.18035667001556188,-0.010406631147587251,0.012543824513804853
stage2pp_geometry:stage2pp:occupancy:n_to_h:hetero:all_200:peak,0.032519404228133736,0.015455937243201226,0.04047023224061708,0.10212778032974887
stage2pp_geometry:stage2pp:occupancy:n_to_h:hetero:all_200:variance_mean,8.063554329872557e-06,5.3178908523157584e-06,-0.2759684408026841,-0.42316525153879686
stage2pp_geometry:stage2pp:occupancy:n_to_h:hetero:bottom_100:entropy,2.7939119595948445,1.1280780969599289,-0.27519757923619614,-0.11780354100343426
stage2pp_geometry:stage2pp:occupancy:n_to_h:hetero:bottom_100:mass,0.38729584292364166,0.17870030724234606,-0.017344385245978748,0.005659204672790355
stage2pp_geometry:stage2pp:occupancy:n_to_h:hetero:bottom_100:peak,0.041058531101377194,0.022238291693291647,0.18346505282413075,0.1938130831861594
stage2pp_geometry:stage2pp:occupancy:n_to_h:hetero:bottom_100:variance_mean,4.244367507893696e-06,5.581229840289294e-06,-0.34842942805255084,-0.4639623637233241
stage2pp_geometry:stage2pp:occupancy:n_to_h:hetero:top_100:entropy,2.8557948622422766,1.1443751248997476,0.020813262295174502,0.047288556481652255
stage2pp_geometry:stage2pp:occupancy:n_to_h:hetero:top_100:mass,0.390259233482857,0.18214633736590055,-0.03931393989088516,0.019289013845532593
stage2pp_geometry:stage2pp:occupancy:n_to_h:hetero:top_100:peak,0.04014364462312057,0.020870132962573555,0.06475237158498733,-0.025932363729225357
stage2pp_geometry:stage2pp:occupancy:n_to_h:hetero:top_100:variance_mean,5.144487202464946e-06,5.056310151000115e-06,-0.06745038706769513,-0.09237081082274709
stage2pp_geometry:stage2pp:occupancy:n_to_h:hydrogen:all_200:entropy,4.828338993328192,0.1665357230506988,-0.04043908931007899,-0.02618871886587821
stage2pp_geometry:stage2pp:occupancy:n_to_h:hydrogen:all_200:mass,2.882034921261577,0.37220110320461497,0.21182380114803276,0.03982522610642261
stage2pp_geometry:stage2pp:occupancy:n_to_h:hydrogen:all_200:peak,0.08171710659564661,0.028169596328583228,0.34084375275638007,0.1711823012600365
stage2pp_geometry:stage2pp:occupancy:n_to_h:hydrogen:all_200:variance_mean,4.011557594951861e-05,1.9679902103218445e-05,-0.2746006731246316,-0.37986348387430846
stage2pp_geometry:stage2pp:occupancy:n_to_h:hydrogen:bottom_100:entropy,4.669612953609319,0.2227183215596864,-0.29462765068771835,-0.18470303656617726
stage2pp_geometry:stage2pp:occupancy:n_to_h:hydrogen:bottom_100:mass,2.8754511721899085,0.3691489391569837,0.19449276287228462,0.03425044606829464
stage2pp_geometry:stage2pp:occupancy:n_to_h:hydrogen:bottom_100:peak,0.08944346893472513,0.031211355211177235,0.31696543335423816,0.138156321077848
stage2pp_geometry:stage2pp:occupancy:n_to_h:hydrogen:bottom_100:variance_mean,2.1026145086805683e-05,2.7130195020082432e-05,-0.34854643643449024,-0.43502676913246363
stage2pp_geometry:stage2pp:occupancy:n_to_h:hydrogen:top_100:entropy,4.650568623531445,0.22367987567725192,0.29039117466475767,0.2672793537808397
stage2pp_geometry:stage2pp:occupancy:n_to_h:hydrogen:top_100:mass,2.8886186703332455,0.3763593720084605,0.19834410471133979,0.045176157728897284
stage2pp_geometry:stage2pp:occupancy:n_to_h:hydrogen:top_100:peak,0.08699157390830609,0.028903629508818893,0.19603329960790672,0.008940733180994403
stage2pp_geometry:stage2pp:occupancy:n_to_h:hydrogen:top_100:variance_mean,2.19835827487358e-05,2.2107664338496433e-05,0.15983068632078837,0.11792536303539229
stage2pp_geometry:stage2pp:occupancy:n_to_h:reactive_c:all_200:entropy,2.9020319515570536,0.14135471562305368,-0.17369551694138685,-0.10735271948301438
stage2pp_geometry:stage2pp:occupancy:n_to_h:reactive_c:all_200:mass,0.42554768369195883,0.06644460914320983,-0.32428298284844287,-0.5688722772628024
stage2pp_geometry:stage2pp:occupancy:n_to_h:reactive_c:all_200:peak,0.05366187593495785,0.012747641821524734,-0.06085120105707123,-0.3145884042825229
stage2pp_geometry:stage2pp:occupancy:n_to_h:reactive_c:all_200:variance_mean,1.8401173155867145e-06,2.280159509582209e-06,-0.29501278487162386,-0.16661833766519416
stage2pp_geometry:stage2pp:occupancy:n_to_h:reactive_c:bottom_100:entropy,2.8878387158174803,0.15101373021889228,-0.35740452266431716,-0.17388253167066542
stage2pp_geometry:stage2pp:occupancy:n_to_h:reactive_c:bottom_100:mass,0.42584979495990416,0.06593766021359833,-0.3354518741817028,-0.5682434977493778
stage2pp_geometry:stage2pp:occupancy:n_to_h:reactive_c:bottom_100:peak,0.05448757736175795,0.013186138749034558,0.025418856137763936,-0.2849212392559823
stage2pp_geometry:stage2pp:occupancy:n_to_h:reactive_c:bottom_100:variance_mean,1.6337861619823401e-06,2.458933209865263e-06,-0.3593301935838447,-0.21931068883819105
stage2pp_geometry:stage2pp:occupancy:n_to_h:reactive_c:top_100:entropy,2.8456651010225857,0.11646169448006737,0.02041211174699225,0.24454990084066236
stage2pp_geometry:stage2pp:occupancy:n_to_h:reactive_c:top_100:mass,0.42524557242401345,0.06699215177443807,-0.3281343246874981,-0.5691464529376787
stage2pp_geometry:stage2pp:occupancy:n_to_h:reactive_c:top_100:peak,0.056782411791075384,0.013196661522254679,-0.3847490497216086,-0.5206724565376043
stage2pp_geometry:stage2pp:occupancy:n_to_h:reactive_c:top_100:variance_mean,8.753165556268984e-07,1.5940773347455532e-06,0.15636447866563874,0.23181665250835157
stage2pp_geometry:stage2pp:occupancy:n_to_h:reactive_h:all_200:entropy,1.7806272578750568,0.2930718886406678,-0.2149048746192769,-0.06470213103467509
stage2pp_geometry:stage2pp:occupancy:n_to_h:reactive_h:all_200:mass,0.10786436284826159,0.016872669304567166,-0.30695194457269476,-0.5776491951939882
stage2pp_geometry:stage2pp:occupancy:n_to_h:reactive_h:all_200:peak,0.039531278753205126,0.01288411724668901,-0.1309456225278748,-0.33937449751207377
stage2pp_geometry:stage2pp:occupancy:n_to_h:reactive_h:all_200:variance_mean,1.0098343083903145e-06,8.890155738078225e-07,-0.27228986802119853,-0.13227727379914028
stage2pp_geometry:stage2pp:occupancy:n_to_h:reactive_h:bottom_100:entropy,1.660391760255537,0.2838478872071688,-0.3685734139975771,-0.27706909405959373
stage2pp_geometry:stage2pp:occupancy:n_to_h:reactive_h:bottom_100:mass,0.10789239131221214,0.016852044059240415,-0.31966137264157674,-0.5768382920389822
stage2pp_geometry:stage2pp:occupancy:n_to_h:reactive_h:bottom_100:peak,0.042017131682719394,0.012414216016085248,0.01001348878154337,-0.2309898006252989
stage2pp_geometry:stage2pp:occupancy:n_to_h:reactive_h:bottom_100:variance_mean,6.700258424633161e-07,9.195670503494333e-07,-0.36048559613556125,-0.3364005345205309
stage2pp_geometry:stage2pp:occupancy:n_to_h:reactive_h:top_100:entropy,1.6678443534630492,0.2979885597650785,0.07433089749376422,0.08748345482427806
stage2pp_geometry:stage2pp:occupancy:n_to_h:reactive_h:top_100:mass,0.10783633438431106,0.016893706912497794,-0.2977087241589624,-0.5784439985393541
stage2pp_geometry:stage2pp:occupancy:n_to_h:reactive_h:top_100:peak,0.04227014067373443,0.01454049772624284,-0.3674180114458605,-0.47172953630581227
stage2pp_geometry:stage2pp:occupancy:n_to_h:reactive_h:top_100:variance_mean,6.277263325668259e-07,8.527232792527075e-07,0.1386483062059851,0.11217547474222779
stage2pp_geometry:stage2pp:occupancy:nitrene:all_heavy:all_200:entropy,4.99201550403522,0.1295866959906111,0.21529000880318241,0.11243730921502508
stage2pp_geometry:stage2pp:occupancy:nitrene:all_heavy:all_200:mass,97.86731526359205,13.354394666258369,0.30695194457269476,0.4624604221285809
stage2pp_geometry:stage2pp:occupancy:nitrene:all_heavy:all_200:peak,1.557184016601372,0.2737510747953465,0.3539383150091675,0.5223237331473763
stage2pp_geometry:stage2pp:occupancy:nitrene:all_heavy:all_200:variance_mean,0.02798376080749372,0.014171488365481736,0.39129633084800236,0.25165552126485435
stage2pp_geometry:stage2pp:occupancy:nitrene:all_heavy:bottom_100:entropy,4.882959608548351,0.18133863393504987,-0.2476412802512456,-0.014433262547114665
stage2pp_geometry:stage2pp:occupancy:nitrene:all_heavy:bottom_100:mass,97.81094891487535,13.375160723244958,0.30772221294050583,0.46294281110918795
stage2pp_geometry:stage2pp:occupancy:nitrene:all_heavy:bottom_100:peak,1.7640743381343449,0.35832923512810877,0.6974780070528861,0.6289762467998598
stage2pp_geometry:stage2pp:occupancy:nitrene:all_heavy:bottom_100:variance_mean,0.007943397596130991,0.00984101200162694,-0.3057965420209782,-0.32152526806777354
stage2pp_geometry:stage2pp:occupancy:nitrene:all_heavy:top_100:entropy,4.816022580676889,0.2210772701273546,0.2260737659525368,0.08853924012460727
stage2pp_geometry:stage2pp:occupancy:nitrene:all_heavy:top_100:mass,97.92368161230874,13.336447587812339,0.29578305323943493,0.4618788807472267
stage2pp_geometry:stage2pp:occupancy:nitrene:all_heavy:top_100:peak,1.9318912119120566,0.5176327311313189,0.21297920369974932,0.43690980935171614
stage2pp_geometry:stage2pp:occupancy:nitrene:all_heavy:top_100:variance_mean,0.01802121632562899,0.019752521214632036,0.20566165420554455,0.10736431341226703
stage2pp_geometry:stage2pp:occupancy:nitrene:carbon:all_200:entropy,4.95994859535872,0.13247011241069817,0.18601981082636332,0.05319826699340799
stage2pp_geometry:stage2pp:occupancy:nitrene:carbon:all_200:mass,5.998910018040894,0.25479508991312083,-0.09127680158560686,-0.12947552010829125
stage2pp_geometry:stage2pp:occupancy:nitrene:carbon:all_200:peak,0.0996352350502157,0.018839361141068694,-0.015020233172315054,0.09550875286405014
stage2pp_geometry:stage2pp:occupancy:nitrene:carbon:all_200:variance_mean,0.00011086349747009813,5.676863067906563e-05,0.1305604883439693,-0.08546406676176208
stage2pp_geometry:stage2pp:occupancy:nitrene:carbon:bottom_100:entropy,4.840892032761198,0.18276634022595178,-0.2823033568027419,-0.06967123195945452
stage2pp_geometry:stage2pp:occupancy:nitrene:carbon:bottom_100:mass,5.996568817342163,0.25868199673152853,-0.08318898372359107,-0.1173024818665622
stage2pp_geometry:stage2pp:occupancy:nitrene:carbon:bottom_100:peak,0.11134738823563868,0.026617706949856625,0.2649723185269937,0.04436598961273862
stage2pp_geometry:stage2pp:occupancy:nitrene:carbon:bottom_100:variance_mean,3.27024175483389e-05,4.664788446436851e-05,-0.3493167048023013,-0.47592458397420967
stage2pp_geometry:stage2pp:occupancy:nitrene:carbon:top_100:entropy,4.780919085812033,0.21703794677029634,0.11823619445899283,0.038191214525533854
stage2pp_geometry:stage2pp:occupancy:nitrene:carbon:top_100:mass,6.001251218739624,0.2512294106966689,-0.11168891333259909,-0.14184411468966113
stage2pp_geometry:stage2pp:occupancy:nitrene:carbon:top_100:peak,0.12328831964856607,0.035224730814966056,0.02002697756308674,0.21658775879540912
stage2pp_geometry:stage2pp:occupancy:nitrene:carbon:top_100:variance_mean,6.282317647058159e-05,6.706829716606301e-05,0.190256286849324,0.0898453415080917
stage2pp_geometry:stage2pp:occupancy:nitrene:halogen:all_200:entropy,0.5731880597628115,1.3356025669228482,-0.10615940525873231,0.09495880035190755
stage2pp_geometry:stage2pp:occupancy:nitrene:halogen:all_200:mass,0.06488322451663774,0.15231920225844897,-0.1001276208690316,0.10325240109139608
stage2pp_geometry:stage2pp:occupancy:nitrene:halogen:all_200:peak,0.005134143739129946,0.012487339398719726,-0.10073079930800168,0.10387074113197328
stage2pp_geometry:stage2pp:occupancy:nitrene:halogen:all_200:variance_mean,1.4352937424391925e-06,3.936496753089625e-06,-0.1043498699418221,0.07836288461005621
stage2pp_geometry:stage2pp:occupancy:nitrene:halogen:bottom_100:entropy,0.557412359621005,1.298348269901586,-0.10615940525873231,0.09509967639144984
stage2pp_geometry:stage2pp:occupancy:nitrene:halogen:bottom_100:mass,0.06478195606899034,0.1520392210086629,-0.1001276208690316,0.10322022995520809
stage2pp_geometry:stage2pp:occupancy:nitrene:halogen:bottom_100:peak,0.004961492773881764,0.012663432513294652,-0.10073079930800168,0.10166954285218849
stage2pp_geometry:stage2pp:occupancy:nitrene:halogen:bottom_100:variance_mean,1.3361290825407145e-06,3.7116503840753486e-06,-0.10615940525873231,0.07607642591250395
stage2pp_geometry:stage2pp:occupancy:nitrene:halogen:top_100:entropy,0.5230660993701894,1.2107053307817264,-0.1043498699418221,0.09652565780543156
stage2pp_geometry:stage2pp:occupancy:nitrene:halogen:top_100:mass,0.06498449296428514,0.15260010938079935,-0.1001276208690316,0.10328382751657411
stage2pp_geometry:stage2pp:occupancy:nitrene:halogen:top_100:peak,0.005876810711560943,0.013870869735702644,-0.10495304838079217,0.10085524864084323
stage2pp_geometry:stage2pp:occupancy:nitrene:halogen:top_100:variance_mean,1.0785912962381028e-06,2.9733742944897217e-06,-0.1043498699418221,0.0784433635453118
stage2pp_geometry:stage2pp:occupancy:nitrene:hetero:all_200:entropy,3.1112569244422583,1.2031839946462208,-0.09327424954504125,-0.05334869812082114
stage2pp_geometry:stage2pp:occupancy:nitrene:hetero:all_200:mass,0.38877753820324934,0.18035667001556188,-0.010406631147587251,0.012543824513804853
stage2pp_geometry:stage2pp:occupancy:nitrene:hetero:all_200:peak,0.032519404228133736,0.015455937243201226,0.04047023224061708,0.10212778032974887
stage2pp_geometry:stage2pp:occupancy:nitrene:hetero:all_200:variance_mean,8.063554329872557e-06,5.3178908523157584e-06,-0.2759684408026841,-0.42316525153879686
stage2pp_geometry:stage2pp:occupancy:nitrene:hetero:bottom_100:entropy,2.7939119595948445,1.1280780969599289,-0.27519757923619614,-0.11780354100343426
stage2pp_geometry:stage2pp:occupancy:nitrene:hetero:bottom_100:mass,0.38729584292364166,0.17870030724234606,-0.017344385245978748,0.005659204672790355
stage2pp_geometry:stage2pp:occupancy:nitrene:hetero:bottom_100:peak,0.041058531101377194,0.022238291693291647,0.18346505282413075,0.1938130831861594
stage2pp_geometry:stage2pp:occupancy:nitrene:hetero:bottom_100:variance_mean,4.244367507893696e-06,5.581229840289294e-06,-0.34842942805255084,-0.4639623637233241
stage2pp_geometry:stage2pp:occupancy:nitrene:hetero:top_100:entropy,2.8557948622422766,1.1443751248997476,0.020813262295174502,0.047288556481652255
stage2pp_geometry:stage2pp:occupancy:nitrene:hetero:top_100:mass,0.390259233482857,0.18214633736590055,-0.03931393989088516,0.019289013845532593
stage2pp_geometry:stage2pp:occupancy:nitrene:hetero:top_100:peak,0.04014364462312057,0.020870132962573555,0.06475237158498733,-0.025932363729225357
stage2pp_geometry:stage2pp:occupancy:nitrene:hetero:top_100:variance_mean,5.144487202464946e-06,5.056310151000115e-06,-0.06745038706769513,-0.09237081082274709
stage2pp_geometry:stage2pp:occupancy:nitrene:hydrogen:all_200:entropy,4.828338993328192,0.1665357230506988,-0.04043908931007899,-0.02618871886587821
stage2pp_geometry:stage2pp:occupancy:nitrene:hydrogen:all_200:mass,2.882034921261577,0.37220110320461497,0.21182380114803276,0.03982522610642261
stage2pp_geometry:stage2pp:occupancy:nitrene:hydrogen:all_200:peak,0.08171710659564661,0.028169596328583228,0.34084375275638007,0.1711823012600365
stage2pp_geometry:stage2pp:occupancy:nitrene:hydrogen:all_200:variance_mean,4.011557594951861e-05,1.9679902103218445e-05,-0.2746006731246316,-0.37986348387430846
stage2pp_geometry:stage2pp:occupancy:nitrene:hydrogen:bottom_100:entropy,4.669612953609319,0.2227183215596864,-0.29462765068771835,-0.18470303656617726
stage2pp_geometry:stage2pp:occupancy:nitrene:hydrogen:bottom_100:mass,2.8754511721899085,0.3691489391569837,0.19449276287228462,0.03425044606829464
stage2pp_geometry:stage2pp:occupancy:nitrene:hydrogen:bottom_100:peak,0.08944346893472513,0.031211355211177235,0.31696543335423816,0.138156321077848
stage2pp_geometry:stage2pp:occupancy:nitrene:hydrogen:bottom_100:variance_mean,2.1026145086805683e-05,2.7130195020082432e-05,-0.34854643643449024,-0.43502676913246363
stage2pp_geometry:stage2pp:occupancy:nitrene:hydrogen:top_100:entropy,4.650568623531445,0.22367987567725192,0.29039117466475767,0.2672793537808397
stage2pp_geometry:stage2pp:occupancy:nitrene:hydrogen:top_100:mass,2.8886186703332455,0.3763593720084605,0.19834410471133979,0.045176157728897284
stage2pp_geometry:stage2pp:occupancy:nitrene:hydrogen:top_100:peak,0.08699157390830609,0.028903629508818893,0.19603329960790672,0.008940733180994403
stage2pp_geometry:stage2pp:occupancy:nitrene:hydrogen:top_100:variance_mean,2.19835827487358e-05,2.2107664338496433e-05,0.15983068632078837,0.11792536303539229
stage2pp_geometry:stage2pp:occupancy:nitrene:reactive_c:all_200:entropy,2.9020319515570536,0.14135471562305368,-0.17369551694138685,-0.10735271948301438
stage2pp_geometry:stage2pp:occupancy:nitrene:reactive_c:all_200:mass,0.42554768369195883,0.06644460914320983,-0.32428298284844287,-0.5688722772628024
stage2pp_geometry:stage2pp:occupancy:nitrene:reactive_c:all_200:peak,0.05366187593495785,0.012747641821524734,-0.06085120105707123,-0.3145884042825229
stage2pp_geometry:stage2pp:occupancy:nitrene:reactive_c:all_200:variance_mean,1.8401173155867145e-06,2.280159509582209e-06,-0.29501278487162386,-0.16661833766519416
stage2pp_geometry:stage2pp:occupancy:nitrene:reactive_c:bottom_100:entropy,2.8878387158174803,0.15101373021889228,-0.35740452266431716,-0.17388253167066542
stage2pp_geometry:stage2pp:occupancy:nitrene:reactive_c:bottom_100:mass,0.42584979495990416,0.06593766021359833,-0.3354518741817028,-0.5682434977493778
stage2pp_geometry:stage2pp:occupancy:nitrene:reactive_c:bottom_100:peak,0.05448757736175795,0.013186138749034558,0.025418856137763936,-0.2849212392559823
stage2pp_geometry:stage2pp:occupancy:nitrene:reactive_c:bottom_100:variance_mean,1.6337861619823401e-06,2.458933209865263e-06,-0.3593301935838447,-0.21931068883819105
stage2pp_geometry:stage2pp:occupancy:nitrene:reactive_c:top_100:entropy,2.8456651010225857,0.11646169448006737,0.02041211174699225,0.24454990084066236
stage2pp_geometry:stage2pp:occupancy:nitrene:reactive_c:top_100:mass,0.42524557242401345,0.06699215177443807,-0.3281343246874981,-0.5691464529376787
stage2pp_geometry:stage2pp:occupancy:nitrene:reactive_c:top_100:peak,0.056782411791075384,0.013196661522254679,-0.3847490497216086,-0.5206724565376043
stage2pp_geometry:stage2pp:occupancy:nitrene:reactive_c:top_100:variance_mean,8.753165556268984e-07,1.5940773347455532e-06,0.15636447866563874,0.23181665250835157
stage2pp_geometry:stage2pp:occupancy:nitrene:reactive_h:all_200:entropy,1.7806272578750568,0.2930718886406678,-0.2149048746192769,-0.06470213103467509
stage2pp_geometry:stage2pp:occupancy:nitrene:reactive_h:all_200:mass,0.10786436284826159,0.016872669304567166,-0.30695194457269476,-0.5776491951939882
stage2pp_geometry:stage2pp:occupancy:nitrene:reactive_h:all_200:peak,0.039531278753205126,0.01288411724668901,-0.1309456225278748,-0.33937449751207377
stage2pp_geometry:stage2pp:occupancy:nitrene:reactive_h:all_200:variance_mean,1.0098343083903145e-06,8.890155738078225e-07,-0.27228986802119853,-0.13227727379914028
stage2pp_geometry:stage2pp:occupancy:nitrene:reactive_h:bottom_100:entropy,1.660391760255537,0.2838478872071688,-0.3685734139975771,-0.27706909405959373
stage2pp_geometry:stage2pp:occupancy:nitrene:reactive_h:bottom_100:mass,0.10789239131221214,0.016852044059240415,-0.31966137264157674,-0.5768382920389822
stage2pp_geometry:stage2pp:occupancy:nitrene:reactive_h:bottom_100:peak,0.042017131682719394,0.012414216016085248,0.01001348878154337,-0.2309898006252989
stage2pp_geometry:stage2pp:occupancy:nitrene:reactive_h:bottom_100:variance_mean,6.700258424633161e-07,9.195670503494333e-07,-0.36048559613556125,-0.3364005345205309
stage2pp_geometry:stage2pp:occupancy:nitrene:reactive_h:top_100:entropy,1.6678443534630492,0.2979885597650785,0.07433089749376422,0.08748345482427806
stage2pp_geometry:stage2pp:occupancy:nitrene:reactive_h:top_100:mass,0.10783633438431106,0.016893706912497794,-0.2977087241589624,-0.5784439985393541
stage2pp_geometry:stage2pp:occupancy:nitrene:reactive_h:top_100:peak,0.04227014067373443,0.01454049772624284,-0.3674180114458605,-0.47172953630581227
stage2pp_geometry:stage2pp:occupancy:nitrene:reactive_h:top_100:variance_mean,6.277263325668259e-07,8.527232792527075e-07,0.1386483062059851,0.11217547474222779
stage2pp_relational:stage2pp:flexibility_relation:c_to_h_distance:top_bottom:energy_distance,0.02797361429194117,0.011812220383959461,0.4948974263185857,0.380516298057117
stage2pp_relational:stage2pp:flexibility_relation:c_to_h_distance:top_bottom:wasserstein,0.0005281029549566574,0.0004564247525569338,0.47795152222674303,0.2878063498382564
stage2pp_relational:stage2pp:flexibility_relation:c_to_h_distance:uff_rank_spearman,0.5396752118802971,0.48167188393586513,0.340073484388569,0.4014457083049637
stage2pp_relational:stage2pp:flexibility_relation:corridor_axial_mean:top_bottom:energy_distance,1.0711888510694036,0.5890419063289025,0.5480459436975467,0.3410219587098644
stage2pp_relational:stage2pp:flexibility_relation:corridor_axial_mean:top_bottom:wasserstein,0.8528053789516951,0.7218633581175371,0.5110730620426173,0.23372530733267058
stage2pp_relational:stage2pp:flexibility_relation:corridor_axial_mean:uff_rank_spearman,0.655164839120978,0.36168908320730686,0.626228183030366,0.6191198096416419
stage2pp_relational:stage2pp:flexibility_relation:corridor_fraction:top_bottom:energy_distance,0.18487069149145288,0.24779081300508274,-0.0061859851241222764,0.1895767772904703
stage2pp_relational:stage2pp:flexibility_relation:corridor_fraction:top_bottom:wasserstein,0.06686557658028246,0.09527228900039571,-0.009278977686183415,0.20799324946405356
stage2pp_relational:stage2pp:flexibility_relation:corridor_fraction:uff_rank_spearman,-0.13395284974333302,0.43597850239788855,0.034029513688827846,-0.1877136367505144
stage2pp_relational:stage2pp:flexibility_relation:n_c_h_angle:top_bottom:energy_distance,3.142034023729558,2.651214956790686,-0.1987292388952453,0.12583050423880282
stage2pp_relational:stage2pp:flexibility_relation:n_c_h_angle:top_bottom:wasserstein,11.602181938531627,16.020469605497038,-0.08280384953968555,0.20809345472070206
stage2pp_relational:stage2pp:flexibility_relation:n_c_h_angle:uff_rank_spearman,0.09682286057151432,0.6637632802953598,-0.03928368675836245,0.0016517559219853632
stage2pp_relational:stage2pp:flexibility_relation:n_to_c_distance:top_bottom:energy_distance,0.27868149121575725,0.14780890778408504,-0.21567514298708793,0.019501971449693116
stage2pp_relational:stage2pp:flexibility_relation:n_to_c_distance:top_bottom:wasserstein,0.09076901482296014,0.08789503410709194,-0.09743894852809508,0.1377074996800163
stage2pp_relational:stage2pp:flexibility_relation:n_to_c_distance:uff_rank_spearman,0.1901324533113328,0.618449900572735,-0.6258430488464606,-0.561883410740992
stage2pp_relational:stage2pp:flexibility_relation:n_to_h_distance:top_bottom:energy_distance,0.4957756747164885,0.320267368936388,-0.13556723273474097,0.07977045852379575
stage2pp_relational:stage2pp:flexibility_relation:n_to_h_distance:top_bottom:wasserstein,0.2693807797068165,0.3057557539024613,-0.07394576330985873,0.20860757574607294
stage2pp_relational:stage2pp:flexibility_relation:n_to_h_distance:uff_rank_spearman,0.10792235805895146,0.6509353700103783,-0.011939159701070939,0.014054928005077098
stage2pp_relational:stage2pp:flexibility_relation:parallel_motion_std:top_bottom:energy_distance,0.8850714295105745,0.6213175206936675,0.5029852441806015,0.46881111892553445
stage2pp_relational:stage2pp:flexibility_relation:parallel_motion_std:top_bottom:wasserstein,0.6514101166382722,0.5597997195258387,0.47525558293940445,0.47163976581720435
stage2pp_relational:stage2pp:flexibility_relation:parallel_motion_std:uff_rank_spearman,0.31762604065101635,0.6812019907374219,0.6720591509151222,0.5274986687625718
stage2pp_relational:stage2pp:flexibility_relation:perpendicular_motion_std:top_bottom:energy_distance,0.5428342172313521,0.3847179183061356,0.37704636604349834,0.2121160458721268
stage2pp_relational:stage2pp:flexibility_relation:perpendicular_motion_std:top_bottom:wasserstein,0.25281954876169666,0.2590826274818632,0.4217219313765381,0.2753526504234952
stage2pp_relational:stage2pp:flexibility_relation:perpendicular_motion_std:uff_rank_spearman,-0.6081949448736219,0.3419570135873739,-0.013479696436692995,-0.32831378841781284
stage2pp_relational:stage2pp:flexibility_relation:preferred_h_distance:top_bottom:energy_distance,0.4957756747164885,0.320267368936388,-0.13556723273474097,0.07977045852379575
stage2pp_relational:stage2pp:flexibility_relation:preferred_h_distance:top_bottom:wasserstein,0.2693807797068165,0.3057557539024613,-0.07394576330985873,0.20860757574607294
stage2pp_relational:stage2pp:flexibility_relation:preferred_h_distance:uff_rank_spearman,0.10792235805895146,0.6509353700103783,-0.011939159701070939,0.014054928005077098
stage2pp_relational:stage2pp:flexibility_relation:tether_dihedral:top_bottom:energy_distance,2.2866152507958186,1.13481945945403,0.004237290964975111,0.2801614517747005
stage2pp_relational:stage2pp:flexibility_relation:tether_dihedral:top_bottom:wasserstein,18.267317407671882,14.967672840764086,0.17218809648580682,0.25590656458211297
stage2pp_relational:stage2pp:flexibility_relation:tether_dihedral:uff_rank_spearman,0.006754908872721819,0.08892052086786373,0.010400623277666183,0.19036443110917778
stage2pp_relational:stage2pp:flexibility_relation:two_h_distance_gap:top_bottom:energy_distance,0.3877548855497111,0.2995582276289677,-0.1386483062059851,-0.010814262376853784
stage2pp_relational:stage2pp:flexibility_relation:two_h_distance_gap:top_bottom:wasserstein,0.18780341482347282,0.2611393339849913,-0.13441183018302444,-0.007515746876000299
stage2pp_relational:stage2pp:flexibility_relation:two_h_distance_gap:uff_rank_spearman,-0.2138940673516838,0.6183649631884734,0.37820176859521487,0.2730251432360668
stage2pp_relational:stage2pp:occupancy_relation:activation:all_heavy:top_bottom:cosine,0.7361877064484897,0.19950213802611155,-0.4432894456752468,-0.20922622177407776
stage2pp_relational:stage2pp:occupancy_relation:activation:all_heavy:top_bottom:js,0.14867396170533184,0.11865700005863608,0.38590445227332515,0.15314875905051498
stage2pp_relational:stage2pp:occupancy_relation:activation:all_heavy:top_bottom:l1,0.6644626593176587,0.3390554676529299,0.4093976374915615,0.1755705185848639
stage2pp_relational:stage2pp:occupancy_relation:activation:all_heavy:top_bottom:mean_abs,0.0008305783241470733,0.00042381933456616235,0.4093976374915615,0.1755705185848639
stage2pp_relational:stage2pp:occupancy_relation:activation:carbon:top_bottom:cosine,0.7262680880059028,0.2064992322822118,-0.3916814650319079,-0.222847422553916
stage2pp_relational:stage2pp:occupancy_relation:activation:carbon:top_bottom:js,0.1583407482242695,0.12493914072101449,0.38590445227332515,0.17476135654356612
stage2pp_relational:stage2pp:occupancy_relation:activation:carbon:top_bottom:l1,0.677893955087767,0.3470617800360056,0.3886003915606638,0.17822553579070646
stage2pp_relational:stage2pp:occupancy_relation:activation:carbon:top_bottom:mean_abs,0.0008473674438597089,0.00043382722504500695,0.3886003915606638,0.1782255357907064
stage2pp_relational:stage2pp:occupancy_relation:activation:halogen:top_bottom:cosine,0.12359033388481341,0.29195861165970977,-0.10676258369770238,0.09265783245388383
stage2pp_relational:stage2pp:occupancy_relation:activation:halogen:top_bottom:js,0.02301488428307991,0.07253472024504799,-0.1043498699418221,0.08138457362428017
stage2pp_relational:stage2pp:occupancy_relation:activation:halogen:top_bottom:l1,0.09725224337799813,0.2605203691167509,-0.1043498699418221,0.08205460775586455
stage2pp_relational:stage2pp:occupancy_relation:activation:halogen:top_bottom:mean_abs,0.00012156530422249769,0.00032565046139593863,-0.1043498699418221,0.08205460775586458
stage2pp_relational:stage2pp:occupancy_relation:activation:hetero:top_bottom:cosine,0.5447356650401134,0.32476297850058583,-0.025082003043946494,0.09992469309015287
stage2pp_relational:stage2pp:occupancy_relation:activation:hetero:top_bottom:js,0.20980605419547604,0.18746448938121485,-0.09173252641206538,-0.14441575074115726
stage2pp_relational:stage2pp:occupancy_relation:activation:hetero:top_bottom:l1,0.8616295358140073,0.5682368030311189,-0.05396030965415611,-0.14177121253925717
stage2pp_relational:stage2pp:occupancy_relation:activation:hetero:top_bottom:mean_abs,0.001077036919767509,0.0007102960037888986,-0.05396030965415611,-0.14177121253925723
stage2pp_relational:stage2pp:occupancy_relation:activation:hydrogen:top_bottom:cosine,0.768877745686873,0.11877097865706335,-0.1305604883439693,-0.13398003143866805
stage2pp_relational:stage2pp:occupancy_relation:activation:hydrogen:top_bottom:js,0.15201165463803043,0.07437852580291616,0.2769114782280647,0.18654264957826616
stage2pp_relational:stage2pp:occupancy_relation:activation:hydrogen:top_bottom:l1,0.7154337856762539,0.22213656004068397,0.19449276287228462,0.14297792034144358
stage2pp_relational:stage2pp:occupancy_relation:activation:hydrogen:top_bottom:mean_abs,0.0008942922320953172,0.00027767070005085495,0.19449276287228462,0.14297792034144355
stage2pp_relational:stage2pp:occupancy_relation:activation:reactive_c:top_bottom:cosine,1.0,1.6011864169946886e-16,0.061981837188846214,-0.046110190204646954
stage2pp_relational:stage2pp:occupancy_relation:activation:reactive_c:top_bottom:js,1.0905909477649303e-17,2.7889886428703475e-17,0.3204316410093878,0.32263698182139533
stage2pp_relational:stage2pp:occupancy_relation:activation:reactive_c:top_bottom:l1,1.6259389667983015e-15,1.1389203569899647e-15,-0.25770433232439544,-0.2164475108302139
stage2pp_relational:stage2pp:occupancy_relation:activation:reactive_c:top_bottom:mean_abs,2.032423708497877e-18,1.423650446237456e-18,-0.25770433232439544,-0.2164475108302139
stage2pp_relational:stage2pp:occupancy_relation:activation:reactive_h:top_bottom:cosine,0.8171380323391159,0.23637826282887223,0.1609860888725049,-0.06630803105521468
stage2pp_relational:stage2pp:occupancy_relation:activation:reactive_h:top_bottom:js,0.10251025944712726,0.12911095062448483,-0.13402669599911893,0.12314422270635861
stage2pp_relational:stage2pp:occupancy_relation:activation:reactive_h:top_bottom:l1,0.5540768236189324,0.502550394979416,-0.13133075671178032,0.06375433907065578
stage2pp_relational:stage2pp:occupancy_relation:activation:reactive_h:top_bottom:mean_abs,0.0006925960295236654,0.0006281879937242699,-0.13133075671178032,0.06375433907065575
stage2pp_relational:stage2pp:occupancy_relation:h_to_n:all_heavy:top_bottom:cosine,0.7261955560436185,0.1746259284604069,-0.35894505939993915,-0.10244448356957368
stage2pp_relational:stage2pp:occupancy_relation:h_to_n:all_heavy:top_bottom:js,0.14894578781448287,0.09971588170690676,0.23223591289502504,0.002459989858929955
stage2pp_relational:stage2pp:occupancy_relation:h_to_n:all_heavy:top_bottom:l1,0.687966222649664,0.28474623149379097,0.24841154861905665,-0.003282834787892712
stage2pp_relational:stage2pp:occupancy_relation:h_to_n:all_heavy:top_bottom:mean_abs,0.0008599577783120799,0.0003559327893672387,0.24841154861905665,-0.0032828347878927763
stage2pp_relational:stage2pp:occupancy_relation:h_to_n:carbon:top_bottom:cosine,0.726381931834374,0.17337580961009338,-0.326593787951876,-0.12485693869703247
stage2pp_relational:stage2pp:occupancy_relation:h_to_n:carbon:top_bottom:js,0.15349636681928044,0.10266254283894179,0.25919530576841104,0.035319171449872656
stage2pp_relational:stage2pp:occupancy_relation:h_to_n:carbon:top_bottom:l1,0.6921471673325732,0.2863510955531209,0.24879668280296213,0.01927050991367521
stage2pp_relational:stage2pp:occupancy_relation:h_to_n:carbon:top_bottom:mean_abs,0.0008651839591657165,0.0003579388694414011,0.24879668280296213,0.019270509913675234
stage2pp_relational:stage2pp:occupancy_relation:h_to_n:halogen:top_bottom:cosine,0.10306434855594311,0.2502532828792484,-0.1043498699418221,0.10186993997648211
stage2pp_relational:stage2pp:occupancy_relation:h_to_n:halogen:top_bottom:js,0.0348357338545206,0.09600233662771035,-0.10676258369770238,0.0673084655285025
stage2pp_relational:stage2pp:occupancy_relation:h_to_n:halogen:top_bottom:l1,0.12943294827653032,0.3462861660541358,-0.11098483277049286,0.06838849775472948
stage2pp_relational:stage2pp:occupancy_relation:h_to_n:halogen:top_bottom:mean_abs,0.00016179118534566289,0.00043285770756766974,-0.11098483277049286,0.06838849775472948
stage2pp_relational:stage2pp:occupancy_relation:h_to_n:hetero:top_bottom:cosine,0.39177247020509254,0.31518274818550884,-0.00889235361592577,0.19132811603092956
stage2pp_relational:stage2pp:occupancy_relation:h_to_n:hetero:top_bottom:js,0.30556977313834155,0.2150525340965234,-0.07361727959959868,-0.1997612898493848
stage2pp_relational:stage2pp:occupancy_relation:h_to_n:hetero:top_bottom:l1,1.093921543749386,0.6340221632093888,-0.006360833163479792,-0.16709970381076475
stage2pp_relational:stage2pp:occupancy_relation:h_to_n:hetero:top_bottom:mean_abs,0.0013674019296867328,0.0007925277040117361,-0.006360833163479792,-0.16709970381076475
stage2pp_relational:stage2pp:occupancy_relation:h_to_n:hydrogen:top_bottom:cosine,0.7280545842007128,0.13137582321366742,0.12979021997615828,0.14120508189042696
stage2pp_relational:stage2pp:occupancy_relation:h_to_n:hydrogen:top_bottom:js,0.1727570208912219,0.07398759559500905,-0.06431740871222086,-0.11962332376909761
stage2pp_relational:stage2pp:occupancy_relation:h_to_n:hydrogen:top_bottom:l1,0.7643437097106481,0.224484620135265,-0.11939159701070938,-0.15044277542882262
stage2pp_relational:stage2pp:occupancy_relation:h_to_n:hydrogen:top_bottom:mean_abs,0.00095542963713831,0.00028060577516908123,-0.11939159701070938,-0.15044277542882253
stage2pp_relational:stage2pp:occupancy_relation:h_to_n:reactive_c:top_bottom:cosine,0.878143165870292,0.16215353963528584,0.15944555213688288,-0.0839093809513209
stage2pp_relational:stage2pp:occupancy_relation:h_to_n:reactive_c:top_bottom:js,0.06501861192305843,0.0846968029580368,-0.13402669599911893,0.1278146414679794
stage2pp_relational:stage2pp:occupancy_relation:h_to_n:reactive_c:top_bottom:l1,0.42744990232108704,0.3992926831399723,-0.14789152661971747,0.0787869163886216
stage2pp_relational:stage2pp:occupancy_relation:h_to_n:reactive_c:top_bottom:mean_abs,0.0005343123779013589,0.0004991158539249654,-0.14789152661971747,0.0787869163886216
stage2pp_relational:stage2pp:occupancy_relation:h_to_n:reactive_h:top_bottom:cosine,1.0,1.9984014443252818e-16,0.14128405261796279,0.2425653492504654
stage2pp_relational:stage2pp:occupancy_relation:h_to_n:reactive_h:top_bottom:js,1.2833469718143616e-17,5.398562024807219e-17,-0.05931066432144917,0.044609575571271244
stage2pp_relational:stage2pp:occupancy_relation:h_to_n:reactive_h:top_bottom:l1,1.0934309013777011e-15,8.159517775097674e-16,0.09012139903389031,0.03582250883173124
stage2pp_relational:stage2pp:occupancy_relation:h_to_n:reactive_h:top_bottom:mean_abs,1.3667886267221262e-18,1.0199397218872094e-18,0.09012139903389031,0.03582250883173124
stage2pp_relational:stage2pp:occupancy_relation:n_to_h:all_heavy:top_bottom:cosine,0.7376495568747049,0.1800445775762241,-0.3735801583883487,-0.15456102065089686
stage2pp_relational:stage2pp:occupancy_relation:n_to_h:all_heavy:top_bottom:js,0.1425096849849258,0.10408959691828051,0.3065668103887893,0.057524877116985826
stage2pp_relational:stage2pp:occupancy_relation:n_to_h:all_heavy:top_bottom:l1,0.6666241181782624,0.28483764526407546,0.3154248966186161,0.05870945613807791
stage2pp_relational:stage2pp:occupancy_relation:n_to_h:all_heavy:top_bottom:mean_abs,0.0008332801477228279,0.00035604705658009436,0.3154248966186161,0.05870945613807792
stage2pp_relational:stage2pp:occupancy_relation:n_to_h:carbon:top_bottom:cosine,0.7332184548827485,0.17800619086064398,-0.34084375275638007,-0.16915738010065093
stage2pp_relational:stage2pp:occupancy_relation:n_to_h:carbon:top_bottom:js,0.14904013217114195,0.10689779056575567,0.30772221294050583,0.08590078303644194
stage2pp_relational:stage2pp:occupancy_relation:n_to_h:carbon:top_bottom:l1,0.6781242409021272,0.28667534977547554,0.2653574527108993,0.07447402835447223
stage2pp_relational:stage2pp:occupancy_relation:n_to_h:carbon:top_bottom:mean_abs,0.0008476553011276592,0.00035834418721934443,0.2653574527108993,0.0744740283544722
stage2pp_relational:stage2pp:occupancy_relation:n_to_h:halogen:top_bottom:cosine,0.1058095534472514,0.2544679923937246,-0.1043498699418221,0.10250434251927326
stage2pp_relational:stage2pp:occupancy_relation:n_to_h:halogen:top_bottom:js,0.032993544300447056,0.0897738393819538,-0.10676258369770238,0.07432762788442025
stage2pp_relational:stage2pp:occupancy_relation:n_to_h:halogen:top_bottom:l1,0.1330460920825341,0.33666839996983927,-0.11038165433152282,0.07693284328592626
stage2pp_relational:stage2pp:occupancy_relation:n_to_h:halogen:top_bottom:mean_abs,0.00016630761510316762,0.0004208354999622991,-0.11038165433152282,0.07693284328592624
stage2pp_relational:stage2pp:occupancy_relation:n_to_h:hetero:top_bottom:cosine,0.419194429872859,0.33016511804095494,-0.11830696549883854,0.13574969787293856
stage2pp_relational:stage2pp:occupancy_relation:n_to_h:hetero:top_bottom:js,0.28582126041423317,0.22075537936737044,0.09751398816072496,-0.11713298390531793
stage2pp_relational:stage2pp:occupancy_relation:n_to_h:hetero:top_bottom:l1,1.043215840175595,0.6288814938113345,0.09541249745219688,-0.11598841885159804
stage2pp_relational:stage2pp:occupancy_relation:n_to_h:hetero:top_bottom:mean_abs,0.0013040198002194935,0.0007861018672641682,0.09541249745219688,-0.11598841885159805
stage2pp_relational:stage2pp:occupancy_relation:n_to_h:hydrogen:top_bottom:cosine,0.7369131756829177,0.11228798660128587,0.23031024197549743,0.318841466535171
stage2pp_relational:stage2pp:occupancy_relation:n_to_h:hydrogen:top_bottom:js,0.16805150002406158,0.06561420814188831,-0.09859435107981163,-0.2106750511086727
stage2pp_relational:stage2pp:occupancy_relation:n_to_h:hydrogen:top_bottom:l1,0.7621368359243675,0.2035043385026103,-0.22260755829738718,-0.2708114818848097
stage2pp_relational:stage2pp:occupancy_relation:n_to_h:hydrogen:top_bottom:mean_abs,0.0009526710449054593,0.0002543804231282629,-0.22260755829738718,-0.2708114818848096
stage2pp_relational:stage2pp:occupancy_relation:n_to_h:reactive_c:top_bottom:cosine,0.9323969726738736,0.11616289567447001,0.30310060273363965,0.2968040105170447
stage2pp_relational:stage2pp:occupancy_relation:n_to_h:reactive_c:top_bottom:js,0.03533545825892066,0.057266671729809975,-0.24648587769952907,-0.28391786249934403
stage2pp_relational:stage2pp:occupancy_relation:n_to_h:reactive_c:top_bottom:l1,0.2798171188602429,0.30644397310998706,-0.26458718434308826,-0.2671950053949072
stage2pp_relational:stage2pp:occupancy_relation:n_to_h:reactive_c:top_bottom:mean_abs,0.00034977139857530364,0.00038305496638748384,-0.26458718434308826,-0.26719500539490726
stage2pp_relational:stage2pp:occupancy_relation:n_to_h:reactive_h:top_bottom:cosine,0.8091733057509112,0.2240446917258226,0.1278645490566307,0.010509831846498808
stage2pp_relational:stage2pp:occupancy_relation:n_to_h:reactive_h:top_bottom:js,0.11652451670921454,0.1267330992044337,-0.10475649802229985,0.05783997975075386
stage2pp_relational:stage2pp:occupancy_relation:n_to_h:reactive_h:top_bottom:l1,0.5859139199364907,0.46959724588968726,-0.11284431588431564,-0.009000231044737817
stage2pp_relational:stage2pp:occupancy_relation:n_to_h:reactive_h:top_bottom:mean_abs,0.0007323923999206133,0.0005869965573621092,-0.11284431588431564,-0.009000231044737864
stage2pp_relational:stage2pp:occupancy_relation:nitrene:all_heavy:top_bottom:cosine,0.7376495568747049,0.1800445775762241,-0.3735801583883487,-0.15456102065089686
stage2pp_relational:stage2pp:occupancy_relation:nitrene:all_heavy:top_bottom:js,0.1425096849849258,0.10408959691828051,0.3065668103887893,0.057524877116985826
stage2pp_relational:stage2pp:occupancy_relation:nitrene:all_heavy:top_bottom:l1,0.6666241181782624,0.28483764526407546,0.3154248966186161,0.05870945613807791
stage2pp_relational:stage2pp:occupancy_relation:nitrene:all_heavy:top_bottom:mean_abs,0.0008332801477228279,0.00035604705658009436,0.3154248966186161,0.05870945613807792
stage2pp_relational:stage2pp:occupancy_relation:nitrene:carbon:top_bottom:cosine,0.7332184548827485,0.17800619086064398,-0.34084375275638007,-0.16915738010065093
stage2pp_relational:stage2pp:occupancy_relation:nitrene:carbon:top_bottom:js,0.14904013217114195,0.10689779056575567,0.30772221294050583,0.08590078303644194
stage2pp_relational:stage2pp:occupancy_relation:nitrene:carbon:top_bottom:l1,0.6781242409021272,0.28667534977547554,0.2653574527108993,0.07447402835447223
stage2pp_relational:stage2pp:occupancy_relation:nitrene:carbon:top_bottom:mean_abs,0.0008476553011276592,0.00035834418721934443,0.2653574527108993,0.0744740283544722
stage2pp_relational:stage2pp:occupancy_relation:nitrene:halogen:top_bottom:cosine,0.1058095534472514,0.2544679923937246,-0.1043498699418221,0.10250434251927326
stage2pp_relational:stage2pp:occupancy_relation:nitrene:halogen:top_bottom:js,0.032993544300447056,0.0897738393819538,-0.10676258369770238,0.07432762788442025
stage2pp_relational:stage2pp:occupancy_relation:nitrene:halogen:top_bottom:l1,0.1330460920825341,0.33666839996983927,-0.11038165433152282,0.07693284328592626
stage2pp_relational:stage2pp:occupancy_relation:nitrene:halogen:top_bottom:mean_abs,0.00016630761510316762,0.0004208354999622991,-0.11038165433152282,0.07693284328592624
stage2pp_relational:stage2pp:occupancy_relation:nitrene:hetero:top_bottom:cosine,0.419194429872859,0.33016511804095494,-0.11830696549883854,0.13574969787293856
stage2pp_relational:stage2pp:occupancy_relation:nitrene:hetero:top_bottom:js,0.28582126041423317,0.22075537936737044,0.09751398816072496,-0.11713298390531793
stage2pp_relational:stage2pp:occupancy_relation:nitrene:hetero:top_bottom:l1,1.043215840175595,0.6288814938113345,0.09541249745219688,-0.11598841885159804
stage2pp_relational:stage2pp:occupancy_relation:nitrene:hetero:top_bottom:mean_abs,0.0013040198002194935,0.0007861018672641682,0.09541249745219688,-0.11598841885159805
stage2pp_relational:stage2pp:occupancy_relation:nitrene:hydrogen:top_bottom:cosine,0.7369131756829177,0.11228798660128587,0.23031024197549743,0.318841466535171
stage2pp_relational:stage2pp:occupancy_relation:nitrene:hydrogen:top_bottom:js,0.16805150002406158,0.06561420814188831,-0.09859435107981163,-0.2106750511086727
stage2pp_relational:stage2pp:occupancy_relation:nitrene:hydrogen:top_bottom:l1,0.7621368359243675,0.2035043385026103,-0.22260755829738718,-0.2708114818848097
stage2pp_relational:stage2pp:occupancy_relation:nitrene:hydrogen:top_bottom:mean_abs,0.0009526710449054593,0.0002543804231282629,-0.22260755829738718,-0.2708114818848096
stage2pp_relational:stage2pp:occupancy_relation:nitrene:reactive_c:top_bottom:cosine,0.9323969726738736,0.11616289567447001,0.30310060273363965,0.2968040105170447
stage2pp_relational:stage2pp:occupancy_relation:nitrene:reactive_c:top_bottom:js,0.03533545825892066,0.057266671729809975,-0.24648587769952907,-0.28391786249934403
stage2pp_relational:stage2pp:occupancy_relation:nitrene:reactive_c:top_bottom:l1,0.2798171188602429,0.30644397310998706,-0.26458718434308826,-0.2671950053949072
stage2pp_relational:stage2pp:occupancy_relation:nitrene:reactive_c:top_bottom:mean_abs,0.00034977139857530364,0.00038305496638748384,-0.26458718434308826,-0.26719500539490726
stage2pp_relational:stage2pp:occupancy_relation:nitrene:reactive_h:top_bottom:cosine,0.8091733057509112,0.2240446917258226,0.1278645490566307,0.010509831846498808
stage2pp_relational:stage2pp:occupancy_relation:nitrene:reactive_h:top_bottom:js,0.11652451670921454,0.1267330992044337,-0.10475649802229985,0.05783997975075386
stage2pp_relational:stage2pp:occupancy_relation:nitrene:reactive_h:top_bottom:l1,0.5859139199364907,0.46959724588968726,-0.11284431588431564,-0.009000231044737817
stage2pp_relational:stage2pp:occupancy_relation:nitrene:reactive_h:top_bottom:mean_abs,0.0007323923999206133,0.0005869965573621092,-0.11284431588431564,-0.009000231044737864
stage2pp_relational:stage2pp:pose_relation:activation:radial_mean:uff_rank_spearman,0.652439630990775,0.42253913400488585,0.6408632820187756,0.6797063943358553
stage2pp_relational:stage2pp:pose_relation:activation:radial_mean:wasserstein,0.6168130146629822,0.48143986797112737,0.4070868323881285,0.2848796814176457
stage2pp_relational:stage2pp:pose_relation:h_to_n:radial_mean:uff_rank_spearman,0.652439630990775,0.42253913400488585,0.6408632820187756,0.6797063943358553
stage2pp_relational:stage2pp:pose_relation:h_to_n:radial_mean:wasserstein,0.6168130146629822,0.48143986797112737,0.4070868323881285,0.2848796814176457
stage2pp_relational:stage2pp:pose_relation:n_to_h:radial_mean:uff_rank_spearman,0.652439630990775,0.42253913400488585,0.6408632820187756,0.6797063943358553
stage2pp_relational:stage2pp:pose_relation:n_to_h:radial_mean:wasserstein,0.6168130146629822,0.48143986797112737,0.4070868323881285,0.2848796814176457
stage2pp_relational:stage2pp:pose_relation:nitrene:radial_mean:uff_rank_spearman,0.652439630990775,0.42253913400488585,0.6408632820187756,0.6797063943358553
stage2pp_relational:stage2pp:pose_relation:nitrene:radial_mean:wasserstein,0.6168130146629822,0.48143986797112737,0.4070868323881285,0.2848796814176457
