2026-09-07T09:55:18.791447+00:00 run_start substrate_count=90 workers=4 retain_count=10
2026-09-07T09:55:18.800412+00:00 substrate_start domain=p7 substrate_id=1ab seed_pose_id=stage1-smoke-1ab-substrate-uff-0001
2026-09-07T09:55:18.800448+00:00 substrate_start domain=p7 substrate_id=1a seed_pose_id=stage1-smoke-1a-substrate-uff-0001
2026-09-07T09:55:18.800464+00:00 substrate_start domain=p7 substrate_id=1aa seed_pose_id=stage1-smoke-1aa-substrate-uff-0001
2026-09-07T09:55:18.800659+00:00 substrate_start domain=p7 substrate_id=1ac seed_pose_id=stage1-smoke-1ac-substrate-uff-0001
2026-09-07T09:55:49.487729+00:00 substrate_heartbeat domain=p7 substrate_id=1aa elapsed_seconds=30.7 phase=Starting Meta-MD   3 with the settings:
2026-09-07T09:55:49.487972+00:00 substrate_heartbeat domain=p7 substrate_id=1a elapsed_seconds=30.7 phase=Starting Meta-MD   4 with the settings:
2026-09-07T09:55:49.496220+00:00 substrate_heartbeat domain=p7 substrate_id=1ab elapsed_seconds=30.7 phase=Starting Meta-MD   4 with the settings:
2026-09-07T09:55:49.507019+00:00 substrate_heartbeat domain=p7 substrate_id=1ac elapsed_seconds=30.2 phase=Starting Meta-MD   2 with the settings:
2026-09-07T09:56:19.654773+00:00 substrate_heartbeat domain=p7 substrate_id=1a elapsed_seconds=60.9 phase=Optimizing all 204 structures from file "crest_rotamers_0.xyz" ...
2026-09-07T09:56:19.685470+00:00 substrate_heartbeat domain=p7 substrate_id=1aa elapsed_seconds=60.9 phase=Starting Meta-MD   6 with the settings:
2026-09-07T09:56:19.707675+00:00 substrate_heartbeat domain=p7 substrate_id=1ac elapsed_seconds=60.4 phase=Starting Meta-MD   3 with the settings:
2026-09-07T09:56:19.709024+00:00 substrate_heartbeat domain=p7 substrate_id=1ab elapsed_seconds=60.9 phase=Optimizing all 174 structures from file "crest_rotamers_0.xyz" ...
2026-09-07T09:56:48.844867+00:00 substrate_heartbeat domain=p7 substrate_id=1a elapsed_seconds=90.0 phase=Optimizing all 204 structures from file "crest_rotamers_0.xyz" ...
2026-09-07T09:56:48.893975+00:00 substrate_heartbeat domain=p7 substrate_id=1aa elapsed_seconds=90.1 phase=Optimizing all 174 structures from file "crest_rotamers_0.xyz" ...
2026-09-07T09:56:48.895981+00:00 substrate_heartbeat domain=p7 substrate_id=1ab elapsed_seconds=90.1 phase=Starting Meta-MD   1 with the settings:
2026-09-07T09:56:49.906080+00:00 substrate_heartbeat domain=p7 substrate_id=1ac elapsed_seconds=90.6 phase=Starting Meta-MD   5 with the settings:
2026-09-07T09:57:19.032147+00:00 substrate_heartbeat domain=p7 substrate_id=1a elapsed_seconds=120.2 phase=Starting Meta-MD   2 with the settings:
2026-09-07T09:57:19.100269+00:00 substrate_heartbeat domain=p7 substrate_id=1ab elapsed_seconds=120.3 phase=Optimizing all 116 structures from file "crest_rotamers_0.xyz" ...
2026-09-07T09:57:19.112676+00:00 substrate_heartbeat domain=p7 substrate_id=1aa elapsed_seconds=120.3 phase=Starting Meta-MD   2 with the settings:
2026-09-07T09:57:20.111839+00:00 substrate_heartbeat domain=p7 substrate_id=1ac elapsed_seconds=120.8 phase=Starting Meta-MD   6 with the settings:
2026-09-07T09:57:49.261472+00:00 substrate_heartbeat domain=p7 substrate_id=1a elapsed_seconds=150.5 phase=Optimizing all 136 structures from file "crest_rotamers_0.xyz" ...
2026-09-07T09:57:49.280130+00:00 substrate_heartbeat domain=p7 substrate_id=1ab elapsed_seconds=150.5 phase=Starting MD   2 with the settings:
2026-09-07T09:57:49.294043+00:00 substrate_heartbeat domain=p7 substrate_id=1ac elapsed_seconds=150.0 phase=Optimizing all 324 structures from file "crest_rotamers_0.xyz" ...
2026-09-07T09:57:49.304595+00:00 substrate_heartbeat domain=p7 substrate_id=1aa elapsed_seconds=150.5 phase=Optimizing all 116 structures from file "crest_rotamers_0.xyz" ...
2026-09-07T09:58:05.413869+00:00 crest_search_finish domain=p7 substrate_id=1ab generated_unique=1 search_wall_seconds=166.612
2026-09-07T09:58:05.449435+00:00 rerank_progress domain=p7 substrate_id=1ab attempted=1 total=1 successful=1
2026-09-07T09:58:05.452281+00:00 substrate_finish domain=p7 substrate_id=1ab status=underfilled generated=1 retained=1 wall_seconds=166.612
2026-09-07T09:58:05.452653+00:00 substrate_start domain=p7 substrate_id=1ad seed_pose_id=stage1-smoke-1ad-substrate-uff-0001
2026-09-07T09:58:19.472405+00:00 substrate_heartbeat domain=p7 substrate_id=1ac elapsed_seconds=180.2 phase=Optimizing all 324 structures from file "crest_rotamers_0.xyz" ...
2026-09-07T09:58:19.485189+00:00 substrate_heartbeat domain=p7 substrate_id=1a elapsed_seconds=180.7 phase=Starting MD   2 with the settings:
2026-09-07T09:58:19.510456+00:00 substrate_heartbeat domain=p7 substrate_id=1aa elapsed_seconds=180.7 phase=Starting MD   2 with the settings:
2026-09-07T09:58:35.686721+00:00 substrate_heartbeat domain=p7 substrate_id=1ad elapsed_seconds=30.2 phase=Starting Meta-MD   3 with the settings:
2026-09-07T09:58:42.649329+00:00 crest_search_finish domain=p7 substrate_id=1a generated_unique=1 search_wall_seconds=203.847
2026-09-07T09:58:42.683219+00:00 rerank_progress domain=p7 substrate_id=1a attempted=1 total=1 successful=1
2026-09-07T09:58:42.685845+00:00 substrate_finish domain=p7 substrate_id=1a status=underfilled generated=1 retained=1 wall_seconds=203.847
2026-09-07T09:58:42.686201+00:00 substrate_start domain=p7 substrate_id=1ae seed_pose_id=stage1-smoke-1ae-substrate-uff-0001
2026-09-07T09:58:49.680790+00:00 substrate_heartbeat domain=p7 substrate_id=1ac elapsed_seconds=210.4 phase=Optimizing all 324 structures from file "crest_rotamers_0.xyz" ...
2026-09-07T09:58:49.704623+00:00 substrate_heartbeat domain=p7 substrate_id=1aa elapsed_seconds=210.9 phase=Optimizing all 29 structures from file "crest_rotamers_1.xyz" ...
2026-09-07T09:58:54.745984+00:00 crest_search_finish domain=p7 substrate_id=1aa generated_unique=1 search_wall_seconds=215.943
2026-09-07T09:58:54.786753+00:00 rerank_progress domain=p7 substrate_id=1aa attempted=1 total=1 successful=1
2026-09-07T09:58:54.789094+00:00 substrate_finish domain=p7 substrate_id=1aa status=underfilled generated=1 retained=1 wall_seconds=215.943
2026-09-07T09:58:54.789445+00:00 substrate_start domain=p7 substrate_id=1af seed_pose_id=stage1-smoke-1af-substrate-uff-0001
2026-09-07T09:59:05.872485+00:00 substrate_heartbeat domain=p7 substrate_id=1ad elapsed_seconds=60.4 phase=Starting Meta-MD   6 with the settings:
2026-09-07T09:59:12.854720+00:00 substrate_heartbeat domain=p7 substrate_id=1ae elapsed_seconds=30.2 phase=Starting Meta-MD   4 with the settings:
2026-09-07T09:59:19.882718+00:00 substrate_heartbeat domain=p7 substrate_id=1ac elapsed_seconds=240.6 phase=Starting Meta-MD   1 with the settings:
2026-09-07T09:59:24.976647+00:00 substrate_heartbeat domain=p7 substrate_id=1af elapsed_seconds=30.2 phase=Starting Meta-MD   3 with the settings:
2026-09-07T09:59:36.054265+00:00 substrate_heartbeat domain=p7 substrate_id=1ad elapsed_seconds=90.6 phase=Optimizing all 174 structures from file "crest_rotamers_0.xyz" ...
2026-09-07T09:59:43.063256+00:00 substrate_heartbeat domain=p7 substrate_id=1ae elapsed_seconds=60.4 phase=Optimizing all 174 structures from file "crest_rotamers_0.xyz" ...
2026-09-07T09:59:50.114983+00:00 substrate_heartbeat domain=p7 substrate_id=1ac elapsed_seconds=270.9 phase=Starting Meta-MD   2 with the settings:
2026-09-07T09:59:55.202448+00:00 substrate_heartbeat domain=p7 substrate_id=1af elapsed_seconds=60.4 phase=Starting Meta-MD   5 with the settings:
2026-09-07T10:00:06.259915+00:00 substrate_heartbeat domain=p7 substrate_id=1ad elapsed_seconds=120.8 phase=Starting Meta-MD   1 with the settings:
2026-09-07T10:00:13.245145+00:00 substrate_heartbeat domain=p7 substrate_id=1ae elapsed_seconds=90.6 phase=Starting Meta-MD   1 with the settings:
2026-09-07T10:00:19.281896+00:00 substrate_heartbeat domain=p7 substrate_id=1ac elapsed_seconds=300.0 phase=Starting Meta-MD   3 with the settings:
2026-09-07T10:00:25.410381+00:00 substrate_heartbeat domain=p7 substrate_id=1af elapsed_seconds=90.6 phase=Optimizing all 234 structures from file "crest_rotamers_0.xyz" ...
2026-09-07T10:00:36.457852+00:00 substrate_heartbeat domain=p7 substrate_id=1ad elapsed_seconds=151.0 phase=Starting Meta-MD   4 with the settings:
2026-09-07T10:00:43.473633+00:00 substrate_heartbeat domain=p7 substrate_id=1ae elapsed_seconds=120.8 phase=Optimizing all 116 structures from file "crest_rotamers_0.xyz" ...
2026-09-07T10:00:49.462670+00:00 substrate_heartbeat domain=p7 substrate_id=1ac elapsed_seconds=330.2 phase=Starting Meta-MD   4 with the settings:
2026-09-07T10:00:55.592865+00:00 substrate_heartbeat domain=p7 substrate_id=1af elapsed_seconds=120.8 phase=Optimizing all 234 structures from file "crest_rotamers_0.xyz" ...
2026-09-07T10:01:05.659176+00:00 substrate_heartbeat domain=p7 substrate_id=1ad elapsed_seconds=180.2 phase=Optimizing all 116 structures from file "crest_rotamers_0.xyz" ...
2026-09-07T10:01:12.705008+00:00 substrate_heartbeat domain=p7 substrate_id=1ae elapsed_seconds=150.0 phase=Optimizing all 29 structures from file "crest_rotamers_1.xyz" ...
2026-09-07T10:01:19.661674+00:00 substrate_heartbeat domain=p7 substrate_id=1ac elapsed_seconds=360.4 phase=Optimizing all 216 structures from file "crest_rotamers_0.xyz" ...
2026-09-07T10:01:25.780792+00:00 substrate_heartbeat domain=p7 substrate_id=1af elapsed_seconds=151.0 phase=Starting Meta-MD   1 with the settings:
2026-09-07T10:01:27.776001+00:00 crest_search_finish domain=p7 substrate_id=1ae generated_unique=1 search_wall_seconds=165.09
2026-09-07T10:01:27.807347+00:00 rerank_progress domain=p7 substrate_id=1ae attempted=1 total=1 successful=1
2026-09-07T10:01:27.809673+00:00 substrate_finish domain=p7 substrate_id=1ae status=underfilled generated=1 retained=1 wall_seconds=165.09
2026-09-07T10:01:27.809974+00:00 substrate_start domain=p7 substrate_id=1ag seed_pose_id=stage1-smoke-1ag-substrate-uff-0001
2026-09-07T10:01:35.863849+00:00 substrate_heartbeat domain=p7 substrate_id=1ad elapsed_seconds=210.4 phase=Optimizing all 29 structures from file "crest_rotamers_1.xyz" ...
2026-09-07T10:01:45.903654+00:00 crest_search_finish domain=p7 substrate_id=1ad generated_unique=1 search_wall_seconds=220.451
2026-09-07T10:01:45.943058+00:00 rerank_progress domain=p7 substrate_id=1ad attempted=1 total=1 successful=1
2026-09-07T10:01:45.945967+00:00 substrate_finish domain=p7 substrate_id=1ad status=underfilled generated=1 retained=1 wall_seconds=220.451
2026-09-07T10:01:45.946314+00:00 substrate_start domain=p7 substrate_id=1ah seed_pose_id=stage1-smoke-1ah-substrate-uff-0001
2026-09-07T10:01:49.838309+00:00 substrate_heartbeat domain=p7 substrate_id=1ac elapsed_seconds=390.6 phase=Optimizing all 216 structures from file "crest_rotamers_0.xyz" ...
2026-09-07T10:01:54.957575+00:00 substrate_heartbeat domain=p7 substrate_id=1af elapsed_seconds=180.2 phase=Starting Meta-MD   3 with the settings:
2026-09-07T10:01:58.034498+00:00 substrate_heartbeat domain=p7 substrate_id=1ag elapsed_seconds=30.2 phase=Starting Meta-MD   3 with the settings:
2026-09-07T10:02:16.145751+00:00 substrate_heartbeat domain=p7 substrate_id=1ah elapsed_seconds=30.2 phase=Starting Meta-MD   4 with the settings:
2026-09-07T10:02:20.060558+00:00 substrate_heartbeat domain=p7 substrate_id=1ac elapsed_seconds=420.8 phase=Starting MD   1 with the settings:
2026-09-07T10:02:25.157442+00:00 substrate_heartbeat domain=p7 substrate_id=1af elapsed_seconds=210.4 phase=Optimizing all 156 structures from file "crest_rotamers_0.xyz" ...
2026-09-07T10:02:28.227898+00:00 substrate_heartbeat domain=p7 substrate_id=1ag elapsed_seconds=60.4 phase=Starting Meta-MD   5 with the settings:
2026-09-07T10:02:46.377114+00:00 substrate_heartbeat domain=p7 substrate_id=1ah elapsed_seconds=60.4 phase=Optimizing all 204 structures from file "crest_rotamers_0.xyz" ...
2026-09-07T10:02:50.237916+00:00 substrate_heartbeat domain=p7 substrate_id=1ac elapsed_seconds=451.0 phase=Optimizing all 55 structures from file "crest_rotamers_1.xyz" ...
2026-09-07T10:02:55.335917+00:00 substrate_heartbeat domain=p7 substrate_id=1af elapsed_seconds=240.5 phase=Starting Meta-MD   1 with the settings:
2026-09-07T10:02:58.447691+00:00 substrate_heartbeat domain=p7 substrate_id=1ag elapsed_seconds=90.6 phase=Optimizing all 204 structures from file "crest_rotamers_0.xyz" ...
2026-09-07T10:03:16.595389+00:00 substrate_heartbeat domain=p7 substrate_id=1ah elapsed_seconds=90.6 phase=Optimizing all 204 structures from file "crest_rotamers_0.xyz" ...
2026-09-07T10:03:19.435711+00:00 substrate_heartbeat domain=p7 substrate_id=1ac elapsed_seconds=480.2 phase=Optimizing all 55 structures from file "crest_rotamers_1.xyz" ...
2026-09-07T10:03:25.523360+00:00 substrate_heartbeat domain=p7 substrate_id=1af elapsed_seconds=270.7 phase=Starting Meta-MD   3 with the settings:
2026-09-07T10:03:28.668564+00:00 substrate_heartbeat domain=p7 substrate_id=1ag elapsed_seconds=120.9 phase=Optimizing all 204 structures from file "crest_rotamers_0.xyz" ...
2026-09-07T10:03:42.603559+00:00 crest_search_finish domain=p7 substrate_id=1ac generated_unique=1 search_wall_seconds=503.341
2026-09-07T10:03:42.645553+00:00 rerank_progress domain=p7 substrate_id=1ac attempted=1 total=1 successful=1
2026-09-07T10:03:42.648075+00:00 substrate_finish domain=p7 substrate_id=1ac status=underfilled generated=1 retained=1 wall_seconds=503.341
2026-09-07T10:03:42.648419+00:00 substrate_start domain=p7 substrate_id=1ai seed_pose_id=stage1-smoke-1ai-substrate-uff-0001
2026-09-07T10:03:46.784028+00:00 substrate_heartbeat domain=p7 substrate_id=1ah elapsed_seconds=120.8 phase=Starting Meta-MD   3 with the settings:
2026-09-07T10:03:55.745539+00:00 substrate_heartbeat domain=p7 substrate_id=1af elapsed_seconds=301.0 phase=Optimizing all 156 structures from file "crest_rotamers_0.xyz" ...
2026-09-07T10:03:57.848153+00:00 substrate_heartbeat domain=p7 substrate_id=1ag elapsed_seconds=150.0 phase=Starting Meta-MD   2 with the settings:
2026-09-07T10:04:12.863516+00:00 substrate_heartbeat domain=p7 substrate_id=1ai elapsed_seconds=30.2 phase=Starting Meta-MD   1 with the settings:
2026-09-07T10:04:15.977142+00:00 substrate_heartbeat domain=p7 substrate_id=1ah elapsed_seconds=150.0 phase=Optimizing all 136 structures from file "crest_rotamers_0.xyz" ...
2026-09-07T10:04:24.912733+00:00 substrate_heartbeat domain=p7 substrate_id=1af elapsed_seconds=330.1 phase=Optimizing all 156 structures from file "crest_rotamers_0.xyz" ...
2026-09-07T10:04:28.056963+00:00 substrate_heartbeat domain=p7 substrate_id=1ag elapsed_seconds=180.2 phase=Starting Meta-MD   4 with the settings:
2026-09-07T10:04:43.079728+00:00 substrate_heartbeat domain=p7 substrate_id=1ai elapsed_seconds=60.4 phase=Starting Meta-MD   3 with the settings:
2026-09-07T10:04:46.204174+00:00 substrate_heartbeat domain=p7 substrate_id=1ah elapsed_seconds=180.3 phase=Optimizing all 35 structures from file "crest_rotamers_1.xyz" ...
2026-09-07T10:04:55.160301+00:00 substrate_heartbeat domain=p7 substrate_id=1af elapsed_seconds=360.4 phase=Optimizing all 39 structures from file "crest_rotamers_1.xyz" ...
2026-09-07T10:04:57.264856+00:00 crest_search_finish domain=p7 substrate_id=1ah generated_unique=1 search_wall_seconds=191.318
2026-09-07T10:04:57.292741+00:00 rerank_progress domain=p7 substrate_id=1ah attempted=1 total=1 successful=1
2026-09-07T10:04:57.295141+00:00 substrate_finish domain=p7 substrate_id=1ah status=underfilled generated=1 retained=1 wall_seconds=191.318
2026-09-07T10:04:57.295485+00:00 substrate_start domain=p7 substrate_id=1aj seed_pose_id=stage1-smoke-1aj-substrate-uff-0001
2026-09-07T10:04:58.306939+00:00 substrate_heartbeat domain=p7 substrate_id=1ag elapsed_seconds=210.5 phase=Optimizing all 136 structures from file "crest_rotamers_0.xyz" ...
2026-09-07T10:05:13.306365+00:00 substrate_heartbeat domain=p7 substrate_id=1ai elapsed_seconds=90.7 phase=Starting Meta-MD   4 with the settings:
2026-09-07T10:05:25.402050+00:00 substrate_heartbeat domain=p7 substrate_id=1af elapsed_seconds=390.6 phase=Starting Meta-MD   1 with the settings:
2026-09-07T10:05:27.500115+00:00 substrate_heartbeat domain=p7 substrate_id=1aj elapsed_seconds=30.2 phase=Starting Meta-MD   3 with the settings:
2026-09-07T10:05:28.523385+00:00 substrate_heartbeat domain=p7 substrate_id=1ag elapsed_seconds=240.7 phase=Starting Meta-MD   2 with the settings:
2026-09-07T10:05:43.510385+00:00 substrate_heartbeat domain=p7 substrate_id=1ai elapsed_seconds=120.9 phase=Starting Meta-MD   5 with the settings:
2026-09-07T10:05:55.606680+00:00 substrate_heartbeat domain=p7 substrate_id=1af elapsed_seconds=420.8 phase=Starting Meta-MD   3 with the settings:
2026-09-07T10:05:57.711910+00:00 substrate_heartbeat domain=p7 substrate_id=1aj elapsed_seconds=60.4 phase=Starting Meta-MD   6 with the settings:
2026-09-07T10:05:58.812473+00:00 substrate_heartbeat domain=p7 substrate_id=1ag elapsed_seconds=271.0 phase=Optimizing all 136 structures from file "crest_rotamers_0.xyz" ...
2026-09-07T10:06:12.743342+00:00 substrate_heartbeat domain=p7 substrate_id=1ai elapsed_seconds=150.1 phase=Starting Meta-MD   6 with the settings:
2026-09-07T10:06:24.811822+00:00 substrate_heartbeat domain=p7 substrate_id=1af elapsed_seconds=450.0 phase=Optimizing all 156 structures from file "crest_rotamers_0.xyz" ...
2026-09-07T10:06:27.910400+00:00 substrate_heartbeat domain=p7 substrate_id=1aj elapsed_seconds=90.6 phase=Optimizing all 204 structures from file "crest_rotamers_0.xyz" ...
2026-09-07T10:06:28.015124+00:00 substrate_heartbeat domain=p7 substrate_id=1ag elapsed_seconds=300.2 phase=Optimizing all 136 structures from file "crest_rotamers_0.xyz" ...
2026-09-07T10:06:42.905387+00:00 substrate_heartbeat domain=p7 substrate_id=1ai elapsed_seconds=180.3 phase=Optimizing all 324 structures from file "crest_rotamers_0.xyz" ...
2026-09-07T10:06:54.940533+00:00 substrate_heartbeat domain=p7 substrate_id=1af elapsed_seconds=480.2 phase=Starting MD   1 with the settings:
2026-09-07T10:06:58.023094+00:00 substrate_heartbeat domain=p7 substrate_id=1aj elapsed_seconds=120.7 phase=Starting Meta-MD   2 with the settings:
2026-09-07T10:06:58.134960+00:00 substrate_heartbeat domain=p7 substrate_id=1ag elapsed_seconds=330.3 phase=Optimizing all 35 structures from file "crest_rotamers_1.xyz" ...
2026-09-07T10:07:12.181987+00:00 crest_search_finish domain=p7 substrate_id=1ag generated_unique=1 search_wall_seconds=344.372
2026-09-07T10:07:12.219346+00:00 rerank_progress domain=p7 substrate_id=1ag attempted=1 total=1 successful=1
2026-09-07T10:07:12.221658+00:00 substrate_finish domain=p7 substrate_id=1ag status=underfilled generated=1 retained=1 wall_seconds=344.372
2026-09-07T10:07:12.222153+00:00 substrate_start domain=p7 substrate_id=1ak seed_pose_id=stage1-smoke-1ak-substrate-uff-0001
2026-09-07T10:07:13.014012+00:00 substrate_heartbeat domain=p7 substrate_id=1ai elapsed_seconds=210.4 phase=Optimizing all 324 structures from file "crest_rotamers_0.xyz" ...
2026-09-07T10:07:25.054878+00:00 substrate_heartbeat domain=p7 substrate_id=1af elapsed_seconds=510.3 phase=Optimizing all 39 structures from file "crest_rotamers_1.xyz" ...
2026-09-07T10:07:28.110443+00:00 substrate_heartbeat domain=p7 substrate_id=1aj elapsed_seconds=150.8 phase=Optimizing all 136 structures from file "crest_rotamers_0.xyz" ...
2026-09-07T10:07:38.109560+00:00 crest_search_finish domain=p7 substrate_id=1af generated_unique=1 search_wall_seconds=523.32
2026-09-07T10:07:38.144284+00:00 rerank_progress domain=p7 substrate_id=1af attempted=1 total=1 successful=1
2026-09-07T10:07:38.146901+00:00 substrate_finish domain=p7 substrate_id=1af status=underfilled generated=1 retained=1 wall_seconds=523.32
2026-09-07T10:07:38.147211+00:00 substrate_start domain=p7 substrate_id=1al seed_pose_id=stage1-smoke-1al-substrate-uff-0001
2026-09-07T10:07:42.347850+00:00 substrate_heartbeat domain=p7 substrate_id=1ak elapsed_seconds=30.1 phase=Starting Meta-MD   2 with the settings:
2026-09-07T10:07:43.131170+00:00 substrate_heartbeat domain=p7 substrate_id=1ai elapsed_seconds=240.5 phase=Optimizing all 324 structures from file "crest_rotamers_0.xyz" ...
2026-09-07T10:07:58.226303+00:00 substrate_heartbeat domain=p7 substrate_id=1aj elapsed_seconds=180.9 phase=Starting Meta-MD   1 with the settings:
2026-09-07T10:08:08.274908+00:00 substrate_heartbeat domain=p7 substrate_id=1al elapsed_seconds=30.1 phase=Starting Meta-MD   2 with the settings:
2026-09-07T10:08:12.449569+00:00 substrate_heartbeat domain=p7 substrate_id=1ak elapsed_seconds=60.2 phase=Starting Meta-MD   4 with the settings:
2026-09-07T10:08:13.248599+00:00 substrate_heartbeat domain=p7 substrate_id=1ai elapsed_seconds=270.6 phase=Optimizing all 324 structures from file "crest_rotamers_0.xyz" ...
2026-09-07T10:08:27.322598+00:00 substrate_heartbeat domain=p7 substrate_id=1aj elapsed_seconds=210.0 phase=Starting Meta-MD   4 with the settings:
2026-09-07T10:08:38.371691+00:00 substrate_heartbeat domain=p7 substrate_id=1al elapsed_seconds=60.2 phase=Starting Meta-MD   3 with the settings:
2026-09-07T10:08:42.562713+00:00 substrate_heartbeat domain=p7 substrate_id=1ak elapsed_seconds=90.3 phase=Starting Meta-MD   6 with the settings:
2026-09-07T10:08:43.329538+00:00 substrate_heartbeat domain=p7 substrate_id=1ai elapsed_seconds=300.7 phase=Starting Meta-MD   1 with the settings:
2026-09-07T10:08:57.442603+00:00 substrate_heartbeat domain=p7 substrate_id=1aj elapsed_seconds=240.1 phase=Starting MD   1 with the settings:
2026-09-07T10:09:08.485285+00:00 substrate_heartbeat domain=p7 substrate_id=1al elapsed_seconds=90.3 phase=Starting Meta-MD   5 with the settings:
2026-09-07T10:09:12.668937+00:00 substrate_heartbeat domain=p7 substrate_id=1ak elapsed_seconds=120.4 phase=Optimizing all 234 structures from file "crest_rotamers_0.xyz" ...
2026-09-07T10:09:13.431445+00:00 substrate_heartbeat domain=p7 substrate_id=1ai elapsed_seconds=330.8 phase=Starting Meta-MD   3 with the settings:
2026-09-07T10:09:20.531312+00:00 crest_search_finish domain=p7 substrate_id=1aj generated_unique=1 search_wall_seconds=263.236
2026-09-07T10:09:20.560885+00:00 rerank_progress domain=p7 substrate_id=1aj attempted=1 total=1 successful=1
2026-09-07T10:09:20.563476+00:00 substrate_finish domain=p7 substrate_id=1aj status=underfilled generated=1 retained=1 wall_seconds=263.236
2026-09-07T10:09:20.563795+00:00 substrate_start domain=p7 substrate_id=1am seed_pose_id=stage1-smoke-1am-substrate-uff-0001
2026-09-07T10:09:38.590288+00:00 substrate_heartbeat domain=p7 substrate_id=1al elapsed_seconds=120.4 phase=Optimizing all 264 structures from file "crest_rotamers_0.xyz" ...
2026-09-07T10:09:42.774820+00:00 substrate_heartbeat domain=p7 substrate_id=1ak elapsed_seconds=150.6 phase=Optimizing all 234 structures from file "crest_rotamers_0.xyz" ...
2026-09-07T10:09:43.555788+00:00 substrate_heartbeat domain=p7 substrate_id=1ai elapsed_seconds=360.9 phase=Starting Meta-MD   4 with the settings:
2026-09-07T10:09:50.695813+00:00 substrate_heartbeat domain=p7 substrate_id=1am elapsed_seconds=30.1 phase=Starting Meta-MD   4 with the settings:
2026-09-07T10:10:08.700035+00:00 substrate_heartbeat domain=p7 substrate_id=1al elapsed_seconds=150.6 phase=Optimizing all 264 structures from file "crest_rotamers_0.xyz" ...
2026-09-07T10:10:12.690627+00:00 substrate_heartbeat domain=p7 substrate_id=1ai elapsed_seconds=390.0 phase=Optimizing all 216 structures from file "crest_rotamers_0.xyz" ...
2026-09-07T10:10:12.869078+00:00 substrate_heartbeat domain=p7 substrate_id=1ak elapsed_seconds=180.6 phase=Starting Meta-MD   2 with the settings:
2026-09-07T10:10:20.806534+00:00 substrate_heartbeat domain=p7 substrate_id=1am elapsed_seconds=60.2 phase=Optimizing all 144 structures from file "crest_rotamers_0.xyz" ...
2026-09-07T10:10:38.756892+00:00 substrate_heartbeat domain=p7 substrate_id=1al elapsed_seconds=180.7 phase=Optimizing all 264 structures from file "crest_rotamers_0.xyz" ...
2026-09-07T10:10:42.730919+00:00 substrate_heartbeat domain=p7 substrate_id=1ai elapsed_seconds=420.1 phase=Optimizing all 216 structures from file "crest_rotamers_0.xyz" ...
2026-09-07T10:10:42.920807+00:00 substrate_heartbeat domain=p7 substrate_id=1ak elapsed_seconds=210.8 phase=Starting Meta-MD   4 with the settings:
2026-09-07T10:10:50.870351+00:00 substrate_heartbeat domain=p7 substrate_id=1am elapsed_seconds=90.4 phase=Starting Meta-MD   3 with the settings:
2026-09-07T10:11:08.868067+00:00 substrate_heartbeat domain=p7 substrate_id=1al elapsed_seconds=210.8 phase=Starting Meta-MD   1 with the settings:
2026-09-07T10:11:12.846882+00:00 substrate_heartbeat domain=p7 substrate_id=1ai elapsed_seconds=450.3 phase=Starting MD   1 with the settings:
2026-09-07T10:11:13.030216+00:00 substrate_heartbeat domain=p7 substrate_id=1ak elapsed_seconds=240.9 phase=Optimizing all 156 structures from file "crest_rotamers_0.xyz" ...
2026-09-07T10:11:20.963062+00:00 substrate_heartbeat domain=p7 substrate_id=1am elapsed_seconds=120.5 phase=Starting MD   1 with the settings:
2026-09-07T10:11:39.006198+00:00 substrate_heartbeat domain=p7 substrate_id=1al elapsed_seconds=240.9 phase=Starting Meta-MD   2 with the settings:
2026-09-07T10:11:40.090499+00:00 crest_search_finish domain=p7 substrate_id=1am generated_unique=1 search_wall_seconds=139.585
2026-09-07T10:11:40.123271+00:00 rerank_progress domain=p7 substrate_id=1am attempted=1 total=1 successful=1
2026-09-07T10:11:40.125940+00:00 substrate_finish domain=p7 substrate_id=1am status=underfilled generated=1 retained=1 wall_seconds=139.585
2026-09-07T10:11:40.126234+00:00 substrate_start domain=p7 substrate_id=1an seed_pose_id=stage1-smoke-1an-substrate-uff-0001
2026-09-07T10:11:43.008356+00:00 substrate_heartbeat domain=p7 substrate_id=1ai elapsed_seconds=480.4 phase=Optimizing all 55 structures from file "crest_rotamers_1.xyz" ...
2026-09-07T10:11:43.165647+00:00 substrate_heartbeat domain=p7 substrate_id=1ak elapsed_seconds=271.0 phase=Starting Meta-MD   1 with the settings:
2026-09-07T10:12:08.198996+00:00 substrate_heartbeat domain=p7 substrate_id=1al elapsed_seconds=270.1 phase=Starting Meta-MD   4 with the settings:
2026-09-07T10:12:10.343695+00:00 substrate_heartbeat domain=p7 substrate_id=1an elapsed_seconds=30.2 phase=Starting Meta-MD   5 with the settings:
2026-09-07T10:12:12.367869+00:00 substrate_heartbeat domain=p7 substrate_id=1ak elapsed_seconds=300.2 phase=Starting Meta-MD   3 with the settings:
2026-09-07T10:12:13.188370+00:00 substrate_heartbeat domain=p7 substrate_id=1ai elapsed_seconds=510.6 phase=Optimizing all 55 structures from file "crest_rotamers_1.xyz" ...
2026-09-07T10:12:38.470129+00:00 substrate_heartbeat domain=p7 substrate_id=1al elapsed_seconds=300.4 phase=Optimizing all 176 structures from file "crest_rotamers_0.xyz" ...
2026-09-07T10:12:40.507434+00:00 substrate_heartbeat domain=p7 substrate_id=1an elapsed_seconds=60.4 phase=Optimizing all 144 structures from file "crest_rotamers_0.xyz" ...
2026-09-07T10:12:42.571194+00:00 substrate_heartbeat domain=p7 substrate_id=1ak elapsed_seconds=330.4 phase=Optimizing all 156 structures from file "crest_rotamers_0.xyz" ...
2026-09-07T10:12:43.409266+00:00 substrate_heartbeat domain=p7 substrate_id=1ai elapsed_seconds=540.8 phase=Optimizing all 55 structures from file "crest_rotamers_1.xyz" ...
2026-09-07T10:12:45.428454+00:00 crest_search_finish domain=p7 substrate_id=1ai generated_unique=1 search_wall_seconds=542.839
2026-09-07T10:12:45.464103+00:00 rerank_progress domain=p7 substrate_id=1ai attempted=1 total=1 successful=1
2026-09-07T10:12:45.466237+00:00 substrate_finish domain=p7 substrate_id=1ai status=underfilled generated=1 retained=1 wall_seconds=542.839
2026-09-07T10:12:45.466544+00:00 substrate_start domain=p7 substrate_id=1ao seed_pose_id=stage1-smoke-1ao-substrate-uff-0001
2026-09-07T10:13:08.658802+00:00 substrate_heartbeat domain=p7 substrate_id=1al elapsed_seconds=330.6 phase=Optimizing all 176 structures from file "crest_rotamers_0.xyz" ...
2026-09-07T10:13:10.676472+00:00 substrate_heartbeat domain=p7 substrate_id=1an elapsed_seconds=90.6 phase=Starting Meta-MD   4 with the settings:
2026-09-07T10:13:12.785835+00:00 substrate_heartbeat domain=p7 substrate_id=1ak elapsed_seconds=360.6 phase=Starting MD   1 with the settings:
2026-09-07T10:13:15.678854+00:00 substrate_heartbeat domain=p7 substrate_id=1ao elapsed_seconds=30.2 phase=Starting Meta-MD   2 with the settings:
2026-09-07T10:13:38.867177+00:00 substrate_heartbeat domain=p7 substrate_id=1al elapsed_seconds=360.8 phase=Starting Meta-MD   2 with the settings:
2026-09-07T10:13:40.906139+00:00 substrate_heartbeat domain=p7 substrate_id=1an elapsed_seconds=120.8 phase=Optimizing all 25 structures from file "crest_rotamers_1.xyz" ...
2026-09-07T10:13:42.921210+00:00 crest_search_finish domain=p7 substrate_id=1an generated_unique=1 search_wall_seconds=122.785
2026-09-07T10:13:42.960254+00:00 rerank_progress domain=p7 substrate_id=1an attempted=1 total=1 successful=1
2026-09-07T10:13:42.963866+00:00 substrate_finish domain=p7 substrate_id=1an status=underfilled generated=1 retained=1 wall_seconds=122.785
2026-09-07T10:13:42.964391+00:00 substrate_start domain=p7 substrate_id=1b seed_pose_id=stage1-smoke-1b-substrate-uff-0001
2026-09-07T10:13:42.968169+00:00 substrate_heartbeat domain=p7 substrate_id=1ak elapsed_seconds=390.8 phase=Optimizing all 39 structures from file "crest_rotamers_1.xyz" ...
2026-09-07T10:13:45.912514+00:00 substrate_heartbeat domain=p7 substrate_id=1ao elapsed_seconds=60.4 phase=Starting Meta-MD   5 with the settings:
2026-09-07T10:14:00.061722+00:00 crest_search_finish domain=p7 substrate_id=1ak generated_unique=1 search_wall_seconds=407.868
2026-09-07T10:14:00.093011+00:00 rerank_progress domain=p7 substrate_id=1ak attempted=1 total=1 successful=1
2026-09-07T10:14:00.095128+00:00 substrate_finish domain=p7 substrate_id=1ak status=underfilled generated=1 retained=1 wall_seconds=407.868
2026-09-07T10:14:00.095402+00:00 substrate_start domain=p7 substrate_id=1c seed_pose_id=stage1-smoke-1c-substrate-uff-0001
2026-09-07T10:14:09.026696+00:00 substrate_heartbeat domain=p7 substrate_id=1al elapsed_seconds=390.9 phase=Starting Meta-MD   3 with the settings:
2026-09-07T10:14:13.131205+00:00 substrate_heartbeat domain=p7 substrate_id=1b elapsed_seconds=30.1 phase=Starting Meta-MD   2 with the settings:
2026-09-07T10:14:16.030773+00:00 substrate_heartbeat domain=p7 substrate_id=1ao elapsed_seconds=90.5 phase=Optimizing all 204 structures from file "crest_rotamers_0.xyz" ...
2026-09-07T10:14:30.246521+00:00 substrate_heartbeat domain=p7 substrate_id=1c elapsed_seconds=30.1 phase=Starting Meta-MD   2 with the settings:
2026-09-07T10:14:38.128979+00:00 substrate_heartbeat domain=p7 substrate_id=1al elapsed_seconds=420.0 phase=Optimizing all 176 structures from file "crest_rotamers_0.xyz" ...
2026-09-07T10:14:43.256964+00:00 substrate_heartbeat domain=p7 substrate_id=1b elapsed_seconds=60.3 phase=Starting Meta-MD   5 with the settings:
2026-09-07T10:14:46.174484+00:00 substrate_heartbeat domain=p7 substrate_id=1ao elapsed_seconds=120.7 phase=Optimizing all 204 structures from file "crest_rotamers_0.xyz" ...
2026-09-07T10:15:00.376745+00:00 substrate_heartbeat domain=p7 substrate_id=1c elapsed_seconds=60.3 phase=Starting Meta-MD   5 with the settings:
2026-09-07T10:15:08.238536+00:00 substrate_heartbeat domain=p7 substrate_id=1al elapsed_seconds=450.1 phase=Optimizing all 176 structures from file "crest_rotamers_0.xyz" ...
2026-09-07T10:15:13.364937+00:00 substrate_heartbeat domain=p7 substrate_id=1b elapsed_seconds=90.4 phase=Optimizing all 204 structures from file "crest_rotamers_0.xyz" ...
2026-09-07T10:15:16.284366+00:00 substrate_heartbeat domain=p7 substrate_id=1ao elapsed_seconds=150.8 phase=Starting Meta-MD   1 with the settings:
2026-09-07T10:15:30.496309+00:00 substrate_heartbeat domain=p7 substrate_id=1c elapsed_seconds=90.4 phase=Optimizing all 204 structures from file "crest_rotamers_0.xyz" ...
2026-09-07T10:19:05.018103+00:00 substrate_heartbeat domain=p7 substrate_id=1al elapsed_seconds=480.3 phase=Starting Meta-MD   1 with the settings:
2026-09-07T10:19:10.139453+00:00 substrate_heartbeat domain=p7 substrate_id=1b elapsed_seconds=120.5 phase=Optimizing all 204 structures from file "crest_rotamers_0.xyz" ...
2026-09-07T10:19:13.065646+00:00 substrate_heartbeat domain=p7 substrate_id=1ao elapsed_seconds=180.9 phase=Starting Meta-MD   3 with the settings:
2026-09-07T10:19:27.319742+00:00 substrate_heartbeat domain=p7 substrate_id=1c elapsed_seconds=120.6 phase=Optimizing all 204 structures from file "crest_rotamers_0.xyz" ...
2026-09-07T10:19:35.256121+00:00 substrate_heartbeat domain=p7 substrate_id=1al elapsed_seconds=510.5 phase=Starting Meta-MD   2 with the settings:
2026-09-07T10:19:40.387729+00:00 substrate_heartbeat domain=p7 substrate_id=1b elapsed_seconds=150.8 phase=Optimizing all 204 structures from file "crest_rotamers_0.xyz" ...
2026-09-07T10:19:42.288626+00:00 substrate_heartbeat domain=p7 substrate_id=1ao elapsed_seconds=210.2 phase=Starting Meta-MD   4 with the settings:
2026-09-07T10:20:42.050144+00:00 substrate_heartbeat domain=p7 substrate_id=1c elapsed_seconds=150.8 phase=Optimizing all 204 structures from file "crest_rotamers_0.xyz" ...
2026-09-07T10:20:49.990860+00:00 substrate_heartbeat domain=p7 substrate_id=1al elapsed_seconds=540.7 phase=Starting Meta-MD   3 with the settings:
2026-09-07T10:20:55.143585+00:00 substrate_heartbeat domain=p7 substrate_id=1b elapsed_seconds=181.0 phase=Starting Meta-MD   1 with the settings:
2026-09-07T10:20:57.027816+00:00 substrate_heartbeat domain=p7 substrate_id=1ao elapsed_seconds=240.4 phase=Optimizing all 136 structures from file "crest_rotamers_0.xyz" ...
2026-09-07T10:21:12.231685+00:00 substrate_heartbeat domain=p7 substrate_id=1c elapsed_seconds=181.0 phase=Starting Meta-MD   1 with the settings:
2026-09-07T10:21:20.776508+00:00 substrate_heartbeat domain=p7 substrate_id=1al elapsed_seconds=570.1 phase=Starting Meta-MD   4 with the settings:
2026-09-07T10:21:25.831456+00:00 substrate_heartbeat domain=p7 substrate_id=1b elapsed_seconds=210.2 phase=Starting Meta-MD   3 with the settings:
2026-09-07T10:21:28.644602+00:00 substrate_heartbeat domain=p7 substrate_id=1ao elapsed_seconds=270.5 phase=Optimizing all 136 structures from file "crest_rotamers_0.xyz" ...
2026-09-07T10:21:42.929262+00:00 substrate_heartbeat domain=p7 substrate_id=1c elapsed_seconds=210.2 phase=Starting Meta-MD   3 with the settings:
2026-09-07T10:21:51.180996+00:00 substrate_heartbeat domain=p7 substrate_id=1al elapsed_seconds=600.5 phase=Optimizing all 176 structures from file "crest_rotamers_0.xyz" ...
2026-09-07T10:21:56.102360+00:00 substrate_heartbeat domain=p7 substrate_id=1b elapsed_seconds=240.5 phase=Starting Meta-MD   4 with the settings:
2026-09-07T10:21:58.841880+00:00 substrate_heartbeat domain=p7 substrate_id=1ao elapsed_seconds=300.7 phase=Starting Meta-MD   1 with the settings:
2026-09-07T10:22:39.028168+00:00 substrate_heartbeat domain=p7 substrate_id=1c elapsed_seconds=240.5 phase=Starting Meta-MD   4 with the settings:
2026-09-07T10:22:47.244760+00:00 substrate_heartbeat domain=p7 substrate_id=1al elapsed_seconds=630.7 phase=Optimizing all 176 structures from file "crest_rotamers_0.xyz" ...
2026-09-07T10:22:52.157311+00:00 substrate_heartbeat domain=p7 substrate_id=1b elapsed_seconds=270.7 phase=Optimizing all 136 structures from file "crest_rotamers_0.xyz" ...
2026-09-07T10:22:54.936014+00:00 substrate_heartbeat domain=p7 substrate_id=1ao elapsed_seconds=331.0 phase=Starting Meta-MD   2 with the settings:
2026-09-07T10:23:09.240696+00:00 substrate_heartbeat domain=p7 substrate_id=1c elapsed_seconds=270.7 phase=Optimizing all 136 structures from file "crest_rotamers_0.xyz" ...
2026-09-07T10:23:17.518553+00:00 substrate_heartbeat domain=p7 substrate_id=1al elapsed_seconds=660.9 phase=Optimizing all 176 structures from file "crest_rotamers_0.xyz" ...
2026-09-07T10:38:55.158275+00:00 substrate_heartbeat domain=p7 substrate_id=1b elapsed_seconds=300.9 phase=Optimizing all 136 structures from file "crest_rotamers_0.xyz" ...
2026-09-07T10:38:56.984080+00:00 substrate_heartbeat domain=p7 substrate_id=1ao elapsed_seconds=360.2 phase=Starting Meta-MD   3 with the settings:
2026-09-07T11:03:54.645601+00:00 substrate_heartbeat domain=p7 substrate_id=1c elapsed_seconds=300.9 phase=Optimizing all 136 structures from file "crest_rotamers_0.xyz" ...
2026-09-07T11:04:01.933662+00:00 substrate_heartbeat domain=p7 substrate_id=1al elapsed_seconds=690.2 phase=Starting Meta-MD   1 with the settings:
2026-09-07T11:04:06.707482+00:00 substrate_heartbeat domain=p7 substrate_id=1b elapsed_seconds=330.1 phase=Starting MD   1 with the settings:
2026-09-07T11:04:09.711404+00:00 substrate_heartbeat domain=p7 substrate_id=1ao elapsed_seconds=390.6 phase=Optimizing all 136 structures from file "crest_rotamers_0.xyz" ...
2026-09-07T11:04:23.864246+00:00 substrate_heartbeat domain=p7 substrate_id=1c elapsed_seconds=330.1 phase=Starting MD   2 with the settings:
2026-09-07T11:04:32.181809+00:00 substrate_heartbeat domain=p7 substrate_id=1al elapsed_seconds=720.4 phase=Starting Meta-MD   2 with the settings:
2026-09-07T11:20:09.995499+00:00 substrate_heartbeat domain=p7 substrate_id=1b elapsed_seconds=360.3 phase=Optimizing all 35 structures from file "crest_rotamers_1.xyz" ...
2026-09-07T11:35:46.719988+00:00 substrate_heartbeat domain=p7 substrate_id=1ao elapsed_seconds=420.8 phase=Optimizing all 136 structures from file "crest_rotamers_0.xyz" ...
2026-09-07T12:10:06.424014+00:00 substrate_heartbeat domain=p7 substrate_id=1c elapsed_seconds=360.4 phase=Optimizing all 35 structures from file "crest_rotamers_1.xyz" ...
2026-09-07T12:16:35.576966+00:00 substrate_heartbeat domain=p7 substrate_id=1al elapsed_seconds=750.6 phase=Starting Meta-MD   3 with the settings:
2026-09-07T12:16:40.415775+00:00 substrate_heartbeat domain=p7 substrate_id=1b elapsed_seconds=390.6 phase=Optimizing all 35 structures from file "crest_rotamers_1.xyz" ...
2026-09-07T12:16:42.413903+00:00 substrate_heartbeat domain=p7 substrate_id=1ao elapsed_seconds=450.1 phase=Optimizing all 136 structures from file "crest_rotamers_0.xyz" ...
2026-09-07T12:16:47.449431+00:00 crest_search_finish domain=p7 substrate_id=1b generated_unique=1 search_wall_seconds=397.644
2026-09-07T12:16:47.513294+00:00 rerank_progress domain=p7 substrate_id=1b attempted=1 total=1 successful=1
2026-09-07T12:16:47.517864+00:00 substrate_finish domain=p7 substrate_id=1b status=underfilled generated=1 retained=1 wall_seconds=397.644
2026-09-07T12:16:47.518535+00:00 substrate_start domain=p7 substrate_id=1d seed_pose_id=stage1-smoke-1d-substrate-uff-0001
2026-09-07T12:16:57.471420+00:00 substrate_heartbeat domain=p7 substrate_id=1c elapsed_seconds=390.6 phase=Optimizing all 35 structures from file "crest_rotamers_1.xyz" ...
2026-09-07T12:16:59.475821+00:00 crest_search_finish domain=p7 substrate_id=1c generated_unique=1 search_wall_seconds=392.566
2026-09-07T12:16:59.543324+00:00 rerank_progress domain=p7 substrate_id=1c attempted=1 total=1 successful=1
2026-09-07T12:16:59.548337+00:00 substrate_finish domain=p7 substrate_id=1c status=underfilled generated=1 retained=1 wall_seconds=392.566
2026-09-07T12:16:59.549087+00:00 substrate_start domain=p7 substrate_id=1e seed_pose_id=stage1-smoke-1e-substrate-uff-0001
2026-09-07T12:17:05.777842+00:00 substrate_heartbeat domain=p7 substrate_id=1al elapsed_seconds=780.8 phase=Starting Meta-MD   4 with the settings:
2026-09-07T12:17:12.588854+00:00 substrate_heartbeat domain=p7 substrate_id=1ao elapsed_seconds=480.3 phase=Starting Meta-MD   2 with the settings:
2026-09-07T12:32:29.732643+00:00 substrate_heartbeat domain=p7 substrate_id=1d elapsed_seconds=30.3 phase=Starting Meta-MD   1 with the settings:
2026-09-07T13:04:08.330084+00:00 substrate_heartbeat domain=p7 substrate_id=1e elapsed_seconds=30.3 phase=Starting Meta-MD   2 with the settings:
2026-09-07T13:17:32.165857+00:00 substrate_heartbeat domain=p7 substrate_id=1al elapsed_seconds=810.0 phase=Optimizing all 176 structures from file "crest_rotamers_0.xyz" ...
2026-09-07T13:17:40.143462+00:00 substrate_heartbeat domain=p7 substrate_id=1ao elapsed_seconds=510.6 phase=Starting Meta-MD   3 with the settings:
2026-09-07T13:17:45.177795+00:00 substrate_heartbeat domain=p7 substrate_id=1d elapsed_seconds=60.5 phase=Starting Meta-MD   3 with the settings:
2026-09-07T13:17:57.279512+00:00 substrate_heartbeat domain=p7 substrate_id=1e elapsed_seconds=60.5 phase=Starting Meta-MD   3 with the settings:
2026-09-07T13:18:02.452208+00:00 substrate_heartbeat domain=p7 substrate_id=1al elapsed_seconds=840.3 phase=Optimizing all 176 structures from file "crest_rotamers_0.xyz" ...
2026-09-07T13:18:10.390981+00:00 substrate_heartbeat domain=p7 substrate_id=1ao elapsed_seconds=540.9 phase=Starting Meta-MD   4 with the settings:
2026-09-07T13:35:59.989445+00:00 substrate_heartbeat domain=p7 substrate_id=1d elapsed_seconds=90.7 phase=Starting Meta-MD   4 with the settings:
2026-09-07T13:45:19.137886+00:00 substrate_heartbeat domain=p7 substrate_id=1e elapsed_seconds=90.7 phase=Starting Meta-MD   4 with the settings:
2026-09-07T13:45:24.313699+00:00 substrate_heartbeat domain=p7 substrate_id=1al elapsed_seconds=870.5 phase=Optimizing all 176 structures from file "crest_rotamers_0.xyz" ...
2026-09-07T13:45:31.279954+00:00 substrate_heartbeat domain=p7 substrate_id=1ao elapsed_seconds=570.1 phase=Optimizing all 136 structures from file "crest_rotamers_0.xyz" ...
2026-09-07T13:45:37.305602+00:00 substrate_heartbeat domain=p7 substrate_id=1d elapsed_seconds=120.9 phase=Starting Meta-MD   5 with the settings:
2026-09-07T13:45:49.398156+00:00 substrate_heartbeat domain=p7 substrate_id=1e elapsed_seconds=121.0 phase=Starting Meta-MD   5 with the settings:
2026-09-07T13:45:54.532757+00:00 substrate_heartbeat domain=p7 substrate_id=1al elapsed_seconds=900.7 phase=Starting MD   1 with the settings:
2026-09-07T14:01:21.175783+00:00 substrate_heartbeat domain=p7 substrate_id=1ao elapsed_seconds=600.3 phase=Optimizing all 136 structures from file "crest_rotamers_0.xyz" ...
2026-09-07T14:18:07.930145+00:00 substrate_heartbeat domain=p7 substrate_id=1d elapsed_seconds=150.1 phase=Starting Meta-MD   6 with the settings:
2026-09-07T14:19:01.628136+00:00 substrate_heartbeat domain=p7 substrate_id=1e elapsed_seconds=150.2 phase=Starting Meta-MD   6 with the settings:
2026-09-07T14:19:06.901049+00:00 substrate_heartbeat domain=p7 substrate_id=1al elapsed_seconds=930.1 phase=Optimizing all 45 structures from file "crest_rotamers_1.xyz" ...
2026-09-07T14:19:14.979656+00:00 substrate_heartbeat domain=p7 substrate_id=1ao elapsed_seconds=630.8 phase=Optimizing all 35 structures from file "crest_rotamers_1.xyz" ...
2026-09-07T14:19:19.955401+00:00 substrate_heartbeat domain=p7 substrate_id=1d elapsed_seconds=180.6 phase=Optimizing all 234 structures from file "crest_rotamers_0.xyz" ...
2026-09-07T14:19:31.879105+00:00 substrate_heartbeat domain=p7 substrate_id=1e elapsed_seconds=180.4 phase=Optimizing all 204 structures from file "crest_rotamers_0.xyz" ...
2026-09-07T14:19:37.115157+00:00 substrate_heartbeat domain=p7 substrate_id=1al elapsed_seconds=960.3 phase=Optimizing all 45 structures from file "crest_rotamers_1.xyz" ...
2026-09-07T14:35:20.561855+00:00 substrate_heartbeat domain=p7 substrate_id=1ao elapsed_seconds=661.0 phase=Optimizing all 35 structures from file "crest_rotamers_1.xyz" ...
2026-09-07T14:36:48.432491+00:00 substrate_heartbeat domain=p7 substrate_id=1d elapsed_seconds=210.8 phase=Optimizing all 234 structures from file "crest_rotamers_0.xyz" ...
2026-09-07T14:36:55.543015+00:00 crest_search_finish domain=p7 substrate_id=1ao generated_unique=1 search_wall_seconds=673.068
2026-09-07T14:36:55.574598+00:00 rerank_progress domain=p7 substrate_id=1ao attempted=1 total=1 successful=1
2026-09-07T14:36:55.576901+00:00 substrate_finish domain=p7 substrate_id=1ao status=underfilled generated=1 retained=1 wall_seconds=673.068
2026-09-07T14:36:55.577224+00:00 substrate_start domain=p7 substrate_id=1f seed_pose_id=stage1-smoke-1f-substrate-uff-0001
2026-09-07T14:37:00.303582+00:00 substrate_heartbeat domain=p7 substrate_id=1e elapsed_seconds=210.6 phase=Optimizing all 204 structures from file "crest_rotamers_0.xyz" ...
2026-09-07T14:37:01.484722+00:00 crest_search_finish domain=p7 substrate_id=1al generated_unique=1 search_wall_seconds=986.382
2026-09-07T14:37:01.518545+00:00 rerank_progress domain=p7 substrate_id=1al attempted=1 total=1 successful=1
2026-09-07T14:37:01.520690+00:00 substrate_finish domain=p7 substrate_id=1al status=underfilled generated=1 retained=1 wall_seconds=986.382
2026-09-07T14:37:01.521007+00:00 substrate_start domain=p7 substrate_id=1g seed_pose_id=stage1-smoke-1g-substrate-uff-0001
2026-09-07T14:37:18.545363+00:00 substrate_heartbeat domain=p7 substrate_id=1d elapsed_seconds=240.9 phase=Optimizing all 234 structures from file "crest_rotamers_0.xyz" ...
2026-09-07T14:37:25.720087+00:00 substrate_heartbeat domain=p7 substrate_id=1f elapsed_seconds=30.1 phase=Starting Meta-MD   3 with the settings:
2026-09-07T14:37:30.419728+00:00 substrate_heartbeat domain=p7 substrate_id=1e elapsed_seconds=240.7 phase=Starting Meta-MD   2 with the settings:
2026-09-07T14:37:31.644292+00:00 substrate_heartbeat domain=p7 substrate_id=1g elapsed_seconds=30.1 phase=Starting Meta-MD   3 with the settings:
2026-09-07T14:37:48.663167+00:00 substrate_heartbeat domain=p7 substrate_id=1d elapsed_seconds=271.0 phase=Starting Meta-MD   2 with the settings:
2026-09-07T14:37:55.861677+00:00 substrate_heartbeat domain=p7 substrate_id=1f elapsed_seconds=60.3 phase=Starting Meta-MD   6 with the settings:
2026-09-07T14:38:00.541210+00:00 substrate_heartbeat domain=p7 substrate_id=1e elapsed_seconds=270.8 phase=Starting Meta-MD   4 with the settings:
2026-09-07T14:38:01.768048+00:00 substrate_heartbeat domain=p7 substrate_id=1g elapsed_seconds=60.2 phase=Starting Meta-MD   6 with the settings:
2026-09-07T14:38:17.773909+00:00 substrate_heartbeat domain=p7 substrate_id=1d elapsed_seconds=300.1 phase=Starting Meta-MD   4 with the settings:
2026-09-07T14:38:25.969412+00:00 substrate_heartbeat domain=p7 substrate_id=1f elapsed_seconds=90.4 phase=Optimizing all 204 structures from file "crest_rotamers_0.xyz" ...
2026-09-07T14:38:30.647780+00:00 substrate_heartbeat domain=p7 substrate_id=1e elapsed_seconds=300.9 phase=Optimizing all 136 structures from file "crest_rotamers_0.xyz" ...
2026-09-07T14:38:31.882195+00:00 substrate_heartbeat domain=p7 substrate_id=1g elapsed_seconds=90.3 phase=Optimizing all 204 structures from file "crest_rotamers_0.xyz" ...
2026-09-07T14:38:47.898020+00:00 substrate_heartbeat domain=p7 substrate_id=1d elapsed_seconds=330.2 phase=Optimizing all 156 structures from file "crest_rotamers_0.xyz" ...
2026-09-07T14:38:56.093380+00:00 substrate_heartbeat domain=p7 substrate_id=1f elapsed_seconds=120.5 phase=Starting Meta-MD   2 with the settings:
2026-09-07T14:38:59.746630+00:00 substrate_heartbeat domain=p7 substrate_id=1e elapsed_seconds=330.0 phase=Optimizing all 35 structures from file "crest_rotamers_1.xyz" ...
2026-09-07T14:39:01.983402+00:00 substrate_heartbeat domain=p7 substrate_id=1g elapsed_seconds=120.4 phase=Starting Meta-MD   2 with the settings:
2026-09-07T14:39:17.990824+00:00 substrate_heartbeat domain=p7 substrate_id=1d elapsed_seconds=360.3 phase=Starting MD   1 with the settings:
2026-09-07T14:39:24.828963+00:00 crest_search_finish domain=p7 substrate_id=1e generated_unique=1 search_wall_seconds=355.096
2026-09-07T14:39:24.865877+00:00 rerank_progress domain=p7 substrate_id=1e attempted=1 total=1 successful=1
2026-09-07T14:39:24.868355+00:00 substrate_finish domain=p7 substrate_id=1e status=underfilled generated=1 retained=1 wall_seconds=355.096
2026-09-07T14:39:24.868683+00:00 substrate_start domain=p7 substrate_id=1h seed_pose_id=stage1-smoke-1h-substrate-uff-0001
2026-09-07T14:39:26.205885+00:00 substrate_heartbeat domain=p7 substrate_id=1f elapsed_seconds=150.6 phase=Optimizing all 136 structures from file "crest_rotamers_0.xyz" ...
2026-09-07T14:39:32.107851+00:00 substrate_heartbeat domain=p7 substrate_id=1g elapsed_seconds=150.6 phase=Optimizing all 136 structures from file "crest_rotamers_0.xyz" ...
2026-09-07T14:39:48.091815+00:00 substrate_heartbeat domain=p7 substrate_id=1d elapsed_seconds=390.4 phase=Optimizing all 39 structures from file "crest_rotamers_1.xyz" ...
2026-09-07T14:39:54.989144+00:00 substrate_heartbeat domain=p7 substrate_id=1h elapsed_seconds=30.1 phase=Starting Meta-MD   3 with the settings:
2026-09-07T14:39:56.313145+00:00 substrate_heartbeat domain=p7 substrate_id=1f elapsed_seconds=180.7 phase=Starting MD   1 with the settings:
2026-09-07T14:40:02.218857+00:00 substrate_heartbeat domain=p7 substrate_id=1g elapsed_seconds=180.7 phase=Starting MD   1 with the settings:
2026-09-07T14:40:08.160997+00:00 crest_search_finish domain=p7 substrate_id=1d generated_unique=1 search_wall_seconds=410.464
2026-09-07T14:40:08.196845+00:00 rerank_progress domain=p7 substrate_id=1d attempted=1 total=1 successful=1
2026-09-07T14:40:08.199387+00:00 substrate_finish domain=p7 substrate_id=1d status=underfilled generated=1 retained=1 wall_seconds=410.464
2026-09-07T14:40:08.199723+00:00 substrate_start domain=p7 substrate_id=1i seed_pose_id=stage1-smoke-1i-substrate-uff-0001
2026-09-07T14:40:24.432638+00:00 crest_search_finish domain=p7 substrate_id=1f generated_unique=1 search_wall_seconds=208.834
2026-09-07T14:40:24.463753+00:00 rerank_progress domain=p7 substrate_id=1f attempted=1 total=1 successful=1
2026-09-07T14:40:24.466495+00:00 substrate_finish domain=p7 substrate_id=1f status=underfilled generated=1 retained=1 wall_seconds=208.834
2026-09-07T14:40:24.466905+00:00 substrate_start domain=p7 substrate_id=1j seed_pose_id=stage1-smoke-1j-substrate-uff-0001
2026-09-07T14:40:25.082117+00:00 substrate_heartbeat domain=p7 substrate_id=1h elapsed_seconds=60.2 phase=Starting Meta-MD   6 with the settings:
2026-09-07T14:40:30.306422+00:00 crest_search_finish domain=p7 substrate_id=1g generated_unique=1 search_wall_seconds=208.77
2026-09-07T14:40:30.337238+00:00 rerank_progress domain=p7 substrate_id=1g attempted=1 total=1 successful=1
2026-09-07T14:40:30.339561+00:00 substrate_finish domain=p7 substrate_id=1g status=underfilled generated=1 retained=1 wall_seconds=208.77
2026-09-07T14:40:30.340038+00:00 substrate_start domain=p7 substrate_id=1k seed_pose_id=stage1-smoke-1k-substrate-uff-0001
2026-09-07T14:40:38.321139+00:00 substrate_heartbeat domain=p7 substrate_id=1i elapsed_seconds=30.1 phase=Starting Meta-MD   2 with the settings:
2026-09-07T14:40:54.595227+00:00 substrate_heartbeat domain=p7 substrate_id=1j elapsed_seconds=30.1 phase=Starting Meta-MD   3 with the settings:
2026-09-07T14:40:55.185422+00:00 substrate_heartbeat domain=p7 substrate_id=1h elapsed_seconds=90.3 phase=Optimizing all 174 structures from file "crest_rotamers_0.xyz" ...
2026-09-07T14:41:00.485117+00:00 substrate_heartbeat domain=p7 substrate_id=1k elapsed_seconds=30.1 phase=Starting Meta-MD   2 with the settings:
2026-09-07T14:41:08.423016+00:00 substrate_heartbeat domain=p7 substrate_id=1i elapsed_seconds=60.2 phase=Starting Meta-MD   5 with the settings:
2026-09-07T14:41:24.690939+00:00 substrate_heartbeat domain=p7 substrate_id=1j elapsed_seconds=60.2 phase=Starting Meta-MD   5 with the settings:
2026-09-07T14:41:25.297650+00:00 substrate_heartbeat domain=p7 substrate_id=1h elapsed_seconds=120.4 phase=Starting Meta-MD   1 with the settings:
2026-09-07T14:41:30.590357+00:00 substrate_heartbeat domain=p7 substrate_id=1k elapsed_seconds=60.2 phase=Starting Meta-MD   4 with the settings:
2026-09-07T14:41:38.535459+00:00 substrate_heartbeat domain=p7 substrate_id=1i elapsed_seconds=90.3 phase=Optimizing all 234 structures from file "crest_rotamers_0.xyz" ...
2026-09-07T14:41:54.795115+00:00 substrate_heartbeat domain=p7 substrate_id=1j elapsed_seconds=90.3 phase=Optimizing all 204 structures from file "crest_rotamers_0.xyz" ...
2026-09-07T14:41:55.397728+00:00 substrate_heartbeat domain=p7 substrate_id=1h elapsed_seconds=150.5 phase=Starting Meta-MD   4 with the settings:
2026-09-07T14:42:00.676240+00:00 substrate_heartbeat domain=p7 substrate_id=1k elapsed_seconds=90.3 phase=Starting Meta-MD   6 with the settings:
2026-09-07T14:42:08.648763+00:00 substrate_heartbeat domain=p7 substrate_id=1i elapsed_seconds=120.4 phase=Optimizing all 234 structures from file "crest_rotamers_0.xyz" ...
2026-09-07T14:42:24.962119+00:00 substrate_heartbeat domain=p7 substrate_id=1j elapsed_seconds=120.5 phase=Optimizing all 204 structures from file "crest_rotamers_0.xyz" ...
2026-09-07T14:42:25.547559+00:00 substrate_heartbeat domain=p7 substrate_id=1h elapsed_seconds=180.7 phase=Optimizing all 116 structures from file "crest_rotamers_0.xyz" ...
2026-09-07T14:42:30.845749+00:00 substrate_heartbeat domain=p7 substrate_id=1k elapsed_seconds=120.5 phase=Optimizing all 234 structures from file "crest_rotamers_0.xyz" ...
2026-09-07T14:42:38.851478+00:00 substrate_heartbeat domain=p7 substrate_id=1i elapsed_seconds=150.7 phase=Optimizing all 234 structures from file "crest_rotamers_0.xyz" ...
2026-09-07T14:42:55.167492+00:00 substrate_heartbeat domain=p7 substrate_id=1j elapsed_seconds=150.7 phase=Starting Meta-MD   2 with the settings:
2026-09-07T14:42:55.781946+00:00 substrate_heartbeat domain=p7 substrate_id=1h elapsed_seconds=210.9 phase=Optimizing all 29 structures from file "crest_rotamers_1.xyz" ...
2026-09-07T14:43:01.085968+00:00 substrate_heartbeat domain=p7 substrate_id=1k elapsed_seconds=150.7 phase=Optimizing all 234 structures from file "crest_rotamers_0.xyz" ...
2026-09-07T14:43:09.038825+00:00 substrate_heartbeat domain=p7 substrate_id=1i elapsed_seconds=180.8 phase=Starting Meta-MD   2 with the settings:
2026-09-07T14:43:09.861861+00:00 crest_search_finish domain=p7 substrate_id=1h generated_unique=1 search_wall_seconds=224.991
2026-09-07T14:43:09.898443+00:00 rerank_progress domain=p7 substrate_id=1h attempted=1 total=1 successful=1
2026-09-07T14:43:09.900750+00:00 substrate_finish domain=p7 substrate_id=1h status=underfilled generated=1 retained=1 wall_seconds=224.991
2026-09-07T14:43:09.901066+00:00 substrate_start domain=p7 substrate_id=1l seed_pose_id=stage1-smoke-1l-substrate-uff-0001
2026-09-07T14:43:25.414365+00:00 substrate_heartbeat domain=p7 substrate_id=1j elapsed_seconds=180.9 phase=Starting Meta-MD   4 with the settings:
2026-09-07T14:43:31.293069+00:00 substrate_heartbeat domain=p7 substrate_id=1k elapsed_seconds=181.0 phase=Starting Meta-MD   1 with the settings:
2026-09-07T14:43:38.248866+00:00 substrate_heartbeat domain=p7 substrate_id=1i elapsed_seconds=210.0 phase=Starting Meta-MD   4 with the settings:
2026-09-07T14:43:40.105460+00:00 substrate_heartbeat domain=p7 substrate_id=1l elapsed_seconds=30.2 phase=Starting Meta-MD   2 with the settings:
2026-09-07T14:43:54.618101+00:00 substrate_heartbeat domain=p7 substrate_id=1j elapsed_seconds=210.1 phase=Optimizing all 136 structures from file "crest_rotamers_0.xyz" ...
2026-09-07T14:44:00.492147+00:00 substrate_heartbeat domain=p7 substrate_id=1k elapsed_seconds=210.1 phase=Starting Meta-MD   2 with the settings:
2026-09-07T14:44:08.449030+00:00 substrate_heartbeat domain=p7 substrate_id=1i elapsed_seconds=240.2 phase=Optimizing all 156 structures from file "crest_rotamers_0.xyz" ...
2026-09-07T14:44:10.303254+00:00 substrate_heartbeat domain=p7 substrate_id=1l elapsed_seconds=60.4 phase=Starting Meta-MD   4 with the settings:
2026-09-07T14:44:24.797849+00:00 substrate_heartbeat domain=p7 substrate_id=1j elapsed_seconds=240.3 phase=Starting Meta-MD   2 with the settings:
2026-09-07T14:44:30.708614+00:00 substrate_heartbeat domain=p7 substrate_id=1k elapsed_seconds=240.4 phase=Starting Meta-MD   4 with the settings:
2026-09-07T14:44:38.628038+00:00 substrate_heartbeat domain=p7 substrate_id=1i elapsed_seconds=270.4 phase=Starting MD   2 with the settings:
2026-09-07T14:44:40.499091+00:00 substrate_heartbeat domain=p7 substrate_id=1l elapsed_seconds=90.6 phase=Starting Meta-MD   6 with the settings:
2026-09-07T14:44:55.043779+00:00 substrate_heartbeat domain=p7 substrate_id=1j elapsed_seconds=270.6 phase=Starting Meta-MD   4 with the settings:
2026-09-07T14:45:00.932328+00:00 substrate_heartbeat domain=p7 substrate_id=1k elapsed_seconds=270.6 phase=Optimizing all 156 structures from file "crest_rotamers_0.xyz" ...
2026-09-07T14:45:08.835994+00:00 substrate_heartbeat domain=p7 substrate_id=1i elapsed_seconds=300.6 phase=Optimizing all 39 structures from file "crest_rotamers_1.xyz" ...
2026-09-07T14:45:10.674246+00:00 substrate_heartbeat domain=p7 substrate_id=1l elapsed_seconds=120.8 phase=Optimizing all 204 structures from file "crest_rotamers_0.xyz" ...
2026-09-07T14:45:22.931690+00:00 crest_search_finish domain=p7 substrate_id=1i generated_unique=1 search_wall_seconds=314.729
2026-09-07T14:45:22.972853+00:00 rerank_progress domain=p7 substrate_id=1i attempted=1 total=1 successful=1
2026-09-07T14:45:22.975183+00:00 substrate_finish domain=p7 substrate_id=1i status=underfilled generated=1 retained=1 wall_seconds=314.729
2026-09-07T14:45:22.975571+00:00 substrate_start domain=p7 substrate_id=1m seed_pose_id=stage1-smoke-1m-substrate-uff-0001
2026-09-07T14:45:25.241969+00:00 substrate_heartbeat domain=p7 substrate_id=1j elapsed_seconds=300.8 phase=Optimizing all 136 structures from file "crest_rotamers_0.xyz" ...
2026-09-07T14:45:31.155105+00:00 substrate_heartbeat domain=p7 substrate_id=1k elapsed_seconds=300.8 phase=Optimizing all 156 structures from file "crest_rotamers_0.xyz" ...
2026-09-07T14:45:40.910307+00:00 substrate_heartbeat domain=p7 substrate_id=1l elapsed_seconds=151.0 phase=Optimizing all 204 structures from file "crest_rotamers_0.xyz" ...
2026-09-07T14:45:53.211750+00:00 substrate_heartbeat domain=p7 substrate_id=1m elapsed_seconds=30.2 phase=Starting Meta-MD   2 with the settings:
2026-09-07T14:45:55.438407+00:00 substrate_heartbeat domain=p7 substrate_id=1j elapsed_seconds=331.0 phase=Optimizing all 35 structures from file "crest_rotamers_1.xyz" ...
2026-09-07T14:46:00.354345+00:00 substrate_heartbeat domain=p7 substrate_id=1k elapsed_seconds=330.0 phase=Optimizing all 39 structures from file "crest_rotamers_1.xyz" ...
2026-09-07T14:46:10.132938+00:00 substrate_heartbeat domain=p7 substrate_id=1l elapsed_seconds=180.2 phase=Starting Meta-MD   1 with the settings:
2026-09-07T14:46:23.383618+00:00 substrate_heartbeat domain=p7 substrate_id=1m elapsed_seconds=60.4 phase=Starting Meta-MD   5 with the settings:
2026-09-07T14:46:24.611739+00:00 substrate_heartbeat domain=p7 substrate_id=1j elapsed_seconds=360.1 phase=Optimizing all 35 structures from file "crest_rotamers_1.xyz" ...
2026-09-07T14:46:30.548329+00:00 substrate_heartbeat domain=p7 substrate_id=1k elapsed_seconds=360.2 phase=Optimizing all 39 structures from file "crest_rotamers_1.xyz" ...
2026-09-07T14:46:31.653277+00:00 crest_search_finish domain=p7 substrate_id=1j generated_unique=1 search_wall_seconds=367.183
2026-09-07T14:46:31.695456+00:00 rerank_progress domain=p7 substrate_id=1j attempted=1 total=1 successful=1
2026-09-07T14:46:31.697997+00:00 substrate_finish domain=p7 substrate_id=1j status=underfilled generated=1 retained=1 wall_seconds=367.183
2026-09-07T14:46:31.698335+00:00 substrate_start domain=p7 substrate_id=1n seed_pose_id=stage1-smoke-1n-substrate-uff-0001
2026-09-07T14:46:40.325953+00:00 substrate_heartbeat domain=p7 substrate_id=1l elapsed_seconds=210.4 phase=Starting Meta-MD   3 with the settings:
2026-09-07T14:46:40.623106+00:00 crest_search_finish domain=p7 substrate_id=1k generated_unique=1 search_wall_seconds=370.28
2026-09-07T14:46:40.663225+00:00 rerank_progress domain=p7 substrate_id=1k attempted=1 total=1 successful=1
2026-09-07T14:46:40.665742+00:00 substrate_finish domain=p7 substrate_id=1k status=underfilled generated=1 retained=1 wall_seconds=370.28
2026-09-07T14:46:40.666032+00:00 substrate_start domain=p7 substrate_id=1o seed_pose_id=stage1-smoke-1o-substrate-uff-0001
2026-09-07T14:46:53.568835+00:00 substrate_heartbeat domain=p7 substrate_id=1m elapsed_seconds=90.6 phase=Optimizing all 204 structures from file "crest_rotamers_0.xyz" ...
2026-09-07T14:47:01.943744+00:00 substrate_heartbeat domain=p7 substrate_id=1n elapsed_seconds=30.2 phase=Starting Meta-MD   2 with the settings:
2026-09-07T14:47:10.545799+00:00 substrate_heartbeat domain=p7 substrate_id=1l elapsed_seconds=240.6 phase=Optimizing all 136 structures from file "crest_rotamers_0.xyz" ...
2026-09-07T14:47:10.849468+00:00 substrate_heartbeat domain=p7 substrate_id=1o elapsed_seconds=30.2 phase=Starting Meta-MD   3 with the settings:
2026-09-07T14:47:23.789239+00:00 substrate_heartbeat domain=p7 substrate_id=1m elapsed_seconds=120.8 phase=Optimizing all 204 structures from file "crest_rotamers_0.xyz" ...
2026-09-07T14:47:32.181797+00:00 substrate_heartbeat domain=p7 substrate_id=1n elapsed_seconds=60.5 phase=Starting Meta-MD   3 with the settings:
2026-09-07T14:47:40.750268+00:00 substrate_heartbeat domain=p7 substrate_id=1l elapsed_seconds=270.8 phase=Optimizing all 136 structures from file "crest_rotamers_0.xyz" ...
2026-09-07T14:47:41.027487+00:00 substrate_heartbeat domain=p7 substrate_id=1o elapsed_seconds=60.4 phase=Starting Meta-MD   6 with the settings:
2026-09-07T14:47:53.978353+00:00 substrate_heartbeat domain=p7 substrate_id=1m elapsed_seconds=151.0 phase=Starting Meta-MD   1 with the settings:
2026-09-07T14:48:02.410432+00:00 substrate_heartbeat domain=p7 substrate_id=1n elapsed_seconds=90.7 phase=Starting Meta-MD   5 with the settings:
2026-09-07T14:48:09.935696+00:00 substrate_heartbeat domain=p7 substrate_id=1l elapsed_seconds=300.0 phase=Optimizing all 35 structures from file "crest_rotamers_1.xyz" ...
2026-09-07T14:48:11.202014+00:00 substrate_heartbeat domain=p7 substrate_id=1o elapsed_seconds=90.5 phase=Optimizing all 174 structures from file "crest_rotamers_0.xyz" ...
2026-09-07T14:48:23.191522+00:00 substrate_heartbeat domain=p7 substrate_id=1m elapsed_seconds=180.2 phase=Starting Meta-MD   4 with the settings:
2026-09-07T14:48:32.625515+00:00 substrate_heartbeat domain=p7 substrate_id=1n elapsed_seconds=120.9 phase=Optimizing all 204 structures from file "crest_rotamers_0.xyz" ...
2026-09-07T14:48:39.116783+00:00 crest_search_finish domain=p7 substrate_id=1l generated_unique=1 search_wall_seconds=329.213
2026-09-07T14:48:39.163909+00:00 rerank_progress domain=p7 substrate_id=1l attempted=1 total=1 successful=1
2026-09-07T14:48:39.166631+00:00 substrate_finish domain=p7 substrate_id=1l status=underfilled generated=1 retained=1 wall_seconds=329.213
2026-09-07T14:48:39.167087+00:00 substrate_start domain=p7 substrate_id=1p seed_pose_id=stage1-smoke-1p-substrate-uff-0001
2026-09-07T14:48:41.431330+00:00 substrate_heartbeat domain=p7 substrate_id=1o elapsed_seconds=120.8 phase=Starting Meta-MD   3 with the settings:
2026-09-07T14:48:53.426645+00:00 substrate_heartbeat domain=p7 substrate_id=1m elapsed_seconds=210.4 phase=Optimizing all 136 structures from file "crest_rotamers_0.xyz" ...
2026-09-07T14:49:01.804215+00:00 substrate_heartbeat domain=p7 substrate_id=1n elapsed_seconds=150.1 phase=Optimizing all 204 structures from file "crest_rotamers_0.xyz" ...
2026-09-07T14:49:09.424616+00:00 substrate_heartbeat domain=p7 substrate_id=1p elapsed_seconds=30.3 phase=Starting Meta-MD   2 with the settings:
2026-09-07T14:49:11.666060+00:00 substrate_heartbeat domain=p7 substrate_id=1o elapsed_seconds=151.0 phase=Optimizing all 116 structures from file "crest_rotamers_0.xyz" ...
2026-09-07T14:49:23.645178+00:00 substrate_heartbeat domain=p7 substrate_id=1m elapsed_seconds=240.7 phase=Optimizing all 35 structures from file "crest_rotamers_1.xyz" ...
2026-09-07T14:49:31.999512+00:00 substrate_heartbeat domain=p7 substrate_id=1n elapsed_seconds=180.3 phase=Optimizing all 204 structures from file "crest_rotamers_0.xyz" ...
2026-09-07T14:49:39.616208+00:00 substrate_heartbeat domain=p7 substrate_id=1p elapsed_seconds=60.4 phase=Starting Meta-MD   4 with the settings:
2026-09-07T14:49:40.889779+00:00 substrate_heartbeat domain=p7 substrate_id=1o elapsed_seconds=180.2 phase=Optimizing all 29 structures from file "crest_rotamers_1.xyz" ...
2026-09-07T14:49:49.969554+00:00 crest_search_finish domain=p7 substrate_id=1o generated_unique=1 search_wall_seconds=189.302
2026-09-07T14:49:50.004849+00:00 rerank_progress domain=p7 substrate_id=1o attempted=1 total=1 successful=1
2026-09-07T14:49:50.007207+00:00 substrate_finish domain=p7 substrate_id=1o status=underfilled generated=1 retained=1 wall_seconds=189.302
2026-09-07T14:49:50.007534+00:00 substrate_start domain=p7 substrate_id=1q seed_pose_id=stage1-smoke-1q-substrate-uff-0001
2026-09-07T14:49:51.844047+00:00 crest_search_finish domain=p7 substrate_id=1m generated_unique=1 search_wall_seconds=268.866
2026-09-07T14:49:51.881608+00:00 rerank_progress domain=p7 substrate_id=1m attempted=1 total=1 successful=1
2026-09-07T14:49:51.884014+00:00 substrate_finish domain=p7 substrate_id=1m status=underfilled generated=1 retained=1 wall_seconds=268.866
2026-09-07T14:49:51.884313+00:00 substrate_start domain=p7 substrate_id=1r seed_pose_id=stage1-smoke-1r-substrate-uff-0001
2026-09-07T14:50:02.210493+00:00 substrate_heartbeat domain=p7 substrate_id=1n elapsed_seconds=210.5 phase=Starting Meta-MD   1 with the settings:
2026-09-07T14:50:09.810927+00:00 substrate_heartbeat domain=p7 substrate_id=1p elapsed_seconds=90.6 phase=Starting Meta-MD   6 with the settings:
2026-09-07T14:50:20.231066+00:00 substrate_heartbeat domain=p7 substrate_id=1q elapsed_seconds=30.2 phase=Starting Meta-MD   2 with the settings:
2026-09-07T14:50:22.110135+00:00 substrate_heartbeat domain=p7 substrate_id=1r elapsed_seconds=30.2 phase=Starting Meta-MD   2 with the settings:
2026-09-07T14:50:32.409125+00:00 substrate_heartbeat domain=p7 substrate_id=1n elapsed_seconds=240.7 phase=Starting Meta-MD   3 with the settings:
2026-09-07T14:50:40.028817+00:00 substrate_heartbeat domain=p7 substrate_id=1p elapsed_seconds=120.9 phase=Optimizing all 204 structures from file "crest_rotamers_0.xyz" ...
2026-09-07T14:50:50.464053+00:00 substrate_heartbeat domain=p7 substrate_id=1q elapsed_seconds=60.5 phase=Starting Meta-MD   4 with the settings:
2026-09-07T14:50:52.325879+00:00 substrate_heartbeat domain=p7 substrate_id=1r elapsed_seconds=60.4 phase=Starting Meta-MD   4 with the settings:
2026-09-07T14:51:02.586637+00:00 substrate_heartbeat domain=p7 substrate_id=1n elapsed_seconds=270.9 phase=Optimizing all 136 structures from file "crest_rotamers_0.xyz" ...
2026-09-07T14:51:09.205798+00:00 substrate_heartbeat domain=p7 substrate_id=1p elapsed_seconds=150.0 phase=Optimizing all 204 structures from file "crest_rotamers_0.xyz" ...
2026-09-07T14:51:20.670237+00:00 substrate_heartbeat domain=p7 substrate_id=1q elapsed_seconds=90.7 phase=Starting Meta-MD   6 with the settings:
2026-09-07T14:51:22.521261+00:00 substrate_heartbeat domain=p7 substrate_id=1r elapsed_seconds=90.6 phase=Starting Meta-MD   5 with the settings:
2026-09-07T14:51:31.752351+00:00 substrate_heartbeat domain=p7 substrate_id=1n elapsed_seconds=300.1 phase=Optimizing all 136 structures from file "crest_rotamers_0.xyz" ...
2026-09-07T14:51:39.441563+00:00 substrate_heartbeat domain=p7 substrate_id=1p elapsed_seconds=180.3 phase=Starting Meta-MD   1 with the settings:
2026-09-07T14:51:50.885732+00:00 substrate_heartbeat domain=p7 substrate_id=1q elapsed_seconds=120.9 phase=Optimizing all 204 structures from file "crest_rotamers_0.xyz" ...
2026-09-07T14:51:52.730730+00:00 substrate_heartbeat domain=p7 substrate_id=1r elapsed_seconds=120.8 phase=Optimizing all 204 structures from file "crest_rotamers_0.xyz" ...
2026-09-07T14:52:01.934250+00:00 substrate_heartbeat domain=p7 substrate_id=1n elapsed_seconds=330.2 phase=Starting MD   1 with the settings:
2026-09-07T14:52:09.682667+00:00 substrate_heartbeat domain=p7 substrate_id=1p elapsed_seconds=210.5 phase=Starting Meta-MD   3 with the settings:
2026-09-07T14:52:20.089060+00:00 substrate_heartbeat domain=p7 substrate_id=1q elapsed_seconds=150.1 phase=Optimizing all 204 structures from file "crest_rotamers_0.xyz" ...
2026-09-07T14:52:21.898892+00:00 substrate_heartbeat domain=p7 substrate_id=1r elapsed_seconds=150.0 phase=Optimizing all 204 structures from file "crest_rotamers_0.xyz" ...
2026-09-07T14:52:32.158460+00:00 substrate_heartbeat domain=p7 substrate_id=1n elapsed_seconds=360.5 phase=Optimizing all 35 structures from file "crest_rotamers_1.xyz" ...
2026-09-07T14:52:39.913360+00:00 substrate_heartbeat domain=p7 substrate_id=1p elapsed_seconds=240.7 phase=Optimizing all 136 structures from file "crest_rotamers_0.xyz" ...
2026-09-07T14:52:50.277646+00:00 substrate_heartbeat domain=p7 substrate_id=1q elapsed_seconds=180.3 phase=Starting Meta-MD   1 with the settings:
2026-09-07T14:52:52.086854+00:00 substrate_heartbeat domain=p7 substrate_id=1r elapsed_seconds=180.2 phase=Optimizing all 2 structures from file "crest_rotamers_1.xyz" ...
2026-09-07T14:53:00.304766+00:00 crest_search_finish domain=p7 substrate_id=1n generated_unique=1 search_wall_seconds=388.621
2026-09-07T14:53:00.358175+00:00 rerank_progress domain=p7 substrate_id=1n attempted=1 total=1 successful=1
2026-09-07T14:53:00.361546+00:00 substrate_finish domain=p7 substrate_id=1n status=underfilled generated=1 retained=1 wall_seconds=388.621
2026-09-07T14:53:00.361953+00:00 substrate_start domain=p7 substrate_id=1s seed_pose_id=stage1-smoke-1s-substrate-uff-0001
2026-09-07T14:53:10.115777+00:00 substrate_heartbeat domain=p7 substrate_id=1p elapsed_seconds=271.0 phase=Optimizing all 136 structures from file "crest_rotamers_0.xyz" ...
2026-09-07T14:53:20.469814+00:00 substrate_heartbeat domain=p7 substrate_id=1q elapsed_seconds=210.5 phase=Starting Meta-MD   3 with the settings:
2026-09-07T14:53:22.287728+00:00 substrate_heartbeat domain=p7 substrate_id=1r elapsed_seconds=210.4 phase=Starting Meta-MD   2 with the settings:
2026-09-07T14:53:30.574899+00:00 substrate_heartbeat domain=p7 substrate_id=1s elapsed_seconds=30.2 phase=Starting Meta-MD   2 with the settings:
2026-09-07T14:53:39.301947+00:00 substrate_heartbeat domain=p7 substrate_id=1p elapsed_seconds=300.2 phase=Optimizing all 35 structures from file "crest_rotamers_1.xyz" ...
2026-09-07T14:53:50.660716+00:00 substrate_heartbeat domain=p7 substrate_id=1q elapsed_seconds=240.7 phase=Optimizing all 136 structures from file "crest_rotamers_0.xyz" ...
2026-09-07T14:53:52.470457+00:00 substrate_heartbeat domain=p7 substrate_id=1r elapsed_seconds=240.6 phase=Starting Meta-MD   4 with the settings:
2026-09-07T14:54:00.836724+00:00 substrate_heartbeat domain=p7 substrate_id=1s elapsed_seconds=60.5 phase=Starting Meta-MD   4 with the settings:
2026-09-07T14:54:09.482262+00:00 substrate_heartbeat domain=p7 substrate_id=1p elapsed_seconds=330.3 phase=Optimizing all 35 structures from file "crest_rotamers_1.xyz" ...
2026-09-07T14:54:12.504114+00:00 crest_search_finish domain=p7 substrate_id=1p generated_unique=1 search_wall_seconds=333.369
2026-09-07T14:54:12.550326+00:00 rerank_progress domain=p7 substrate_id=1p attempted=1 total=1 successful=1
2026-09-07T14:54:12.552964+00:00 substrate_finish domain=p7 substrate_id=1p status=underfilled generated=1 retained=1 wall_seconds=333.369
2026-09-07T14:54:12.553381+00:00 substrate_start domain=p7 substrate_id=1t seed_pose_id=stage1-smoke-1t-substrate-uff-0001
2026-09-07T14:54:20.843292+00:00 substrate_heartbeat domain=p7 substrate_id=1q elapsed_seconds=270.9 phase=Optimizing all 136 structures from file "crest_rotamers_0.xyz" ...
2026-09-07T14:54:22.681959+00:00 substrate_heartbeat domain=p7 substrate_id=1r elapsed_seconds=270.8 phase=Optimizing all 136 structures from file "crest_rotamers_0.xyz" ...
2026-09-07T14:54:31.064585+00:00 substrate_heartbeat domain=p7 substrate_id=1s elapsed_seconds=90.7 phase=Starting Meta-MD   6 with the settings:
2026-09-07T14:54:42.775694+00:00 substrate_heartbeat domain=p7 substrate_id=1t elapsed_seconds=30.2 phase=Starting Meta-MD   2 with the settings:
2026-09-07T14:54:50.076969+00:00 substrate_heartbeat domain=p7 substrate_id=1q elapsed_seconds=300.1 phase=Optimizing all 35 structures from file "crest_rotamers_1.xyz" ...
2026-09-07T14:54:51.907149+00:00 substrate_heartbeat domain=p7 substrate_id=1r elapsed_seconds=300.1 phase=Optimizing all 136 structures from file "crest_rotamers_0.xyz" ...
2026-09-07T14:55:01.292279+00:00 substrate_heartbeat domain=p7 substrate_id=1s elapsed_seconds=120.9 phase=Optimizing all 204 structures from file "crest_rotamers_0.xyz" ...
2026-09-07T14:55:12.993223+00:00 substrate_heartbeat domain=p7 substrate_id=1t elapsed_seconds=60.4 phase=Starting Meta-MD   3 with the settings:
2026-09-07T14:55:20.280943+00:00 substrate_heartbeat domain=p7 substrate_id=1q elapsed_seconds=330.3 phase=Optimizing all 35 structures from file "crest_rotamers_1.xyz" ...
2026-09-07T14:55:22.121390+00:00 substrate_heartbeat domain=p7 substrate_id=1r elapsed_seconds=330.3 phase=Optimizing all 35 structures from file "crest_rotamers_1.xyz" ...
2026-09-07T14:55:22.301563+00:00 crest_search_finish domain=p7 substrate_id=1q generated_unique=1 search_wall_seconds=332.327
2026-09-07T14:55:22.345232+00:00 rerank_progress domain=p7 substrate_id=1q attempted=1 total=1 successful=1
2026-09-07T14:55:22.347720+00:00 substrate_finish domain=p7 substrate_id=1q status=underfilled generated=1 retained=1 wall_seconds=332.327
2026-09-07T14:55:22.348048+00:00 substrate_start domain=p7 substrate_id=1u seed_pose_id=stage1-smoke-1u-substrate-uff-0001
2026-09-07T14:55:30.500358+00:00 substrate_heartbeat domain=p7 substrate_id=1s elapsed_seconds=150.2 phase=Optimizing all 204 structures from file "crest_rotamers_0.xyz" ...
2026-09-07T14:55:43.191980+00:00 substrate_heartbeat domain=p7 substrate_id=1t elapsed_seconds=90.6 phase=Starting Meta-MD   4 with the settings:
2026-09-07T14:55:49.310085+00:00 crest_search_finish domain=p7 substrate_id=1r generated_unique=1 search_wall_seconds=357.459
2026-09-07T14:55:49.355435+00:00 rerank_progress domain=p7 substrate_id=1r attempted=1 total=1 successful=1
2026-09-07T14:55:49.358226+00:00 substrate_finish domain=p7 substrate_id=1r status=underfilled generated=1 retained=1 wall_seconds=357.459
2026-09-07T14:55:49.358690+00:00 substrate_start domain=p7 substrate_id=1v seed_pose_id=stage1-smoke-1v-substrate-uff-0001
2026-09-07T14:55:52.563731+00:00 substrate_heartbeat domain=p7 substrate_id=1u elapsed_seconds=30.2 phase=Starting Meta-MD   2 with the settings:
2026-09-07T14:56:00.752113+00:00 substrate_heartbeat domain=p7 substrate_id=1s elapsed_seconds=180.4 phase=Starting Meta-MD   1 with the settings:
2026-09-07T14:56:13.398788+00:00 substrate_heartbeat domain=p7 substrate_id=1t elapsed_seconds=120.8 phase=Starting Meta-MD   6 with the settings:
2026-09-07T14:56:19.582950+00:00 substrate_heartbeat domain=p7 substrate_id=1v elapsed_seconds=30.2 phase=Starting Meta-MD   3 with the settings:
2026-09-07T14:56:22.801620+00:00 substrate_heartbeat domain=p7 substrate_id=1u elapsed_seconds=60.5 phase=Starting Meta-MD   3 with the settings:
2026-09-07T14:56:30.962182+00:00 substrate_heartbeat domain=p7 substrate_id=1s elapsed_seconds=210.6 phase=Starting Meta-MD   3 with the settings:
2026-09-07T14:56:42.601322+00:00 substrate_heartbeat domain=p7 substrate_id=1t elapsed_seconds=150.0 phase=Optimizing all 234 structures from file "crest_rotamers_0.xyz" ...
2026-09-07T14:56:49.804553+00:00 substrate_heartbeat domain=p7 substrate_id=1v elapsed_seconds=60.4 phase=Starting Meta-MD   6 with the settings:
2026-09-07T14:56:52.975589+00:00 substrate_heartbeat domain=p7 substrate_id=1u elapsed_seconds=90.6 phase=Starting Meta-MD   5 with the settings:
2026-09-07T14:57:01.155276+00:00 substrate_heartbeat domain=p7 substrate_id=1s elapsed_seconds=240.8 phase=Starting Meta-MD   4 with the settings:
2026-09-07T14:57:12.832234+00:00 substrate_heartbeat domain=p7 substrate_id=1t elapsed_seconds=180.3 phase=Optimizing all 234 structures from file "crest_rotamers_0.xyz" ...
2026-09-07T14:57:20.016900+00:00 substrate_heartbeat domain=p7 substrate_id=1v elapsed_seconds=90.7 phase=Optimizing all 174 structures from file "crest_rotamers_0.xyz" ...
2026-09-07T14:57:23.194037+00:00 substrate_heartbeat domain=p7 substrate_id=1u elapsed_seconds=120.8 phase=Optimizing all 204 structures from file "crest_rotamers_0.xyz" ...
2026-09-07T14:57:31.348981+00:00 substrate_heartbeat domain=p7 substrate_id=1s elapsed_seconds=271.0 phase=Optimizing all 136 structures from file "crest_rotamers_0.xyz" ...
2026-09-07T14:57:43.048352+00:00 substrate_heartbeat domain=p7 substrate_id=1t elapsed_seconds=210.5 phase=Optimizing all 234 structures from file "crest_rotamers_0.xyz" ...
2026-09-07T14:57:50.256206+00:00 substrate_heartbeat domain=p7 substrate_id=1v elapsed_seconds=120.9 phase=Starting Meta-MD   2 with the settings:
2026-09-07T14:57:52.439222+00:00 substrate_heartbeat domain=p7 substrate_id=1u elapsed_seconds=150.1 phase=Optimizing all 204 structures from file "crest_rotamers_0.xyz" ...
2026-09-07T14:58:00.543937+00:00 substrate_heartbeat domain=p7 substrate_id=1s elapsed_seconds=300.2 phase=Optimizing all 35 structures from file "crest_rotamers_1.xyz" ...
2026-09-07T14:58:13.240350+00:00 substrate_heartbeat domain=p7 substrate_id=1t elapsed_seconds=240.7 phase=Starting Meta-MD   1 with the settings:
2026-09-07T14:58:19.462754+00:00 substrate_heartbeat domain=p7 substrate_id=1v elapsed_seconds=150.1 phase=Optimizing all 116 structures from file "crest_rotamers_0.xyz" ...
2026-09-07T14:58:22.640357+00:00 substrate_heartbeat domain=p7 substrate_id=1u elapsed_seconds=180.3 phase=Starting Meta-MD   1 with the settings:
2026-09-07T14:58:30.761099+00:00 substrate_heartbeat domain=p7 substrate_id=1s elapsed_seconds=330.4 phase=Optimizing all 35 structures from file "crest_rotamers_1.xyz" ...
2026-09-07T14:58:36.805660+00:00 crest_search_finish domain=p7 substrate_id=1s generated_unique=1 search_wall_seconds=336.459
2026-09-07T14:58:36.845498+00:00 rerank_progress domain=p7 substrate_id=1s attempted=1 total=1 successful=1
2026-09-07T14:58:36.847757+00:00 substrate_finish domain=p7 substrate_id=1s status=underfilled generated=1 retained=1 wall_seconds=336.459
2026-09-07T14:58:36.848075+00:00 substrate_start domain=p7 substrate_id=1w seed_pose_id=stage1-smoke-1w-substrate-uff-0001
2026-09-07T14:58:43.440637+00:00 substrate_heartbeat domain=p7 substrate_id=1t elapsed_seconds=270.9 phase=Starting Meta-MD   3 with the settings:
2026-09-07T14:58:49.659067+00:00 substrate_heartbeat domain=p7 substrate_id=1v elapsed_seconds=180.3 phase=Starting MD   2 with the settings:
2026-09-07T14:58:52.796385+00:00 substrate_heartbeat domain=p7 substrate_id=1u elapsed_seconds=210.4 phase=Starting Meta-MD   2 with the settings:
2026-09-07T14:59:05.788736+00:00 crest_search_finish domain=p7 substrate_id=1v generated_unique=1 search_wall_seconds=196.429
2026-09-07T14:59:05.825554+00:00 rerank_progress domain=p7 substrate_id=1v attempted=1 total=1 successful=1
2026-09-07T14:59:05.828016+00:00 substrate_finish domain=p7 substrate_id=1v status=underfilled generated=1 retained=1 wall_seconds=196.429
2026-09-07T14:59:05.828401+00:00 substrate_start domain=p7 substrate_id=1x seed_pose_id=stage1-smoke-1x-substrate-uff-0001
2026-09-07T14:59:07.052219+00:00 substrate_heartbeat domain=p7 substrate_id=1w elapsed_seconds=30.2 phase=Starting Meta-MD   2 with the settings:
2026-09-07T14:59:12.637691+00:00 substrate_heartbeat domain=p7 substrate_id=1t elapsed_seconds=300.1 phase=Starting Meta-MD   4 with the settings:
2026-09-07T14:59:22.992636+00:00 substrate_heartbeat domain=p7 substrate_id=1u elapsed_seconds=240.6 phase=Starting Meta-MD   4 with the settings:
2026-09-07T14:59:36.044918+00:00 substrate_heartbeat domain=p7 substrate_id=1x elapsed_seconds=30.2 phase=Starting Meta-MD   2 with the settings:
2026-09-07T14:59:37.308301+00:00 substrate_heartbeat domain=p7 substrate_id=1w elapsed_seconds=60.5 phase=Starting Meta-MD   4 with the settings:
2026-09-07T14:59:42.823793+00:00 substrate_heartbeat domain=p7 substrate_id=1t elapsed_seconds=330.3 phase=Optimizing all 156 structures from file "crest_rotamers_0.xyz" ...
2026-09-07T14:59:53.164305+00:00 substrate_heartbeat domain=p7 substrate_id=1u elapsed_seconds=270.8 phase=Optimizing all 136 structures from file "crest_rotamers_0.xyz" ...
2026-09-07T15:00:06.208092+00:00 substrate_heartbeat domain=p7 substrate_id=1x elapsed_seconds=60.4 phase=Starting Meta-MD   4 with the settings:
2026-09-07T15:00:07.513187+00:00 substrate_heartbeat domain=p7 substrate_id=1w elapsed_seconds=90.7 phase=Starting Meta-MD   6 with the settings:
2026-09-07T15:00:13.045562+00:00 substrate_heartbeat domain=p7 substrate_id=1t elapsed_seconds=360.5 phase=Starting MD   1 with the settings:
2026-09-07T15:00:22.363994+00:00 substrate_heartbeat domain=p7 substrate_id=1u elapsed_seconds=300.0 phase=Starting MD   2 with the settings:
2026-09-07T15:00:36.374105+00:00 substrate_heartbeat domain=p7 substrate_id=1x elapsed_seconds=90.5 phase=Starting Meta-MD   5 with the settings:
2026-09-07T15:00:37.680947+00:00 substrate_heartbeat domain=p7 substrate_id=1w elapsed_seconds=120.8 phase=Optimizing all 204 structures from file "crest_rotamers_0.xyz" ...
2026-09-07T15:00:43.170960+00:00 substrate_heartbeat domain=p7 substrate_id=1t elapsed_seconds=390.6 phase=Optimizing all 39 structures from file "crest_rotamers_1.xyz" ...
2026-09-07T15:00:52.466192+00:00 substrate_heartbeat domain=p7 substrate_id=1u elapsed_seconds=330.1 phase=Optimizing all 35 structures from file "crest_rotamers_1.xyz" ...
2026-09-07T15:01:06.489765+00:00 substrate_heartbeat domain=p7 substrate_id=1x elapsed_seconds=120.7 phase=Optimizing all 204 structures from file "crest_rotamers_0.xyz" ...
2026-09-07T15:01:07.803373+00:00 substrate_heartbeat domain=p7 substrate_id=1w elapsed_seconds=151.0 phase=Optimizing all 204 structures from file "crest_rotamers_0.xyz" ...
2026-09-07T15:01:12.267563+00:00 crest_search_finish domain=p7 substrate_id=1t generated_unique=1 search_wall_seconds=419.712
2026-09-07T15:01:12.318995+00:00 rerank_progress domain=p7 substrate_id=1t attempted=1 total=1 successful=1
2026-09-07T15:01:12.322233+00:00 substrate_finish domain=p7 substrate_id=1t status=underfilled generated=1 retained=1 wall_seconds=419.712
2026-09-07T15:01:12.322669+00:00 substrate_start domain=p7 substrate_id=1y seed_pose_id=stage1-smoke-1y-substrate-uff-0001
2026-09-07T15:01:14.540247+00:00 crest_search_finish domain=p7 substrate_id=1u generated_unique=1 search_wall_seconds=352.19
2026-09-07T15:01:14.590832+00:00 rerank_progress domain=p7 substrate_id=1u attempted=1 total=1 successful=1
2026-09-07T15:01:14.594286+00:00 substrate_finish domain=p7 substrate_id=1u status=underfilled generated=1 retained=1 wall_seconds=352.19
2026-09-07T15:01:14.594889+00:00 substrate_start domain=cmcpor substrate_id=2aa seed_pose_id=stage-1-smoke-cmcpor-2aa-substrate-uff-0001
2026-09-07T15:01:36.607695+00:00 substrate_heartbeat domain=p7 substrate_id=1x elapsed_seconds=150.8 phase=Optimizing all 204 structures from file "crest_rotamers_0.xyz" ...
2026-09-07T15:01:36.920692+00:00 substrate_heartbeat domain=p7 substrate_id=1w elapsed_seconds=180.1 phase=Optimizing all 204 structures from file "crest_rotamers_0.xyz" ...
2026-09-07T15:01:42.466724+00:00 substrate_heartbeat domain=p7 substrate_id=1y elapsed_seconds=30.1 phase=Starting Meta-MD   2 with the settings:
2026-09-07T15:01:44.716278+00:00 substrate_heartbeat domain=cmcpor substrate_id=2aa elapsed_seconds=30.1 phase=Starting Meta-MD   4 with the settings:
2026-09-07T15:02:06.716803+00:00 substrate_heartbeat domain=p7 substrate_id=1x elapsed_seconds=180.9 phase=Optimizing all 204 structures from file "crest_rotamers_0.xyz" ...
2026-09-07T15:02:07.028119+00:00 substrate_heartbeat domain=p7 substrate_id=1w elapsed_seconds=210.2 phase=Starting Meta-MD   2 with the settings:
2026-09-07T15:02:12.588966+00:00 substrate_heartbeat domain=p7 substrate_id=1y elapsed_seconds=60.3 phase=Starting Meta-MD   3 with the settings:
2026-09-07T15:02:14.820363+00:00 substrate_heartbeat domain=cmcpor substrate_id=2aa elapsed_seconds=60.2 phase=Optimizing all 174 structures from file "crest_rotamers_0.xyz" ...
2026-09-07T15:02:36.827064+00:00 substrate_heartbeat domain=p7 substrate_id=1x elapsed_seconds=211.0 phase=Starting Meta-MD   1 with the settings:
2026-09-07T15:02:37.143009+00:00 substrate_heartbeat domain=p7 substrate_id=1w elapsed_seconds=240.3 phase=Starting Meta-MD   3 with the settings:
2026-09-07T15:02:42.717732+00:00 substrate_heartbeat domain=p7 substrate_id=1y elapsed_seconds=90.4 phase=Starting Meta-MD   5 with the settings:
2026-09-07T15:02:44.926477+00:00 substrate_heartbeat domain=cmcpor substrate_id=2aa elapsed_seconds=90.3 phase=Starting Meta-MD   1 with the settings:
2026-09-07T15:03:05.951913+00:00 substrate_heartbeat domain=p7 substrate_id=1x elapsed_seconds=240.1 phase=Starting Meta-MD   3 with the settings:
2026-09-07T15:03:07.241943+00:00 substrate_heartbeat domain=p7 substrate_id=1w elapsed_seconds=270.4 phase=Optimizing all 136 structures from file "crest_rotamers_0.xyz" ...
2026-09-07T15:03:12.819513+00:00 substrate_heartbeat domain=p7 substrate_id=1y elapsed_seconds=120.5 phase=Starting Meta-MD   6 with the settings:
2026-09-07T15:03:15.040664+00:00 substrate_heartbeat domain=cmcpor substrate_id=2aa elapsed_seconds=120.4 phase=Optimizing all 116 structures from file "crest_rotamers_0.xyz" ...
2026-09-07T15:03:36.041694+00:00 substrate_heartbeat domain=p7 substrate_id=1x elapsed_seconds=270.2 phase=Optimizing all 136 structures from file "crest_rotamers_0.xyz" ...
2026-09-07T15:03:37.350729+00:00 substrate_heartbeat domain=p7 substrate_id=1w elapsed_seconds=300.5 phase=Optimizing all 136 structures from file "crest_rotamers_0.xyz" ...
2026-09-07T15:03:42.937205+00:00 substrate_heartbeat domain=p7 substrate_id=1y elapsed_seconds=150.6 phase=Optimizing all 204 structures from file "crest_rotamers_0.xyz" ...
2026-09-07T15:03:45.145634+00:00 substrate_heartbeat domain=cmcpor substrate_id=2aa elapsed_seconds=150.5 phase=Optimizing all 29 structures from file "crest_rotamers_1.xyz" ...
2026-09-07T15:03:59.192300+00:00 crest_search_finish domain=cmcpor substrate_id=2aa generated_unique=1 search_wall_seconds=164.596
2026-09-07T15:03:59.224167+00:00 rerank_progress domain=cmcpor substrate_id=2aa attempted=1 total=1 successful=1
2026-09-07T15:03:59.226907+00:00 substrate_finish domain=cmcpor substrate_id=2aa status=underfilled generated=1 retained=1 wall_seconds=164.596
2026-09-07T15:03:59.227260+00:00 substrate_start domain=cmcpor substrate_id=2ab seed_pose_id=stage-1-smoke-cmcpor-2ab-substrate-uff-0001
2026-09-07T15:04:06.161036+00:00 substrate_heartbeat domain=p7 substrate_id=1x elapsed_seconds=300.3 phase=Optimizing all 136 structures from file "crest_rotamers_0.xyz" ...
2026-09-07T15:04:07.489833+00:00 substrate_heartbeat domain=p7 substrate_id=1w elapsed_seconds=330.6 phase=Starting Meta-MD   1 with the settings:
2026-09-07T15:04:13.065144+00:00 substrate_heartbeat domain=p7 substrate_id=1y elapsed_seconds=180.7 phase=Optimizing all 204 structures from file "crest_rotamers_0.xyz" ...
2026-09-07T15:04:29.345757+00:00 substrate_heartbeat domain=cmcpor substrate_id=2ab elapsed_seconds=30.1 phase=Starting Meta-MD   3 with the settings:
2026-09-07T15:04:36.283084+00:00 substrate_heartbeat domain=p7 substrate_id=1x elapsed_seconds=330.5 phase=Starting MD   1 with the settings:
2026-09-07T15:04:37.596627+00:00 substrate_heartbeat domain=p7 substrate_id=1w elapsed_seconds=360.7 phase=Starting Meta-MD   3 with the settings:
2026-09-07T15:04:43.155774+00:00 substrate_heartbeat domain=p7 substrate_id=1y elapsed_seconds=210.8 phase=Optimizing all 204 structures from file "crest_rotamers_0.xyz" ...
2026-09-07T15:04:59.443597+00:00 substrate_heartbeat domain=cmcpor substrate_id=2ab elapsed_seconds=60.2 phase=Optimizing all 174 structures from file "crest_rotamers_0.xyz" ...
2026-09-07T15:05:06.398636+00:00 substrate_heartbeat domain=p7 substrate_id=1x elapsed_seconds=360.6 phase=Optimizing all 35 structures from file "crest_rotamers_1.xyz" ...
2026-09-07T15:05:07.707906+00:00 substrate_heartbeat domain=p7 substrate_id=1w elapsed_seconds=390.9 phase=Starting Meta-MD   4 with the settings:
2026-09-07T15:05:13.260844+00:00 substrate_heartbeat domain=p7 substrate_id=1y elapsed_seconds=240.9 phase=Starting Meta-MD   2 with the settings:
2026-09-07T15:05:29.551913+00:00 substrate_heartbeat domain=cmcpor substrate_id=2ab elapsed_seconds=90.3 phase=Optimizing all 174 structures from file "crest_rotamers_0.xyz" ...
2026-09-07T15:05:36.574616+00:00 substrate_heartbeat domain=p7 substrate_id=1x elapsed_seconds=390.7 phase=Optimizing all 35 structures from file "crest_rotamers_1.xyz" ...
2026-09-07T15:05:37.853420+00:00 substrate_heartbeat domain=p7 substrate_id=1w elapsed_seconds=421.0 phase=Optimizing all 136 structures from file "crest_rotamers_0.xyz" ...
2026-09-07T15:05:39.582717+00:00 crest_search_finish domain=p7 substrate_id=1x generated_unique=1 search_wall_seconds=393.752
2026-09-07T15:05:39.632906+00:00 rerank_progress domain=p7 substrate_id=1x attempted=1 total=1 successful=1
2026-09-07T15:05:39.635508+00:00 substrate_finish domain=p7 substrate_id=1x status=underfilled generated=1 retained=1 wall_seconds=393.752
2026-09-07T15:05:39.635852+00:00 substrate_start domain=cmcpor substrate_id=2ac seed_pose_id=stage-1-smoke-cmcpor-2ac-substrate-uff-0001
2026-09-07T15:05:42.411938+00:00 substrate_heartbeat domain=p7 substrate_id=1y elapsed_seconds=270.1 phase=Starting Meta-MD   3 with the settings:
2026-09-07T15:05:59.743482+00:00 substrate_heartbeat domain=cmcpor substrate_id=2ab elapsed_seconds=120.5 phase=Starting Meta-MD   3 with the settings:
2026-09-07T15:06:07.046027+00:00 substrate_heartbeat domain=p7 substrate_id=1w elapsed_seconds=450.2 phase=Starting MD   1 with the settings:
2026-09-07T15:06:09.897729+00:00 substrate_heartbeat domain=cmcpor substrate_id=2ac elapsed_seconds=30.3 phase=Starting Meta-MD   2 with the settings:
2026-09-07T15:06:12.595810+00:00 substrate_heartbeat domain=p7 substrate_id=1y elapsed_seconds=300.3 phase=Optimizing all 136 structures from file "crest_rotamers_0.xyz" ...
2026-09-07T15:06:29.960866+00:00 substrate_heartbeat domain=cmcpor substrate_id=2ab elapsed_seconds=150.7 phase=Optimizing all 116 structures from file "crest_rotamers_0.xyz" ...
2026-09-07T15:06:37.229755+00:00 substrate_heartbeat domain=p7 substrate_id=1w elapsed_seconds=480.4 phase=Optimizing all 35 structures from file "crest_rotamers_1.xyz" ...
2026-09-07T15:06:40.143996+00:00 substrate_heartbeat domain=cmcpor substrate_id=2ac elapsed_seconds=60.5 phase=Starting Meta-MD   4 with the settings:
2026-09-07T15:06:42.813651+00:00 substrate_heartbeat domain=p7 substrate_id=1y elapsed_seconds=330.5 phase=Optimizing all 136 structures from file "crest_rotamers_0.xyz" ...
2026-09-07T15:06:51.331941+00:00 crest_search_finish domain=p7 substrate_id=1w generated_unique=1 search_wall_seconds=494.481
2026-09-07T15:06:51.383487+00:00 rerank_progress domain=p7 substrate_id=1w attempted=1 total=1 successful=1
2026-09-07T15:06:51.386360+00:00 substrate_finish domain=p7 substrate_id=1w status=underfilled generated=1 retained=1 wall_seconds=494.481
2026-09-07T15:06:51.386919+00:00 substrate_start domain=cmcpor substrate_id=2b seed_pose_id=stage-1-smoke-cmcpor-2b-substrate-uff-0001
2026-09-07T15:07:00.168777+00:00 substrate_heartbeat domain=cmcpor substrate_id=2ab elapsed_seconds=180.9 phase=Optimizing all 29 structures from file "crest_rotamers_1.xyz" ...
2026-09-07T15:07:07.220460+00:00 crest_search_finish domain=cmcpor substrate_id=2ab generated_unique=1 search_wall_seconds=187.992
2026-09-07T15:07:07.253188+00:00 rerank_progress domain=cmcpor substrate_id=2ab attempted=1 total=1 successful=1
2026-09-07T15:07:07.256138+00:00 substrate_finish domain=cmcpor substrate_id=2ab status=underfilled generated=1 retained=1 wall_seconds=187.992
2026-09-07T15:07:07.256446+00:00 substrate_start domain=cmcpor substrate_id=2c seed_pose_id=stage-1-smoke-cmcpor-2c-substrate-uff-0001
2026-09-07T15:07:10.372327+00:00 substrate_heartbeat domain=cmcpor substrate_id=2ac elapsed_seconds=90.7 phase=Starting Meta-MD   6 with the settings:
2026-09-07T15:07:13.008818+00:00 substrate_heartbeat domain=p7 substrate_id=1y elapsed_seconds=360.7 phase=Starting MD   2 with the settings:
2026-09-07T15:07:21.624640+00:00 substrate_heartbeat domain=cmcpor substrate_id=2b elapsed_seconds=30.2 phase=Starting Meta-MD   2 with the settings:
2026-09-07T15:07:37.468028+00:00 substrate_heartbeat domain=cmcpor substrate_id=2c elapsed_seconds=30.2 phase=Starting Meta-MD   2 with the settings:
2026-09-07T15:07:40.550508+00:00 substrate_heartbeat domain=cmcpor substrate_id=2ac elapsed_seconds=120.9 phase=Optimizing all 204 structures from file "crest_rotamers_0.xyz" ...
2026-09-07T15:07:43.225107+00:00 substrate_heartbeat domain=p7 substrate_id=1y elapsed_seconds=390.9 phase=Optimizing all 35 structures from file "crest_rotamers_1.xyz" ...
2026-09-07T15:07:51.855029+00:00 substrate_heartbeat domain=cmcpor substrate_id=2b elapsed_seconds=60.5 phase=Starting Meta-MD   4 with the settings:
2026-09-07T15:08:05.379163+00:00 crest_search_finish domain=p7 substrate_id=1y generated_unique=1 search_wall_seconds=413.054
2026-09-07T15:08:05.432379+00:00 rerank_progress domain=p7 substrate_id=1y attempted=1 total=1 successful=1
2026-09-07T15:08:05.435624+00:00 substrate_finish domain=p7 substrate_id=1y status=underfilled generated=1 retained=1 wall_seconds=413.054
2026-09-07T15:08:05.436127+00:00 substrate_start domain=cmcpor substrate_id=2d seed_pose_id=stage-1-smoke-cmcpor-2d-substrate-uff-0001
2026-09-07T15:08:07.694434+00:00 substrate_heartbeat domain=cmcpor substrate_id=2c elapsed_seconds=60.4 phase=Starting Meta-MD   4 with the settings:
2026-09-07T15:08:09.751028+00:00 substrate_heartbeat domain=cmcpor substrate_id=2ac elapsed_seconds=150.1 phase=Optimizing all 204 structures from file "crest_rotamers_0.xyz" ...
2026-09-07T15:08:22.114003+00:00 substrate_heartbeat domain=cmcpor substrate_id=2b elapsed_seconds=90.7 phase=Starting Meta-MD   6 with the settings:
2026-09-07T15:08:35.654112+00:00 substrate_heartbeat domain=cmcpor substrate_id=2d elapsed_seconds=30.2 phase=Starting Meta-MD   2 with the settings:
2026-09-07T15:08:37.883581+00:00 substrate_heartbeat domain=cmcpor substrate_id=2c elapsed_seconds=90.6 phase=Optimizing all 204 structures from file "crest_rotamers_0.xyz" ...
2026-09-07T15:08:39.908607+00:00 substrate_heartbeat domain=cmcpor substrate_id=2ac elapsed_seconds=180.3 phase=Starting Meta-MD   1 with the settings:
2026-09-07T15:08:52.248164+00:00 substrate_heartbeat domain=cmcpor substrate_id=2b elapsed_seconds=120.9 phase=Optimizing all 204 structures from file "crest_rotamers_0.xyz" ...
2026-09-07T15:09:05.777706+00:00 substrate_heartbeat domain=cmcpor substrate_id=2d elapsed_seconds=60.4 phase=Starting Meta-MD   3 with the settings:
2026-09-07T15:09:08.041007+00:00 substrate_heartbeat domain=cmcpor substrate_id=2c elapsed_seconds=120.9 phase=Optimizing all 204 structures from file "crest_rotamers_0.xyz" ...
2026-09-07T15:09:10.021354+00:00 substrate_heartbeat domain=cmcpor substrate_id=2ac elapsed_seconds=210.5 phase=Starting Meta-MD   3 with the settings:
2026-09-07T15:09:21.463062+00:00 substrate_heartbeat domain=cmcpor substrate_id=2b elapsed_seconds=150.2 phase=Optimizing all 204 structures from file "crest_rotamers_0.xyz" ...
2026-09-07T15:09:35.976381+00:00 substrate_heartbeat domain=cmcpor substrate_id=2d elapsed_seconds=90.6 phase=Starting Meta-MD   5 with the settings:
2026-09-07T15:09:37.253305+00:00 substrate_heartbeat domain=cmcpor substrate_id=2c elapsed_seconds=150.1 phase=Starting Meta-MD   1 with the settings:
2026-09-07T15:09:40.219455+00:00 substrate_heartbeat domain=cmcpor substrate_id=2ac elapsed_seconds=240.7 phase=Optimizing all 136 structures from file "crest_rotamers_0.xyz" ...
2026-09-07T15:09:51.687748+00:00 substrate_heartbeat domain=cmcpor substrate_id=2b elapsed_seconds=180.4 phase=Starting Meta-MD   2 with the settings:
2026-09-07T15:10:06.188439+00:00 substrate_heartbeat domain=cmcpor substrate_id=2d elapsed_seconds=120.8 phase=Starting Meta-MD   6 with the settings:
2026-09-07T15:10:07.457177+00:00 substrate_heartbeat domain=cmcpor substrate_id=2c elapsed_seconds=180.3 phase=Starting Meta-MD   3 with the settings:
2026-09-07T15:10:10.405706+00:00 substrate_heartbeat domain=cmcpor substrate_id=2ac elapsed_seconds=270.8 phase=Starting MD   1 with the settings:
2026-09-07T15:10:21.943574+00:00 substrate_heartbeat domain=cmcpor substrate_id=2b elapsed_seconds=210.6 phase=Starting Meta-MD   4 with the settings:
2026-09-07T15:10:35.376222+00:00 substrate_heartbeat domain=cmcpor substrate_id=2d elapsed_seconds=150.0 phase=Optimizing all 234 structures from file "crest_rotamers_0.xyz" ...
2026-09-07T15:10:37.646345+00:00 substrate_heartbeat domain=cmcpor substrate_id=2c elapsed_seconds=210.5 phase=Optimizing all 136 structures from file "crest_rotamers_0.xyz" ...
2026-09-07T15:10:39.610658+00:00 substrate_heartbeat domain=cmcpor substrate_id=2ac elapsed_seconds=300.0 phase=Optimizing all 35 structures from file "crest_rotamers_1.xyz" ...
2026-09-07T15:10:52.123935+00:00 substrate_heartbeat domain=cmcpor substrate_id=2b elapsed_seconds=240.8 phase=Optimizing all 136 structures from file "crest_rotamers_0.xyz" ...
2026-09-07T15:11:05.557178+00:00 substrate_heartbeat domain=cmcpor substrate_id=2d elapsed_seconds=180.2 phase=Optimizing all 234 structures from file "crest_rotamers_0.xyz" ...
2026-09-07T15:11:07.830976+00:00 substrate_heartbeat domain=cmcpor substrate_id=2c elapsed_seconds=240.6 phase=Optimizing all 136 structures from file "crest_rotamers_0.xyz" ...
2026-09-07T15:11:09.797395+00:00 substrate_heartbeat domain=cmcpor substrate_id=2ac elapsed_seconds=330.2 phase=Optimizing all 35 structures from file "crest_rotamers_1.xyz" ...
2026-09-07T15:11:15.829017+00:00 crest_search_finish domain=cmcpor substrate_id=2ac generated_unique=1 search_wall_seconds=336.268
2026-09-07T15:11:15.872269+00:00 rerank_progress domain=cmcpor substrate_id=2ac attempted=1 total=1 successful=1
2026-09-07T15:11:15.874762+00:00 substrate_finish domain=cmcpor substrate_id=2ac status=underfilled generated=1 retained=1 wall_seconds=336.268
2026-09-07T15:11:15.875174+00:00 substrate_start domain=cmcpor substrate_id=2e seed_pose_id=stage-1-smoke-cmcpor-2e-substrate-uff-0001
2026-09-07T15:11:21.349213+00:00 substrate_heartbeat domain=cmcpor substrate_id=2b elapsed_seconds=270.0 phase=Starting MD   1 with the settings:
2026-09-07T15:11:35.779860+00:00 substrate_heartbeat domain=cmcpor substrate_id=2d elapsed_seconds=210.4 phase=Optimizing all 234 structures from file "crest_rotamers_0.xyz" ...
2026-09-07T15:11:38.038882+00:00 substrate_heartbeat domain=cmcpor substrate_id=2c elapsed_seconds=270.9 phase=Optimizing all 35 structures from file "crest_rotamers_1.xyz" ...
2026-09-07T15:11:46.106991+00:00 substrate_heartbeat domain=cmcpor substrate_id=2e elapsed_seconds=30.2 phase=Starting Meta-MD   1 with the settings:
2026-09-07T15:11:51.557001+00:00 substrate_heartbeat domain=cmcpor substrate_id=2b elapsed_seconds=300.2 phase=Optimizing all 35 structures from file "crest_rotamers_1.xyz" ...
2026-09-07T15:12:06.009912+00:00 substrate_heartbeat domain=cmcpor substrate_id=2d elapsed_seconds=240.6 phase=Starting Meta-MD   2 with the settings:
2026-09-07T15:12:07.226972+00:00 substrate_heartbeat domain=cmcpor substrate_id=2c elapsed_seconds=300.0 phase=Optimizing all 35 structures from file "crest_rotamers_1.xyz" ...
2026-09-07T15:12:10.692327+00:00 crest_search_finish domain=cmcpor substrate_id=2b generated_unique=1 search_wall_seconds=319.381
2026-09-07T15:12:10.730309+00:00 rerank_progress domain=cmcpor substrate_id=2b attempted=1 total=1 successful=1
2026-09-07T15:12:10.732537+00:00 substrate_finish domain=cmcpor substrate_id=2b status=underfilled generated=1 retained=1 wall_seconds=319.381
2026-09-07T15:12:10.732977+00:00 substrate_start domain=cmcpor substrate_id=2f seed_pose_id=stage-1-smoke-cmcpor-2f-substrate-uff-0001
2026-09-07T15:12:11.248960+00:00 crest_search_finish domain=cmcpor substrate_id=2c generated_unique=1 search_wall_seconds=304.068
2026-09-07T15:12:11.290067+00:00 rerank_progress domain=cmcpor substrate_id=2c attempted=1 total=1 successful=1
2026-09-07T15:12:11.292745+00:00 substrate_finish domain=cmcpor substrate_id=2c status=underfilled generated=1 retained=1 wall_seconds=304.068
2026-09-07T15:12:11.293090+00:00 substrate_start domain=cmcpor substrate_id=2g seed_pose_id=stage-1-smoke-cmcpor-2g-substrate-uff-0001
2026-09-07T15:12:16.318088+00:00 substrate_heartbeat domain=cmcpor substrate_id=2e elapsed_seconds=60.4 phase=Starting Meta-MD   3 with the settings:
2026-09-07T15:12:36.224880+00:00 substrate_heartbeat domain=cmcpor substrate_id=2d elapsed_seconds=270.9 phase=Starting Meta-MD   3 with the settings:
2026-09-07T15:12:40.993329+00:00 substrate_heartbeat domain=cmcpor substrate_id=2f elapsed_seconds=30.3 phase=Starting Meta-MD   1 with the settings:
2026-09-07T15:12:41.496835+00:00 substrate_heartbeat domain=cmcpor substrate_id=2g elapsed_seconds=30.2 phase=Starting Meta-MD   2 with the settings:
2026-09-07T15:12:46.528306+00:00 substrate_heartbeat domain=cmcpor substrate_id=2e elapsed_seconds=90.7 phase=Starting Meta-MD   4 with the settings:
2026-09-07T15:13:05.444110+00:00 substrate_heartbeat domain=cmcpor substrate_id=2d elapsed_seconds=300.1 phase=Optimizing all 156 structures from file "crest_rotamers_0.xyz" ...
2026-09-07T15:13:11.206654+00:00 substrate_heartbeat domain=cmcpor substrate_id=2f elapsed_seconds=60.5 phase=Starting Meta-MD   2 with the settings:
2026-09-07T15:13:11.693905+00:00 substrate_heartbeat domain=cmcpor substrate_id=2g elapsed_seconds=60.4 phase=Starting Meta-MD   4 with the settings:
2026-09-07T15:13:16.703014+00:00 substrate_heartbeat domain=cmcpor substrate_id=2e elapsed_seconds=120.8 phase=Starting Meta-MD   5 with the settings:
2026-09-07T15:13:35.673396+00:00 substrate_heartbeat domain=cmcpor substrate_id=2d elapsed_seconds=330.3 phase=Optimizing all 156 structures from file "crest_rotamers_0.xyz" ...
2026-09-07T15:13:41.426144+00:00 substrate_heartbeat domain=cmcpor substrate_id=2f elapsed_seconds=90.7 phase=Starting Meta-MD   4 with the settings:
2026-09-07T15:13:41.941129+00:00 substrate_heartbeat domain=cmcpor substrate_id=2g elapsed_seconds=90.6 phase=Starting Meta-MD   6 with the settings:
2026-09-07T15:13:45.891048+00:00 substrate_heartbeat domain=cmcpor substrate_id=2e elapsed_seconds=150.0 phase=Optimizing all 234 structures from file "crest_rotamers_0.xyz" ...
2026-09-07T15:14:05.928145+00:00 substrate_heartbeat domain=cmcpor substrate_id=2d elapsed_seconds=360.6 phase=Starting MD   1 with the settings:
2026-09-07T15:14:11.607591+00:00 substrate_heartbeat domain=cmcpor substrate_id=2f elapsed_seconds=120.9 phase=Starting Meta-MD   5 with the settings:
2026-09-07T15:14:12.170897+00:00 substrate_heartbeat domain=cmcpor substrate_id=2g elapsed_seconds=120.9 phase=Optimizing all 204 structures from file "crest_rotamers_0.xyz" ...
2026-09-07T15:14:16.073047+00:00 substrate_heartbeat domain=cmcpor substrate_id=2e elapsed_seconds=180.2 phase=Optimizing all 234 structures from file "crest_rotamers_0.xyz" ...
2026-09-07T15:14:36.168442+00:00 substrate_heartbeat domain=cmcpor substrate_id=2d elapsed_seconds=390.8 phase=Optimizing all 39 structures from file "crest_rotamers_1.xyz" ...
2026-09-07T15:14:40.866237+00:00 substrate_heartbeat domain=cmcpor substrate_id=2f elapsed_seconds=150.1 phase=Starting Meta-MD   6 with the settings:
2026-09-07T15:14:41.396443+00:00 substrate_heartbeat domain=cmcpor substrate_id=2g elapsed_seconds=150.1 phase=Optimizing all 204 structures from file "crest_rotamers_0.xyz" ...
2026-09-07T15:14:46.294602+00:00 substrate_heartbeat domain=cmcpor substrate_id=2e elapsed_seconds=210.4 phase=Optimizing all 234 structures from file "crest_rotamers_0.xyz" ...
2026-09-07T15:15:05.401025+00:00 substrate_heartbeat domain=cmcpor substrate_id=2d elapsed_seconds=420.0 phase=Optimizing all 39 structures from file "crest_rotamers_1.xyz" ...
2026-09-07T15:15:11.058655+00:00 substrate_heartbeat domain=cmcpor substrate_id=2f elapsed_seconds=180.3 phase=Optimizing all 234 structures from file "crest_rotamers_0.xyz" ...
2026-09-07T15:15:11.556143+00:00 substrate_heartbeat domain=cmcpor substrate_id=2g elapsed_seconds=180.3 phase=Starting Meta-MD   1 with the settings:
2026-09-07T15:15:13.459780+00:00 crest_search_finish domain=cmcpor substrate_id=2d generated_unique=1 search_wall_seconds=428.1
2026-09-07T15:15:13.505073+00:00 rerank_progress domain=cmcpor substrate_id=2d attempted=1 total=1 successful=1
2026-09-07T15:15:13.507568+00:00 substrate_finish domain=cmcpor substrate_id=2d status=underfilled generated=1 retained=1 wall_seconds=428.1
2026-09-07T15:15:13.507884+00:00 substrate_start domain=cmcpor substrate_id=2h seed_pose_id=stage-1-smoke-cmcpor-2h-substrate-uff-0001
2026-09-07T15:15:16.522974+00:00 substrate_heartbeat domain=cmcpor substrate_id=2e elapsed_seconds=240.6 phase=Optimizing all 234 structures from file "crest_rotamers_0.xyz" ...
2026-09-07T15:15:41.239690+00:00 substrate_heartbeat domain=cmcpor substrate_id=2f elapsed_seconds=210.5 phase=Optimizing all 234 structures from file "crest_rotamers_0.xyz" ...
2026-09-07T15:15:41.740811+00:00 substrate_heartbeat domain=cmcpor substrate_id=2g elapsed_seconds=210.4 phase=Starting Meta-MD   3 with the settings:
2026-09-07T15:15:43.759558+00:00 substrate_heartbeat domain=cmcpor substrate_id=2h elapsed_seconds=30.3 phase=Starting Meta-MD   2 with the settings:
2026-09-07T15:15:46.767675+00:00 substrate_heartbeat domain=cmcpor substrate_id=2e elapsed_seconds=270.9 phase=Starting Meta-MD   1 with the settings:
2026-09-07T15:16:11.425919+00:00 substrate_heartbeat domain=cmcpor substrate_id=2f elapsed_seconds=240.7 phase=Optimizing all 234 structures from file "crest_rotamers_0.xyz" ...
2026-09-07T15:16:11.917979+00:00 substrate_heartbeat domain=cmcpor substrate_id=2g elapsed_seconds=240.6 phase=Optimizing all 136 structures from file "crest_rotamers_0.xyz" ...
2026-09-07T15:16:13.958398+00:00 substrate_heartbeat domain=cmcpor substrate_id=2h elapsed_seconds=60.5 phase=Starting Meta-MD   3 with the settings:
2026-09-07T15:16:16.008264+00:00 substrate_heartbeat domain=cmcpor substrate_id=2e elapsed_seconds=300.1 phase=Starting Meta-MD   3 with the settings:
2026-09-07T15:16:41.653131+00:00 substrate_heartbeat domain=cmcpor substrate_id=2f elapsed_seconds=270.9 phase=Optimizing all 234 structures from file "crest_rotamers_0.xyz" ...
2026-09-07T15:16:42.115859+00:00 substrate_heartbeat domain=cmcpor substrate_id=2g elapsed_seconds=270.8 phase=Starting MD   1 with the settings:
2026-09-07T15:16:44.175621+00:00 substrate_heartbeat domain=cmcpor substrate_id=2h elapsed_seconds=90.7 phase=Starting Meta-MD   5 with the settings:
2026-09-07T15:16:46.233156+00:00 substrate_heartbeat domain=cmcpor substrate_id=2e elapsed_seconds=330.4 phase=Starting Meta-MD   4 with the settings:
2026-09-07T15:17:10.855756+00:00 substrate_heartbeat domain=cmcpor substrate_id=2f elapsed_seconds=300.1 phase=Starting Meta-MD   1 with the settings:
2026-09-07T15:17:12.297718+00:00 substrate_heartbeat domain=cmcpor substrate_id=2g elapsed_seconds=301.0 phase=Optimizing all 35 structures from file "crest_rotamers_1.xyz" ...
2026-09-07T15:17:14.388939+00:00 substrate_heartbeat domain=cmcpor substrate_id=2h elapsed_seconds=120.9 phase=Starting Meta-MD   6 with the settings:
2026-09-07T15:17:16.455601+00:00 substrate_heartbeat domain=cmcpor substrate_id=2e elapsed_seconds=360.6 phase=Optimizing all 156 structures from file "crest_rotamers_0.xyz" ...
2026-09-07T15:17:41.087872+00:00 substrate_heartbeat domain=cmcpor substrate_id=2f elapsed_seconds=330.4 phase=Starting Meta-MD   2 with the settings:
2026-09-07T15:17:41.517356+00:00 substrate_heartbeat domain=cmcpor substrate_id=2g elapsed_seconds=330.2 phase=Optimizing all 35 structures from file "crest_rotamers_1.xyz" ...
2026-09-07T15:17:43.529631+00:00 crest_search_finish domain=cmcpor substrate_id=2g generated_unique=1 search_wall_seconds=332.237
2026-09-07T15:17:43.563446+00:00 substrate_heartbeat domain=cmcpor substrate_id=2h elapsed_seconds=150.1 phase=Optimizing all 234 structures from file "crest_rotamers_0.xyz" ...
2026-09-07T15:17:43.571534+00:00 rerank_progress domain=cmcpor substrate_id=2g attempted=1 total=1 successful=1
2026-09-07T15:17:43.574085+00:00 substrate_finish domain=cmcpor substrate_id=2g status=underfilled generated=1 retained=1 wall_seconds=332.237
2026-09-07T15:17:43.574388+00:00 substrate_start domain=cmcpor substrate_id=2i seed_pose_id=stage-1-smoke-cmcpor-2i-substrate-uff-0001
2026-09-07T15:17:46.669596+00:00 substrate_heartbeat domain=cmcpor substrate_id=2e elapsed_seconds=390.8 phase=Optimizing all 156 structures from file "crest_rotamers_0.xyz" ...
2026-09-07T15:18:11.332053+00:00 substrate_heartbeat domain=cmcpor substrate_id=2f elapsed_seconds=360.6 phase=Starting Meta-MD   3 with the settings:
2026-09-07T15:18:13.753436+00:00 substrate_heartbeat domain=cmcpor substrate_id=2h elapsed_seconds=180.2 phase=Optimizing all 234 structures from file "crest_rotamers_0.xyz" ...
2026-09-07T15:18:13.761646+00:00 substrate_heartbeat domain=cmcpor substrate_id=2i elapsed_seconds=30.2 phase=Starting Meta-MD   2 with the settings:
2026-09-07T15:18:16.845061+00:00 substrate_heartbeat domain=cmcpor substrate_id=2e elapsed_seconds=421.0 phase=Starting MD   1 with the settings:
2026-09-07T15:18:41.558644+00:00 substrate_heartbeat domain=cmcpor substrate_id=2f elapsed_seconds=390.8 phase=Starting Meta-MD   4 with the settings:
2026-09-07T15:18:43.915299+00:00 substrate_heartbeat domain=cmcpor substrate_id=2h elapsed_seconds=210.4 phase=Optimizing all 234 structures from file "crest_rotamers_0.xyz" ...
2026-09-07T15:18:43.956335+00:00 substrate_heartbeat domain=cmcpor substrate_id=2i elapsed_seconds=60.4 phase=Starting Meta-MD   4 with the settings:
2026-09-07T15:18:46.035352+00:00 substrate_heartbeat domain=cmcpor substrate_id=2e elapsed_seconds=450.2 phase=Optimizing all 39 structures from file "crest_rotamers_1.xyz" ...
2026-09-07T15:19:10.764265+00:00 substrate_heartbeat domain=cmcpor substrate_id=2f elapsed_seconds=420.0 phase=Optimizing all 156 structures from file "crest_rotamers_0.xyz" ...
2026-09-07T15:19:14.118276+00:00 substrate_heartbeat domain=cmcpor substrate_id=2h elapsed_seconds=240.6 phase=Starting Meta-MD   1 with the settings:
2026-09-07T15:19:14.181840+00:00 substrate_heartbeat domain=cmcpor substrate_id=2i elapsed_seconds=90.6 phase=Starting Meta-MD   6 with the settings:
2026-09-07T15:19:16.260378+00:00 substrate_heartbeat domain=cmcpor substrate_id=2e elapsed_seconds=480.4 phase=Optimizing all 39 structures from file "crest_rotamers_1.xyz" ...
2026-09-07T15:19:40.950617+00:00 substrate_heartbeat domain=cmcpor substrate_id=2f elapsed_seconds=450.2 phase=Optimizing all 156 structures from file "crest_rotamers_0.xyz" ...
2026-09-07T15:19:44.299836+00:00 substrate_heartbeat domain=cmcpor substrate_id=2h elapsed_seconds=270.8 phase=Starting Meta-MD   3 with the settings:
2026-09-07T15:19:44.367238+00:00 substrate_heartbeat domain=cmcpor substrate_id=2i elapsed_seconds=120.8 phase=Optimizing all 204 structures from file "crest_rotamers_0.xyz" ...
2026-09-07T15:19:46.439764+00:00 substrate_heartbeat domain=cmcpor substrate_id=2e elapsed_seconds=510.6 phase=Optimizing all 39 structures from file "crest_rotamers_1.xyz" ...
2026-09-07T15:19:51.477700+00:00 crest_search_finish domain=cmcpor substrate_id=2e generated_unique=1 search_wall_seconds=515.603
2026-09-07T15:19:51.533336+00:00 rerank_progress domain=cmcpor substrate_id=2e attempted=1 total=1 successful=1
2026-09-07T15:19:51.536079+00:00 substrate_finish domain=cmcpor substrate_id=2e status=underfilled generated=1 retained=1 wall_seconds=515.603
2026-09-07T15:19:51.536482+00:00 substrate_start domain=cmcpor substrate_id=2j seed_pose_id=stage-1-smoke-cmcpor-2j-substrate-uff-0001
2026-09-07T15:20:11.148469+00:00 substrate_heartbeat domain=cmcpor substrate_id=2f elapsed_seconds=480.4 phase=Starting MD   1 with the settings:
2026-09-07T15:20:13.608267+00:00 substrate_heartbeat domain=cmcpor substrate_id=2i elapsed_seconds=150.0 phase=Optimizing all 204 structures from file "crest_rotamers_0.xyz" ...
2026-09-07T15:20:14.501249+00:00 substrate_heartbeat domain=cmcpor substrate_id=2h elapsed_seconds=301.0 phase=Starting Meta-MD   4 with the settings:
2026-09-07T15:20:21.802642+00:00 substrate_heartbeat domain=cmcpor substrate_id=2j elapsed_seconds=30.3 phase=Starting Meta-MD   2 with the settings:
2026-09-07T15:20:41.356944+00:00 substrate_heartbeat domain=cmcpor substrate_id=2f elapsed_seconds=510.6 phase=Optimizing all 39 structures from file "crest_rotamers_1.xyz" ...
2026-09-07T15:20:43.689062+00:00 substrate_heartbeat domain=cmcpor substrate_id=2h elapsed_seconds=330.2 phase=Optimizing all 156 structures from file "crest_rotamers_0.xyz" ...
2026-09-07T15:20:43.821359+00:00 substrate_heartbeat domain=cmcpor substrate_id=2i elapsed_seconds=180.2 phase=Starting Meta-MD   2 with the settings:
2026-09-07T15:20:52.030774+00:00 substrate_heartbeat domain=cmcpor substrate_id=2j elapsed_seconds=60.5 phase=Starting Meta-MD   4 with the settings:
2026-09-07T15:21:11.599299+00:00 substrate_heartbeat domain=cmcpor substrate_id=2f elapsed_seconds=540.9 phase=Optimizing all 39 structures from file "crest_rotamers_1.xyz" ...
2026-09-07T15:21:13.910226+00:00 substrate_heartbeat domain=cmcpor substrate_id=2h elapsed_seconds=360.4 phase=Starting MD   1 with the settings:
2026-09-07T15:21:14.030527+00:00 substrate_heartbeat domain=cmcpor substrate_id=2i elapsed_seconds=210.5 phase=Optimizing all 136 structures from file "crest_rotamers_0.xyz" ...
2026-09-07T15:21:22.212460+00:00 substrate_heartbeat domain=cmcpor substrate_id=2j elapsed_seconds=90.7 phase=Optimizing all 174 structures from file "crest_rotamers_0.xyz" ...
2026-09-07T15:21:40.779071+00:00 crest_search_finish domain=cmcpor substrate_id=2f generated_unique=1 search_wall_seconds=570.046
2026-09-07T15:21:40.837296+00:00 rerank_progress domain=cmcpor substrate_id=2f attempted=1 total=1 successful=1
2026-09-07T15:21:40.839680+00:00 substrate_finish domain=cmcpor substrate_id=2f status=underfilled generated=1 retained=1 wall_seconds=570.046
2026-09-07T15:21:40.839978+00:00 substrate_start domain=cmcpor substrate_id=2k seed_pose_id=stage-1-smoke-cmcpor-2k-substrate-uff-0001
2026-09-07T15:21:44.112587+00:00 substrate_heartbeat domain=cmcpor substrate_id=2h elapsed_seconds=390.6 phase=Optimizing all 39 structures from file "crest_rotamers_1.xyz" ...
2026-09-07T15:21:44.228633+00:00 substrate_heartbeat domain=cmcpor substrate_id=2i elapsed_seconds=240.7 phase=Starting MD   1 with the settings:
2026-09-07T15:21:52.454433+00:00 substrate_heartbeat domain=cmcpor substrate_id=2j elapsed_seconds=120.9 phase=Optimizing all 174 structures from file "crest_rotamers_0.xyz" ...
2026-09-07T15:22:05.272601+00:00 crest_search_finish domain=cmcpor substrate_id=2h generated_unique=1 search_wall_seconds=411.765
2026-09-07T15:22:05.314575+00:00 rerank_progress domain=cmcpor substrate_id=2h attempted=1 total=1 successful=1
2026-09-07T15:22:05.316763+00:00 substrate_finish domain=cmcpor substrate_id=2h status=underfilled generated=1 retained=1 wall_seconds=411.765
2026-09-07T15:22:05.317147+00:00 substrate_start domain=cmcpor substrate_id=2l seed_pose_id=stage-1-smoke-cmcpor-2l-substrate-uff-0001
2026-09-07T15:22:11.047758+00:00 substrate_heartbeat domain=cmcpor substrate_id=2k elapsed_seconds=30.2 phase=Starting Meta-MD   2 with the settings:
2026-09-07T15:22:14.421575+00:00 substrate_heartbeat domain=cmcpor substrate_id=2i elapsed_seconds=270.8 phase=Optimizing all 35 structures from file "crest_rotamers_1.xyz" ...
2026-09-07T15:22:21.641717+00:00 substrate_heartbeat domain=cmcpor substrate_id=2j elapsed_seconds=150.1 phase=Starting Meta-MD   1 with the settings:
2026-09-07T15:22:25.503311+00:00 crest_search_finish domain=cmcpor substrate_id=2i generated_unique=1 search_wall_seconds=281.929
2026-09-07T15:22:25.537843+00:00 rerank_progress domain=cmcpor substrate_id=2i attempted=1 total=1 successful=1
2026-09-07T15:22:25.539992+00:00 substrate_finish domain=cmcpor substrate_id=2i status=underfilled generated=1 retained=1 wall_seconds=281.929
2026-09-07T15:22:25.540270+00:00 substrate_start domain=cmcpor substrate_id=2m seed_pose_id=stage-1-smoke-cmcpor-2m-substrate-uff-0001
2026-09-07T15:22:35.545520+00:00 substrate_heartbeat domain=cmcpor substrate_id=2l elapsed_seconds=30.2 phase=Starting Meta-MD   2 with the settings:
2026-09-07T15:22:41.267534+00:00 substrate_heartbeat domain=cmcpor substrate_id=2k elapsed_seconds=60.4 phase=Starting Meta-MD   4 with the settings:
2026-09-07T15:22:51.854549+00:00 substrate_heartbeat domain=cmcpor substrate_id=2j elapsed_seconds=180.3 phase=Starting Meta-MD   4 with the settings:
2026-09-07T15:22:55.783764+00:00 substrate_heartbeat domain=cmcpor substrate_id=2m elapsed_seconds=30.2 phase=Starting Meta-MD   2 with the settings:
2026-09-07T15:23:05.743425+00:00 substrate_heartbeat domain=cmcpor substrate_id=2l elapsed_seconds=60.4 phase=Starting Meta-MD   5 with the settings:
2026-09-07T15:23:11.471609+00:00 substrate_heartbeat domain=cmcpor substrate_id=2k elapsed_seconds=90.6 phase=Optimizing all 204 structures from file "crest_rotamers_0.xyz" ...
2026-09-07T15:23:22.100602+00:00 substrate_heartbeat domain=cmcpor substrate_id=2j elapsed_seconds=210.6 phase=Optimizing all 116 structures from file "crest_rotamers_0.xyz" ...
2026-09-07T15:23:26.003281+00:00 substrate_heartbeat domain=cmcpor substrate_id=2m elapsed_seconds=60.5 phase=Starting Meta-MD   4 with the settings:
2026-09-07T15:23:35.915883+00:00 substrate_heartbeat domain=cmcpor substrate_id=2l elapsed_seconds=90.6 phase=Optimizing all 174 structures from file "crest_rotamers_0.xyz" ...
2026-09-07T15:23:41.674248+00:00 substrate_heartbeat domain=cmcpor substrate_id=2k elapsed_seconds=120.8 phase=Optimizing all 204 structures from file "crest_rotamers_0.xyz" ...
2026-09-07T15:23:52.236805+00:00 substrate_heartbeat domain=cmcpor substrate_id=2j elapsed_seconds=240.7 phase=Starting MD   2 with the settings:
2026-09-07T15:23:56.121854+00:00 substrate_heartbeat domain=cmcpor substrate_id=2m elapsed_seconds=90.6 phase=Starting Meta-MD   5 with the settings:
2026-09-07T15:24:06.025225+00:00 substrate_heartbeat domain=cmcpor substrate_id=2l elapsed_seconds=120.7 phase=Optimizing all 174 structures from file "crest_rotamers_0.xyz" ...
2026-09-07T15:24:11.796243+00:00 substrate_heartbeat domain=cmcpor substrate_id=2k elapsed_seconds=151.0 phase=Optimizing all 204 structures from file "crest_rotamers_0.xyz" ...
2026-09-07T15:24:21.368746+00:00 crest_search_finish domain=cmcpor substrate_id=2j generated_unique=1 search_wall_seconds=269.832
2026-09-07T15:24:21.415008+00:00 rerank_progress domain=cmcpor substrate_id=2j attempted=1 total=1 successful=1
2026-09-07T15:24:21.417618+00:00 substrate_finish domain=cmcpor substrate_id=2j status=underfilled generated=1 retained=1 wall_seconds=269.832
2026-09-07T15:24:21.418103+00:00 substrate_start domain=cmcpor substrate_id=2n seed_pose_id=stage-1-smoke-cmcpor-2n-substrate-uff-0001
2026-09-07T15:24:26.247105+00:00 substrate_heartbeat domain=cmcpor substrate_id=2m elapsed_seconds=120.7 phase=Optimizing all 204 structures from file "crest_rotamers_0.xyz" ...
2026-09-07T15:24:36.137804+00:00 substrate_heartbeat domain=cmcpor substrate_id=2l elapsed_seconds=150.8 phase=Starting Meta-MD   1 with the settings:
2026-09-07T15:24:40.903875+00:00 substrate_heartbeat domain=cmcpor substrate_id=2k elapsed_seconds=180.1 phase=Starting Meta-MD   2 with the settings:
2026-09-07T15:24:51.443434+00:00 substrate_heartbeat domain=cmcpor substrate_id=2n elapsed_seconds=30.1 phase=Starting Meta-MD   3 with the settings:
2026-09-07T15:24:56.253421+00:00 substrate_heartbeat domain=cmcpor substrate_id=2m elapsed_seconds=150.8 phase=Optimizing all 204 structures from file "crest_rotamers_0.xyz" ...
2026-09-07T15:25:06.158385+00:00 substrate_heartbeat domain=cmcpor substrate_id=2l elapsed_seconds=180.9 phase=Starting Meta-MD   3 with the settings:
2026-09-07T15:25:10.930517+00:00 substrate_heartbeat domain=cmcpor substrate_id=2k elapsed_seconds=210.2 phase=Starting Meta-MD   4 with the settings:
2026-09-07T15:25:21.536818+00:00 substrate_heartbeat domain=cmcpor substrate_id=2n elapsed_seconds=60.2 phase=Starting Meta-MD   6 with the settings:
2026-09-07T15:25:26.396735+00:00 substrate_heartbeat domain=cmcpor substrate_id=2m elapsed_seconds=181.0 phase=Optimizing all 204 structures from file "crest_rotamers_0.xyz" ...
2026-09-07T15:25:35.275943+00:00 substrate_heartbeat domain=cmcpor substrate_id=2l elapsed_seconds=210.1 phase=Optimizing all 116 structures from file "crest_rotamers_0.xyz" ...
2026-09-07T15:25:41.040039+00:00 substrate_heartbeat domain=cmcpor substrate_id=2k elapsed_seconds=240.3 phase=Optimizing all 136 structures from file "crest_rotamers_0.xyz" ...
2026-09-07T15:25:51.640328+00:00 substrate_heartbeat domain=cmcpor substrate_id=2n elapsed_seconds=90.3 phase=Optimizing all 174 structures from file "crest_rotamers_0.xyz" ...
2026-09-07T15:25:55.503108+00:00 substrate_heartbeat domain=cmcpor substrate_id=2m elapsed_seconds=210.1 phase=Starting Meta-MD   1 with the settings:
2026-09-07T15:26:05.399494+00:00 substrate_heartbeat domain=cmcpor substrate_id=2l elapsed_seconds=240.2 phase=Optimizing all 116 structures from file "crest_rotamers_0.xyz" ...
2026-09-07T15:26:11.131206+00:00 substrate_heartbeat domain=cmcpor substrate_id=2k elapsed_seconds=270.4 phase=Optimizing all 136 structures from file "crest_rotamers_0.xyz" ...
2026-09-07T15:26:21.742004+00:00 substrate_heartbeat domain=cmcpor substrate_id=2n elapsed_seconds=120.4 phase=Starting Meta-MD   2 with the settings:
2026-09-07T15:26:25.617317+00:00 substrate_heartbeat domain=cmcpor substrate_id=2m elapsed_seconds=240.2 phase=Starting Meta-MD   2 with the settings:
2026-09-07T15:26:35.500491+00:00 substrate_heartbeat domain=cmcpor substrate_id=2l elapsed_seconds=270.3 phase=Starting Meta-MD   2 with the settings:
2026-09-07T15:26:41.232345+00:00 substrate_heartbeat domain=cmcpor substrate_id=2k elapsed_seconds=300.5 phase=Optimizing all 35 structures from file "crest_rotamers_1.xyz" ...
2026-09-07T15:26:51.853899+00:00 substrate_heartbeat domain=cmcpor substrate_id=2n elapsed_seconds=150.5 phase=Starting Meta-MD   4 with the settings:
2026-09-07T15:26:55.714966+00:00 substrate_heartbeat domain=cmcpor substrate_id=2m elapsed_seconds=270.3 phase=Starting Meta-MD   4 with the settings:
2026-09-07T15:27:01.302659+00:00 crest_search_finish domain=cmcpor substrate_id=2k generated_unique=1 search_wall_seconds=320.57
2026-09-07T15:27:01.351939+00:00 rerank_progress domain=cmcpor substrate_id=2k attempted=1 total=1 successful=1
2026-09-07T15:27:01.354641+00:00 substrate_finish domain=cmcpor substrate_id=2k status=underfilled generated=1 retained=1 wall_seconds=320.57
2026-09-07T15:27:01.355257+00:00 substrate_start domain=cmcpor substrate_id=2o seed_pose_id=stage-1-smoke-cmcpor-2o-substrate-uff-0001
2026-09-07T15:27:05.610101+00:00 substrate_heartbeat domain=cmcpor substrate_id=2l elapsed_seconds=300.4 phase=Starting Meta-MD   4 with the settings:
2026-09-07T15:27:21.984757+00:00 substrate_heartbeat domain=cmcpor substrate_id=2n elapsed_seconds=180.7 phase=Starting MD   1 with the settings:
2026-09-07T15:27:25.839082+00:00 substrate_heartbeat domain=cmcpor substrate_id=2m elapsed_seconds=300.4 phase=Optimizing all 136 structures from file "crest_rotamers_0.xyz" ...
2026-09-07T15:27:31.501036+00:00 substrate_heartbeat domain=cmcpor substrate_id=2o elapsed_seconds=30.1 phase=Starting Meta-MD   2 with the settings:
2026-09-07T15:27:35.709485+00:00 substrate_heartbeat domain=cmcpor substrate_id=2l elapsed_seconds=330.5 phase=Optimizing all 116 structures from file "crest_rotamers_0.xyz" ...
2026-09-07T15:27:47.071036+00:00 crest_search_finish domain=cmcpor substrate_id=2n generated_unique=1 search_wall_seconds=205.76
2026-09-07T15:27:47.104626+00:00 rerank_progress domain=cmcpor substrate_id=2n attempted=1 total=1 successful=1
2026-09-07T15:27:47.107469+00:00 substrate_finish domain=cmcpor substrate_id=2n status=underfilled generated=1 retained=1 wall_seconds=205.76
2026-09-07T15:27:47.107775+00:00 substrate_start domain=cmcpor substrate_id=2p seed_pose_id=stage-1-smoke-cmcpor-2p-substrate-uff-0001
2026-09-07T15:27:55.943656+00:00 substrate_heartbeat domain=cmcpor substrate_id=2m elapsed_seconds=330.5 phase=Optimizing all 136 structures from file "crest_rotamers_0.xyz" ...
2026-09-07T15:28:01.605015+00:00 substrate_heartbeat domain=cmcpor substrate_id=2o elapsed_seconds=60.2 phase=Starting Meta-MD   4 with the settings:
2026-09-07T15:28:05.821670+00:00 substrate_heartbeat domain=cmcpor substrate_id=2l elapsed_seconds=360.6 phase=Starting MD   2 with the settings:
2026-09-07T15:28:17.235256+00:00 substrate_heartbeat domain=cmcpor substrate_id=2p elapsed_seconds=30.1 phase=Starting Meta-MD   3 with the settings:
2026-09-07T15:28:26.055172+00:00 substrate_heartbeat domain=cmcpor substrate_id=2m elapsed_seconds=360.6 phase=Starting MD   2 with the settings:
2026-09-07T15:28:27.900959+00:00 crest_search_finish domain=cmcpor substrate_id=2l generated_unique=1 search_wall_seconds=382.692
2026-09-07T15:28:27.944637+00:00 rerank_progress domain=cmcpor substrate_id=2l attempted=1 total=1 successful=1
2026-09-07T15:28:27.947461+00:00 substrate_finish domain=cmcpor substrate_id=2l status=underfilled generated=1 retained=1 wall_seconds=382.692
2026-09-07T15:28:27.947874+00:00 substrate_start domain=cmcpor substrate_id=2q seed_pose_id=stage-1-smoke-cmcpor-2q-substrate-uff-0001
2026-09-07T15:28:31.702403+00:00 substrate_heartbeat domain=cmcpor substrate_id=2o elapsed_seconds=90.3 phase=Starting Meta-MD   6 with the settings:
2026-09-07T15:28:47.343045+00:00 substrate_heartbeat domain=cmcpor substrate_id=2p elapsed_seconds=60.2 phase=Starting Meta-MD   6 with the settings:
2026-09-07T15:28:56.157602+00:00 substrate_heartbeat domain=cmcpor substrate_id=2m elapsed_seconds=390.7 phase=Optimizing all 35 structures from file "crest_rotamers_1.xyz" ...
2026-09-07T15:28:58.080048+00:00 substrate_heartbeat domain=cmcpor substrate_id=2q elapsed_seconds=30.1 phase=Starting Meta-MD   2 with the settings:
2026-09-07T15:29:01.815833+00:00 substrate_heartbeat domain=cmcpor substrate_id=2o elapsed_seconds=120.5 phase=Optimizing all 204 structures from file "crest_rotamers_0.xyz" ...
2026-09-07T15:29:13.211205+00:00 crest_search_finish domain=cmcpor substrate_id=2m generated_unique=1 search_wall_seconds=407.779
2026-09-07T15:29:13.257861+00:00 rerank_progress domain=cmcpor substrate_id=2m attempted=1 total=1 successful=1
2026-09-07T15:29:13.260453+00:00 substrate_finish domain=cmcpor substrate_id=2m status=underfilled generated=1 retained=1 wall_seconds=407.779
2026-09-07T15:29:13.260809+00:00 substrate_start domain=cmcpor substrate_id=2r seed_pose_id=stage-1-smoke-cmcpor-2r-substrate-uff-0001
2026-09-07T15:29:17.455066+00:00 substrate_heartbeat domain=cmcpor substrate_id=2p elapsed_seconds=90.3 phase=Optimizing all 174 structures from file "crest_rotamers_0.xyz" ...
2026-09-07T15:29:28.205209+00:00 substrate_heartbeat domain=cmcpor substrate_id=2q elapsed_seconds=60.3 phase=Starting Meta-MD   4 with the settings:
2026-09-07T15:29:31.937072+00:00 substrate_heartbeat domain=cmcpor substrate_id=2o elapsed_seconds=150.6 phase=Optimizing all 204 structures from file "crest_rotamers_0.xyz" ...
2026-09-07T15:29:43.384352+00:00 substrate_heartbeat domain=cmcpor substrate_id=2r elapsed_seconds=30.1 phase=Starting Meta-MD   3 with the settings:
