245
 energy: -410.759662703262 gnorm: 0.280363837690 xtb: 6.7.1 (edcfbbe)
N            0.17529300000000       -1.76653100000000       -0.95177400000000
N           -0.03987900000000       -1.08711700000000        1.79395200000000
C           -0.42567100000000       -1.01075200000000       -3.24327000000000
C            0.01527600000000       -1.96895100000000       -2.30220600000000
C            0.42077900000000       -3.31928600000000       -2.65740200000000
H            0.38181000000000       -3.73630900000000       -3.67028900000000
C            0.85767400000000       -3.91388100000000       -1.50162100000000
H            1.25222000000000       -4.92661100000000       -1.36412900000000
C            0.67012700000000       -2.94610800000000       -0.43491500000000
C            0.86728600000000       -3.23641000000000        0.92994200000000
C            0.46645100000000       -2.35886600000000        1.95732300000000
C            0.40720200000000       -2.73660600000000        3.35816900000000
H            0.74592100000000       -3.69930400000000        3.75748800000000
C           -0.18426500000000       -1.69548700000000        4.02697000000000
H           -0.42391500000000       -1.61194700000000        5.09336100000000
C           -0.44393100000000       -0.66197900000000        3.04014300000000
C            1.41247500000000       -4.58030500000000        1.31319000000000
C            2.76035300000000       -4.72887200000000        1.72835600000000
C            3.28510100000000       -5.98383600000000        2.09620000000000
C            2.45131600000000       -7.11084200000000        2.03727000000000
H            2.85795500000000       -8.09718800000000        2.31153000000000
C            1.11305500000000       -7.00849700000000        1.63244600000000
C            0.59804800000000       -5.74219200000000        1.28373400000000
N           -0.78947100000000        1.57492500000000        1.06765600000000
N           -0.53039900000000        0.90738800000000       -1.65826000000000
C           -1.00232900000000        0.59644800000000        3.34925800000000
C           -1.10009200000000        1.64630100000000        2.40966500000000
C           -1.47448800000000        3.00358700000000        2.76126000000000
H           -1.78524300000000        3.32409400000000        3.76241900000000
C           -1.34234800000000        3.75850100000000        1.62201000000000
H           -1.53150000000000        4.82946100000000        1.48970900000000
C           -0.95359400000000        2.85058600000000        0.56080900000000
C           -0.84809200000000        3.21738800000000       -0.79363400000000
C           -0.73141500000000        2.26140400000000       -1.82139400000000
C           -0.94945900000000        2.56712900000000       -3.22240900000000
H           -1.13355100000000        3.57131000000000       -3.62042200000000
C           -0.93286800000000        1.37254800000000       -3.89610300000000
H           -1.09481600000000        1.18674200000000       -4.96423500000000
C           -0.63836300000000        0.34427800000000       -2.91409100000000
C           -0.92889500000000        4.66264300000000       -1.18119500000000
C            0.25288000000000        5.35795200000000       -1.54871500000000
C            0.21244000000000        6.70117600000000       -1.97381000000000
C           -1.02316000000000        7.36575400000000       -2.00343900000000
H           -1.06140500000000        8.41846100000000       -2.32563400000000
C           -2.21141000000000        6.71735100000000       -1.63477400000000
C           -2.16034900000000        5.36373600000000       -1.24182000000000
Fe          -0.19053800000000       -0.05702100000000        0.06541400000000
Cl          -2.43617500000000       -0.69777800000000        0.06300400000000
C           -1.57213100000000        0.80978900000000        4.72341700000000
C           -0.79561800000000        1.35627200000000        5.78467500000000
C           -2.93275000000000        0.45063200000000        4.96527600000000
C           -1.36354400000000        1.54684600000000        7.06448800000000
N            0.54434900000000        1.70904300000000        5.49956000000000
C           -3.49979500000000        0.66579100000000        6.24466300000000
N           -3.66041400000000       -0.14131100000000        3.91344400000000
H           -0.74014300000000        1.95433200000000        7.86817200000000
C           -2.70716900000000        1.20361200000000        7.26604400000000
C            1.53263500000000        2.12435300000000        6.37270100000000
H            0.81276100000000        1.60623300000000        4.51539600000000
H           -4.55231100000000        0.40460800000000        6.40245400000000
C           -4.99781700000000       -0.51794300000000        3.90470100000000
H           -3.14024400000000       -0.31968100000000        3.04441100000000
H           -3.15425400000000        1.36030000000000        8.26085600000000
O            1.39286700000000        2.23519600000000        7.59252600000000
C            2.85008800000000        2.44656500000000        5.70317400000000
O           -5.78944800000000       -0.27785500000000        4.81941500000000
C           -5.41623500000000       -1.27338400000000        2.66902700000000
C            4.11613500000000        2.06455400000000        6.42910800000000
H            2.89776800000000        2.44676200000000        4.60159900000000
C            3.69435400000000        3.51747800000000        6.40858900000000
C           -6.77654100000000       -0.97678600000000        2.08340500000000
H           -4.63577600000000       -1.59123500000000        1.95692700000000
C           -6.58766200000000       -2.24262300000000        2.89008300000000
H            3.99933600000000        1.54166800000000        7.39132800000000
H            4.98050700000000        1.78403200000000        5.80723900000000
H            3.25954700000000        3.91855500000000        7.33655000000000
C            4.46428100000000        4.47710600000000        5.56166900000000
H           -7.36398100000000       -0.18473800000000        2.57465200000000
H           -6.87171900000000       -1.07100300000000        0.98948300000000
H           -6.99735300000000       -2.24088300000000        3.91138000000000
C           -6.56815300000000       -3.56284700000000        2.19515900000000
O            4.55363900000000        5.68327700000000        6.17192600000000
O            4.95995800000000        4.21603900000000        4.47143900000000
O           -7.17299500000000       -4.50828000000000        2.96527500000000
O           -6.09142400000000       -3.78574100000000        1.09208200000000
C            5.29721700000000        6.74497300000000        5.49130500000000
C           -7.26497100000000       -5.86007100000000        2.42103200000000
C            4.31010800000000        7.61375400000000        4.71229300000000
C            6.06410600000000        7.49973500000000        6.57282700000000
H            5.99569000000000        6.25050400000000        4.78373000000000
C           -7.24922800000000       -6.80321500000000        3.62025200000000
C           -8.52546600000000       -5.97609600000000        1.56276000000000
H           -6.36963600000000       -6.02030100000000        1.78317800000000
H            3.78770900000000        7.01976000000000        3.93605800000000
H            3.55130600000000        8.05485400000000        5.39144000000000
H            4.84608000000000        8.44238800000000        4.20488600000000
H            6.75225500000000        6.82205500000000        7.11671400000000
H            6.66621200000000        8.31264300000000        6.11781100000000
H            5.36848900000000        7.95299400000000        7.30917500000000
H           -6.32342000000000       -6.66901100000000        4.21476200000000
H           -8.11849300000000       -6.61435000000000        4.28421900000000
H           -7.29538200000000       -7.85792500000000        3.27963100000000
H           -8.48247200000000       -5.27251500000000        0.70812400000000
H           -8.62080300000000       -7.00389900000000        1.15481800000000
H           -9.43241700000000       -5.75419800000000        2.16322400000000
C           -0.67279600000000       -1.47965700000000       -4.64881300000000
C            0.28274400000000       -1.27252900000000       -5.68543300000000
C           -1.88064500000000       -2.17902400000000       -4.94407500000000
C            0.06905400000000       -1.81003700000000       -6.97419000000000
N            1.42296900000000       -0.49829800000000       -5.37103300000000
C           -2.08463900000000       -2.72365400000000       -6.23440000000000
N           -2.85279300000000       -2.25987800000000       -3.92772700000000
H            0.82291100000000       -1.64121400000000       -7.75173400000000
C           -1.10576300000000       -2.53551400000000       -7.21890400000000
C            2.36389000000000        0.04720600000000       -6.22819300000000
H            1.44780800000000       -0.16087700000000       -4.40370100000000
H           -3.00886800000000       -3.27950500000000       -6.43036300000000
C           -4.08847100000000       -2.89195600000000       -3.96359300000000
H           -2.63875700000000       -1.74428000000000       -3.06531900000000
H           -1.26957000000000       -2.96238800000000       -8.22140700000000
O            2.45732500000000       -0.21347900000000       -7.42825700000000
C            3.26374000000000        1.06443300000000       -5.56402000000000
O           -4.46944700000000       -3.61582800000000       -4.88626700000000
C           -4.95499500000000       -2.59715800000000       -2.76656700000000
C            3.57230500000000        2.31455200000000       -6.35423600000000
H            3.21156000000000        1.17759300000000       -4.46857300000000
C            4.65017700000000        1.26560400000000       -6.17885400000000
C           -5.85187300000000       -3.69206400000000       -2.24404500000000
H           -4.59239700000000       -1.86802300000000       -2.02212700000000
C           -6.46473900000000       -2.57716000000000       -3.06134600000000
H            3.12486200000000        2.38626200000000       -7.35791900000000
H            3.68454500000000        3.25261400000000       -5.78865100000000
H            4.88489300000000        0.63709500000000       -7.05110900000000
C            5.77692900000000        1.57854400000000       -5.24796200000000
H           -5.78313000000000       -4.66696100000000       -2.75237200000000
H           -6.02864500000000       -3.69815300000000       -1.15625400000000
H           -6.73388700000000       -2.81678200000000       -4.10118600000000
C           -7.30259700000000       -1.53889500000000       -2.39178800000000
O            6.94696000000000        1.11080500000000       -5.73994600000000
O            5.66382300000000        2.18969500000000       -4.19039100000000
O           -8.30558300000000       -1.13683000000000       -3.21838000000000
O           -7.13441200000000       -1.10180200000000       -1.26284900000000
C            8.16476700000000        1.35817200000000       -4.96722100000000
C           -9.22924900000000       -0.12539400000000       -2.71010600000000
C            9.06953900000000        0.15234300000000       -5.19832100000000
C            8.77598500000000        2.68677600000000       -5.41246300000000
H            7.86510400000000        1.42810500000000       -3.90008900000000
C           -8.66499900000000        1.26545300000000       -3.00013200000000
C          -10.57337900000000       -0.39948400000000       -3.37797400000000
H           -9.29969600000000       -0.26867200000000       -1.61062600000000
H            8.56634700000000       -0.78228700000000       -4.87966400000000
H            9.33462100000000        0.05679500000000       -6.27172000000000
H           10.00830600000000        0.26183900000000       -4.61751600000000
H            8.07726700000000        3.52600200000000       -5.22410900000000
H            9.71067600000000        2.88707500000000       -4.84884200000000
H            9.02099600000000        2.66413700000000       -6.49466500000000
H           -7.69594900000000        1.41012300000000       -2.48347200000000
H           -8.51521500000000        1.40949300000000       -4.09058000000000
H           -9.36409600000000        2.04750700000000       -2.63796700000000
H          -10.92712300000000       -1.42483300000000       -3.14896700000000
H          -11.33555700000000        0.32034400000000       -3.01527600000000
H          -10.49591200000000       -0.29766000000000       -4.48057100000000
H            4.33211400000000       -6.07293600000000        2.41678800000000
H            0.46916700000000       -7.89734000000000        1.58367400000000
H            1.13476900000000        7.21215700000000       -2.28289900000000
H           -3.17318400000000        7.24855800000000       -1.65508100000000
O            3.50742800000000       -3.57054900000000        1.75351200000000
O           -0.69275100000000       -5.55027800000000        0.85389300000000
O            1.40366000000000        4.60310700000000       -1.53106300000000
O           -3.26866900000000        4.65505700000000       -0.84426000000000
C            4.84126400000000       -3.61372000000000        2.14290500000000
C            5.83966100000000       -3.89643800000000        1.19261100000000
C            5.17567500000000       -3.29349900000000        3.47060400000000
C            7.18901600000000       -3.86041400000000        1.58546200000000
H            5.55198000000000       -4.13344600000000        0.15719200000000
C            6.52875600000000       -3.25917500000000        3.85024100000000
H            4.37077900000000       -3.06730900000000        4.18608400000000
C            7.53688900000000       -3.54375500000000        2.91144000000000
H            7.97390600000000       -4.07830000000000        0.84399700000000
H            6.79555000000000       -3.00601600000000        4.88866000000000
H            8.59569100000000       -3.51609800000000        3.21300600000000
C           -1.66084500000000       -6.53018000000000        1.02487600000000
C           -2.03248000000000       -6.97527900000000        2.30809000000000
C           -2.32058800000000       -7.00458300000000       -0.12191100000000
C           -3.06322900000000       -7.92119400000000        2.43339000000000
H           -1.51869100000000       -6.57504800000000        3.19516900000000
C           -3.35676700000000       -7.94335600000000        0.01801000000000
H           -2.01866000000000       -6.62088700000000       -1.10765300000000
C           -3.72645700000000       -8.40969700000000        1.29213100000000
H           -3.35578700000000       -8.27272900000000        3.43561600000000
H           -3.87741500000000       -8.31284100000000       -0.87954600000000
H           -4.53385500000000       -9.15100600000000        1.39724700000000
C            2.67223500000000        5.14879500000000       -1.43243300000000
C            2.98561900000000        6.21244700000000       -0.56193700000000
C            3.68336100000000        4.51568900000000       -2.17923300000000
C            4.31897400000000        6.64791000000000       -0.46566200000000
H            2.19494400000000        6.68866000000000        0.03688500000000
C            5.01243200000000        4.95227500000000       -2.06354700000000
H            3.42407900000000        3.67348500000000       -2.83657500000000
C            5.33537800000000        6.02523700000000       -1.21292400000000
H            4.56377900000000        7.48163300000000        0.21192700000000
H            5.78679500000000        4.43410800000000       -2.64997300000000
H            6.37670600000000        6.37307500000000       -1.12714900000000
C           -4.55107200000000        5.05723000000000       -1.18863000000000
C           -4.92482700000000        5.26955800000000       -2.52997600000000
C           -5.49726300000000        5.15776800000000       -0.15347000000000
C           -6.25679700000000        5.60326400000000       -2.82580600000000
H           -4.17708400000000        5.16459800000000       -3.33048200000000
C           -6.82807900000000        5.48383300000000       -0.46467300000000
H           -5.17672700000000        4.96688400000000        0.88146600000000
C           -7.21135200000000        5.71394900000000       -1.79788600000000
H           -6.55220700000000        5.76747900000000       -3.87433900000000
H           -7.57047600000000        5.55878800000000        0.34560400000000
H           -8.25429800000000        5.97302800000000       -2.03762000000000
N            1.46441400000000        0.33553400000000        0.15921900000000
C            2.55168500000000        1.08950000000000        0.69090000000000
C            2.39611500000000        1.73634800000000        1.92281300000000
C            3.45021000000000        2.47140600000000        2.47036800000000
C            4.66590800000000        2.56326300000000        1.79015700000000
C            4.82997500000000        1.92303100000000        0.55924500000000
C            3.77483100000000        1.18508800000000       -0.00645900000000
C            3.99087900000000        0.45944000000000       -1.31483700000000
C            4.34245900000000       -1.01946200000000       -1.09805900000000
C            5.65078600000000       -1.18232100000000       -0.36677400000000
C            5.66682700000000       -1.38767600000000        1.02134900000000
C            6.88068800000000       -1.48638900000000        1.70674200000000
C            8.09997400000000       -1.39582000000000        1.01337600000000
C            9.40855000000000       -1.44834000000000        1.76067400000000
F            9.30215700000000       -2.26183000000000        2.87556500000000
F           10.41325200000000       -1.95179500000000        0.95248100000000
F            9.75276900000000       -0.17219200000000        2.16530800000000
C            8.08017900000000       -1.15721900000000       -0.37178200000000
C            6.86573000000000       -1.05704100000000       -1.05642700000000
H            1.45807900000000        1.66622200000000        2.45922700000000
H            3.32565500000000        2.96724200000000        3.42435600000000
H            5.48380500000000        3.12771600000000        2.21897200000000
H            5.78412300000000        1.99353000000000        0.05149000000000
H            4.79715000000000        0.95115200000000       -1.90274100000000
H            3.07046900000000        0.52528100000000       -1.93406400000000
H            4.41265400000000       -1.51958600000000       -2.08847300000000
H            3.52198100000000       -1.52526300000000       -0.54346200000000
H            4.73881300000000       -1.45430500000000        1.57586200000000
H            6.86604600000000       -1.62634400000000        2.78033300000000
H            9.00403700000000       -1.04089500000000       -0.92437100000000
H            6.87161900000000       -0.86955300000000       -2.12310700000000
245
 energy: -410.834405040165 gnorm: 0.103651408705 xtb: 6.7.1 (edcfbbe)
N            0.17787107075345       -1.77399689422951       -0.95460271670376
N           -0.03994487015946       -1.09301080006059        1.80170044359365
C           -0.42557963551414       -1.01207655864875       -3.24090493492446
C            0.01506887242920       -1.97189400015140       -2.30197571793457
C            0.42043296624482       -3.32063957523080       -2.65419269562302
H            0.38214790222399       -3.73644802470229       -3.66299495983972
C            0.85506144729069       -3.91398912164230       -1.50217174430486
H            1.24785498098238       -4.92317682009637       -1.36569048643107
C            0.66821148480421       -2.94967277247017       -0.43449333277996
C            0.86443541812196       -3.23831006646488        0.93049868736599
C            0.46419343084585       -2.36184128356268        1.95972830166566
C            0.40372094108461       -2.73683702014227        3.35913616799191
H            0.74118977799226       -3.69575819101781        3.75759466109611
C           -0.18484023384400       -1.69833532350961        4.02591877100724
H           -0.42305862299145       -1.61569565680197        5.08818198342808
C           -0.44508018774536       -0.66521776707039        3.04219564019588
C            1.41116268359172       -4.58576617607454        1.31498922638037
C            2.75643339908333       -4.73432693419621        1.72955222054926
C            3.27752998321007       -5.98894114719338        2.09519360815274
C            2.44730735164415       -7.11340942060639        2.03742616657607
H            2.85237501564068       -8.09735723565220        2.31107046740744
C            1.11287827862666       -7.00835403730704        1.63437659248487
C            0.59723270192656       -5.74508086411558        1.28559903870494
N           -0.79052443162188        1.57964551682951        1.07242305930938
N           -0.53133775329071        0.90875177978762       -1.66304323836938
C           -1.00355593366316        0.59430871074531        3.34872313255806
C           -1.10044981814695        1.64598008569827        2.41099750132596
C           -1.47351551110641        3.00241146460311        2.75990667414491
H           -1.78238307041131        3.32182857396172        3.75711743014772
C           -1.34167852328791        3.75440196334478        1.62469533077577
H           -1.52843662251897        4.82149859095500        1.49309856851934
C           -0.95260950966772        2.84930500916610        0.56333275963490
C           -0.84668192833661        3.21473796590157       -0.79185882084085
C           -0.73120840540912        2.26020539295923       -1.82122942015835
C           -0.94810543699611        2.56313192116070       -3.22098729271565
H           -1.12999842491643        3.56351917821762       -3.61772941954870
C           -0.93114890512109        1.37227144343826       -3.89285860053220
H           -1.09239267234617        1.18789702513025       -4.95682282102845
C           -0.63753679684520        0.34372183569500       -2.91402642942388
C           -0.92722671823618        4.66360967811455       -1.18152565629416
C            0.25362601586036        5.35720539982255       -1.54656956018476
C            0.21076642315722        6.69842038354327       -1.96995272798653
C           -1.02005830047248        7.36288453799681       -2.00121918865495
H           -1.05788684248169        8.41276886539850       -2.32237001012582
C           -2.20423744863964        6.71481083034262       -1.63465809365766
C           -2.15635270801394        5.36350900648468       -1.24229506172482
Fe          -0.18425567827094       -0.05934177049029        0.06763321918117
Cl          -2.42853149202958       -0.69731780604193        0.06365744835370
C           -1.57428595442962        0.80855079160730        4.72687599325342
C           -0.79863247575174        1.35389485846924        5.78590403515473
C           -2.93192391635358        0.45032978176323        4.96760989385371
C           -1.36718895730521        1.54367045359977        7.06237564391926
N            0.54429587878455        1.70657211058013        5.50385081232957
C           -3.49604526777013        0.66546529255988        6.24458104130172
N           -3.66444794866297       -0.14204021928787        3.91518391280125
H           -0.74771504546806        1.95082469805367        7.86655098675421
C           -2.70776897632755        1.20223784655722        7.26613500047885
C            1.52967959444282        2.12094157468079        6.37484275538438
H            0.81018049669708        1.60349351095200        4.52176959918889
H           -4.54589153185593        0.40546034572617        6.40510937432657
C           -4.99653364035061       -0.51787611468104        3.90580485989579
H           -3.14357673907867       -0.31900317078556        3.04986399800960
H           -3.15325772085497        1.35848631319726        8.25813677910656
O            1.39303162805362        2.23247961423365        7.58903669688785
C            2.84705762193421        2.44152261570144        5.71128830034761
O           -5.78728430782554       -0.28035003177993        4.81500950565313
C           -5.41782738349406       -1.27295284833191        2.67039155187444
C            4.11455911352963        2.06120048365285        6.43179218212147
H            2.89042727079858        2.43732177191945        4.61991586728424
C            3.69439133950173        3.51254573481150        6.41050338964849
C           -6.77673090919325       -0.97685065897733        2.08516413209072
H           -4.64029996789624       -1.58785060192708        1.96237533306447
C           -6.58867135417246       -2.24197089381391        2.88942481823304
H            4.00298452293101        1.54120893552334        7.38778305215778
H            4.97395716345126        1.78106131225238        5.81512220139214
H            3.26585650726716        3.91472168005511        7.33374626148785
C            4.46395147209045        4.47434653280940        5.56570606636568
H           -7.36352292967970       -0.18969265026451        2.57051193108101
H           -6.87277130772164       -1.06859534278668        0.99811324876740
H           -6.99956334132514       -2.24332912458308        3.90530905941073
C           -6.57166160361639       -3.56241582103666        2.19730013229803
O            4.55984479529792        5.67499623531101        6.16954498878567
O            4.95538751891325        4.21330576945301        4.48269233274023
O           -7.17506585230597       -4.50705112557025        2.95765361659972
O           -6.09612731338611       -3.78248107558268        1.10080058950981
C            5.29800158910628        6.73932748000551        5.49438219273187
C           -7.26857397975898       -5.85862725851440        2.42117208555545
C            4.31113601568480        7.61163598387016        4.71306172298333
C            6.06627440075316        7.49717805116759        6.57489127192068
H            5.99412989931185        6.24795431960848        4.78869586695699
C           -7.25336880480427       -6.80462503849751        3.62094996085408
C           -8.53002023850872       -5.97627071815540        1.56132832563474
H           -6.37543234563120       -6.01853618269909        1.78604564547572
H            3.79169721302830        7.01591986184464        3.94293583028968
H            3.56037326907485        8.04850411341787        5.39014121439357
H            4.84726651926289        8.43391613573953        4.21312262362533
H            6.74859736269357        6.82437033533125        7.11567519988521
H            6.66577246850824        8.30359958689553        6.12549944247658
H            5.37723544913571        7.94583286259742        7.30672043967857
H           -6.33306894122701       -6.66861467755525        4.20921358763158
H           -8.11832094128600       -6.61799880463880        4.27891450588908
H           -7.30174632045384       -7.85161519840804        3.28331244116008
H           -8.48390870442101       -5.27440983504920        0.71416178012987
H           -8.62589109526430       -6.99751532014944        1.15918797915185
H           -9.43132670525922       -5.75746227408874        2.15794238883118
C           -0.67302228061557       -1.48215835506431       -4.65036696382847
C            0.28102589879347       -1.27458013159993       -5.68467616414457
C           -1.87837099245741       -2.17990432693471       -4.94492593230603
C            0.06622179765237       -1.81170610515140       -6.97029130577428
N            1.42344167652278       -0.49817311447669       -5.37265084783044
C           -2.08074156491977       -2.72142357124669       -6.23319701784879
N           -2.85528578585985       -2.26195668287163       -3.92895448732624
H            0.81729803901837       -1.64526165890196       -7.74817572716898
C           -1.10521841704306       -2.53594688738477       -7.21751468901431
C            2.36220036265547        0.04530199636586       -6.22608267069317
H            1.44743701603993       -0.16510189598305       -4.40646430977976
H           -3.00215851983430       -3.27625359948584       -6.43193782683100
C           -4.08708266685914       -2.89047325396483       -3.96450405345775
H           -2.63912539853904       -1.74794946592667       -3.06949687762589
H           -1.26835861944603       -2.96130246332224       -8.21726379054410
O            2.46011912533768       -0.21476768920229       -7.42056896884998
C            3.26492215261188        1.06101996983003       -5.56268095300589
O           -4.46949876605522       -3.61179122948627       -4.88168782179769
C           -4.95563309528841       -2.59743834754730       -2.76791301657970
C            3.57478159535771        2.30959081381394       -6.35201407689313
H            3.21092859055796        1.17262985660359       -4.47252818604918
C            4.65120480215040        1.26272597294875       -6.17612211160469
C           -5.85268062897814       -3.69089234959950       -2.24615656817745
H           -4.59261471459824       -1.87245700973852       -2.02755711540492
C           -6.46461317238378       -2.57647660174042       -3.06103567331029
H            3.13189891939330        2.38501668465281       -7.35040796332107
H            3.68580720445611        3.24267594710026       -5.79130068078549
H            4.88850927180427        0.63934119524269       -7.04445154030827
C            5.77939066773298        1.57444907641417       -5.24671973842198
H           -5.78807185590603       -4.66148919620157       -2.74870705798507
H           -6.02860939401508       -3.69951921847417       -1.16542432342801
H           -6.73693587711668       -2.81414295838056       -4.09547996773000
C           -7.30334541002542       -1.53831562202920       -2.39491561529581
O            6.94680544185093        1.11255300196466       -5.73309939103398
O            5.66505108981009        2.17870081862738       -4.19490077396264
O           -8.30509076734197       -1.13603722320079       -3.21154556964770
O           -7.13434732170861       -1.10510671894372       -1.27207356655839
C            8.16483345826873        1.35394852101330       -4.96502472677025
C           -9.22860595053592       -0.12505539317940       -2.71114030799112
C            9.07214577869143        0.14688174202506       -5.19501003982982
C            8.77955549917370        2.68281832022397       -5.40919548958587
H            7.86618335986728        1.42275957091130       -3.90070583144839
C           -8.66444405378290        1.26880506799705       -3.00089415216999
C          -10.57497583928616       -0.39678770315960       -3.37925076685646
H           -9.29955358063334       -0.26726047662694       -1.61578940382859
H            8.56833428328309       -0.77923341967960       -4.87800513464965
H            9.33757474692452        0.05375274058019       -6.26131641908430
H           10.00479307532861        0.25656842063977       -4.62023857830415
H            8.08295925137802        3.51380908169170       -5.22105909853162
H            9.70821075147640        2.88073483823331       -4.85118575057881
H            9.02490853395809        2.66038260233404       -6.48423793114529
H           -7.69833801603036        1.40851305984625       -2.48694797792617
H           -8.51709642101760        1.40995273560283       -4.08352864772355
H           -9.36150493578291        2.04302987163495       -2.64271816849336
H          -10.92659360481035       -1.41541585237580       -3.15200820723861
H          -11.33256421406366        0.31680803761057       -3.02057001584331
H          -10.49815153680226       -0.29622929465464       -4.47301914891289
H            4.32229828599388       -6.07919203468858        2.41575703048779
H            0.47067758010082       -7.89575996414273        1.58567672964661
H            1.13082355035246        7.20877458043144       -2.27836230579751
H           -3.16355631424596        7.24597485764064       -1.65541513294287
O            3.50464360080449       -3.57736321204215        1.75522043692410
O           -0.69421442363632       -5.55393009446178        0.85454353614415
O            1.40538161201447        4.60238096033643       -1.52910167006334
O           -3.26660913953815        4.65620715695990       -0.84415124227167
C            4.84066507555574       -3.62432721376244        2.14624279916318
C            5.83694528837816       -3.90922647745434        1.19965581580364
C            5.17535244975161       -3.29970766293793        3.47079278442025
C            7.18062015802841       -3.87965295070314        1.59310168029508
H            5.55219515064197       -4.13574177896648        0.16759212370672
C            6.52115817634956       -3.27561297838405        3.85281445471504
H            4.37435328736664       -3.07245245763955        4.18162363813121
C            7.52138769114678       -3.58695450723218        2.92113334936742
H            7.96843741686514       -4.08407906211055        0.85541078705785
H            6.79444251377946       -3.01509214183674        4.88271934406711
H            8.57358313081113       -3.55291885199084        3.22227757588361
C           -1.66579001545569       -6.53347545135007        1.02561331821277
C           -2.03885548725474       -6.97941288359947        2.30354464488477
C           -2.32612349874187       -7.00700505811542       -0.11728580157319
C           -3.06668218154063       -7.92291682327543        2.42827963247746
H           -1.52552208104157       -6.58112729015040        3.18684074652030
C           -3.35872826126380       -7.94395467711047        0.02208695585122
H           -2.02401079969503       -6.62443454234585       -1.09899429151960
C           -3.72741453998533       -8.40991767396392        1.29141951064411
H           -3.35838799253843       -8.27602788740419        3.42550450953803
H           -3.87744120112748       -8.31371094574915       -0.87100400773503
H           -4.53204738437621       -9.15046076509013        1.39629082569548
C            2.67674991839542        5.14643432829917       -1.42914016753379
C            2.99291927726924        6.20673539051302       -0.56245488260383
C            3.68720807449525        4.51461774217849       -2.17281316042319
C            4.32190304025612        6.64164259561959       -0.46614705596233
H            2.20470905832619        6.68167822739264        0.03363987085366
C            5.01178052041092        4.95102718861390       -2.05868099246452
H            3.42764436086893        3.67586543939972       -2.82818362842732
C            5.33441854583146        6.02121604424088       -1.21148301348493
H            4.56761446387948        7.47323799261323        0.20799083076375
H            5.78411355562431        4.43635692010658       -2.64318119350490
H            6.37262146244197        6.36976536945036       -1.12649643477816
C           -4.55115926950909        5.05761309377692       -1.18899411451419
C           -4.92655970862127        5.27038526047084       -2.52505458659955
C           -5.49749786286018        5.15768847948799       -0.15817637086085
C           -6.25465479919866        5.60423183505829       -2.82021486720020
H           -4.18041249566061        5.16630743809951       -3.32150734178207
C           -6.82421041645125        5.48462310775912       -0.46839975537741
H           -5.17754527219496        4.96770807566578        0.87258728075265
C           -7.20636009587092        5.71520361018654       -1.79672029796651
H           -6.55049736366480        5.77022656417751       -3.86364830683222
H           -7.56505924496226        5.56102454072382        0.33704079212888
H           -8.24653180807141        5.97546361291969       -2.03594960382801
N            1.45796873461631        0.36648923885298        0.16756233691637
C            2.52845305085128        1.07633724913279        0.67573100162277
C            2.39605140513490        1.73256791815522        1.91300756510703
C            3.44777295612356        2.46791587367284        2.43376677267105
C            4.66103561799075        2.55376109180673        1.77190491393372
C            4.81495906180568        1.90987850582075        0.55275213086482
C            3.76915576634590        1.17393249556820       -0.01203546334926
C            3.98664983491363        0.45903881973068       -1.31906865754177
C            4.34251388947567       -1.02321402592285       -1.10145783582544
C            5.65145244321941       -1.16782253420347       -0.37141759373656
C            5.67573078374776       -1.32477269481898        1.01092704989650
C            6.88294894753341       -1.39012403205645        1.69434651225614
C            8.09067762778744       -1.35337093349369        0.99897919935037
C            9.40618812595667       -1.40359263758737        1.72535431141958
F            9.41962672093029       -2.13788108985707        2.87012299990384
F           10.41271373237506       -1.92275297018427        0.96229854181678
F            9.78498022925113       -0.16008039490475        2.13830404737544
C            8.07419384711565       -1.15348201891248       -0.37938535367472
C            6.86495793368551       -1.05754679234117       -1.05289312315283
H            1.46113781123907        1.66606205576061        2.45102631850654
H            3.33575215603318        2.99617289776858        3.36382957557955
H            5.47345574694869        3.12019642099292        2.20969352171898
H            5.76736525384037        1.98604273182782        0.04481337035880
H            4.79053801213941        0.94939232762012       -1.89022855179099
H            3.06907989318142        0.51987378831890       -1.92241905900215
H            4.41335838482500       -1.51551573162479       -2.08247491341966
H            3.53107932308808       -1.51468982905635       -0.54310680282370
H            4.74966193532282       -1.41697428730113        1.56115962898889
H            6.86916909505680       -1.55415709337900        2.75819355187413
H            9.00141297934459       -1.04623260557101       -0.92387718612229
H            6.87021387128635       -0.87350979540277       -2.11768206615317
245
 energy: -410.862810475825 gnorm: 0.046541242290 xtb: 6.7.1 (edcfbbe)
N            0.17804988142151       -1.78011315688446       -0.95384448211295
N           -0.04028455104325       -1.09862269988090        1.80625994923621
C           -0.42493436992076       -1.01487261374568       -3.23787097466190
C            0.01469250371105       -1.97567525846587       -2.30012968619812
C            0.41928778343599       -3.32448970664861       -2.65179177793847
H            0.38134643431701       -3.73994533893674       -3.65967980475561
C            0.85272510268902       -3.91804859049547       -1.50068088247946
H            1.24449358066183       -4.92668481179172       -1.36446954943856
C            0.66631106349087       -2.95419410397742       -0.43247541647682
C            0.86162367634406       -3.24233087700502        0.93234582511023
C            0.46182734719239       -2.36631459797962        1.96212725439511
C            0.40047997481704       -2.74139722147140        3.36149537473883
H            0.73698999278550       -3.69970008083896        3.75966612380077
C           -0.18696458085132       -1.70339734339174        4.02761478573430
H           -0.42491631606460       -1.62105324232277        5.08884359604539
C           -0.44613260035303       -0.66980343579267        3.04420496857531
C            1.40815389634843       -4.59187288066885        1.31737485519521
C            2.75253095713292       -4.74091519493600        1.73186507989055
C            3.27184688539612       -5.99602037623244        2.09692090186205
C            2.44191852109678       -7.11953323677190        2.03928845710440
H            2.84593495926896       -8.10315706846951        2.31265143140162
C            1.10843768860762       -7.01266830819837        1.63633156630736
C            0.59351560764302       -5.74968890144837        1.28754198460676
N           -0.79160020234606        1.57900047182718        1.07654038713198
N           -0.53055828602500        0.90688409617713       -1.66380163987252
C           -1.00387362212812        0.59015544375986        3.34991014222847
C           -1.10016614480249        1.64266341275927        2.41333488803015
C           -1.47226829154865        2.99942037219897        2.76191234019882
H           -1.78068533712374        3.31847652190019        3.75818914427419
C           -1.33960029713922        3.75080640154797        1.62797241769263
H           -1.52503291223434        4.81712950728631        1.49651910778483
C           -0.95061908603951        2.84565498390297        0.56638464887733
C           -0.84383877790808        3.21064595276452       -0.78898795902693
C           -0.72897704020915        2.25701887564977       -1.81895116998318
C           -0.94518843574185        2.55995776770125       -3.21889250417071
H           -1.12577345113202        3.55968029676349       -3.61507819552995
C           -0.92879440541801        1.37023795953220       -3.89037793485103
H           -1.08960951360494        1.18641299018946       -4.95338029524231
C           -0.63617087259166        0.34116745596294       -2.91188204013728
C           -0.92354260507078        4.66147084580024       -1.17916107427885
C            0.25755805875435        5.35375292431836       -1.54295752068515
C            0.21515684031434        6.69474086027904       -1.96564255322828
C           -1.01402707028302        7.36018993359642       -1.99776807593968
H           -1.05098129449820        8.40949596889119       -2.31838510559016
C           -2.19769320036055        6.71249421854815       -1.63228223647059
C           -2.15141483306820        5.36151815219648       -1.24015848163386
Fe          -0.18639725379424       -0.06445093422477        0.06967200556643
Cl          -2.42718295837035       -0.69931348071993        0.06508456799961
C           -1.57571859027533        0.80488103235796        4.72981639544232
C           -0.80038179306704        1.34927384915931        5.78823908064735
C           -2.93224998342574        0.44777934328742        4.96972302258130
C           -1.36890423978899        1.53911518009903        7.06384417513228
N            0.54472954371317        1.70111329664129        5.50725225497805
C           -3.49635550650340        0.66266537042672        6.24563317321750
N           -3.66718458118800       -0.14438549104859        3.91587474457328
H           -0.75070778051320        1.94594168521458        7.86870384847914
C           -2.70934384986165        1.19883271823159        7.26817103172430
C            1.52843572813542        2.11462588790664        6.37823558932359
H            0.80894106258543        1.59803603624103        4.52579021879132
H           -4.54578002563481        0.40353645480374        6.40691519132771
C           -4.99713456331214       -0.51854683326775        3.90737754129020
H           -3.14494979147769       -0.32079569980367        3.05240208140799
H           -3.15441424719686        1.35500895754428        8.25923853993473
O            1.39262263512956        2.22625016842231        7.59138559188187
C            2.84700554082184        2.43488208393248        5.71423947357672
O           -5.78842583399399       -0.28182045088138        4.81477268012950
C           -5.41953095144489       -1.27377751402871        2.67061957296715
C            4.11350075569230        2.05342968434341        6.43620699996459
H            2.89020003875399        2.43046564089782        4.62450480601042
C            3.69434079143685        3.50419985598495        6.41528051976314
C           -6.77784167560224       -0.97645377389073        2.08564695094910
H           -4.64268624732397       -1.58781821830518        1.96415749840609
C           -6.59091076459991       -2.24129270869419        2.88951855900954
H            4.00303176014937        1.53400568737081        7.39038115009593
H            4.97130210714030        1.77282394253803        5.82157572599613
H            3.26807794327109        3.90662152118793        7.33703170858419
C            4.46472325686201        4.46774659590782        5.57081715842323
H           -7.36422517202619       -0.19041064466548        2.56924898824541
H           -6.87369703308572       -1.06715622417674        1.00040003479026
H           -7.00252452142927       -2.24368621881267        3.90353535988898
C           -6.57495808720596       -3.56282511742861        2.19799860559283
O            4.56460257615003        5.66485967858253        6.17306751066893
O            4.95512758150735        4.20549753827566        4.48941752456018
O           -7.17934726389761       -4.50615727418631        2.95400614694594
O           -6.09943912412238       -3.78137111670259        1.10241196204929
C            5.30116623825668        6.72945267780919        5.50038068106499
C           -7.27334703389241       -5.85705232981998        2.42031181260386
C            4.31391051240908        7.60511233089831        4.71754692269599
C            6.06954296979659        7.48858690110457        6.58111762565922
H            5.99602525138576        6.23993575312806        4.79481936442105
C           -7.25891779594516       -6.80459667293650        3.62091923273146
C           -8.53550271412070       -5.97457872818561        1.55876131629037
H           -6.38086969049441       -6.01760804689297        1.78631285204233
H            3.79588182399346        7.00823548741133        3.94926453362400
H            3.56678737422143        8.04022910830192        5.39444407753583
H            4.85200311820366        8.42425460669264        4.22112794219883
H            6.74933934217901        6.81710582992263        7.12070544784778
H            6.66898605924868        8.29243710869913        6.13387027537174
H            5.38304828764868        7.93589151942394        7.31105130306168
H           -6.34062645784781       -6.66851578525707        4.20659064472588
H           -8.12329412612699       -6.61863571344061        4.27574052256758
H           -7.30943506431722       -7.84871598840968        3.28357725953680
H           -8.48724630265542       -5.27297033436885        0.71489323141908
H           -8.63192602854772       -6.99376394396083        1.15967711496255
H           -9.43478868020238       -5.75697662022205        2.15449359993402
C           -0.67261486422271       -1.48519626890068       -4.64942586616862
C            0.28127736559915       -1.27798458291719       -5.68250339157239
C           -1.87712402073408       -2.18154033084514       -4.94411456065354
C            0.06668484395174       -1.81440340025962       -6.96759794446265
N            1.42536789868493       -0.50079211846587       -5.37067569530214
C           -2.07960903209321       -2.72211704915022       -6.23169842737635
N           -2.85672968985432       -2.26367880587786       -3.92770899354057
H            0.81734003848602       -1.64901632797024       -7.74568652757564
C           -1.10446666587808       -2.53794131963178       -7.21630741963457
C            2.36353072358793        0.04004578146548       -6.22326249660604
H            1.44837032558489       -0.16996862797438       -4.40460090103177
H           -3.00063972034565       -3.27615581495145       -6.43186096012496
C           -4.08657630666933       -2.89068535645331       -3.96494041602072
H           -2.63883816291477       -1.75014241272574       -3.06949857098879
H           -1.26733637120507       -2.96252501020588       -8.21535270040427
O            2.46318867488234       -0.21914135599291       -7.41648472085800
C            3.26788023676556        1.05580990532388       -5.55887454443897
O           -4.47046201163749       -3.61088078998759       -4.88081517687222
C           -4.95663457653114       -2.59713871010948       -2.76765438767069
C            3.57889654172220        2.30366769408550       -6.34822770483963
H            3.21269823627054        1.16681719456578       -4.47046308264001
C            4.65376022953990        1.25638319770849       -6.17255256959763
C           -5.85433744379999       -3.69013372862305       -2.24696810479055
H           -4.59282230187893       -1.87394409856321       -2.02841551588938
C           -6.46477334313504       -2.57554766293879       -3.06162859861617
H            3.13765396488844        2.38067317990028       -7.34526387120654
H            3.68988715504759        3.23510027862507       -5.78861519646162
H            4.89199226209157        0.63477946939552       -7.03951080707966
C            5.78331570863791        1.56659441024002       -5.24211311414280
H           -5.79147749974465       -4.65947931708319       -2.74793352123188
H           -6.03002089707296       -3.69954890986272       -1.16819715566556
H           -6.73818731676241       -2.81213749100064       -4.09442102980858
C           -7.30409148482634       -1.53609731097214       -2.39649688960123
O            6.94928994416561        1.10749527812246       -5.72723275807759
O            5.66791832782196        2.16965697257816       -4.19180119368934
O           -8.30483488818895       -1.13378169233542       -3.20933133702868
O           -7.13407233278427       -1.10471361730897       -1.27430888585079
C            8.16670501662752        1.34532786800461       -4.96042243271432
C           -9.22728544037382       -0.12298377705038       -2.71170377123149
C            9.07468524166946        0.13622106925768       -5.18967903803094
C            8.78391650544799        2.67481884446993       -5.40342561229690
H            7.86843095076235        1.41378203662918       -3.89680587863509
C           -8.66210481119793        1.27302550281285       -3.00166541019675
C          -10.57457885593192       -0.39256863910915       -3.38112101740972
H           -9.29892526949977       -0.26420970866952       -1.61799333695962
H            8.56964686837459       -0.78598160782927       -4.87344089288987
H            9.34098028958952        0.04486047125736       -6.25355676467524
H           10.00525830910227        0.24669560296353       -4.61718738696417
H            8.08840986556769        3.50261849889870       -5.21526829583928
H            9.71079702028719        2.87046490873603       -4.84746705115912
H            9.03036535748073        2.65139233515841       -6.47600220374284
H           -7.69679611328844        1.40958074487170       -2.48788363736699
H           -8.51564452356246        1.41266915296517       -4.08147396024105
H           -9.35865413134313        2.04416670794930       -2.64494170402956
H          -10.92628005147466       -1.40867588163437       -3.15420263840393
H          -11.33029569114572        0.31942088190438       -3.02405311382554
H          -10.49776198616870       -0.29177464615670       -4.47150563961506
H            4.31609408970097       -6.08742429284972        2.41778678472346
H            0.46611778687210       -7.89953124319373        1.58754966815896
H            1.13513800191249        7.20472364144120       -2.27348041859767
H           -3.15616457179189        7.24445213277695       -1.65355183937589
O            3.50132522822979       -3.58430276459015        1.75814195873055
O           -0.69769773790172       -5.55764702402544        0.85549186111871
O            1.40895369508426        4.59795399300820       -1.52546336305023
O           -3.26263102479365        4.65501526730229       -0.84193420317333
C            4.83854671050663       -3.63148357895734        2.14962092232981
C            5.83504630080602       -3.91473650138119        1.20481496962526
C            5.17368064747085       -3.30874924739325        3.47297870482103
C            7.17843949790234       -3.88590590935758        1.59765161760262
H            5.55013488043882       -4.14255848961526        0.17456363699067
C            6.52003117187357       -3.28238387892563        3.85405373505662
H            4.37308277103399       -3.08066011118649        4.18226225596455
C            7.52256345289336       -3.58211102560793        2.92068786013154
H            7.96504635701656       -4.09395227122007        0.86259487657471
H            6.79238690211552       -3.02613306605106        4.88332379595294
H            8.57479013071644       -3.55484816210773        3.22298300396025
C           -1.67116928980175       -6.53674523036483        1.02645758173712
C           -2.04489559844131       -6.98300488943057        2.30246491737760
C           -2.33153428338510       -7.00941296052346       -0.11585604395842
C           -3.07264299541821       -7.92557667659598        2.42661115336577
H           -1.53152235627551       -6.58584828390712        3.18467336041815
C           -3.36376032144979       -7.94549353321306        0.02288885256196
H           -2.02873321384072       -6.62709225603473       -1.09601449665315
C           -3.73295947889798       -8.41157392834793        1.29084403828284
H           -3.36463140860680       -8.27961506798091        3.42159480381716
H           -3.88203121420384       -8.31508887160611       -0.86854051765508
H           -4.53719164434757       -9.15169943767849        1.39528305626383
C            2.68170371578627        5.14103381075006       -1.42440639214881
C            2.99891838821809        6.20007324161873       -0.55868751702195
C            3.69176558333891        4.50882159603391       -2.16748514776830
C            4.32706793799809        6.63450275964971       -0.46180027936749
H            2.21154237854238        6.67514233322197        0.03648155491986
C            5.01528488422789        4.94478748469657       -2.05354544219348
H            3.43154065917096        3.67133000087081       -2.82244192632698
C            5.33844599896953        6.01423858386705       -1.20677501256409
H            4.57368976311644        7.46518490973619        0.21138090797994
H            5.78692122550776        4.43108168259035       -2.63738978502615
H            6.37581051676223        6.36289508454264       -1.12191596974793
C           -4.54762161951710        5.05714240059852       -1.18761632962552
C           -4.92279497060111        5.27073926866605       -2.52198727091687
C           -5.49417199700617        5.15757776501490       -0.15800531175175
C           -6.24978337390089        5.60574170842978       -2.81736895675592
H           -4.17691448497168        5.16676068099007       -3.31691801555068
C           -6.81957945421816        5.48580952835523       -0.46826040689428
H           -5.17461969794699        4.96746370043615        0.87138970291030
C           -7.20114625504409        5.71709923749223       -1.79549816060828
H           -6.54573557314159        5.77300178301431       -3.85874744059311
H           -7.56037164210983        5.56306219704176        0.33487848809138
H           -8.24039236631694        5.97863973134874       -2.03477547145023
N            1.43966659738220        0.39893209890006        0.17644004942207
C            2.49494575203242        1.06226026690054        0.65292435708278
C            2.38656149475871        1.73398725764665        1.89429960302297
C            3.43564886167869        2.47445990994669        2.38834863334854
C            4.65279166221555        2.54459773814885        1.73926924370791
C            4.79554478756035        1.88623082049620        0.53206349808371
C            3.75184711765689        1.15922061183894       -0.02672871815864
C            3.97222127053124        0.45447481238268       -1.33017084861969
C            4.34417819882722       -1.02551358919582       -1.10852857872244
C            5.65500638547422       -1.13209761410476       -0.37950340815436
C            5.68676936505449       -1.23977688959598        1.00399398873388
C            6.88974269609776       -1.28258034804558        1.68876229961523
C            8.09161711455725       -1.28831611034707        0.99165005978116
C            9.41163043199964       -1.34729917234751        1.70555973572241
F            9.47561567840900       -2.04020818160810        2.86044850840435
F           10.39896704970472       -1.87708149786095        0.95083521475552
F            9.82098709306077       -0.11625073233604        2.09175430835995
C            8.07552326581185       -1.13260803828479       -0.39049927556716
C            6.86749026663954       -1.04479981132826       -1.05878109373832
H            1.45532851729241        1.66989055721442        2.43469009674022
H            3.33334161468018        3.04622687368357        3.29203864070814
H            5.46049590111701        3.11029422380336        2.18268311939106
H            5.74330287998534        1.96108764181178        0.01815529587430
H            4.77601951002104        0.94888739142917       -1.88401936469437
H            3.05388147300997        0.50469761055738       -1.91911645232447
H            4.41750568965540       -1.51596719879287       -2.08153760592668
H            3.54482731464537       -1.50707098303175       -0.53794552391984
H            4.76148402792122       -1.32872298452673        1.55113305429052
H            6.87938385718726       -1.42781532446662        2.75204431916589
H            9.00514121756898       -1.06197584627566       -0.93486105789870
H            6.87002948348748       -0.88986396590919       -2.12685824616140
245
 energy: -410.880030081487 gnorm: 0.027339045688 xtb: 6.7.1 (edcfbbe)
N            0.17718607035912       -1.78458113911057       -0.95140692465504
N           -0.04083211544856       -1.10355216727354        1.80875971541804
C           -0.42409330465694       -1.01810077978566       -3.23526400590765
C            0.01421724551264       -1.97955111205482       -2.29791528050084
C            0.41797845504223       -3.32868198108728       -2.64969169275992
H            0.38015422950923       -3.74402966889250       -3.65773148188812
C            0.85061526343444       -3.92293441071571       -1.49840394485486
H            1.24154569541211       -4.93201245639104       -1.36227069853721
C            0.66435797578875       -2.95901963718818       -0.42996416709729
C            0.85897710761529       -3.24749956215139        0.93473515269042
C            0.45948810266460       -2.37136957047541        1.96429525422321
C            0.39735836267436       -2.74713463366685        3.36401114781430
H            0.73304819529773       -3.70588583905697        3.76189726133402
C           -0.18950439962750       -1.70896162724678        4.02999058109278
H           -0.42778316865362       -1.62657488874188        5.09119040513026
C           -0.44734927935909       -0.67458351828834        3.04623740576592
C            1.40448115269827       -4.59787939410725        1.31969256235611
C            2.74863641736166       -4.74780139590812        1.73463277656819
C            3.26684030754325       -6.00348399043185        2.09957217377746
C            2.43602246743251       -7.12638954956821        2.04141055813887
H            2.83915520075941       -8.11040075710060        2.31471829155884
C            1.10264086306152       -7.01836045318946        1.63795837723909
C            0.58884611123184       -5.75485375244059        1.28925354032889
N           -0.79190581071141        1.57560193585224        1.07976565614463
N           -0.52881826704352        0.90350965949482       -1.66194705348633
C           -1.00410749703286        0.58541506180323        3.35219550739897
C           -1.09967253596513        1.63834902110069        2.41597470831019
C           -1.47064589670677        2.99556793222431        2.76495322279590
H           -1.77919033897298        3.31458260116810        3.76128216247060
C           -1.33686323067029        3.74719985532785        1.63118840255577
H           -1.52143670408234        4.81375666765616        1.49987500362488
C           -0.94829172041072        2.84153727899769        0.56941611334553
C           -0.84057415871441        3.20675695747064       -0.78592329852544
C           -0.72598423805614        2.25333340197445       -1.81570814799029
C           -0.94158394278015        2.55709602890461       -3.21626801701540
H           -1.12123180028165        3.55720279355261       -3.61206872974043
C           -0.92602076173027        1.36773523031754       -3.88789330368747
H           -1.08649059801463        1.18406654050334       -4.95101439062265
C           -0.63443111458449        0.33797399260763       -2.90894379178019
C           -0.91904296697213        4.65818688676581       -1.17569444889961
C            0.26277400759205        5.34949079159201       -1.53879613768008
C            0.22174350866999        6.69068492257614       -1.96117340570722
C           -1.00695648669918        7.35722812066685       -1.99363602316551
H           -1.04290159883852        8.40669952487725       -2.31398526272041
C           -2.19136386245396        6.71029109184580       -1.62877007246362
C           -2.14625715032328        5.35907458432662       -1.23695976819009
Fe          -0.19092742587886       -0.07026583130142        0.07117501425011
Cl          -2.42727778247181       -0.70168900964158        0.06676639223639
C           -1.57663798374000        0.80043667507684        4.73227637921258
C           -0.80140678720157        1.34391350873049        5.79101894955196
C           -2.93315448791092        0.44449542837564        4.97162976147566
C           -1.36989811424706        1.53396628352185        7.06648373994105
N            0.54482705425303        1.69474780111225        5.51051059694654
C           -3.49795328695976        0.65928297411878        6.24712933011876
N           -3.66888044073626       -0.14710681094998        3.91669128859913
H           -0.75181899753365        1.94015599689810        7.87178568208234
C           -2.71090179426946        1.19465988497350        7.27033720247182
C            1.52780728356585        2.10739288301520        6.38195814869730
H            0.80862649461358        1.59181845705325        4.52914859233486
H           -4.54765062561730        0.40095264151370        6.40809291549361
C           -4.99834857309135       -0.51971422783482        3.90852698510078
H           -3.14577093816919       -0.32350925714087        3.05388191252769
H           -3.15614788940363        1.35090797830337        8.26124676673956
O            1.39206242760432        2.21873213453280        7.59527491003916
C            2.84788589229039        2.42738957004421        5.71686438398330
O           -5.79035642884362       -0.28287599093510        4.81539096548717
C           -5.42127727998612       -1.27480429300764        2.67070452379835
C            4.11290687207473        2.04417714170597        6.44114277065910
H            2.89224035915336        2.42369357045547        4.62587471456371
C            3.69471256027403        3.49491352271293        6.42064605867792
C           -6.77908242225848       -0.97595197368394        2.08554237341058
H           -4.64425588761775       -1.58906914467756        1.96469409593838
C           -6.59339382043424       -2.24090864546618        2.88935833697308
H            4.00152840087480        1.52434313163915        7.39522196009116
H            4.97067862598138        1.76297023475327        5.82691347983096
H            3.26854576114712        3.89764061211076        7.34218201581169
C            4.46629826188906        4.45915254570003        5.57651754072716
H           -7.36506571028089       -0.18947804560012        2.56914138694971
H           -6.87457734426788       -1.06632146893616        1.00012584081603
H           -7.00546571114836       -2.24348461069161        3.90310404302087
C           -6.57833859703689       -3.56300858464223        2.19761819782254
O            4.56764220677787        5.65480958521668        6.17892707022728
O            4.95684721266192        4.19595192277050        4.49474492384035
O           -7.18383102247812       -4.50554375333763        2.95246528613959
O           -6.10232137003874       -3.78116141133340        1.10160345667423
C            5.30496060695233        6.71880842215976        5.50736024061545
C           -7.27849448935645       -5.85588445496632        2.41894954371298
C            4.31798527048499        7.59653677970678        4.72376263292094
C            6.07321764032999        7.47760522398886        6.58851269668684
H            5.99936053701383        6.22978599308851        4.80147517126010
C           -7.26515635186392       -6.80411250312293        3.61958454987185
C           -8.54068976303089       -5.97245687124348        1.55634643146336
H           -6.38597152181580       -6.01732403708425        1.78518274335461
H            3.80020661056216        6.99974758694179        3.95532222700739
H            3.57154982446967        8.03152120018143        5.40081689651075
H            4.85766492639121        8.41474419693561        4.22818545189540
H            6.75221750098721        6.80551460439869        7.12810666932543
H            6.67363527598721        8.28098755079354        6.14166322128773
H            5.38695253024629        7.92519428936378        7.31812482867361
H           -6.34715873323577       -6.66884311851210        4.20516014601696
H           -8.12993832072836       -6.61764761985672        4.27362736920190
H           -7.31673026536650       -7.84796192323879        3.28164560879187
H           -8.49131820997741       -5.27064453888068        0.71317373769136
H           -8.63766194265465       -6.99148278018072        1.15758778431551
H           -9.43989572673711       -5.75442134906669        2.15207415398020
C           -0.67173867539255       -1.48809041613008       -4.64741508149725
C            0.28258942872088       -1.28155024616700       -5.67992638135070
C           -1.87632272046273       -2.18331577670626       -4.94273085250597
C            0.06838277690533       -1.81726221535398       -6.96527678874464
N            1.42768228102093       -0.50469360749103       -5.36744237929246
C           -2.07917416060465       -2.72351850291862       -6.23029223350275
N           -2.85717228909027       -2.26499250938530       -3.92614238739007
H            0.81942997909045       -1.65236581308485       -7.74315840313366
C           -1.10339731249015       -2.53995024087189       -7.21471366676440
C            2.36592582781227        0.03470115953761       -6.21984639019369
H            1.45007874063686       -0.17461915484950       -4.40127873277108
H           -3.00055917391585       -3.27679819776177       -6.43107200232415
C           -4.08653952263201       -2.89098418460089       -3.96485829327997
H           -2.63851078124928       -1.75167428155410       -3.06816225372699
H           -1.26619158952442       -2.96414302812939       -8.21388766033877
O            2.46632718024059       -0.22397299823488       -7.41310778182509
C            3.27142384109182        1.05016705495410       -5.55448805346802
O           -4.47130177407899       -3.61074795962798       -4.88078754829137
C           -4.95754240981053       -2.59679615528238       -2.76717899048902
C            3.58356630197392        2.29781840885573       -6.34366395363889
H            3.21561400974585        1.16086731943223       -4.46623434149873
C            4.65715414896837        1.24946185854584       -6.16809939960882
C           -5.85607968486332       -3.68937663081519       -2.24733920626310
H           -4.59311803817477       -1.87419516087755       -2.02782905523149
C           -6.46505305129016       -2.57424232478627       -3.06218089333174
H            3.14270127721219        2.37544363520252       -7.34091219451163
H            3.69508460862716        3.22909929074465       -5.78372930624782
H            4.89557305229262        0.62795564797893       -7.03487467653988
C            5.78742931750984        1.55849134265742       -5.23675820099727
H           -5.79378994663562       -4.65870968213140       -2.74852561857092
H           -6.03215238404437       -3.69888853137264       -1.16854241251774
H           -6.73854711065965       -2.81014057904647       -4.09502461481953
C           -7.30442374522713       -1.53366621314713       -2.39725612654909
O            6.95272077025759        1.09926500532930       -5.72164503345711
O            5.67147236104945        2.16181595230469       -4.18619765157899
O           -8.30425702803142       -1.13072374012662       -3.20966022480609
O           -7.13395155751401       -1.10306013230046       -1.27428346457201
C            8.16966688696506        1.33542218323894       -4.95465205625457
C           -9.22584618532889       -0.11982258413549       -2.71250956814757
C            9.07717673490865        0.12503425388550       -5.18355055356478
C            8.78851914971718        2.66492484067398       -5.39674644045038
H            7.87138525207799        1.40385415125407       -3.89090825541831
C           -8.65939366975152        1.27680821855105       -3.00213338536484
C          -10.57320814955082       -0.38761205216649       -3.38279485951627
H           -9.29813135786847       -0.26059327555987       -1.61900028338236
H            8.57110860036370       -0.79623757539884       -4.86778525151506
H            9.34389673463748        0.03414545839437       -6.24730860242306
H           10.00756214238356        0.23526584467143       -4.61089472478397
H            8.09365487765216        3.49270958093210       -5.20863247375178
H            9.71541252161191        2.85922846349951       -4.84054732419603
H            9.03557250644093        2.64103744672353       -6.46919659908101
H           -7.69420229310782        1.41195725365168       -2.48777242823260
H           -8.51258885703171        1.41616974137955       -4.08168257657157
H           -9.35563630484576        2.04791008383360       -2.64546535876325
H          -10.92585494780990       -1.40340635177395       -3.15604411495661
H          -11.32846113844668        0.32495927502328       -3.02585616728679
H          -10.49592559153154       -0.28642780732002       -4.47288237616767
H            4.31096977362100       -6.09580863449607        2.42081313837171
H            0.45964445018794       -7.90478210577135        1.58880794132823
H            1.14228694033101        7.20012324141947       -2.26853500446949
H           -3.14941452869791        7.24312012035514       -1.65035094860507
O            3.49821017677574       -3.59159283590230        1.76115946878713
O           -0.70191413902342       -5.56162897839554        0.85658157786570
O            1.41345680708035        4.59266446767891       -1.52112876191044
O           -3.25815130800419        4.65336370225706       -0.83915426673584
C            4.83588307623609       -3.63745220041930        2.15285737673407
C            5.83287185118869       -3.92003313194769        1.20872834069806
C            5.17075356877878       -3.31692770610139        3.47599716842595
C            7.17642825717852       -3.89180641745970        1.60155142212846
H            5.54723791637640       -4.15128514408680        0.17881585459531
C            6.51793437192891       -3.28992155533612        3.85687847717689
H            4.36952721268862       -3.08999551392037        4.18575085926205
C            7.52204481613549       -3.58443397210624        2.92352028253504
H            7.96214189498767       -4.10428113829134        0.86733221003701
H            6.78862999701300       -3.03712241603169        4.88760394785407
H            8.57595150779825       -3.55764625866151        3.22597213863399
C           -1.67636975717287       -6.54009983511644        1.02716671369991
C           -2.05073360592285       -6.98631518625710        2.30273247933886
C           -2.33661957656446       -7.01190680593953       -0.11571341689985
C           -3.07941597748923       -7.92820129224718        2.42628778455536
H           -1.53738839977510       -6.58985731702817        3.18517650313655
C           -3.36965184450382       -7.94723426770298        0.02234883498892
H           -2.03311673298503       -6.62958863988431       -1.09554781436437
C           -3.73978400990233       -8.41339644056949        1.29020293769795
H           -3.37207926994429       -8.28241724471749        3.42074551532803
H           -3.88797738600357       -8.31627769370193       -0.86907572694030
H           -4.54464404948815       -9.15294555437662        1.39409342143360
C            2.68672636420054        5.13492179810305       -1.41930434322196
C            3.00432059707275        6.19341326176819       -0.55332096821401
C            3.69654460261208        4.50187762339897       -2.16240189401580
C            4.33291012259201        6.62692922052112       -0.45570373720509
H            2.21715946553430        6.66903564608859        0.04174804187700
C            5.02032813064596        4.93689777849713       -2.04792062357263
H            3.43579445016195        3.66479023209829       -2.81765917155151
C            5.34411998296349        6.00604191169851       -1.20059495077926
H            4.58007833426327        7.45718123661069        0.21772623241192
H            5.79181049844532        4.42284351195374       -2.63159321508270
H            6.38166997611707        6.35398632635654       -1.11533368857737
C           -4.54274759768196        5.05668480342285       -1.18550543800093
C           -4.91707151027394        5.27097148341453       -2.51979217611111
C           -5.48957012320512        5.15762302761050       -0.15599217431933
C           -6.24381222336794        5.60719016279733       -2.81568577715466
H           -4.17103695712925        5.16662024805433       -3.31447113302320
C           -6.81459999160797        5.48706376853350       -0.46662899964315
H           -5.17053379986003        4.96698555101481        0.87338868276055
C           -7.19553022423815        5.71905332675509       -1.79418127920883
H           -6.53934428040787        5.77509698899362       -3.85684203546922
H           -7.55572752170971        5.56475651066454        0.33589691434536
H           -8.23449013049023        5.98156715628556       -2.03371892430749
N            1.41488012732058        0.42464676052666        0.18483329693520
C            2.46519337164152        1.05065911473451        0.63231075428062
C            2.37411723257067        1.74563480717009        1.87484567079938
C            3.41817584700733        2.49634852822668        2.34592466169382
C            4.64355325699072        2.54310842674693        1.70256709396233
C            4.77689456276153        1.86495918570850        0.50494378493242
C            3.73070200966360        1.14992658353090       -0.04775162508268
C            3.94903973328391        0.44614713643043       -1.34694408053456
C            4.34822329130317       -1.02745592172574       -1.11299251118572
C            5.66060898147678       -1.09743992953954       -0.38500281165433
C            5.69771282340288       -1.16057746722470        1.00323111763450
C            6.89980623989981       -1.18726065423361        1.68879619916221
C            8.09803722856624       -1.21776235011018        0.98745079802499
C            9.42753620511394       -1.27160446486327        1.68618721151081
F            9.50680951389960       -1.93409336720800        2.85264885718228
F           10.38697789069596       -1.82322788204784        0.92173506919330
F            9.86125185320227       -0.03236055990959        2.01571125805049
C            8.07938114997852       -1.11020790756325       -0.40184115057444
C            6.87095201274162       -1.03401712726206       -1.06882927133677
H            1.44247296544310        1.68537737632441        2.41296823825914
H            3.31978786862734        3.10250259792795        3.22928802596397
H            5.44998024970559        3.10605820168695        2.14542707746920
H            5.72095047881270        1.92464894496172       -0.01642807853838
H            4.74820175769648        0.94777425617841       -1.89561322999362
H            3.02741007954260        0.47788073448059       -1.92788841918080
H            4.42638300080037       -1.52305631002273       -2.07995370387223
H            3.56161395929062       -1.50988037402941       -0.53017105359485
H            4.77229209692234       -1.22518661019096        1.55206314955050
H            6.89552030936439       -1.28688266770027        2.75926332948598
H            9.00959579275410       -1.07941628947762       -0.94999072224081
H            6.87031017203633       -0.91718880685017       -2.14295010752023
245
 energy: -410.891208787639 gnorm: 0.026408237478 xtb: 6.7.1 (edcfbbe)
N            0.17634739608974       -1.78830592061762       -0.94845346136921
N           -0.04160603565898       -1.10828405514611        1.81085368511468
C           -0.42311108296251       -1.02137772482005       -3.23292917996921
C            0.01399673439231       -1.98347111486549       -2.29561965102238
C            0.41686354868282       -3.33270735914218       -2.64751568921184
H            0.37913842984875       -3.74791940938512       -3.65578902595087
C            0.84868781412807       -3.92770792501474       -1.49592326773091
H            1.23880779618754       -4.93729098578473       -1.35996393363764
C            0.66266335462044       -2.96397211684786       -0.42745428455292
C            0.85660734388950       -3.25302998911571        0.93732188027783
C            0.45733138058140       -2.37668230546937        1.96660126453026
C            0.39436478070794       -2.75293752663420        3.36649338761981
H            0.72924169715983       -3.71221840033089        3.76408474721892
C           -0.19196187612264       -1.71455601852150        4.03244662587293
H           -0.43069172157363       -1.63210069127764        5.09368600474773
C           -0.44859031329389       -0.67940112479988        3.04865866507849
C            1.40080581136989       -4.60370318793352        1.32196301690780
C            2.74482577494551       -4.75480100108190        1.73748970170541
C            3.26200521497019       -6.01099553288809        2.10234266421434
C            2.43017201929133       -7.13325145866791        2.04350426487604
H            2.83246084741491       -8.11773868787420        2.31675488522876
C            1.09692269268078       -7.02421493472549        1.63947992736246
C            0.58426052768618       -5.76012373996180        1.29089129953707
N           -0.79154478717944        1.57135791453672        1.08274079734153
N           -0.52682700142596        0.89968428277259       -1.65883677366239
C           -1.00442352798458        0.58060870815120        3.35507157319753
C           -1.09908207165088        1.63402729091185        2.41892899689003
C           -1.46885854898870        2.99141539543281        2.76825007114351
H           -1.77762517306108        3.31048281825368        3.76465388640245
C           -1.33395947338384        3.74340772298699        1.63449918059684
H           -1.51774697902559        4.81028135142238        1.50346851626926
C           -0.94592720999329        2.83767811541959        0.57266083824355
C           -0.83722597951137        3.20323958578555       -0.78267053340787
C           -0.72285762579200        2.24977644404796       -1.81220421924835
C           -0.93773886163282        2.55427221719746       -3.21319860134254
H           -1.11649083951230        3.55482690640649       -3.60866290348450
C           -0.92294440501528        1.36518658145471       -3.88508760008281
H           -1.08308441482518        1.18169014416482       -4.94842446502791
C           -0.63246739945404        0.33472236285978       -2.90592530207028
C           -0.91433286224601        4.65464668525294       -1.17180348288888
C            0.26823542238504        5.34519915694405       -1.53432395804037
C            0.22857210952535        6.68661092519856       -1.95639220983323
C           -0.99974846875034        7.35413356166758       -1.98908755103468
H           -1.03469398738765        8.40384399129511       -2.30920176999921
C           -2.18498018127011        6.70809457242547       -1.62482067703991
C           -2.14106130328687        5.35663275417883       -1.23336080454065
Fe          -0.19464069679789       -0.07550321509040        0.07298025246667
Cl          -2.42741722493339       -0.70421343885156        0.06854364774675
C           -1.57732374803870        0.79581849766700        4.73466198447586
C           -0.80213845956062        1.33841705469019        5.79404704147795
C           -2.93430470049551        0.44093127135266        4.97350858742980
C           -1.37089546708147        1.52858052243345        7.06942301585422
N            0.54447780801307        1.68825095294320        5.51404380994625
C           -3.49959803224783        0.65579371800222        6.24889378926146
N           -3.67000955507028       -0.14982226664026        3.91804671938022
H           -0.75272031206120        1.93401877812554        7.87503623750263
C           -2.71234366387828        1.19023048451435        7.27248105336013
C            1.52735892331847        2.09993542684796        6.38594876505224
H            0.80866575336230        1.58544253119396        4.53269461424732
H           -4.54961497991922        0.39822561083464        6.40922575129718
C           -4.99978153241668       -0.52128996650791        3.90933502672898
H           -3.14665274922621       -0.32643338723393        3.05532663198288
H           -3.15793716487398        1.34656665134008        8.26339189188315
O            1.39143692850896        2.21095697723605        7.59941248640404
C            2.84851749094916        2.41938860049253        5.72073419744727
O           -5.79213301057440       -0.28403946261558        4.81602476732774
C           -5.42291117564972       -1.27577112037500        2.67105634616345
C            4.11237884265464        2.03465266156085        6.44632688637107
H            2.89385357093898        2.41633493072148        4.62862498341096
C            3.69537481461594        3.48563800569148        6.42604633485272
C           -6.78018728636928       -0.97560403437213        2.08541729755511
H           -4.64566729672608       -1.59055396961394        1.96517359435527
C           -6.59580555815681       -2.24093545506701        2.88897955915004
H            3.99989530812756        1.51442921400120        7.40049530171122
H            4.97038778900888        1.75293296273110        5.83224945269527
H            3.26882961350364        3.88856927830038        7.34771692641440
C            4.46804974384633        4.44965347079256        5.58255422976507
H           -7.36577858404069       -0.18857522864370        2.56921526855980
H           -6.87532526732504       -1.06568462806782        0.99966518650604
H           -7.00828237510976       -2.24341951834568        3.90277149300436
C           -6.58150211382232       -3.56289004903372        2.19686420759770
O            4.56986416677074        5.64510752261858        6.18553289012919
O            4.95890670570866        4.18623097725429        4.50056023127552
O           -7.18806193675388       -4.50516973787444        2.95152680841834
O           -6.10515525658272       -3.78118620428638        1.10074522196619
C            5.30857581317351        6.70860878899790        5.51451248305509
C           -7.28360375688974       -5.85524924799866        2.41734271504843
C            4.32264954352706        7.58723060091419        4.73072597702788
C            6.07689841284177        7.46628282178402        6.59610154487719
H            6.00291510163254        6.21919580140371        4.80856990025181
C           -7.27152281653884       -6.80368230664963        3.61751065224099
C           -8.54540113819844       -5.97050368494995        1.55427852149549
H           -6.39080959128856       -6.01729950950048        1.78373713794344
H            3.80457214863759        6.99121789641963        3.96164355899834
H            3.57593116362814        8.02280582266525        5.40766668166414
H            4.86317604015375        8.40542885685752        4.23525800008955
H            6.75539196565039        6.79329809910785        7.13604312592431
H            6.67835053656082        8.26961102508085        6.14956723870542
H            5.39045302594199        7.91441750971579        7.32585377641739
H           -6.35339601144377       -6.66947658926509        4.20385925081892
H           -8.13654083486375       -6.61663690943544        4.27161552458694
H           -7.32362152080000       -7.84779628365599        3.27923504091276
H           -8.49533135706300       -5.26844032303095        0.71095503415754
H           -8.64308327340789       -6.98959383063845        1.15483571512632
H           -9.44501584833965       -5.75170726526525        2.14974221397592
C           -0.67052054546862       -1.49075714964268       -4.64501306593566
C            0.28439663614389       -1.28478781872692       -5.67723930740817
C           -1.87557769702056       -2.18502348432477       -4.94112421122553
C            0.07039514170335       -1.81998377809381       -6.96289252810950
N            1.43001168165529       -0.50897487161705       -5.36395509040304
C           -2.07844042380344       -2.72482376458606       -6.22895276378294
N           -2.85685707428494       -2.26614219246983       -3.92487069883947
H            0.82194812664224       -1.65542755499515       -7.74037092134285
C           -1.10197703513460       -2.54166982424458       -7.21284049064305
C            2.36893893122168        0.02991407300379       -6.21597440720425
H            1.45221348429801       -0.17899425076245       -4.39770916333932
H           -3.00024872387141       -3.27730557908588       -6.43013661703280
C           -4.08666141665376       -2.89117842677248       -3.96436277962503
H           -2.63816048415283       -1.75315488878309       -3.06661850735452
H           -1.26473602380667       -2.96553381367201       -8.21232839485145
O            2.46961061364448       -0.22848846181174       -7.40942117775626
C            3.27504180250770        1.04460544756533       -5.54999825300788
O           -4.47172554957315       -3.61050967136540       -4.88072334215620
C           -4.95806014494603       -2.59660052000211       -2.76688790659137
C            3.58843373506479        2.29223060326749       -6.33869089390289
H            3.21886730703569        1.15508878094780       -4.46154261717389
C            4.66107476265660        1.24292065882392       -6.16298394751874
C           -5.85758817524675       -3.68859573357713       -2.24770425790350
H           -4.59328861137503       -1.87433340543961       -2.02708210312639
C           -6.46532245195354       -2.57275346078794       -3.06252958759422
H            3.14786353509828        2.37035697388634       -7.33631928618082
H            3.70053358706364        3.22351869271149       -5.77829499711856
H            4.89936702248902        0.62120455699145       -7.02996271213171
C            5.79129497711170        1.55077467029798       -5.23115584055693
H           -5.79571131771520       -4.65803971301973       -2.74934891853131
H           -6.03418048523033       -3.69819386796525       -1.16870955525146
H           -6.73855336006496       -2.80815267664674       -4.09577243501476
C           -7.30418711847820       -1.53161268549631       -2.39764037100967
O            6.95642353684104        1.09048796543702       -5.71584027014616
O            5.67530826898127        2.15425166402711       -4.18026663950261
O           -8.30335546367974       -1.12760087117128       -3.21068535308840
O           -7.13381926972505       -1.10139237904679       -1.27423721470006
C            8.17325995291931        1.32568935641663       -4.94819342856674
C           -9.22434359832588       -0.11615029542600       -2.71344332138072
C            9.07974088544829        0.11473869822311       -5.17705406716937
C            8.79326123855939        2.65465568878486       -5.38964500902614
H            7.87458029697164        1.39411860651427       -3.88438822180183
C           -8.65664098503903        1.27996250169974       -3.00231624902300
C          -10.57147732937783       -0.38260659994205       -3.38419271903764
H           -9.29717249800680       -0.25713351215679       -1.61974795586248
H            8.57287750889619       -0.80665024257159       -4.86168641640177
H            9.34683089085464        0.02361273899040       -6.24099746900814
H           10.01029387456211        0.22386778810726       -4.60369967318718
H            8.09895404524530        3.48342914882807       -5.20157320900574
H            9.72035882717628        2.84827839875366       -4.83274240656208
H            9.04071386786550        2.63097994614344       -6.46229878500205
H           -7.69146107011400        1.41446201895805       -2.48746262769915
H           -8.50914396947286        1.41972282181846       -4.08212729929482
H           -9.35245166985448        2.05197883232991       -2.64558458194160
H          -10.92521146486771       -1.39847586816010       -3.15787845963519
H          -11.32656327483194        0.33077506622079       -3.02724244298603
H          -10.49369650509722       -0.28115612445590       -4.47466123769579
H            4.30596031495450       -6.10416630827207        2.42398881598787
H            0.45321187051242       -7.91011648483702        1.58982578388233
H            1.14968379607381        7.19540289280941       -2.26326059991263
H           -3.14261484813506        7.24170447438407       -1.64662576127248
O            3.49532986382867       -3.59917354701659        1.76441689773711
O           -0.70610818682954       -5.56578427798366        0.85778485442302
O            1.41824595789654        4.58746508820506       -1.51637984919467
O           -3.25361656765046        4.65172897662224       -0.83624865771959
C            4.83289941290557       -3.64482876675049        2.15656182695104
C            5.83038742136886       -3.92759949045534        1.21292696757434
C            5.16761636019265       -3.32592576901767        3.47965867592364
C            7.17410686933155       -3.89948543933160        1.60588195757820
H            5.54437516759372       -4.16016353198109        0.18269224653333
C            6.51537079423021       -3.29876570128653        3.86052210003381
H            4.36582772531922       -3.09915025832476        4.18976900089453
C            7.52005047552017       -3.59020571495594        2.92763638438461
H            7.95928967981303       -4.11489141510701        0.87185943488586
H            6.78465005154654       -3.04811408050550        4.89272768030198
H            8.57523756139084       -3.56436458513942        3.23017074268932
C           -1.68128128990346       -6.54348185204677        1.02772108320542
C           -2.05647978375834       -6.98969585052003        2.30311408405826
C           -2.34145592878107       -7.01447509285773       -0.11569711486178
C           -3.08611084805526       -7.93085711964338        2.42600582259407
H           -1.54319607382784       -6.59384723804136        3.18603457679532
C           -3.37540832331687       -7.94903648941277        0.02167967238706
H           -2.03727392252604       -6.63211880045894       -1.09545191051563
C           -3.74647786879206       -8.41524269193374        1.28943068045243
H           -3.37948311502952       -8.28503532166789        3.42043533208431
H           -3.89376165882342       -8.31741118447245       -0.87022046940872
H           -4.55207837125606       -9.15417624606131        1.39274857980392
C            2.69177137101710        5.12874987559565       -1.41392815776382
C            3.00977032336292        6.18681811076431       -0.54741649354689
C            3.70140155264607        4.49505004925090       -2.15692334023254
C            4.33886703919350        6.61922922719790       -0.44912441670347
H            2.22270326410090        6.66297633752854        0.04760216484204
C            5.02563215509466        4.92897720463142       -2.04173278994794
H            3.44026950813782        3.65823128898907       -2.81260989496721
C            5.34996425122303        5.99770190177179       -1.19383762911220
H            4.58637173118601        7.44918590248985        0.22478821082111
H            5.79702203678174        4.41432106515459       -2.62533488626639
H            6.38787550130237        6.34472872884943       -1.10804100060697
C           -4.53762255886237        5.05619953472934       -1.18301192180336
C           -4.91115556128807        5.27113776561141       -2.51752630714137
C           -5.48480206598671        5.15762402287446       -0.15367703588906
C           -6.23764922619003        5.60851087366043       -2.81390033705011
H           -4.16486346720593        5.16635504608079       -3.31213555204847
C           -6.80953496227773        5.48820313053618       -0.46478838503194
H           -5.16634882814822        4.96640382462384        0.87595610282644
C           -7.18974730819963        5.72086506627979       -1.79264217487159
H           -6.53254721462971        5.77688588954582       -3.85535653755592
H           -7.55098898725985        5.56622456571973        0.33764460913388
H           -8.22846988752679        5.98426041352864       -2.03251125940356
N            1.38786797935397        0.43944307737241        0.18971597863025
C            2.44571491240148        1.05031836998658        0.61381411579105
C            2.36367451641900        1.76912506472827        1.85342131079594
C            3.40286811843966        2.53169040643880        2.30476975637952
C            4.63372475850414        2.55353975186858        1.66148013427851
C            4.76062794388564        1.85335402563166        0.47442565219483
C            3.71010932006814        1.14739923757663       -0.07327177952367
C            3.92097526172340        0.43219583416004       -1.36621079424986
C            4.35260594485467       -1.03096899136905       -1.11330753836165
C            5.66653231874920       -1.06708346319219       -0.38731974184688
C            5.70818389410383       -1.08805951337430        1.00448641362920
C            6.91165787660128       -1.10186849145609        1.68748816850092
C            8.10499553101878       -1.14814570330024        0.97907125861357
C            9.44323376498699       -1.19048846698582        1.66257434562866
F            9.51046729588223       -1.82205332281941        2.84402599659543
F           10.38401475896241       -1.77619843255789        0.89813077534712
F            9.90253834709166        0.05943602824648        1.93363716310730
C            8.08211459151595       -1.08640508393375       -0.41387920793608
C            6.87272718759561       -1.02938053877862       -1.08037244896949
H            1.42789972300621        1.71570522256928        2.38533365355560
H            3.30278197103925        3.16078976673276        3.17256010939206
H            5.44384217514771        3.11210415291323        2.09832908705528
H            5.70267713742325        1.88940102295437       -0.05282480358165
H            4.70659671047030        0.94180435173895       -1.92701221458645
H            2.99266587709408        0.43714573976932       -1.93954725527763
H            4.43848345340899       -1.53767476007451       -2.07434616555663
H            3.57842939262241       -1.52112386130045       -0.52016039133063
H            4.78298369510827       -1.12142115561258        1.55830520466149
H            6.91636093600445       -1.14844743238709        2.76594227225269
H            9.01058067355195       -1.08818437766634       -0.96569242884723
H            6.86812244911854       -0.95314163830528       -2.15954234467034
245
 energy: -410.898972372318 gnorm: 0.021691600005 xtb: 6.7.1 (edcfbbe)
N            0.17609348636856       -1.79223873261338       -0.94553116465669
N           -0.04231306745905       -1.11319195186429        1.81337327299178
C           -0.42175847990488       -1.02460246596777       -3.23045906182846
C            0.01424682735978       -1.98744099159513       -2.29320177686616
C            0.41615311733563       -3.33664436119756       -2.64517426490059
H            0.37855840531037       -3.75164227582740       -3.65356121895311
C            0.84706722095615       -3.93237062684472       -1.49340845612047
H            1.23634264545990       -4.94233984879405       -1.35769412669776
C            0.66137986797233       -2.96902323507558       -0.42495293587301
C            0.85455121750383       -3.25857787773114        0.93998367606178
C            0.45548648569362       -2.38215151624141        1.96917495559128
C            0.39162234401572       -2.75870289716219        3.36900499522894
H            0.72562847198183       -3.71838952185006        3.76636235399404
C           -0.19412654826330       -1.72013481048119        4.03495165943884
H           -0.43326153337972       -1.63772275753355        5.09612205946649
C           -0.44959023872097       -0.68432311463227        3.05143434824598
C            1.39745841085637       -4.60959685774006        1.32433026098756
C            2.74126784135929       -4.76192770778383        1.74043658571920
C            3.25729366683027       -6.01862820795583        2.10512421766195
C            2.42457304293602       -7.14017278000229        2.04559435363305
H            2.82597702000707       -8.12506011243765        2.31875379134495
C            1.09159818558168       -7.03003111804586        1.64104659950751
C            0.58006356717803       -5.76544616114513        1.29259841002103
N           -0.79057671514183        1.56705592200255        1.08588720143522
N           -0.52459188704506        0.89592135186329       -1.65544921860694
C           -1.00452335640415        0.57581171036004        3.35811874226511
C           -1.09816971174808        1.62978148499541        2.42214513729877
C           -1.46675493176818        2.98717020636741        2.77166805745926
H           -1.77570790563769        3.30628586410605        3.76800621792406
C           -1.33075355243047        3.73944956580626        1.63804076759449
H           -1.51370414015711        4.80654523061423        1.50736613357085
C           -0.94325371072800        2.83395506836321        0.57620050764583
C           -0.83353180158045        3.19976453518114       -0.77911359570867
C           -0.71947477730329        2.24639605575924       -1.80866075079445
C           -0.93351019783461        2.55142803788459       -3.20977366450343
H           -1.11130679886835        3.55228533817132       -3.60495379202638
C           -0.91938993565348        1.36262288465299       -3.88196044028653
H           -1.07921036656931        1.17946423281076       -4.94541325117093
C           -0.63013938563346        0.33153554984385       -2.90296305060266
C           -0.90927527969457        4.65115620284224       -1.16769254672770
C            0.27399223998779        5.34097183937103       -1.52956048149571
C            0.23556755993478        6.68254183305783       -1.95124648881171
C           -0.99221909002810        7.35101415666704       -1.98422682213585
H           -1.02618132270886        8.40086600180653       -2.30405619869427
C           -2.17812400779658        6.70585257025709       -1.62063985782796
C           -2.13547846368562        5.35423871804664       -1.22955496842922
Fe          -0.19516568067535       -0.08000548028652        0.07555078838391
Cl          -2.42708825713806       -0.70680297823547        0.07040164612178
C           -1.57774871413395        0.79115989614210        4.73726604799943
C           -0.80256823724585        1.33285486001105        5.79725069975188
C           -2.93526340660479        0.43725255051925        4.97548097344726
C           -1.37178716066813        1.52305796951845        7.07244833745265
N            0.54422638998028        1.68172217223137        5.51787771541187
C           -3.50083002417427        0.65225242568957        6.25079342459413
N           -3.67075673071692       -0.15250976138593        3.91973761316829
H           -0.75358904600668        1.92773768031588        7.87839103565828
C           -2.71354029380994        1.18570590882051        7.27475722128095
C            1.52727585653712        2.09239820367798        6.39015195621274
H            0.80896115289157        1.57898248164869        4.53659477948114
H           -4.55111142296189        0.39545064355339        6.41052899998969
C           -5.00104699000942       -0.52305199864914        3.91008433814783
H           -3.14738606269927       -0.32936058733012        3.05701099059286
H           -3.15946007383158        1.34210341217745        8.26558129429789
O            1.39103039891258        2.20309557899552        7.60362642969376
C            2.84915999486391        2.41114492609552        5.72525220331546
O           -5.79347168847087       -0.28534202456397        4.81661788078588
C           -5.42417911660961       -1.27668232930125        2.67160643128224
C            4.11206158180569        2.02505270636604        6.45175250078264
H            2.89524862921849        2.40865446703492        4.63252376801803
C            3.69637368844577        3.47638780145073        6.43162482398043
C           -6.78095231679870       -0.97533730060573        2.08540986239048
H           -4.64688257388814       -1.59196513816632        1.96586726551399
C           -6.59792863540809       -2.24112618726208        2.88860365099412
H            3.99869501877653        1.50459982081332        7.40579806136708
H            4.97015062461326        1.74286561005476        5.83802957824499
H            3.26957140179666        3.87933439858198        7.35338833479993
C            4.47013940483879        4.43975147867559        5.58884148687906
H           -7.36613743839250       -0.18795628554441        2.56921314444474
H           -6.87573100437033       -1.06502065153084        0.99956444303592
H           -7.01082082520992       -2.24349096690152        3.90230068166537
C           -6.58435583469309       -3.56263501157026        2.19606876144465
O            4.57231220751384        5.63534475521183        6.19240270523826
O            4.96113307028024        4.17656609034622        4.50699428601514
O           -7.19196009260641       -4.50484001637715        2.95050157887152
O           -6.10776748448468       -3.78119131387506        1.10022541594630
C            5.31231371310094        6.69854346533303        5.52181149950353
C           -7.28842489513690       -5.85478611756348        2.41564345442946
C            4.32769503690419        7.57776025410209        4.73805285515612
C            6.08086194783335        7.45498595826135        6.60397793370750
H            6.00668272589928        6.20850993905109        4.81610457304562
C           -7.27764695261701       -6.80339994248469        3.61535563373730
C           -8.54980156874119       -5.96866069306923        1.55222943600440
H           -6.39541062192359       -6.01726518636181        1.78236545111140
H            3.80927613623138        6.98262882759510        3.96841915624120
H            3.58075410394086        8.01394711234210        5.41470957958923
H            4.86884946548839        8.39594885923024        4.24284004655440
H            6.75864381808501        6.78124508655939        7.14413278622249
H            6.68317893033363        8.25804471429891        6.15796768388082
H            5.39439001910206        7.90348053263461        7.33373190463425
H           -6.35951884487270       -6.67018385241788        4.20239173489894
H           -8.14271331597969       -6.61586932634526        4.26940049460811
H           -7.33027242442339       -7.84751634290786        3.27690105396326
H           -8.49896492450169       -5.26638056834921        0.70887597351717
H           -8.64821254528445       -6.98759237235731        1.15215543428040
H           -9.44964752003139       -5.74923665080765        2.14722998380827
C           -0.66887139432613       -1.49334020492062       -4.64251615629611
C            0.28667176379518       -1.28782860852556       -5.67440081999203
C           -1.87447738862887       -2.18663237154387       -4.93937760588601
C            0.07272299989106       -1.82256084565766       -6.96028832662954
N            1.43261774185269       -0.51322368837353       -5.36039706421775
C           -2.07710841915484       -2.72589463651359       -6.22753087218380
N           -2.85598366973975       -2.26722360917213       -3.92372758495039
H            0.82474212318870       -1.65835575221745       -7.73735452174353
C           -1.10009568506271       -2.54319187150885       -7.21084998968287
C            2.37249627372818        0.02547162470303       -6.21182153764800
H            1.45479188897532       -0.18329913357284       -4.39407465281611
H           -2.99928110968986       -3.27756286601742       -6.42918934420649
C           -4.08655044013988       -2.89125737996219       -3.96367605342285
H           -2.63747261577614       -1.75468584758044       -3.06509135772513
H           -1.26278371664394       -2.96667378235527       -8.21057718712460
O            2.47335127214929       -0.23281401875430       -7.40531644436426
C            3.27896742022017        1.03910441085012       -5.54531189005294
O           -4.47163637682951       -3.61003161501031       -4.88049881892035
C           -4.95804889259281       -2.59641197178904       -2.76666874759095
C            3.59373959678501        2.28673015182074       -6.33342358838550
H            3.22248026289873        1.14937646202332       -4.45676689295510
C            4.66556236673307        1.23657117090434       -6.15748893357141
C           -5.85869716829484       -3.68775953329781       -2.24811496657418
H           -4.59308140219170       -1.87457960100889       -2.02641536599356
C           -6.46528346246945       -2.57115753342530       -3.06280133737749
H            3.15364624439865        2.36548267026010       -7.33124016205465
H            3.70635088403303        3.21782454957868       -5.77270707741802
H            4.90363213059955        0.61482130451370       -7.02465671573993
C            5.79539701171544        1.54329186814152       -5.22531061072169
H           -5.79735652482308       -4.65714638515093       -2.75003387493308
H           -6.03576635737691       -3.69755033091872       -1.16916859011376
H           -6.73818815406180       -2.80609656568075       -4.09631125245770
C           -7.30340784197005       -1.52971918148764       -2.39792217266859
O            6.96050118089941        1.08194162339607       -5.70962245372719
O            5.67959545283406        2.14649515852818       -4.17423401237694
O           -8.30202284904821       -1.12451712579186       -3.21158460461212
O           -7.13334670274342       -1.09983071568054       -1.27446727338844
C            8.17737699433814        1.31613290581881       -4.94125364015529
C           -9.22247402280714       -0.11229070055705       -2.71430115753226
C            9.08277570109339        0.10473929129769       -5.17019301428195
C            8.79847249646559        2.64450483065899       -5.38214766136243
H            7.87814939995324        1.38453718604005       -3.87762735666072
C           -8.65355261720204        1.28305111199675       -3.00239247532779
C          -10.56944404185597       -0.37760535658044       -3.38554365932449
H           -9.29583717594001       -0.25376454615661       -1.62055023977407
H            8.57512384143590       -0.81666745080791       -4.85527064960751
H            9.35025601302469        0.01340556575674       -6.23408325599848
H           10.01328861707628        0.21265446106853       -4.59630262133187
H            8.10473632135276        3.47410789692549       -5.19411341021952
H            9.72553544357123        2.83747761412764       -4.82470103839575
H            9.04631698242447        2.62115692676052       -6.45475451622704
H           -7.68845012215816        1.41686597327614       -2.48715060623260
H           -8.50539731273760        1.42324456784264       -4.08224270855047
H           -9.34884296290542        2.05582377789986       -2.64573792611623
H          -10.92413074936922       -1.39334194901072       -3.15976327825430
H          -11.32418641152678        0.33632179008892       -3.02872072487443
H          -10.49113915293456       -0.27594222175339       -4.47613192512016
H            4.30100532106163       -6.11267652302644        2.42717897664188
H            0.44720660243577       -7.91537028609118        1.59085526042147
H            1.15719675926923        7.19066502048420       -2.25757667375840
H           -3.13530478976263        7.24020920809862       -1.64266764372429
O            3.49270089605207       -3.60692856017023        1.76788636110679
O           -0.71000127346910       -5.57000827940450        0.85905062677432
O            1.42339828659517        4.58235936937274       -1.51131328382134
O           -3.24874945640798        4.65012501753596       -0.83318914926650
C            4.83009391874305       -3.65296035298423        2.16056487583642
C            5.82798207750899       -3.93608714461700        1.21740324547141
C            5.16466169012402       -3.33518405427668        3.48367629916969
C            7.17169734003891       -3.90851976713664        1.61067411832998
H            5.54189224541821       -4.16904825245859        0.18698230594193
C            6.51256528804994       -3.30872973116225        3.86485608930851
H            4.36253492058059       -3.10837449626334        4.19379287258405
C            7.51737060691354       -3.59907714787899        2.93263076724061
H            7.95661789743249       -4.12566444279718        0.87692473538718
H            6.78094441418760       -3.05935634354153        4.89787488633402
H            8.57292419200747       -3.57509019918417        3.23550230953641
C           -1.68592826823160       -6.54691005819166        1.02822515075327
C           -2.06207921722839       -6.99321724323951        2.30336508334275
C           -2.34604870947435       -7.01708109675766       -0.11555154915040
C           -3.09250409736926       -7.93357721513207        2.42552838678743
H           -1.54884557552953       -6.59801382877403        3.18664602394686
C           -3.38081061703850       -7.95084562996619        0.02112291813485
H           -2.04116607305695       -6.63468766185026       -1.09512014725381
C           -3.75277325984444       -8.41710519035187        1.28855407945289
H           -3.38657059552593       -8.28776071799660        3.41984148757894
H           -3.89908513059434       -8.31853310548477       -0.87120016791677
H           -4.55902372739161       -9.15541414023587        1.39130807821780
C            2.69722503904460        5.12255727499632       -1.40823533974621
C            3.01573751201136        6.18016974180584       -0.54124166774990
C            3.70667378247470        4.48834543702485       -2.15096745366937
C            4.34516221851026        6.61142797891689       -0.44226817085836
H            2.22879080366281        6.65675508604253        0.05362417792324
C            5.03123672656442        4.92116499030089       -2.03508048991268
H            3.44517727959117        3.65188901000755       -2.80704128588194
C            5.35605004312629        5.98934460735437       -1.18673253332541
H            4.59298714130720        7.44104712923137        0.23204203009268
H            5.80247106083331        4.40600938435048       -2.61855024431551
H            6.39423964556648        6.33548832024794       -1.10039125026803
C           -4.53221755464528        5.05569288682272       -1.18027742813663
C           -4.90505955770747        5.27131230583400       -2.51494892538900
C           -5.47978221739471        5.15757217872401       -0.15135123182737
C           -6.23114801686178        5.60982074153441       -2.81175173047770
H           -4.15850223059013        5.16615050471817       -3.30932224477918
C           -6.80411640705362        5.48928875365562       -0.46294204327288
H           -5.16192965962107        4.96578663515690        0.87842391669465
C           -7.18356339721081        5.72264283427912       -1.79086220337445
H           -6.52541188129484        5.77870234345760       -3.85341416382279
H           -7.54583350557092        5.56765056227180        0.33933334918261
H           -8.22197225480186        5.98692438352457       -2.03109663863121
N            1.36501553817338        0.44682768170118        0.19506680500100
C            2.42831720316507        1.06527097210599        0.59391282060896
C            2.34984247147180        1.80452665359041        1.82584672749229
C            3.38900823430346        2.57337023663123        2.26211364447477
C            4.61960731114968        2.57410735901225        1.61355696709380
C            4.74105861374559        1.85243331843040        0.43867351787927
C            3.68529826271278        1.14870591428319       -0.10171491058674
C            3.88803297850498        0.41160505631018       -1.38451053099496
C            4.35465044191032       -1.03752485356014       -1.10957165363384
C            5.67086469739311       -1.04269822079063       -0.38813743114922
C            5.71904736527738       -1.02265193752080        1.00447591788515
C            6.92584901309205       -1.01997989953542        1.68148414821545
C            8.11264039667135       -1.07836052534585        0.96333650501116
C            9.45418763711568       -1.10626189483274        1.63677010180270
F            9.49657676933517       -1.70232242787388        2.83608270597939
F           10.38862050853558       -1.72947256793603        0.88982479222062
F            9.93682224284964        0.14834336249606        1.85731429634790
C            8.08318856548486       -1.06204490884339       -0.42991079365131
C            6.87083841793978       -1.02927616816621       -1.09245394719795
H            1.41090451516468        1.75809453244226        2.35308462871539
H            3.28679162773393        3.21460339709394        3.12021397537857
H            5.43741741582651        3.12904785844118        2.03943678614061
H            5.68203433389045        1.86361901707099       -0.09241363989126
H            4.65274816543613        0.92761410139922       -1.97076367240869
H            2.95014836586353        0.38385349748051       -1.94492551751139
H            4.44959464729367       -1.55692516854051       -2.06404989191554
H            3.59283949678623       -1.53707281993804       -0.50758774151109
H            4.79604533187098       -1.02799176054953        1.56436747427602
H            6.94209933594016       -1.02176537015500        2.76257365577225
H            9.00818700348574       -1.08562124473031       -0.98452081457830
H            6.85984616125319       -0.99241585383854       -2.17368594822252
245
 energy: -410.904400869787 gnorm: 0.016090390491 xtb: 6.7.1 (edcfbbe)
N            0.17635542318956       -1.79647415592474       -0.94270875551322
N           -0.04279860923285       -1.11820210784814        1.81623376420708
C           -0.42000454548236       -1.02777777440530       -3.22776837671432
C            0.01491421327509       -1.99134661526237       -2.29061831386512
C            0.41585495395717       -3.34058092817702       -2.64272624388795
H            0.37840981698999       -3.75530235256403       -3.65120027244143
C            0.84581682633366       -3.93700955840502       -1.49088667715676
H            1.23423925181291       -4.94731376051079       -1.35540177414317
C            0.66048346035025       -2.97399470704189       -0.42236855833719
C            0.85280016030154       -3.26403318971084        0.94266812949710
C            0.45398705383014       -2.38764990108371        1.97190844229552
C            0.38919984450132       -2.76447547565933        3.37154899690275
H            0.72228266402679       -3.72451339100376        3.76876851448619
C           -0.19601475982960       -1.72568335373144        4.03753986181777
H           -0.43551912330520       -1.64341567004406        5.09861546361805
C           -0.45026348633726       -0.68934029548882        3.05435295212262
C            1.39448254234943       -4.61555526980899        1.32679692058736
C            2.73801842827772       -4.76907166012800        1.74346226435316
C            3.25285583459555       -6.02628672874645        2.10795594336048
C            2.41931963132024       -7.14713151601185        2.04773811752889
H            2.81982892902685       -8.13238293013279        2.32077634125719
C            1.08665027634150       -7.03582263374618        1.64266740673845
C            0.57625395318820       -5.77077256387229        1.29437938898804
N           -0.78907034701108        1.56280923489328        1.08920456304838
N           -0.52210313128087        0.89229141848743       -1.65209632625474
C           -1.00433019533957        0.57104893244484        3.36116404128418
C           -1.09688986499915        1.62549999433941        2.42551387116773
C           -1.46440432163103        2.98291623277681        2.77518541482197
H           -1.77352573643665        3.30204077472462        3.77142662781387
C           -1.32729897453134        3.73545204809571        1.64177256898325
H           -1.50938660155870        4.80272424092790        1.51144018956256
C           -0.94023499731137        2.83020097140464        0.57990520469651
C           -0.82951004950543        3.19620841186127       -0.77529489637768
C           -0.71579741033729        2.24309734613892       -1.80509854809256
C           -0.92893120768324        2.54861354569402       -3.20611564424632
H           -1.10576364286572        3.54969935099352       -3.60108898449336
C           -0.91543413973268        1.36000900754394       -3.87865385857859
H           -1.07494365934231        1.17733032181414       -4.94220892638565
C           -0.62745415261639        0.32839396197724       -2.90002903463973
C           -0.90392964337276        4.64773718060914       -1.16344001813775
C            0.28001731876758        5.33676536545975       -1.52459038150575
C            0.24278315975563        6.67847509602563       -1.94586798415261
C           -0.98441458116514        7.34790445555235       -1.97917824160259
H           -1.01741233034581        8.39785433742414       -2.29869216846881
C           -2.17093913178086        6.70356717017863       -1.61631109518556
C           -2.12956752365935        5.35183608833932       -1.22561683467268
Fe          -0.19465751666949       -0.08445362117793        0.07856632896840
Cl          -2.42654193874356       -0.70947835990625        0.07238065966285
C           -1.57795608704090        0.78647745414770        4.74007230706573
C           -0.80277416912743        1.32724609617081        5.80055945075917
C           -2.93595052775248        0.43351005074691        4.97754689530533
C           -1.37249160167349        1.51747213345120        7.07555098710664
N            0.54423153265396        1.67516316812902        5.52188340827437
C           -3.50176079607334        0.64863207419610        6.25275130205007
N           -3.67124644967391       -0.15524650133562        3.92151198071655
H           -0.75432316835526        1.92141589680040        7.88186807574737
C           -2.71453312701610        1.18112426968959        7.27717769588163
C            1.52744833434103        2.08482696921458        6.39457835175556
H            0.80945723533499        1.57248353952024        4.54069922176993
H           -4.55229725410235        0.39259401172202        6.41194831749319
C           -5.00205850146799       -0.52489958721139        3.91089616192717
H           -3.14784121115250       -0.33230943306160        3.05882868667984
H           -3.16075364003005        1.33756252465598        8.26784414827254
O            1.39076185886122        2.19520643673720        7.60800996858613
C            2.84985830134501        2.40279647615862        5.73020058995844
O           -5.79450191106304       -0.28675428827705        4.81724787107246
C           -5.42509557877484       -1.27765772353578        2.67221320625852
C            4.11198926411001        2.01543917086639        6.45738439277250
H            2.89655511533207        2.40083584993328        4.63717044547379
C            3.69756572929531        3.46715242271834        6.43744854349300
C           -6.78141176371829       -0.97515302788463        2.08545778058110
H           -4.64781869252493       -1.59338382038231        1.96666658812683
C           -6.59974711936976       -2.24139712663950        2.88829486804487
H            3.99783283885399        1.49479800287062        7.41119022588126
H            4.97006692139398        1.73280012312510        5.84407588427474
H            3.27062439808655        3.87004780745115        7.35919781314268
C            4.47248014128394        4.42981955738147        5.59527727159119
H           -7.36618482670782       -0.18750776340153        2.56919298964054
H           -6.87580032992925       -1.06440586214687        0.99960732368195
H           -7.01306348528603       -2.24368093846354        3.90179346859639
C           -6.58687686224370       -3.56248653617815        2.19532881754936
O            4.57509086363600        5.62551490244512        6.19941874705899
O            4.96356237703501        4.16695284869965        4.51367571281682
O           -7.19554179126700       -4.50458580748114        2.94934308531315
O           -6.11004362995130       -3.78123265875201        1.09979890079429
C            5.31625488595470        6.68842274092368        5.52929769840946
C           -7.29286122834699       -5.85437916122616        2.41391888821547
C            4.33286771753402        7.56837134536342        4.74554654660947
C            6.08503192372074        7.44376615872959        6.61212812932915
H            6.01062600600485        6.19786152106351        4.82389754708586
C           -7.28336769218026       -6.80328682165590        3.61332046988834
C           -8.55391747995218       -5.96692977570071        1.55004814430687
H           -6.39969663141894       -6.01726889065833        1.78105205497503
H            3.81420423821629        6.97402266983012        3.97546667460751
H            3.58588834219906        8.00502463395975        5.42192651694716
H            4.87472539614056        8.38638354860118        4.25077395040506
H            6.76199403765034        6.76934787233824        7.15236787904051
H            6.68813538176663        8.24643082154686        6.16669061015495
H            5.39861682514979        7.89251594567952        7.34172943958478
H           -6.36538016586343       -6.67096447381061        4.20084001532985
H           -8.14849439154017       -6.61529660613386        4.26708058721156
H           -7.33662243470757       -7.84721748189274        3.27462126011105
H           -8.50219121612193       -5.26444515137905        0.70688291395827
H           -8.65298586699723       -6.98560922397512        1.14955424038220
H           -9.45383820534841       -5.74699069054984        2.14461775420334
C           -0.66682543144376       -1.49590229200868       -4.63999716900211
C            0.28935649518225       -1.29078336659469       -5.67142099211666
C           -1.87294180877211       -2.18818229145426       -4.93754878598996
C            0.07545192219281       -1.82503207201661       -6.95753772713197
N            1.43561541490918       -0.51733531704521       -5.35672935541301
C           -2.07529521245931       -2.72685795747436       -6.22601513108029
N           -2.85471791567960       -2.26828704642377       -3.92253392928450
H            0.82792967547543       -1.66118313436099       -7.73421767403527
C           -1.09776830760487       -2.54463732165494       -7.20882030086595
C            2.37649006558816        0.02114253028234       -6.20750797285668
H            1.45776046326256       -0.18757179613864       -4.39031464519507
H           -2.99780769932573       -3.27773179672354       -6.42822887959442
C           -4.08605751174537       -2.89133541619009       -3.96294595436316
H           -2.63637806194283       -1.75622924372655       -3.06353430564452
H           -1.26035313659807       -2.96768721105994       -8.20873073418458
O            2.47754055217980       -0.23702458478204       -7.40100332233335
C            3.28327143306778        1.03368715102921       -5.54039787978382
O           -4.47110282081530       -3.60949669873952       -4.88023286290343
C           -4.95760117958050       -2.59621906919580       -2.76642395842159
C            3.59944398231945        2.28132916150657       -6.32795008416260
H            3.22644458159494        1.14372410862682       -4.45186133074057
C            4.67046728007746        1.23031093781793       -6.15180864097265
C           -5.85941046194231       -3.68696530731762       -2.24853161417501
H           -4.59248776986480       -1.87489932596764       -2.02575503166536
C           -6.46485233696049       -2.56959766291846       -3.06308878763001
H            3.15990258068574        2.36075247826601       -7.32587753202782
H            3.71253273130125        3.21212805950428       -5.76694724163623
H            4.90833050218301        0.60865808383570       -7.01909361779590
C            5.79990623823891        1.53590095905606       -5.21919775537136
H           -5.79864297720011       -4.65621147821072       -2.75065808107681
H           -6.03693767097528       -3.69697244674791       -1.16972597007841
H           -6.73742882501138       -2.80406012125959       -4.09676987525835
C           -7.30225844696432       -1.52787433274827       -2.39822160958890
O            6.96496768162428        1.07368442637524       -5.70308835096261
O            5.68425781295301        2.13873684037139       -4.16799072980589
O           -8.30030665589162       -1.12153044209056       -3.21233365565094
O           -7.13249735398180       -1.09836038611085       -1.27474545528238
C            8.18183106447438        1.30674183341018       -4.93400742320688
C           -9.22021512017341       -0.10855355175062       -2.71506712360878
C            9.08626736245492        0.09479482160619       -5.16303240867532
C            8.80407857967232        2.63466524123469       -5.37433643702859
H            7.88208244644198        1.37505909561136       -3.87062869259018
C           -8.65008935883562        1.28618284045035       -3.00246648941878
C          -10.56710172157755       -0.37273389557288       -3.38695000942932
H           -9.29414052143637       -0.25049325233545       -1.62140905809965
H            8.57778450585944       -0.82637947863998       -4.84858842538540
H            9.35414525721251        0.00346719314454       -6.22676539062372
H           10.01659373282843        0.20167671641382       -4.58872742791216
H            8.11091439012472        3.46481394699390       -5.18634011173353
H            9.73099667298158        2.82682987901770       -4.81645255578953
H            9.05235321162061        2.61152593247100       -6.44677794128265
H           -7.68510817000955        1.41915278964809       -2.48682137237725
H           -8.50133883180962        1.42667140594096       -4.08219096782640
H           -9.34487588198235        2.05945507274955       -2.64592921166557
H          -10.92264794660531       -1.38821870666743       -3.16167648028747
H          -11.32139429728411        0.34162093539711       -3.03028965268094
H          -10.48823637879198       -0.27083357843579       -4.47744972089663
H            4.29632854623560       -6.12123098141768        2.43043452293456
H            0.44159819827373       -7.92062073245650        1.59192785717471
H            1.16492903629605        7.18595187632864       -2.25163734045497
H           -3.12767439395968        7.23867083496599       -1.63857889866033
O            3.49033251792724       -3.61471679748033        1.77151651792227
O           -0.71353453321421       -5.57422302516563        0.86033955328208
O            1.42883781906151        4.57725726698991       -1.50603642250668
O           -3.24357123794292        4.64847230341092       -0.82997761380108
C            4.82756096257078       -3.66161959631461        2.16479305259434
C            5.82572880118538       -3.94504695852271        1.22205839065028
C            5.16189422158812       -3.34461037603897        3.48803235382712
C            7.16939312777079       -3.91829079527287        1.61581548573077
H            5.53978206663235       -4.17784269350383        0.19150413475247
C            6.50971840813131       -3.31912455227019        3.86973575878439
H            4.35956372188659       -3.11759390704173        4.19788990618232
C            7.51476632406417       -3.60911164794989        2.93797527463112
H            7.95424013809353       -4.13644682694674        0.88241491756008
H            6.77760577484492       -3.07066818829982        4.90306839164390
H            8.57014373615351       -3.58712629472938        3.24140823914439
C           -1.69025866633612       -6.55037957246353        1.02874175981609
C           -2.06737074455152       -6.99680808765267        2.30359083934950
C           -2.35028845568089       -7.01970586557715       -0.11536623046730
C           -3.09852559917899       -7.93636221740214        2.42500141781268
H           -1.55418873950436       -6.60227093457894        3.18716793363630
C           -3.38581682897770       -7.95268542300357        0.02058270102731
H           -2.04468794793876       -6.63726559008393       -1.09467573044149
C           -3.75866955783478       -8.41902331358965        1.28762786349674
H           -3.39329657821749       -8.29061233170981        3.41908031562180
H           -3.90396616485099       -8.31969211722446       -0.87208472570968
H           -4.56552074856805       -9.15672261728683        1.38982555636911
C            2.70303430021115        5.11637687350086       -1.40229604431540
C            3.02206368252671        6.17347794342536       -0.53482436553010
C            3.71229403033830        4.48168269020777       -2.14473372551045
C            4.35171206327187        6.60366234456756       -0.43519521747920
H            2.23522720241451        6.65048701016217        0.05979595041434
C            5.03712603349977        4.91341908440416       -2.02816565905420
H            3.45042826741930        3.64564035747698       -2.80117250989005
C            5.36239200025378        5.98104263554531       -1.17940560977522
H            4.59988970572347        7.43288340755065        0.23947286837065
H            5.80819237667543        4.39784106107255       -2.61144349140528
H            6.40081016634966        6.32634331691137       -1.09248895793570
C           -4.52656439478409        5.05513340357416       -1.17741791877686
C           -4.89870965526027        5.27144967612574       -2.51220832747747
C           -5.47450235167574        5.15744179381894       -0.14896157287638
C           -6.22433995720334        5.61108487989775       -2.80944549079611
H           -4.15188241070423        5.16594883447265       -3.30624895987823
C           -6.79841523986181        5.49029094102945       -0.46103185791794
H           -5.15725699573333        4.96509945750335        0.88088222747399
C           -7.17708527929886        5.72434915504447       -1.78895269524854
H           -6.51801165584178        5.78051409571194       -3.85119058681318
H           -7.54038608658641        5.56899703249610        0.34097600670914
H           -8.21515422583527        5.98952054516978       -2.02957741329692
N            1.34984903602085        0.45045860380705        0.19830778300547
C            2.41271729925871        1.08872158312998        0.57511231817981
C            2.33297070628610        1.84992318188128        1.79233665845187
C            3.37725928373088        2.61932544279493        2.21703818520034
C            4.60291347782703        2.60303587344116        1.55903503839837
C            4.71881892084695        1.86198185301280        0.39643709881057
C            3.65870775176108        1.15084231544670       -0.13015936948419
C            3.85126166755189        0.38572045972036       -1.39977653648531
C            4.35212690641246       -1.04716633492626       -1.10290534568817
C            5.67216920014236       -1.02241405150669       -0.38910171127509
C            5.72918111687715       -0.96359848332099        1.00193181914867
C            6.94081961206448       -0.94331240725299        1.66940397416859
C            8.12058586072435       -1.01188110470140        0.94028655181326
C            9.45959413977459       -1.02181268848588        1.61241288718662
F            9.47483288974254       -1.58095464848349        2.83124903926411
F           10.39610890702536       -1.67840641397201        0.89430078047343
F            9.95709540164098        0.23236738358216        1.79169130568965
C            8.08268042503579       -1.03697943103465       -0.45075010924612
C            6.86512192043961       -1.02958421536207       -1.10478807262724
H            1.39357448927116        1.81271407295491        2.31896753244621
H            3.27527562547530        3.26607356181513        3.07112307994416
H            5.42948928784328        3.15765095293747        1.96958822850532
H            5.65740402032074        1.85515346895506       -0.13853458644731
H            4.59132059111941        0.90481829212023       -2.01740888993832
H            2.90203346780029        0.32315578301241       -1.94085793999497
H            4.45455929746751       -1.57932575744051       -2.05021320652352
H            3.60338043918854       -1.55479568485211       -0.49069170538540
H            4.81055080737911       -0.94870628343503        1.56811287794681
H            6.96979490515083       -0.91071920132809        2.74856942469090
H            9.00424477259139       -1.07714148452463       -1.00918933299638
H            6.84535222092591       -1.03243953421030       -2.18622223271148
245
 energy: -410.908188342365 gnorm: 0.012306093124 xtb: 6.7.1 (edcfbbe)
N            0.17685852075051       -1.80084258687529       -0.93991247485483
N           -0.04309817547196       -1.12319934146878        1.81920886903087
C           -0.41797658589132       -1.03092430114182       -3.22494007529574
C            0.01581996347447       -1.99514206246140       -2.28792803238296
C            0.41587968807758       -3.34452603573783       -2.64024410563575
H            0.37858585795158       -3.75891775265067       -3.64881682404315
C            0.84486456753204       -3.94163611190056       -1.48840353315025
H            1.23246137493009       -4.95223814676304       -1.35308636700085
C            0.65981182341018       -2.97884012977820       -0.41969571709898
C            0.85127599377912       -3.26939977160611        0.94534176396325
C            0.45269617124804       -2.39309112911926        1.97469882812432
C            0.38699236723674       -2.77024876516612        3.37412779250336
H            0.71915760757424       -3.73061686210181        3.77124247948747
C           -0.19774039286972       -1.73121278941479        4.04018580410617
H           -0.43760978113570       -1.64914032403291        5.10115988358128
C           -0.45074261586859       -0.69441047821577        3.05726991921937
C            1.39180421488832       -4.62151059406618        1.32931179989532
C            2.73503579783993       -4.77612661400367        1.74653276137304
C            3.24871122494464       -6.03385485471862        2.11083249823572
C            2.41440377865868       -7.15403128512170        2.04991613547777
H            2.81403627216342       -8.13963462491784        2.32282610746268
C            1.08202890346825       -7.04156793686562        1.64430647094162
C            0.57274954771501       -5.77606407423762        1.29618723444796
N           -0.78731838802711        1.55863065530714        1.09262268008455
N           -0.51947783046139        0.88877554309286       -1.64883876389144
C           -1.00398723051537        0.56630881888211        3.36416263078039
C           -1.09544198812669        1.62112568082015        2.42890982331191
C           -1.46200051614077        2.97868869793547        2.77874505065493
H           -1.77130306565239        3.29775792632289        3.77490670042387
C           -1.32383049491160        3.73147513950385        1.64561508436132
H           -1.50503728643256        4.79889264072226        1.51557504842587
C           -0.93706226980554        2.82634369787438        0.58365286324147
C           -0.82536993266189        3.19259231775229       -0.77135339939042
C           -0.71197529186596        2.23979720362415       -1.80150749934856
C           -0.92420512734066        2.54583103762087       -3.20238540767269
H           -1.10009146939201        3.54712072124428       -3.59718661090526
C           -0.91128014244874        1.35739170321252       -3.87530652472865
H           -1.07047385140177        1.17523473532025       -4.93896911306896
C           -0.62457847068539        0.32530783956132       -2.89703793392723
C           -0.89852286010726        4.64435658592427       -1.15912989834729
C            0.28609035513919        5.33257867847887       -1.51951951611826
C            0.25002431292071        6.67443166294613       -1.94038620244801
C           -0.97659859399864        7.34480337983087       -1.97404928832968
H           -1.00865837756044        8.39484605869579       -2.29323627304951
C           -2.16373126803224        6.70123995168261       -1.61191958645360
C           -2.12358198903492        5.34938697347651       -1.22162913751574
Fe          -0.19433149261069       -0.08897368629570        0.08171162397520
Cl          -2.42576387306134       -0.71216602886385        0.07440426369837
C           -1.57809168653827        0.78175855890256        4.74296267401617
C           -0.80295314509659        1.32160127708777        5.80390490370117
C           -2.93647435736698        0.42971316856630        4.97966726702938
C           -1.37312994977288        1.51184563177919        7.07868812963858
N            0.54438628821680        1.66861122159002        5.52594206336317
C           -3.50260577110010        0.64489821059144        6.25470141745846
N           -3.67168047946359       -0.15810786780107        3.92321542317783
H           -0.75503698858831        1.91507750368660        7.88540865986699
C           -2.71547869288154        1.17646792625671        7.27965288563716
C            1.52763795160021        2.07727627611038        6.39911530028298
H            0.80998220694535        1.56601355973707        4.54486549995938
H           -4.55339114584339        0.38960561020883        6.41338626601664
C           -5.00287158580971       -0.52682779518967        3.91177419675135
H           -3.14811274505030       -0.33532238659789        3.06067857232263
H           -3.16199820285461        1.33292721810686        8.27013451380588
O            1.39049978607039        2.18734417723732        7.61250004303346
C            2.85054618474917        2.39451538953289        5.73528863918210
O           -5.79542367326049       -0.28832790043091        4.81787242931858
C           -5.42583443939283       -1.27880478035944        2.67276610481192
C            4.11199050916481        2.00591388741923        6.46311933696009
H            2.89781357343900        2.39309880854197        4.64203979360844
C            3.69870812146896        3.45795812141098        6.44345048984419
C           -6.78169882309509       -0.97512876896897        2.08547493008323
H           -4.64855759879758       -1.59490270108040        1.96746730233386
C           -6.60135412048843       -2.24178209397647        2.88798608721253
H            3.99704733104110        1.48508165714043        7.41667098189471
H            4.97005388085744        1.72283030020099        5.85021820398347
H            3.27169059801220        3.86082697819373        7.36510687581430
C            4.47477374709010        4.42012663208634        5.60186429337931
H           -7.36607865649977       -0.18724535186801        2.56913993374147
H           -6.87567233124003       -1.06395433709805        0.99962425006780
H           -7.01511406189113       -2.24405924016291        3.90124495763101
C           -6.58916539352073       -3.56259971935956        2.19461301356684
O            4.57794101982388        5.61572369773686        6.20649737601931
O            4.96599101469371        4.15738049816783        4.52053306789343
O           -7.19887171149942       -4.50450713263856        2.94802922052476
O           -6.11203681559005       -3.78139689207981        1.09931541769900
C            5.32019372771850        6.67828069763626        5.53698789186062
C           -7.29696793175081       -5.85407784634932        2.41216186466958
C            4.33786523334435        7.55918480304136        4.75311073865305
C            6.08910987848709        7.43269599974203        6.62045887554908
H            6.01450944812521        6.18739005384965        4.83182222548615
C           -7.28871971031417       -6.80338439855816        3.61132631499640
C           -8.55776290658762       -5.96540443034092        1.54769988890138
H           -6.40368001272013       -6.01741696174618        1.77970384186641
H            3.81910283885859        6.96546099125896        3.98265849224457
H            3.59097315958311        7.99616044857850        5.42926579895117
H            4.88053819146946        8.37689356040636        4.25889114878876
H            6.76524822947151        6.75764112790517        7.16074024803093
H            6.69298223909551        8.23495817336059        6.17558555478158
H            5.40277003634496        7.88166898089346        7.34983650822513
H           -6.37095433833778       -6.67189854509479        4.19920953838477
H           -8.15396522333646       -6.61495382017142        4.26467560045299
H           -7.34264787479485       -7.84707104493044        3.27229328631613
H           -8.50509093096045       -5.26271713424299        0.70485784290832
H           -8.65741451257146       -6.98381990359783        1.14691944198364
H           -9.45770833722078       -5.74500999545204        2.14190884918638
C           -0.66451821407637       -1.49845791503529       -4.63749330440856
C            0.29228996002707       -1.29370412954472       -5.66837933021089
C           -1.87105324931605       -2.18971855994668       -4.93573068459539
C            0.07849886309312       -1.82742445841995       -6.95473578991735
N            1.43892687518888       -0.52127582102969       -5.35298264559908
C           -2.07316812544929       -2.72780971062345       -6.22446679507588
N           -2.85325471508158       -2.26939117053613       -3.92126400727585
H            0.83143152842751       -1.66392083993932       -7.73103992721979
C           -1.09511121745775       -2.54605629956252       -7.20679161954734
C            2.38067658319100        0.01685902917198       -6.20313617887671
H            1.46095048458753       -0.19178452578538       -4.38646710452974
H           -2.99599313569433       -3.27792054865156       -6.42728363420878
C           -4.08518967826272       -2.89148675965028       -3.96229525446545
H           -2.63498818798411       -1.75779182929181       -3.06197969179449
H           -1.25756373573812       -2.96865863504754       -8.20686857001799
O            2.48202442892372       -0.24110560387461       -7.39661820743557
C            3.28783867685769        1.02841554085027       -5.53533615909555
O           -4.47025804080318       -3.60903607971760       -4.87999562311854
C           -4.95690418715244       -2.59608927536902       -2.76616412856258
C            3.60534836470721        2.27607634000454       -6.32236304771810
H            3.23059842473495        1.13818267225154       -4.44685858154560
C            4.67554025274067        1.22418926224644       -6.14605453005651
C           -5.85982267275002       -3.68630310442274       -2.24898056316297
H           -4.59163398720325       -1.87531139089934       -2.02511558178547
C           -6.46409272004016       -2.56820437905055       -3.06344357666326
H            3.16636945493363        2.35616278470343       -7.32039996364166
H            3.71888460012857        3.20655995477003       -5.76106507921434
H            4.91328933101797        0.60268907322480       -7.01339776605827
C            5.80472136758999        1.52865361950427       -5.21289759689519
H           -5.79960020061224       -4.65538845690483       -2.75132008690611
H           -6.03781597176455       -3.69652419355120       -1.17032557522007
H           -6.73637350205741       -2.80215128460955       -4.09726338566529
C           -7.30093760955272       -1.52611249239134       -2.39862839992016
O            6.96966176630257        1.06574973751157       -5.69635598823914
O            5.68907543028995        2.13117130416790       -4.16158218420241
O           -8.29834785137551       -1.11873007871646       -3.21302544422729
O           -7.13139530066399       -1.09705789215442       -1.27503350313132
C            8.18639794265294        1.29760966815073       -4.92663763122150
C           -9.21771715804280       -0.10515384034200       -2.71585723480015
C            9.09001976181359        0.08501737222222       -5.15568401673841
C            8.80985192286923        2.62521520579376       -5.36633081103644
H            7.88620239808365        1.36580119291350       -3.86346735177362
C           -8.64641283868912        1.28922465426475       -3.00261049051593
C          -10.56453856473510       -0.36813399418865       -3.38846429119426
H           -9.29223189524016       -0.24742246839353       -1.62235444272965
H            8.58069570731525       -0.83576997056210       -4.84173804106789
H            9.35830476953755       -0.00615448461414       -6.21924587647827
H           10.02010613681382        0.19103639162906       -4.58099424952831
H            8.11724890105800        3.45572865186564       -5.17837856303410
H            9.73660300305724        2.81646951164673       -4.80803721485736
H            9.05859149282381        2.60218701362913       -6.43858915394136
H           -7.68158373919577        1.42125403749167       -2.48652127499030
H           -8.49710358707814        1.42990155915953       -4.08214338058709
H           -9.34075020391390        2.06283094480472       -2.64618302268251
H          -10.92090842621013       -1.38334420194569       -3.16366632097003
H          -11.31838254973909        0.34661864344130       -3.03195592442481
H          -10.48510386950597       -0.26596286193841       -4.47879537024285
H            4.29195654610296       -6.12968202274615        2.43374923787488
H            0.43634747198656       -7.92585702924584        1.59301432649288
H            1.17268076302155        7.18130270115493       -2.24558519400058
H           -3.12003763405708        7.23707868064257       -1.63444496801767
O            3.48816836071944       -3.62238820298918        1.77522848638396
O           -0.71674553073841       -5.57841421879904        0.86161379757201
O            1.43433900041718        4.57218418996294       -1.50067672530694
O           -3.23831148470659        4.64673947941015       -0.82669201616539
C            4.82527861470585       -3.67029262000192        2.16909631739863
C            5.82363276118564       -3.95404122888388        1.22681497121908
C            5.15929654005650       -3.35392861416381        3.49256360862469
C            7.16723814490100       -3.92816358433431        1.62115269961382
H            5.53794681979945       -4.18648667724902        0.19612974376554
C            6.50694756936897       -3.32942762971002        3.87489203598535
H            4.35679596942820       -3.12665443269423        4.20206520738602
C            7.51240148455258       -3.61921098897283        2.94337720945420
H            7.95211547827228       -4.14704055022839        0.88810041349666
H            6.77450854937466       -3.08177852064548        4.90834172262118
H            8.56750797337821       -3.59882338460394        3.24736050849199
C           -1.69428585900908       -6.55388838041234        1.02926756142939
C           -2.07232354853710       -7.00043785369055        2.30379499737725
C           -2.35416983146590       -7.02236022692443       -0.11521255901279
C           -3.10418984264833       -7.93922333759522        2.42444869588215
H           -1.55922167464695       -6.60657006134760        3.18766322003358
C           -3.39043852812839       -7.95458984289527        0.01998763980567
H           -2.04784952140327       -6.63986142471260       -1.09423316121536
C           -3.76418809375516       -8.42103111889847        1.28665475736641
H           -3.39967084214256       -8.29357854783102        3.41822886016989
H           -3.90844446757118       -8.32093306743369       -0.87298303101121
H           -4.57161177355627       -9.15814761789513        1.38828650277724
C            2.70892769572057        5.11029371470220       -1.39623861565960
C            3.02839582519290        6.16687510206142       -0.52834367884697
C            3.71801437890091        4.47511222034810       -2.13837896414770
C            4.35823584162005        6.59606765735677       -0.42802648945517
H            2.24167829725906        6.64427477808260        0.06607482218994
C            5.04309061522277        4.90580650092339       -2.02110714768332
H            3.45579560206266        3.63949741395951       -2.79517654597841
C            5.36878226512849        5.97288186687787       -1.17190567693694
H            4.60678895316413        7.42483842651046        0.24702954905403
H            5.81400357371993        4.38985818818248       -2.60418169244619
H            6.40739286390679        6.31740431454516       -1.08442915507481
C           -4.52087008511294        5.05447504071423       -1.17454996503098
C           -4.89227843996892        5.27148688059090       -2.50942933031268
C           -5.46917153625419        5.15717873063448       -0.14654433642248
C           -6.21746208131758        5.61221933923073       -2.80713207585540
H           -4.14518201072622        5.16567752145570       -3.30311545559570
C           -6.79267124361790        5.49113176686739       -0.45909356041399
H           -5.15253980927805        4.96428660845756        0.88334383990557
C           -7.17056306101898        5.72589325059424       -1.78703641775934
H           -6.51056289790887        5.78221096805513       -3.84889668922484
H           -7.53491266202916        5.57016445862326        0.34257625241771
H           -8.20829487638044        5.99193269779095       -2.02805957461315
N            1.34299656852546        0.45225613883085        0.20027153434767
C            2.39969331238194        1.11537508262863        0.55920047606738
C            2.31796115204867        1.90099743718120        1.75678748181533
C            3.36977079105874        2.66953478917030        2.16961604354954
C            4.58743397476293        2.64019802790556        1.49854962991618
C            4.69697343327149        1.88071039869706        0.34755957777489
C            3.63447960230803        1.15398005481833       -0.15715981567353
C            3.81330631239823        0.35740186418352       -1.41092382772878
C            4.34446385428275       -1.05911177183413       -1.09400873079878
C            5.66974495338578       -1.00766965836934       -0.39178697382982
C            5.73652500133550       -0.91281463369367        0.99627446470903
C            6.95345329612900       -0.87371701722210        1.65225975250997
C            8.12692831282934       -0.95045103719524        0.91336064745166
C            9.46108721956059       -0.93938607996611        1.59062120067891
F            9.45230052330602       -1.46230402214713        2.82856256982380
F           10.40245798712238       -1.62504068660701        0.90579694396159
F            9.96582065959842        0.31224163156029        1.73490275970184
C            8.08004541945860       -1.01504500516312       -0.47505304713475
C            6.85610688608769       -1.03259890955428       -1.11763688508926
H            1.38016294970842        1.87802013201525        2.28638308832160
H            3.27196221098779        3.31845050856821        3.02366015113185
H            5.42122116123282        3.19962950791033        1.88950258930942
H            5.63077569030072        1.86540013420303       -0.19394909780988
H            4.52835457180378        0.87426163823188       -2.06021686072415
H            2.85239322064870        0.26275673527003       -1.92711648274684
H            4.44959906896629       -1.60418220801786       -2.03361578892627
H            3.60978983158324       -1.57142139208334       -0.46836151672719
H            4.82328623240124       -0.88426007324995        1.56915373313220
H            6.99489488203116       -0.81163442015128        2.72850802577811
H            8.99812281772693       -1.06515189848991       -1.03798838389838
H            6.82637416256339       -1.07073395014299       -2.19711235049073
245
 energy: -410.910797677191 gnorm: 0.009755300240 xtb: 6.7.1 (edcfbbe)
N            0.17747663196056       -1.80513402791001       -0.93708608649151
N           -0.04333867144656       -1.12814055158986        1.82220162317227
C           -0.41579533385970       -1.03403252937025       -3.22207494769996
C            0.01686172796721       -1.99880825943578       -2.28519965946737
C            0.41613873617594       -3.34842425829347       -2.63775284338274
H            0.37899980351569       -3.76244915338344       -3.64644957946287
C            0.84413411202788       -3.94618825809423       -1.48594990008981
H            1.23095472746708       -4.95706493092267       -1.35074361422169
C            0.65928444593816       -2.98354125875143       -0.41696586314271
C            0.84992181419627       -3.27466777918979        0.94800311801299
C            0.45150878602111       -2.39841966015238        1.97750343833537
C            0.38490584285156       -2.77596048329468        3.37674307917182
H            0.71619741732980       -3.73665252329623        3.77373836134223
C           -0.19939151607042       -1.73669272337491        4.04286829620337
H           -0.43964781089266       -1.65481665222429        5.10373787319005
C           -0.45115094352856       -0.69944359136878        3.06016467356673
C            1.38934348705463       -4.62734764685636        1.33184384070362
C            2.73226391631102       -4.78300371074555        1.74962923524672
C            3.24484075775193       -6.04122727852951        2.11375335386815
C            2.40979430789819       -7.16077312776131        2.05212390167283
H            2.80858678726332       -8.14672594918761        2.32490847898443
C            1.07769700921381       -7.04721283568387        1.64595265873558
C            0.56948830131263       -5.78125906477931        1.29799816865170
N           -0.78544631585588        1.55453053365548        1.09609341482034
N           -0.51677067004710        0.88533399981617       -1.64560339743116
C           -1.00363187641688        0.56162145210134        3.36714181013448
C           -1.09395705350234        1.61672144552624        2.43226866524440
C           -1.45969650143269        2.97451575509893        2.78230923738664
H           -1.76920922377647        3.29347262433587        3.77841474702402
C           -1.32050673408214        3.72755289748806        1.64950526675169
H           -1.50084241159449        4.79509609133536        1.51970559141213
C           -0.93390963816754        2.82243884181154        0.58739769385943
C           -0.82128937126124        3.18900531954630       -0.76739135922977
C           -0.70814147152386        2.23649530944795       -1.79788016613787
C           -0.91948649308374        2.54309527112124       -3.19867591700071
H           -1.09446176462290        3.54459514241666       -3.59328552800444
C           -0.90708373744461        1.35482845330927       -3.87197644703729
H           -1.06594017201733        1.17316473510061       -4.93574905655202
C           -0.62162409790631        0.32229325386795       -2.89395426199296
C           -0.89323060176459        4.64101207744604       -1.15480476572180
C            0.29203238731337        5.32846362296949       -1.51441724419687
C            0.25710668554426        6.67046268870153       -1.93487992361043
C           -0.96898740104676        7.34173154120845       -1.96890547987932
H           -1.00014508589847        8.39187625772603       -2.28776952319137
C           -2.15672342866407        6.69889817251981       -1.60752341025859
C           -2.11773196545186        5.34690928802673       -1.21763899253256
Fe          -0.19404739201431       -0.09336273026302        0.08497005631503
Cl          -2.42483874096046       -0.71482364176707        0.07642056818951
C           -1.57826508898756        0.77703975271356        4.74584673813908
C           -0.80323189260807        1.31597766988399        5.80726133392807
C           -2.93697083871581        0.42589004488028        4.98180177895573
C           -1.37382994651091        1.50623200314567        7.08183447801070
N            0.54453678970512        1.66213991406333        5.53001157720249
C           -3.50351576442262        0.64107991512787        6.25661935779710
N           -3.67216749253080       -0.16108261972634        3.92481476131491
H           -0.75584310766490        1.90877442655387        7.88896858990880
C           -2.71650207231664        1.17176600809043        7.28211742908321
C            1.52767139020241        2.06982730149978        6.40370778599641
H            0.81042574722753        1.55964820170989        4.54903368590357
H           -4.55454138478307        0.38649516238311        6.41478217400173
C           -5.00358399615283       -0.52883540409232        3.91267688454956
H           -3.14831480611369       -0.33839145039831        3.06250386153812
H           -3.16333916911179        1.32822959609520        8.27241714920335
O            1.39012130348255        2.17959320906802        7.61705076963419
C            2.85114227208391        2.38642987735969        5.74042083151953
O           -5.79636438825907       -0.29006622209307        4.81845389921323
C           -5.42652204307138       -1.28013425238317        2.67322839502821
C            4.11192097338268        1.99659919271551        6.46890186048628
H            2.89895260149004        2.38556539670973        4.64695445023335
C            3.69967866546111        3.44890596638490        6.44953805053978
C           -6.78191272093253       -0.97529825179891        2.08541977842788
H           -4.64918218659830       -1.59654522714357        1.96821544188244
C           -6.60283514626939       -2.24231453358970        2.88762309431749
H            3.99616903437718        1.47555401521917        7.42222405969664
H            4.97001093627326        1.71309373230738        5.85636888742190
H            3.27256829635985        3.85179086987114        7.37108302805793
C            4.47685113027283        4.41080766863419        5.60855091025318
H           -7.36593829535016       -0.18717984421846        2.56903133473253
H           -6.87545426613955       -1.06370835296704        0.99954291570525
H           -7.01706036946731       -2.24464166819897        3.90064680010233
C           -6.59128716273647       -3.56297734023383        2.19386868083284
O            4.58061813230743        5.60611408780789        6.21360976940073
O            4.96826269126074        4.14803958933139        4.52742431159432
O           -7.20200201638758       -4.50464097888950        2.94660004277102
O           -6.11381770983496       -3.78172112014018        1.09872825439421
C            5.32390848426758        6.66830305921212        5.54483084512192
C           -7.30081062523577       -5.85394705046144        2.41035658346250
C            4.34251158083515        7.55027116876744        4.76072041126691
C            6.09286764008722        7.42189670469131        6.62888845214308
H            6.01815446367759        6.17721680394947        4.83981636857146
C           -7.29377388988071       -6.80368818433622        3.60927740139776
C           -8.56133701866927       -5.96413575926421        1.54523157278137
H           -6.40738193569658       -6.01775066877629        1.77827462453000
H            3.82371870538751        6.95711442400731        3.98990820429367
H            3.59572887014908        7.98749031302761        5.43668553752924
H            4.88604698024245        8.36764642300678        4.26708395857409
H            6.76823116813527        6.74622312185712        7.16922700884497
H            6.69750368169523        8.22380708460126        6.18456281854810
H            5.40657045071612        7.87109177634837        7.35803956525417
H           -6.37624332471072       -6.67301175893286        4.19752067600727
H           -8.15918013692482       -6.61484676456982        4.26220010563095
H           -7.34834265411740       -7.84715474598267        3.26987166014930
H           -8.50773125349857       -5.26123951520169        0.70273158973573
H           -8.66151647896359       -6.98231154757458        1.14418421373591
H           -9.46133311165982       -5.74331272922259        2.13911148376748
C           -0.66204901934127       -1.50096335483276       -4.63498557295636
C            0.29536577637603       -1.29656058214879       -5.66532132586457
C           -1.86891655628677       -2.19123975539958       -4.93395108588339
C            0.08177384731711       -1.82972513488407       -6.95192763260861
N            1.44243549468564       -0.52502498919871       -5.34918440028411
C           -2.07083067149505       -2.72877254510717       -6.22292335753504
N           -2.85168134598879       -2.27053793467283       -3.91994354243953
H            0.83516237649344       -1.66653969302314       -7.72784980947617
C           -1.09221561120534       -2.54744076311270       -7.20476833173192
C            2.38492367471399        0.01266319546618       -6.19873892624209
H            1.46424449584670       -0.19587344045363       -4.38256463394205
H           -2.99394056616610       -3.27815808146394       -6.42635859794096
C           -4.08401382501160       -2.89172384912079       -3.96174482886038
H           -2.63341240167134       -1.75936270468369       -3.06043784316059
H           -1.25450974315919       -2.96960335328113       -8.20502249095873
O            2.48666698296850       -0.24499819179568       -7.39221812857188
C            3.29253484702781        1.02336756195018       -5.53019739058282
O           -4.46918340315856       -3.60869080448660       -4.87980957469132
C           -4.95606577270604       -2.59605991806070       -2.76591031166933
C            3.61129495075014        2.27104271389857       -6.31671086790143
H            3.23481393701945        1.13283808574794       -4.44178330407191
C            4.68063642235063        1.21831320913101       -6.14025603387660
C           -5.86000551980322       -3.68579696325747       -2.24947772730769
H           -4.59062008220529       -1.87581122227654       -2.02450185941738
C           -6.46309234750503       -2.56701704366700       -3.06387165164679
H            3.17286318809403        2.35176709150948       -7.31488419722579
H            3.72523846246323        3.20123296100760       -5.75510017979763
H            4.91836349516449        0.59696551320379       -7.00763651393975
C            5.80967141572123        1.52166670308952       -5.20647376654256
H           -5.80027039912650       -4.65473508191106       -2.75205532040429
H           -6.03848424077039       -3.69623118471944       -1.17095176858585
H           -6.73509684288887       -2.80042775065536       -4.09784248951321
C           -7.29953012883553       -1.52449755780339       -2.39914321616968
O            6.97444588800522        1.05818183603621       -5.68950510155989
O            5.69390004121593        2.12393855144592       -4.15505844115203
O           -8.29624965282091       -1.11617064148953       -3.21375327203355
O           -7.13015565010550       -1.09595787140367       -1.27534258029818
C            8.19097160773978        1.28885727496541       -4.91920840083985
C           -9.21510911915649       -0.10212796704420       -2.71674947411796
C            9.09388176210993        0.07561338581909       -5.14819877849087
C            8.81562442163971        2.61620350940187       -5.35820270473875
H            7.89036813838534        1.35691395803148       -3.85618037239612
C           -8.64267133464135        1.29203584056498       -3.00284606167465
C          -10.56184003462477       -0.36388667719198       -3.39009279266064
H           -9.29023070667959       -0.24462921897657       -1.62338331446718
H            8.58373569472105       -0.84476941166045       -4.83477787544517
H            9.36258738881011       -0.01534617169425       -6.21161943240795
H           10.02373060957066        0.18085788767155       -4.57310576567345
H            8.12355032516471        3.44703855620562       -5.17030334026449
H            9.74221893915625        2.80655350614102       -4.79947750634395
H            9.06484769416584        2.59327191164389       -6.43030189296843
H           -7.67801038488251        1.42313110773917       -2.48627961102230
H           -8.49280481577697        1.43287263846844       -4.08219523453304
H           -9.33661693642540        2.06592213190236       -2.64651269905544
H          -10.91901681849767       -1.37885537127163       -3.16576090300961
H          -11.31529190256350        0.35125961783564       -3.03372203919679
H          -10.48183664332225       -0.26142787974438       -4.48026918510891
H            4.28786574546386       -6.13789938036575        2.43712028548948
H            0.43142089354224       -7.93102329545387        1.59410086412894
H            1.18025990037922        7.17676868031671       -2.23949955766809
H           -3.11262224547083        7.23543604889308       -1.63031899169920
O            3.48616723432280       -3.62984573583628        1.77898542173817
O           -0.71968597767572       -5.58255148055371        0.86287285130351
O            1.43973294347848        4.56723171100661       -1.49530530853101
O           -3.23315831993833        4.64493989664694       -0.82340339246001
C            4.82316835906466       -3.67874203851545        2.17343594778965
C            5.82169251020699       -3.96278604230570        1.23162347027206
C            5.15681388863192       -3.36304442806775        3.49717607878330
C            7.16522545527415       -3.93779528520991        1.62657505526080
H            5.53630876738275       -4.19486792724308        0.20078478923489
C            6.50426891519077       -3.33948386098290        3.88015967017530
H            4.35413156034239       -3.13546687412297        4.20632496453019
C            7.51015319375306       -3.62914815410478        2.94882654636296
H            7.95015777699633       -4.15737929499387        0.89383650042279
H            6.77153267908814       -3.09251453087386        4.91371783894197
H            8.56508653696482       -3.60997521186306        3.25328020501105
C           -1.69802474265066       -6.55739349846796        1.02979497095734
C           -2.07695577572442       -7.00406503122067        2.30398214142522
C           -2.35771587182377       -7.02502678194558       -0.11510795840094
C           -3.10952526527744       -7.94213678258548        2.42387766807418
H           -1.56397199151199       -6.61085030831111        3.18816898512547
C           -3.39469615612658       -7.95655089180255        0.01932759123562
H           -2.05067886908000       -6.64245393239773       -1.09383938605761
C           -3.76934803255734       -8.42311589104670        1.28564726546006
H           -3.40571198917406       -8.29660781726493        3.41735627861763
H           -3.91254623262298       -8.32225253148208       -0.87394886977489
H           -4.57732404983413       -9.15968398426438        1.38669249284005
C            2.71469799095606        5.10439465390193       -1.39009878453070
C            3.03455352075018        6.16042649784266       -0.52173283994111
C            3.72363839185921        4.46873611876173       -2.13197497430299
C            4.36463307552333        6.58862245350227       -0.42063128907412
H            2.24790124713707        6.63823343936729        0.07242448448691
C            5.04894903403487        4.89844095072999       -2.01397689121527
H            3.46110506003045        3.63353498183986       -2.78913716913274
C            5.37503441712924        5.96499250391504       -1.16431050837291
H            4.61346562533503        7.41704292695453        0.25469688419868
H            5.81974376547573        4.38214149829381       -2.59684716219580
H            6.41381722299474        6.30877668684747       -1.07627739408465
C           -4.51529807796760        5.05370396986900       -1.17173218873605
C           -4.88593854167102        5.27139857699302       -2.50668433441087
C           -5.46397381154429        5.15676559468646       -0.14414416633528
C           -6.21071280618343        5.61317643592710       -2.80488393097814
H           -4.13856634872739        5.16530726482008       -3.30003011258575
C           -6.78707578361217        5.49177055274693       -0.45718158518148
H           -5.14795704106895        4.96333335116810        0.88579653751447
C           -7.16418897001452        5.72722100899962       -1.78519195387381
H           -6.50323499361005        5.78371940049166       -3.84667078281675
H           -7.52961244570637        5.57109771328360        0.34413047742131
H           -8.20160125401166        5.99408658087809       -2.02661220435813
N            1.34239111415954        0.45164280916701        0.20370860182955
C            2.38956664576432        1.14081013725402        0.54607979217858
C            2.30927448806427        1.95236114791154        1.72228792454161
C            3.36816328359178        2.72264940453283        2.11933110152803
C            4.57540265208452        2.68570281513780        1.43154362848516
C            4.67733336783510        1.90716222234315        0.29182030863614
C            3.61481523388112        1.15921519679599       -0.18333834592869
C            3.77673971119016        0.32938081225802       -1.41884221200514
C            4.33203688038581       -1.07244823796985       -1.08308288672564
C            5.66344554595844       -0.99671614418333       -0.39510893267492
C            5.73930246855489       -0.86929687160436        0.98908000810278
C            6.96097113524840       -0.81061580832877        1.63321936907459
C            8.12939839429348       -0.89395810573551        0.88698911318666
C            9.46001124498110       -0.86114588546765        1.57012136401181
F            9.43329439432880       -1.34990313618011        2.82447309058320
F           10.40479265036993       -1.57164475899929        0.91710544905615
F            9.96802298855217        0.38825958203271        1.68244551719764
C            8.07425295636999       -0.99383456213366       -0.49806834165567
C            6.84436766413047       -1.03582808304233       -1.12878829172035
H            1.37527415270084        1.94605203005108        2.25859865646000
H            3.27879177756774        3.37240518248344        2.97510653155329
H            5.41321069476473        3.25631086510478        1.79850953887092
H            5.60464213801049        1.89024459993985       -0.25975875855605
H            4.46849790956200        0.83837931006659       -2.09811329803661
H            2.80458791682871        0.20739241860136       -1.90672657415574
H            4.43448425530960       -1.63141637712139       -2.01460250529286
H            3.61173301938290       -1.58515559674720       -0.44105369068539
H            4.83118650994210       -0.83154260678000        1.56859941750193
H            7.01321735136480       -0.72285904412054        2.70648764065714
H            8.98911270312718       -1.05307011956780       -1.06686410360749
H            6.80508827758206       -1.10956698066120       -2.20642859961844
245
 energy: -410.912552018378 gnorm: 0.007948838496 xtb: 6.7.1 (edcfbbe)
N            0.17824046708986       -1.80913230169919       -0.93425291341213
N           -0.04351575264367       -1.13284770709286        1.82516883066255
C           -0.41349176092858       -1.03698445668574       -3.21925793272979
C            0.01806441304860       -2.00225012052110       -2.28249610093590
C            0.41665473730051       -3.35210774095001       -2.63526050478464
H            0.37968935501385       -3.76576323404870       -3.64410119643762
C            0.84367837354157       -3.95048571340817       -1.48348966122079
H            1.22979928463057       -4.96161513194217       -1.34836384219254
C            0.65897319049970       -2.98796566660788       -0.41422427406563
C            0.84880564317424       -3.27965606230700        0.95065831615463
C            0.45048055787181       -2.40343917579701        1.98029464816588
C            0.38300552954678       -2.78137523707537        3.37937108571384
H            0.71348394774783       -3.74238805473234        3.77623687009374
C           -0.20092204532059       -1.74190233611079        4.04554079034036
H           -0.44159453775392       -1.66021106536201        5.10631507585600
C           -0.45151672295882       -0.70418814268316        3.06300445338350
C            1.38718004585913       -4.63282524664540        1.33438959924674
C            2.72980099406755       -4.78945577106657        1.75275210006168
C            3.24137203659976       -6.04813611525665        2.11672857333587
C            2.40563466433192       -7.16710725451673        2.05438424812644
H            2.80364893827563       -8.15339636161407        2.32705875383771
C            1.07379945144902       -7.05254754570631        1.64763689547802
C            0.56658302642646       -5.78616317680636        1.29982792960765
N           -0.78348500687081        1.55062045088032        1.09952616769888
N           -0.51398171947052        0.88204893865224       -1.64236281445339
C           -1.00330354852942        0.55717089724847        3.37008683587002
C           -1.09246977555779        1.61250882468165        2.43552169294375
C           -1.45755587345426        2.97053616799023        2.78579749450478
H           -1.76731210914318        3.28935987025810        3.78186247231848
C           -1.31737966582433        3.72382185008431        1.65332563177096
H           -1.49691836578734        4.79148385878415        1.52372645342665
C           -0.93086526654795        2.81868463806437        0.59107087955450
C           -0.81736756902123        3.18561638396600       -0.76351990288934
C           -0.70437551762732        2.23334471647112       -1.79428086173098
C           -0.91486773262520        2.54050581242673       -3.19506140515311
H           -1.08899559985372        3.54222288472090       -3.58946167574442
C           -0.90292298157767        1.35241866564230       -3.86871607961923
H           -1.06141529788193        1.17119072481991       -4.93260317521647
C           -0.61861751120838        0.31944582083953       -2.89085118777654
C           -0.88817670185316        4.63781472716921       -1.15056142336320
C            0.29770447455072        5.32457506505226       -1.50940818073618
C            0.26385156003966        6.66672000128079       -1.92949078702893
C           -0.96177731371598        7.33880965604514       -1.96388440203314
H           -0.99209355659366        8.38906421610622       -2.28244378833963
C           -2.15009450643936        6.69664650853300       -1.60324421190276
C           -2.11217288719316        5.34451531859328       -1.21374719794052
Fe          -0.19336589060701       -0.09739374679015        0.08833182125529
Cl          -2.42383084033270       -0.71736533822240        0.07839272697246
C           -1.57847415556730        0.77251279745132        4.74864846366478
C           -0.80360086877464        1.31060780773462        5.81056949998672
C           -2.93747425298422        0.42219372939124        4.98388688194128
C           -1.37461380927297        1.50085810159934        7.08493008456355
N            0.54461283887258        1.65599560696004        5.53402630739156
C           -3.50449057816867        0.63735534003637        6.25847386621672
N           -3.67265612833663       -0.16401418971092        3.92632129749735
H           -0.75675364116916        1.90275414298785        7.89247287198963
C           -2.71760652718444        1.16721735221018        7.28450855579527
C            1.52753252168580        2.06277014597772        6.40826560036778
H            0.81078277109931        1.55362053764631        4.55313513827990
H           -4.55574558262827        0.38341477353234        6.41609485720668
C           -5.00421573876596       -0.53083851746303        3.91354404496925
H           -3.14845902636748       -0.34138182325775        3.06426049392633
H           -3.16478510126170        1.32367327674777        8.27463910068270
O            1.38959642025997        2.17224836029663        7.62157311832333
C            2.85161790435261        2.37882442616703        5.74551453873343
O           -5.79730048263635       -0.29185924117350        4.81897413820131
C           -5.42712876822127       -1.28153873796906        2.67361141353349
C            4.11173105472668        1.98783884240852        6.47464730251616
H            2.89994198851969        2.37849258083601        4.65184120304956
C            3.70043969137105        3.44035720428944        6.45556654470114
C           -6.78203572488229       -0.97561483951756        2.08529043402762
H           -4.64966519552719       -1.59822178635867        1.96889607696157
C           -6.60415099367235       -2.24296067139048        2.88720372016760
H            3.99517602034637        1.46656686875682        7.42776808759745
H            4.96989925018781        1.70395132290712        5.86246281504793
H            3.27317948893065        3.84327868637940        7.37701377520548
C            4.47863843287401        4.40212036292525        5.61519403733447
H           -7.36576462144218       -0.18726766472252        2.56885793180770
H           -6.87513613289786       -1.06363427228970        0.99935854048328
H           -7.01885211569667       -2.24535521121813        3.90001535319742
C           -6.59316503333500       -3.56350563447179        2.19308483798519
O            4.58296237421586        5.59706313391624        6.22064568900936
O            4.97029754368673        4.13929156281471        4.53420337648186
O           -7.20483697892714       -4.50493517050069        2.94515567239347
O           -6.11532478800559       -3.78216616955878        1.09807267970971
C            5.32723158328603        6.65892949703494        5.55261377328574
C           -7.30427975351550       -5.85398504048706        2.40854191864155
C            4.34670687352526        7.54189892227067        4.76823707984676
C            6.09616203402354        7.41175597024993        6.63722324176494
H            6.02144502783810        6.16768356054911        4.84773222256877
C           -7.29840907022694       -6.80412993729520        3.60719476378953
C           -8.56450204405985       -5.96311926983741        1.54275387653449
H           -6.41067732645775       -6.01821760584753        1.77681361474841
H            3.82792548881539        6.94927167825057        3.99704606653181
H            3.59997142100770        7.97934146475844        5.44401398978162
H            4.89106389127526        8.35899057905093        4.27514777313177
H            6.77082043803604        6.73548987719589        7.17765628892702
H            6.70153437329540        8.21337925600319        6.19342362689608
H            5.40985014537299        7.86116773392141        7.36617075144244
H           -6.38109190419568       -6.67422188137583        4.19585017149825
H           -8.16399789708742       -6.61491989026994        4.25973001323248
H           -7.35353171759791       -7.84742933118534        3.26743019222585
H           -8.51002227574135       -5.26001215584658        0.70054294420672
H           -8.66515345942412       -6.98109263827726        1.14140763278432
H           -9.46460208256989       -5.74189453229905        2.13630005156140
C           -0.65942558177673       -1.50331304368311       -4.63247509288720
C            0.29858111960364       -1.29923774979727       -5.66228818916438
C           -1.86656611227177       -2.19268808486208       -4.93220404662418
C            0.08525260169607       -1.83185994857055       -6.94914498281669
N            1.44606827595624       -0.52849433314380       -5.34539322842989
C           -2.06827499618582       -2.72970454692918       -6.22139882336542
N           -2.84994190743290       -2.27166289126982       -3.91861494824945
H            0.83909586970888       -1.66894992744627       -7.72467843170257
C           -1.08908837392701       -2.54873462077625       -7.20275354037106
C            2.38921441382735        0.00873469848950       -6.19436849610346
H            1.46761246371859       -0.19968749676810       -4.37867007944105
H           -2.99163926939507       -3.27842238235725       -6.42543959284684
C           -4.08255386354743       -2.89200990633889       -3.96124908608599
H           -2.63166581138421       -1.76087295980972       -3.05891128424291
H           -1.25119669850654       -2.97048628119531       -8.20319798089555
O            2.49140223366364       -0.24858363943303       -7.38786151326761
C            3.29725964132143        1.01870365336602       -5.52508744643618
O           -4.46783697559194       -3.60844653469889       -4.87965453740164
C           -4.95504399949871       -2.59611719902450       -2.76566948131070
C            3.61717744716011        2.26638938114902       -6.31109719492088
H            3.23903030475164        1.12788020879399       -4.43671469146790
C            4.68570830799806        1.21288807921268       -6.13448365172050
C           -5.85991046631656       -3.68542553891753       -2.24999810665711
H           -4.58943818101221       -1.87635055897048       -2.02390910100117
C           -6.46185892385406       -2.56602355461856       -3.06434378740309
H            3.17926824914060        2.34770652481107       -7.30943521505886
H            3.73146996120550        3.19632687033718       -5.74916770537757
H            4.92347220441593        0.59166577870465       -7.00190502817714
C            5.81461522524258        1.51519809026341       -5.20005050087113
H           -5.80058616429786       -4.65424238898971       -2.75282588565123
H           -6.03888866423510       -3.69606811341613       -1.17157291434180
H           -6.73357597575428       -2.79892043678697       -4.09848945635475
C           -7.29798963866971       -1.52309120676743       -2.39971734572814
O            6.97924155048437        1.05117927079373       -5.68266885385059
O            5.69865462122737        2.11727780348370       -4.14854155700052
O           -8.29402290359219       -1.11390320099826       -3.21456632134342
O           -7.12879562143104       -1.09505310168569       -1.27568052754443
C            8.19552404391513        1.28077283055999       -4.91180039860715
C           -9.21243333679165       -0.09946546016263       -2.71774889195287
C            9.09779012543551        0.06695298616855       -5.14070205211057
C            8.82129404655510        2.60787010236625       -5.35009129867543
H            7.89450969081610        1.34869271636675       -3.84887420388739
C           -8.63894533644239        1.29450999025748       -3.00317564438296
C          -10.55903686750725       -0.36007888180171       -3.39180448503343
H           -9.28816235151409       -0.24217462525190       -1.62447360635593
H            8.58687490128924       -0.85309977703932       -4.82780561841303
H            9.36692717494171       -0.02382056881811       -6.20401228998892
H           10.02742153772037        0.17146086754961       -4.56516781928085
H            8.12969035890169        3.43904534309162       -5.16225811701707
H            9.74774368089385        2.79740497837349       -4.79090107886553
H            9.07100397229218        2.58506128033411       -6.42206278971105
H           -7.67445401715731        1.42476247757284       -2.48612039433678
H           -8.48850968755037        1.43552471726479       -4.08238088466214
H           -9.33255557966033        2.06868152753254       -2.64693293878608
H          -10.91698062274831       -1.37485825083445       -3.16793218029714
H          -11.31217113715283        0.35544605143111       -3.03557018999156
H          -10.47846872661010       -0.25733949943382       -4.48187602317361
H            4.28418354885154       -6.14558624967921        2.44055005679706
H            0.42697560629899       -7.93591859272465        1.59522837851049
H            1.18747466910642        7.17251375245394       -2.23353406680830
H           -3.10562303501159        7.23382170108898       -1.62632027082594
O            3.48441944824873       -3.63682132261389        1.78276803447658
O           -0.72225824767089       -5.58647962284874        0.86415118880336
O            1.44490061239718        4.56257774978432       -1.49002485986696
O           -3.22824406608612        4.64316497922678       -0.82021809395099
C            4.82128092201778       -3.68662343101737        2.17780808657923
C            5.82001965387030       -3.97094400840526        1.23645083922518
C            5.15451804086136       -3.37157502240107        3.50181061453578
C            7.16346862463531       -3.94678546970111        1.63201870457735
H            5.53495073030267       -4.20268162318294        0.20542159885434
C            6.50179352172386       -3.34895765897573        3.88542816568312
H            4.35163470655889       -3.14372601623592        4.21064891951704
C            7.50807721589491       -3.63848605827685        2.95435709372311
H            7.94846380453061       -4.16707013679378        0.89955996505115
H            6.76872246748816       -3.10256519174222        4.91916611386696
H            8.56290894030990       -3.62017592190844        3.25930671261090
C           -1.70133296576608       -6.56074028632306        1.03035312496264
C           -2.08112955720100       -7.00753727196923        2.30420437106173
C           -2.36079603619176       -7.02759090815692       -0.11499971234865
C           -3.11437019040312       -7.94496689333645        2.42334798209452
H           -1.56830008581351       -6.61493083967478        3.18873493327316
C           -3.39844012772851       -7.95847161005099        0.01867536319427
H           -2.05305689927329       -6.64493176403555       -1.09345865769303
C           -3.77398169286098       -8.42516955374077        1.28468036991325
H           -3.41124441503295       -8.29954858465528        3.41655655427008
H           -3.91611797415602       -8.32357127017565       -0.87492439515817
H           -4.58247927832027       -9.16123800463902        1.38512922739541
C            2.72018603160893        5.09888091926516       -1.38403406596019
C            3.04034632843994        6.15439178154444       -0.51518198511776
C            3.72902762098562        4.46278867657411       -2.12566201416266
C            4.37062868066394        6.58174090888857       -0.41342516076944
H            2.25371670486924        6.63259026130801        0.07869189378602
C            5.05455294324381        4.89159235746519       -2.00693414875919
H            3.46624472688936        3.62795899733498       -2.78317897306024
C            5.38095801931633        5.95765999853464       -1.15679942262749
H            4.61970245867211        7.40978137814833        0.26227941556391
H            5.82527907286139        4.37496123122224       -2.58959301460757
H            6.41992749429284        6.30073253329394       -1.06816633430708
C           -4.50997373081752        5.05287533893356       -1.16903946861966
C           -4.87984361280836        5.27121436662879       -2.50406875018035
C           -5.45904486792683        5.15625229357058       -0.14184670179482
C           -6.20425317836621        5.61395336502774       -2.80278207757333
H           -4.13218416947642        5.16487102404997       -3.29709616686301
C           -6.78177239977811        5.49222366902626       -0.45538544375419
H           -5.14363170672989        4.96230741119266        0.88816677725410
C           -7.15811693348311        5.72832241990685       -1.78350172178924
H           -6.49618667680208        5.78500951466953       -3.84462562501378
H           -7.52462459348175        5.57180395795905        0.34558115575549
H           -8.19523701798444        5.99594477977251       -2.02531531999935
N            1.34474771842495        0.44949347090475        0.20979640253357
C            2.38213926101950        1.16191859304015        0.53469481959543
C            2.30852464022735        1.99747987457491        1.69129058903635
C            3.37206402699238        2.77460013089903        2.06713382189142
C            4.56705475256035        2.73642349873936        1.35925530131823
C            4.65988608552969        1.93838897471474        0.23080010680179
C            3.59941633792327        1.16713747106392       -0.20970571862162
C            3.74336665864390        0.30417090923886       -1.42535366953547
C            4.31567675517824       -1.08570562350505       -1.07044142422238
C            5.65311239236289       -0.98993068413367       -0.39803634189407
C            5.73683552086531       -0.83189868817864        0.98246999372441
C            6.96220882246805       -0.75331315898524        1.61585524198802
C            8.12679406666941       -0.84358271023851        0.86406234748090
C            9.45673750805344       -0.79007651057624        1.54926359089345
F            9.42040948382084       -1.24663715646050        2.81711991071733
F           10.40169806342009       -1.52104433105505        0.92257835895687
F            9.96630041460330        0.45938504777162        1.62946032837221
C            8.06435677224170       -0.97768938130276       -0.51802913400413
C            6.82977045563480       -1.04268110215977       -1.13800147288743
H            1.38082978888963        2.00494976537815        2.23819907401267
H            3.29370584416977        3.42610726759522        2.92403234163901
H            5.40638435550473        3.32174919214254        1.69992558203917
H            5.57929353186914        1.92354138078239       -0.33427895559634
H            4.41505685332562        0.80018719813089       -2.13249856925149
H            2.76112734193869        0.16028189774734       -1.88473782905730
H            4.41123536752758       -1.66002898246055       -1.99337456350475
H            3.60820583078885       -1.59364721767882       -0.41073908755262
H            4.83295684357931       -0.78776585194911        1.56793907852827
H            7.02272662036305       -0.64299233421758        2.68647072761596
H            8.97544795500493       -1.03983327932041       -1.09187912416940
H            6.78270412782031       -1.14099081737747       -2.21115955595223
245
 energy: -410.913780969468 gnorm: 0.007290119162 xtb: 6.7.1 (edcfbbe)
N            0.17925200865094       -1.81282507937784       -0.93136501384563
N           -0.04351245957006       -1.13728807579286        1.82817832335059
C           -0.41097262471081       -1.03974031076374       -3.21643665348028
C            0.01953923911943       -2.00547189520122       -2.27976049314318
C            0.41751471026147       -3.35552534928348       -2.63270068122930
H            0.38075816112933       -3.76883694495226       -3.64168628799084
C            0.84361311874364       -3.95446752797139       -1.48093722569241
H            1.22907586896878       -4.96584777617862       -1.34588617765709
C            0.65897905498191       -2.99211189854829       -0.41142345517703
C            0.84800464586964       -3.28433562140464        0.95339162523047
C            0.44970340538044       -2.40814031102396        1.98313843700128
C            0.38136349144654       -2.78646005366044        3.38206842391876
H            0.71107844381776       -3.74777838206821        3.77880748532562
C           -0.20225746499864       -1.74682741430882        4.04826216426150
H           -0.44337656509668       -1.66529484568705        5.10893917361628
C           -0.45177965792043       -0.70867178557680        3.06588423449695
C            1.38539163246524       -4.63792511845160        1.33702381764023
C            2.72772299305224       -4.79546941819097        1.75597910882955
C            3.23836363841673       -6.05456602855626        2.11983347514855
C            2.40199027771936       -7.17301283311857        2.05677533211021
H            2.79928303659185       -8.15961695066907        2.32935721120650
C            1.07041509757790       -7.05754138968592        1.64943692253680
C            0.56411791411463       -5.79075620183649        1.30175052784818
N           -0.78141773232676        1.54691786394097        1.10296509863992
N           -0.51102310484180        0.87893754657705       -1.63905401395894
C           -1.00292374756850        0.55295248742841        3.37306589552028
C           -1.09092706029003        1.60854340244955        2.43874812564798
C           -1.45548134681598        2.96675173615525        2.78925768628171
H           -1.76551577994922        3.28545312973604        3.78527614630949
C           -1.31433961960425        3.72027478348288        1.65710205444604
H           -1.49315965071398        4.78806273507095        1.52768936740042
C           -0.92784433141676        2.81514986115652        0.59473151184326
C           -0.81349574070272        3.18244595679053       -0.75969075416806
C           -0.70058222601330        2.23039572953844       -1.79067392843133
C           -0.91023279414332        2.53807712598012       -3.19146881840580
H           -1.08357191511094        3.54000676076790       -3.58566025252573
C           -0.89868085598909        1.35017246000119       -3.86545469800892
H           -1.05677932760752        1.16934091978001       -4.92945999415888
C           -0.61545615123336        0.31677499373572       -2.88772412421542
C           -0.88324771044283        4.63479098058899       -1.14635518106258
C            0.30321991185167        5.32093631894438       -1.50444091882980
C            0.27036482521709        6.66322268246106       -1.92416308788885
C           -0.95484599589249        7.33605834082855       -1.95894143895035
H           -0.98437894862396        8.38642132477441       -2.27721377665747
C           -2.14371392522825        6.69450705127051       -1.59904512333834
C           -2.10678923587925        5.34223907906599       -1.20991487466201
Fe          -0.19217821049521       -0.10110688553067        0.09180405972499
Cl          -2.42267084150709       -0.71978707992607        0.08037098561945
C           -1.57864047073123        0.76821446125822        4.75142757589658
C           -0.80397087148898        1.30553669927726        5.81387845926409
C           -2.93793416447165        0.41865493765950        4.98595113407409
C           -1.37543028566895        1.49576514641234        7.08801742277946
N            0.54465210689771        1.65020635035947        5.53805806333873
C           -3.50544591949066        0.63377881642893        6.26030950005179
N           -3.67303296988230       -0.16684042773914        3.92782076527331
H           -0.75772077934721        1.89706114938119        7.89596480558119
C           -2.71872653306638        1.16287315002056        7.28686903148011
C            1.52732477447303        2.05614485767692        6.41284870495505
H            0.81114941428795        1.54794419629487        4.55725988591276
H           -4.55691997945887        0.38042229927349        6.41736751534089
C           -5.00472846233527       -0.53281842046543        3.91437807582315
H           -3.14848618288052       -0.34425326883994        3.06599987436436
H           -3.16627188569446        1.31931292220986        8.27683268548830
O            1.38897925499994        2.16534971120711        7.62611624114532
C            2.85202236497339        2.37170028652281        5.75067394677581
O           -5.79814075991324       -0.29365558206665        4.81946012595096
C           -5.42756069197894       -1.28295256945139        2.67397732912968
C            4.11148000225777        1.97965854896595        6.48043746438858
H            2.90084930243104        2.37185094587305        4.65684208592085
C            3.70107305865934        3.43237174892541        6.46159698967160
C           -6.78198660051212       -0.97603294712849        2.08512425323977
H           -4.64993788341347       -1.59988356217424        1.96956264764739
C           -6.60523449893260       -2.24369529138614        2.88675944051911
H            3.99414469049829        1.45816428255206        7.43336620859471
H            4.96976415519450        1.69540780659287        5.86861557031483
H            3.27360875516816        3.83532142997932        7.38295472884537
C            4.48023202781230        4.39400719359386        5.62185490357887
H           -7.36547338367183       -0.18747521951271        2.56863803140976
H           -6.87463214556694       -1.06368419348160        0.99912597296501
H           -7.02042077334595       -2.24615297641353        3.89936954065078
C           -6.59472340323241       -3.56409918697028        2.19228366558331
O            4.58502815860800        5.58862012150343        6.22768958847533
O            4.97218552699262        4.13113775369743        4.54098995429320
O           -7.20730753891137       -4.50534042819929        2.94375056465776
O           -6.11649128130757       -3.78269210863766        1.09741772424276
C            5.33023200137160        6.65022862511584        5.56036269672140
C           -7.30730785107295       -5.85416559093112        2.40674361657322
C            4.35056897824027        7.53406879315219        4.77573761603496
C            6.09908158525592        7.40231229606092        6.64552820405630
H            6.02446723220251        6.15880687300974        4.85563808182405
C           -7.30256941368839       -6.80466848978583        3.60511734550852
C           -8.56718822784722       -5.96231149689235        1.54031191667766
H           -6.41350442376632       -6.01876902404219        1.77537694524924
H            3.83181672567680        6.94195155002185        4.00415086408866
H            3.60380190875384        7.97173924900296        5.45129831562299
H            4.89567133103095        8.35094633686589        4.28315448870021
H            6.77308115627168        6.72548895332605        7.18608661524454
H            6.70515102435879        8.20369365936397        6.20224724693228
H            5.41270398673965        7.85192344751550        7.37428017198859
H           -6.38545571274799       -6.67548062926592        4.19423523519672
H           -8.16835068272890       -6.61513024942762        4.25729362963775
H           -7.35815922666845       -7.84783462595014        3.26502621967550
H           -8.51188674065828       -5.25899668403743        0.69834075374832
H           -8.66825899395504       -6.98010512530671        1.13863656742883
H           -9.46743391151229       -5.74071644207463        2.13349760422351
C           -0.65653558886952       -1.50548998434783       -4.62990658657525
C            0.30206601082097       -1.30170692908094       -5.65921507250652
C           -1.86391685239987       -2.19404845700930       -4.93041891457538
C            0.08904189488318       -1.83382116972492       -6.94631691147315
N            1.44990736540050       -0.53169891314553       -5.34155309573257
C           -2.06537012695062       -2.73058041365007       -6.21983965465105
N           -2.84788784894282       -2.27273793290264       -3.91726602363223
H            0.84334083471701       -1.67114715874926       -7.72145166161503
C           -1.08561119754064       -2.54991971865735       -7.20068587856928
C            2.39370180656159        0.00512945070124       -6.18994496194563
H            1.47117114524750       -0.20320897002429       -4.37472778234863
H           -2.98895882429671       -3.27868489304463       -6.42447735489824
C           -4.08075594793398       -2.89231740537044       -3.96072551227694
H           -2.62965854811344       -1.76230892691189       -3.05735425804598
H           -1.24749976656668       -2.97128966265076       -8.20132492731300
O            2.49635049157284       -0.25185856564819       -7.38345643231481
C            3.30210356805892        1.01442025052798       -5.51994466997513
O           -4.46609764772107       -3.60826513101905       -4.87947486677253
C           -4.95371019919537       -2.59623992023613       -2.76542052064160
C            3.62311787192298        2.26212275831498       -6.30544904681987
H            3.24335788353630        1.12332281598649       -4.43159571154221
C            4.69090613852541        1.20792488239939       -6.12864535294507
C           -5.85944292710570       -3.68515529407340       -2.25050571796131
H           -4.58799314760394       -1.87691050658391       -2.02330591691678
C           -6.46031632960211       -2.56517505289794       -3.06481783648311
H            3.18572833506588        2.34399190421790       -7.30396709591763
H            3.73770034699103        3.19183453314877       -5.74320556451338
H            4.92874011957686        0.58681076540880       -6.99611312163619
C            5.81962559410790        1.50928110635093       -5.19357127982978
H           -5.80046329859093       -4.65386483930002       -2.75357821585651
H           -6.03893621898555       -3.69600272574597       -1.17217108632655
H           -6.73171077182338       -2.79759680692962       -4.09915198608153
C           -7.29618406244586       -1.52189152413059       -2.40030285013146
O            6.98415713459021        1.04473908550273       -5.67576771970763
O            5.70346628546431        2.11115980831290       -4.14196302767892
O           -8.29156080716528       -1.11189645336654       -3.21545638067820
O           -7.12722858153885       -1.09430903211598       -1.27604572902579
C            8.20019422799824        1.27336233394362       -4.90429885735431
C           -9.20959116153205       -0.09708430508898       -2.71882409250238
C            9.10185846786768        0.05905748035655       -5.13310377952860
C            8.82698609572867        2.60021224314703       -5.34189997522403
H            7.89873785391681        1.34115359043778       -3.84147212284118
C           -8.63513443384658        1.29667246202032       -3.00357481386984
C          -10.55603411509623       -0.35666490468966       -3.39358108252904
H           -9.28592763771837       -0.24002298546331       -1.62561526236320
H            8.59025632318890       -0.86074925745356       -4.82069756570270
H            9.37144432672241       -0.03156922365299       -6.19630761520053
H           10.03128027183568        0.16286210123502       -4.55710987802573
H            8.13579677153039        3.43174095532204       -5.15415242085039
H            9.75328456299998        2.78902676956174       -4.78222079884214
H            9.07718908280489        2.57755427297139       -6.41375561056433
H           -7.67081624313384        1.42618230582917       -2.48602729990617
H           -8.48411155677006        1.43789204481408       -4.08266191540860
H           -9.32845233231558        2.07113983105624       -2.64743771586436
H          -10.91469473651106       -1.37128982045117       -3.17016768619458
H          -11.30890812632829        0.35920844657245       -3.03749906801536
H          -10.47489529380020       -0.25366130937592       -4.48357932508628
H            4.28096198431451       -6.15273055605822        2.44411876823374
H            0.42309067179817       -7.94050814326206        1.59647305785515
H            1.19443027823799        7.16855247464421       -2.22762695472262
H           -3.09890544427841        7.23225998215651       -1.62241696941308
O            3.48300543819292       -3.64330614525557        1.78666161707221
O           -0.72439205100843       -5.59017845152207        0.86551845677883
O            1.44996059407200        4.55823063794615       -1.48474346568142
O           -3.22346149676628        4.64144996556074       -0.81710709793909
C            4.81968599335219       -3.69395547857500        2.18231549003457
C            5.81869526540142       -3.97852470311913        1.24137803700160
C            5.15247638102804       -3.37952640647136        3.50657007713925
C            7.16201633088283       -3.95520498819189        1.63757131766492
H            5.53395574828957       -4.20991452007466        0.21015547971336
C            6.49959383817069       -3.35776040562540        3.89081474908938
H            4.34938249164807       -3.15142103205109        4.21510137738399
C            7.50616732003765       -3.64743410662376        2.96011502838195
H            7.94719967071675       -4.17579244745960        0.90541413604827
H            6.76612821570731       -3.11195107306997        4.92478523018459
H            8.56089399330201       -3.62998276443977        3.26555588792854
C           -1.70413628519052       -6.56390139309246        1.03099585515608
C           -2.08479254405089       -7.01083108571165        2.30452015104925
C           -2.36333889532234       -7.03002815147992       -0.11481129421914
C           -3.11865739186208       -7.94767782957758        2.42291088949129
H           -1.57215095273413       -6.61878847141428        3.18940624464747
C           -3.40159597177065       -7.96032178280498        0.01810667649132
H           -2.05490773900816       -6.64727525505776       -1.09300872696992
C           -3.77801541294255       -8.42715632162586        1.28380817755366
H           -3.41620739451724       -8.30236494167985        3.41587388171248
H           -3.91907381395504       -8.32485877557607       -0.87583189559124
H           -4.58699890732412       -9.16276953391976        1.38365624242756
C            2.72550449656605        5.09376788650457       -1.37799730425089
C            3.04589260568355        6.14882689559332       -0.50869495697224
C            3.73429324023553        4.45729731023654       -2.11935881387355
C            4.37642033476413        6.57527166504972       -0.40610289537163
H            2.25925510198481        6.62735440138137        0.08490339437505
C            5.06000683510014        4.88529082967644       -1.99990363638052
H            3.47133027011371        3.62279998527230       -2.77721566511561
C            5.38666874677928        5.95088504144136       -1.14928547907974
H            4.62566255181231        7.40301991156874        0.26990037987533
H            5.83070339166844        4.36835100347596       -2.58233984187411
H            6.42581777008864        6.29329676893050       -1.06005394483038
C           -4.50478805815584        5.05202541545540       -1.16643033181834
C           -4.87389121904547        5.27096789444689       -2.50155040656573
C           -5.45428088753656        5.15567797103035       -0.13964132208910
C           -6.19796048382047        5.61458545910149       -2.80079273365519
H           -4.12592813527096        5.16440217913394       -3.29426102250199
C           -6.77664985008342        5.49253263627007       -0.45370276777703
H           -5.13946753774616        4.96125131740284        0.89045982435769
C           -7.15222604841586        5.72923744408171       -1.78194028787522
H           -6.48929451051808        5.78611670643362       -3.84272145705779
H           -7.51983358780364        5.57233084810624        0.34692615032191
H           -8.18907193156183        5.99754993083497       -2.02415616517092
N            1.34743403849449        0.44754117663239        0.21800581189989
C            2.37676359699996        1.17879965806228        0.52342688717086
C            2.31435554297831        2.03487326617711        1.66354177605189
C            3.37999550684465        2.82296480490204        2.01329750225119
C            4.56073649066028        2.78924102471743        1.28164073962961
C            4.64300569104523        1.97152914436717        0.16500655588070
C            3.58606857126657        1.17721206928313       -0.23797000790610
C            3.71232958748983        0.28244707634632       -1.43272185838331
C            4.29570163150054       -1.09765947559633       -1.05618069259176
C            5.63860868433536       -0.98150496632316       -0.39809540676160
C            5.72922557046348       -0.79821067476796        0.97772344742111
C            6.95749592074788       -0.70093983985521        1.60113953285169
C            8.11861570090062       -0.79745517626223        0.84499483022440
C            9.45077311326180       -0.72660807412542        1.52615973311603
F            9.41335053737237       -1.15191374132322        2.80505347415386
F           10.39336128260477       -1.47403936526610        0.91982570958174
F            9.96100671821304        0.52416245473240        1.57522573672052
C            8.04942864465063       -0.95735289879993       -0.53224587185341
C            6.81136386509793       -1.04246759681245       -1.14255012595065
H            1.39544660660457        2.05020340630618        2.22502383721976
H            3.31359529246018        3.47804376027300        2.86943276921037
H            5.39940188841216        3.39220869242417        1.59329625152444
H            5.55299658265542        1.95966687386457       -0.41619337481915
H            4.36795654712020        0.76132847192953       -2.16495016774078
H            2.72191500881712        0.12159817028518       -1.86601815697058
H            4.38332287674441       -1.68926226270925       -1.96935116945365
H            3.59864521502633       -1.59663997137833       -0.37917461790329
H            4.82865330294209       -0.74944193653826        1.56794172490101
H            7.02409921204547       -0.57014520845938        2.66911169664523
H            8.95754849522238       -1.03129853118577       -1.11308365219463
H            6.75764546268458       -1.17880928521888       -2.21592627654489
245
 energy: -410.914668864918 gnorm: 0.009481997511 xtb: 6.7.1 (edcfbbe)
N            0.18062814707111       -1.81623423430609       -0.92825657040687
N           -0.04322121530160       -1.14146201010631        1.83135203333093
C           -0.40804931229636       -1.04229232905203       -3.21345299104251
C            0.02144821583313       -2.00848747932400       -2.27682919329588
C            0.41886673483696       -3.35868040193541       -2.62992860822615
H            0.38238011671028       -3.77169102569931       -3.63906139990855
C            0.84411192762371       -3.95811483937764       -1.47813048279223
H            1.22889973327431       -4.96979977976069       -1.34314049498846
C            0.65941699133021       -2.99599954474492       -0.40840069521869
C            0.84760104995737       -3.28872901862295        0.95637931163737
C            0.44924965371689       -2.41256027565536        1.98618905814809
C            0.38001793403500       -2.79126115412394        3.38499010935636
H            0.70900563992276       -3.75288027714252        3.78161885867102
C           -0.20337307468823       -1.75149708114755        4.05118217528892
H           -0.44498549950874       -1.67010539126450        5.11176717576655
C           -0.45184622075677       -0.71291768828684        3.06894855635834
C            1.38404276671677       -4.64268949821354        1.33992087352138
C            2.72608758032937       -4.80109323001947        1.75951248554451
C            3.23585851642356       -6.06057428340036        2.12327976547936
C            2.39888931255736       -7.17854590782558        2.05948585153657
H            2.79550439408942       -8.16545150902103        2.33199795277697
C            1.06757255591036       -7.06223680488972        1.65150920530039
C            0.56214681969370       -5.79506845468496        1.30391804757633
N           -0.77919792145385        1.54340760965183        1.10655126382533
N           -0.50775116517405        0.87599452545680       -1.63553749165608
C           -1.00241318530796        0.54893787908540        3.37621302590880
C           -1.08926906324125        1.60480953257536        2.44210883942578
C           -1.45336475781693        2.96314367927210        2.79284134289377
H           -1.76373697538126        3.28173706394562        3.78880805845625
C           -1.31125542729895        3.71691183057376        1.66097118065423
H           -1.48942124851292        4.78484022854700        1.53174119587612
C           -0.92470989826758        2.81183346569156        0.59853159788864
C           -0.80948865722370        3.17946908108885       -0.75574542284734
C           -0.69656984061457        2.22764028849832       -1.78691499641146
C           -0.90535515988445        2.53581561319847       -3.18774282837475
H           -1.07795096635318        3.53796180036713       -3.58174052384495
C           -0.89412771576655        1.34808518117075       -3.86205026416762
H           -1.05178818471612        1.16762343836670       -4.92619335072437
C           -0.61195084949493        0.31427318688365       -2.88444187895690
C           -0.87824161803663        4.63193424709862       -1.14202694597853
C            0.30879150490931        5.31753231311365       -1.49933176037590
C            0.27689181626466        6.65995943789241       -1.91870925367896
C           -0.94794642557345        7.33348135232987       -1.95391120067200
H           -0.97673734251562        8.38395774437107       -2.27191053614393
C           -2.13735804041286        6.69248893196792       -1.59478339036887
C           -2.10137162064801        5.34008404260881       -1.20600304118713
Fe          -0.19051024805847       -0.10459103398529        0.09545025674879
Cl          -2.42124433389059       -0.72209866451260        0.08246421597911
C           -1.57871797329020        0.76411937056127        4.75432021361574
C           -0.80430383344956        1.30072685427309        5.81733266273987
C           -2.93832253957363        0.41525160325262        4.98808820390814
C           -1.37627111220014        1.49091712696556        7.09124235969752
N            0.54468056540107        1.64472582565183        5.54227270224377
C           -3.50637625059110        0.63033221288176        6.26221879565025
N           -3.67322723219276       -0.16955917177466        3.92940473078632
H           -0.75874064566081        1.89165203547137        7.89960682809194
C           -2.71986669406154        1.15870690064798        7.28931699841749
C            1.52709861110781        2.04989510707028        6.41765015875717
H            0.81157455017446        1.54259255977773        4.56157083108279
H           -4.55807251816815        0.37750654484973        6.41866950001497
C           -5.00509410714561       -0.53477483900716        3.91522499273238
H           -3.14832443226583       -0.34701429056273        3.06780693413370
H           -3.16782440314584        1.31512112956604        8.27910963615422
O            1.38826341820248        2.15882827271982        7.63088972683074
C            2.85239271516275        2.36497671765684        5.75610658179211
O           -5.79885652198497       -0.29543516198813        4.81996872002569
C           -5.42774000591341       -1.28435350942021        2.67437487744725
C            4.11119141023972        1.97197222026141        6.48652306727291
H            2.90177041195838        2.36558244760050        4.66212981141886
C            3.70160980502462        3.42488200428493        6.46788293164787
C           -6.78168829169224       -0.97651530927480        2.08493654139591
H           -4.64991642287394       -1.60152250011135        1.97026419114148
C           -6.60603651077363       -2.24449241369261        2.88631331057170
H            3.99306215809764        1.45025233787865        7.43927777068254
H            4.96964058768975        1.68739804859254        5.87507180561406
H            3.27386676352398        3.82783056738462        7.38916017588481
C            4.48170669584571        4.38636246116281        5.62877931909297
H           -7.36498868066368       -0.18775412106372        2.56838985493187
H           -6.87383796316786       -1.06382042495338        0.99884635148034
H           -7.02173369905223       -2.24699884273307        3.89872971896870
C           -6.59590221180167       -3.56472308576065        2.19147387608024
O            4.58685945939069        5.58071569127411        6.23503494395942
O            4.97401373989892        4.12350994747926        4.54802536304264
O           -7.20938715199627       -4.50582352589855        2.94239187951184
O           -6.11723468578517       -3.78327366724028        1.09676539867983
C            5.33299418417447        6.64210858039571        5.56836954456520
C           -7.30986086303542       -5.85444819086889        2.40494485146044
C            4.35420507000256        7.52670214622989        4.78350088076311
C            6.10169790401846        7.39345788295963        6.65412810682338
H            6.02731963817866        6.15048550778145        4.86384530230868
C           -7.30625066908307       -6.80527111479534        3.60304162430515
C           -8.56935518229303       -5.96165224501422        1.53785802991384
H           -6.41581955774869       -6.01937188932684        1.77396906460928
H            3.83550233784809        6.93508758088432        4.01147486017541
H            3.60731395633874        7.96460944400394        5.45881257126702
H            4.90000473085315        8.34343363163414        4.29139270114771
H            6.77507092585120        6.71609798454895        7.19485240403055
H            6.70844752903057        8.19464363181016        6.21136239301104
H            5.41518563738386        7.84325813818746        7.38268006101442
H           -6.38934018108778       -6.67676435577353        4.19268486481023
H           -8.17226276095867       -6.61543373232048        4.25486234593775
H           -7.36223361426277       -7.84833964664356        3.26263422716650
H           -8.51325564413289       -5.25812901384353        0.69608143234080
H           -8.67078953910613       -6.97929689465405        1.13582497058181
H           -9.46980018230341       -5.73971288346656        2.13065390859060
C           -0.65316348492647       -1.50749484941471       -4.62714360842733
C            0.30606808567687       -1.30396765967869       -5.65593508747616
C           -1.86076653553804       -2.19530738725732       -4.92847218405461
C            0.09340692942747       -1.83560637158402       -6.94329336277946
N            1.45418466527762       -0.53466852549522       -5.33747006246844
C           -2.06188702487671       -2.73138427056519       -6.21813802777946
N           -2.84530834720724       -2.27373778230752       -3.91580787570814
H            0.84818887189830       -1.67312984075665       -7.71800444018562
C           -1.08152671908252       -2.55098547884024       -7.19844197393038
C            2.39867013935066        0.00183698235749       -6.18525962180802
H            1.47514573043071       -0.20645472330963       -4.37053973721753
H           -2.98567998812081       -3.27892233080933       -6.42338320081273
C           -4.07845728128698       -2.89262188657082       -3.96009533313677
H           -2.62721158756329       -1.76365165478923       -3.05565656098945
H           -1.24314616956452       -2.97199660051240       -8.19928787374560
O            2.50179295470528       -0.25485482933486       -7.37880466067077
C            3.30731848195951        1.01047746641070       -5.51453239441586
O           -4.46376410813588       -3.60811486043968       -4.87922924533104
C           -4.95188731873722       -2.59638957537356       -2.76511747611701
C            3.62940445376081        2.25821263591103       -6.29952624923950
H            3.24803865163861        1.11913120501384       -4.42618488934081
C            4.69651335387522        1.20336989874105       -6.12248032254669
C           -5.85846100506515       -3.68494719145895       -2.25096981395964
H           -4.58612892820522       -1.87745480991876       -2.02262111652229
C           -6.45830149175445       -2.56441599485512       -3.06527963024134
H            3.19254667965817        2.34059250245492       -7.29825583156310
H            3.74421933036575        3.18772554216059       -5.73695559233913
H            4.93444756660729        0.58234586668270       -6.99000542656610
C            5.82495846374125        1.50383542855985       -5.18673371140584
H           -5.79975262930937       -4.65356603461528       -2.75429475936852
H           -6.03850587495548       -3.69599071360610       -1.17270704811886
H           -6.72930684559427       -2.79640096248348       -4.09982922684959
C           -7.29394167279889       -1.52084174154190       -2.40088982971285
O            6.98946377150855        1.03878581972290       -5.66850047483952
O            5.70856554825223        2.10554969189604       -4.13503302599415
O           -8.28867827845050       -1.11007863512376       -3.21644978084263
O           -7.12530672457202       -1.09366299773033       -1.27640838356680
C            8.20523571722013        1.26653690994955       -4.89634999758653
C           -9.20639596168407       -0.09490073032634       -2.71999041236352
C            9.10633259773277        0.05181569243547       -5.12504888627755
C            8.83297080546733        2.59314706197637       -5.33327929593322
H            7.90328301593865        1.33418010121704       -3.83363352331402
C           -8.63102861979148        1.29860688058282       -3.00405682677409
C          -10.55263386638827       -0.35354879571272       -3.39548330567395
H           -9.28336207103634       -0.23809677245982       -1.62683486230613
H            8.59409141806304       -0.86780983109265       -4.81312002497679
H            9.37640327730432       -0.03869633052971       -6.18815946524566
H           10.03554460501891        0.15493731173300       -4.54854172222663
H            8.14214303601768        3.42504227798554       -5.14564381194546
H            9.75911104103719        2.78131183805108       -4.77306211211868
H            9.08369882070706        2.57065524102364       -6.40503537416708
H           -7.66689081237854        1.42745866791809       -2.48598474284371
H           -8.47937720182325        1.44005629301828       -4.08305484813324
H           -9.32410296078609        2.07338753693649       -2.64804502399719
H          -10.91197723086971       -1.36805766002752       -3.17253013508733
H          -11.30530789777342        0.36265985199272       -3.03957502351143
H          -10.47089225031865       -0.25028607674316       -4.48544248709604
H            4.27824350663010       -6.15940016099050        2.44806209375863
H            0.41978355883440       -7.94483310454618        1.59797584235275
H            1.20139206063321        7.16486600898390       -2.22157218834149
H           -3.09224546964878        7.23077429679965       -1.61848299454719
O            3.48198754136694       -3.64935270698972        1.79088946187994
O           -0.72602531610516       -5.59365885591587        0.86709818090432
O            1.45511102196152        4.55417119641433       -1.47925427888198
O           -3.21861491932116        4.63980222925389       -0.81395385519688
C            4.81843640693487       -3.70079342198260        2.18720969853196
C            5.81778829889235       -3.98559228584667        1.24669837443705
C            5.15073015563875       -3.38696248190331        3.51171116182353
C            7.16097123587979       -3.96300477310666        1.64355004377028
H            5.53340617450402       -4.21665498525203        0.21525895088730
C            6.49772605024964       -3.36590579853181        3.89661285717453
H            4.34738327506582       -3.15865317141218        4.21992285224009
C            7.50462163019092       -3.65567839389480        2.96636588989799
H            7.94637195122137       -4.18393658830002        0.91172962984174
H            6.76376602128905       -3.12077820642531        4.93086512682150
H            8.55928049538848       -3.63884076754144        3.27236340024482
C           -1.70638011060951       -6.56688303812723        1.03182015441207
C           -2.08791792723538       -7.01395305852089        2.30503156885501
C           -2.36526703215234       -7.03233281464806       -0.11446401206046
C           -3.12237371293080       -7.95027032165384        2.42264375552812
H           -1.57550764450832       -6.62243528071384        3.19029785980060
C           -3.40410914528465       -7.96209181968390        0.01767493881809
H           -2.05613053841745       -6.64947624209172       -1.09240878769126
C           -3.78142790199605       -8.42907003121578        1.28307782201759
H           -3.42061766263232       -8.30506179681864        3.41537655886765
H           -3.92134705940569       -8.32609679992661       -0.87663355707883
H           -4.59087516042893       -9.16426687402796        1.38230660267131
C            2.73086436136216        5.08900931164178       -1.37174764811560
C            3.05138835943137        6.14364743695536       -0.50197296788152
C            3.73965271432469        4.45221369707188       -2.11282766640288
C            4.38212832653711        6.56930341914417       -0.39857257062498
H            2.26471614196940        6.62245334065587        0.09135744808051
C            5.06555589646225        4.87944908971364       -1.99258785148323
H            3.47658427325359        3.61800245284694       -2.77101622683830
C            5.39241153187126        5.94455839887203       -1.14141719870352
H            4.63146066640965        7.39678638537093        0.27774944373864
H            5.83627396076764        4.36221399388719       -2.57477858521156
H            6.43171146331348        6.28641082923968       -1.05162357239961
C           -4.49953321755838        5.05118122600733       -1.16381025527780
C           -4.86783858000364        5.27069591179512       -2.49905826444596
C           -5.44948854138552        5.15507660325788       -0.13744844829691
C           -6.19158486494937        5.61512729803819       -2.79887151297499
H           -4.11953490585109        5.16393280987407       -3.29143985778912
C           -6.77151750003395        5.49274661097215       -0.45208164639001
H           -5.13529573840611        4.96018933044057        0.89276730299888
C           -7.14629833964761        5.73002573511842       -1.78046610195983
H           -6.48229185950576        5.78710359226052       -3.84091834940761
H           -7.51506622969927        5.57273060537572        0.34820683792649
H           -8.18288365365285        5.99897402231990       -2.02312050493786
N            1.34939068076887        0.44637884555542        0.22720326008987
C            2.37308190405072        1.19259417622229        0.51031306360788
C            2.32506687135826        2.06605635453135        1.63687189098012
C            3.39032075396095        2.86875442865847        1.95593033274212
C            4.55522641592660        2.84158526222311        1.19797048103250
C            4.62566776777596        2.00423969991375        0.09388494139411
C            3.57342002644471        1.18764347163417       -0.26985912116573
C            3.68361296632934        0.26225871474943       -1.44264992160460
C            4.27084660288781       -1.10980220257969       -1.04094598982699
C            5.61840208952551       -0.98050428883608       -0.39818026700505
C            5.71664708143379       -0.76679664524447        0.97474447717336
C            6.94768394337318       -0.65073615281160        1.58877046294448
C            8.10530215927467       -0.75696075314837        0.82742104486973
C            9.44155654750256       -0.66782399635659        1.50006817245247
F            9.40941727227080       -1.05904787140174        2.79065466715650
F           10.37974015583726       -1.43178340684499        0.91021697173129
F            9.95166531716903        0.58659280486610        1.51322846919132
C            8.02859546455161       -0.95016247369287       -0.54762514395481
C            6.78736465664993       -1.05567360000254       -1.14887529746769
H            1.41718336180750        2.08330057194134        2.21670741282744
H            3.33630571098089        3.52878043288322        2.80956043817207
H            5.39183461279875        3.46273462926002        1.47870030935853
H            5.52432392050962        1.99516696769433       -0.50578839180552
H            4.32750788154439        0.72007535069474       -2.19710256219417
H            2.68664441034586        0.08908806850419       -1.85300441751087
H            4.34811635470162       -1.72223193115067       -1.94192485270893
H            3.58081054967639       -1.59296541609282       -0.34583490051469
H            4.81923242356582       -0.71036277970776        1.57025064505265
H            7.01930300084542       -0.49939275018182        2.65423532968222
H            8.93220728195153       -1.01907560723833       -1.13115885586712
H            6.72859447418088       -1.19031799791137       -2.21126590953020
245
 energy: -410.915391343349 gnorm: 0.006849330737 xtb: 6.7.1 (edcfbbe)
N            0.18228645150827       -1.81912098016591       -0.92524615088544
N           -0.04260781862592       -1.14505076075093        1.83440177691777
C           -0.40495757432258       -1.04441475626201       -3.21057931698789
C            0.02364032258500       -2.01105286092712       -2.27398921313398
C            0.42059077447095       -3.36131517057186       -2.62722202242371
H            0.38439975451521       -3.77407404480676       -3.63647643446126
C            0.84506832222882       -3.96117788572557       -1.47536238394843
H            1.22925253164100       -4.97314789645399       -1.34044272047707
C            0.66026048687906       -2.99933676412133       -0.40547207312485
C            0.84764735677561       -3.29249807639305        0.95931297269422
C            0.44920013440477       -2.41637486118375        1.98914683230534
C            0.37912841370321       -2.79540782789721        3.38783385991687
H            0.70747668081970       -3.75728300767719        3.78437030663587
C           -0.20409694222254       -1.75555112035727        4.05400251625202
H           -0.44618538441156       -1.67428973034480        5.11449396231159
C           -0.45162092333269       -0.71659431160416        3.07191120981532
C            1.38326250386028       -4.64677849269917        1.34276908055171
C            2.72504171134916       -4.80592320475992        1.76297020165325
C            3.23404560032619       -6.06573559943740        2.12666945961836
C            2.39657717701902       -7.18329972759914        2.06218807948453
H            2.79259999946876       -8.17046267857537        2.33464775826703
C            1.06550969244029       -7.06626966449006        1.65360094349962
C            0.56084420080480       -5.79877483198541        1.30608357736512
N           -0.77696343598715        1.54039542356410        1.10997744423226
N           -0.50442473542940        0.87348801671391       -1.63215985602433
C           -1.00172278844747        0.54544006462840        3.37923556492308
C           -1.08756229919854        1.60160501874268        2.44532538892435
C           -1.45126402223415        2.95999753627214        2.79624033722667
H           -1.76198219105539        3.27849645815791        3.79214019897512
C           -1.30827588015414        3.71399253936568        1.66461995797167
H           -1.48588357279926        4.78204379460945        1.53557040962066
C           -0.92163737033638        2.80901023363176        0.60215399282835
C           -0.80559864657329        3.17692515607645       -0.75200562346586
C           -0.69262098545565        2.22531193710898       -1.78333719513019
C           -0.90059361112317        2.53391412178233       -3.18419113945542
H           -1.07253809695717        3.53624674980282       -3.57801889037401
C           -0.88960595062690        1.34635103590749       -3.85878777227610
H           -1.04683689507610        1.16622267308603       -4.92305768086284
C           -0.60836999358752        0.31216347326450       -2.88131225272330
C           -0.87348407819383        4.62949882185821       -1.13793578190716
C            0.31404275932587        5.31464415977977       -1.49450054488196
C            0.28297320434933        6.65719136212243       -1.91356111909406
C           -0.94153994914591        7.33129300008325       -1.94918045856309
H           -0.96968513153532        8.38186646323941       -2.26693176602002
C           -2.13142623718005        6.69077063139224       -1.59078253859080
C           -2.09626265699764        5.33824939722085       -1.20231954165492
Fe          -0.18853804185078       -0.10761134108925        0.09890222513828
Cl          -2.41958594868861       -0.72409082693890        0.08448138451882
C           -1.57859473590301        0.76054470113837        4.75709040425351
C           -0.80444855515099        1.29653161011424        5.82062675134444
C           -2.93849248622674        0.41225495028642        4.99012592587804
C           -1.37693377407646        1.48666520292637        7.09431203564257
N            0.54482162414438        1.63995654572941        5.54630201762635
C           -3.50705340294437        0.62729054311545        6.26404740386404
N           -3.67313719114139       -0.17193931122076        3.93095942232033
H           -0.75959821346378        1.88691045265944        7.90306697051274
C           -2.72078349577236        1.15503401709712        7.29164709629052
C            1.52702032482883        2.04446334701398        6.42223276219447
H            0.81213047001202        1.53796077272048        4.56569710447486
H           -4.55894533148146        0.37491363071818        6.41992005174350
C           -5.00519217188779       -0.53653443327370        3.91602737641814
H           -3.14792061234798       -0.34942844810843        3.06955307088357
H           -3.16914555215741        1.31141186343307        8.28127047857029
O            1.38767263537802        2.15314511819878        7.63543387608889
C            2.85281164130323        2.35911527969125        5.76135747337714
O           -5.79926933848261       -0.29704236072857        4.82046102541326
C           -5.42758486562762       -1.28559309615427        2.67479871847110
C            4.11103347824494        1.96531469572679        6.49233398600826
H            2.90271702210306        2.36009575694676        4.66731254615806
C            3.70216776216858        3.41840943522536        6.47385192087768
C           -6.78110160660287       -0.97698034959701        2.08478230389161
H           -4.64956612895674       -1.60296263990606        1.97097401951716
C           -6.60643191724230       -2.24524902654310        2.88592163468582
H            3.99219365525495        1.44339359548152        7.44491409172702
H            4.96964709487648        1.68050166499447        5.88123097647001
H            3.27413860362832        3.82132622179891        7.39504531096065
C            4.48310928649045        4.37970631578587        5.63534626638128
H           -7.36426831733953       -0.18806058482756        2.56815917859453
H           -6.87277188480003       -1.06397333611991        0.99861573038150
H           -7.02261518215022       -2.24780115783189        3.89814803357910
C           -6.59657743175805       -3.56528316317423        2.19074748434162
O            4.58850170744869        5.57388709832454        6.24200554109450
O            4.97576539297213        4.11693072539167        4.55472442684911
O           -7.21086603482770       -4.50630080131678        2.94117565918536
O           -6.11748785418089       -3.78380676456693        1.09622104386481
C            5.33546886567664        6.63512348130177        5.57592826238451
C           -7.31171658326604       -5.85475908671741        2.40330683244215
C            4.35749412015374        7.52032325242538        4.79084436038013
C            6.10400082855868        7.38580863650748        6.66225830646239
H            6.02991994809231        6.14330463670797        4.87163201084155
C           -7.30913312145578       -6.80586107850042        3.60115181244488
C           -8.57082897648171       -5.96114080623540        1.53561136567922
H           -6.41744136200010       -6.01993051459990        1.77272035291197
H            3.83885567891299        6.92916864066020        4.01839614268614
H            3.61044574927973        7.95843879089209        5.46589740740844
H            4.90388571406092        8.33695796812920        4.29917435331950
H            6.77680633607977        6.70798770618218        7.20314648818744
H            6.71134565847619        8.18683118485812        6.21998266444062
H            5.41733660625740        7.83575432361595        7.39061022537967
H           -6.39242956365784       -6.67794036808764        4.19129921881285
H           -8.17536608880327       -6.61578041946445        4.25263272881862
H           -7.36542491061137       -7.84883818378355        3.26046891010817
H           -8.51400984515099       -5.25743056222191        0.69400728493684
H           -8.67255427911457       -6.97864704237829        1.13324264720229
H           -9.47147404236288       -5.73891850415010        2.12801803616038
C           -0.64960307809182       -1.50914499460313       -4.62446870014354
C            0.31022607498981       -1.30581094078429       -5.65276603603273
C           -1.85739388869099       -2.19632346670782       -4.92655872891716
C            0.09792818175133       -1.83703616668409       -6.94035915018280
N            1.45853088565403       -0.53714802822691       -5.33354946353063
C           -2.05813716662131       -2.73198745098334       -6.21646374268493
N           -2.84243302166765       -2.27454401026654       -3.91439662065634
H            0.85316159230049       -1.67471525400039       -7.71466401761065
C           -1.07722095713939       -2.55179663594735       -7.19624377687537
C            2.40368559891088       -0.00085525007434       -6.18075491611000
H            1.47920355116348       -0.20916400164603       -4.36652500942274
H           -2.98209121843204       -3.27904058910860       -6.42228183143879
C           -4.07587307135540       -2.89283834559764       -3.95941911708651
H           -2.62453154253310       -1.76477184178320       -3.05400019420748
H           -1.23855671123527       -2.97248670441782       -8.19727898267002
O            2.50725666560404       -0.25730370513213       -7.37432078909947
C            3.31247400062061        1.00718474494131       -5.50935947756328
O           -4.46106201650618       -3.60792651362902       -4.87892708367199
C           -4.94972669781785       -2.59650299041070       -2.76479670210412
C            3.63552722988808        2.25496816311663       -6.29386900222343
H            3.25269256919762        1.11562835324129       -4.42101664001565
C            4.70206776032937        1.19958058680769       -6.11656606090218
C           -5.85705764001081       -3.68475752610212       -2.25135601992099
H           -4.58399215182471       -1.87791332238561       -2.02193681445812
C           -6.45599056763138       -2.56373775810920       -3.06567006920108
H            3.19918416260670        2.33779853555897       -7.29279520181395
H            3.75050895433333        3.18429701882076       -5.73100390516350
H            4.94011888575189        0.57865199613712       -6.98414347137082
C            5.83018370113644        1.49929387190363       -5.18021172155839
H           -5.79855681572286       -4.65328594026844       -2.75490212080257
H           -6.03763011656826       -3.69598588835386       -1.17317190755947
H           -6.72659683758835       -2.79534534381633       -4.10041862414009
C           -7.29144045952180       -1.51995870784516       -2.40141088412733
O            6.99471516687214        1.03378828586008       -5.66154363842468
O            5.71357901941292        2.10079882283583       -4.12840635512588
O           -8.28560531699246       -1.10851300308181       -3.21738878699651
O           -7.12316421165123       -1.09312106239482       -1.27674898674263
C            8.21024015524348        1.26079603851630       -4.88872598739037
C           -9.20309177490690       -0.09300704017569       -2.72109223600902
C            9.11085303586012        0.04573784984180       -5.11731127330214
C            8.83878624404212        2.58720101789001       -5.32503544915262
H            7.90779288271531        1.32831336300056       -3.82612604855315
C           -8.62693776578878        1.30025497724871       -3.00452212888797
C          -10.54911585444843       -0.35087609953588       -3.39728605734171
H           -9.28064750332022       -0.23646674084096       -1.62799571112814
H            8.59805181745538       -0.87375336988877       -4.80584642148439
H            9.38139461782979       -0.04465976812181       -6.18032366890878
H           10.03985323012076        0.14825476979016       -4.54031629499998
H            8.14825604740711        3.41941076245178       -5.13752351195280
H            9.76475490172921        2.77481706703539       -4.76431006092023
H            9.09001644198808        2.56487739596679       -6.39668819583476
H           -7.66298119275949        1.42855419227180       -2.48595752074155
H           -8.47468974897339        1.44192893916175       -4.08343200770662
H           -9.31981651065059        2.07530710552052       -2.64864817986200
H          -10.90904673398248       -1.36528557734377       -3.17476606711829
H          -11.30163555128140        0.36560428589118       -3.04156015597538
H          -10.46680174350910       -0.24738257671870       -4.48720365341302
H            4.27622649797524       -6.16512983486848        2.45193014410737
H            0.41733098630039       -7.94854775895393        1.59953351544191
H            1.20785566018566        7.16174022704509       -2.21585484836996
H           -3.08605151901889        7.22950703297021       -1.61480266514894
O            3.48146946751497       -3.65454373701122        1.79500704935898
O           -0.72702383197050       -5.59665484009336        0.86870034579842
O            1.46000590587585        4.55073209640046       -1.47404038936973
O           -3.21401307465512        4.63839265743018       -0.81099338606531
C            4.81768675449136       -3.70667593698332        2.19195355213643
C            5.81738150954157       -3.99168004933250        1.25182308796151
C            5.14948456291398       -3.39336881151685        3.51668504212366
C            7.16037766291280       -3.96982411637967        1.64929018499117
H            5.53336759733768       -4.22240104583874        0.22019454976822
C            6.49634782121082       -3.37302998384220        3.90224098962697
H            4.34589637780169       -3.16491218311701        4.22458787708672
C            7.50347545257039       -3.66310185139361        2.97241691300733
H            7.94601802306325       -4.19101940749048        0.91782774514771
H            6.76197467568823       -3.12824078908584        4.93669954891722
H            8.55801776794931       -3.64697754428207        3.27879142262229
C           -1.70790015079080       -6.56945349364039        1.03270332144809
C           -2.09026473152599       -7.01666548283367        2.30562547105354
C           -2.36645983338803       -7.03431203115456       -0.11401609300954
C           -3.12521951765607       -7.95252899947122        2.42250327038660
H           -1.57809794419529       -6.62560696423087        3.19124402393489
C           -3.40580267828394       -7.96361687013888        0.01739105266806
H           -2.05667259378237       -6.65135402691316       -1.09172361959855
C           -3.78395048053703       -8.43073460601190        1.28250179120096
H           -3.42410679483045       -8.30742344774464        3.41501949615551
H           -3.92278305822537       -8.32715512208557       -0.87726741392905
H           -4.59379316166055       -9.16557727371620        1.38115273139334
C            2.73592538520740        5.08497030059518       -1.36583284322365
C            3.05652639392397        6.13922021541101       -0.49560814515659
C            3.74474416769563        4.44793275070197       -2.10663406266116
C            4.38739197572251        6.56428666562501       -0.39154371334352
H            2.26982140190374        6.61822922196226        0.09749257535445
C            5.07081123786101        4.87450732970247       -1.98563452109230
H            3.48163752914420        3.61396188310673       -2.76511181413990
C            5.39778982513468        5.93917872935107       -1.13397057514056
H            4.63679397949192        7.39146434521217        0.28515757388876
H            5.84159581348494        4.35701129100727       -2.56754723229232
H            6.43721356863349        6.28053808603854       -1.04359823749739
C           -4.49456387322068        5.05045762952035       -1.16135365644132
C           -4.86212679212416        5.27047709196044       -2.49673157652078
C           -5.44496877898331        5.15454169715438       -0.13541946000481
C           -6.18557290909057        5.61560200947383       -2.79709223101952
H           -4.11349033211410        5.16355969790436       -3.28878811544241
C           -6.76668923819043        5.49290749350121       -0.45060591842111
H           -5.13136109868171        4.95924865909709        0.89490607241171
C           -7.14072026701452        5.73069382412681       -1.77911850448008
H           -6.47569123625419        5.78797091790124       -3.83925250769583
H           -7.51058728249398        5.57303707303950        0.34935756755053
H           -8.17706702516211        6.00018434460971       -2.02220154895194
N            1.35009090344406        0.44612352768694        0.23584833905938
C            2.37063729048289        1.20352805483329        0.49591543925030
C            2.33810967916835        2.08948278436185        1.61291404509943
C            3.40101449339880        2.90770746986662        1.90023412322492
C            4.54935582086588        2.88761740432403        1.11593181915424
C            4.60767769400134        2.03348045713973        0.02354482064324
C            3.56032017141158        1.19764714484220       -0.30353390410248
C            3.65673980358694        0.24518263887727       -1.45533819512015
C            4.24389380644537       -1.11969630746632       -1.02465722424228
C            5.59538615989346       -0.97233538936453       -0.39301838289665
C            5.70074743741308       -0.73878677349330        0.97476246957768
C            6.93442229088433       -0.60827729663257        1.57947312820686
C            8.08812207699352       -0.72026310562130        0.81367326458408
C            9.42955605021191       -0.61652215870894        1.47362683218519
F            9.41002679795619       -0.98002799259884        2.77050621470445
F           10.36419600018253       -1.38748082634240        0.89320756929713
F            9.93609298417953        0.63947070410215        1.45959877167375
C            8.00390673050514       -0.93257109975471       -0.55640362472489
C            6.76000416164933       -1.05235968368377       -1.14872078035528
H            1.44232118420993        2.10340290165092        2.21266328007857
H            3.35884799710752        3.57246117954278        2.75063055325060
H            5.38305949527139        3.52502333198419        1.36687237834605
H            5.49421203996024        2.02568608420995       -0.59460186460377
H            4.29412896184695        0.68101933350120       -2.22712877246502
H            2.65524987472372        0.06317891052135       -1.84900622828751
H            4.31347506597101       -1.75451021936513       -1.91152063222062
H            3.55791828568895       -1.58521522822275       -0.31367790136532
H            4.80601582937106       -0.67706052792491        1.57377378802333
H            7.01027156888312       -0.44080231364910        2.64175013796514
H            8.90446662360266       -1.01399059178987       -1.14604745923771
H            6.69528515141832       -1.22846177624553       -2.21421015611631
245
 energy: -410.915910280062 gnorm: 0.007504198278 xtb: 6.7.1 (edcfbbe)
N            0.18438481375066       -1.82148697392433       -0.92208753658957
N           -0.04159652837449       -1.14803044837049        1.83755705388004
C           -0.40145485526819       -1.04609390372601       -3.20757574707926
C            0.02632364550724       -2.01314649194943       -2.27099398853490
C            0.42291846148091       -3.36343268019654       -2.62432164085030
H            0.38707582220283       -3.77597224598619       -3.63368496527935
C            0.84658576944000       -3.96374076173906       -1.47234440319368
H            1.23033145176647       -4.97589866302132       -1.33750407113136
C            0.66165654639542       -3.00210461457814       -0.40237796757193
C            0.84825131906645       -3.29561512197373        0.96245417804965
C            0.44962643367256       -2.41956734217996        1.99226227514995
C            0.37872593168634       -2.79888837371211        3.39084970546986
H            0.70651282787813       -3.76097941854732        3.78732279413030
C           -0.20442595762432       -1.75896895905570        4.05695635658668
H           -0.44700655490621       -1.67783897248816        5.11735063845431
C           -0.45106523148444       -0.71967626474503        3.07497946040015
C            1.38315380436432       -4.65017425864740        1.34585065536410
C            2.72467599699786       -4.80992989845535        1.76667362080765
C            3.23301248233703       -6.07002192173937        2.13034180859621
C            2.39514483052626       -7.18725090014663        2.06519530107584
H            2.79065669064670       -8.17462761463648        2.33762984032465
C            1.06432256746433       -7.06962025016819        1.65598237022271
C            0.56031508066985       -5.80185248619956        1.30850339080775
N           -0.77464064712952        1.53790763146449        1.11345254239259
N           -0.50089707330579        0.87145270614621       -1.62872791942088
C           -1.00082375379531        0.54247863836128        3.38232531802866
C           -1.08576403544842        1.59893040191439        2.44860342449701
C           -1.44915168396279        2.95733676940030        2.79964944223711
H           -1.76025475064313        3.27574933409776        3.79546532481619
C           -1.30533168848659        3.71154300819696        1.66825164008053
H           -1.48247329487063        4.77969938084105        1.53936819763970
C           -0.91852242204215        2.80668259258103        0.60579922060685
C           -0.80167477407544        3.17482589931923       -0.74825225201139
C           -0.68854984792176        2.22341902177911       -1.77972531608887
C           -0.89572150320998        2.53239728949847       -3.18061009501898
H           -1.06709490093452        3.53488983530800       -3.57429849469435
C           -0.88486289424381        1.34498926575279       -3.85546571490875
H           -1.04164032477640        1.16515714291719       -4.91985913681751
C           -0.60449744404970        0.31046685133528       -2.87810738268693
C           -0.86881512071389        4.62750808176768       -1.13387124481936
C            0.31914775437550        5.31228757285607       -1.48969916934190
C            0.28879736763620        6.65494219295679       -1.90847227778303
C           -0.93544204209916        7.32952064355082       -1.94454046533998
H           -0.96302859225325        8.38017882500115       -2.26206812602578
C           -2.12575035270223        6.68937394749328       -1.58687042731706
C           -2.09129819495509        5.33675136847627       -1.19869239768211
Fe          -0.18630634540184       -0.11017652975944        0.10233889378714
Cl          -2.41757647201141       -0.72575400708835        0.08657957721729
C           -1.57829795855350        0.75750385547413        4.75993048561218
C           -0.80447150716945        1.29296202221877        5.82397298916148
C           -2.93846795060787        0.40967693695994        4.99221290123526
C           -1.37751526096711        1.48302266727118        7.09742594524831
N            0.54503555995566        1.63591764390617        5.55039552608117
C           -3.50755551774724        0.62465516955803        6.26592085530311
N           -3.67276885973227       -0.17397693440204        3.93259092971706
H           -0.76041959549402        1.88285166341743        7.90657000512039
C           -2.72158609425034        1.15186084507804        7.29401973445385
C            1.52700642400181        2.03987314428836        6.42688001209248
H            0.81279348846470        1.53405331240021        4.56989927467324
H           -4.55962282625652        0.37264230386915        6.42121467419366
C           -5.00501092625840       -0.53808361083188        3.91687628278775
H           -3.14723330905306       -0.35148502774072        3.07137306242918
H           -3.17037574716233        1.30818815939065        8.28346253072965
O            1.38708956219112        2.14831988497593        7.64004011355947
C            2.85322094106129        2.35417132567326        5.76671051060568
O           -5.79941056341096       -0.29847186754209        4.82100080281680
C           -5.42704776156600       -1.28667162930074        2.67530639662562
C            4.11091856473860        1.95971665606573        6.49824339349078
H            2.90368220944799        2.35547244175632        4.67263206946525
C            3.70264580049683        3.41297681177262        6.47987742604056
C           -6.78016333864394       -0.97741981677668        2.08468271579367
H           -4.64881190500185       -1.60419630593432        1.97177624309852
C           -6.60637764036580       -2.24594947096012        2.88561770794120
H            3.99141352487203        1.43761298598763        7.45065194238395
H            4.96971947313340        1.67475066938362        5.88748341044409
H            3.27429618130129        3.81583175190350        7.40096579110564
C            4.48436676416270        4.37409745018571        5.64194377962624
H           -7.36326642743154       -0.18838367158708        2.56795412095041
H           -6.87133232018610       -1.06413387266421        0.99844704460048
H           -7.02305587757654       -2.24855325654227        3.89764465434710
C           -6.59667997959436       -3.56579129589008        2.19014057261384
O            4.58988379708091        5.56816226914993        6.24898607322909
O            4.97740963282025        4.11142234189356        4.56149476951483
O           -7.21170311357465       -4.50676779408194        2.94009376562247
O           -6.11714068983328       -3.78428195469570        1.09581242488860
C            5.33760036872709        6.62928119841762        5.58346828836233
C           -7.31280660480996       -5.85507893962343        2.40183519714884
C            4.36037799803872        7.51498043777406        4.79814059188168
C            6.10589016872409        7.37939485481770        6.67036692324956
H            6.03221988034936        6.13731503228088        4.87942229349152
C           -7.31117939097423       -6.80643400316306        3.59946184936145
C           -8.57152377052037       -5.96076728054548        1.53351884311762
H           -6.41828129893763       -6.02043598713403        1.77166014984238
H            3.84186199034228        6.92422166599651        4.02527405537215
H            3.61313657569293        7.95325416334429        5.47291589992358
H            4.90729901791300        8.33154642588011        4.30690383000616
H            6.77817270048808        6.70119136432266        7.21143706918748
H            6.71376426840806        8.18028639073398        6.22857266019713
H            5.41903641888735        7.82943954918570        7.39849376266151
H           -6.39470868574760       -6.67900232472738        4.19010594937601
H           -8.17765706478471       -6.61617017588206        4.25057565951944
H           -7.36769582508191       -7.84932216855078        3.25852785193129
H           -8.51403029928400       -5.25688741562453        0.69208350715441
H           -8.67344880982818       -6.97814817969225        1.13085226097039
H           -9.47238593240412       -5.73833110999489        2.12552106579702
C           -0.64557315638517       -1.51042512669292       -4.62166902852000
C            0.31485041033901       -1.30722151701366       -5.64945549179393
C           -1.85349946457015       -2.19707707196369       -4.92450123314363
C            0.10296727836560       -1.83808905473521       -6.93727481227324
N            1.46325979565250       -0.53910826406532       -5.32950083791100
C           -2.05379309395859       -2.73237415976020       -6.21464128176935
N           -2.83901407941078       -2.27514021419477       -3.91287124673997
H            0.85864636913921       -1.67588004130262       -7.71117016725598
C           -1.07232933936929       -2.55233651370537       -7.19389248372294
C            2.40907442591451       -0.00294049156554       -6.17612042383612
H            1.48361453354994       -0.21131854825362       -4.36239238936060
H           -2.97786039912538       -3.27902466196554       -6.42103107978036
C           -4.07273206089212       -2.89295486023625       -3.95859895213650
H           -2.62138038376557       -1.76564931757518       -3.05222742611657
H           -1.23333525562458       -2.97274114028371       -8.19510593224430
O            2.51310987846956       -0.25919022498776       -7.36969774251184
C            3.31788256639149        1.00456828559194       -5.50407394679548
O           -4.45770520059178       -3.60768849404265       -4.87848274152979
C           -4.94701135078914       -2.59655848610846       -2.76437212907060
C            3.64181545185445        2.25241370014755       -6.28812838393424
H            3.25758985831845        1.11283496518414       -4.41574549657026
C            4.70788444802782        1.19657564121433       -6.11052438800467
C           -5.85502665488438       -3.68457405390491       -2.25161225656539
H           -4.58138264911204       -1.87826854969771       -2.02115584082134
C           -6.45314469148389       -2.56313209246329       -3.06596310011468
H            3.20599740418043        2.33563190126905       -7.28725319026509
H            3.75687880730959        3.18157402825621       -5.72499342881240
H            4.94610549708950        0.57574841945127       -6.97813780875025
C            5.83561832737898        1.49565425669335       -5.17356057312304
H           -5.79664947541563       -4.65301390282645       -2.75535074920263
H           -6.03613363838320       -3.69597520700560       -1.17351426720517
H           -6.72331552115949       -2.79441468307376       -4.10090300532693
C           -7.28848531675978       -1.51921245257720       -2.40186957617946
O            7.00022515105982        1.02978745077700       -5.65443699207902
O            5.71875716547986        2.09695756522703       -4.12165954432873
O           -8.28211215559416       -1.10718409392261       -3.21828380859087
O           -7.12062330711854       -1.09266770590998       -1.27704164380737
C            8.21547786820723        1.25616557348115       -4.88094205646112
C           -9.19945815884650       -0.09140870996115       -2.72217791690690
C            9.11570818823947        0.04082611253298       -5.10937600481169
C            8.84472686075300        2.58241402564945       -5.31666047925084
H            7.91251805117026        1.32355292363989       -3.81847806404501
C           -8.62263115427255        1.30164938751955       -3.00500816174480
C          -10.54524132024540       -0.34863237229650       -3.39908849269878
H           -9.27760090834062       -0.23511601466348       -1.62915189553255
H            8.60239771361993       -0.87855639653961       -4.79836270047333
H            9.38674593614220       -0.04944458925588       -6.17227778153374
H           10.04447504402338        0.14283991763595       -4.53189573918614
H            8.15442437774259        3.41486752273670       -5.12929979510655
H            9.77049655290632        2.76956442251982       -4.75543128135546
H            9.09647721926471        2.56024436128466       -6.38819841136552
H           -7.65887305988464        1.42948324543865       -2.48594636689897
H           -8.46979182878218        1.44352904376435       -4.08382226565289
H           -9.31538332468789        2.07691303418280       -2.64930324608624
H          -10.90567305581925       -1.36295872848458       -3.17697903248134
H          -11.29766554345175        0.36805896448560       -3.04357508134651
H          -10.46235311087822       -0.24492670507279       -4.48895340454800
H            4.27499431659338       -6.16988849624901        2.45609447418015
H            0.41583185021188       -7.95163702161024        1.60139748163678
H            1.21402146821752        7.15920530491065       -2.21019898656402
H           -3.08015745415883        7.22848210627757       -1.61123596583444
O            3.48152608498169       -3.65884918108909        1.79936027226798
O           -0.72726596963150       -5.59914238070253        0.87053553496551
O            1.46481080293067        4.54792927251293       -1.46883840100924
O           -3.20950347566930        4.63723423899609       -0.80808148905697
C            4.81750987587325       -3.71155737483277        2.19693249291098
C            5.81758312051542       -3.99674816426197        1.25722469820024
C            5.14877634705839       -3.39872586522623        3.52188766238530
C            7.16039599730992       -3.97547270721235        1.65534756894598
H            5.53397825091000       -4.22713438880309        0.22540096765350
C            6.49547615948108       -3.37897795610376        3.90811538027486
H            4.34493757177238       -3.17011457801532        4.22945912883606
C            7.50293477931534       -3.66915303675448        2.97877422782175
H            7.94628103129755       -4.19688106988755        0.92423745169409
H            6.76069814037827       -3.13440271966410        4.94276278458074
H            8.55737819822670       -3.65325581350868        3.28571163639428
C           -1.70858340320926       -6.57159551850489        1.03382819536143
C           -2.09175235987182       -7.01895137883042        2.30647038468232
C           -2.36676258102834       -7.03594622333201       -0.11331186964471
C           -3.12712040792501       -7.95444349515140        2.42262522192524
H           -1.57986852089264       -6.62828725959212        3.19242882250117
C           -3.40652931401015       -7.96488276376600        0.01737497712575
H           -2.05634880639061       -6.65288677815091       -1.09078584107771
C           -3.78547804861194       -8.43214058859732        1.28219021883158
H           -3.42663353628362       -8.30944700615374        3.41491918241626
H           -3.92320874749075       -8.32802100643432       -0.87762549381952
H           -4.59565064479949       -9.16669536375264        1.38027912852454
C            2.74085427305819        5.08168205122511       -1.35994800499593
C            3.06146037839277        6.13559318842052       -0.48929873029589
C            3.74974508084469        4.44447992851935       -2.10043984639499
C            4.39242456027119        6.56014999921920       -0.38446386456942
H            2.27466215013764        6.61476128888436        0.10353525933377
C            5.07593907986417        4.87052741420740       -1.97868973305615
H            3.48669297262670        3.61069803470987       -2.75916763923395
C            5.40295147893883        5.93483077059090       -1.12661082715890
H            4.64184790522323        7.38703026498356        0.29258990796132
H            5.84685825798185        4.35279006369131       -2.56025465604878
H            6.44248948217073        6.27570480601820       -1.03555515137379
C           -4.48971979406744        5.04986949316508       -1.15896324045898
C           -4.85654708650605        5.27032978099150       -2.49448348346719
C           -5.44058994746249        5.15408743402897       -0.13347938269974
C           -6.17971105953522        5.61603084174209       -2.79541126765752
H           -4.10755948847037        5.16330339843559       -3.28619620079414
C           -6.76202912830164        5.49303090493491       -0.44924044245252
H           -5.12756453461154        4.95844190221458        0.89696053378836
C           -7.13531655887568        5.73126050311814       -1.77787822919450
H           -6.46925147213647        5.78874545277873       -3.83768085846597
H           -7.50628894145623        5.57326519746060        0.35038398969025
H           -8.17144089481447        6.00120217518316       -2.02141264213657
N            1.34954204899088        0.44674179465971        0.24207115632950
C            2.36910695904973        1.21177471468245        0.47890072676712
C            2.35213919811524        2.10672164836324        1.58925416746442
C            3.41156506754316        2.93891006239763        1.84513630187521
C            4.54196880682632        2.92511161045504        1.03451219147041
C            4.58851870935735        2.05618330650936       -0.04655723338443
C            3.54589348536906        1.20424954441134       -0.33986899031273
C            3.63177380423339        0.22826799399939       -1.47146544486106
C            4.21350574607063       -1.12941614460361       -1.00923778265145
C            5.56766950507896       -0.97023664199501       -0.38731828743161
C            5.68077170223941       -0.71627148487828        0.97578909613318
C            6.91764533775832       -0.57212863793941        1.57150388265395
C            8.06677908290242       -0.69187166907052        0.80015391382416
C            9.41382572434494       -0.57103569117817        1.44536561368874
F            9.40911965914109       -0.90344709851577        2.75167801536752
F           10.34479979683984       -1.35292559177458        0.87206780113130
F            9.91634879065559        0.68905379581116        1.39702750095658
C            7.97442534760927       -0.92294482233950       -0.56543621519905
C            6.72778446104602       -1.05585178497576       -1.14862070498978
H            1.46892139492619        2.11543745728486        2.20870329928609
H            3.38053638641941        3.60972407206779        2.69120240343427
H            5.37148185751849        3.57833689344211        1.25554647030508
H            5.46198914183417        2.04816457438728       -0.68291736496064
H            4.26856439413802        0.64105410478445       -2.25522599699906
H            2.62791275038262        0.04186522592073       -1.85540771240627
H            4.27703328186752       -1.78556376309175       -1.88046935863073
H            3.52730715248731       -1.57330559996567       -0.28514316198035
H            4.78900086010244       -0.64572163083399        1.57868772428505
H            6.99854394187193       -0.38705010552310        2.63122055855099
H            8.87214650858085       -1.01264554015655       -1.15981583893613
H            6.65795436768522       -1.24599617536350       -2.21011442712155
245
 energy: -410.916296384123 gnorm: 0.006883705878 xtb: 6.7.1 (edcfbbe)
N            0.18684615367349       -1.82304816945343       -0.91906689929415
N           -0.04017408329003       -1.15008926061830        1.84052856355673
C           -0.39773471340661       -1.04708984735750       -3.20471547126092
C            0.02937753193095       -2.01448755114267       -2.26812359060254
C            0.42575430920206       -3.36475319523687       -2.62152291406383
H            0.39027585789948       -3.77711854564909       -3.63098268371842
C            0.84870549270108       -3.96546044079907       -1.46940688721219
H            1.23216146752629       -4.97772284600132       -1.33463649704129
C            0.66358602482393       -3.00398027987060       -0.39941876444869
C            0.84947573232195       -3.29775843536800        0.96549431016950
C            0.45061152694255       -2.42181434905998        1.99524345639785
C            0.37897161197812       -2.80137566006111        3.39374962905877
H            0.70632553015243       -3.76363356074109        3.79017830200533
C           -0.20420854864185       -1.76143401706170        4.05977611817345
H           -0.44725611355553       -1.68043205682174        5.12008173587304
C           -0.45011947374462       -0.72186781477446        3.07788282406355
C            1.38384309618356       -4.65253143846617        1.34884521745117
C            2.72514576930890       -4.81271451743433        1.77024781976134
C            3.23297108835944       -6.07301891088387        2.13391482666590
C            2.39483340249704       -7.19001614356644        2.06816885669588
H            2.78995979490466       -8.17755239739294        2.34059946411658
C            1.06422617396169       -7.07195883061690        1.65836661812951
C            0.56071849175131       -5.80398740343801        1.31090226350686
N           -0.77225932306450        1.53618852673990        1.11669619732783
N           -0.49735421095140        0.87014732675339       -1.62551563056246
C           -0.99967153219933        0.54034060692644        3.38522660914117
C           -1.08389516676701        1.59704035238263        2.45166876131018
C           -1.44709033719271        2.95542471804498        2.80281089451494
H           -1.75858534272560        3.27375232053415        3.79854426815476
C           -1.30255918428410        3.70982177511695        1.67160208617897
H           -1.47937436564044        4.77806244255638        1.54285912165379
C           -0.91550867428804        2.80509029096312        0.60918221286721
C           -0.79794735346987        3.17343043358249       -0.74476671010761
C           -0.68459589627448        2.22220146302922       -1.77635419816024
C           -0.89105318122954        2.53149812796942       -3.17727797406474
H           -1.06199026849908        3.53411973389222       -3.57085604689319
C           -0.88020537264555        1.34422458168003       -3.85235771196910
H           -1.03654452867006        1.16462948938762       -4.91686620033932
C           -0.60056165111475        0.30942902882081       -2.87508139215645
C           -0.86453181686003        4.62620504475315       -1.13012464766716
C            0.32377188386781        5.31074284688709       -1.48527975276804
C            0.29397087951627        6.65349085688851       -1.90381010135672
C           -0.93007826844048        7.32840160919111       -1.94030617539034
H           -0.95724297243359        8.37913111243458       -2.25764519287603
C           -2.12072427163074        6.68850059835755       -1.58330092581732
C           -2.08680312455577        5.33579216634087       -1.19536611507108
Fe          -0.18395459881590       -0.11201722747078        0.10550009035729
Cl          -2.41528476902240       -0.72687988482820        0.08857388052620
C           -1.57772588306047        0.75527112237055        4.76260123929908
C           -0.80424172943193        1.29032632905148        5.82709695940502
C           -2.93812261583336        0.40775263447967        4.99417997172944
C           -1.37782740079571        1.48029226601577        7.10033464000418
N            0.54544220957444        1.63296090425432        5.55421166204555
C           -3.50771968554358        0.62265160641303        6.26768827221279
N           -3.67203659426217       -0.17548159488197        3.93415423763117
H           -0.76098612389928        1.87980301250658        7.90983341426286
C           -2.72207421577925        1.14944844612325        7.29624340539478
C            1.52718579858073        2.03651059088346        6.43120864305586
H            0.81363549754972        1.53122720062651        4.57381985626216
H           -4.55993089615466        0.37088510167878        6.42244554105113
C           -5.00443666569341       -0.53926320705154        3.91770501175479
H           -3.14619682446158       -0.35297944715035        3.07310628902933
H           -3.17127940427294        1.30570674773641        8.28551491320603
O            1.38670019295165        2.14474636402764        7.64433401973812
C            2.85372789550084        2.35055950441160        5.77172584344142
O           -5.79914977909315       -0.29958671474205        4.82154842655326
C           -5.42605944799144       -1.28746959311411        2.67584243906418
C            4.11100126805177        1.95563905468501        6.50375053721437
H            2.90471128717110        2.35212097494367        4.67765053863769
C            3.70314072510269        3.40903086117157        6.48546430548857
C           -6.77883665918141       -0.97775934418531        2.08464141601975
H           -4.64759614063260       -1.60508506832789        1.97258483004551
C           -6.60575668269107       -2.24650190587171        2.88541265058697
H            3.99091576793052        1.43338239839791        7.45600733431584
H            4.97001095469601        1.67056598210146        5.89332145774565
H            3.27445254819459        3.81180181777025        7.40644613826703
C            4.48550046548750        4.37003452408629        5.64803844263791
H           -7.36195033759637       -0.18865484290671        2.56780694874193
H           -6.86952806063956       -1.06424651198127        0.99833814723039
H           -7.02289229917518       -2.24916864089946        3.89725843362282
C           -6.59608074944791       -3.56617728168181        2.18967518354907
O            4.59101082392616        5.56402637089707        6.25542485230810
O            4.97893112678270        4.10748816811800        4.56776050030962
O           -7.21169943456667       -4.50716002808031        2.93920919854191
O           -6.11610228545991       -3.78461766067525        1.09553065701648
C            5.33933578657535        6.62507485820041        5.59041087063768
C           -7.31291394691527       -5.85534815317108        2.40060932013243
C            4.36272837671170        7.51114482202154        4.80483888173538
C            6.10732850705082        7.37475018630856        6.67782720384059
H            6.03415545857699        6.13302763523095        4.88660292127319
C           -7.31208800110400       -6.80691968322958        3.59805570534805
C           -8.57125585147231       -5.96052620361805        1.53171104985335
H           -6.41814141185104       -6.02081288535564        1.77081741892907
H            3.84439285692019        6.92068999236363        4.03158484578614
H            3.61526244122559        7.94950799109962        5.47935103990447
H            4.91007073958287        8.32768659280436        4.31398724855284
H            6.77919219078567        6.69625342233656        7.21907662176642
H            6.71562170887358        8.17557288397781        6.23645674880378
H            5.42024757049051        7.82484367661038        7.40573503343189
H           -6.39584507216600       -6.67984603915118        4.18915959461776
H           -8.17881758230104       -6.61654318945377        4.24882352432022
H           -7.36871734900482       -7.84974114481032        3.25689413670047
H           -8.51319843245520       -5.25649871063234        0.69041827713675
H           -8.67326688126461       -6.97781361500828        1.12878315069109
H           -9.47234104957586       -5.73795594991888        2.12334361936168
C           -0.64131572915221       -1.51110896469286       -4.61899961229231
C            0.31964554009385       -1.30795486871933       -5.64630537710423
C           -1.84931161027980       -2.19738768708982       -4.92250117388595
C            0.10819847375089       -1.83853545967233       -6.93432982472870
N            1.46807622314809       -0.54025264248755       -5.32567715768511
C           -2.04913104200474       -2.73238810027235       -6.21285454877430
N           -2.83524519839901       -2.27537324911928       -3.91137502297946
H            0.86428190058220       -1.67637206389480       -7.70784495368842
C           -1.06717061220284       -2.55241874420424       -7.19161621228992
C            2.41446690143840       -0.00410975863525       -6.17176249788004
H            1.48810234545149       -0.21261138338627       -4.35849827296818
H           -2.97325601675734       -3.27875483452399       -6.41976442247976
C           -4.06918687778616       -2.89286267676342       -3.95773535762535
H           -2.61792059325127       -1.76610937849682       -3.05050117566000
H           -1.22783000515493       -2.97259304661756       -8.19298850614493
O            2.51894492040612       -0.26019802900694       -7.36534669645607
C            3.32318338021656        1.00299323871059       -5.49912678483962
O           -4.45387518406048       -3.60731929230235       -4.87796813981708
C           -4.94387145654452       -2.59646374195450       -2.76389401246449
C            3.64782484231746        2.25091632976399       -6.28277816585978
H            3.26241509729006        1.11111969034864       -4.41081110182895
C            4.71355693394215        1.19475569297249       -6.10487120723129
C           -5.85243040606398       -3.68433465003819       -2.25174227181436
H           -4.57841664997541       -1.87840284637454       -2.02035011505979
C           -6.44989391630180       -2.56256785183589       -3.06615103036120
H            3.21248518825513        2.33442856528944       -7.28209282296648
H            3.76288020666378        3.17994048126120       -5.71940198071591
H            4.95198835120249        0.57402496094894       -6.97251130089434
C            5.84090155934449        1.49336957201204       -5.16734647393518
H           -5.79407258175190       -4.65269834469818       -2.75564974347859
H           -6.03403537074376       -3.69588749572529       -1.17371877957185
H           -6.71962987159718       -2.79359519411989       -4.10127105645309
C           -7.28522661583693       -1.51858147087098       -2.40222943327896
O            7.00562194308994        1.02725673754897       -5.64778864696567
O            5.72375498531168        2.09448843204722       -4.11535008852481
O           -8.27838817824074       -1.10611679683985       -3.21906501271680
O           -7.11779265386239       -1.09226877430277       -1.27724899948446
C            8.22059766926163        1.25318029263538       -4.87366897218719
C           -9.19569850101305       -0.09017012782334       -2.72314802797861
C            9.12058533901023        0.03764805347590       -5.10193899411921
C            8.85037926381659        2.57934110859550       -5.30885524470766
H            7.91715920709699        1.32042733827685       -3.81133845840288
C           -8.61837208570699        1.30275280736700       -3.00544985970751
C          -10.54123100456702       -0.34693117001700       -3.40072966212983
H           -9.27437485415331       -0.23409071974620       -1.63018648962962
H            8.60685706235448       -0.88168385878339       -4.79134795934931
H            9.39208986114617       -0.05248593415501       -6.16474465834296
H           10.04912824952512        0.13929961732718       -4.52399438976060
H            8.16021031231425        3.41196084486689       -5.12164974852480
H            9.77595030216236        2.76614533525014       -4.74715003965371
H            9.10261361706530        2.55731093857210       -6.38029319361926
H           -7.65481197734420        1.43025125771591       -2.48592025811650
H           -8.46499223868341        1.44481211578304       -4.08418273064079
H           -9.31107966305116        2.07815720382379       -2.64990841297379
H          -10.90203464344030       -1.36121561983929       -3.17897941176794
H          -11.29363393807604        0.36990227346277       -3.04541792615469
H          -10.45781239839334       -0.24303982539260       -4.49055373033673
H            4.27477919089001       -6.17322105777635        2.46012887817809
H            0.41552378738163       -7.95379404545203        1.60331605963003
H            1.21946920631354        7.15756779569960       -2.20501774145633
H           -3.07498018040185        7.22786662399394       -1.60799784502159
O            3.48227510173849       -3.66184651791966        1.80353299875635
O           -0.72661562026908       -5.60085246885861        0.87238626357284
O            1.46922060085903        4.54608005820262       -1.46404139272032
O           -3.20537004470424        4.63649557345160       -0.80541051373337
C            4.81804279021778       -3.71497271412544        2.20167272508861
C            5.81848447330106       -4.00024608653843        1.26234761215760
C            5.14879612319776       -3.40249840504823        3.52683923723673
C            7.16110995267032       -3.97939049574480        1.66106052163174
H            5.53529065898178       -4.23037519230089        0.23034826782850
C            6.49533752355260       -3.38317432972916        3.91367425196893
H            4.34471039749947       -3.17376597120145        4.23409438819007
C            7.50309465376781       -3.67351611027587        2.98470767257550
H            7.94728232834017       -4.20089415981268        0.93029346577189
H            6.76014255882908       -3.13888153108716        4.94851260608560
H            8.55743377472857       -3.65819825866420        3.29185086072088
C           -1.70825151632264       -6.57307402136925        1.03503339349314
C           -2.09212648879608       -7.02057167370429        2.30743402169726
C           -2.36602788902464       -7.03703377318998       -0.11249232076863
C           -3.12779328685587       -7.95581022223042        2.42293506129291
H           -1.58054152863574       -6.63020692405217        3.19370486017503
C           -3.40610992278561       -7.96572211594777        0.01754146601938
H           -2.05506783809510       -6.65386949724715       -1.08976154911399
C           -3.78576221393502       -8.43311881145514        1.28209213161543
H           -3.42785968818084       -8.31092008707353        3.41503236380339
H           -3.92247521190350       -8.32855007257827       -0.87777842566261
H           -4.59617562495115       -9.16747813206441        1.37967610367228
C            2.74531988336470        5.07951837408067       -1.35454153359828
C            3.06583321601889        6.13316706462563       -0.48351084312935
C            3.75431564722707        4.44226033526152       -2.09475347206243
C            4.39684239672744        6.55737069436097       -0.37794586707690
H            2.27889543682769        6.61240808074428        0.10909294065648
C            5.08059896627588        4.86794964092736       -1.97230758036292
H            3.49141447825620        3.60858811271108       -2.75367085476129
C            5.40756418411550        5.93190419890124       -1.11981352274104
H            4.64622319430756        7.38398767977835        0.29943105942284
H            5.85169321528104        4.35003658625577       -2.55352524635307
H            6.44718171649645        6.27243115809647       -1.02814046029901
C           -4.48531100456965        5.04953898897146       -1.15678452508885
C           -4.85147018159777        5.27034969060062       -2.49245217899609
C           -5.43661962763039        5.15381361795638       -0.13172106548088
C           -6.17440168421793        5.61645816056831       -2.79391893065968
H           -4.10214348509351        5.16327395072066       -3.28384496483390
C           -6.75783442198342        5.49316557277499       -0.44802639036790
H           -5.12412049065836        4.95788659257121        0.89883383524033
C           -7.13045055526609        5.73174733171482       -1.77678637805946
H           -6.46342105117075        5.78944404114984       -3.83629721540292
H           -7.50243771785601        5.57344146611088        0.35128759200338
H           -8.16639362410991        6.00200622241656       -2.02075381024209
N            1.34863874658714        0.44587556835683        0.24669191444665
C            2.36935450225484        1.21548813373393        0.46096372645465
C            2.36725288706424        2.11596862914761        1.56776829938239
C            3.42212653445093        2.96132920059155        1.79313290415485
C            4.53419102202965        2.95183146211868        0.95771955278438
C            4.56989681097639        2.07035612836904       -0.11295019785462
C            3.53092112025114        1.20639188211988       -0.37702955615327
C            3.60957094807152        0.21090154796943       -1.49032885491077
C            4.18010068388174       -1.13985757083887       -0.99464267430000
C            5.53588100682282       -0.97202051301753       -0.37908072602197
C            5.65722858614238       -0.69895884400176        0.98030900180831
C            6.89759841921789       -0.54510765403197        1.56691725916490
C            8.04187665154206       -0.66914669041345        0.78999347179091
C            9.39424935525354       -0.53121610144277        1.41876769634129
F            9.41080204729858       -0.84444798193075        2.72508920104801
F           10.32563572205635       -1.30934777298758        0.84544980647334
F            9.88457830179349        0.72896129888624        1.34970402495891
C            7.94081339209131       -0.91948533727492       -0.57332943837764
C            6.69130461215216       -1.06440928355197       -1.14781745819922
H            1.49659406557759        2.11848633083160        2.20515744095283
H            3.40219917723772        3.63721716269065        2.63502324344552
H            5.35878714781682        3.61811213760196        1.15086037705593
H            5.43035543389254        2.05987150064009       -0.76580434355178
H            4.25223176891009        0.60107511348343       -2.28053738631529
H            2.60500237913070        0.02426480595210       -1.87323069555661
H            4.23938432576502       -1.81818037290288       -1.84829888439242
H            3.49002594199489       -1.55896522184905       -0.25931711980723
H            4.76876794940459       -0.62208155562458        1.58663908126543
H            6.98379755461865       -0.34758701470590        2.62308469817317
H            8.83488460205810       -1.00948569366309       -1.17037191487641
H            6.61632656304360       -1.26294481402477       -2.20580052593020
245
 energy: -410.916538753555 gnorm: 0.006888038876 xtb: 6.7.1 (edcfbbe)
N            0.18960945915833       -1.82371977063924       -0.91615395583158
N           -0.03854176631261       -1.15116182493495        1.84342522147872
C           -0.39384474847047       -1.04729763139543       -3.20194510975887
C            0.03275365602788       -2.01493998880174       -2.26532290254654
C            0.42912514042814       -3.36514051823181       -2.61875999651045
H            0.39405555251646       -3.77736873718741       -3.62829428984947
C            0.85148542444110       -3.96612789450646       -1.46651946313599
H            1.23477143282471       -4.97843261107912       -1.33177513278621
C            0.66599836291320       -3.00480090879742       -0.39651791890666
C            0.85124373458572       -3.29878834849837        0.96848404347164
C            0.45202477424925       -2.42299668863850        1.99815640153707
C            0.37971403991290       -2.80275351717394        3.39658578138822
H            0.70678066584782       -3.76511018375980        3.79299966281195
C           -0.20364407909938       -1.76286015179686        4.06250925607690
H           -0.44715410238643       -1.68199903977556        5.12271995627514
C           -0.44900031456704       -0.72309267142742        3.08067472558198
C            1.38529404419547       -4.65369746511377        1.35182656238578
C            2.72640078631611       -4.81408695534545        1.77379345635657
C            3.23390376022351       -6.07451925940346        2.13748609427217
C            2.39567440795855       -7.19140824170410        2.07118810935439
H            2.79056549802260       -8.17903067963031        2.34363505977462
C            1.06526434680455       -7.07313044036490        1.66081373975653
C            0.56206026593204       -5.80504637942520        1.31333180569437
N           -0.77001728134867        1.53533282795408        1.11975783626257
N           -0.49394606103422        0.86968738513143       -1.62249125899937
C           -0.99852502008462        0.53910951211878        3.38797253298341
C           -1.08220689549178        1.59599943230935        2.45456426318277
C           -1.44540870336943        2.95433173891984        2.80575439163239
H           -1.75732747268659        3.27255456247879        3.80139416269217
C           -1.30028612441605        3.70890311306785        1.67472572452388
H           -1.47693435127240        4.77718892637520        1.54608845625909
C           -0.91286563099840        2.80431450141218        0.61234586189269
C           -0.79466299487479        3.17283625789222       -0.74149524226884
C           -0.68095576008966        2.22176335730863       -1.77318452993733
C           -0.88675618729033        2.53131349493836       -3.17415383796120
H           -1.05740782829121        3.53401846507951       -3.56764942098110
C           -0.87574485229583        1.34415722172590       -3.84941807169419
H           -1.03162926242540        1.16475174468436       -4.91402612563247
C           -0.59666057010568        0.30916017086171       -2.87219526975298
C           -0.86091596657811        4.62569655108732       -1.12665352257217
C            0.32762094510903        5.31015100745127       -1.48116424700866
C            0.29815707090254        6.65297450915825       -1.89948822384660
C           -0.92579287269764        7.32803383508446       -1.93642184584840
H           -0.95269619089345        8.37881662750478       -2.25360077334654
C           -2.11666835062582        6.68820741375676       -1.58005468674615
C           -2.08307489760672        5.33543339531063       -1.19232385943642
Fe          -0.18168100578181       -0.11301107211962        0.10851155718050
Cl          -2.41284209227850       -0.72742684134881        0.09046924979992
C           -1.57718647379949        0.75389631854655        4.76513801807399
C           -0.80411924711165        1.28869236418118        5.83005429223107
C           -2.93773719806716        0.40648839479816        4.99603741461527
C           -1.37825727486361        1.47851648242149        7.10307213036725
N            0.54570720671841        1.63120628162861        5.55783817074675
C           -3.50786431650598        0.62125341231041        6.26933548743738
N           -3.67121492497795       -0.17647519624763        3.93561602883234
H           -0.76173661284581        1.87783099607645        7.91291133703146
C           -2.72262292550917        1.14779438397466        7.29832937927534
C            1.52715015477897        2.03452443630701        6.43532313318610
H            0.81431806146491        1.52961603181412        4.57755275100969
H           -4.56017178486138        0.36957959802009        6.42358673700372
C           -5.00368794948342       -0.54012339985427        3.91847887040795
H           -3.14503519891432       -0.35390187517264        3.07475701071030
H           -3.17225133996536        1.30394235730067        8.28742398870651
O            1.38610526292007        2.14256718206807        7.64840807076446
C            2.85397035803818        2.34851727562243        5.77649021688760
O           -5.79875101923040       -0.30048790266199        4.82202662816436
C           -5.42480972223198       -1.28805951163681        2.67633537073606
C            4.11088537056217        1.95333784929396        6.50902189758906
H            2.90546391252417        2.35030940333067        4.68241737368246
C            3.70321375848815        3.40678841308291        6.49077944284410
C           -6.77729871058071       -0.97810651490845        2.08457024037301
H           -4.64608239485234       -1.60565410208504        1.97336329173877
C           -6.60472398351332       -2.24700243401726        2.88521161366987
H            3.99031889418439        1.43094622230198        7.46113417532642
H            4.97013159341620        1.66825461983270        5.89894773233139
H            3.27416120949562        3.80944018023268        7.41163504805253
C            4.48605773785922        4.36780599215233        5.65382326910112
H           -7.36053731069734       -0.18901833779449        2.56759856902701
H           -6.86751075293554       -1.06440410784693        0.99821854365462
H           -7.02231115587230       -2.24978051440806        3.89686541919550
C           -6.59488224291302       -3.56655213108013        2.18926300631665
O            4.59142990403791        5.56171210619966        6.26149178845945
O            4.97988987434787        4.10541678746980        4.57372264454156
O           -7.21094964349859       -4.50759597292566        2.93836736615427
O           -6.11444300145132       -3.78487883950371        1.09530419817374
C            5.34017385700024        6.62277450205202        5.59697121079239
C           -7.31207317870884       -5.85568115376141        2.39950243436930
C            4.36402372489215        7.50908164344836        4.81111145556608
C            6.10776719499460        7.37218878321227        6.68486018425090
H            6.03524773623097        6.13076376159051        4.89339742701270
C           -7.31188980975658       -6.80744917744226        3.59680242081041
C           -8.57004194207258       -5.96057389969339        1.53002435156855
H           -6.41704078629082       -6.02114386908603        1.77009326548381
H            3.84597371011964        6.91880534050526        4.03751974518218
H            3.61631352794955        7.94741631744653        5.48536033473047
H            4.91168017725853        8.32563292622149        4.32064725794075
H            6.77930244449657        6.69353783167373        7.22629478046550
H            6.71635136925707        8.17299989989092        6.24390009791979
H            5.42042510079517        7.82223348007558        7.41252980428857
H           -6.39590428404394       -6.68057331212452        4.18832342129384
H           -8.17888865983318       -6.61708589974644        4.24720072719642
H           -7.36849454199753       -7.85019750823206        3.25544972935742
H           -8.51152251377237       -5.25641794746987        0.68888385256584
H           -8.67199172670367       -6.97777759697016        1.12689989019780
H           -9.47136046338691       -5.73800614155836        2.12128493788699
C           -0.63683701474218       -1.51108386070288       -4.61642265722260
C            0.32460989479719       -1.30786834650125       -5.64325395004166
C           -1.84478945352080       -2.19717412107824       -4.92055753573917
C            0.11367191797344       -1.83822609017111       -6.93146154256662
N            1.47296939054170       -0.54037610970640       -5.32199520724843
C           -2.04407464240228       -2.73194020237793       -6.21109764263500
N           -2.83114841160434       -2.27520410614656       -3.90991263438519
H            0.87011882298639       -1.67602508622250       -7.70461322004214
C           -1.06166037117403       -2.55192847053074       -7.18939171401981
C            2.41982884505857       -0.00416929974540       -6.16756786154522
H            1.49261286226707       -0.21287279007103       -4.35475835629920
H           -2.96817071039254       -3.27816584893427       -6.41851212143232
C           -4.06519141847087       -2.89254827935963       -3.95689100227556
H           -2.61417887667848       -1.76611205052460       -3.04884165020564
H           -1.22191990279148       -2.97192123140480       -8.19090230175759
O            2.52479432006724       -0.26010812921761       -7.36114268416537
C            3.32832496993695        1.00269693109103       -5.49437351869328
O           -4.44951644730104       -3.60680619331269       -4.87743303106213
C           -4.94033312034865       -2.59623909864441       -2.76342316225689
C            3.65347675781072        2.25071122998618       -6.27767301196319
H            3.26706832317186        1.11069872837632       -4.40608947970232
C            4.71902034903457        1.19439575823140       -6.09944572385344
C           -5.84926250538705       -3.68408757748765       -2.25184356480065
H           -4.57514320112109       -1.87834596334369       -2.01958931899684
C           -6.44624032894305       -2.56211607259365       -3.06633516000448
H            3.21860443043862        2.33443186138073       -7.27716383006381
H            3.76838473298392        3.17962083127600       -5.71409807544487
H            4.95776227433524        0.57378762478983       -6.96708175484052
C            5.84596162570597        1.49273325765072       -5.16137732937134
H           -5.79079474055099       -4.65237071237717       -2.75587629755625
H           -6.03134542634635       -3.69579532236450       -1.17390888410678
H           -6.71553479962428       -2.79294823648678       -4.10160888898896
C           -7.28173367020818       -1.51815268631081       -2.40261865315649
O            7.01084649394325        1.02657275415490       -5.64136803330173
O            5.72843170512384        2.09367487763588       -4.10931111932886
O           -8.27449357665943       -1.10543560772609       -3.21982986355890
O           -7.11476275471424       -1.09203458208576       -1.27749992826820
C            8.22550458079441        1.25222305934296       -4.86666628312365
C           -9.19190738383819       -0.08945570988889       -2.72415117954685
C            9.12545062907651        0.03661560417155       -5.09473456895405
C            8.85563211321574        2.57838239785873       -5.30136242549014
H            7.92160036025725        1.31931146516590       -3.80446694244603
C           -8.61429352019566        1.30344350909954       -3.00597618672214
C          -10.53716720303130       -0.34595367043037       -3.40238281155832
H           -9.27108700993204       -0.23354985398590       -1.63126130983511
H            8.61145986035469       -0.88269628764989       -4.78452466068116
H            9.39742933687939       -0.05336855510166       -6.15742154774712
H           10.05374053469115        0.13806660118202       -4.51636163413196
H            8.16548033422055        3.41103615406166       -5.11432853644697
H            9.78096776276816        2.76498110393172       -4.73922257437213
H            9.10835347945799        2.55648438465455       -6.37268014133703
H           -7.65095111223524        1.43073974612299       -2.48599949671961
H           -8.46042100914261        1.44565800063052       -4.08460797857817
H           -9.30707130296786        2.07886094701593       -2.65062656696074
H          -10.89818486157834       -1.36022203500036       -3.18095840396200
H          -11.28964188158198        0.37090107620218       -3.04730053867203
H          -10.45325334759931       -0.24189312430173       -4.49213920729527
H            4.27555464624515       -6.17489218234289        2.46415225615219
H            0.41648872632587       -7.95488282446699        1.60533354078346
H            1.22384518894734        7.15699773800523       -2.20020047508383
H           -3.07084875250060        7.22768936875680       -1.60509185763588
O            3.48362576274110       -3.66332802750024        1.80764397726803
O           -0.72506290616003       -5.60169663462378        0.87426958579495
O            1.47296819877763        4.54535343664104       -1.45954270165896
O           -3.20189625768953        4.63620114118173       -0.80298051498335
C            4.81920416116916       -3.71666196456938        2.20632711089723
C            5.82005232723309       -4.00190113972535        1.26744538744849
C            5.14941238367213       -3.40445068689306        3.53169235828227
C            7.16253669110239       -3.98115479584227        1.66679831238942
H            5.53729600802057       -4.23181865191710        0.23527733552495
C            6.49575869356863       -3.38528342343987        3.91915155959695
H            4.34505247616387       -3.17569451288410        4.23861573975114
C            7.50399904845857       -3.67536386400905        2.99066707604392
H            7.94897132028909       -4.20271487688386        0.93634131599229
H            6.76011301340879       -3.14132286340067        4.95415787150168
H            8.55822706560951       -3.65964182298709        3.29860497351788
C           -1.70687980225416       -6.57383039605072        1.03631334442391
C           -2.09138012566465       -7.02149399972735        2.30847135449997
C           -2.36419619277822       -7.03752842146801       -0.11156736831373
C           -3.12719670540751       -7.95662991305499        2.42335644334905
H           -1.58014310305979       -6.63133283882454        3.19502460494503
C           -3.40444404497446       -7.96612060317067        0.01785028268841
H           -2.05275743250292       -6.65424385701150       -1.08863225791006
C           -3.78471441050105       -8.43367988070067        1.28213934107974
H           -3.42775112093982       -8.31187467065252        3.41524716218462
H           -3.92044731070310       -8.32874624331573       -0.87775404316073
H           -4.59525077698981       -9.16796257510932        1.37924944272303
C            2.74905110041483        5.07867744322169       -1.34945288119287
C            3.06932074973709        6.13212625407312       -0.47806896346813
C            3.75823633926704        4.44149607926982       -2.08938113585131
C            4.40029750345106        6.55618205565665       -0.37183151411716
H            2.28218330365899        6.61133412374823        0.11430362792076
C            5.08453782171733        4.86703499244788       -1.96627625319302
H            3.49560336665258        3.60787824458736       -2.74845097256399
C            5.41129569850080        5.93070373290958       -1.11339176947845
H            4.64951257306769        7.38262008158237        0.30579632583765
H            5.85586129836677        4.34906531310500       -2.54714812910439
H            6.45092596482611        6.27108077544671       -1.02115551964684
C           -4.48163537053053        5.04944957603201       -1.15484965154658
C           -4.84717603124979        5.27051976292629       -2.49064979599492
C           -5.43338497647720        5.15366839049832       -0.13020740098396
C           -6.16992311315549        5.61683254623253       -2.79264774152653
H           -4.09750633372969        5.16348827292186       -3.28171617726357
C           -6.75442214765002        5.49322561075832       -0.44704800339891
H           -5.12137252509862        4.95754001565771        0.90045175809819
C           -7.12641748482882        5.73206737715917       -1.77591923410735
H           -6.45846543535751        5.79002652940390       -3.83511369607602
H           -7.49936988447639        5.57346092790889        0.35194203499664
H           -8.16221515038414        6.00248867183024       -2.02031304474177
N            1.34806367716324        0.44382807646104        0.24980671619420
C            2.37086736731386        1.21558034134889        0.44421723123654
C            2.38258333290049        2.11982108651965        1.54881470831854
C            3.43408606217390        2.97568142461420        1.74631448697943
C            4.52868004380938        2.96799126632428        0.88864420340567
C            4.55392935262395        2.07621886534786       -0.17309096243238
C            3.51623886282761        1.20352430058044       -0.41211745257678
C            3.58880796424524        0.19130402319892       -1.50964380573232
C            4.14526364619044       -1.15225019162533       -0.98141379255733
C            5.50239540652514       -0.97674985483836       -0.36991716071027
C            5.63153860786685       -0.68885842313359        0.98529489751525
C            6.87570949338158       -0.52607487288796        1.56309831780623
C            8.01474596738777       -0.65962800487233        0.77881680776622
C            9.37221777068568       -0.50187715567716        1.39128461568608
F            9.40593712568536       -0.78533899657495        2.70893087467466
F           10.30148812619857       -1.29312978586040        0.81892629147731
F            9.85593444545987        0.76505943892048        1.28144606744500
C            7.90538432408237       -0.92411722615222       -0.58161979759038
C            6.65301913765968       -1.07393111392992       -1.14586556411285
H            1.52342375205706        2.11811910423001        2.20113944952550
H            3.42516180137141        3.65684810025266        2.58409824098448
H            5.34888967801811        3.64570263328002        1.05582453521788
H            5.40201306180216        2.06313050057926       -0.84100311295179
H            4.24140695842408        0.56112753960376       -2.30225952213466
H            2.58466064130563        0.00732526776279       -1.89775122476885
H            4.20153159713738       -1.85240110568277       -1.81692117065832
H            3.44990805760150       -1.54680370379516       -0.23701127753254
H            4.74656128650056       -0.60452186989422        1.59560824879017
H            6.96841651288021       -0.31449130889642        2.61669000072042
H            8.79633770977926       -1.01624829516516       -1.18216174361240
H            6.57220645423788       -1.28353090301459       -2.20244363414992
245
 energy: -410.916696440756 gnorm: 0.004854587633 xtb: 6.7.1 (edcfbbe)
N            0.19166565017765       -1.82347340376267       -0.91448721788846
N           -0.03722584213444       -1.15106808530516        1.84511560161204
C           -0.39120718454585       -1.04686070216044       -3.20035615323954
C            0.03518650838591       -2.01456365904473       -2.26368647177461
C            0.43171982765464       -3.36470518604109       -2.61712010851877
H            0.39691048733076       -3.77687801701274       -3.62668543944434
C            0.85381835016600       -3.96575051568064       -1.46482100758409
H            1.23707295957284       -4.97805686160216       -1.33003994634728
C            0.66798077127280       -3.00451006413663       -0.39480698664750
C            0.85289102440361       -3.29858873947253        0.97024811661531
C            0.45338123648737       -2.42290531108062        1.99986069328324
C            0.38072868531069       -2.80273777688685        3.39825021075588
H            0.70772456587897       -3.76510579960223        3.79468268588618
C           -0.20283896631791       -1.76291735630608        4.06409432751545
H           -0.44662384690059       -1.68213505359244        5.12424347966094
C           -0.44799649701123       -0.72309408036744        3.08226949526215
C            1.38690006857383       -4.65351460419519        1.35362555847861
C            2.72790724053516       -4.81387231312201        1.77592185283730
C            3.23535048184915       -6.07432002908163        2.13966316598694
C            2.39718644307529       -7.19123298722402        2.07307643109651
H            2.79204111141809       -8.17885676204913        2.34555915718293
C            1.06687957998470       -7.07297445549539        1.66236818990002
C            0.56371992148513       -5.80488590242654        1.31484324857852
N           -0.76850501037319        1.53545137125823        1.12143889042519
N           -0.49178579241618        0.87002210183765       -1.62080284413031
C           -0.99762622402225        0.53907747885107        3.38950320858646
C           -1.08108479686210        1.59602135370079        2.45615298419196
C           -1.44445440852527        2.95430953768706        2.80733651782083
H           -1.75664399892258        3.27245660386899        3.80291590158593
C           -1.29906966714390        3.70896320467083        1.67640870262102
H           -1.47572914321225        4.77724853832986        1.54779410305204
C           -0.91133148080706        2.80445522701960        0.61405671281903
C           -0.79281397329744        3.17308075984828       -0.73971409044204
C           -0.67879981512211        2.22206952079309       -1.77144388059044
C           -0.88425300083538        2.53171820110082       -3.17244998930183
H           -1.05484286591246        3.53444115013954       -3.56591907691476
C           -0.87302532390620        1.34461358208200       -3.84778994927026
H           -1.02862811510938        1.16527563995861       -4.91244685992969
C           -0.59415149456530        0.30955456883696       -2.87056709739217
C           -0.85902219311349        4.62597383749478       -1.12480315088059
C            0.32958053911793        5.31048967643981       -1.47895881798991
C            0.30017187091480        6.65334115082282       -1.89719639501532
C           -0.92379060801619        7.32835736924350       -1.93439809081683
H           -0.95065301137737        8.37915816996040       -2.25151156046957
C           -2.11473042020404        6.68846226487578       -1.57838272384522
C           -2.08118663829147        5.33566519082408       -1.19073790341955
Fe          -0.18018994208910       -0.11297502088271        0.11024343714569
Cl          -2.41107368028452       -0.72730457387681        0.09154452616971
C           -1.57666020677222        0.75374422478632        4.76654917400607
C           -0.80388881888638        1.28849340489729        5.83169173809216
C           -2.93725187724499        0.40627132558429        4.99707267632705
C           -1.37835548330799        1.47820955115175        7.10457264503926
N            0.54600751600984        1.63106885691469        5.55985063767710
C           -3.50771271925139        0.62092765759719        6.27023309121695
N           -3.67044653486162       -0.17665119223090        3.93641941026522
H           -0.76206090806352        1.87749179540494        7.91459666169092
C           -2.72275699193348        1.14742729186994        7.29946555374944
C            1.52720785686302        2.03437152508460        6.43760683509464
H            0.81485105326430        1.52956703160528        4.57962764987561
H           -4.56004843095803        0.36920671247665        6.42420094286970
C           -5.00289275837766       -0.54034377147740        3.91891869939434
H           -3.14403465504015       -0.35399720399065        3.07569034209682
H           -3.17264391734673        1.30349159086853        8.28845119925896
O            1.38584983728746        2.14232317224250        7.65065676646458
C            2.85417341446065        2.34845788650751        5.77914191325025
O           -5.79819646776419       -0.30080226950939        4.82227101734829
C           -5.42367198750780       -1.28821576665564        2.67661453083439
C            4.11092897112889        1.95327429341157        6.51195784576325
H            2.90594766916595        2.35036097235262        4.68507548842148
C            3.70320539523039        3.40670356793282        6.49371703353397
C           -6.77602086675382       -0.97827160172434        2.08452278841048
H           -4.64475648236093       -1.60572881400761        1.97382474485394
C           -6.60360388931777       -2.24720986825613        2.88512178111677
H            3.99013858019097        1.43081520803781        7.46400074299750
H            4.97033860169182        1.66826730817863        5.90208375251954
H            3.27390719417825        3.80927975192085        7.41448358959464
C            4.48622343614381        4.36782904029971        5.65701568258710
H           -7.35941045195899       -0.18924115990221        2.56745003853495
H           -6.86595045496094       -1.06449731969520        0.99814876525042
H           -7.02145108675106       -2.25007877624158        3.89666277431063
C           -6.59353782090339       -3.56672504461968        2.18909073663904
O            4.59141454488168        5.56166923149567        6.26479257816920
O            4.98031685659689        4.10552461141835        4.57701817070289
O           -7.20975894171906       -4.50783519516324        2.93795457815186
O           -6.11281006741264       -3.78494959294595        1.09524367476887
C            5.34027819504044        6.62279874310138        5.60055792519836
C           -7.31069562482254       -5.85588066163680        2.39899039424959
C            4.36428246329947        7.50914938459053        4.81449506118124
C            6.10755866157904        7.37218281696154        6.68869140536389
H            6.03554550152778        6.13087882945865        4.89711804658691
C           -7.31078289311571       -6.80773946172898        3.59622884065918
C           -8.56844128931642       -5.96076981854716        1.52917144067268
H           -6.41549862839688       -6.02127437450865        1.76979840913859
H            3.84646968224857        6.91889292842257        4.04073792845065
H            3.61639843708224        7.94739629413842        5.48858639299761
H            4.91204331476261        8.32573806068727        4.32424119173460
H            6.77897594514972        6.69352238210320        7.23024596298444
H            6.71622379335621        8.17303965853409        6.24794436444915
H            5.42001827153598        7.82214935543672        7.41620723439746
H           -6.39496190291653       -6.68086589506893        4.18798264196485
H           -8.17795374815189       -6.61745095110230        4.24640740536133
H           -7.36726532493167       -7.85045795909736        3.25478756655264
H           -8.50972600814840       -5.25655709731292        0.68810568923283
H           -8.67024633739568       -6.97794411317937        1.12596157579527
H           -9.46991189385360       -5.73827648897428        2.12021730877851
C           -0.63381425711196       -1.51056762724236       -4.61493699638883
C            0.32788370624298       -1.30724869884613       -5.64149896880334
C           -1.84165984241929       -2.19668093814064       -4.91942399790980
C            0.11730160949267       -1.83752506945354       -6.92979484504215
N            1.47614378483135       -0.53973251607627       -5.31989773371252
C           -2.04059196531668       -2.73136515874371       -6.21004831877634
N           -2.82828419783943       -2.27481880856477       -3.90903741818807
H            0.87393861679972       -1.67524474942192       -7.70274086034377
C           -1.05793453996772       -2.55125282994223       -7.18807894881385
C            2.42319396778982       -0.00343410213457       -6.16518569119114
H            1.49551969616379       -0.21229570057749       -4.35263752210860
H           -2.96461136021290       -3.27761124089200       -6.41774113877036
C           -4.06228461749829       -2.89220323433899       -3.95637639348669
H           -2.61155127110938       -1.76577886400356       -3.04788003145949
H           -1.21792012488278       -2.97118239031513       -8.18965547599857
O            2.52847962526000       -0.25928780849697       -7.35874314547798
C            3.33148124622553        1.00342447619148       -5.49168524074869
O           -4.44634797921489       -3.60641132152132       -4.87705965065215
C           -4.93774935446369       -2.59600692127763       -2.76311238108254
C            3.65678834398154        2.25149911426609       -6.27482013123073
H            3.26992859352977        1.11136715840335       -4.40342985588466
C            4.72232338940711        1.19521247034384       -6.09638659807157
C           -5.84676949200687       -3.68392593201305       -2.25184000684412
H           -4.57277679699519       -1.87815674448805       -2.01913987064723
C           -6.44357516085575       -2.56192420205703       -3.06640825290719
H            3.22217556168913        2.33527148654989       -7.27441234122034
H            3.77151579433821        3.18036745636843       -5.71115640497482
H            4.96131917079887        0.57467808935367       -6.96399835893916
C            5.84902523029944        1.49353180294750       -5.15800815658446
H           -5.78813801369420       -4.65216844466072       -2.75591892014345
H           -6.02912820231780       -3.69571421167008       -1.17395968103656
H           -6.71260033705727       -2.79269128328196       -4.10176171655099
C           -7.27928830405289       -1.51802799770556       -2.40284164824345
O            7.01404009302308        1.02746300138971       -5.63771805987425
O            5.73119623953347        2.09438336385558       -4.10592586838785
O           -8.27184586801094       -1.10529621072488       -3.22026087833069
O           -7.11261600303536       -1.09198910253610       -1.27765204203748
C            8.22848381895589        1.25309394648517       -4.86270017583375
C           -9.18942407017452       -0.08939590246792       -2.72476414681704
C            9.12854895468148        0.03753567395335       -5.09061951091741
C            8.85868165133283        2.57931013957286       -5.29714319859133
H            7.92431763480036        1.32008731966493       -3.80056036740580
C           -8.61178967893639        1.30356368107520       -3.00634727555007
C          -10.53450319000932       -0.34588839048691       -3.40336239233551
H           -9.26888171970305       -0.23355404181569       -1.63190829546711
H            8.61453060098242       -0.88179767561527       -4.78059374741115
H            9.40079764636559       -0.05236373611179       -6.15323713405193
H           10.05667461377688        0.13897977207288       -4.51199865212626
H            8.16845398944178        3.41191042706811       -5.11022868525383
H            9.78386001264083        2.76589417756371       -4.73475415661174
H            9.11168019770331        2.55748457018241       -6.36839116419829
H           -7.64859115434087        1.43084941355058       -2.48611392226090
H           -8.45764868133592        1.44584611815020       -4.08492068474501
H           -9.30468751942444        2.07891603833646       -2.65112371604178
H          -10.89553706007472       -1.36017892406402       -3.18209894335211
H          -11.28709069674102        0.37091007142764       -3.04842568736989
H          -10.45031208531456       -0.24175169444852       -4.49308005964448
H            4.27692028832863       -6.17467506312547        2.46659356698121
H            0.41815321006984       -7.95474638725893        1.60666267457154
H            1.22591480074174        7.15741922798547       -2.19763561423403
H           -3.06892280025635        7.22790982813623       -1.60362870339758
O            3.48506636044706       -3.66310242478842        1.81008033407964
O           -0.72330116096548       -5.60155919152842        0.87546194712755
O            1.47494871464895        4.54573202525300       -1.45709816801087
O           -3.20008406999240        4.63636419972005       -0.80172708141709
C            4.82054814226373       -3.71643033764530        2.20905541378252
C            5.82162889326229       -4.00162604191540        1.27042313051960
C            5.15041901965216       -3.40427912046432        3.53453942937090
C            7.16400126394140       -3.98089423934777        1.67011588533046
H            5.53917384197118       -4.23140479346192        0.23815737012124
C            6.49665647236665       -3.38505583391219        3.92234640623671
H            4.34586761112583       -3.17560094910213        4.24126738581261
C            7.50510041092641       -3.67519939613183        2.99406180132100
H            7.95066673282393       -4.20224400958613        0.93984546603496
H            6.76074004915924       -3.14117970100421        4.95742358212593
H            8.55924613738375       -3.65961109807355        3.30210868183102
C           -1.70512703121416       -6.57374060203000        1.03718902463055
C           -2.08993783044724       -7.02150389694466        2.30921499585348
C           -2.36212924105795       -7.03738434818752       -0.11088887303965
C           -3.12574585640745       -7.95668278704834        2.42377313042184
H           -1.57894427579000       -6.63138437929027        3.19592304173247
C           -3.40237381406629       -7.96602282105404        0.01819898786590
H           -2.05045543883339       -6.65402370615571       -1.08784474777886
C           -3.78294924482061       -8.43368141139491        1.28235358112905
H           -3.42654257227939       -8.31200632741427        3.41555673601786
H           -3.91813150936529       -8.32860679382522       -0.87755916167835
H           -4.59348508839453       -9.16799685208798        1.37920853024105
C            2.75096640901431        5.07913333883775       -1.34667533415528
C            3.07098714156410        6.13250052570883       -0.47508529792864
C            3.76032480554782        4.44208419055125       -2.08643695178901
C            4.40190653297409        6.55660138253718       -0.36848949538347
H            2.28369057079290        6.61162620930591        0.11713730692221
C            5.08659101320174        4.86767353486129       -1.96297181282013
H            3.49793030972235        3.60845594736510       -2.74556993334312
C            5.41311217182766        5.93124284039541       -1.10989174753878
H            4.65092773591932        7.38300698655137        0.30923518511211
H            5.85810759486646        4.34971905552500       -2.54360423566394
H            6.45272188983231        6.27162299482147       -1.01730367123337
C           -4.47975262796322        5.04958968169936       -1.15389937522498
C           -4.84495813347636        5.27073640461916       -2.48977530572021
C           -5.43176604971638        5.15370298373492       -0.12949776368733
C           -6.16763513932314        5.61702018350853       -2.79209131073705
H           -4.09508221047796        5.16378678985889       -3.28065282973147
C           -6.75273273381449        5.49323287796762       -0.44665483410078
H           -5.12001228260462        4.95751755803074        0.90122478136753
C           -7.12439395348197        5.73215086050495       -1.77559976642369
H           -6.45591756578191        5.79027466203105       -3.83461351145026
H           -7.49788597310280        5.57338725702699        0.35214588469661
H           -8.16013579027854        6.00255050575599       -2.02024485801948
N            1.34909793451773        0.44116622878049        0.25080410703477
C            2.37351871785587        1.21301186972702        0.43441048320810
C            2.39402580476065        2.11861259715974        1.53825351257142
C            3.44484010336744        2.97774906322456        1.72047748233129
C            4.52902603705474        2.96937940038394        0.85041867096319
C            4.54729767202195        2.07279406566006       -0.20701387191135
C            3.50833800431711        1.19780154369883       -0.43298654572487
C            3.57707801594148        0.17595374432847       -1.52186702474568
C            4.11910741355820       -1.16356378140576       -0.97340030354817
C            5.47707550493377       -0.98741752012666       -0.36374513892897
C            5.61116688520200       -0.69438463139283        0.98847338552432
C            6.85806865569187       -0.52646630140219        1.56066173713818
C            7.99357230118116       -0.65795314951043        0.77315467540448
C            9.35383348156421       -0.48732234811854        1.37476262753140
F            9.40370041633539       -0.76586279460766        2.68920538011254
F           10.28676993322153       -1.26936569669099        0.79703793598355
F            9.82429493649131        0.77922575505822        1.25658870128702
C            7.87892611225578       -0.92288920120886       -0.58421349277377
C            6.62455464434791       -1.08242268921838       -1.14307916526672
H            1.54164717728547        2.11573675250614        2.19852307734055
H            3.44336614087323        3.66236489732666        2.55575426278395
H            5.34712267741307        3.65253807836380        1.00267436232702
H            5.38804358998659        2.05820575949950       -0.88367765300563
H            4.24056207450354        0.53316808275304       -2.31171490502822
H            2.57494839994808       -0.00131666217171       -1.91926283829467
H            4.17252027183391       -1.87738274162490       -1.79665438119341
H            3.41869680912153       -1.54119700576783       -0.22526453367656
H            4.72862810881491       -0.60394359807158        1.60227917912587
H            6.95557474619095       -0.30677117314230        2.61290091606966
H            8.76825465341312       -1.02061155416232       -1.18924313271528
H            6.53912369512793       -1.29021213112335       -2.19730339365386
245
 energy: -410.916821535098 gnorm: 0.004986308057 xtb: 6.7.1 (edcfbbe)
N            0.19359784977143       -1.82248955437843       -0.91328130437406
N           -0.03598209907571       -1.15019192522714        1.84636189033898
C           -0.38889751074054       -1.04580369456656       -3.19920460692197
C            0.03745120506836       -2.01346767574630       -2.26248127383938
C            0.43430565990551       -3.36354440945940       -2.61590897623047
H            0.39974280923576       -3.77567153600847       -3.62550281229330
C            0.85627157560911       -3.96454682208655       -1.46357840253046
H            1.23963148374014       -4.97681765864353       -1.32873502165767
C            0.67001595171738       -3.00337755530185       -0.39353318099290
C            0.85470916586169       -3.29751717724865        0.97154500535548
C            0.45484892724610       -2.42195249864996        2.00111499765230
C            0.38198627593410       -2.80185045024619        3.39947266536866
H            0.70904992641536       -3.76418540239934        3.79593209084760
C           -0.20188701177880       -1.76215342888517        4.06525288624169
H           -0.44590088130377       -1.68145701349763        5.12535495227167
C           -0.44702411223663       -0.72233340242210        3.08342031681778
C            1.38886279634195       -4.65237827948209        1.35497101035249
C            2.72981488676179       -4.81253052221851        1.77752883348702
C            3.23737483973724       -6.07292374757725        2.14132213134005
C            2.39940395462257       -7.18996603858865        2.07451592053476
H            2.79435859474485       -8.17753957113835        2.34703507109017
C            1.06915946061255       -7.07190147737748        1.66354136426915
C            0.56586942064839       -5.80387526569449        1.31597181616461
N           -0.76734718612068        1.53622961973579        1.12262764433224
N           -0.49009699834646        0.87101063822601       -1.61958334041263
C           -0.99690013279426        0.53976555589433        3.39059255271087
C           -1.08029798821073        1.59670635527291        2.45727371100108
C           -1.44400167090659        2.95493859352150        2.80844675853372
H           -1.75644361287052        3.27298472206764        3.80398264797949
C           -1.29850628798809        3.70966448318808        1.67760106218502
H           -1.47531055446414        4.77792486568794        1.54898093071088
C           -0.91038750228014        2.80523869913315        0.61526315527157
C           -0.79167293209562        3.17397094057720       -0.73844256815908
C           -0.67729739557943        2.22300677403260       -1.77020210015865
C           -0.88251720406774        2.53270227314089       -3.17124017689634
H           -1.05318835191423        3.53541502719891       -3.56469735702313
C           -0.87096497678751        1.34562613882220       -3.84663251832134
H           -1.02632208232292        1.16631252205959       -4.91132880853873
C           -0.59212335332631        0.31056992749183       -2.86939095392979
C           -0.85803786182813        4.62687115040926       -1.12349472084998
C            0.33052831188434        5.31158891343803       -1.47737902509330
C            0.30099177632953        6.65445502855355       -1.89556175412468
C           -0.92307049093153        7.32927892817998       -1.93297870087720
H           -0.95003409150284        8.38008997603940       -2.25005037082574
C           -2.11398060863312        6.68917845454170       -1.57723342834036
C           -2.08029856763324        5.33636787880283       -1.18964468840203
Fe          -0.17898837184670       -0.11217073709770        0.11154859944408
Cl          -2.40948760082837       -0.72670991121885        0.09229129095353
C           -1.57625509899805        0.75425879792734        4.76754030412288
C           -0.80379297025106        1.28908054596976        5.83286384747401
C           -2.93682383961180        0.40656599300486        4.99778088583216
C           -1.37853068996624        1.47864945227630        7.10563434670130
N            0.54613929023328        1.63188030934121        5.56130954225683
C           -3.50759046416598        0.62106653747683        6.27082292850812
N           -3.66974391446792       -0.17644083160947        3.93692625485905
H           -0.76246540610124        1.87799229574606        7.91580225251783
C           -2.72292497797447        1.14764583212066        7.30024173937257
C            1.52705765807617        2.03530269832326        6.43928116934594
H            0.81516047252330        1.53047381012435        4.58113415195998
H           -4.55991767881292        0.36917429964164        6.42456748121475
C           -5.00209160156873       -0.54032188121547        3.91917237361552
H           -3.14310350722644       -0.35365436830416        3.07631650051683
H           -3.17303601717617        1.30359459435368        8.28914163146020
O            1.38546701262362        2.14317628724158        7.65230391926201
C            2.85414161881458        2.34965158001663        5.78107103692210
O           -5.79763816704389       -0.30096126063506        4.82235551384179
C           -5.42252448197909       -1.28822800025942        2.67672219431988
C            4.11080010609822        1.95461700699767        6.51414581978074
H            2.90613016898883        2.35163737010737        4.68699079681476
C            3.70284167602455        3.40796260036965        6.49589859411687
C           -6.77479594841091       -0.97846178718101        2.08437864939216
H           -4.64340907842199       -1.60557673498544        1.97408604288391
C           -6.60233722331057       -2.24739818239119        2.88495876579552
H            3.98989093155646        1.43208885959423        7.46614671693699
H            4.97037848902651        1.66977682926040        5.90442883750278
H            3.27329205800196        3.81044531764129        7.41659247858592
C            4.48586854752719        4.36930907587280        5.65939449618672
H           -7.35840809317328       -0.18954303995886        2.56722377801803
H           -6.86449204420542       -1.06465336544289        0.99798122082748
H           -7.02039048253794       -2.25038994053937        3.89641416370665
C           -6.59192528319979       -3.56691076961257        2.18887465614028
O            4.59077943509782        5.56307481292969        6.26723408976137
O            4.98021928362266        4.10709563210683        4.57946650728545
O           -7.20814495941981       -4.50813309131346        2.93755088084919
O           -6.11093753492269       -3.78498933840915        1.09510546015722
C            5.33959364167633        6.62435175037622        5.60323144622567
C           -7.30875882475322       -5.85616204620069        2.39852588964842
C            4.36359232272129        7.51061997384696        4.81698768344526
C            6.10652581305691        7.37382646232093        6.69154570268777
H            6.03507548952648        6.13259940516435        4.89988800286629
C           -7.30893610473053       -6.80808475427544        3.59572162428058
C           -8.56631629546528       -5.96122065396935        1.52843290777267
H           -6.41340856323824       -6.02139653346527        1.76949932313271
H            3.84604140959171        6.92029978507842        4.04311436300655
H            3.61551701641116        7.94870072607302        5.49095782868473
H            4.91134074155503        8.32729970163221        4.32689159724936
H            6.77794364465388        6.69524473966260        7.23320385767884
H            6.71515430599618        8.17479990483900        6.25095299737509
H            5.41876444520606        7.82365320302088        7.41893798272676
H           -6.39325650427986       -6.68109153485854        4.18766136004864
H           -8.17627210645842       -6.61795894980086        4.24572827404055
H           -7.36518606251200       -7.85079559012976        3.25421263036385
H           -8.50753827724491       -5.25696116215482        0.68741697959023
H           -8.66787287754244       -6.97839355713182        1.12516183596864
H           -9.46793912104986       -5.73889396484407        2.11931422775035
C           -0.63114477891638       -1.50948117781614       -4.61386018610244
C            0.33071864670622       -1.30597198950035       -5.64021678610857
C           -1.83880763585541       -2.19577084767867       -4.91862953716202
C            0.12049688764742       -1.83621360097156       -6.92857772518279
N            1.47881991623966       -0.53826725933449       -5.31834834834971
C           -2.03740685196585       -2.73043095801155       -6.20930738247272
N           -2.82565861683738       -2.27411703227335       -3.90842386584169
H            0.87726372065784       -1.67377876943153       -7.70136335842353
C           -1.05457582147799       -2.55011916169891       -7.18713437304106
C            2.42592816665278       -0.00181004174802       -6.16342109158423
H            1.49792693680361       -0.21088172406550       -4.35107161588139
H           -2.96129585550430       -3.27681506952579       -6.41721501575718
C           -4.05950625836640       -2.89169092338335       -3.95607285390106
H           -2.60915570840136       -1.76507572903288       -3.04721696056661
H           -1.21429145123966       -2.97002817271833       -8.18876105991638
O            2.53150933475211       -0.25757199078621       -7.35696540506445
C            3.33394219298151        1.00519006673794       -5.48967350856340
O           -4.44329707951205       -3.60592112996518       -4.87684866463777
C           -4.93529718963687       -2.59568335213845       -2.76294687501660
C            3.65919763263137        2.25334192429964       -6.27270113762272
H            3.27214049517895        1.11307729493551       -4.40143866129851
C            4.72485115775307        1.19721811030351       -6.09410383383209
C           -5.84423550827991       -3.68377466978267       -2.25191660614543
H           -4.57057672414051       -1.87781213239920       -2.01887750875240
C           -6.44104264624807       -2.56183807738037       -3.06655973462776
H            3.22477240191635        2.33709021743954       -7.27237879719677
H            3.77366309353449        3.18220430567534       -5.70897201374056
H            4.96413707247310        0.57675812201237       -6.96168744029996
C            5.85134825388908        1.49567636418017       -5.15547411169303
H           -5.78534546242992       -4.65198642223164       -2.75602847053924
H           -6.02681212588639       -3.69563985890288       -1.17407280756380
H           -6.70983169131993       -2.79259196735879       -4.10197712219797
C           -7.27708241106042       -1.51808107405056       -2.40311989873758
O            7.01651446014031        1.02983370118467       -5.63496424483283
O            5.73319071553225        2.09646016369539       -4.10338492472007
O           -8.26952428579177       -1.10548110757779       -3.22070073945852
O           -7.11068890103575       -1.09208259752753       -1.27786578562400
C            8.23075614371184        1.25560189315804       -4.85970432189339
C           -9.18736058343568       -0.08977030695624       -2.72536342820387
C            9.13107488245385        0.04019374125719       -5.08748896114217
C            8.86083995407433        2.58194685543528       -5.29395275253964
H            7.92637815602912        1.32249375912289       -3.79759952419518
C           -8.60989015943094        1.30332349376245       -3.00676579315470
C          -10.53226439276958       -0.34642879333902       -3.40424684862612
H           -9.26702169128073       -0.23396799193741       -1.63252484295112
H            8.61715934951231       -0.87921852636094       -4.77759767851357
H            9.40354623923897       -0.04960767065793       -6.15005841342170
H           10.05906291908265        0.14176380123258       -4.50866731434539
H            8.17044192948446        3.41442319583482       -5.10714017656995
H            9.78587585948098        2.76864118002445       -4.73136416594587
H            9.11405853649575        2.56019827826904       -6.36515211833738
H           -7.64682165965828        1.43072779755413       -2.48632618152855
H           -8.45555506130721        1.44566718887032       -4.08529982785973
H           -9.30298655246417        2.07853809745963       -2.65164268348356
H          -10.89318166853913       -1.36078766903186       -3.18309882466190
H          -11.28503693977541        0.37023719768168       -3.04942537883043
H          -10.44786693706856       -0.24222820674579       -4.49394176230373
H            4.27889569329026       -6.17312457225129        2.46846174190286
H            0.42058423759331       -7.95377457567325        1.60766479201179
H            1.22671742631521        7.15869365565647       -2.19578880396205
H           -3.06825412826505        7.22847503875052       -1.60264836012960
O            3.48677040774793       -3.66165212208505        1.81192018657682
O           -0.72109291852593       -5.60073620705183        0.87633685082891
O            1.47601564253315        4.54700670270721       -1.45532109391391
O           -3.19916374534270        4.63687080649741       -0.80088811207237
C            4.82218603070657       -3.71477715808727        2.21113009747073
C            5.82349994431608       -3.99973321463117        1.27270090221416
C            5.15174205282364       -3.40264942761884        3.53670386650586
C            7.16579580826110       -3.97875839524777        1.67265039098372
H            5.54130148235402       -4.22954519615842        0.24036272487489
C            6.49788998782876       -3.38325498397159        3.92480653311982
H            4.34699761811886       -3.17415310403416        4.24328284246387
C            7.50656975912171       -3.67315038578932        2.99664946078035
H            7.95264232822030       -4.20002626811836        0.94253981866756
H            6.76173260991594       -3.13931377177377        4.95992681998205
H            8.56064976243586       -3.65758524293688        3.30483649061858
C           -1.70280090367289       -6.57308148453786        1.03782805526413
C           -2.08779420508892       -7.02096052545231        2.30975153598958
C           -2.35949443392335       -7.03677752242323       -0.11041186203844
C           -3.12348140141590       -7.95630969117321        2.42406075893175
H           -1.57704522333179       -6.63079955465689        3.19658404552056
C           -3.39961717770926       -7.96558621068371        0.01842306599475
H           -2.04768361668342       -6.65332303424131       -1.08728622632937
C           -3.78037563937179       -8.43336160743858        1.28248588553595
H           -3.42442245804681       -8.31172328329668        3.41576843221020
H           -3.91513789131984       -8.32821147176895       -0.87745490668653
H           -4.59081852353343       -9.16780882517052        1.37914078889935
C            2.75191723725752        5.08062927162864       -1.34462177666008
C            3.07159947329410        6.13397838907495       -0.47287538457554
C            3.76150769264379        4.44379322110314       -2.08424551050648
C            4.40243795213578        6.55828136364428       -0.36600569903271
H            2.28410997508182        6.61295853276725        0.11919993153032
C            5.08768813496562        4.86958942866580       -1.96050499040446
H            3.49939212996656        3.61013326247354       -2.74344050817332
C            5.41387553745731        5.93315991979116       -1.10728665445044
H            4.65118885096512        7.38471149248583        0.31179441619566
H            5.85942702347616        4.35174571782538       -2.54094279030807
H            6.45342816416820        6.27367458976112       -1.01442438411810
C           -4.47882912846598        5.04991069866823       -1.15331092898605
C           -4.84379387637791        5.27105939539046       -2.48924592913135
C           -5.43106535721783        5.15382666914354       -0.12908898332838
C           -6.16646765992588        5.61714673294017       -2.79181846059551
H           -4.09374195936852        5.16426342146045       -3.27997992237138
C           -6.75202016606833        5.49316138464196       -0.44649849913129
H           -5.11948790277471        4.95764432774339        0.90168756638319
C           -7.12344923979678        5.73207968336094       -1.77551555306834
H           -6.45456353695493        5.79040108366018       -3.83439238163547
H           -7.49734867832156        5.57316074090700        0.35215311940561
H           -8.15918530551403        6.00232562421401       -2.02035695687291
N            1.35157698217318        0.43765768651840        0.25154274365642
C            2.37712099774926        1.21015541754463        0.42750284636455
C            2.40495669514942        2.11744992701707        1.52982815477012
C            3.45778642464955        2.97549097658056        1.70268753803047
C            4.53478802860632        2.96452526142785        0.82421969013748
C            4.54637281565928        2.06497567091694       -0.23094687166627
C            3.50443079309078        1.19031951098505       -0.44815868674626
C            3.56824537483810        0.15960525251849       -1.53070346031741
C            4.09405348195430       -1.17757073725569       -0.96552581274402
C            5.45358330480257       -1.00231531237436       -0.35792270054250
C            5.59264139388369       -0.70056597848307        0.99381363122902
C            6.84174771595992       -0.52941528179124        1.56028206075588
C            7.97419047257989       -0.66072391601148        0.76817058236843
C            9.33647359074176       -0.47864088073333        1.36109957230040
F            9.39763163290060       -0.75392467701159        2.67348846521069
F           10.27254725583124       -1.25423395504810        0.77868923970781
F            9.79593004093769        0.78792137077997        1.23511254337522
C            7.85439930556195       -0.93580585164940       -0.59046293756202
C            6.59793618197286       -1.10056232064734       -1.14301171133698
H            1.55731506004286        2.11574318290941        2.19556149221106
H            3.46378843784483        3.66028160099872        2.53748597681617
H            5.35350481349841        3.64790193164976        0.96731041924820
H            5.38248496639892        2.04852922060697       -0.91313307021148
H            4.24176954420638        0.50657359440987       -2.31798922724441
H            2.56700773837369       -0.01016837317866       -1.93635453308839
H            4.14149587914025       -1.90453869619740       -1.77807215891590
H            3.39000680454748       -1.53940178639287       -0.21240633176230
H            4.71289643858177       -0.61038791449974        1.61070165967109
H            6.94347705551486       -0.30870071685050        2.61007792859511
H            8.74080892163598       -1.02908124391757       -1.19894239658954
H            6.50705274762937       -1.31430259193394       -2.19827439499201
245
 energy: -410.916977876838 gnorm: 0.006026925596 xtb: 6.7.1 (edcfbbe)
N            0.19598439107230       -1.82048271153708       -0.91219198185878
N           -0.03438586825449       -1.14817482983038        1.84751197159597
C           -0.38627755765600       -1.04390459384068       -3.19817075397623
C            0.04020048672748       -2.01139526783138       -2.26135078923976
C            0.43762213934724       -3.36137835769452       -2.61470944402337
H            0.40337313832082       -3.77349165728734       -3.62430852586849
C            0.85955769908239       -3.96218803286755       -1.46234337076122
H            1.24321608331691       -4.97433960822620       -1.32738345311194
C            0.67271993702467       -3.00106519578092       -0.39229110728401
C            0.85726347189209       -3.29517792234908        0.97280388890385
C            0.45689783849841       -2.41974564137860        2.00230809992549
C            0.38390831254566       -2.79966136745126        3.40064648819378
H            0.71121136559604       -3.76187684022121        3.79717744166069
C           -0.20045058626971       -1.76016394268072        4.06631608283928
H           -0.44469761296123       -1.67955323738064        5.12635856092272
C           -0.44576107961883       -0.72044741184987        3.08443074542462
C            1.39181542398650       -4.64986783653169        1.35635206035722
C            2.73273596901222       -4.80955212433663        1.77916833869120
C            3.24063482516177       -6.06977987701491        2.14306638971633
C            2.40306712822762       -7.18710055006135        2.07610245620969
H            2.79829898882826       -8.17453430989884        2.34870008391863
C            1.07286908521188       -7.06948283342708        1.66486882899916
C            0.56921302071248       -5.80163408505835        1.31719694140972
N           -0.76626556252439        1.53799615484239        1.12357395794794
N           -0.48845079938248        0.87291716608358       -1.61859771093499
C           -0.99611773252422        0.54151209523759        3.39147840858154
C           -1.07963155926498        1.59838000798451        2.45814199380035
C           -1.44392931008204        2.95652026390663        2.80924158251948
H           -1.75666651984478        3.27444523244140        3.80471413287939
C           -1.29846366787965        3.71127843758912        1.67846078805015
H           -1.47560071776302        4.77946486684265        1.54977677295493
C           -0.90979863342310        2.80694596000946        0.61616751172507
C           -0.79096768152450        3.17575206712507       -0.73748655820496
C           -0.67607269122213        2.22481186138227       -1.76924349164508
C           -0.88111980656354        2.53444581250780       -3.17032059723443
H           -1.05205019168021        3.53708738848937       -3.56381027145162
C           -0.86903238199490        1.34737264128884       -3.84570662075769
H           -1.02411590541998        1.16800883610552       -4.91042229571314
C           -0.59003139559309        0.31242346067797       -2.86840190403740
C           -0.85775654543199        4.62863586937243       -1.12258062606567
C            0.33064355183233        5.31375127793052       -1.47623051379451
C            0.30072919530266        6.65660122110385       -1.89441657065069
C           -0.92354407830848        7.33101074463053       -1.93207665896866
H           -0.95079926907978        8.38180541633225       -2.24915355056752
C           -2.11429621420524        6.69050594471243       -1.57656800224342
C           -2.08023438938363        5.33771055553386       -1.18897226446984
Fe          -0.17766269548755       -0.11028045947289        0.11269430601382
Cl          -2.40760130022407       -0.72546284799546        0.09291621219981
C           -1.57582250036237        0.75578332816757        4.76833214947057
C           -0.80376732846074        1.29086656284269        5.83380376319542
C           -2.93628643473416        0.40764362439913        4.99832069077312
C           -1.37879356592321        1.48024474132816        7.10644810808917
N            0.54616769020349        1.63412203358557        5.56251514474585
C           -3.50739198062899        0.62193907642405        6.27122516670673
N           -3.66886780816173       -0.17564191254028        3.93727785656129
H           -0.76303713427660        1.87979744226234        7.91674073209738
C           -2.72311709301605        1.14878890113913        7.30080326442242
C            1.52669257396434        2.03787895086298        6.44067927914768
H            0.81535377467850        1.53281101565105        4.58239640175999
H           -4.55965814008178        0.36969669845072        6.42477384618302
C           -5.00101191213856       -0.53993582364788        3.91932145796210
H           -3.14195253868686       -0.35265734062638        3.07681571815237
H           -3.17346821174854        1.30458668669190        8.28960556744066
O            1.38488871804160        2.14571237448754        7.65365419709058
C            2.85387046381132        2.35269777541899        5.78270274007811
O           -5.79685348258793       -0.30087461162716        4.82230398378071
C           -5.42099569086953       -1.28802557927004        2.67674353875916
C            4.11049727273628        1.95807602010324        6.51604217176497
H            2.90604670268541        2.35469601220698        4.68863871810149
C            3.70204049018876        3.41125277460568        6.49771922535564
C           -6.77324116580715       -0.97870454431756        2.08415230456984
H           -4.64162891985214       -1.60508887395350        1.97428923570268
C           -6.60050638837494       -2.24756376081398        2.88476933480403
H            3.98958129393375        1.43551054307847        7.46801010285758
H            4.97027973867800        1.67352064380395        5.90651007821702
H            3.27219054070907        3.81362341905711        7.41830905470056
C            4.48488892398943        4.37296352871035        5.66137245950076
H           -7.35721520197049       -0.18999181547802        2.56686648646739
H           -6.86269862176376       -1.06492372110201        0.99775244040284
H           -7.01876302491554       -2.25071890650863        3.89612697900801
C           -6.58952259183093       -3.56711975854462        2.18870293502228
O            4.58934828491938        5.56664762679861        6.26918534106683
O            4.97954620987591        4.11084414567306        4.58153414459793
O           -7.20556273038259       -4.50851717618204        2.93720630138822
O           -6.10824338682018       -3.78499984013157        1.09502800839954
C            5.33788872678121        6.62819448017127        5.60538338272206
C           -7.30561490324875       -5.85657211117620        2.39821253910778
C            4.36170636171797        7.51418590739785        4.81891216279957
C            6.10434304480298        7.37796478420781        6.69383309961836
H            6.03365874268055        6.13672024988058        4.90215514937187
C           -7.30570181141384       -6.80851231032522        3.59541360370286
C           -8.56297607818302       -5.96207548097470        1.52784970611105
H           -6.41009168618413       -6.02151691889777        1.76935811558435
H            3.84452753751025        6.92366202418846        4.04498264714504
H            3.61339290758741        7.95198079995871        5.49274307826133
H            4.90930074421952        8.33100859757856        4.32895410477894
H            6.77587373922365        6.69962281686986        7.23561352544877
H            6.71278046264785        8.17912762541352        6.25336561932599
H            5.41630214726313        7.82755097861796        7.42107089896416
H           -6.39019704182207       -6.68120063460568        4.18750773384316
H           -8.17322446631690       -6.61868197215803        4.24522613915468
H           -7.36154186155826       -7.85122129678828        3.25389218078901
H           -8.50425861945813       -5.25780188884780        0.68687268675590
H           -8.66410295001592       -6.97926861421564        1.12458718867411
H           -9.46477106565069       -5.74006070405183        2.11855567655695
C           -0.62809613552806       -1.50766051305483       -4.61288897445604
C            0.33387974685638       -1.30383819958573       -5.63905371505494
C           -1.83543938758226       -2.19435293222592       -4.91790532823031
C            0.12411038107240       -1.83413547375068       -6.92744345957599
N            1.48170624402089       -0.53570163946017       -5.31696586767453
C           -2.03362472482851       -2.72907947405707       -6.20859676047444
N           -2.82253144228619       -2.27304538686481       -3.90785246893840
H            0.88096461746845       -1.67145202782018       -7.70008437216089
C           -1.05066565374770       -2.54844402131100       -7.18623857729217
C            2.42874666977184        0.00101800700101       -6.16185030469452
H            1.50047776014865       -0.20834063933718       -4.34968976945846
H           -2.95727860043005       -3.27577601412549       -6.41669590899135
C           -4.05607324171935       -2.89102226313030       -3.95579859222933
H           -2.60631954069034       -1.76392105702392       -3.04664275069797
H           -1.21004016971746       -2.96840340082479       -8.18788734364426
O            2.53468222511494       -0.25467385041027       -7.35535506711593
C            3.33633445809353        1.00836685595447       -5.48790190867539
O           -4.43949364041017       -3.60538304567422       -4.87660386864812
C           -4.93226660153580       -2.59530713970244       -2.76279810666905
C            3.66130209631927        2.25661110653843       -6.27088809496391
H            3.27427019880265        1.11622593228038       -4.39969958852856
C            4.72725258639240        1.20085863360178       -6.09208968155155
C           -5.84091343134283       -3.68371011749739       -2.25196208157027
H           -4.56791165363658       -1.87732512949253       -2.01868671723198
C           -6.43792273488809       -2.56199004793684       -3.06672650894116
H            3.22704992713126        2.34022178071665       -7.27063897535613
H            3.77533782221867        3.18550362341249       -5.70714909103877
H            4.96694948310132        0.58048642560484       -6.95960247965490
C            5.85351690232280        1.49969695810717       -5.15321993682280
H           -5.78160377409026       -4.65189496989570       -2.75604670718058
H           -6.02369655227132       -3.69564077277327       -1.17416977270556
H           -6.70645527876412       -2.79281959703219       -4.10217945404693
C           -7.27448895783808       -1.51848107912666       -2.40346552315902
O            7.01890047953516        1.03430098597003       -5.63247673196284
O            5.73491924133875        2.10043251936084       -4.10117787220805
O           -8.26688642994984       -1.10623866866379       -3.22118557428121
O           -7.10843169078525       -1.09245687260943       -1.27817733623190
C            8.23290274646195        1.26042938246920       -4.85701175735541
C           -9.18515769252653       -0.09086821377771       -2.72607722011462
C            9.13370002573062        0.04531055739690       -5.08459799819117
C            8.86264249864798        2.58700588865434       -5.29111823235578
H            7.92831043778342        1.32720885407162       -3.79495057013627
C           -8.60810592851414        1.30247082105408       -3.00736901133417
C          -10.52985240712139       -0.34795657140499       -3.40522583282585
H           -9.26499210797782       -0.23505680780728       -1.63325734497069
H            8.62003698688370       -0.87423156522602       -4.77480382419960
H            9.40640849428497       -0.04437364911169       -6.14709802514160
H           10.06152444240803        0.14722186753800       -4.50560695615050
H            8.17192879976940        3.41921648631781       -5.10444272675315
H            9.78749102433143        2.77399350888049       -4.72836145634412
H            9.11607941748840        2.56532636412608       -6.36225123023757
H           -7.64519428586454        1.43017496965655       -2.48674090469249
H           -8.45361813842416        1.44484063140334       -4.08585015968029
H           -9.30153597308697        2.07741321416890       -2.65238828717211
H          -10.89046287989489       -1.36242111384354       -3.18414481178614
H          -11.28292525241437        0.36844164104097       -3.05055868312721
H          -10.44527698218403       -0.24372968655770       -4.49487888151156
H            4.28212306765868       -6.16962450364234        2.47041245510449
H            0.42460762064037       -7.95157476002693        1.60886786728113
H            1.22634089721336        7.16115239329124       -2.19445941312858
H           -3.06874380565251        7.22947832435417       -1.60217292555333
O            3.48927805628945       -3.65842786180123        1.81373834809196
O           -0.71772727258784       -5.59893554049712        0.87730303007649
O            1.47639325379953        4.54955073068905       -1.45394659338705
O           -3.19894384707697        4.63783718916164       -0.80042440116698
C            4.82465060881695       -3.71109877692703        2.21317081790213
C            5.82623142810977       -3.99574904927442        1.27496586007741
C            5.15385140255276       -3.39884715757681        3.53879891271176
C            7.16843441689385       -3.97436457256207        1.67517087530720
H            5.54433298838313       -4.22561856622918        0.24256920871723
C            6.49990545197172       -3.37900538257540        3.92717865321420
H            4.34888399785844       -3.17064919970136        4.24522373975266
C            7.50887053746196       -3.66855392575108        2.99919971762162
H            7.95550292416992       -4.19530106894397        0.94521843272747
H            6.76346902644599       -3.13494770228455        4.96233618145368
H            8.56286950297209       -3.65273116934177        3.30763884605778
C           -1.69915238405724       -6.57161531808444        1.03861719151493
C           -2.08423817692889       -7.01962097106819        2.31044360485569
C           -2.35546257554379       -7.03553506870324       -0.10975473026186
C           -3.11963107260631       -7.95531913536399        2.42455413874266
H           -1.57380026823288       -6.62928974179376        3.19737024148862
C           -3.39528362017260       -7.96469131739641        0.01887636440985
H           -2.04358842843610       -6.65197835212917       -1.08655607696844
C           -3.77613167252567       -8.43259162401589        1.28286661915102
H           -3.42064110265101       -8.31083460396583        3.41619185374070
H           -3.91050474500301       -8.32749558286040       -0.87708597908902
H           -4.58633816653795       -9.16731428277586        1.37935670706205
C            2.75210223626353        5.08361230784240       -1.34298130943859
C            3.07125554472121        6.13705061121142       -0.47117168088115
C            3.76205091938286        4.44711941936247       -2.08242269191794
C            4.40193719476087        6.56180121325729       -0.36405943144948
H            2.28349300179224        6.61577278350174        0.12071955353631
C            5.08804808392735        4.87336230249068       -1.95843863064992
H            3.50034268208583        3.61337605799904       -2.74165202769778
C            5.41370494178135        5.93704851566552       -1.10514492305541
H            4.65027037874278        7.38831728474218        0.31379012414833
H            5.86008439771116        4.35577831089481       -2.53867866865459
H            6.45312277962213        6.27791287814508       -1.01207639965993
C           -4.47868854543892        5.05044165848801       -1.15311654305518
C           -4.84346384679170        5.27146480777447       -2.48909861448352
C           -5.43116212261078        5.15403526315118       -0.12907718916822
C           -6.16619476765371        5.61710314789645       -2.79193418212652
H           -4.09322746959071        5.16492312847417       -3.27968075729129
C           -6.75215625928782        5.49292395389279       -0.44674230790719
H           -5.11971690998956        4.95796347715370        0.90174816837172
C           -7.12340437846189        5.73171306382035       -1.77583512065285
H           -6.45414260828970        5.79026112147107       -3.83455262795868
H           -7.49766789689949        5.57267505920689        0.35174424630052
H           -8.15918003491410        6.00161072314786       -2.02087208306301
N            1.35542616911561        0.43434811793479        0.25091963412235
C            2.38253328397277        1.20476253732652        0.42206807493864
C            2.41843868989720        2.11346736123398        1.52255785913878
C            3.47666738228318        2.96587027071899        1.68993960854403
C            4.54868087737925        2.94839964261970        0.80613317221431
C            4.55164385350975        2.04770814413752       -0.24842767576526
C            3.50407935840765        1.17830296631918       -0.46012678652581
C            3.56068568418929        0.14148268856223       -1.53812805740390
C            4.06423913432043       -1.19533410035910       -0.95783366903077
C            5.42567581267034       -1.02528126144748       -0.35239398567932
C            5.56881451283523       -0.72356938684011        0.99713375617105
C            6.81978919999304       -0.54929241401020        1.55761066939102
C            7.94906822699256       -0.67836545582779        0.76079634856477
C            9.31292157328617       -0.47974086893099        1.34530398490085
F            9.38683637443652       -0.75167066671659        2.65767151936544
F           10.25412945758130       -1.24687917039209        0.75764242827696
F            9.75729563776906        0.78939185054814        1.20958684238974
C            7.82493470404396       -0.95500097998689       -0.59678174407756
C            6.56693824296597       -1.12311449815947       -1.14196093203644
H            1.57395956161274        2.11645033736595        2.19179404549657
H            3.49157947657686        3.65035568516494        2.52485081816333
H            5.37091373372663        3.62779972221622        0.94347184362745
H            5.38483527678013        2.02790172501496       -0.93402416700778
H            4.24733787870151        0.47758359369164       -2.31967280376245
H            2.56054299241870       -0.01522983802187       -1.95414024677851
H            4.10314357068316       -1.93383223274605       -1.75979388282475
H            3.35560079645452       -1.53989888607171       -0.20143014330729
H            4.69196965416126       -0.63361529286194        1.61757723246185
H            6.92632222850408       -0.32379024426410        2.60638598955065
H            8.70827459014480       -1.03873792387590       -1.20830228810011
H            6.47059122333112       -1.33596432171144       -2.19700285921531
245
 energy: -410.917174857986 gnorm: 0.006463600391 xtb: 6.7.1 (edcfbbe)
N            0.19875131445888       -1.81762494974937       -0.91119639584557
N           -0.03252211475466       -1.14531416782694        1.84853943279402
C           -0.38337181146685       -1.04129966137252       -3.19725455256468
C            0.04337044816431       -2.00852491082223       -2.26031462159587
C            0.44155039777426       -3.35838259172261       -2.61358569345246
H            0.40768574476725       -3.77048959427493       -3.62319700090924
C            0.86354811845693       -3.95890814814079       -1.46116723245786
H            1.24765018062386       -4.97089550914633       -1.32607594388264
C            0.67597296370540       -2.99785067016218       -0.39111648085449
C            0.86040591652979       -3.29189638699837        0.97398236020829
C            0.45939599762064       -2.41662117119948        2.00341741361076
C            0.38632933805452       -2.79656456541503        3.40173601166531
H            0.71401206055557       -3.75861286130162        3.79835688387864
C           -0.19867911733732       -1.75733120444873        4.06728223869958
H           -0.44318060200128       -1.67683085604199        5.12727049216409
C           -0.44430133787459       -0.71777081344349        3.08532623549035
C            1.39554987270518       -4.64631447983988        1.35767828223297
C            2.73646279050554       -4.80533572522879        1.78076457914154
C            3.24489222784760       -6.06531466955662        2.14479326172772
C            2.40788365237888       -7.18304255896908        2.07767812773463
H            2.80353970640769       -8.17028036493177        2.35037052058222
C            1.07771108657906       -7.06607674253449        1.66617209638732
C            0.57350412114487       -5.79847930555042        1.31837687522228
N           -0.76528402768426        1.54045918891458        1.12436339270814
N           -0.48680487942395        0.87553448372324       -1.61773386032195
C           -0.99533350089956        0.54397617417121        3.39223294252097
C           -1.07909849195927        1.60073874255679        2.45885193834532
C           -1.44420516077551        2.95874346885294        2.80986451270727
H           -1.75729507706481        3.27651533877928        3.80527476924834
C           -1.29886830790594        3.71354341868463        1.67913217080992
H           -1.47649893504545        4.78163669819454        1.55036622360567
C           -0.90951828645961        2.80934344487488        0.61690236014424
C           -0.79062022881957        3.17822655043201       -0.73670749880336
C           -0.67505745847582        2.22731938936759       -1.76845254356320
C           -0.87996397749852        2.53683834762007       -3.16956402773070
H           -1.05130086450059        3.53938388599541       -3.56310932463456
C           -0.86716269584154        1.34974759649566       -3.84493345711254
H           -1.02194142487308        1.17029842737955       -4.90967664915170
C           -0.58786030875620        0.31497135960967       -2.86754686804968
C           -0.85803823167548        4.63106577067088       -1.12185934685863
C            0.33010097281574        5.31675612031098       -1.47528320781987
C            0.29962139916455        6.65958192496622       -1.89349416507734
C           -0.92497164459783        7.33339708459948       -1.93141267097415
H           -0.95267058077715        8.38417285506913       -2.24851185390473
C           -2.11548293280963        6.69231829363398       -1.57613674733601
C           -2.08084142351187        5.33954460208505       -1.18851270991817
Fe          -0.17616132455977       -0.10750106606603        0.11375449050802
Cl          -2.40551403358979       -0.72374899222994        0.09341116778181
C           -1.57542235288824        0.75795245341002        4.76896879613388
C           -0.80386100936610        1.29342862552485        5.83459829970410
C           -2.93574087508818        0.40916806710931        4.99870572204318
C           -1.37921132648044        1.48255017393259        7.10711438593201
N            0.54602394320606        1.63733485050931        5.56357311161115
C           -3.50722965209869        0.62319146297575        6.27147307705052
N           -3.66787695494102       -0.17451619947908        3.93748110287174
H           -0.76382207004351        1.88241477567546        7.91753033348001
C           -2.72342358676020        1.15044288485549        7.30120637658248
C            1.52608509752779        2.04158283445700        6.44193834119361
H            0.81539996865458        1.53614473969737        4.58351090830249
H           -4.55940427037991        0.37044411068822        6.42481462008178
C           -4.99977720505491       -0.53942196993504        3.91931534559413
H           -3.14065924079968       -0.35127055105372        3.07716318614302
H           -3.17404690227156        1.30603769462083        8.28991254077569
O            1.38405034830988        2.14937135647383        7.65487207187715
C            2.85333463104488        2.35706076367602        5.78418826859265
O           -5.79595669758175       -0.30076020404582        4.82209932945999
C           -5.41918788406443       -1.28777133545108        2.67661733179239
C            4.10996907975164        1.96304168275266        6.51781869992670
H            2.90570397644959        2.35906702467280        4.69012208599493
C            3.70080214113390        3.41599655135689        6.49939423910863
C           -6.77144913525655       -0.97910248331471        2.08376366808164
H           -4.63951129431025       -1.60445146650856        1.97434714186383
C           -6.59825781158075       -2.24785432674199        2.88443933727225
H            3.98910791979376        1.44043042166397        7.46977213807503
H            4.97001403629129        1.67888479942873        5.90847826733046
H            3.27057230726694        3.81820208464855        7.41988310636872
C            4.48332737066659        4.37816965197163        5.66320557407882
H           -7.35590669521052       -0.19066634108522        2.56634240289685
H           -6.86064700184810       -1.06538119500491        0.99734810886321
H           -7.01672265601849       -2.25121181599472        3.89570683189124
C           -6.58649848604460       -3.56745047267684        2.18840095007126
O            4.58714930816838        5.57180411501287        6.27098414708036
O            4.97834865415131        4.11619556528201        4.58344542400011
O           -7.20223116678454       -4.50911058498916        2.93676841675672
O           -6.10488638152718       -3.78508807567236        1.09481799177260
C            5.33527722990100        6.63373420439427        5.60734540606302
C           -7.30151660850953       -5.85722167918292        2.39779802788024
C            4.35879972980962        7.51926597060832        4.82064574464514
C            6.10113628907064        7.38390901396288        6.69593282141326
H            6.03141980480979        6.14260944222567        4.90425402587722
C           -7.30138274842192       -6.80915123866165        3.59501359348129
C           -8.55865389969360       -5.96335665597179        1.52716927189300
H           -6.40578652242547       -6.02174725620357        1.76912312336874
H            3.84206800779359        6.92846592161964        4.04665347024048
H            3.61015467684640        7.95669257970476        5.49432419996640
H            4.90611517884503        8.33632773976791        4.33079662545580
H            6.77288657742685        6.70590465834382        7.23785868418146
H            6.70927446062683        8.18535820852953        6.25557506161186
H            5.41273266552165        7.83317316061036        7.42301687146125
H           -6.38606196634929       -6.68138459972062        4.18728527479604
H           -8.16913042559850       -6.61973413269095        4.24464017879545
H           -7.35665084653540       -7.85188884575814        3.25349423731888
H           -8.50010408904471       -5.25906706538339        0.68620190709390
H           -8.65920226745799       -6.98060338146683        1.12391134578430
H           -9.46067201125970       -5.74177382135666        2.11769200832785
C           -0.62468502344768       -1.50517798500039       -4.61201782339090
C            0.33738556198859       -1.30091375163547       -5.63799730994590
C           -1.83161260176208       -2.19245735760707       -4.91728689780151
C            0.12815343827278       -1.83131676035069       -6.92641502343251
N            1.48481113953602       -0.53218111155092       -5.31568556934639
C           -2.02929888046979       -2.72730118700373       -6.20799107856134
N           -2.81892881223330       -2.27162517306988       -3.90739235028192
H            0.88508173266868       -1.66827916457535       -7.69890748672524
C           -1.04622570245637       -2.54620604853354       -7.18544160899392
C            2.43171992544462        0.00493763748543       -6.16039016514857
H            1.50320274857149       -0.20482038206122       -4.34840994494946
H           -2.95264165956744       -3.27444946351789       -6.41627516904842
C           -4.05208400457078       -2.89019186575958       -3.95563687986940
H           -2.60309449338139       -1.76237085218743       -3.04617857954486
H           -1.20519214764412       -2.96625460794850       -8.18711482430720
O            2.53804596751842       -0.25068860649228       -7.35386260708918
C            3.33872257646083        1.01277307291811       -5.48625090578143
O           -4.43502107556779       -3.60475631221942       -4.87647515744487
C           -4.92872705338174       -2.59488125441526       -2.76277110674195
C            3.66322536182731        2.26115265172466       -6.26920788708250
H            3.27638341729225        1.12060736337298       -4.39806031959673
C            4.72962850452796        1.20592696500202       -6.09018791476992
C           -5.83692564306388       -3.68372276555134       -2.25212067642292
H           -4.56484822841101       -1.87671481529100       -2.01861736067108
C           -6.43430084795683       -2.56231405112926       -3.06702917790332
H            3.22913016609971        2.34454446301209       -7.26904641285006
H            3.77669378184282        3.19010999693119       -5.70546016779790
H            4.96982542599370        0.58565620778203       -6.95762949083828
C            5.85559921171454        1.50531940433180       -5.15106485569442
H           -5.77704518607331       -4.65188754493826       -2.75617540873225
H           -6.01992363688651       -3.69572794249974       -1.17436687781928
H           -6.70252809025732       -2.79327875411866       -4.10252724550018
C           -7.27154128778212       -1.51917554757820       -2.40395767523891
O            7.02128562864648        1.04050606454539       -5.63009526478118
O            5.73647982476052        2.10601701474280       -4.09907892670589
O           -8.26395726076259       -1.10744324349287       -3.22185986185468
O           -7.10589767267049       -1.09307376666270       -1.27863278919453
C            8.23501209165321        1.26721338132147       -4.85440815246463
C           -9.18281720999101       -0.09253017024962       -2.72697799269833
C            9.13645445754040        0.05251905847607       -5.08177587658070
C            8.86420534916808        2.59410449912351       -5.28838921243098
H            7.93017839643081        1.33385940199400       -3.79239896462633
C           -8.60638628154270        1.30111316208590       -3.00817223270008
C          -10.52725445939896       -0.35026692349214       -3.40639395195227
H           -9.26280892248594       -0.23671980738541       -1.63416678860304
H            8.62316389094119       -0.86724951520035       -4.77207038906056
H            9.40942365842146       -0.03702955639023       -6.14421545006366
H           10.06411424983659        0.15491873022691       -4.50260351553956
H            8.17304766811965        3.42597227363302       -5.10186610879681
H            9.78884755707761        2.78154140429183       -4.72544974304321
H            9.11786980631452        2.57252391993354       -6.35946731635028
H           -7.64364536506416        1.42928239593514       -2.48734819974293
H           -8.45175276531495        1.44353150678077       -4.08661916593657
H           -9.30026823618935        2.07570994791607       -2.65334466194510
H          -10.88741658044784       -1.36490076586800       -3.18536826251780
H          -11.28074547482264        0.36576886674177       -3.05189177906760
H          -10.44250926558835       -0.24601386524838       -4.49602593941784
H            4.28636370934228       -6.16464510368026        2.47235459956127
H            0.42988958659100       -7.94848618520671        1.61005298095270
H            1.22505155444653        7.16457767243499       -2.19335420151244
H           -3.07018789665540        7.23082643306996       -1.60194541744966
O            3.49242550016008       -3.65384723582134        1.81550687800635
O           -0.71343752823272       -5.59641272849357        0.87821564456598
O            1.47622469633403        4.55310409257243       -1.45275081238169
O           -3.19929276129809        4.63913385248942       -0.80017378382152
C            4.82774376147679       -3.70589562522730        2.21520070670945
C            5.82965915959984       -3.99008326023874        1.27721548797534
C            5.15653424266258       -3.39341320864290        3.54085665226882
C            7.17177925172160       -3.96794762737265        1.67766979256319
H            5.54808806046052       -4.22006396704944        0.24474677133387
C            6.50250416330709       -3.37291571710774        3.92952248774205
H            4.35130235389858       -3.16563493233532        4.24713281017708
C            7.51181881546677       -3.66189744969938        3.00176429853607
H            7.95909371594415       -4.18855579491889        0.94789017618528
H            6.76572656737552       -3.12873679817307        4.96474394418148
H            8.56571753184136       -3.64561607098323        3.31051785786830
C           -1.69443066002304       -6.56956821836583        1.03935800016237
C           -2.07955104434435       -7.01774017199091        2.31109877729108
C           -2.35028275847356       -7.03382550572119       -0.10915204865246
C           -3.11451980900106       -7.95394348471450        2.42501430238427
H           -1.56948668534177       -6.62714948091662        3.19812594620604
C           -3.38967180481932       -7.96348332193571        0.01928022355221
H           -2.03839398857792       -6.65013069951278       -1.08589108173190
C           -3.77055264215622       -8.43154959120360        1.28321182609744
H           -3.41555343112221       -8.30958978039093        3.41659632755112
H           -3.90453820190552       -8.32655392185138       -0.87677373698840
H           -4.58041910836860       -9.16666801539472        1.37953839159234
C            2.75167815895373        5.08776324763241       -1.34149061401333
C            3.07011665689253        6.14138974966798       -0.46967512187973
C            3.76211478869996        4.45171365238452       -2.08069596839717
C            4.40059361084162        6.56677951082733       -0.36230711204560
H            2.28199333905814        6.61975717053588        0.12201541667491
C            5.08785696858158        4.87859268283107       -1.95644989295774
H            3.50091544586781        3.61786766983315       -2.73999850993984
C            5.41279818827364        5.94250373992011       -1.10312148088106
H            4.64836446077417        7.39344047788291        0.31558978738646
H            5.86024311224936        4.36142611488867       -2.53656058521484
H            6.45202158308372        6.28390165254274       -1.00990362439979
C           -4.47916775252107        5.05111108731050       -1.15314841903386
C           -4.84377534942306        5.27193666133730       -2.48919140488698
C           -5.43190474902196        5.15425669140505       -0.12929207748661
C           -6.16662150525176        5.61692836969667       -2.79230346133687
H           -4.09333068720826        5.16574774565000       -3.27962289314292
C           -6.75299119704604        5.49250045475479       -0.44722839899712
H           -5.12056785299331        4.95835323170795        0.90159501945909
C           -7.12408679314851        5.73108718836842       -1.77641403979522
H           -6.45443685717899        5.78993145775623       -3.83498306774217
H           -7.49870765484883        5.57190214257473        0.35109512087374
H           -8.15994551172368        6.00048062369868       -2.02165490002202
N            1.36011447960998        0.43215795913856        0.25060656573642
C            2.38907048257115        1.20135865948016        0.41748286509555
C            2.43486586506510        2.11216303864593        1.51455399906839
C            3.50356588163448        2.95339289504314        1.68085542286154
C            4.57293434052338        2.92636556452457        0.79349199452176
C            4.56380471859474        2.02604382051475       -0.26224509263514
C            3.50829216111142        1.16430773946407       -0.46917319030658
C            3.55241958208832        0.11990707540472       -1.54254237670827
C            4.02865636408847       -1.22010083511928       -0.94932502933881
C            5.39277424255336       -1.06216503688680       -0.34809051199725
C            5.54108390993914       -0.75686245311091        1.00078596210974
C            6.79443626106358       -0.57538223888308        1.55437696857718
C            7.91980712295749       -0.69929874296996        0.75161608185288
C            9.28486982325274       -0.48428321075066        1.32732219528814
F            9.36831073814278       -0.75146985261897        2.64163252952718
F           10.23112674141918       -1.24502078060409        0.73622058188231
F            9.71437432210086        0.78890646653328        1.18092615203819
C            7.79046430123169       -0.97829714914636       -0.60472832982477
C            6.53035756757544       -1.15869756194465       -1.14275748737245
H            1.59174785456901        2.12416930185126        2.18614816304989
H            3.52918932559303        3.63628386798392        2.51712677918455
H            5.40332635988981        3.59807810245794        0.92792465107074
H            5.39648616296015        2.00021681383858       -0.94896549238599
H            4.25111207665590        0.44169209419856       -2.32069572022646
H            2.55238061622081       -0.01978404858484       -1.96547075830499
H            4.05347883061283       -1.96971742381216       -1.74158357668308
H            3.31532359675976       -1.54326037724340       -0.18774965189017
H            4.66744147749001       -0.66813953325295        1.62616899398768
H            6.90647595281531       -0.34747028444289        2.60168237335133
H            8.67097766552382       -1.06068290056539       -1.22388749431054
H            6.42756786201318       -1.37142100907014       -2.19723512238678
245
 energy: -410.917344457764 gnorm: 0.005899029801 xtb: 6.7.1 (edcfbbe)
N            0.20108699430180       -1.81480705957941       -0.91062406924576
N           -0.03082268383182       -1.14244330755932        1.84906381041653
C           -0.38110808990850       -1.03887700062765       -3.19677825427502
C            0.04597475850863       -2.00583094753207       -2.25972645379417
C            0.44485148569258       -3.35553693115279       -2.61287709400458
H            0.41132628899123       -3.76768826690556       -3.62248292940895
C            0.86701682159043       -3.95577808240851       -1.46038354487393
H            1.25158141438208       -4.96757771191850       -1.32519619701061
C            0.67881721282127       -2.99476982209056       -0.39039753376302
C            0.86322501174452       -3.28866532519910        0.97472273455361
C            0.46166000517144       -2.41351221149423        2.00407401370763
C            0.38860204345251       -2.79343555191002        3.40239457897002
H            0.71669850019900       -3.75530215338100        3.79910895697177
C           -0.19700088693827       -1.75444582128067        4.06781780004706
H           -0.44167738042616       -1.67401786145048        5.12777168517235
C           -0.44299703991332       -0.71506286347839        3.08578100844564
C            1.39898337628315       -4.64279028588555        1.35855777885819
C            2.73991930905140       -4.80114551604530        1.78181756852037
C            3.24891236587454       -6.06085653978119        2.14598044819031
C            2.41245550548158       -7.17899552147912        2.07881457815031
H            2.80855749713669       -8.16602811084838        2.35160598529364
C            1.08227953562409       -7.06269500369362        1.66713262655217
C            0.57749794446167       -5.79535997617632        1.31921003011849
N           -0.76475810121396        1.54290162810400        1.12467030694522
N           -0.48571265446568        0.87799743919514       -1.61736564744736
C           -0.99468862186831        0.54644241179535        3.39255855272124
C           -1.07881144253008        1.60311073013390        2.45910698374802
C           -1.44465903856303        2.96095600968775        2.81000802058991
H           -1.75803318924537        3.27862432425107        3.80536203312930
C           -1.29953471962898        3.71576845787077        1.67926252512754
H           -1.47767794455984        4.78377130801927        1.55041623293433
C           -0.90961970427874        2.81170789443958        0.61712427596663
C           -0.79073299797327        3.18058778925442       -0.73648698755309
C           -0.67458020104740        2.22969495792817       -1.76818778345801
C           -0.87944548499994        2.53903567727008       -3.16932227753238
H           -1.05121912181172        3.54147536859709       -3.56294351286101
C           -0.86598010243549        1.35190853780196       -3.84463398223924
H           -1.02053466303247        1.17233872053518       -4.90938859175559
C           -0.58630578466801        0.31732973116427       -2.86716959446693
C           -0.85880263905998        4.63337020897022       -1.12172272465476
C            0.32905210368458        5.31962445154551       -1.47503348315712
C            0.29797131593924        6.66241152068029       -1.89331226731136
C           -0.92694568419843        7.33562774608133       -1.93141863152597
H           -0.95511569704913        8.38637435144231       -2.24857385334888
C           -2.11719097038242        6.69398803143676       -1.57626369038780
C           -2.08194090574087        5.34125290094812       -1.18856839687350
Fe          -0.17466917563055       -0.10462951173923        0.11419129622111
Cl          -2.40381846801102       -0.72213051182280        0.09362044401950
C           -1.57505520354282        0.76019586275035        4.76920080912294
C           -0.80389463710245        1.29610244318798        5.83491027197261
C           -2.93523447687321        0.41076324658291        4.99878587323887
C           -1.37949766964737        1.48500714165740        7.10733949967124
N            0.54586827203268        1.64064743270648        5.56403770245150
C           -3.50698986962759        0.62456878101520        6.27147046198619
N           -3.66695060751771       -0.17333018427885        3.93749540951038
H           -0.76440929649351        1.88521030789429        7.91781582874309
C           -2.72357561535808        1.15225360751473        7.30127541083650
C            1.52559659505160        2.04541919002815        6.44251438066463
H            0.81540706690248        1.53954356980399        4.58401543572334
H           -4.55906220982488        0.37131862695232        6.42468762679588
C           -4.99866931412981       -0.53888501078623        3.91917908338052
H           -3.13953643904873       -0.34986982324637        3.07725462925682
H           -3.17439974505048        1.30767826525830        8.28991697596165
O            1.38337297180067        2.15319939202949        7.65542018907560
C            2.85280770166232        2.36150748090311        5.78491434894256
O           -5.79508200445435       -0.30056870596826        4.82184612779356
C           -5.41755927844087       -1.28749906470532        2.67646170932495
C            4.10952732174509        1.96813660843840        6.51872269384557
H            2.90529701733774        2.36346787787889        4.69086397704779
C            3.69965610699723        3.42089672522268        6.50017212343363
C           -6.76989221561842       -0.97951841451193        2.08342154678959
H           -4.63763708365771       -1.60383489240093        1.97430892177974
C           -6.59618661931794       -2.24815045438352        2.88418118348923
H            3.98879796383051        1.44551813033965        7.47068900485650
H            4.96979327265580        1.68436706911962        5.90950749446009
H            3.26910998357665        3.82293864423383        7.42058926770072
C            4.48179378255642        4.38342605782402        5.66405883274007
H           -7.35479626194507       -0.19134396134150        2.56588556177007
H           -6.85891022764783       -1.06589467735023        0.99699858594566
H           -7.01477943220489       -2.25165929993963        3.89539482694388
C           -6.58369720770284       -3.56776581323253        2.18820644646727
O            4.58498296509673        5.57710987000935        6.27177804808816
O            4.97709150194149        4.12162028966541        4.58435995479268
O           -7.19906755119961       -4.50969257646668        2.93655188201990
O           -6.10183888719178       -3.78522880723670        1.09470052320197
C            5.33267433514369        6.63940317863623        5.60816331386222
C           -7.29762738007014       -5.85788754508510        2.39762510948833
C            4.35587289331142        7.52439620142076        4.82131368797826
C            6.09802810249817        7.38998929193915        6.69682304955978
H            6.02914715169186        6.14856639059547        4.90520051205958
C           -7.29718492888139       -6.80975154572153        3.59488624928938
C           -8.55459806707056       -5.96467169653758        1.52684870192580
H           -6.40173699773274       -6.02200039473189        1.76907722708284
H            3.83951812354922        6.93331486922839        4.04728779542260
H            3.60692016765134        7.96150107768608        5.49486967517073
H            4.90284507872331        8.34171040413780        4.33148691243479
H            6.77003982401565        6.71233944250872        7.23886932559445
H            6.70583197876670        8.19171524457356        6.25650313225764
H            5.40931165281267        7.83895664230206        7.42379698623689
H           -6.38200001431687       -6.68151148755178        4.18727409403283
H           -8.16510530467377       -6.62072670215134        4.24439754167820
H           -7.35189920313678       -7.85253558808523        3.25341673184886
H           -8.49628689986401       -5.26039429538057        0.68584900523699
H           -8.65460252242011       -6.98198810850582        1.12362257340659
H           -9.45680118813704       -5.74350010433244        2.11724136041296
C           -0.62201533108385       -1.50293020071305       -4.61154296870874
C            0.34008765836175       -1.29824572973239       -5.63741571042921
C           -1.82856977757958       -2.19081151651578       -4.91693847284607
C            0.13127627493744       -1.82881424118294       -6.92583207639886
N            1.48709412972720       -0.52894469110711       -5.31499263293207
C           -2.02583132802736       -2.72581388370311       -6.20764063042834
N           -2.81597791818914       -2.27041123797270       -3.90716359188003
H            0.88822346140745       -1.66544467309795       -7.69823569165770
C           -1.04272144792038       -2.54428894727273       -7.18497307846633
C            2.43385121382520        0.00860282742517       -6.15960374678435
H            1.50521159907092       -0.20152682552733       -4.34772951451118
H           -2.94888113707443       -3.27342099332101       -6.41601599443091
C           -4.04882243212668       -2.88957840892257       -3.95553990095264
H           -2.60050073242238       -1.76100836210871       -3.04594886252460
H           -1.20135540424635       -2.96446192068289       -8.18664715381336
O            2.54045354283377       -0.24703574494480       -7.35304852102455
C            3.34027767020891        1.01690243451536       -5.48539974062078
O           -4.43129812714823       -3.60437533087939       -4.87638810698573
C           -4.92576590977194       -2.59463934299050       -2.76279572026615
C            3.66427661712234        2.26540508748646       -6.26837316909621
H            3.27776232776029        1.12476541770559       -4.39720387951649
C            4.73116581794132        1.21070993540009       -6.08916705669981
C           -5.83349720743964       -3.68389611016661       -2.25221014916511
H           -4.56233028273638       -1.87625662222842       -2.01863359378310
C           -6.43131709292634       -2.56281562168140       -3.06724957869906
H            3.23026449113165        2.34853879536012       -7.26827119705913
H            3.77722099275011        3.19444431910628       -5.70465394879004
H            4.97177490741190        0.59051271192775       -6.95654791677753
C            5.85686765564692        1.51069413494303       -5.14989626397121
H           -5.77308335380158       -4.65205677468427       -2.75620955534133
H           -6.01662951437699       -3.69593769667503       -1.17447894861087
H           -6.69929809056693       -2.79396448857871       -4.10277024207749
C           -7.26914342206874       -1.52006114160219       -2.40433318170268
O            7.02285399078615        1.04637305095915       -5.62876601989242
O            5.73733539728502        2.11138460590107       -4.09798336366585
O           -8.26165961565492       -1.10884884248840       -3.22239313967796
O           -7.10385604273910       -1.09381808920142       -1.27901275606528
C            8.23636760296291        1.27376062387606       -4.85293857348491
C           -9.18107873059960       -0.09434947360642       -2.72767125809027
C            9.13842816340048        0.05950200618751       -5.08013350260368
C            8.86496487757770        2.60093485469338       -5.28690994138239
H            7.93136035257201        1.34034256270187       -3.79098062354485
C           -8.60529085839271        1.29954601914713       -3.00885887493644
C          -10.52530223312790       -0.35278261634604       -3.40724402362859
H           -9.26113871021355       -0.23853403057076       -1.63486325450560
H            8.62553767817844       -0.86050291686892       -4.77044347503869
H            9.41157358812947       -0.02997149843824       -6.14253467003735
H           10.06596593410269        0.16238358055296       -4.50084477383600
H            8.17337802211482        3.43247808520853       -5.10051280300655
H            9.78944417874981        2.78885486269571       -4.72385795098193
H            9.11877470877752        2.57942976759881       -6.35795426304478
H           -7.64267649274823        1.42821752095616       -2.48792017372886
H           -8.45058664700919        1.44199357446142       -4.08729551146739
H           -9.29959351197480        2.07382956288317       -2.65416000611627
H          -10.88499915165233       -1.36758198754663       -3.18621644997019
H          -11.27918832464491        0.36290251483161       -3.05287509130293
H          -10.44046912327890       -0.24854313907241       -4.49687280000104
H            4.29038922539391       -6.15966437467895        2.47368324528696
H            0.43489442875426       -7.94542303516291        1.61097341572599
H            1.22319492729034        7.16784063103209       -2.19307631850066
H           -3.07215533517663        7.23202961086178       -1.60222160293655
O            3.49531546254925       -3.64928810470653        1.81663694401605
O           -0.70948274691938       -5.59394092932384        0.87887569174190
O            1.47554099161636        4.55653095344936       -1.45231616680499
O           -3.20010362797195        4.64031437524275       -0.80033697718740
C            4.83058668508304       -3.70072717364345        2.21651119914003
C            5.83277633523358       -3.98449581855846        1.27865001642009
C            5.15906923643014       -3.38796943429525        3.54214766199544
C            7.17481485726006       -3.96168082383686        1.67926198609246
H            5.55144481404540       -4.21459629659529        0.24615722422218
C            6.50499001914931       -3.36677419211937        3.93098741008306
H            4.35364368577092       -3.16054390580068        4.24832678884363
C            7.51452845843283       -3.65535163020733        3.00342697840824
H            7.96235016608777       -4.18187149270914        0.94959701044809
H            6.76795428930994       -3.12243582717625        4.96624868238058
H            8.56833866100799       -3.63860251113848        3.31236066821054
C           -1.69002217397374       -6.56756403111172        1.03994229659574
C           -2.07508750904418       -7.01586176434393        2.31165274045883
C           -2.34550309991657       -7.03219832389722       -0.10863127181258
C           -3.10961697932975       -7.95256446839687        2.42548053716266
H           -1.56532832012609       -6.62498017516641        3.19872777605523
C           -3.38445275879684       -7.96235502193569        0.01971221052965
H           -2.03367573156883       -6.64839888066784       -1.08534936174608
C           -3.76526689754683       -8.43054671065992        1.28362253689629
H           -3.41060224535978       -8.30830818881872        3.41704490321054
H           -3.89902925892538       -8.32572047544374       -0.87638865882660
H           -4.57479165850019       -9.16605205974617        1.37987725056468
C            2.75075528946232        5.09177600664941       -1.34087390791169
C            3.06854187920785        6.14563086693550       -0.46912145862726
C            3.76162698091093        4.45614270799011       -2.07987805693497
C            4.39880649586309        6.57167094023399       -0.36159337269635
H            2.28009751390550        6.62366085141088        0.12243088109292
C            5.08712022892689        4.88366906536145       -1.95547485510601
H            3.50089126690451        3.62217163522890       -2.73921644570942
C            5.41139846895700        5.94784640583469       -1.10220258719497
H            4.64606468994758        7.39850144662956        0.31628606804420
H            5.85979939378668        4.36690689618784       -2.53552991171242
H            6.45043839873017        6.28976513715975       -1.00891304827403
C           -4.48013012118517        5.05165163164984       -1.15349763194747
C           -4.84467551537579        5.27223299886986       -2.48959456953496
C           -5.43305316037993        5.15438223398688       -0.12976638490264
C           -6.16765447420176        5.61656616434165       -2.79289085046308
H           -4.09407903809877        5.16637141144538       -3.27992582665189
C           -6.75426024114423        5.49196765603321       -0.44788726144832
H           -5.12174986449369        4.95868176849763        0.90117004742875
C           -7.12530275114342        5.73030694211555       -1.77713686663763
H           -6.45541795751555        5.78937760226921       -3.83561893830651
H           -7.50011918857309        5.57104534934974        0.35033536132275
H           -8.16126188700969        5.99918584014942       -2.02251773658214
N            1.36217560575165        0.43719454125431        0.24700324570155
C            2.39423087276251        1.20107022689220        0.41378959117963
C            2.44753287609089        2.11404030000723        1.50724487488203
C            3.52776437259862        2.93989781712300        1.67957817591411
C            4.59891704653883        2.90137800992703        0.79446438655756
C            4.57914879189250        2.00409304518851       -0.26409269548023
C            3.51616349597153        1.15330983569541       -0.47154883230939
C            3.54618881294533        0.10652288176511       -1.54278906859790
C            4.00004913733073       -1.24010023718377       -0.94437431618952
C            5.36661807818032       -1.09357839502987       -0.34596310578073
C            5.51806454134033       -0.79209252593369        1.00182116274166
C            6.77217828008941       -0.60538839086396        1.55043652260168
C            7.89493616517710       -0.72269251797502        0.74287552527253
C            9.26025535986013       -0.49401253958164        1.31301895510611
F            9.34838280554865       -0.75811057908262        2.62881654934006
F           10.21115266644929       -1.24870181930565        0.72173154065148
F            9.67811907360596        0.78318472312363        1.16299501098682
C            7.76224018927278       -1.00500196602143       -0.61219739524875
C            6.50157911691071       -1.18884628685286       -1.14388317809065
H            1.60264144070625        2.13708035739863        2.17730689810754
H            3.56111305659166        3.62016264011373        2.51771048829355
H            5.43967088273449        3.55924107819249        0.93446969777757
H            5.41420109598524        1.97044257628451       -0.94836605385329
H            4.25099440072643        0.41468062286052       -2.32034724267555
H            2.54488972757136       -0.01849693978890       -1.96587543155354
H            4.01135097676833       -1.99379559412916       -1.73240078377741
H            3.28303786178764       -1.54682429637522       -0.18057043781643
H            4.64602484780037       -0.70638410404024        1.63013873003152
H            6.88732250361161       -0.37518197997226        2.59750572033842
H            8.64049141302827       -1.08059740003647       -1.23509487556692
H            6.39574572498807       -1.40332783033847       -2.19764243473704
245
 energy: -410.917410132126 gnorm: 0.003221176088 xtb: 6.7.1 (edcfbbe)
N            0.20140600966821       -1.81462119348742       -0.91054357973732
N           -0.03049469870004       -1.14226392034671        1.84902392400992
C           -0.38081374591020       -1.03877312335262       -3.19675991837520
C            0.04630233768207       -2.00573472753590       -2.25970195813397
C            0.44519134413453       -3.35538830662536       -2.61283641083442
H            0.41168652492107       -3.76758259950226       -3.62244511149702
C            0.86736096844026       -3.95566994245982       -1.46029546900208
H            1.25196331606864       -4.96745045043445       -1.32512943571952
C            0.67914936652829       -2.99467047699855       -0.39036486783649
C            0.86355151895686       -3.28851868107743        0.97479615597334
C            0.46197333235203       -2.41337302458196        2.00410994648086
C            0.38889757619873       -2.79328756518828        3.40243982125995
H            0.71702179784022       -3.75515300706985        3.79915959216275
C           -0.19673260007375       -1.75430171922094        4.06784806964081
H           -0.44142144480711       -1.67386744210006        5.12781336803903
C           -0.44273752491600       -0.71491434077017        3.08580074085832
C            1.39932986676556       -4.64261649953290        1.35861729827543
C            2.74027421507729       -4.80094505908385        1.78188668001058
C            3.24930272285018       -6.06063984920848        2.14606655708692
C            2.41285955959161       -7.17880344544815        2.07889894849285
H            2.80898530856512       -8.16583136442581        2.35170155697003
C            1.08267543796038       -7.06254142088327        1.66720309292951
C            0.57787386382069       -5.79521191122342        1.31927053943724
N           -0.76465842440726        1.54301540364405        1.12469186299786
N           -0.48546447846425        0.87809184772189       -1.61734935446164
C           -0.99445588675763        0.54654087822813        3.39258174636944
C           -1.07863780872967        1.60323343751563        2.45912489164552
C           -1.44447057613847        2.96104524688112        2.81001581400039
H           -1.75787403877035        3.27873199132438        3.80536841300998
C           -1.29936475094164        3.71587017196936        1.67923150584390
H           -1.47753751481109        4.78388469495493        1.55039662406593
C           -0.90943873802412        2.81183805401174        0.61712640151043
C           -0.79054104384043        3.18068477797030       -0.73650063396298
C           -0.67435330243987        2.22978886519562       -1.76818292590018
C           -0.87922423875016        2.53911763621938       -3.16932323203685
H           -1.05102348828164        3.54156519007753       -3.56295470258308
C           -0.86572858526505        1.35198459948165       -3.84463000888900
H           -1.02027671682659        1.17239858757573       -4.90939672352989
C           -0.58604176730099        0.31740850229177       -2.86715577881954
C           -0.85863883859737        4.63345488555364       -1.12172992230957
C            0.32920696328748        5.31973651651551       -1.47504538963337
C            0.29810349505119        6.66252754936806       -1.89333647976334
C           -0.92683904656800        7.33571620405391       -1.93144938912605
H           -0.95503233479062        8.38646784324135       -2.24861472958086
C           -2.11708465665542        6.69405333127215       -1.57629202615128
C           -2.08180039096043        5.34131746867289       -1.18858658258527
Fe          -0.17424288366416       -0.10446542446344        0.11411064089826
Cl          -2.40357162180113       -0.72208491139661        0.09361378879640
C           -1.57483280790606        0.76031148776205        4.76920167158360
C           -0.80367767545695        1.29624636760184        5.83491442807088
C           -2.93503511882186        0.41083912926359        4.99876861506287
C           -1.37931283861302        1.48514621143784        7.10735292884821
N            0.54602436505828        1.64081386550894        5.56404590229886
C           -3.50679197895471        0.62465246269271        6.27147107496506
N           -3.66667160664864       -0.17325054769159        3.93751654473497
H           -0.76422259045994        1.88536820032311        7.91782637187063
C           -2.72338407901866        1.15236075765180        7.30127208799687
C            1.52580811653294        2.04562191087463        6.44252602901675
H            0.81561383537032        1.53971486286481        4.58401996171650
H           -4.55886762483416        0.37137630717406        6.42467230834837
C           -4.99845077018094       -0.53886944436848        3.91914612138279
H           -3.13928706808410       -0.34980477328555        3.07723997201474
H           -3.17422526312905        1.30778309435999        8.28991919932501
O            1.38352116143388        2.15339712012752        7.65545194258310
C            2.85295109498416        2.36171238816134        5.78495716993842
O           -5.79484366003117       -0.30053440810958        4.82184850028852
C           -5.41727274823203       -1.28746733429261        2.67647097198996
C            4.10970072087147        1.96838600171108        6.51875491214732
H            2.90546832964251        2.36368365452081        4.69089551278002
C            3.69980227284399        3.42116623156999        6.50018798703109
C           -6.76962329619350       -0.97953146262053        2.08340404697213
H           -4.63734333005867       -1.60381237820982        1.97429667726951
C           -6.59589658163602       -2.24816789533672        2.88417494879023
H            3.98896542413001        1.44576886198874        7.47073957298232
H            4.96999268616568        1.68463408574334        5.90952514466643
H            3.26922041505119        3.82317639607784        7.42061986764345
C            4.48192778681785        4.38363252151953        5.66406862955750
H           -7.35454729650318       -0.19135413275749        2.56587707884341
H           -6.85862802313181       -1.06592337304604        0.99696304697436
H           -7.01448896870955       -2.25165717493409        3.89540435098133
C           -6.58336273344171       -3.56775117302918        2.18819513450832
O            4.58503669725496        5.57740534772987        6.27181863348744
O            4.97724286281244        4.12188104801878        4.58436475103271
O           -7.19872237864982       -4.50971307297137        2.93659644582381
O           -6.10149390268138       -3.78524423485558        1.09468912711501
C            5.33274215340432        6.63970116376788        5.60815673785920
C           -7.29724871865918       -5.85791869785480        2.39763253412574
C            4.35595209044570        7.52462116418050        4.82132502250305
C            6.09807846299111        7.39027990470952        6.69683096057972
H            6.02924415124285        6.14884011977370        4.90521357199590
C           -7.29679443810094       -6.80975704590429        3.59489709412142
C           -8.55420315959856       -5.96472132005537        1.52686760314051
H           -6.40134410409137       -6.02200785700015        1.76909116288049
H            3.83959815440915        6.93354211393165        4.04726345753119
H            3.60694563714732        7.96174240162237        5.49487035869924
H            4.90288893559534        8.34198217795872        4.33146388807007
H            6.77011576757157        6.71263414205731        7.23889584495204
H            6.70587347062947        8.19203610504159        6.25649651167797
H            5.40932794677524        7.83924924280843        7.42381489527784
H           -6.38159902477760       -6.68150041597274        4.18731460286443
H           -8.16473140353951       -6.62074067058299        4.24442555683009
H           -7.35147368695000       -7.85256837890096        3.25343234865031
H           -8.49591487563804       -5.26044372851855        0.68583397015304
H           -8.65418601159593       -6.98206059922310        1.12362120809139
H           -9.45643392641904       -5.74355568986029        2.11725704057862
C           -0.62169290723913       -1.50284817768718       -4.61150745787214
C            0.34042750576623       -1.29814023817625       -5.63737914094780
C           -1.82825694862946       -2.19076519945169       -4.91689467925265
C            0.13162177076213       -1.82873828959169       -6.92580575655142
N            1.48737590187349       -0.52885629496782       -5.31494925103564
C           -2.02548158955104       -2.72578592644459       -6.20761712338071
N           -2.81560574131234       -2.27036526027643       -3.90716227550120
H            0.88857982626504       -1.66534813562157       -7.69820234615260
C           -1.04236404776218       -2.54423773771900       -7.18493898183745
C            2.43417111639117        0.00876403563009       -6.15956307728450
H            1.50550851929370       -0.20139262013158       -4.34768534426523
H           -2.94852847386037       -3.27341586496525       -6.41598310324442
C           -4.04851354776444       -2.88957665364719       -3.95549276361126
H           -2.60019052264938       -1.76095868004670       -3.04591311176802
H           -1.20098554477875       -2.96442606104079       -8.18662059681655
O            2.54075071048882       -0.24691515532384       -7.35302494592648
C            3.34052633029786        1.01705241205739       -5.48537748319710
O           -4.43092104575206       -3.60439164616921       -4.87638135878672
C           -4.92541084158058       -2.59464744601966       -2.76279712222972
C            3.66451588129171        2.26557310476406       -6.26834505919170
H            3.27801506262005        1.12494764855793       -4.39716507963311
C            4.73144836802459        1.21089560114281       -6.08911761274980
C           -5.83314139657310       -3.68391865982818       -2.25219290055872
H           -4.56201730872535       -1.87623754151128       -2.01860948279099
C           -6.43099602964575       -2.56284606170605       -3.06724406247982
H            3.23050001452892        2.34867589758279       -7.26826159859643
H            3.77744202959591        3.19462907830596       -5.70461742916540
H            4.97205021913570        0.59068396254455       -6.95651408863797
C            5.85709246022439        1.51092997390700       -5.14985239869469
H           -5.77269260550139       -4.65209132306691       -2.75620250415344
H           -6.01628184478484       -3.69594910187577       -1.17444393475033
H           -6.69894140508095       -2.79402327059566       -4.10278407082880
C           -7.26881380963325       -1.52013178529042       -2.40432757169517
O            7.02312619394310        1.04657376428688       -5.62872656645847
O            5.73757113924609        2.11162306173560       -4.09792338303542
O           -8.26135319890760       -1.10893119745607       -3.22244941526237
O           -7.10356763561114       -1.09384821685798       -1.27900466880397
C            8.23663401671719        1.27403311586700       -4.85286328069434
C           -9.18080261528342       -0.09442508906620       -2.72769600630013
C            9.13870513161012        0.05980514253955       -5.08005763849131
C            8.86518564308249        2.60120601587708       -5.28685512588084
H            7.93160351057692        1.34063280384578       -3.79091202148211
C           -8.60504219373941        1.29943987691773       -3.00888966289060
C          -10.52500501193516       -0.35291426449693       -3.40727476112591
H           -9.26086020704958       -0.23863061379779       -1.63488111080812
H            8.62583512165729       -0.86024892331778       -4.77036352595267
H            9.41185710498209       -0.02968804948394       -6.14247780595018
H           10.06625338056657        0.16268730194497       -4.50074144109299
H            8.17357588800274        3.43276665430602       -5.10046591656438
H            9.78967401998844        2.78916465596946       -4.72378103753183
H            9.11900152515611        2.57970604450713       -6.35791787374729
H           -7.64242269195293        1.42816192053621       -2.48794230258284
H           -8.45032319956206        1.44190393618846       -4.08735154319665
H           -9.29936461837781        2.07374699777522       -2.65419120250125
H          -10.88468798524972       -1.36773924098204       -3.18624160418047
H          -11.27892216324004        0.36277329496541       -3.05290555042397
H          -10.44016535667949       -0.24867926951512       -4.49693183300855
H            4.29078373659506       -6.15942100342550        2.47377751931929
H            0.43530515268411       -7.94528563734968        1.61104497994870
H            1.22332285390793        7.16797505895259       -2.19309971572807
H           -3.07206604096617        7.23207445955660       -1.60225789324265
O            3.49564801791805       -3.64907004722642        1.81671159955388
O           -0.70911218613127       -5.59382188649245        0.87893235141862
O            1.47570040276710        4.55667494409472       -1.45231535048147
O           -3.19994558488778        4.64035309908373       -0.80036506740464
C            4.83088952550783       -3.70051218390142        2.21659882084180
C            5.83310738223945       -3.98426776073860        1.27872746314644
C            5.15936909122184       -3.38773633552996        3.54223408592916
C            7.17515733491488       -3.96136625543220        1.67934966050500
H            5.55178284665900       -4.21436278592987        0.24622655246029
C            6.50531994810488       -3.36644428699189        3.93106330420955
H            4.35394631370204       -3.16023034162412        4.24840525024544
C            7.51492875608047       -3.65489476416414        3.00350517293849
H            7.96269569504750       -4.18157383680377        0.94966918484999
H            6.76824515705812       -3.12211570857094        4.96634714683041
H            8.56877032189148       -3.63808733800563        3.31239022062784
C           -1.68961566025991       -6.56746217038940        1.03998738029302
C           -2.07468184601424       -7.01575997554932        2.31172309098674
C           -2.34507770095226       -7.03212047492903       -0.10858661210720
C           -3.10919368790119       -7.95248652966709        2.42555047784264
H           -1.56493270672310       -6.62485511873215        3.19880677394886
C           -3.38402184571041       -7.96230405538856        0.01975857159923
H           -2.03325573106561       -6.64831869722672       -1.08532008477748
C           -3.76483493663944       -8.43049571883536        1.28367240027016
H           -3.41018315059618       -8.30822624495282        3.41712947136107
H           -3.89858748487256       -8.32568342700474       -0.87636129735426
H           -4.57435277975092       -9.16601748981327        1.37993440284814
C            2.75089404047897        5.09195314648403       -1.34088833161278
C            3.06865242097001        6.14582628113267       -0.46911292926674
C            3.76177266828439        4.45634773961666       -2.07989074070145
C            4.39890072459331        6.57190894575764       -0.36157517316424
H            2.28018381563862        6.62384259502110        0.12245338785673
C            5.08727763826754        4.88390654583881       -1.95546952997222
H            3.50107498056442        3.62234168782970       -2.73922040123729
C            5.41152970111674        5.94808851218913       -1.10220125951436
H            4.64614629118354        7.39874247252965        0.31630359242273
H            5.85997391504082        4.36713469272599       -2.53552273791765
H            6.45057597483450        6.29001379949733       -1.00888196737607
C           -4.47996841398944        5.05166340789038       -1.15352187145152
C           -4.84451020509862        5.27222612042488       -2.48964947274637
C           -5.43289789619934        5.15438139475727       -0.12979715211616
C           -6.16749737374688        5.61652899189546       -2.79295494270359
H           -4.09389915107902        5.16637312249196       -3.27998298819659
C           -6.75412578472532        5.49193328377093       -0.44793306138275
H           -5.12159978443860        4.95869150722227        0.90115738351024
C           -7.12516654611643        5.73025519216715       -1.77718819950952
H           -6.45525974922326        5.78932150153368       -3.83570113626289
H           -7.49999253971425        5.57099599074274        0.35030587323394
H           -8.16113501811725        5.99910665536339       -2.02258609787864
N            1.36062209921656        0.43931520541932        0.24859000219091
C            2.39333851103377        1.20350747861495        0.41269449661599
C            2.44817553153486        2.11668525989658        1.50601402171578
C            3.52947199814606        2.94128420403170        1.67793813372493
C            4.60099887360976        2.90045390649315        0.79332041059347
C            4.57967188164108        2.00313098201006       -0.26504938105847
C            3.51560357346760        1.15394311448237       -0.47192482136032
C            3.54228152173416        0.10732419637337       -1.54186592759551
C            3.99782382170065       -1.24113820558748       -0.94583483690918
C            5.36413145506945       -1.09491195336172       -0.34691426394536
C            5.51562959939915       -0.79236354007925        1.00124971506686
C            6.76961512649159       -0.60384833481334        1.54955790229371
C            7.89232794857420       -0.72067556178304        0.74171126687398
C            9.25701186558261       -0.49533231914509        1.31357657692067
F            9.34046295806547       -0.75789479166854        2.62948122317076
F           10.20739113512600       -1.25216299748731        0.72617533447607
F            9.67843298519126        0.78177259230858        1.16650359480399
C            7.75997136174194       -1.00702683723914       -0.61191173971764
C            6.49924951118577       -1.19130361720812       -1.14462684345616
H            1.60283796615852        2.14124651121652        2.17536678624496
H            3.56300384469289        3.62204072438848        2.51557878214991
H            5.44378410902819        3.55595760344677        0.93545180652450
H            5.41403790416021        1.96737167178404       -0.94974083548694
H            4.24199993192160        0.41103869703961       -2.32387207576712
H            2.53964883467522       -0.01935046974429       -1.95876085376684
H            4.00874857066685       -1.99302878960195       -1.73617963938488
H            3.28102995897870       -1.54792223051246       -0.18181461826476
H            4.64313871932954       -0.70729842208171        1.62925913344841
H            6.88401286932101       -0.37553132973324        2.59705404104574
H            8.63893008164022       -1.08801254592176       -1.23277682656872
H            6.39459341790295       -1.41257889952641       -2.19635206944483
245
 energy: -410.917484065608 gnorm: 0.002064616906 xtb: 6.7.1 (edcfbbe)
N            0.20227805892389       -1.81409058470224       -0.91034971210183
N           -0.02965889505050       -1.14180433558907        1.84905301757685
C           -0.37997707800152       -1.03843940426011       -3.19668640538629
C            0.04720983537860       -2.00540732212939       -2.25962232704248
C            0.44616462569342       -3.35494536017864       -2.61269499608742
H            0.41272407750525       -3.76722763980489       -3.62229118900539
C            0.86837341994193       -3.95524441892349       -1.46006861751103
H            1.25304709087772       -4.96699294687921       -1.32493517790760
C            0.68009489211484       -2.99428489386081       -0.39024312548962
C            0.86448275062650       -3.28803959597660        0.97498985182737
C            0.46284179937424       -2.41291973988770        2.00423459503671
C            0.38974814282043       -2.79279782850117        3.40258770007108
H            0.71794172350224       -3.75464190723322        3.79931770757115
C           -0.19595792777162       -1.75384609663785        4.06795069059207
H           -0.44067367444987       -1.67339552986719        5.12792111466257
C           -0.44201105278123       -0.71445731595941        3.08588770846661
C            1.40033992871295       -4.64208500001024        1.35880153594362
C            2.74129673399430       -4.80032353626210        1.78209780265219
C            3.25041092616134       -6.05997330347086        2.14631341244044
C            2.41403432877178       -7.17819875722222        2.07915046652973
H            2.81022575970071       -8.16519875125796        2.35198149210843
C            1.08384462340694       -7.06203978536982        1.66742779685728
C            0.57896947346746       -5.79474503025373        1.31946472808925
N           -0.76426299487160        1.54343552856983        1.12476841005135
N           -0.48473595952179        0.87839942081093       -1.61727348897250
C           -0.99380873254175        0.54689422671617        3.39264617932310
C           -1.07809953382523        1.60363088969726        2.45916903756555
C           -1.44397292628286        2.96137111715885        2.81002671715181
H           -1.75743241560824        3.27908816735982        3.80536278241072
C           -1.29890570188982        3.71621161157303        1.67918190290070
H           -1.47716097335831        4.78422532213208        1.55035897070535
C           -0.90894668552881        2.81223606389551        0.61713743112499
C           -0.79002086797583        3.18101243434378       -0.73652522659125
C           -0.67373359066323        2.23010291003032       -1.76814940854171
C           -0.87861847962684        2.53939006150334       -3.16931247947398
H           -1.05048315391418        3.54183284398148       -3.56296568337026
C           -0.86503656593934        1.35225629717598       -3.84459314686343
H           -1.01955490437141        1.17262972110315       -4.90936880212639
C           -0.58528983162065        0.31769448624729       -2.86709587548482
C           -0.85820548069347        4.63376457101704       -1.12175619507840
C            0.32960791539936        5.32012158258746       -1.47507111217350
C            0.29841688755721        6.66291203271548       -1.89338824634737
C           -0.92657671466824        7.33601461515627       -1.93153063705002
H           -0.95483843478837        8.38676458809307       -2.24871921808128
C           -2.11679569190686        6.69427958630049       -1.57637678781855
C           -2.08142270901418        5.34155261587602       -1.18864309833342
Fe          -0.17337932489003       -0.10400759058536        0.11413485475441
Cl          -2.40283611768355       -0.72185919816405        0.09365268059454
C           -1.57422502324268        0.76069496848885        4.76923260298371
C           -0.80310108590574        1.29670654680847        5.83494648380367
C           -2.93445082700103        0.41111874235076        4.99876237357208
C           -1.37880887051174        1.48559035642690        7.10738725587193
N            0.54649339965523        1.64135334069299        5.56409621337852
C           -3.50621613512790        0.62493667509247        6.27148417592822
N           -3.66594095117775       -0.17300109257522        3.93757630282398
H           -0.76374161758263        1.88586883930783        7.91785596842480
C           -2.72285092884155        1.15271471710883        7.30127778030286
C            1.52635792315859        2.04625871173887        6.44257074353771
H            0.81617640414262        1.54025874748365        4.58407201505792
H           -4.55828308389352        0.37158748236193        6.42466156536156
C           -4.99779977964772       -0.53876589527288        3.91910365504921
H           -3.13859633428196       -0.34956572133599        3.07725347037954
H           -3.17372779137370        1.30812623077360        8.28992342221849
O            1.38395807471093        2.15403211483249        7.65551807967247
C            2.85338438092535        2.36239470576239        5.78505331833095
O           -5.79416883944159       -0.30042487985776        4.82184636927918
C           -5.41648410983047       -1.28736172370865        2.67650761451627
C            4.11018481855181        1.96918292778907        6.51885837063752
H            2.90595698123320        2.36437467653015        4.69097251279394
C            3.70020411898557        3.42197683816224        6.50024559183691
C           -6.76886644328524       -0.97955003608349        2.08338418214826
H           -4.63653564673370       -1.60369587066893        1.97431470024007
C           -6.59507167199234       -2.24818026322456        2.88417816675785
H            3.98945971173559        1.44657859195406        7.47086437111912
H            4.97051934479453        1.68548114979508        5.90963278262889
H            3.26955596471004        3.82393266590410        7.42068570200270
C            4.48227962738659        4.38435981773243        5.66412014060704
H           -7.35385080567953       -0.19139388029223        2.56584596697528
H           -6.85784278003444       -1.06597330572280        0.99693030108252
H           -7.01367237579134       -2.25165018457913        3.89541772137280
C           -6.58242317040167       -3.56771658250780        2.18821042954818
O            4.58522956222728        5.57828113261332        6.27189677072915
O            4.97762389323399        4.12271564630353        4.58442818807412
O           -7.19773758462971       -4.50975000541778        2.93668276295407
O           -6.10052618580088       -3.78524669586631        1.09472542368454
C            5.33291462514203        6.64060315542942        5.60816718019711
C           -7.29616510564288       -5.85798022785219        2.39768934178982
C            4.35612016269854        7.52537515911909        4.82134520915987
C            6.09819577397630        7.39121317010480        6.69685606723329
H            6.02947987312654        6.14972687771574        4.90526917224244
C           -7.29566910112487       -6.80977410024050        3.59496553201128
C           -8.55308425825050       -5.96486728814013        1.52693324958678
H           -6.40023193583312       -6.02200707045022        1.76917201375757
H            3.83978832587804        6.93427665339942        4.04725077051688
H            3.60702503766613        7.96249651162770        5.49485742437123
H            4.90297638555553        8.34281103944606        4.33143878906079
H            6.77027980854506        6.71361247557182        7.23895632987822
H            6.70594852981122        8.19301923520291        6.25650892843911
H            5.40938593713117        7.84015968506149        7.42383926686373
H           -6.38047610716815       -6.68145187702044        4.18742370318377
H           -8.16363225413855       -6.62080102076789        4.24450292077645
H           -7.35025918889735       -7.85261821641420        3.25352765312551
H           -8.49484530825908       -5.26059848433673        0.68585492504120
H           -8.65299949067993       -6.98223517386581        1.12367342962054
H           -9.45536020961633       -5.74374262781564        2.11729704961702
C           -0.62078722820781       -1.50257554902017       -4.61140812145217
C            0.34135998087778       -1.29780607309757       -5.63726756574890
C           -1.82733840678050       -2.19058902163465       -4.91678065271187
C            0.13258436252925       -1.82847089320836       -6.92569973886291
N            1.48818853169342       -0.52850637784873       -5.31483104505056
C           -2.02447049083813       -2.72565048992018       -6.20752892585487
N           -2.81459949040082       -2.27021858045708       -3.90712556046873
H            0.88955285464307       -1.66503496735841       -7.69808161200141
C           -1.04134819465837       -2.54404750662826       -7.18482631885471
C            2.43503011601490        0.00925494441379       -6.15943993284831
H            1.50632961392681       -0.20096234427369       -4.34757265506773
H           -2.94748620732386       -3.27334621948526       -6.41588692414872
C           -4.04759091234374       -2.88952941183622       -3.95538023606395
H           -2.59930870833441       -1.76079346382003       -3.04582908951067
H           -1.19992798243649       -2.96427106652171       -8.18651162838185
O            2.54160312328142       -0.24650096873910       -7.35291157282215
C            3.34124360735922        1.01754744292166       -5.48529409254130
O           -4.42985550408600       -3.60439057487947       -4.87631877758484
C           -4.92442901976647       -2.59464283648964       -2.76277589840424
C            3.66518538374319        2.26610404690887       -6.26825522817510
H            3.27871675457477        1.12551218641307       -4.39706510625344
C            4.73221689365307        1.21149663532314       -6.08897654826502
C           -5.83212893693614       -3.68395793653587       -2.25213834095604
H           -4.56113244075062       -1.87617897822796       -2.01855944235963
C           -6.43006910470277       -2.56292579843166       -3.06721523687027
H            3.23117554506556        2.34914439719896       -7.26819153045010
H            3.77804566898561        3.19518395023785       -5.70453172554456
H            4.97283802301252        0.59127451454866       -6.95638181862465
C            5.85775715886342        1.51165247421453       -5.14971213719430
H           -5.77159878549278       -4.65214299990030       -2.75614122125516
H           -6.01528666413713       -3.69597411930026       -1.17437856373464
H           -6.69795103269167       -2.79416233325338       -4.10277348525023
C           -7.26791348029060       -1.52030090875893       -2.40432186647228
O            7.02388251856932        1.04728892836117       -5.62857803816687
O            5.73821474100321        2.11235757941505       -4.09779967450296
O           -8.26049690620599       -1.10915524258497       -3.22253268421367
O           -7.10275290017425       -1.09394349782511       -1.27901345891647
C            8.23736715069635        1.27489480297748       -4.85266054235654
C           -9.18003185812851       -0.09466454468027       -2.72776198595710
C            9.13950104553597        0.06074625293547       -5.07983730485616
C            8.86581319947647        2.60208148718364       -5.28669003974396
H            7.93229318748172        1.34149933146681       -3.79073077956700
C           -8.60435940758851        1.29917239790679       -3.00897180356555
C          -10.52419178506937       -0.35328987132366       -3.40735489434308
H           -9.26008871343089       -0.23889539694511       -1.63494389867158
H            8.62669021682284       -0.85937529176440       -4.77012874121542
H            9.41267398712662       -0.02877595051900       -6.14226897518412
H           10.06704761668651        0.16366932713077       -4.50048569318731
H            8.17414349780879        3.43363319153308       -5.10032395411413
H            9.79029342528082        2.79013599649610       -4.72358805965970
H            9.11964625903672        2.58059529658888       -6.35776427859063
H           -7.64174569213732        1.42800302461186       -2.48801256228372
H           -8.44961950567360        1.44165490519621       -4.08745763757702
H           -9.29873668366453        2.07348295384818       -2.65429662614716
H          -10.88381664031145       -1.36815106018217       -3.18631187947079
H          -11.27817596418816        0.36236599089392       -3.05300847813598
H          -10.43934084281128       -0.24907206808934       -4.49703922412286
H            4.29189328056605       -6.15867779305006        2.47404500057721
H            0.43653280503569       -7.94482852586764        1.61127618400707
H            1.22360969703201        7.16841467313937       -2.19314607765592
H           -3.07181478605528        7.23223681690290       -1.60236815214516
O            3.49660128435779       -3.64839323058380        1.81692401151507
O           -0.70803066373471       -5.59345084183032        0.87910825191468
O            1.47613232623139        4.55714950919717       -1.45229758169801
O           -3.19952541108109        4.64051750012328       -0.80043793528430
C            4.83180268945574       -3.69975809304834        2.21683524426271
C            5.83407817680845       -3.98346991508103        1.27896707826508
C            5.16025571004560       -3.38693169638185        3.54245919266955
C            7.17611861599040       -3.96043681281839        1.67962003962699
H            5.55278134044442       -4.21359256268515        0.24647115940635
C            6.50622191558854       -3.36550786787220        3.93130194399037
H            4.35481826434031       -3.15941621842284        4.24862093487218
C            7.51590032877666       -3.65385086479317        3.00378263763474
H            7.96368785188425       -4.18062680919032        0.94993564582699
H            6.76909698253728       -3.12114951284478        4.96660175630431
H            8.56975481901271       -3.63693985864781        3.31262941972140
C           -1.68845307257270       -6.56714879140986        1.04014615603917
C           -2.07351922917417       -7.01545078806775        2.31191171633639
C           -2.34386448983434       -7.03187517374227       -0.10841655214597
C           -3.10796446932534       -7.95224344221531        2.42573840373892
H           -1.56380520568745       -6.62448920565021        3.19899922991380
C           -3.38276260131414       -7.96213171131928        0.01993129598285
H           -2.03205816491305       -6.64807114400937       -1.08516684270088
C           -3.76356395540434       -8.43032440897999        1.28383795234866
H           -3.40895363860713       -8.30798337741567        3.41732857491165
H           -3.89728761543065       -8.32555984172769       -0.87620884500212
H           -4.57303831869182       -9.16589808048581        1.38011364296822
C            2.75129393462458        5.09250558862333       -1.34088342126864
C            3.06896827651068        6.14642915541338       -0.46909834098005
C            3.76220940392993        4.45696913106055       -2.07984977681825
C            4.39916630447622        6.57261612431761       -0.36154128326510
H            2.28044302105772        6.62440461447912        0.12246007208120
C            5.08771095300687        4.88461955426150       -1.95540002492186
H            3.50159797571865        3.62291526850386       -2.73917147832408
C            5.41187244911327        5.94882746772704       -1.10216678603054
H            4.64636266545946        7.39946924823024        0.31632179165952
H            5.86044629784173        4.36787014123086       -2.53544700920909
H            6.45090052010409        6.29082467146707       -1.00881740494490
C           -4.47955869915387        5.05173695665959       -1.15359862303913
C           -4.84409843456467        5.27224654867657       -2.48976861242558
C           -5.43250913192076        5.15441102915957       -0.12990502954109
C           -6.16709820051156        5.61645479098966       -2.79309894490204
H           -4.09345881053852        5.16642744719516       -3.28008934813040
C           -6.75377088582954        5.49186531502870       -0.44807537455845
H           -5.12122199776049        4.95875998587819        0.90107294566783
C           -7.12480587626091        5.73013599579997       -1.77732921951451
H           -6.45485983616721        5.78920351599468       -3.83586433651023
H           -7.49965425859838        5.57089049953748        0.35017276628658
H           -8.16078903388442        5.99891092606368       -2.02276439478359
N            1.35729755160153        0.44442502373206        0.25156891527020
C            2.39203518222683        1.20760304926154        0.41120905731856
C            2.44930525372479        2.12378050878188        1.50218246079710
C            3.53389789559017        2.94435140447133        1.67324369872654
C            4.60682677733377        2.89638028808991        0.79052727235059
C            4.58158225294977        1.99861039253539       -0.26716267429058
C            3.51398412954945        1.15382269037247       -0.47305398180312
C            3.53142314068928        0.10745707786936       -1.54100262783958
C            3.99139351585607       -1.24394109345733       -0.94858997596809
C            5.35732368713302       -1.09828145628384       -0.34951094591329
C            5.50808259309140       -0.79174480447286        0.99871885428909
C            6.76132461989444       -0.60181542083817        1.54757307160820
C            7.88471546901561       -0.71991050711600        0.74031653529470
C            9.24770459629304       -0.49990946916626        1.31682259224078
F            9.32157593039878       -0.75783844719508        2.63359573619822
F           10.19692766857440       -1.26147990644894        0.73797745989163
F            9.67657076869676        0.77688173113762        1.17323950488318
C            7.75369883216861       -1.01647370553685       -0.61034922328429
C            6.49317946443536       -1.20179219586438       -1.14528361024236
H            1.60269711406069        2.15358079153640        2.16966070297166
H            3.56838346193315        3.62672188681440        2.50944340958302
H            5.45339302680505        3.54718234569311        0.93579184021898
H            5.41447665999754        1.95790716451389       -0.95305587857759
H            4.22108572249480        0.40484292751507       -2.33224831166573
H            2.52423723012734       -0.02203346526148       -1.94381738100598
H            4.00208508681821       -1.99142837412739       -1.74349449217471
H            3.27512646338569       -1.55292010054771       -0.18503128734992
H            4.63442213999000       -0.70763700180149        1.62545191805111
H            6.87344766032814       -0.37298766897409        2.59507565651689
H            8.63406343879271       -1.10494695668255       -1.22796314983902
H            6.39107635108867       -1.43297351697746       -2.19423606698570
245
 energy: -410.917520605149 gnorm: 0.002915125009 xtb: 6.7.1 (edcfbbe)
N            0.20300966445005       -1.81364366232762       -0.91020809371468
N           -0.02899672230536       -1.14137833525976        1.84914198975820
C           -0.37927977328258       -1.03811480082767       -3.19659820758193
C            0.04795947317945       -2.00506503137460       -2.25952850842003
C            0.44699816863072       -3.35454395552883       -2.61255222318461
H            0.41360647522126       -3.76686830113016       -3.62213549436553
C            0.86923753929600       -3.95480930044139       -1.45988757963449
H            1.25397227565708       -4.96653553380399       -1.32475319455110
C            0.68088690186544       -2.99387282651665       -0.39010887911597
C            0.86526730769801       -3.28756663829415        0.97515117669849
C            0.46355962936778       -2.41245340162951        2.00435709715472
C            0.39046473269567       -2.79231270796578        3.40273037416655
H            0.71871821041036       -3.75413042752960        3.79947187928261
C           -0.19530986121916       -1.75339730126573        4.06805572540386
H           -0.44004725545866       -1.67293614154882        5.12802048458165
C           -0.44141858448251       -0.71402254150426        3.08596872920853
C            1.40120794183124       -4.64157523838467        1.35898137725126
C            2.74216907391329       -4.79972155956681        1.78229846400044
C            3.25135798934340       -6.05933073497059        2.14654222970184
C            2.41505443466223       -7.17761055702178        2.07938831496183
H            2.81130543206343       -8.16457956763267        2.35224220146617
C            1.08486430908845       -7.06154336050771        1.66764533425291
C            0.57991300887886       -5.79428787864111        1.31965399124657
N           -0.76389766967553        1.54383702125346        1.12483209916705
N           -0.48416732101287        0.87872697282110       -1.61721491033167
C           -0.99329339760816        0.54726903267663        3.39270294769925
C           -1.07765610396213        1.60400871094862        2.45920607569139
C           -1.44360350843505        2.96171866652471        2.81003750051720
H           -1.75710141042689        3.27944252942624        3.80535688716141
C           -1.29857332950059        3.71655625668421        1.67916766474309
H           -1.47689639729033        4.78455552486357        1.55033273223119
C           -0.90856277473289        2.81259870536729        0.61715328545525
C           -0.78962297514369        3.18134246027757       -0.73652968401870
C           -0.67325865855503        2.23042599824931       -1.76811451204307
C           -0.87814769789891        2.53967024321146       -3.16929833973093
H           -1.05006951310366        3.54209765507926       -3.56296518073421
C           -0.86448233831433        1.35253696924974       -3.84455206843800
H           -1.01897171835067        1.17287375777667       -4.90932442501307
C           -0.58467938298140        0.31799907509736       -2.86703206775336
C           -0.85789511869402        4.63408741839253       -1.12177517947160
C            0.32988333143393        5.32051172526152       -1.47508564481750
C            0.29860646283521        6.66329517765509       -1.89342516149060
C           -0.92642699015290        7.33631803368978       -1.93159755848677
H           -0.95475197714125        8.38705989467942       -2.24880521895659
C           -2.11661013798593        6.69451327279493       -1.57644904298073
C           -2.08115702871080        5.34179675885918       -1.18869024270145
Fe          -0.17287384048530       -0.10360220019606        0.11424705021195
Cl          -2.40220169224493       -0.72161166452028        0.09371268981772
C           -1.57374820185284        0.76107587790031        4.76927727424222
C           -0.80266705989026        1.29715677468006        5.83498876788426
C           -2.93396227998386        0.41141437701456        4.99878819582133
C           -1.37841552830141        1.48602588989096        7.10741990042690
N            0.54688850510907        1.64188487109414        5.56415280479636
C           -3.50575126852134        0.62522186005903        6.27150356229972
N           -3.66538480502650       -0.17276424424085        3.93761675365208
H           -0.76338252498150        1.88635783679930        7.91788863741874
C           -2.72243455824441        1.15306792385726        7.30129735579064
C            1.52674470621005        2.04687104537962        6.44262833859268
H            0.81660850857713        1.54078878634186        4.58413452673751
H           -4.55780402805561        0.37180768333054        6.42467065090085
C           -4.99724063287263       -0.53862598392943        3.91911213099002
H           -3.13803143645686       -0.34931508746891        3.07729436477310
H           -3.17333564370750        1.30846775634306        8.28993355202595
O            1.38430214820190        2.15465332188055        7.65557439047340
C            2.85373694415684        2.36307622265587        5.78512806360880
O           -5.79362360215447       -0.30031202090774        4.82184961769819
C           -5.41584566303872       -1.28725948062664        2.67653953949434
C            4.11055849787667        1.96995921360819        6.51895836103181
H            2.90633238366380        2.36504692360975        4.69104228419587
C            3.70049058380426        3.42273273870662        6.50031053595856
C           -6.76824405575866       -0.97954997037710        2.08338564446062
H           -4.63587305758195       -1.60355983205537        1.97435724764080
C           -6.59438028233875       -2.24815836287895        2.88420267729590
H            3.98985525700717        1.44736516271444        7.47096979057781
H            4.97091661021066        1.68630186875455        5.90975400909901
H            3.26980201012787        3.82466961704623        7.42073887140166
C            4.48251560928563        4.38512515375073        5.66417768000309
H           -7.35328501905185       -0.19142385984104        2.56582375140112
H           -6.85719910696577       -1.06599723266070        0.99693400370949
H           -7.01299334112033       -2.25163340717193        3.89543646005553
C           -6.58163501099034       -3.56769544599221        2.18825798886832
O            4.58537287622345        5.57909084612321        6.27194022312446
O            4.97788606113091        4.12351880433381        4.58450026747417
O           -7.19690007403726       -4.50976415187237        2.93674236420988
O           -6.09971084821348       -3.78522214854164        1.09478844613745
C            5.33300186499372        6.64144505161034        5.60819622830134
C           -7.29523423995866       -5.85800996086824        2.39776815370296
C            4.35616776113678        7.52613353352562        4.82135014830280
C            6.09822374282874        7.39211989320434        6.69688434981193
H            6.02961003560099        6.15059567120515        4.90532156824848
C           -7.29469377610075       -6.80978166019551        3.59506159480155
C           -8.55213334192995       -5.96499209241471        1.52699914884865
H           -6.39928187566716       -6.02198840747135        1.76926883231205
H            3.83987921662683        6.93499168921146        4.04726021068715
H            3.60703291734140        7.96322181703200        5.49484144933949
H            4.90297425948084        8.34359822244035        4.33143505336098
H            6.77034124514911        6.71457291036824        7.23900537707554
H            6.70593029560712        8.19395483418596        6.25653316101956
H            5.40937622089411        7.84103365151940        7.42384995924017
H           -6.37951771772115       -6.68138979005281        4.18753029004293
H           -8.16267636644278       -6.62085366737230        4.24458330671933
H           -7.34921211010175       -7.85263360450809        3.25364382404055
H           -8.49392822529646       -5.26073476878937        0.68590889814087
H           -8.65197872413317       -6.98237198684818        1.12375562517530
H           -9.45443098602977       -5.74391591339861        2.11734372863326
C           -0.62003639194700       -1.50230046352769       -4.61131344206324
C            0.34211760678001       -1.29748266694614       -5.63716047625684
C           -1.82654589924117       -2.19039712868666       -4.91668468025305
C            0.13338607591934       -1.82819102572368       -6.92558695953506
N            1.48887833487948       -0.52811589692047       -5.31472191342769
C           -2.02361661045256       -2.72549402278364       -6.20743192527112
N           -2.81379645558264       -2.27007112050313       -3.90705541097247
H            0.89035536362887       -1.66471952008653       -7.69796085371119
C           -1.04049447157575       -2.54384581690359       -7.18471702486368
C            2.43571045921332        0.00970479920211       -6.15932573737545
H            1.50699941555047       -0.20054406764758       -4.34746808468359
H           -2.94659493522072       -3.27325184490478       -6.41579241615813
C           -4.04677522135914       -2.88946201124602       -3.95529752987325
H           -2.59856748995942       -1.76061875739900       -3.04575562179003
H           -1.19903354495212       -2.96409735114446       -8.18639691771295
O            2.54231106802755       -0.24607585460764       -7.35279281503730
C            3.34183889113371        1.01805184593005       -5.48519831150714
O           -4.42896238803375       -3.60436309469353       -4.87623930153685
C           -4.92362673717625       -2.59461238775459       -2.76272715074793
C            3.66571791316107        2.26662423398196       -6.26816791652306
H            3.27928402550365        1.12604961183047       -4.39697067284646
C            4.73281807157404        1.21208651221293       -6.08885428070326
C           -5.83127235286549       -3.68397474817379       -2.25207742507164
H           -4.56039511137855       -1.87611161292116       -2.01851286256318
C           -6.42927704463224       -2.56299297470774       -3.06718035861410
H            3.23171833678508        2.34961837728738       -7.26810950256917
H            3.77851123146470        3.19571828979397       -5.70445915137439
H            4.97348612186116        0.59186655604548       -6.95624599403147
C            5.85831762257910        1.51233874211084       -5.14957593421002
H           -5.77067375354261       -4.65216362896524       -2.75606060022901
H           -6.01444308063273       -3.69598412954206       -1.17432180237135
H           -6.69712526635678       -2.79426819745770       -4.10273832986176
C           -7.26718761114774       -1.52041855297061       -2.40431713425179
O            7.02448691150580        1.04802785659071       -5.62842336180159
O            5.73872090751481        2.11305309547572       -4.09769148551451
O           -8.25979142357730       -1.10934524363425       -3.22255428481996
O           -7.10207703773178       -1.09402477044170       -1.27901924295113
C            8.23794501206425        1.27573075996482       -4.85249001022840
C           -9.17939957022506       -0.09489852710856       -2.72780988435256
C            9.14015828855713        0.06163749350147       -5.07963540714742
C            8.86631111201922        2.60294808937770       -5.28653677234767
H            7.93284890732619        1.34233289479255       -3.79057160031582
C           -8.60381200109195        1.29896266621538       -3.00903759777943
C          -10.52353276193473       -0.35362712127846       -3.40741802400164
H           -9.25946114781577       -0.23912158687498       -1.63499317680736
H            8.62740103054265       -0.85850857217403       -4.76991554601044
H            9.41335109597607       -0.02788686108934       -6.14205992519657
H           10.06768878577850        0.16462941227894       -4.50027200819717
H            8.17458671325736        3.43445861198223       -5.10019357154007
H            9.79076999116544        2.79107325208640       -4.72342615669567
H            9.12016058940292        2.58146050453756       -6.35760460505954
H           -7.64121383160320        1.42786608499578       -2.48806859485909
H           -8.44906590420542        1.44143811007185       -4.08752288253991
H           -9.29824255734712        2.07323664352304       -2.65438791252271
H          -10.88309489333268       -1.36850574652887       -3.18636302304795
H          -11.27756657309196        0.36198483418316       -3.05309710202395
H          -10.43867333087404       -0.24942403091812       -4.49710161667974
H            4.29284100664069       -6.15796254841158        2.47429057496259
H            0.43761042928126       -7.94437404154983        1.61150102010047
H            1.22377178484522        7.16885020398467       -2.19317876359077
H           -3.07166243525349        7.23240924992440       -1.60246391126379
O            3.49740271174212       -3.64773832583886        1.81711216665284
O           -0.70709555160656       -5.59308388574428        0.87927590325438
O            1.47644775410784        4.55761645489162       -1.45227788596531
O           -3.19922187148603        4.64069675917548       -0.80049013614517
C            4.83259887711277       -3.69900688470874        2.21704691712224
C            5.83490638694231       -3.98267877044918        1.27919735737083
C            5.16101499764605       -3.38613947006792        3.54266342671055
C            7.17693413370801       -3.95955383660426        1.67986849222373
H            5.55363902147124       -4.21283284258594        0.24670807116969
C            6.50697291931134       -3.36462777874198        3.93152853290084
H            4.35555340617979       -3.15866961073988        4.24881230956515
C            7.51667230604649       -3.65293276476073        3.00403645234378
H            7.96453090646551       -4.17970773027024        0.95020064237660
H            6.76982127839814       -3.12023167991176        4.96682284252914
H            8.57051674391578       -3.63596077309310        3.31289906630442
C           -1.68745699945016       -6.56684170788064        1.04031355398085
C           -2.07251434580427       -7.01514705616223        2.31208492722866
C           -2.34282191677123       -7.03163025435371       -0.10824418783807
C           -3.10689726173839       -7.95200236306188        2.42591353207679
H           -1.56283605650992       -6.62413693941528        3.19917004129624
C           -3.38166347284841       -7.96195190278916        0.02010578029708
H           -2.03102815592062       -6.64782427943473       -1.08499745814717
C           -3.76245122465033       -8.43014641304972        1.28400938247683
H           -3.40787872169518       -8.30774548869605        3.41750302396515
H           -3.89615089688047       -8.32542847219611       -0.87603569714287
H           -4.57187856828751       -9.16576989156202        1.38029076696349
C            2.75158582910312        5.09304670976622       -1.34085673845788
C            3.06917777163209        6.14701221072999       -0.46908585748147
C            3.76254719522873        4.45756452898531       -2.07979015857022
C            4.39934025406806        6.57328672103077       -0.36151793254968
H            2.28061077286652        6.62494735697885        0.12244952199126
C            5.08802279474942        4.88529954356578       -1.95532765179443
H            3.50199834545697        3.62348561343065       -2.73910398468870
C            5.41209854870467        5.94954487938314       -1.10212176010179
H            4.64647879475209        7.40016587382750        0.31632992671142
H            5.86079386277890        4.36859208436714       -2.53535935659262
H            6.45109915501989        6.29161862273808       -1.00876493706093
C           -4.47927630756059        5.05182814394176       -1.15367049701220
C           -4.84381343872686        5.27229018042759       -2.48985401654100
C           -5.43224637989735        5.15445938541238       -0.12999831005072
C           -6.16682667296915        5.61640852858961       -2.79320805804854
H           -4.09315468768662        5.16650539905785       -3.28015930499604
C           -6.75352696441399        5.49182337491740       -0.44819414669525
H           -5.12096311999179        4.95884692377507        0.90098793441526
C           -7.12455806457686        5.73004652320273       -1.77745067294897
H           -6.45458718016728        5.78912051521092       -3.83597818229918
H           -7.49942480306209        5.57081543185258        0.35004362797447
H           -8.16055308500852        5.99875118514085       -2.02290932285112
N            1.35531363136055        0.44858423144963        0.25310807246133
C            2.39135533857491        1.21030384443112        0.41066099621665
C            2.45033923630488        2.12929440152616        1.49929099263774
C            3.53782778097031        2.94622429749718        1.66939004473351
C            4.61161345246095        2.89220760346033        0.78791931638258
C            4.58331618082348        1.99362546587610       -0.26888883941500
C            3.51250708667806        1.15257592253886       -0.47403983891747
C            3.52331541976491        0.10552826269595       -1.54090600464443
C            3.98599493399161       -1.24706491443909       -0.95091144298251
C            5.35155548220035       -1.10187069682106       -0.35157478469474
C            5.50081242506992       -0.79101820550735        0.99607080970620
C            6.75319588484031       -0.60077280978925        1.54618513275256
C            7.87781713224715       -0.72274834464153        0.74084604141616
C            9.23963197287308       -0.50484365599395        1.32073253854970
F            9.30801593047364       -0.75864059258272        2.63859609837701
F           10.18829622823388       -1.26972473201149        0.74742582485033
F            9.67269297144303        0.77139504646969        1.17627880199602
C            7.74840886804742       -1.02568752942368       -0.60837253760873
C            6.48838525866178       -1.21122544386554       -1.14495163540551
H            1.60283852001778        2.16424672904163        2.16543013637892
H            3.57352449070901        3.63055614065875        2.50394228365868
H            5.46053277668074        3.53981359570127        0.93379910980252
H            5.41553932630424        1.94909760611079       -0.95540461593100
H            4.20755765641800        0.40105474527482       -2.33733205766801
H            2.51287810463740       -0.02442998888143       -1.93566337445296
H            3.99699870371541       -1.99194385152164       -1.74810081909806
H            3.26994544285323       -1.55825070503138       -0.18816331374004
H            4.62606398478595       -0.70459647075585        1.62095193732564
H            6.86352620560197       -0.36835443806545        2.59304974007672
H            8.62973912084130       -1.11870015751163       -1.22405195082771
H            6.38819411085724       -1.44785393195768       -2.19282102400767
245
 energy: -410.917574478945 gnorm: 0.002850879335 xtb: 6.7.1 (edcfbbe)
N            0.20408280652974       -1.81293672576819       -0.91002865373754
N           -0.02804797401467       -1.14065481837815        1.84928225907609
C           -0.37827138986725       -1.03757507424477       -3.19646912785758
C            0.04905059294358       -2.00446428438307       -2.25938086855837
C            0.44824363742244       -3.35389104006145       -2.61233496603188
H            0.41491958103998       -3.76625815454990       -3.62189996718402
C            0.87052826450963       -3.95407110994730       -1.45963794127146
H            1.25536707422237       -4.96575866997842       -1.32447385489066
C            0.68205312018007       -2.99314750805639       -0.38989841263392
C            0.86643335666628       -3.28676194201800        0.97537682618302
C            0.46461170135250       -2.41164563242968        2.00453534900027
C            0.39152720655741       -2.79148158101986        3.40293955572353
H            0.71988083400711       -3.75325034567737        3.79970458606213
C           -0.19436141778068       -1.75262363685867        4.06820728508116
H           -0.43913022632686       -1.67214600466771        5.12815905211009
C           -0.44056568036734       -0.71328795320980        3.08606846866786
C            1.40251930783335       -4.64070969119340        1.35925696858077
C            2.74348633573129       -4.79869489511115        1.78260388386423
C            3.25279949439284       -6.05823780536523        2.14689353929754
C            2.41662286590729       -7.17660769087942        2.07976131741690
H            2.81297386275994       -8.16352268108429        2.35265292652370
C            1.08643141423242       -7.06069394130526        1.66798979374040
C            0.58134765204153       -5.79350741315089        1.31994959953810
N           -0.76337786908177        1.54450797697261        1.12489623735010
N           -0.48339302491604        0.87929932690639       -1.61716830530472
C           -0.99257649574082        0.54793188311363        3.39276373152432
C           -1.07704690246395        1.60464510174085        2.45923453258856
C           -1.44313666208013        2.96233285495769        2.81001918892537
H           -1.75668964646092        3.28005284722040        3.80531367932937
C           -1.29817282546381        3.71715179236401        1.67912616331763
H           -1.47660425409842        4.78511983484506        1.55025166623328
C           -0.90806181820468        2.81319924670761        0.61714375118487
C           -0.78911520204810        3.18190638858016       -0.73656209392391
C           -0.67263001271838        2.23097643907696       -1.76809367231936
C           -0.87752677274704        2.54014735645427       -3.16930855312165
H           -1.04954499468719        3.54254353067642       -3.56299754416868
C           -0.86372117749545        1.35301082562449       -3.84451493142374
H           -1.01816624976849        1.17328712027552       -4.90927643111007
C           -0.58382489610985        0.31852481136952       -2.86695181579152
C           -0.85753849113434        4.63464227392143       -1.12184389798955
C            0.33017598931513        5.32117865557099       -1.47515081949666
C            0.29875556826357        6.66394525728946       -1.89353018666896
C           -0.92634357141321        7.33683496404038       -1.93175051363230
H           -0.95477484432801        8.38756026012125       -2.24899130395324
C           -2.11646087453414        6.69491261295694       -1.57660669429654
C           -2.08087238581541        5.34221430721437       -1.18880413700113
Fe          -0.17226707496400       -0.10294024186189        0.11441720686485
Cl          -2.40127320145845       -0.72117975754692        0.09380041401810
C           -1.57309177276543        0.76173371435044        4.76932697906617
C           -0.80209025829007        1.29793210043255        5.83503233792579
C           -2.93326322141472        0.41193822073907        4.99882436950722
C           -1.37788200090150        1.48678011454967        7.10744189428826
N            0.54744473374955        1.64280142882892        5.56421062790242
C           -3.50510321020293        0.62572016909627        6.27151371763557
N           -3.66462285030992       -0.17236185584924        3.93764490725909
H           -0.76291142554390        1.88720362461248        7.91791141387417
C           -2.72186783401561        1.15368455521602        7.30130909267052
C            1.52722410382403        2.04791643257896        6.44269378557672
H            0.81718569180008        1.54169705286473        4.58420380850437
H           -4.55712927266001        0.37219909186129        6.42467301594788
C           -4.99641846323207       -0.53835782806248        3.91914056572443
H           -3.13722186115223       -0.34887663633430        3.07735224279365
H           -3.17280171944708        1.30906611551077        8.28992728396623
O            1.38475979233249        2.15572475647158        7.65562593955119
C            2.85421236657841        2.36425426725280        5.78519737331763
O           -5.79285191561836       -0.30011004007122        4.82184174092685
C           -5.41493003620126       -1.28708614115839        2.67657101034704
C            4.11105290799259        1.97129041174841        6.51907637054141
H            2.90682169736525        2.36619716290050        4.69111256603984
C            3.70082952307238        3.42400782567021        6.50037439627583
C           -6.76734700689940       -0.97953803708272        2.08338542093867
H           -4.63491043633363       -1.60331719725347        1.97442295801767
C           -6.59336083066554       -2.24809724710188        2.88424595329533
H            3.99039422198653        1.44871255632125        7.47109378006068
H            4.97144433950939        1.68770415539971        5.90991164120157
H            3.27008756505214        3.82593672399927        7.42077389573410
C            4.48276620106869        4.38647829431966        5.66422377581185
H           -7.35248204405836       -0.19146458927574        2.56578025293749
H           -6.85627259207594       -1.06602659038391        0.99694195910592
H           -7.01199471504757       -2.25159354849039        3.89546478781420
C           -6.58046251702717       -3.56766874528206        2.18834821913313
O            4.58550287856601        5.58045206656603        6.27193778419695
O            4.97818159208582        4.12488261864742        4.58456717101415
O           -7.19563798864549       -4.50977179235260        2.93682777562793
O           -6.09849300180923       -3.78516629891349        1.09489619695011
C            5.33301592979048        6.64286369841893        5.60819523408400
C           -7.29381570451393       -5.85804073438165        2.39791388290991
C            4.35608996910593        7.52744482572915        4.82128823558849
C            6.09813453028222        7.39367070382154        6.69686850246610
H            6.02968470440364        6.15208391293442        4.90534341479772
C           -7.29319418204112       -6.80978350769147        3.59524068201967
C           -8.55069113476215       -5.96519331799777        1.52711410817433
H           -6.39783645263543       -6.02194659311035        1.76943708272203
H            3.83988691337105        6.93621286220107        4.04722456407824
H            3.60691285169677        7.96445994908670        5.49475390336245
H            4.90282811865242        8.34493481955758        4.33137199262753
H            6.77030790526494        6.71621863668681        7.23901843155739
H            6.70576055226003        8.19554735475482        6.25650806571955
H            5.40923274886007        7.84252725692868        7.42379832880841
H           -6.37805110581459       -6.68126977728060        4.18771132615543
H           -8.16120725151635       -6.62093079200887        4.24472767867364
H           -7.34759857191156       -7.85264083281562        3.25385356449407
H           -8.49253946769903       -5.26095805997205        0.68601624725757
H           -8.65041610132637       -6.98258932449409        1.12391395689488
H           -9.45301472538909       -5.74420078598774        2.11743448848025
C           -0.61895027768133       -1.50183809287391       -4.61118160275350
C            0.34319993293645       -1.29694984213208       -5.63701289104526
C           -1.82537035811309       -2.19007154910220       -4.91655684251234
C            0.13455166150237       -1.82771913117711       -6.92542256162232
N            1.48987878995540       -0.52743308275588       -5.31457667282185
C           -2.02236266160207       -2.72522975513982       -6.20728377221931
N           -2.81265163661471       -2.26982700384032       -3.90693349441066
H            0.89151528795936       -1.66419296533584       -7.69778906221332
C           -1.03924366437724       -2.54351014253815       -7.18455832662631
C            2.43665263137219        0.01043697416452       -6.15917871912594
H            1.50794696663591       -0.19984484677639       -4.34733060654662
H           -2.94527461661641       -3.27309318653946       -6.41564984736076
C           -4.04554155314469       -2.88934586262364       -3.95519477514241
H           -2.59748307353007       -1.76032032754172       -3.04565754317141
H           -1.19771672653356       -2.96380810856089       -8.18622400601100
O            2.54332073922510       -0.24535629691576       -7.35263102162302
C            3.34267588898659        1.01891413536829       -5.48507093879409
O           -4.42764476714643       -3.60431625306262       -4.87610931366343
C           -4.92246434634971       -2.59455299208826       -2.76263986899412
C            3.66643301789497        2.26749704290980       -6.26806955057635
H            3.28007130599809        1.12694482031535       -4.39685368560403
C            4.73363293980829        1.21307928462928       -6.08870682241411
C           -5.82999733423199       -3.68399877287245       -2.25197852376392
H           -4.55931968541103       -1.87599557438419       -2.01845011038671
C           -6.42810184957087       -2.56311144018136       -3.06712894158400
H            3.23244708787706        2.35041720885789       -7.26801474385008
H            3.77911344479574        3.19661467878094       -5.70439139014487
H            4.97439610947796        0.59286440638588       -6.95606330350082
C            5.85910550100764        1.51347934786152       -5.14939775105313
H           -5.76928789077659       -4.65219296771209       -2.75592279933084
H           -6.01318659580947       -3.69599684663308       -1.17423361071091
H           -6.69591275138317       -2.79444280891554       -4.10267737206622
C           -7.26615095267373       -1.52059659535097       -2.40431966080963
O            7.02531838571028        1.04929613022635       -5.62821373525169
O            5.73939769376190        2.11422295045978       -4.09756509058032
O           -8.25877628949675       -1.10966172952872       -3.22256762771216
O           -7.10109984706680       -1.09415998316403       -1.27903341295315
C            8.23873134754207        1.27714023157315       -4.85227610626382
C           -9.17850125584894       -0.09530833748554       -2.72789047696666
C            9.14108958992451        0.06312952206299       -5.07936166149258
C            8.86697221404816        2.60441894676760       -5.28634693034920
H            7.93361369058514        1.34373565505568       -3.79036678646285
C           -8.60305897605284        1.29862507228256       -3.00915300649738
C          -10.52259835985677       -0.35419514368478       -3.40751943622827
H           -9.25857140028778       -0.23949444977597       -1.63507458267324
H            8.62842193231133       -0.85703915859618       -4.76961966671921
H            9.41431108380292       -0.02638734964050       -6.14176962970628
H           10.06858872133050        0.16625432819883       -4.49998881798638
H            8.17515634980444        3.43584527601843       -5.10004209258073
H            9.79139238224501        2.79265291720319       -4.72323108962338
H            9.12084531598337        2.58291919519717       -6.35739999192111
H           -7.64048995059499        1.42763671867651       -2.48816970787165
H           -8.44831217879262        1.44107276062404       -4.08762879012582
H           -9.29758035561317        2.07281838556725       -2.65454469220648
H          -10.88205143787296       -1.36909722832578       -3.18643848931104
H          -11.27670986537487        0.36133969488820       -3.05323949928395
H          -10.43772877763979       -0.25001726143089       -4.49719198896510
H            4.29428541640545       -6.15674557388850        2.47466634925190
H            0.43927568867933       -7.94359613208312        1.61186170601767
H            1.22387263754330        7.16958888400044       -2.19328119863686
H           -3.07156901665486        7.23270480134563       -1.60265850725373
O            3.49859540783713       -3.64662465079972        1.81738407533478
O           -0.70567214730735       -5.59245577454754        0.87953674934990
O            1.47681707906470        4.55840684301978       -1.45229175434683
O           -3.19887179932440        4.64100673804356       -0.80060155026275
C            4.83380089593600       -3.69771791371769        2.21735658239619
C            5.83614520785976       -3.98132662383023        1.27954487574459
C            5.16215127006466       -3.38478226372553        3.54296200144997
C            7.17815761746332       -3.95805692546105        1.68023446321791
H            5.55492997096613       -4.21154040984339        0.24706789933088
C            6.50808903030169       -3.36313510742211        3.93186359458535
H            4.35664701559835       -3.15741222423697        4.24908914661817
C            7.51780783384240       -3.65140242807500        3.00440699428405
H            7.96579469749885       -4.17814687592400        0.95060099332091
H            6.77090286851907       -3.11867122746854        4.96713888882934
H            8.57163311352967       -3.63432630857231        3.31331129839498
C           -1.68593850054764       -6.56631746515789        1.04059007750159
C           -2.07097033451242       -7.01462413351709        2.31236059486297
C           -2.34122910175278       -7.03121180905867       -0.10796470660694
C           -3.10525184638701       -7.95158656789964        2.42619912230565
H           -1.56135218207260       -6.62353292989701        3.19943930647799
C           -3.37996830614067       -7.96164068756759        0.02039347925818
H           -2.02945745470510       -6.64740391469888       -1.08471867478126
C           -3.76072916050461       -8.42983645483855        1.28430151052754
H           -3.40621261751692       -8.30733339805293        3.41778658018889
H           -3.89439733911887       -8.32520211482464       -0.87573949522174
H           -4.57007579190780       -9.16554431480679        1.38058991480455
C            2.75191267174249        5.09396911127136       -1.34085354842641
C            3.06936559406726        6.14800136719851       -0.46912049395111
C            3.76295919124855        4.45856688710315       -2.07973811710129
C            4.39948126201121        6.57441818205068       -0.36154186450617
H            2.28073792448886        6.62586923223991        0.12237383290667
C            5.08837811389759        4.88644357771669       -1.95526694704802
H            3.50250357145746        3.62445236570682       -2.73903566199145
C            5.41231259749400        5.95076567149543       -1.10209988587748
H            4.64651513472096        7.40134744558585        0.31627950165163
H            5.86120973869948        4.36981529255442       -2.53526813663537
H            6.45126724342776        6.29296451931146       -1.00874504419538
C           -4.47896858114508        5.05198828832695       -1.15382415165113
C           -4.84350273348804        5.27236873713565       -2.49001412831523
C           -5.43196906210090        5.15454857973969       -0.13017511368923
C           -6.16654448951450        5.61633459946740       -2.79340568700181
H           -4.09281892532877        5.16664102599488       -3.28029720945420
C           -6.75327539576697        5.49176060627264       -0.44840632994578
H           -5.12068458846988        4.95900374675093        0.90081832815838
C           -7.12430533479687        5.72990134489829       -1.77767505206176
H           -6.45430406931903        5.78898453724949       -3.83617939849750
H           -7.49919619156645        5.57069894235334        0.34980667095912
H           -8.16032198701938        5.99848792604657       -2.02316149702537
N            1.35308610927611        0.45474135552741        0.25485610521536
C            2.39072488793316        1.21396848093780        0.41055254633129
C            2.45216137830537        2.13761746645124        1.49517359761981
C            3.54403189658593        2.94900532377682        1.66336688068445
C            4.61883693466887        2.88552159500119        0.78354776318554
C            4.58620763681894        1.98492553975410       -0.27133258302092
C            3.51052452482623        1.14947101673575       -0.47516120653353
C            3.51279169737355        0.10086832357695       -1.54093912504147
C            3.97789197876091       -1.25260699430952       -0.95433171524164
C            5.34282441601947       -1.10809384560313       -0.35415786004570
C            5.48910759566744       -0.78898507133732        0.99193571679051
C            6.74015376363975       -0.59911949773221        1.54454222793224
C            7.86709514292586       -0.73044102476697        0.74349178877666
C            9.22748004819012       -0.51394714830599        1.32755970879844
F            9.28968316137843       -0.76064768479507        2.64738268684544
F           10.17553711514293       -1.28409057028274        0.76179418101483
F            9.66541429919282        0.76085301120842        1.17798006395137
C            7.74060136644073       -1.04178591451101       -0.60417543870078
C            6.48152279136641       -1.22669750812644       -1.14317460286331
H            1.60359773721117        2.18094445156096        2.15958206066629
H            3.58223115653684        3.63660728667141        2.49518212657595
H            5.47108041833902        3.52852024449832        0.92880888499617
H            5.41799608888785        1.93470527556726       -0.95818727849333
H            4.19154725209398        0.39597356384474       -2.34267531370500
H            2.49855384888932       -0.02789814214852       -1.92739191250804
H            3.98965847707333       -1.99460784940019       -1.75381457840280
H            3.26200727885042       -1.56710444873943       -0.19289139989566
H            4.61265848348363       -0.69606319492633        1.61343318486971
H            6.84808607900521       -0.35894996838318        2.58993999605556
H            8.62322582814223       -1.14090872020652       -1.21730574028107
H            6.38397329661955       -1.46924424783990       -2.19024469883001
245
 energy: -410.917635460127 gnorm: 0.002321508715 xtb: 6.7.1 (edcfbbe)
N            0.20540283517408       -1.81196704437991       -0.90978050010960
N           -0.02689702397707       -1.13962137557404        1.84948151233667
C           -0.37703291215022       -1.03682845374414       -3.19627999119423
C            0.05040183326038       -2.00360362775029       -2.25914973686236
C            0.44981878317265       -3.35299108694578       -2.61201624416030
H            0.41658152641098       -3.76540488876671       -3.62156087635062
C            0.87215686916210       -3.95304675226726       -1.45928886873218
H            1.25714798870318       -4.96466985764656       -1.32406241451426
C            0.68350569585912       -2.99211125846995       -0.38958409208084
C            0.86789393855151       -3.28562976719595        0.97569833410910
C            0.46591129929468       -2.41050311742041        2.00480073548328
C            0.39284382273527       -2.79030409524034        3.40323911045783
H            0.72133744112681       -3.75200200598090        3.80004455099411
C           -0.19320874814201       -1.75151628345277        4.06843010763413
H           -0.43802077078049       -1.67101730753601        5.12836463057709
C           -0.43954161922610       -0.71225024566707        3.08621383082645
C            1.40418207065816       -4.63948425656507        1.35965838156513
C            2.74515936385640       -4.79724026484109        1.78304860686320
C            3.25464700332269       -6.05669180487424        2.14740647433591
C            2.41864720461072       -7.17518841119587        2.08030710057069
H            2.81513884166488       -8.16202819761975        2.35325432315954
C            1.08845164083286       -7.05949244439477        1.66849484603204
C            0.58318203461986       -5.79240247591748        1.32038215412381
N           -0.76277191534003        1.54544467055932        1.12497929568544
N           -0.48249665752543        0.88011013837802       -1.61710896363881
C           -0.99175048807445        0.54888746670482        3.39285110863972
C           -1.07636191115458        1.60554446386625        2.45927616746140
C           -1.44266091239333        2.96321338862329        2.80998789852756
H           -1.75629122679836        3.28092252331018        3.80525263963616
C           -1.29779065720269        3.71799800532130        1.67906919210575
H           -1.47637319551502        4.78592354379305        1.55012852604460
C           -0.90752644045910        2.81404337738488        0.61712559002353
C           -0.78858297332606        3.18270378533644       -0.73660239129964
C           -0.67192544889296        2.23174620493809       -1.76806936856588
C           -0.87683441796459        2.54081739509037       -3.16932135228119
H           -1.04898937545234        3.54316869547506       -3.56304845760330
C           -0.86283118986833        1.35366719173988       -3.84446272369038
H           -1.01721655012007        1.17386034273253       -4.90921089613010
C           -0.58280797875164        0.31926547958850       -2.86683131707763
C           -0.85721740142765        4.63542146756698       -1.12194561902432
C            0.33040361138820        5.32211745013576       -1.47525086914500
C            0.29878799357356        6.66485770316137       -1.89369092607790
C           -0.92640744498450        7.33756091961253       -1.93197841039605
H           -0.95498754953774        8.38826356250762       -2.24926897981334
C           -2.11643318263808        6.69547451572272       -1.57683842944876
C           -2.08065341865847        5.34280089357263       -1.18897110546918
Fe          -0.17152929403211       -0.10201557096206        0.11461425396550
Cl          -2.40014749105220       -0.72056815104474        0.09392973553503
C           -1.57234693866797        0.76267364746329        4.76939554232085
C           -0.80146291447660        1.29903955176746        5.83509602740379
C           -2.93245275868810        0.41269370054380        4.99888257086131
C           -1.37730472638698        1.48786243429170        7.10747376960615
N            0.54806264604044        1.64410791502885        5.56428850317258
C           -3.50437195912285        0.62643955894274        6.27153088228734
N           -3.66373868729840       -0.17178580346591        3.93767963310742
H           -0.76242312878952        1.88841639808106        7.91794444948827
C           -2.72124888233912        1.15457327397475        7.30132750812985
C            1.52770399920823        2.04940227532047        6.44278858041926
H            0.81781548841588        1.54298959262295        4.58429769061668
H           -4.55636113905273        0.37276917363907        6.42467960991016
C           -4.99542982437816       -0.53795932004504        3.91919778262814
H           -3.13625707045994       -0.34824833483275        3.07743817526664
H           -3.17222823712194        1.30993222957881        8.28992165581953
O            1.38522887441157        2.15725411823507        7.65569978208174
C            2.85470957860675        2.36592897259732        5.78529143081439
O           -5.79194859713852       -0.29980953452429        4.82183826178800
C           -5.41382505972255       -1.28683492805706        2.67661820125841
C            4.11157017307848        1.97318107449858        6.51923861801230
H            2.90732970875899        2.36782831330239        4.69121105165843
C            3.70112464323540        3.42581406907322        6.50045944914258
C           -6.76626357585622       -0.97950967376275        2.08339391161582
H           -4.63373297652116       -1.60296749791821        1.97452354811628
C           -6.59210405594706       -2.24799483376265        2.88432075988744
H            3.99097282940199        1.45062571966844        7.47126944040706
H            4.97201344079112        1.68969105897998        5.91012582826769
H            3.27030841348918        3.82774067643496        7.42081866237391
C            4.48293677788770        4.38841642537661        5.66428158706833
H           -7.35153136452133       -0.19150661789296        2.56572925495383
H           -6.85514887479130       -1.06606084119717        0.99695844641436
H           -7.01076819958249       -2.25152130377837        3.89552018714115
C           -6.57899366083237       -3.56762619482296        2.18849198733292
O            4.58551060441077        5.58237671894644        6.27192218930869
O            4.97842191480515        4.12680727750858        4.58464888733175
O           -7.19404268922606       -4.50976682670685        2.93696748321086
O           -6.09695864400093       -3.78507868349709        1.09505893974612
C            5.33285967490879        6.64487150182296        5.60818275056967
C           -7.29200052717582       -5.85807058873788        2.39814184170332
C            4.35580015175652        7.52930415731878        4.82118465713132
C            6.09782996208836        7.39586812454346        6.69683076768512
H            6.02961248418609        6.15419089157049        4.90535848060544
C           -7.29126501458208       -6.80976900874783        3.59551629231036
C           -8.54884296555697       -5.96546448032584        1.52729838789245
H           -6.39598296274728       -6.02187790351396        1.76969352403950
H            3.83972015954139        6.93794158773802        4.04715568038849
H            3.60656288270904        7.96621769779282        5.49461621283545
H            4.90244506633123        8.34682903894418        4.33126289574563
H            6.77008599553169        6.71854805387135        7.23902484123456
H            6.70534484081826        8.19780666947138        6.25645189765263
H            5.40884937316061        7.84464933567887        7.42371164414193
H           -6.37616554288832       -6.68108478452079        4.18799127054837
H           -8.15932297669913       -6.62101888887746        4.24495751903892
H           -7.34550866741102       -7.85263927136029        3.25417267462218
H           -8.49076768854297       -5.26126176256439        0.68618522297625
H           -8.64839864282091       -6.98288754181343        1.12415926224513
H           -9.45120560112669       -5.74458561627844        2.11758749748847
C           -0.61760643110485       -1.50119501696089       -4.61098655415696
C            0.34453387968521       -1.29621502735717       -5.63679998200710
C           -1.82389495189978       -2.18962106663138       -4.91637124981403
C            0.13600919609541       -1.82706691792017       -6.92518416111969
N            1.49111019204051       -0.52647656461855       -5.31436775182634
C           -2.02078704968003       -2.72486961465909       -6.20706299152245
N           -2.81123719345191       -2.26948847651274       -3.90674199593490
H            0.89296453437109       -1.66346607140028       -7.69754113169529
C           -1.03766975245538       -2.54305144688351       -7.18432486128265
C            2.43778741399680        0.01144758360939       -6.15897252295603
H            1.50909144583915       -0.19887046189210       -4.34713444083065
H           -2.94360581059939       -3.27288240726567       -6.41543499040548
C           -4.04397514297388       -2.88918769038939       -3.95504724565282
H           -2.59613672960888       -1.75990104544144       -3.04550955941217
H           -1.19605061602060       -2.96341739316101       -8.18597055784253
O            2.54455670784170       -0.24435644354739       -7.35240291832294
C            3.34367529191063        1.02012405664040       -5.48488540764843
O           -4.42597977335464       -3.60425923284963       -4.87591162434266
C           -4.92101978269575       -2.59446901178669       -2.76249769493699
C            3.66725525097384        2.26871187799214       -6.26793381177318
H            3.28100487838793        1.12819164791773       -4.39668268144496
C            4.73459079202718        1.21446459348334       -6.08850197340039
C           -5.82838580735985       -3.68403240643320       -2.25182205009332
H           -4.55798824859883       -1.87582949662509       -2.01834886485736
C           -6.42662690665073       -2.56328189405385       -3.06704424464780
H            3.23328499392597        2.35152504594588       -7.26788784824684
H            3.77977793547333        3.19786823444271       -5.70429943599711
H            4.97549197641856        0.59425029114606       -6.95580728930936
C            5.86003623107411        1.51506734773576       -5.14915155140816
H           -5.76751939898457       -4.65223772784870       -2.75571267334710
H           -6.01160245080208       -3.69601051192193       -1.17408842794210
H           -6.69438957013507       -2.79469217091024       -4.10258002678961
C           -7.26487937784012       -1.52084086882932       -2.40431233976078
O            7.02630106990275        1.05107134614919       -5.62792196825945
O            5.74016980324689        2.11586217477620       -4.09738257438901
O           -8.25753010054751       -1.11010786963631       -3.22257483100179
O           -7.09990491086472       -1.09434616247945       -1.27903730995582
C            8.23965319539870        1.27911231697399       -4.85197922663572
C           -9.17741779136829       -0.09588943029964       -2.72799621860008
C            9.14221531692692        0.06521878916459       -5.07897744656123
C            8.86771758562638        2.60647740889469       -5.28608603119664
H            7.93450797911406        1.34569714139247       -3.79007726817965
C           -8.60218009051975        1.29814958730659       -3.00930951815924
C          -10.52146400227991       -0.35499571645840       -3.40765105394092
H           -9.25750060371015       -0.24001540551929       -1.63517673878714
H            8.62967335341514       -0.85498426820908       -4.76920386484072
H            9.41547560348654       -0.02429166676727       -6.14136617790189
H           10.06967285586748        0.16852763213883       -4.49958639246054
H            8.17577223931275        3.43778923551459       -5.09983769715447
H            9.79208690746191        2.79486521532696       -4.72296061591242
H            9.12162288799040        2.58495752159792       -6.35712317428382
H           -7.63965089219622        1.42731523672059       -2.48830505469554
H           -8.44743191323446        1.44055537571548       -4.08777590866934
H           -9.29683021265530        2.07223255525835       -2.65475804156870
H          -10.88076585873748       -1.36993393343098       -3.18653004481125
H          -11.27568735894389        0.36043539352610       -3.05342700716121
H          -10.43658072163347       -0.25085529949773       -4.49731292087313
H            4.29613832878988       -6.15502369915770        2.47521354479954
H            0.44143297540817       -7.94249566783114        1.61239161616900
H            1.22383694226503        7.17062598688354       -2.19344058407437
H           -3.07162095134228        7.23312078992943       -1.60294263852096
O            3.50009045438514       -3.64505251014019        1.81777857498288
O           -0.70385166499961       -5.59156514260235        0.87992099634409
O            1.47715944180385        4.55951595836682       -1.45232037050904
O           -3.19855819573339        4.64144394357313       -0.80076187914902
C            4.83530901867317       -3.69590066638699        2.21780388721979
C            5.83770132411832       -3.97942497122248        1.28004493084373
C            5.16356614171996       -3.38286467398528        3.54339532559308
C            7.17970055624982       -3.95594262721628        1.68075885583643
H            5.55656149302898       -4.20972460061812        0.24758047255469
C            6.50948097017150       -3.36101739749177        3.93234413145290
H            4.35800385233924       -3.15562627902600        4.24949103290001
C            7.51923831584037       -3.64922173060148        3.00493358733190
H            7.96739198967985       -4.17594508172428        0.95117023121728
H            6.77224231208440       -3.11645988189092        4.96759629665352
H            8.57304584752467       -3.63198228002175        3.31388613390356
C           -1.68398461810049       -6.56557215106000        1.04100341209497
C           -2.06897734456309       -7.01387576186506        2.31277176334847
C           -2.33917158675654       -7.03061829128808       -0.10755260720773
C           -3.10312134276684       -7.95099039190105        2.42662734573568
H           -1.55944500847781       -6.62266838970818        3.19984401614072
C           -3.37776648859294       -7.96119678822550        0.02081980161267
H           -2.02743004659402       -6.64680929306029       -1.08430937463687
C           -3.75849062436584       -8.42939125797514        1.28474273079093
H           -3.40405167384018       -8.30673742965883        3.41821780710126
H           -3.89211631867764       -8.32487990637388       -0.87530084895967
H           -4.56772606487392       -9.16521763482622        1.38103886631332
C            2.75218430553304        5.09527270997586       -1.34085880823666
C            3.06944292974769        6.14939650984381       -0.46918183960539
C            3.76335619656318        4.45997696278945       -2.07968098240428
C            4.39950119801820        6.57601336713623       -0.36158797603985
H            2.28073274922278        6.62717192115999        0.12225960768381
C            5.08869287345744        4.88805296599584       -1.95520053313259
H            3.50303086950456        3.62580627136226       -2.73895185436855
C            5.41243126837904        5.95248958028613       -1.10207913884485
H            4.64638279082539        7.40301698820808        0.31619575924479
H            5.86161358812638        4.37153169217643       -2.53515478762140
H            6.45132799688647        6.29485376171152       -1.00872928914516
C           -4.47871431352405        5.05221440544099       -1.15404936036768
C           -4.84324224153692        5.27247698999806       -2.49024530071770
C           -5.43175835119131        5.15467766785962       -0.13042513108573
C           -6.16632970322970        5.61622791862878       -2.79369079200527
H           -4.09252477777331        5.16682668859956       -3.28050187202951
C           -6.75310004828937        5.49167544601974       -0.44870551825216
H           -5.12046988789059        4.95922988986230        0.90057951322993
C           -7.12412964510643        5.72969705167606       -1.77800010692266
H           -6.45408542846252        5.78878718122286       -3.83647427091611
H           -7.49905496696788        5.57053961627799        0.34947291843957
H           -8.16017924294445        5.99811673594305       -2.02352132044320
N            1.35126841865678        0.46179119233257        0.25649602553729
C            2.39059391520277        1.21819169711167        0.41026236001326
C            2.45576364619946        2.14755771527686        1.48978458827360
C            3.55301408300401        2.95221160697242        1.65501751175767
C            4.62845566084976        2.87692871536393        0.77670988513050
C            4.59024994903638        1.97323272333485       -0.27533618333883
C            3.50870764391428        1.14457732179334       -0.47694083123579
C            3.50205126862866        0.09406255306881       -1.54178338217386
C            3.96730785317135       -1.26025959297994       -0.95907536101252
C            5.33124625421208       -1.11718153809254       -0.35671793660728
C            5.47317510900304       -0.78596759720647        0.98689020470443
C            6.72256716856700       -0.59698310953239        1.54306233690076
C            7.85260918290987       -0.74282697899380        0.74857126625799
C            9.21145527480057       -0.52679212160945        1.33680549115490
F            9.26753372838378       -0.76338678955070        2.65921149885220
F           10.15898469773142       -1.30445377677149        0.78052915774981
F            9.65447420250184        0.74538165891030        1.17767253986479
C            7.73037464901940       -1.06439148259809       -0.59736037141758
C            6.47264675248579       -1.24777740801495       -1.13965394481790
H            1.60651458996947        2.20126095942012        2.15268791717733
H            3.59519111909156        3.64389976193006        2.48333897280793
H            5.48510511954853        3.51407517347565        0.92002426047323
H            5.42185781272784        1.91588954285566       -0.96206909729662
H            4.17698800519250        0.38934555037959       -2.34736212035235
H            2.48473457458766       -0.03120668065783       -1.92222650698848
H            3.98009924965704       -1.99969108023709       -1.76063777832553
H            3.25113445272229       -1.57814375319665       -0.19930286010969
H            4.59451864441417       -0.68217665534393        1.60360285817361
H            6.82771451526105       -0.34567093147780        2.58623662114028
H            8.61468975563900       -1.17182855586250       -1.20693417241930
H            6.37826771065456       -1.49688593962389       -2.18593416034629
245
 energy: -410.917687829829 gnorm: 0.002043418495 xtb: 6.7.1 (edcfbbe)
N            0.20660653204595       -1.81093436682579       -0.90949610050691
N           -0.02586267234821       -1.13850163332456        1.84970699323559
C           -0.37589886885728       -1.03603298049004       -3.19605961046689
C            0.05165604193796       -2.00267300172387       -2.25887196336501
C            0.45131111343072       -3.35202982830035       -2.61165182082974
H            0.41816349683214       -3.76449322434301       -3.62117852508800
C            0.87370214534011       -3.95195958924386       -1.45889475168195
H            1.25885674525222       -4.96350714343879       -1.32359423877094
C            0.68486217603904       -2.99099442052711       -0.38922494340807
C            0.86926315832391       -3.28441845576539        0.97606505039183
C            0.46711151341266       -2.40928527954122        2.00511339852549
C            0.39406055553813       -2.78904023440078        3.40357592674631
H            0.72270173649692       -3.75066232607961        3.80043218157280
C           -0.19217125841213       -1.75031652094923        4.06869036075657
H           -0.43702843333408       -1.66979833248637        5.12860975433082
C           -0.43863744734507       -0.71113482979175        3.08639868550408
C            1.40576218957998       -4.63816549761246        1.36011156388816
C            2.74675411922702       -4.79567860146946        1.78355002137025
C            3.25642724211487       -6.05503451209558        2.14798403822222
C            2.42061192508842       -7.17366632947258        2.08091966016041
H            2.81725349873597       -8.16042763404988        2.35392829227152
C            1.09041005890888       -7.05820388760748        1.66906261199870
C            0.58494536474744       -5.79121466259333        1.32087058144332
N           -0.76224980862446        1.54644040057164        1.12508168406203
N           -0.48172869519429        0.88097925406057       -1.61701956775040
C           -0.99105918815948        0.54992498106284        3.39296612736739
C           -1.07581087693139        1.60651765281875        2.45934001236134
C           -1.44234035945608        2.96416360810690        2.80997034724095
H           -1.75605414625041        3.28186256250261        3.80520741227982
C           -1.29756771660463        3.71891087368068        1.67902305779350
H           -1.47631215928303        4.78679441679773        1.55001194730639
C           -0.90713141979423        2.81495547264546        0.61712463437501
C           -0.78820124615446        3.18356474775088       -0.73662083993568
C           -0.67135643959283        2.23257027937329       -1.76802841527325
C           -0.87627895212642        2.54153939361442       -3.16931097133088
H           -1.04858115039168        3.54384302025018       -3.56308704266249
C           -0.86206546470343        1.35436475874217       -3.84438708159764
H           -1.01638945392703        1.17447341471457       -4.90912534001202
C           -0.58190928937869        0.32005960293802       -2.86668155741712
C           -0.85705718001380        4.63625571383269       -1.12203649923324
C            0.33046258929408        5.32312394464352       -1.47534254687041
C            0.29864477847384        6.66583549182396       -1.89385004879822
C           -0.92665704326786        7.33834040639413       -1.93220830458738
H           -0.95539529973000        8.38902073974951       -2.24955398554480
C           -2.11658801852508        6.69608094050477       -1.57707095272624
C           -2.08060447188828        5.34343286140445       -1.18913267310399
Fe          -0.17076985279823       -0.10101159856932        0.11479152995592
Cl          -2.39914449239126       -0.71991084449586        0.09408238345573
C           -1.57173727526955        0.76369053445291        4.76948429831286
C           -0.80097819788671        1.30023555335678        5.83518306297861
C           -2.93177978320918        0.41351216691958        4.99896002550643
C           -1.37687460914465        1.48903361707252        7.10752869140526
N            0.54853171391826        1.64551240017765        5.56438990719009
C           -3.50378169293450        0.62722438710130        6.27156947509956
N           -3.66297440341928       -0.17115318379317        3.93774008832273
H           -0.76208563395502        1.88972691479627        7.91799937475407
C           -2.72077556825313        1.15553833484062        7.30136451606869
C            1.52803387494739        2.05100050095736        6.44290771468460
H            0.81830023682778        1.54438228736612        4.58441464679722
H           -4.55573325266116        0.37339472443056        6.42470363133277
C           -4.99456664468979       -0.53752142787862        3.91927377052062
H           -3.13541389289469       -0.34756589419540        3.07754513435860
H           -3.17180540943972        1.31087524746257        8.28993577072525
O            1.38554045015460        2.15889889097080        7.65580103680422
C            2.85504925403065        2.36772065491589        5.78541666754069
O           -5.79117252551696       -0.29946912817944        4.82185668638774
C           -5.41283176451998       -1.28654874923465        2.67669156328754
C            4.11193475142825        1.97520685960458        6.51943053942087
H            2.90768483436342        2.36957572739708        4.69133896307255
C            3.70125498655559        3.42775727828070        6.50056598205796
C           -6.76529423961371       -0.97946286771680        2.08342269911078
H           -4.63266145571760       -1.60258257667974        1.97464888331870
C           -6.59095184896766       -2.24787161093024        2.88442162820972
H            3.99139920676817        1.45267619231595        7.47148111123969
H            4.97243998004977        1.69181748710515        5.91036732122674
H            3.27035404083479        3.82967606192447        7.42088764902056
C            4.48293332598838        4.39048674988554        5.66436032755955
H           -7.35070342229579       -0.19153070594336        2.56569788675605
H           -6.85413585605927       -1.06608385263475        0.99699110538023
H           -7.00964761988312       -2.25142341808067        3.89560485115468
C           -6.57761452527307       -3.56755825750111        2.18866468675110
O            4.58532404404556        5.58444376951824        6.27193023299571
O            4.97849751001618        4.12886395079377        4.58475030329744
O           -7.19253142663412       -4.50974283163590        2.93715261004712
O           -6.09550994410658       -3.78497214416629        1.09525186617664
C            5.33250739116800        6.64703064993648        5.60817908122753
C           -7.29025618846892       -5.85808830402696        2.39840899187765
C            4.35531501511037        7.53128788504124        4.82109335941299
C            6.09732072456170        7.39821870955176        6.69680355521210
H            6.02935387586755        6.15644206453204        4.90538958284186
C           -7.28940157660527       -6.80973100300515        3.59583269006043
C           -8.54705935554109       -5.96573420509536        1.52752611804144
H           -6.39419556900484       -6.02178851114704        1.76999190444772
H            3.83935833731129        6.93979411142889        4.04709187343939
H            3.60600105264257        7.96810428718034        5.49448518871068
H            4.90185360391946        8.34886181384131        4.33115434736634
H            6.76966852297671        6.72103602608501        7.23904989992259
H            6.70471960337937        8.20022902862503        6.25640169211425
H            5.40825083974504        7.84692500577230        7.42363743976107
H           -6.37434338221156       -6.68086804546789        4.18832121517774
H           -8.15750868006065       -6.62108776322198        4.24523330297601
H           -7.34347067617446       -7.85262337885364        3.25453845940063
H           -8.48906934743237       -5.26156618528947        0.68638595326302
H           -8.64643754792895       -6.98319151198187        1.12444377067590
H           -9.44947023334850       -5.74497185028591        2.11778041793514
C           -0.61635980701394       -1.50050507996949       -4.61075333805071
C            0.34577153048417       -1.29542859722016       -5.63655075171362
C           -1.82251434179998       -2.18913805654925       -4.91614672956895
C            0.13737787014376       -1.82637197612591       -6.92490960382949
N            1.49223414901450       -0.52546541154463       -5.31412284247136
C           -2.01929693404927       -2.72448490286782       -6.20680500932977
N           -2.80990977043499       -2.26911818346590       -3.90651787672619
H            0.89432645908801       -1.66269123170426       -7.69725503922727
C           -1.03617928741845       -2.54256134000990       -7.18405120488675
C            2.43881927343532        0.01253161918249       -6.15873172415926
H            1.51012261384914       -0.19782794240559       -4.34690530781327
H           -2.94201862550255       -3.27265666930622       -6.41517969028504
C           -4.04249834373999       -2.88901286755658       -3.95486112943941
H           -2.59488884473902       -1.75944627794308       -3.04532500550579
H           -1.19446271661688       -2.96300234294677       -8.18567797363702
O            2.54568621145566       -0.24329448717900       -7.35214111444752
C            3.34455255818946        1.02141384283572       -5.48466556499420
O           -4.42439219910982       -3.60419401674023       -4.87567818243212
C           -4.91966387508444       -2.59437155375995       -2.76232391558566
C            3.66794723239057        2.27000508066533       -6.26776982255607
H            3.28182256008050        1.12952111631384       -4.39647463928861
C            4.73543231468301        1.21594027928352       -6.08825937932915
C           -5.82685546076302       -3.68405766714722       -2.25162893892424
H           -4.55675534601007       -1.87563978043219       -2.01821410706201
C           -6.42524455976857       -2.56345086019072       -3.06692884375165
H            3.23399166262755        2.35270072517959       -7.26773828651037
H            3.78030363635813        3.19920735281869       -5.70418054777653
H            4.97647359628785        0.59572067220497       -6.95551638775556
C            5.86083505849070        1.51675948161313       -5.14887498726426
H           -5.76582043073503       -4.65227824131468       -2.75546572775163
H           -6.01010266499624       -3.69601117304816       -1.17390250203326
H           -6.69295083000947       -2.79495011367960       -4.10245579495826
C           -7.26370454584436       -1.52109418058187       -2.40427782398411
O            7.02716369876424        1.05295108504296       -5.62759530556337
O            5.74081454290891        2.11760783861613       -4.09715908098167
O           -8.25638631980343       -1.11057291327209       -3.22257154747174
O           -7.09881739844990       -1.09452911754517       -1.27901470859711
C            8.24045609210344        1.28121170516700       -4.85163760156173
C           -9.17644856066619       -0.09648984743816       -2.72808796940322
C            9.14322743938976        0.06744933991074       -5.07854591290453
C            8.86832634239846        2.60866266016525       -5.28578829084037
H            7.93527538927384        1.34779320416609       -3.78974444164152
C           -8.60142761199083        1.29764684320833       -3.00945520716327
C          -10.52043671358376       -0.35583605343515       -3.40776798234722
H           -9.25654331155326       -0.24055835156368       -1.63526160773409
H            8.63082155014795       -0.85280499767794       -4.76873453875318
H            9.41652922164003       -0.02206447460817       -6.14091939785311
H           10.07064660112935        0.17094267350640       -4.49912914850061
H            8.17624249414339        3.43986395144423       -5.09960176311339
H            9.79264655315777        2.79722009495635       -4.72264752393817
H            9.12226592752575        2.58712394052341       -6.35681426754151
H           -7.63893745436155        1.42698561525597       -2.48842803682886
H           -8.44667403939984        1.44001426366732       -4.08791934342500
H           -9.29621408049968        2.07162533258407       -2.65496350409817
H          -10.87958098480125       -1.37081789242481       -3.18660404601726
H          -11.27478344491808        0.35948992448002       -3.05360254655141
H          -10.43553878151164       -0.25173734073556       -4.49742743514667
H            4.29792496793296       -6.15317908604053        2.47582791543870
H            0.44353598839127       -7.94131428384406        1.61298647551990
H            1.22362100066235        7.17173630253589       -2.19359886345740
H           -3.07186122916448        7.23357219169708       -1.60323131264367
O            3.50149629943982       -3.64337043326587        1.81823083910268
O           -0.70210398136750       -5.59060535027516        0.88035920440732
O            1.47734384282892        4.56070311562696       -1.45233598959982
O           -3.19840633614435        4.64191757344078       -0.80091792601696
C            4.83671887542558       -3.69396747387035        2.21830769603649
C            5.83916563048044       -3.97740648699760        1.28059614359703
C            5.16488051795125       -3.38081833225669        3.54388530717261
C            7.18115459092415       -3.95368499055937        1.68134450092022
H            5.55809714853351       -4.20779512335837        0.24812779241275
C            6.51077841462898       -3.35874564330455        3.93288081771827
H            4.35925998610027       -3.15370254547856        4.24994855206615
C            7.52059092800310       -3.64686568253234        3.00552142544537
H            7.96890528954699       -4.17359464894576        0.95179992946972
H            6.77347738296903       -3.11408978710285        4.96811631905948
H            8.57438884101332       -3.62943829922220        3.31450626453254
C           -1.68209094055333       -6.56476409735851        1.04147166275775
C           -2.06704379721345       -7.01306254263288        2.31324248873369
C           -2.33716875104059       -7.02997389047927       -0.10708620288458
C           -3.10104394520835       -7.95033921935574        2.42711663826765
H           -1.55760259473638       -6.62172956926559        3.20031027050304
C           -3.37561304336000       -7.96071134079641        0.02130271964082
H           -2.02545897657035       -6.64616463868980       -1.08384982764053
C           -3.75629948575813       -8.42890251221816        1.28524437845227
H           -3.40194284179387       -8.30608342795052        3.41871592341287
H           -3.88987977253043       -8.32452434224428       -0.87480895522567
H           -4.56541916560026       -9.16485439675487        1.38154922952325
C            2.75228348642554        5.09667109756408       -1.34085450578274
C            3.06933991055131        6.15089030622898       -0.46923178618742
C            3.76358833957373        4.46149013718620       -2.07961443990637
C            4.39933709016756        6.57772316384573       -0.36161965466111
H            2.28053981524881        6.62857013660469        0.12215838088470
C            5.08884214276368        4.88977945616841       -1.95512194183278
H            3.50340744571024        3.62725027152289       -2.73885318740076
C            5.41237479942761        5.95433427906247       -1.10204454078345
H            4.64605661553866        7.40480630340174        0.31612385982636
H            5.86186077985266        4.37336260431984       -2.53502431988520
H            6.45121578250348        6.29686666401984       -1.00869450323801
C           -4.47862241549081        5.05246377792995       -1.15427267817753
C           -4.84314339385253        5.27259920157023       -2.49047961485890
C           -5.43171370990889        5.15482581502257       -0.13067398950076
C           -6.16628143126571        5.61612196382652       -2.79398263237817
H           -4.09238905740745        5.16702920529105       -3.28071069465879
C           -6.75309522981939        5.49159540095766       -0.44900821578632
H           -5.12042141325395        4.95948170508167        0.90034624811781
C           -7.12412455277213        5.72948865131103       -1.77833306976431
H           -6.45403176638267        5.78858161789975       -3.83678242042064
H           -7.49908758261399        5.57038104724235        0.34913802326013
H           -8.16021064205419        5.99773019342401       -2.02389181458601
N            1.35066804009777        0.46702461286253        0.25724445395048
C            2.39137878952056        1.22144116224481        0.40882556664543
C            2.46101859132502        2.15553254361254        1.48388635702042
C            3.56296273510666        2.95441477621514        1.64600124906703
C            4.63815782410290        2.86897500331062        0.76836159208705
C            4.59437747684810        1.96236907617407       -0.28104787028637
C            3.50788521453539        1.13958710833568       -0.48000384931829
C            3.49474815053358        0.08758549887636       -1.54406113503126
C            3.95687545148903       -1.26769484315292       -0.96371363526428
C            5.31963921213713       -1.12687450694968       -0.35811376751861
C            5.45725014876390       -0.78326308602986        0.98278199969201
C            6.70517310095941       -0.59533573318019        1.54246689850482
C            7.83793165038080       -0.75618991817660        0.75474575204085
C            9.19550561969885       -0.53999580925451        1.34597901110001
F            9.24686188814221       -0.76598736830528        2.67071510067426
F           10.14242787716751       -1.32597698738379        0.79908163832221
F            9.64314872063424        0.72881349472795        1.17607837959870
C            7.72001936362676       -1.08802098402160       -0.58930694832505
C            6.46364598532377       -1.26952739898830       -1.13500604008050
H            1.61196637398355        2.21787732745878        2.14628734991296
H            3.60946806739033        3.64943239274345        2.47133457770124
H            5.49908446323506        3.50072401673592        0.90915447120253
H            5.42579267901040        1.89867969449937       -0.96751306540395
H            4.16919290182958        0.38220914689765       -2.35070359649490
H            2.47619550764789       -0.03302495028110       -1.92289312136245
H            3.97059466623826       -2.00583220069120       -1.76639021436452
H            3.23949514819950       -1.58713733546366       -0.20564586801552
H            4.57658270859098       -0.66791438081279        1.59468325262022
H            6.80785246149561       -0.33318231016597        2.58329269536103
H            8.60607538618867       -1.20472231461088       -1.19477212349653
H            6.37207944228152       -1.52538473508133       -2.18021105691167
245
 energy: -410.917739398238 gnorm: 0.001970626472 xtb: 6.7.1 (edcfbbe)
N            0.20766134387668       -1.80987583474726       -0.90917341255294
N           -0.02497635684284       -1.13733034962746        1.84996789930163
C           -0.37489374037679       -1.03521330967570       -3.19580373549160
C            0.05278431186628       -2.00171179805599       -2.25854706526675
C            0.45267988309426       -3.35103691199617       -2.61123913345528
H            0.41962519907701       -3.76355653105636       -3.62074836379052
C            0.87512128941366       -3.95084414687035       -1.45844750157345
H            1.26044369343220       -4.96230977876136       -1.32306842879916
C            0.68608747786425       -2.98983852114797       -0.38882195806391
C            0.87050065641509       -3.28316432860068        0.97648285421021
C            0.46817835793640       -2.40803020450830        2.00547526443794
C            0.39514087177834       -2.78772556477768        3.40395277163725
H            0.72392898350235       -3.74926992413210        3.80087089196478
C           -0.19127970499913       -1.74905837114372        4.06899111614345
H           -0.43618369074918       -1.66852212202280        5.12889781495076
C           -0.43787997472022       -0.70997178984548        3.08663074228139
C            1.40721080075904       -4.63679630941492        1.36061964629416
C            2.74821978170824       -4.79406285155324        1.78411056724666
C            3.25808094093751       -6.05332136499677        2.14862843336364
C            2.42245069416652       -7.17209150973307        2.08160019231856
H            2.81924481896332       -8.15877335024437        2.35467539936623
C            1.09224205722525       -7.05686873376817        1.66969423648038
C            0.58658199156171       -5.78998101966987        1.32141708340642
N           -0.76180676300531        1.54745923176323        1.12520515765371
N           -0.48109926208814        0.88187888511131       -1.61688866152719
C           -0.99051816793816        0.55101525268259        3.39311417985392
C           -1.07540193037439        1.60753963809615        2.45942896598990
C           -1.44217428591117        2.96515357086179        2.80997264175483
H           -1.75597556602760        3.28285001767314        3.80518275742142
C           -1.29749598839768        3.71986207751945        1.67899248815437
H           -1.47640785972625        4.78770654020710        1.54991088536559
C           -0.90687560270176        2.81590808996469        0.61714888207723
C           -0.78796569842768        3.18446241400669       -0.73661029018249
C           -0.67092752827202        2.23342517417721       -1.76796480844992
C           -0.87586027043645        2.54228843420560       -3.16926997766780
H           -1.04831334982294        3.54454212822183       -3.56310560519179
C           -0.86143144048032        1.35507878212703       -3.84428092229224
H           -1.01569280778226        1.17510345919502       -4.90901274090601
C           -0.58114171607121        0.32087818770286       -2.86650116881299
C           -0.85704468019281        4.63711961393366       -1.12210878514457
C            0.33037181529798        5.32416393821021       -1.47541705900105
C            0.29835153279970        6.66684559734642       -1.89399770516014
C           -0.92706076814420        7.33914838025878       -1.93243058387922
H           -0.95595981390145        8.38980669038991       -2.24983570614032
C           -2.11689779229614        6.69671428188445       -1.57729555460902
C           -2.08070702019945        5.34409287091086       -1.18928117814984
Fe          -0.16999798753265       -0.09995172989476        0.11496812508274
Cl          -2.39829012062461       -0.71922660888979        0.09425998672339
C           -1.57127732152882        0.76476027695313        4.76960035841941
C           -0.80064449228168        1.30149022219406        5.83529834266774
C           -2.93126488501849        0.41437618362564        4.99905877523170
C           -1.37660441583322        1.49026602334511        7.10761269136167
N            0.54883494510721        1.64697435037732        5.56452367400337
C           -3.50334739316141        0.62806188230386        6.27163454673327
N           -3.66234420376179       -0.17047193297776        3.93783636902014
H           -0.76190828561888        1.89110316451214        7.91808204525222
C           -2.72046043741053        1.15656109552513        7.30142532342158
C            1.52821620417605        2.05266701707803        6.44305628367655
H            0.81863170203094        1.54583502574757        4.58456314065622
H           -4.55526237479513        0.37406981966316        6.42474952702228
C           -4.99385849767704       -0.53705018816255        3.91936542324363
H           -3.13471603357004       -0.34684277862910        3.07767697059930
H           -3.17154552901499        1.31187880151730        8.28997428692469
O            1.38568597520420        2.16061275428879        7.65593601708758
C            2.85522223480889        2.36957347429754        5.78558308940173
O           -5.79054306815013       -0.29908510801518        4.82190031564281
C           -5.41197486415934       -1.28622303258439        2.67679751898934
C            4.11213865251590        1.97730473467267        6.51966154883635
H            2.90788197171624        2.37138545499072        4.69150605123467
C            3.70122478146242        3.42978131271642        6.50070196702117
C           -6.76446452327424       -0.97938681369387        2.08347437092604
H           -4.63172616829127       -1.60216488419593        1.97480196584402
C           -6.58993925720618       -2.24772036912869        2.88454938505753
H            3.99166232873783        1.45480231406599        7.47173626563559
H            4.97271051414930        1.69401828720983        5.91064729954668
H            3.27023005265277        3.83168435490762        7.42098916551845
C            4.48276731919934        4.39261391734392        5.66446840374856
H           -7.35001814831717       -0.19152328301335        2.56568813387405
H           -6.85325869725353       -1.06608276188008        0.99704379943042
H           -7.00866743392030       -2.25128822507375        3.89571931176830
C           -6.57636706381932       -3.56745101071167        2.18886592929214
O            4.58495806283335        5.58659098798103        6.27197336230598
O            4.97841611840668        4.13098864868723        4.58488089024051
O           -7.19115317940517       -4.50968746252956        2.93738372704467
O           -6.09419103776874       -3.78483998291499        1.09547759822448
C            5.33198215242419        6.64927345804333        5.60819255536923
C           -7.28864056396541       -5.85808035639716        2.39871327757533
C            4.35466670808647        7.53333089717184        4.82102616235098
C            6.09663633056336        7.40064692165807        6.69679840718205
H            6.02892979019436        6.15876233632244        4.90544875751853
C           -7.28766846613830       -6.80965661470889        3.59618818981168
C           -8.54539860300043       -5.96597941486567        1.52779613768160
H           -6.39253332533402       -6.02166915460550        1.77033227698469
H            3.83882984981041        6.94171003361778        4.04704495819120
H            3.60526130522015        7.97006037900140        5.49437132403983
H            4.90108930785227        8.35096571856507        4.33105891056910
H            6.76907872427352        6.72360314925924        7.23910413183199
H            6.70391882278267        8.20273353170793        6.25637077111156
H            5.40747006501921        7.84928163123366        7.42358655108206
H           -6.37264922787724       -6.68061251714867        4.18869908530106
H           -8.15582711580355       -6.62111950400131        4.24555216224562
H           -7.34155628345752       -7.85257802407654        3.25494944161817
H           -8.48749745836149       -5.26184828102755        0.68661838553162
H           -8.64459813181974       -6.98347586714275        1.12476608507448
H           -9.44786464649066       -5.74533165560591        2.11801072968056
C           -0.61523594819655       -1.49979381497745       -4.61047848322924
C            0.34689101260100       -1.29461956850271       -5.63625957306356
C           -1.82126300772764       -2.18864001214606       -4.91587699572609
C            0.13862902124025       -1.82566408306492       -6.92459439263494
N            1.49322652761329       -0.52444345490342       -5.31383718609537
C           -2.01792452582370       -2.72409031833354       -6.20650734070258
N           -2.80869290593127       -2.26872685087817       -3.90626364097656
H            0.89557418269618       -1.66190243482716       -7.69692553765929
C           -1.03480430277779       -2.54206056190209       -7.18373365747763
C            2.43973877037873        0.01365005226286       -6.15844821294648
H            1.51102500933126       -0.19675626538859       -4.34663775682748
H           -2.94054934653564       -3.27242408551297       -6.41488179610860
C           -4.04115569390014       -2.88882426430476       -3.95462787216556
H           -2.59376950650949       -1.75897048316406       -3.04510020646255
H           -1.19298764690121       -2.96258190612107       -8.18534257853552
O            2.54669147070562       -0.24221702808719       -7.35183827980592
C            3.34529484229628        1.02272906466288       -5.48440556167958
O           -4.42291966626181       -3.60411939696596       -4.87540769089780
C           -4.91842578779435       -2.59425960781681       -2.76212020665664
C            3.66850811533753        2.27132391888238       -6.26756988634734
H            3.28251350877801        1.13088267915368       -4.39622389416153
C            4.73615343704151        1.21744577192433       -6.08796969167383
C           -5.82544815425887       -3.68406674392676       -2.25139864361829
H           -4.55565084173680       -1.87542816599278       -2.01804372143967
C           -6.42399154618521       -2.56360440932625       -3.06678034082095
H            3.23456859503851        2.35389491248441       -7.26755713440393
H            3.78069557145197        3.20057652527179       -5.70402690184186
H            4.97732920858995        0.59721556573570       -6.95518277557785
C            5.86149055345953        1.51849087632455       -5.14856111856896
H           -5.76423956903556       -4.65230577893494       -2.75518086597928
H           -6.00872861360422       -3.69599085529233       -1.17367660479069
H           -6.69163154297674       -2.79520215280759       -4.10230238132630
C           -7.26265022156324       -1.52134277774008       -2.40421319322557
O            7.02789901276479        1.05486097902561       -5.62722631954474
O            5.74133092467045        2.11938890369659       -4.09688669196857
O           -8.25536917392730       -1.11103260635712       -3.22255715902785
O           -7.09786282508827       -1.09469322465291       -1.27896536621174
C            8.24113326028738        1.28335431966251       -4.85124163536489
C           -9.17561192422558       -0.09707602824317       -2.72816199727633
C            9.14411093656717        0.06973200561718       -5.07805772601355
C            8.86880005513812        2.61088643233658       -5.28544387146213
H            7.93591032443276        1.34993653300334       -3.78936051447489
C           -8.60081025777806        1.29714282363386       -3.00958636828849
C          -10.51953645288488       -0.35667614916421       -3.40786823714206
H           -9.25571837448564       -0.24109370672853       -1.63532785641458
H            8.63184507757805       -0.85058633250711       -4.76820360784209
H            9.41745669999703       -0.01979627013635       -6.14041866423653
H           10.07149334860769        0.17339972707051       -4.49860678915801
H            8.17657440066422        3.44198480783306       -5.09932403115483
H            9.79307286228507        2.79962301405599       -4.72228272916262
H            9.12277638099153        2.58932960352370       -6.35646169877740
H           -7.63835765790520        1.42666734572236       -2.48853540341094
H           -8.44604611068500        1.43947569976729       -4.08805417838328
H           -9.29573493557119        2.07102705977414       -2.65515818585426
H          -10.87852270738128       -1.37170544852813       -3.18665963279628
H          -11.27401220151313        0.35854675536277       -3.05376505502696
H          -10.43462168679260       -0.25262342049599       -4.49753191260112
H            4.29958487240340       -6.15127484514023        2.47651200627086
H            0.44551441053799       -7.94008788576029        1.61364667564969
H            1.22325403548584        7.17288066770508       -2.19374539841438
H           -3.07225836690729        7.23404780579176       -1.60351580008347
O            3.50277088523491       -3.64163430686881        1.81874739502340
O           -0.70048476327152       -5.58960514183521        0.88085324024473
O            1.47738170030081        4.56192807086143       -1.45233021589684
O           -3.19840358080641        4.64241686122691       -0.80106314581874
C            4.83798517338901       -3.69198385099195        2.21887709049535
C            5.84049918634217       -3.97533767423658        1.28121615485806
C            5.16605299225630       -3.37871146065834        3.54443875152539
C            7.18247533364112       -3.95136554317154        1.68200026672406
H            5.55950625914081       -4.20581610519074        0.24874888909964
C            6.51193911030527       -3.35639928584634        3.93348074755256
H            4.36037495806975       -3.15170349370399        4.25046725496043
C            7.52181911478487       -3.64442157149596        3.00617977649616
H            7.97028874696763       -4.17118547591983        0.95249914136402
H            6.77456805196207       -3.11164289036549        4.96870537508366
H            8.57561207869155       -3.62679566166281        3.31518440532892
C           -1.68031886256154       -6.56391530512262        1.04199317009224
C           -2.06523632894091       -7.01220566789136        2.31377270253150
C           -2.33528470794147       -7.02929546254296       -0.10656424162114
C           -3.09909017483281       -7.94964635009554        2.42766580562578
H           -1.55588827526215       -6.62074142336610        3.20083673708904
C           -3.37357913880690       -7.96019470644160        0.02184260221752
H           -2.02360602796719       -6.64548861828474       -1.08333844046019
C           -3.75422982983750       -8.42837878366059        1.28580281757776
H           -3.39996042515807       -8.30538415861897        3.41927745381188
H           -3.88775987415490       -8.32414146186222       -0.87426404172820
H           -4.56323339464646       -9.16445759520507        1.38211897931927
C            2.75222833764097        5.09811258624620       -1.34083359154431
C            3.06908228423737        6.15242986729406       -0.46926014105617
C            3.76366534115212        4.46305203837695       -2.07952993989451
C            4.39901255893785        6.57948660805460       -0.36162713774538
H            2.28018611960714        6.63001572066897        0.12207817857188
C            5.08884051423559        4.89156182851122       -1.95502142154923
H            3.50364008590172        3.62873196678906       -2.73873053541054
C            5.41216482889124        5.95623107307777       -1.10199018719951
H            4.64557033883655        7.40664936333382        0.31607467228777
H            5.86196228737859        4.37524011320279       -2.53486641238891
H            6.45095303716896        6.29893012124141       -1.00862973264931
C           -4.47867708693868        5.05273447676763       -1.15448460093568
C           -4.84318994183663        5.27273672078101       -2.49071025828777
C           -5.43181827958410        5.15499677925752       -0.13091626061939
C           -6.16637844638250        5.61602671290290       -2.79427403816103
H           -4.09239513233804        5.16724572639368       -3.28091454601694
C           -6.75324271313362        5.49153324160887       -0.44930959031560
H           -5.12052486379829        4.95976031715579        0.90012392814208
C           -7.12426958286783        5.72929231807933       -1.77866491465933
H           -6.45412177270826        5.78838178550959       -3.83709442845492
H           -7.49927442531323        5.57024070238149        0.34880720347221
H           -8.16039278100001        5.99735172429669       -2.02426654788889
N            1.35134369797567        0.46982248585069        0.25678055029089
C            2.39313506877220        1.22324376907832        0.40565011919529
C            2.46762916769324        2.16051922097119        1.47739239228289
C            3.57320921215516        2.95504921577364        1.63662756212863
C            4.64728104454748        2.86227766122238        0.75864897805834
C            4.59821988299198        1.95359000440991       -0.28883679747148
C            3.50806368787621        1.13523069997408       -0.48498263845432
C            3.49101064304877        0.08215333903814       -1.54819380866615
C            3.94697417337391       -1.27427639525618       -0.96777451018910
C            5.30845070916975       -1.13667424603913       -0.35815250628105
C            5.44227614837115       -0.78155310750350        0.98004505937238
C            6.68899514254477       -0.59468196658336        1.54287069831669
C            7.82382470462764       -0.76944150693153        0.76145583035211
C            9.18038584807802       -0.55288187703210        1.35473119383906
F            9.22808729816325       -0.76820133379493        2.68140683862029
F           10.12635583792976       -1.34767844816071        0.81692315527409
F            9.63262658617873        0.71200647791338        1.17400889739850
C            7.70982017889180       -1.11174522647232       -0.58042089224939
C            6.45469368974136       -1.29131427585875       -1.12939919963689
H            1.61956756835020        2.22888760131335        2.14035797658193
H            3.62384623857179        3.65213143128066        2.45992421408988
H            5.51182508502084        3.48965353566637        0.89677422798471
H            5.42907753338890        1.88509226329111       -0.97541221950102
H            4.16806529057135        0.37455200053557       -2.35361644149582
H            2.47277221767721       -0.03343443097855       -1.92916665227321
H            3.96107346636960       -2.01243805625460       -1.77051477395344
H            3.22719440287846       -1.59265144155696       -0.21144333250267
H            4.55997056194562       -0.65544648940059        1.58745942604718
H            6.78957048905257       -0.32286085960313        2.58140277481836
H            8.59755683618884       -1.23814461794148       -1.18140767262646
H            6.36546434741839       -1.55453129638379       -2.17306835997625
245
 energy: -410.917828170982 gnorm: 0.002607584309 xtb: 6.7.1 (edcfbbe)
N            0.20946937454998       -1.80786212161408       -0.90850087290962
N           -0.02349141597029       -1.13505088762714        1.85053083099372
C           -0.37314220809092       -1.03363482755080       -3.19525602490390
C            0.05476865266730       -1.99987306583227       -2.25785524075711
C            0.45511367916811       -3.34912660047656       -2.61037514742087
H            0.42224201305275       -3.76176602900230       -3.61984900717840
C            0.87764763222138       -3.94870309938450       -1.45750395659105
H            1.26328397032021       -4.96001270314123       -1.32197540919734
C            0.68823987013859       -2.98761589113043       -0.38798636602915
C            0.87266918835953       -3.28074246249654        0.97736540948141
C            0.47002418012064       -2.40561353919115        2.00624022946288
C            0.39700431257384       -2.78517600930918        3.40473905863210
H            0.72606347405224       -3.74657242404516        3.80179009168364
C           -0.18978205695157       -1.74660502937686        4.06963028242139
H           -0.43477842878331       -1.66603291791236        5.12951546244943
C           -0.43663332733170       -0.70770923600070        3.08714802382566
C            1.40977339015218       -4.63415408022882        1.36167824575905
C            2.75081471161981       -4.79095525799348        1.78527527525255
C            3.26102829631115       -6.05002793856903        2.14996442632001
C            2.42574442053505       -7.16906014390785        2.08300625050258
H            2.82282517207715       -8.15559124676843        2.35621602615779
C            1.09552465360497       -7.05429238516368        1.67099980248017
C            0.58950135011994       -5.78759619402618        1.32255185471730
N           -0.76103351036866        1.54939926757606        1.12547036897433
N           -0.48006614874933        0.88361797972068       -1.61656842101622
C           -0.98967760749528        0.55314709890737        3.39345075240651
C           -1.07479523937622        1.60953783544924        2.45963834502659
C           -1.44203696922322        2.96707618687995        2.81001281275466
H           -1.75600821567057        3.28478595230477        3.80517028351781
C           -1.29752405515467        3.72170777740108        1.67896239306199
H           -1.47675612305293        4.78948505789893        1.54974834958221
C           -0.90654282806092        2.81775656676632        0.61723969782971
C           -0.78767507703818        3.18620289835613       -0.73654135913595
C           -0.67026967399484        2.23507954675186       -1.76780244492912
C           -0.87521010413204        2.54373323899412       -3.16914086730694
H           -1.04794800356706        3.54588921914303       -3.56310430492315
C           -0.86037191690978        1.35644389762536       -3.84402644669574
H           -1.01451114402786        1.17630915740334       -4.90875052566463
C           -0.57983438870191        0.32244885730997       -2.86610869592550
C           -0.85717216679723        4.63878865079709       -1.12221239091015
C            0.33005177651744        5.32616354509929       -1.47552427607564
C            0.29765254595117        6.66878781120510       -1.89425233280355
C           -0.92796888403246        7.34070896563980       -1.93283524959563
H           -0.95717036903541        8.39132506055995       -2.25035934113177
C           -2.11763259094480        6.69794804956454       -1.57770617106043
C           -2.08105171916347        5.34537949140513       -1.18954009649916
Fe          -0.16853068237622       -0.09787395437176        0.11533848263962
Cl          -2.39685469519403       -0.71789585022944        0.09463925226055
C           -1.57059123508771        0.76685915935716        4.76986982652941
C           -0.80019586932822        1.30394398890476        5.83556492199856
C           -2.93048973254623        0.41608178875699        4.99928156609025
C           -1.37629376238303        1.49268463868586        7.10782114250681
N            0.54919972679886        1.64981052450782        5.56483646602569
C           -3.50272064695668        0.62973214695119        6.27180042940187
N           -3.66131431167975       -0.16910331018985        3.93807874320198
H           -0.76177263297537        1.89379824996312        7.91828663419025
C           -2.72006229583654        1.15858593568157        7.30158111577671
C            1.52839052313362        2.05590346151969        6.44339066052164
H            0.81907599778715        1.54865482956833        4.58490338636096
H           -4.55456918677807        0.37543398357359        6.42487205348271
C           -4.99271927925084       -0.53609729317739        3.91956098918148
H           -3.13357804567097       -0.34541029583226        3.07796958555724
H           -3.17125968221870        1.31387403050436        8.29008659252361
O            1.38575508423259        2.16394003658891        7.65625079734364
C            2.85534627113554        2.37314302249726        5.78597149591106
O           -5.78953567220602       -0.29827535881558        4.82202054453778
C           -5.41052379074606       -1.28553191442782        2.67705023484005
C            4.11233053354141        1.98134703612761        6.52017152313593
H            2.90807039851408        2.37487045919815        4.69189245678789
C            3.70097985229158        3.43370020057302        6.50101795408263
C           -6.76306913129934       -0.97917798782611        2.08360563242684
H           -4.63013017697148       -1.60131439940074        1.97513714408745
C           -6.58820608983549       -2.24737166088780        2.88483119954108
H            3.99195718321420        1.45890683554962        7.47229718091824
H            4.97303294034846        1.69825374992646        5.91125125631816
H            3.26979580754746        3.83556418415717        7.42124129276133
C            4.48226907610520        4.39668263294490        5.66473172454922
H           -7.34889662732209       -0.19143895412204        2.56569820703218
H           -6.85176631778501       -1.06602259825748        0.99717485784524
H           -7.00699793193381       -2.25095357143876        3.89597813900965
C           -6.57418272853742       -3.56716866396263        2.18929113519820
O            4.58406266358118        5.59073912247977        6.27211934312394
O            4.97808102230620        4.13507400314909        4.58518910749969
O           -7.18872938285565       -4.50951300108309        2.93788615781705
O           -6.09186896660797       -3.78453409339196        1.09595750207417
C            5.33079970434138        6.65359915988585        5.60825960396226
C           -7.28576739366252       -5.85800139518740        2.39934567851122
C            4.35326981213209        7.53725175030308        4.82094628895002
C            6.09515209729756        7.40531469648348        6.69683823486385
H            6.02794727249967        6.16321242249500        4.90561992672971
C           -7.28458173314970       -6.80943826666273        3.59692284029254
C           -8.54243216574649       -5.96637711904355        1.52836683819486
H           -6.38956772730239       -6.02137933460385        1.77104188153301
H            3.83765338335065        6.94539474837752        4.04699805691281
H            3.60367518850901        7.97383315007454        5.49419201672650
H            4.89946562464202        8.35501219510543        4.33091372410445
H            6.76777090150537        6.72853432066205        7.23926616029071
H            6.70221747941855        8.20754597184863        6.25635943981579
H            5.40579612979104        7.85382091322343        7.42353762416165
H           -6.36963540974921       -6.68005083219676        4.18948658639686
H           -8.15284104736232       -6.62109618375231        4.24621787803716
H           -7.33812344218546       -7.85242090170228        3.25579771905739
H           -8.48469744056640       -5.26232020340166        0.68710603964245
H           -8.64129549484055       -6.98395254827005        1.12543360120623
H           -9.44500969065069       -5.74593971670360        2.11849767576598
C           -0.61324953792755       -1.49843093810369       -4.60988947685463
C            0.34887996314451       -1.29307379140788       -5.63563486089680
C           -1.81904960807203       -2.18768304043518       -4.91529096627936
C            0.14086502510470       -1.82432498738032       -6.92392601421818
N            1.49495476028993       -0.52251935476576       -5.31322470818862
C           -2.01546242522061       -2.72333590303751       -6.20587746373949
N           -2.80651410214646       -2.26795816409748       -3.90573467025195
H            0.89781071535031       -1.66041331518874       -7.69622497755621
C           -1.03233278255215       -2.54111037570597       -7.18305867757604
C            2.44136611812949        0.01578943503830       -6.15783362823586
H            1.51259168497598       -0.19470932792575       -4.34606196812169
H           -2.93790658037603       -3.27197582568031       -6.41424914081698
C           -4.03878596953118       -2.88844265759351       -3.95410892446296
H           -2.59180532739078       -1.75804285062732       -3.04461001035865
H           -1.19032313933753       -2.96179082037441       -8.18463430900141
O            2.54846273048440       -0.24018804565218       -7.35118877052262
C            3.34655393973495        1.02521840387191       -5.48384096299946
O           -4.42027118337560       -3.60395735835819       -4.87483640271100
C           -4.91622234990582       -2.59401714167759       -2.76168990605576
C            3.66943974001561        2.27382084919391       -6.26712399408336
H            3.28368362887978        1.13347389741195       -4.39567527443025
C            4.73739925133309        1.22029484883591       -6.08733474454390
C           -5.82294218108133       -3.68404562756045       -2.25090643020237
H           -4.55371645496779       -1.87498874239385       -2.01766692912999
C           -6.42177999605000       -2.56385497967686       -3.06644994581888
H            3.23553630708889        2.35614743443638       -7.26715160342776
H            3.78130695272431        3.20317239623791       -5.70367134388515
H            4.97881889628728        0.60003786590930       -6.95446905977712
C            5.86257676597813        1.52177769270625       -5.14789190916390
H           -5.76140266391886       -4.65232349312708       -2.75458185057405
H           -6.00629029675481       -3.69590607003622       -1.17319097909748
H           -6.68927894665122       -2.79565216973218       -4.10196740193784
C           -7.26079600027599       -1.52178492656171       -2.40404896103480
O            7.02916025310604        1.05846416338858       -5.62644003855997
O            5.74217722643475        2.12276302797591       -4.09628308319026
O           -8.25359144271325       -1.11186754930787       -3.22251421950983
O           -7.09621604815646       -1.09495491196386       -1.27883652646970
C            8.24228307947928        1.28741348874710       -4.85039031581663
C           -9.17417976016807       -0.09813297580303       -2.72828065135504
C            9.14564463618737        0.07406011747280       -5.07702178147677
C            8.86956186721895        2.61508999989100       -5.28469949601390
H            7.93696697555692        1.35401881174063       -3.78854105733893
C           -8.59978874620327        1.29621857209825       -3.00981925701418
C          -10.51797719976035       -0.35822708293044       -3.40804232675336
H           -9.25431074630843       -0.24206232178317       -1.63543311944982
H            8.63364021818750       -0.84638563302633       -4.76708984524933
H            9.41907916120226       -0.01551009761041       -6.13936082722144
H           10.07295733503161        0.17804358945032       -4.49749730253553
H            8.17706729645681        3.44600398457726       -5.09871464563343
H            9.79374531257152        2.80417268429266       -4.72149282681360
H            9.12361347407995        2.59349553062147       -6.35570298371520
H           -7.63740641960864        1.42610520271443       -2.48872035839540
H           -8.44499573791766        1.43848758671777       -4.08829944176227
H           -9.29497404895345        2.06993899891372       -2.65551938883076
H          -10.87666804917468       -1.37334721031079       -3.18674627049339
H          -11.27269999441544        0.35680585430335       -3.05406500882219
H          -10.43302466617859       -0.25426853813856       -4.49771977435918
H            4.30254223830982       -6.14762011598293        2.47792924637052
H            0.44907240805230       -7.93771624806469        1.61500812562701
H            1.22241785912538        7.17507429468142       -2.19399604936066
H           -3.07315802088438        7.23498433329614       -1.60404724712484
O            3.50500760119528       -3.63830091362668        1.81983808867533
O           -0.69760009232997       -5.58766376151761        0.88188254671999
O            1.47730234739479        4.56427960455280       -1.45227744024709
O           -3.19855227499831        4.64340167913402       -0.80131969289945
C            4.84018878475159       -3.68819538330571        2.22006806492365
C            5.84284810316230       -3.97139390077766        1.28250822455067
C            5.16808305622799       -3.37468212878261        3.54559616049033
C            7.18479384067931       -3.94694079248045        1.68336496570927
H            5.56199856904703       -4.20204227556451        0.25005340257541
C            6.51394985288905       -3.35189943303183        3.93473141480451
H            4.36229653974061       -3.14784533929128        4.25155453762552
C            7.52396885905074       -3.63972904085458        3.00755305007341
H            7.97273593395536       -4.16658270347032        0.95394781983100
H            6.77643497896698       -3.10694818798926        4.96994356825780
H            8.57775290847619       -3.62172780644876        3.31659076773142
C           -1.67714095546480       -6.56225535533625        1.04306832648552
C           -2.06200330984092       -7.01052379750486        2.31487386181183
C           -2.33189065912834       -7.02796448868166       -0.10548288512267
C           -3.09557932149591       -7.94827105078136        2.42880254121448
H           -1.55283302335558       -6.61880505548111        3.20193038463996
C           -3.36990793836996       -7.95916878933630        0.02295882924004
H           -2.02026674640022       -6.64416877310453       -1.08228154163094
C           -3.75049755724630       -8.42733100580852        1.28695008542636
H           -3.39640372571307       -8.30399056899692        3.42043929665375
H           -3.88392079173166       -8.32337206685523       -0.87314378180740
H           -4.55928375937781       -9.16364762657197        1.38329285395110
C            2.75196980787125        5.10087205988245       -1.34075846429307
C            3.06844399798698        6.15537896587254       -0.46926964905516
C            3.76364915193802        4.46604472353873       -2.07932878447243
C            4.39823780289047        6.58286345244067       -0.36159306847014
H            2.27935762393609        6.63279324831279        0.12196442946358
C            5.08868604273223        4.89497507868400       -1.95477986068641
H            3.50393185251393        3.63155963671849       -2.73844723164270
C            5.41162020558853        5.95984612416588       -1.10183944170035
H            4.64449480711990        7.41017581989150        0.31602708511320
H            5.86200699345100        4.37881726397333       -2.53450795353070
H            6.45030815361931        6.30286252649570       -1.00844533132659
C           -4.47892826959210        5.05328706276339       -1.15486756248591
C           -4.84342165177398        5.27302967417052       -2.49114202603252
C           -5.43216799752792        5.15536829785949       -0.13136874157607
C           -6.16670009510793        5.61587968881546       -2.79482800867795
H           -4.09254372472660        5.16768228364629       -3.28128996190677
C           -6.75367631576034        5.49146319006100       -0.44988428341410
H           -5.12088007079777        4.96034056351484        0.89971539518043
C           -7.12469149481182        5.72896123514086       -1.77929431137464
H           -6.45442725831800        5.78803017866732       -3.83769134173456
H           -7.49978510867821        5.57002802634352        0.34817873151083
H           -8.16088275531705        5.99667557028506       -2.02498940412396
N            1.35437295244805        0.47111136101210        0.25383691389937
C            2.39778935436821        1.22404334008922        0.39634323734047
C            2.48129889410194        2.16464084084102        1.46404272833025
C            3.59190103100056        2.95342143235531        1.61854946538704
C            4.66273124813161        2.85211299660021        0.73818032045429
C            4.60453947136766        1.94140928133629       -0.30730015813139
C            3.50964752523659        1.12864604946264       -0.49811288662705
C            3.48852613067993        0.07368363050356       -1.55917568190457
C            3.92907464173776       -1.28510282703635       -0.97395442449422
C            5.28801094252366       -1.15496990084144       -0.35619975547238
C            5.41592880004803       -0.78034755862131        0.97719940932541
C            6.66081649867356       -0.59529205155704        1.54509369916520
C            7.79858096060085       -0.79344312502054        0.77424044201999
C            9.15358019090721       -0.57649588336303        1.37050733122407
F            9.19493804213211       -0.77129828729787        2.70039457807916
F           10.09686766466575       -1.38855217788868        0.84979336375798
F            9.61532308025557        0.68041694937721        1.16999103780241
C            7.69082025031903       -1.15625216141129       -0.56291636102891
C            6.43776558622154       -1.33240784311814       -1.11758271036851
H            1.63599117140109        2.23981678040147        2.12963783467723
H            3.64942549673572        3.65197494359336        2.43999240470491
H            5.53253458959931        3.47336784405286        0.87161650022714
H            5.43338217485182        1.86684645731868       -0.99540597744286
H            4.17411017213828        0.35878335524316       -2.36010040760098
H            2.47251058324877       -0.03291691786338       -1.94813083318217
H            3.94260898869320       -2.02547412505399       -1.77491253850417
H            3.20281195267319       -1.59657394529705       -0.22079278355544
H            4.53112091305551       -0.63630740055728        1.57695895828919
H            6.75784630020274       -0.30756333966083        2.57961501267485
H            8.58152019650744       -1.30129838538204       -1.15520536703649
H            6.35230313772866       -1.61097647673600       -2.15755115411576
245
 energy: -410.917885872804 gnorm: 0.002665556497 xtb: 6.7.1 (edcfbbe)
N            0.21065869005297       -1.80653857812825       -0.90801138821608
N           -0.02253244427506       -1.13350770348659        1.85096190914522
C           -0.37196374392454       -1.03257579808488       -3.19484426085305
C            0.05609446699877       -1.99865855945490       -2.25734300039225
C            0.45672578228975       -3.34785555645791       -2.60974081920581
H            0.42398686433527       -3.76058053116579       -3.61918627697337
C            0.87931403226066       -3.94727657281998       -1.45679929708177
H            1.26515670261209       -4.95848339449383       -1.32117381624037
C            0.68965913260128       -2.98613399615341       -0.38737653349850
C            0.87408813861918       -3.27911232243949        0.97802340133499
C            0.47122968230216       -2.40398795132672        2.00680249408185
C            0.39821081227165       -2.78344889110711        3.40532058071956
H            0.72744099231198       -3.74474737913166        3.80246825007800
C           -0.18881813558991       -1.74493782477476        4.07010595093089
H           -0.43388208285803       -1.66433508261143        5.12997549469102
C           -0.43582973939231       -0.70617082489573        3.08754076053761
C            1.41144633404273       -4.63238250135354        1.36245879037813
C            2.75250460619811       -4.78887976242742        1.78613323845719
C            3.26294374219564       -6.04782858500849        2.15094675405582
C            2.42788504453020       -7.16703154470886        2.08403589281448
H            2.82514926078115       -8.15346276307010        2.35734226719115
C            1.09766173877925       -7.05256097203485        1.67195396790462
C            0.59140654864741       -5.78599092031206        1.32338364151703
N           -0.76047630121713        1.55068836013138        1.12566359502776
N           -0.47936619109145        0.88479108895953       -1.61631066869935
C           -0.98913551405296        0.55460239482810        3.39371138499155
C           -1.07439930789869        1.61090261013862        2.45980584070031
C           -1.44194701948327        2.96838423637320        2.81006039472823
H           -1.75603373866279        3.28611629253300        3.80517817363385
C           -1.29752995485113        3.72296051115602        1.67895682102653
H           -1.47696972213980        4.79069586230040        1.54965380185356
C           -0.90630621171442        2.81900848021067        0.61732591047095
C           -0.78745673912071        3.18737637636214       -0.73646847375774
C           -0.66981061981538        2.23619384954925       -1.76766549943702
C           -0.87474227099122        2.54469840403709       -3.16902587256706
H           -1.04766231351306        3.54678792013944       -3.56308123063679
C           -0.85963410643504        1.35735224587571       -3.84382196620761
H           -1.01368639693529        1.17710800565869       -4.90854201545043
C           -0.57894213834440        0.32349355332752       -2.86581414592751
C           -0.85722359315404        4.63991348351140       -1.12226364574071
C            0.32988042073661        5.32749789986718       -1.47557373110387
C            0.29723542183513        6.67008364423822       -1.89440644754368
C           -0.92851918760478        7.34175731608898       -1.93309985487641
H           -0.95791506733993        8.39234356883288       -2.25070774339448
C           -2.11807335756079        6.69878687949797       -1.57797889145592
C           -2.08124126616344        5.34625604466789       -1.18970618379408
Fe          -0.16756553235834       -0.09647490430353        0.11564862502732
Cl          -2.39590656472365       -0.71698773315136        0.09491870728846
C           -1.57015823467023        0.76830290855106        4.77008325897118
C           -0.79991996373346        1.30562419074677        5.83577394604984
C           -2.93000479402732        0.41726938431874        4.99945158392117
C           -1.37612310092070        1.49434950740202        7.10798938036102
N            0.54940822944680        1.65173388745066        5.56508728416127
C           -3.50233577148088        0.63090741453292        6.27193156328537
N           -3.66064453227120       -0.16813610462947        3.93827078630689
H           -0.76171958595601        1.89564803087600        7.91845312062295
C           -2.71983301837478        1.15999765094413        7.30170761530533
C            1.52849248710467        2.05809633728690        6.44365403436849
H            0.81935577713505        1.55056287849497        4.58517385361271
H           -4.55414239978401        0.37641186199683        6.42496943880184
C           -4.99199496433869       -0.53540800738900        3.91970005610241
H           -3.13284284978841       -0.34441060869964        3.07819075641888
H           -3.17111115917716        1.31527284774280        8.29018007595857
O            1.38576484493411        2.16619684580163        7.65650146901650
C            2.85540221942635        2.37554192554415        5.78628258065769
O           -5.78889200218397       -0.29766620404647        4.82211236954881
C           -5.40957637921563       -1.28501170708325        2.67724154571858
C            4.11243340915727        1.98405810949537        6.52056966359901
H            2.90818429975581        2.37720464214699        4.69220053626104
C            3.70079877009270        3.43633668038169        6.50127876646175
C           -6.76215775486222       -0.97897777213365        2.08370166675365
H           -4.62908871091208       -1.60069844850804        1.97538444481354
C           -6.58708271010272       -2.24707743915686        2.88503364501045
H            3.99211728630760        1.46166805039133        7.47273102712540
H            4.97322464714149        1.70108607195348        5.91171618714802
H            3.26948437864259        3.83817672983607        7.42145452996264
C            4.48192960545337        4.39939422363205        5.66495833649743
H           -7.34816517310890       -0.19131668572355        2.56570586594464
H           -6.85078337574869       -1.06592516924878        0.99727183004166
H           -7.00592168562814       -2.25065909711508        3.89616293579550
C           -6.57276032537274       -3.56691525770980        2.18959517238767
O            4.58345689044018        5.59352510113212        6.27226312293784
O            4.97784821339211        4.13780407468082        4.58545395068441
O           -7.18715763317267       -4.50933056407533        2.93824373156252
O           -6.09035067659346       -3.78427797403830        1.09630416548431
C            5.33001483520734        6.65649036828727        5.60834730974382
C           -7.28390094308399       -5.85788259421960        2.39979464228761
C            4.35235412215264        7.53987310764121        4.82092776454136
C            6.09416543210788        7.40843410750896        6.69691065058756
H            6.02729734685806        6.16617813574529        4.90578615077815
C           -7.28258530269533       -6.80922198802101        3.59744569769295
C           -8.54049933105302       -5.96657302473848        1.52876779083961
H           -6.38763731995874       -6.02112792939089        1.77154958131473
H            3.83688640875996        6.94785712119853        4.04700280805790
H            3.60263177459944        7.97636371582088        5.49410018615778
H            4.89840505622525        8.35771194483033        4.33085200431893
H            6.76689307132866        6.73182893071170        7.23942593824526
H            6.70109221274711        8.21075474345406        6.25639836708838
H            5.40468182136472        7.85686095147199        7.42354357771284
H           -6.36769141235883       -6.67960736899581        4.19004807313966
H           -8.15091409707498       -6.62100184123827        4.24668711215575
H           -7.33590112829795       -7.85224472787636        3.25640071404428
H           -8.48286573295279       -5.26256993015763        0.68744991967517
H           -8.63914185896603       -6.98420134857799        1.12590443568822
H           -9.44315207672097       -5.74626862133737        2.11883607422088
C           -0.61190594469583       -1.49752762049025       -4.60945110904123
C            0.35023527950023       -1.29205588982104       -5.63516513022734
C           -1.81756263900809       -2.18704478262498       -4.91485360787407
C            0.14238502126219       -1.82345316172642       -6.92342734762175
N            1.49613002349204       -0.52126405296982       -5.31276159296521
C           -2.01379842687988       -2.72283673366941       -6.20541389048975
N           -2.80504154563052       -2.26743399163905       -3.90535152520019
H            0.89933745432538       -1.65944864557248       -7.69570063544566
C           -1.03065694114799       -2.54049069049008       -7.18255926289296
C            2.44249522774144        0.01719337319381       -6.15736307439272
H            1.51366272415247       -0.19335943610837       -4.34562393127913
H           -2.93612501746998       -3.27167605468946       -6.41378623184749
C           -4.03721176888206       -2.88817031569356       -3.95372139094971
H           -2.59049031994538       -1.75741200375882       -3.04424592667900
H           -1.18851533675646       -2.96128072368127       -8.18411148107039
O            2.54968480083955       -0.23887378632705       -7.35069437382489
C            3.34742668948672        1.02684224698988       -5.48340744923763
O           -4.41849462880347       -3.60383218865953       -4.87442231519248
C           -4.91474590704641       -2.59382802870114       -2.76138137620811
C            3.67011093938735        2.27544831146031       -6.26677149931391
H            3.28449238758993        1.13517693386018       -4.39525448239541
C            4.73827723432379        1.22215011724000       -6.08684290296080
C           -5.82128071013502       -3.68399545041449       -2.25055223093241
H           -4.55242662544849       -1.87466661868647       -2.01739025712362
C           -6.42030598750308       -2.56398439049685       -3.06621103321940
H            3.23624016717997        2.35760887582343       -7.26682754744806
H            3.78176705760497        3.20486516204545       -5.70338266779568
H            4.97985679277303        0.60187199248480       -6.95392151441798
C            5.86333364131814        1.52393060251447       -5.14737814469450
H           -5.75952315436164       -4.65230091937758       -2.75415097714307
H           -6.00467920063887       -3.69580746364539       -1.17284299873449
H           -6.68770240189582       -2.79591961622542       -4.10172630044289
C           -7.25955096278547       -1.52203937808282       -2.40393061164285
O            7.03004328729984        1.06080854137410       -5.62583268462041
O            5.74277949278480        2.12496879791146       -4.09581289166163
O           -8.25239363251583       -1.11237811632227       -3.22248668916122
O           -7.09511801043908       -1.09508101319905       -1.27874521853853
C            8.24308676373208        1.29005529336350       -4.84973424528855
C           -9.17320975910831       -0.09878130834058       -2.72836780230043
C            9.14669801216866        0.07686118030544       -5.07621806045407
C            8.87011679990959        2.61782603250138       -5.28411729261180
H            7.93770088199137        1.35668401302014       -3.78791245440481
C           -8.59908213306101        1.29565134905821       -3.00998716070363
C          -10.51691999973795       -0.35920241619248       -3.40817507651572
H           -9.25336367508464       -0.24264938379013       -1.63551378065800
H            8.63485629919834       -0.84365535856453       -4.76625241787916
H            9.42020016401080       -0.01272533014308       -6.13854646860892
H           10.07396262877996        0.18106662162989       -4.49665559592629
H            8.17744732620307        3.44862123604589       -5.09823058474219
H            9.79423696235279        2.80713774613997       -4.72087718314009
H            9.12422516956867        2.59620183379849       -6.35510788297382
H           -7.63674914214342        1.42577575720257       -2.48885164165003
H           -8.44426288575196        1.43787188817882       -4.08847417715753
H           -9.29443820376523        2.06926750589636       -2.65578115221952
H          -10.87542024823271       -1.37437864347203       -3.18681823212805
H          -11.27180404967578        0.35570885385103       -3.05429006174284
H          -10.43193481979319       -0.25531209889160       -4.49785997965790
H            4.30446130131260       -6.14518551321842        2.47897272315442
H            0.45138815628975       -7.93611765829068        1.61599992081110
H            1.22191462307769        7.17653082081294       -2.19414410363989
H           -3.07370510434377        7.23563062028683       -1.60440851278749
O            3.50646584405599       -3.63607847445081        1.82065278489679
O           -0.69571658226346       -5.58634951200252        0.88263523174263
O            1.47728182712893        4.56584481864158       -1.45221138062108
O           -3.19862040834188        4.64408440367793       -0.80148706400962
C            4.84161862293895       -3.68568243681037        2.22095452475263
C            5.84438234435802       -3.96879026758801        1.28347054585756
C            5.16939773693399       -3.37199736507621        3.54645642663467
C            7.18630153560192       -3.94402176434033        1.68438179276786
H            5.56363127740353       -4.19955185179406        0.25102994801648
C            6.51524619638624       -3.34890855048960        3.93566618834384
H            4.36354207049659       -3.14523005237211        4.25236062451106
C            7.52535712597512       -3.63662560314331        3.00857743764591
H            7.97433794567232       -4.16354163154895        0.95502922449306
H            6.77762634331012       -3.10382410681493        4.97087575477324
H            8.57913353026854       -3.61838275435437        3.31763993916353
C           -1.67506719610994       -6.56112192185645        1.04384673341365
C           -2.05990517855090       -7.00936847077308        2.31567308582820
C           -2.32966830105012       -7.02705156147666       -0.10469784384976
C           -3.09329886809501       -7.94731196500999        2.42962375876218
H           -1.55085484496837       -6.61747845870143        3.20272387192193
C           -3.36750879680765       -7.95845318010927        0.02376560599094
H           -2.01807391800907       -6.64327011346838       -1.08151351493118
C           -3.74806693299947       -8.42659253017975        1.28777274209563
H           -3.39410231410030       -8.30301411852077        3.42127454432441
H           -3.88140492908993       -8.32282801387860       -0.87233672289593
H           -4.55671232135467       -9.16306214088581        1.38413552962960
C            2.75183723884976        5.10269928625890       -1.34067707822158
C            3.06806093024836        6.15733544419160       -0.46924289090734
C            3.76366967684235        4.46802562430230       -2.07915467696191
C            4.39775843491034        6.58509921081788       -0.36153261549067
H            2.27884463780021        6.63464247831112        0.12191284261197
C            5.08862107273205        4.89723172557713       -1.95456973763230
H            3.50416119850224        3.63342736142705       -2.73821184382640
C            5.41130139861096        5.96222748933291       -1.10169539109849
H            4.64382045881985        7.41251061915914        0.31603162151886
H            5.86207565767429        4.38117252109771       -2.53421121426636
H            6.44991998245873        6.30545324743539       -1.00826762072134
C           -4.47905903218820        5.05368806819346       -1.15512475290340
C           -4.84353200426579        5.27325369590454       -2.49143940987900
C           -5.43236861594267        5.15565890800292       -0.13168346989425
C           -6.16686261673344        5.61581693380045       -2.79521572214257
H           -4.09259313807082        5.16799432502664       -3.28154228852448
C           -6.75393098064347        5.49146568330002       -0.45029052350348
H           -5.12109312075052        4.96077319228013        0.89943316417719
C           -7.12492868532837        5.72878611166342       -1.77973440713995
H           -6.45457434643361        5.78782832189822       -3.83810771460880
H           -7.50009388183692        5.56994362611598        0.34773328298547
H           -8.16116085020725        5.99627529400206       -2.02550353551715
N            1.35688303506397        0.47001788440174        0.25073098833484
C            2.40127599168597        1.22299593837256        0.38791854157602
C            2.48988290857701        2.16426318669125        1.45444486659529
C            3.60265544893912        2.95071175000800        1.60623383487758
C            4.67090061291115        2.84714452341790        0.72309005085890
C            4.60757211534325        1.93645719863757       -0.32213172383935
C            3.51085330675269        1.12545584251168       -0.50939627229585
C            3.48768901953331        0.06851508801066       -1.56803588570553
C            3.91749071500317       -1.29148978801935       -0.97663293433119
C            5.27471140393224       -1.16667261052441       -0.35402487367119
C            5.39987028433724       -0.78136032796838        0.97656180317105
C            6.64376122808920       -0.59731118853869        1.54710151551168
C            7.78293623538839       -0.80818386080710        0.78205847284951
C            9.13698319219632       -0.59185866879140        1.38052664761982
F            9.17336545666387       -0.77262717726111        2.71238961056583
F           10.07769146855751       -1.41512591321741        0.87151628417041
F            9.60626435295859        0.65983669271289        1.16805148772948
C            7.67807915574328       -1.18462708855929       -0.55149251848576
C            6.42615189013674       -1.35893429365411       -1.10932250597068
H            1.64658105897833        2.24119190362535        2.12248857925773
H            3.66373437248732        3.64880055295391        2.42777211416492
H            5.54279794827602        3.46605115338803        0.85399190304074
H            5.43419137221075        1.85990383037343       -1.01263710403911
H            4.17892030785722        0.34661256911553       -2.36651229486366
H            2.47315032275206       -0.03357836212673       -1.96184307303093
H            3.92961674424534       -2.03440592508811       -1.77526708851909
H            3.18616729506142       -1.59543130087672       -0.22527068184803
H            4.51378088453524       -0.62821687897740        1.57200187119873
H            6.73861779996803       -0.30081583802304        2.57928970697332
H            8.57030285032860       -1.34115943968546       -1.13837715206163
H            6.34287558233132       -1.64849736315807       -2.14633741071942
245
 energy: -410.917960988491 gnorm: 0.002484768348 xtb: 6.7.1 (edcfbbe)
N            0.21255141065765       -1.80450267096465       -0.90720324820042
N           -0.02101917216386       -1.13107676812549        1.85168782520890
C           -0.37005499247961       -1.03093150642269       -3.19415644618136
C            0.05821864362985       -1.99677911290839       -2.25648648429642
C            0.45929170935853       -3.34588819748550       -2.60868712823877
H            0.42676512128967       -3.75875275962025       -3.61808195717840
C            0.88195650917554       -3.94505508420397       -1.45562493284842
H            1.26810592968529       -4.95610788962194       -1.31984004565403
C            0.69190501966004       -2.98382291503884       -0.38636370207763
C            0.87632168010805       -3.27656009961326        0.97912511602058
C            0.47312834470999       -2.40143718686090        2.00773533924486
C            0.40009883803203       -2.78072749251798        3.40629111174153
H            0.72958441466295       -3.74187390942807        3.80359893490749
C           -0.18730666382376       -1.74230368176408        4.07089989066301
H           -0.43248450663332       -1.66164318938072        5.13074240337596
C           -0.43455506203227       -0.70374288153821        3.08819307971446
C            1.41406460066478       -4.62961431679543        1.36376052178461
C            2.75514298580887       -4.78564541264027        1.78756586904320
C            3.26592269641073       -6.04440111971842        2.15258693201630
C            2.43120777202479       -7.16386510904048        2.08575122721953
H            2.82874890373323       -8.15014086677807        2.35921833650075
C            1.10098410327080       -7.04985055770835        1.67354027970933
C            0.59437914662665       -5.78347608637387        1.32476667248549
N           -0.75951979009192        1.55269740191511        1.12597809362078
N           -0.47820590240586        0.88662783642307       -1.61587377232530
C           -0.98826110738494        0.55691093196939        3.39414568001928
C           -1.07373716801317        1.61306164580331        2.46008587562813
C           -1.44175689882363        2.97045787310266        2.81014243960394
H           -1.75602787718910        3.28823551631904        3.80519445815775
C           -1.29747028315183        3.72493780120313        1.67895225436495
H           -1.47722743293680        4.79260941151624        1.54950410234052
C           -0.90586500767156        2.82097214078562        0.61747526348569
C           -0.78703237792885        3.18921182573448       -0.73633597843168
C           -0.66901154965683        2.23792863487395       -1.76743015539833
C           -0.87391378228559        2.54619414405576       -3.16882947560632
H           -1.04710852162262        3.54817835773009       -3.56303577289289
C           -0.85838814862050        1.35875524718174       -3.84347681421126
H           -1.01229728498792        1.17833409739183       -4.90819090840138
C           -0.57747002275054        0.32511151643440       -2.86532189457200
C           -0.85720822400826        4.64167227032981       -1.12233980204422
C            0.32971788051530        5.32957153644639       -1.47564127929728
C            0.29670058118174        6.67209537594527       -1.89464674908636
C           -0.92925513230873        7.34339177735571       -1.93352733109521
H           -0.95894438023603        8.39392920113053       -2.25127298327161
C           -2.11864579015690        6.70010536403582       -1.57842462603769
C           -2.08143337213523        5.34763604456556       -1.18997734053578
Fe          -0.16607286175896       -0.09430231277347        0.11619394203901
Cl          -2.39438302041139       -0.71555182733968        0.09537694150995
C           -1.56946354023658        0.77060460440143        4.77044081744086
C           -0.79947429858224        1.30829596281474        5.83612587386866
C           -2.92923298708133        0.41918324040800        4.99973224006826
C           -1.37585159504385        1.49701014163382        7.10827175903633
N            0.54975140243047        1.65477204104621        5.56551467415814
C           -3.50172838748997        0.63281454527883        6.27214456540446
N           -3.65958055186624       -0.16656833611248        3.93858376362688
H           -0.76163508148513        1.89859826403373        7.91873485680509
C           -2.71947293897761        1.16227506742080        7.30191655129754
C            1.52866871786151        2.06155492108563        6.44410450925643
H            0.81981942249465        1.55356957888802        4.58563475926632
H           -4.55347249691567        0.37802038083537        6.42512369928432
C           -4.99084828213488       -0.53426410083300        3.91992121096397
H           -3.13167098246255       -0.34280158266557        3.07855517780069
H           -3.17088414645559        1.31754011504716        8.29033223400243
O            1.38578618388428        2.16976391492379        7.65692973843012
C            2.85551145261162        2.37930798842339        5.78681717846361
O           -5.78787606968011       -0.29663513718168        4.82225184330573
C           -5.40807659993934       -1.28413677838626        2.67754680530773
C            4.11260876454908        1.98830617813446        6.52125219367465
H            2.90839225965460        2.38086068932811        4.69273227413369
C            3.70054134898210        3.44047050427796        6.50173402169020
C           -6.76070752855179       -0.97859625335740        2.08384472052302
H           -4.62743985489960       -1.59968443312885        1.97578562744999
C           -6.58531758633117       -2.24654439182553        2.88535265041655
H            3.99236947997685        1.46600235000245        7.47347124188873
H            4.97353995177571        1.70551430464834        5.91251109417002
H            3.26901982002835        3.84228362196814        7.42182822831734
C            4.48144250895569        4.40363306623382        5.66535530991862
H           -7.34699340069988       -0.19104961479893        2.56570029461200
H           -6.84921316787832       -1.06571031336542        0.99741708780470
H           -7.00423824864063       -2.25011644637758        3.89645040524985
C           -6.57053273222763       -3.56645225864447        2.19008261231873
O            4.58255688662363        5.59788506167720        6.27252557527153
O            4.97753462977020        4.14206005921183        4.58591662361729
O           -7.18470980213602       -4.50896838400816        2.93881273224963
O           -6.08796645886302       -3.78382041638953        1.09686346490555
C            5.32884627997292        6.66100099983322        5.60852626591356
C           -7.28099891365477       -5.85762044050692        2.40051786488806
C            4.35099176003508        7.54396989674518        4.82092384074698
C            6.09267818056249        7.41330578065303        6.69706573598747
H            6.02634031650685        6.17079900915851        4.90609483620253
C           -7.27949691603414       -6.80880156332802        3.59829126568570
C           -8.53748827555972       -5.96680010019263        1.52940452994305
H           -6.38463206969772       -6.02067126452606        1.77237223900958
H            3.83575788673674        6.95170405764027        4.04703725310736
H            3.60107129024717        7.98032604320345        5.49397430969425
H            4.89682901462348        8.36192049200685        4.33078265518655
H            6.76556554884987        6.73697327610732        7.23972620099219
H            6.69939777736458        8.21575724053761        6.25650112324778
H            5.40299370314543        7.86161803126631        7.42358502214879
H           -6.36468993124442       -6.67883462740398        4.19095837468685
H           -8.14793790823136       -6.62076086026482        4.24743879589631
H           -7.33246618234482       -7.85188711853247        3.25737724534125
H           -8.47999926867885       -5.26288744217532        0.68799543722134
H           -8.63578992155572       -6.98451194333803        1.12665848851786
H           -9.44026015690237       -5.74669303958065        2.11936687773479
C           -0.60972950487952       -1.49613983680029       -4.60872165259032
C            0.35243949639523       -1.29050304338855       -5.63437883156502
C           -1.81516488800302       -2.18606306452449       -4.91413006328184
C            0.14485310935155       -1.82213541569430       -6.92259392324050
N            1.49805775065183       -0.51934757133203       -5.31198156597301
C           -2.01111737005281       -2.72207927464956       -6.20464726375957
N           -2.80267536299903       -2.26661682079004       -3.90472091655815
H            0.90182349814559       -1.65799708173920       -7.69482208450528
C           -1.02794827737125       -2.53955927962482       -7.18173020141313
C            2.44436003454756        0.01932934961929       -6.15656690577213
H            1.51542080154415       -0.19128760466042       -4.34488489047332
H           -2.93326261223527       -3.27122415510985       -6.41302506158233
C           -4.03469240050138       -2.88773685475170       -3.95308839375567
H           -2.58837353191307       -1.75642456501447       -3.04364666667517
H           -1.18559554286772       -2.96052561578655       -8.18324370998538
O            2.55170419471358       -0.23688636677630       -7.34985807586501
C            3.34889391221607        1.02931927029129       -5.48266975013084
O           -4.41565582525740       -3.60363137514685       -4.87374687254118
C           -4.91238544994017       -2.59350993117756       -2.76088233124797
C            3.67127844378040        2.27792413622337       -6.26616533581674
H            3.28584868777125        1.13778854751335       -4.39453919706209
C            4.73975849237375        1.22497533817071       -6.08600352488153
C           -5.81864461235677       -3.68388420362626       -2.24998132793000
H           -4.55035872113545       -1.87413977165161       -2.01694283002031
C           -6.41794680843799       -2.56415493790319       -3.06583228371164
H            3.23746856785328        2.35982181002506       -7.26626897921646
H            3.78260746673419        3.20744459114298       -5.70288171517920
H            4.98159155775583        0.60465639052727       -6.95298733503777
C            5.86461984226507        1.52723094694015       -5.14650019986035
H           -5.75654998839632       -4.65223595339727       -2.75345269184779
H           -6.00213011402879       -3.69561239332707       -1.17228418183808
H           -6.68517708947008       -2.79630978811343       -4.10134403202735
C           -7.25754788752123       -1.52239309309934       -2.40375463331301
O            7.03152770632776        1.06438903507503       -5.62479038758761
O            5.74382084267140        2.12834798576871       -4.09500346008457
O           -8.25045389334079       -1.11312982972537       -3.22246017517619
O           -7.09334952006647       -1.09522941905667       -1.27861294487952
C            8.24443862219669        1.29409712294010       -4.84860753126109
C           -9.17162133371988       -0.09974007719276       -2.72853689091188
C            9.14843490123399        0.08114999857638       -5.07486264084029
C            8.87109874727065        2.62200332306374       -5.28311044410875
H            7.93894510599521        1.36075782665192       -3.78682163297739
C           -8.59789213670311        1.29481646690498       -3.01028721508993
C          -10.51519256722958       -0.36066438262656       -3.40842513127713
H           -9.25182151500428       -0.24350245577355       -1.63567306044729
H            8.63685165379326       -0.83946392989730       -4.76482181791453
H            9.42204850739015       -0.00848327127795       -6.13716583009758
H           10.07561412211264        0.18570388931926       -4.49523050275344
H            8.17816033826841        3.45261604756760       -5.09738856150823
H            9.79511585149403        2.81166644023693       -4.71981253941262
H            9.12530393452985        2.60032056502379       -6.35407830126965
H           -7.63564020591119        1.42530613882212       -2.48908754775401
H           -8.44302280906126        1.43695113235128       -4.08878306465697
H           -9.29351189057782        2.06827479392003       -2.65623874496298
H          -10.87340427061789       -1.37592283357553       -3.18696920221345
H          -11.27032491411293        0.35406420697238       -3.05469533176167
H          -10.43014670566355       -0.25688830854976       -4.49811986975259
H            4.30744233306148       -6.14139677847007        2.48071775772117
H            0.45498326063060       -7.93361011257328        1.61764583162157
H            1.22125179752140        7.17878469577437       -2.19437075774252
H           -3.07443881038606        7.23665566196194       -1.60500389780184
O            3.50875167242460       -3.63261716569550        1.82202072305739
O           -0.69277288001898       -5.58428310689748        0.88388306064285
O            1.47734609692164        4.56827168343964       -1.45208531842642
O           -3.19863385278223        4.64517269055549       -0.80176317824083
C            4.84385695044876       -3.68177974765527        2.22244205482104
C            5.84678909048198       -3.96476183026539        1.28508826233918
C            5.17144721007823       -3.36781621936818        3.54790559358644
C            7.18866107268406       -3.93950919494812        1.68609547161963
H            5.56619973145925       -4.19569700133675        0.25266620498154
C            6.51726351800963       -3.34425949711124        3.93724174923732
H            4.36547155062168       -3.14118343267682        4.25372005726760
C            7.52751996418281       -3.63181768223867        3.01030185842543
H            7.97684781547717       -4.15884815522266        0.95685202774715
H            6.77947676438685       -3.09895866669523        4.97244158037763
H            8.58127994289371       -3.61320772737537        3.31942141744310
C           -1.67183570015173       -6.55932923044213        1.04513259920041
C           -2.05664987199579       -7.00753038473337        2.31699161740147
C           -2.32619867640924       -7.02560556796193       -0.10340248611146
C           -3.08976588922273       -7.94577094430925        2.43097505901974
H           -1.54779083140700       -6.61537090090779        3.20403418113810
C           -3.36377150351531       -7.95730655858656        0.02509291527177
H           -2.01463992141301       -6.64185550905922       -1.08024437710233
C           -3.74429407451538       -8.42539876947206        1.28912315932095
H           -3.39054786731878       -8.30143757694530        3.42264624015327
H           -3.87748031903837       -8.32195121619933       -0.87101035946707
H           -4.55272551872954       -9.16210025101553        1.38551696232080
C            2.75173084859425        5.10552728391238       -1.34052337549466
C            3.06756646442356        6.16036751390528       -0.46917827665076
C            3.76379736161348        4.47108605834672       -2.07884768483204
C            4.39711341157980        6.58855712503419       -0.36140612178805
H            2.27814653954089        6.63751640463471        0.12184561864988
C            5.08861959924593        4.90071541697370       -1.95419928272417
H            3.50461715993636        3.63630610083435       -2.73780099046363
C            5.41091019053500        5.96589797875532       -1.10142735853752
H            4.64287356388901        7.41612502707505        0.31606852540689
H            5.86228629757665        4.38479513694515       -2.53368927082475
H            6.44942127022437        6.30944558563417       -1.00793750348686
C           -4.47916353642845        5.05434401580937       -1.15555412202905
C           -4.84359282248426        5.27362737856396       -2.49193649498485
C           -5.43258927093532        5.15615651939769       -0.13221267699077
C           -6.16699822197085        5.61575091572613       -2.79586710914672
H           -4.09255303771665        5.16849460921383       -3.28196123713367
C           -6.75423111438933        5.49152148595444       -0.45097568324560
H           -5.12134351078448        4.96149711142520        0.89895814283261
C           -7.12518885833537        5.72855863686301       -1.78047491472401
H           -6.45467711973433        5.78754069828686       -3.83880577608252
H           -7.50048379632184        5.56987495352705        0.34698011959445
H           -8.16148021612292        5.99570282467250       -2.02637098003566
N            1.36108815368498        0.46671221655691        0.24508320502030
C            2.40689431398496        1.21981613665342        0.37314115135926
C            2.50249060714135        2.16084728992271        1.43918075921942
C            3.61740912399906        2.94519837345896        1.58663227083632
C            4.68088379638948        2.84128250228819        0.69773982100871
C            4.61064913616145        1.93142810294115       -0.34771091044619
C            3.51250685779278        1.12102543727849       -0.52902179725622
C            3.48648374198820        0.06001913461344       -1.58284691474644
C            3.89940762042333       -1.30110632923697       -0.97940437468183
C            5.25400525667217       -1.18433838479769       -0.34998775830531
C            5.37582229153271       -0.78407728541353        0.97655641424410
C            6.61834047714002       -0.60160824276885        1.55063609628803
C            7.75937161186046       -0.83029936860791        0.79367932551226
C            9.11206230231794       -0.61585559781838        1.39566248733474
F            9.13994518270649       -0.77390843314013        2.73050607803978
F           10.04787681261577       -1.45647572893395        0.90555770129349
F            9.59420803495009        0.62772295066789        1.16496506329401
C            7.65797530655155       -1.22719314966431       -0.53407998825781
C            6.40752374093649       -1.39885083985756       -1.09620037444404
H            1.66268363483806        2.23777719852556        2.11175621308729
H            3.68341828692199        3.64139918914156        2.40937795929588
H            5.55463341786795        3.45839696937002        0.82487485662247
H            5.43301794350829        1.85376417655681       -1.04315848659288
H            4.18608491424298        0.32586811003451       -2.37805838027603
H            2.47415046375829       -0.03615626249706       -1.98350286454352
H            3.90844657413576       -2.04934628049821       -1.77304128385904
H            3.16010389327769       -1.59110356137823       -0.23026583814197
H            4.48796750991165       -0.61815349869750        1.56586548714365
H            6.71006011388346       -0.29285546038335        2.57945634370384
H            8.55217198135214       -1.40140545051322       -1.11297844487024
H            6.32719593847404       -1.70559362627587       -2.12833665733086
245
 energy: -410.918006199372 gnorm: 0.002332868333 xtb: 6.7.1 (edcfbbe)
N            0.21464672403870       -1.80244397892384       -0.90636229692512
N           -0.01933555734979       -1.12858686641616        1.85244556856351
C           -0.36792549051273       -1.02927122224816       -3.19344283652075
C            0.06055587546524       -1.99487780103658       -2.25559074871657
C            0.46208077163104       -3.34390123412949       -2.60758057445539
H            0.42977489528165       -3.75691264067004       -3.61692096332821
C            0.88480843578404       -3.94279829098415       -1.45438774319007
H            1.27126907489325       -4.95369720998445       -1.31843276940196
C            0.69434636629080       -2.98146860449899       -0.38530014501847
C            0.87874319811814       -3.27395310812130        0.98028500846211
C            0.47520444520592       -2.39882361942276        2.00870803196643
C            0.40215366622227       -2.77793105760016        3.40731098552644
H            0.73189324530964       -3.73892147159061        3.80478736904166
C           -0.18563468494139       -1.73959408734434        4.07172700842028
H           -0.43093671527918       -1.65886460786286        5.13153790313173
C           -0.43311493037587       -0.70124741305033        3.08886181168892
C            1.41687227755524       -4.62678886300236        1.36513474808044
C            2.75796539170851       -4.78234786510528        1.78908326301544
C            3.26908544149654       -6.04090460491995        2.15432764425218
C            2.43471822474477       -7.16063185944645        2.08757063766175
H            2.83253558819472       -8.14674843268374        2.36121072980909
C            1.10449803972809       -7.04707958642864        1.67521804424364
C            0.59754248852142       -5.78090537540041        1.32622529830829
N           -0.75839951757209        1.55475328082338        1.12628813527479
N           -0.47684153194960        0.88849639079144       -1.61543211074389
C           -0.98722686077453        0.55928963241883        3.39458511425281
C           -1.07291395085618        1.61528027148986        2.46036445890291
C           -1.44140792613124        2.97259687469391        2.81020447545014
H           -1.75587027763087        3.29042613050129        3.80518449173745
C           -1.29724150909779        3.72696830434451        1.67892267865895
H           -1.47731695120861        4.79457356023466        1.54931751172216
C           -0.90524599005902        2.82298005652838        0.61760759689869
C           -0.78641646207894        3.19107957694107       -0.73622016676718
C           -0.66801064475441        2.23968369759443       -1.76719957016156
C           -0.87287255412752        2.54770062675393       -3.16864751645770
H           -1.04633973770254        3.54957615857361       -3.56301173419149
C           -0.85692129510576        1.36016695089854       -3.84313271180660
H           -1.01067609501488        1.17955687586447       -4.90783956159819
C           -0.57578192033191        0.32674446355499       -2.86481700820741
C           -0.85700234565962        4.64346177621626       -1.12244625392314
C            0.32974800972243        5.33167411248018       -1.47573379519252
C            0.29635800506565        6.67413219722588       -1.89492419139718
C           -0.92979866200142        7.34504877074280       -1.93400896850677
H           -0.95978051235233        8.39553394474638       -2.25190168815311
C           -2.11902670666146        6.70144697661533       -1.57892970218096
C           -2.08143409511978        5.34904296727876       -1.19029605859043
Fe          -0.16451286912609       -0.09211672866439        0.11678724950877
Cl          -2.39266220662982       -0.71407915210267        0.09583772075826
C           -1.56862228707018        0.77298689767367        4.77079730935869
C           -0.79889453899084        1.31105917503835        5.83647804471241
C           -2.92831093391298        0.42117954513653        5.00000562139353
C           -1.37545368302986        1.49977292205425        7.10854617444583
N            0.55023909543271        1.65790240110795        5.56595029311905
C           -3.50098583129621        0.63481200356078        6.27233928320685
N           -3.65836732286622       -0.16493394723442        3.93888027946726
H           -0.76143361042765        1.90165911513568        7.91901091441964
C           -2.71898828468104        1.16465413911023        7.30211043879133
C            1.52896849649114        2.06511435181233        6.44456933277724
H            0.82043012542544        1.55665845638003        4.58610837558355
H           -4.55266765842875        0.37971937824044        6.42525418210594
C           -4.98953849364801       -0.53304952575734        3.92012808067072
H           -3.13033422592002       -0.34112913773422        3.07891617544879
H           -3.17054075434602        1.31991698471279        8.29046298870477
O            1.38592888203534        2.17344365649985        7.65736758817846
C            2.85575984048926        2.38317470241242        5.78737084950676
O           -5.78671235396507       -0.29553185564060        4.82236149825462
C           -5.40640955354684       -1.28320999119431        2.67783205186753
C            4.11291352051082        1.99266256072997        6.52197073472185
H            2.90874712787922        2.38460298467759        4.69328483226029
C            3.70040819609701        3.44470537150837        6.50221107508656
C           -6.75908294513517       -0.97816805984654        2.08395641252428
H           -4.62561553070517       -1.59861931451399        1.97618046128189
C           -6.58338192400922       -2.24595438016672        2.88565378687785
H            3.99274499538016        1.47045261318614        7.47424938128474
H            4.97398854556880        1.71004949562258        5.91335372251716
H            3.26867374465755        3.84650498243335        7.42221302526156
C            4.48108614645442        4.40798132041813        5.66577040579929
H           -7.34565332163551       -0.19073358954450        2.56564993256252
H           -6.84745945789116       -1.06545817022745        0.99753221209061
H           -7.00239409656785       -2.24951214335007        3.89671465626808
C           -6.56812743013985       -3.56594572652980        2.19056533528196
O            4.58178464861390        5.60234825638035        6.27279294796102
O            4.97735886123380        4.14640967862587        4.58640588352540
O           -7.18208786063099       -4.50855242417224        2.93937306006257
O           -6.08539397429184       -3.78332252128102        1.09742304720920
C            5.32780544242000        6.66560737764335        5.60871535894370
C           -7.27791513702501       -5.85730740509287        2.40125021871027
C            4.34975812617495        7.54816161125402        4.82090131289396
C            6.09130562435752        7.41829072162363        6.69722791521518
H            6.02551659549016        6.17551762940563        4.90642044823889
C           -7.27623481095178       -6.80832236210213        3.59915488092821
C           -8.53428891478886       -5.96698930216562        1.53003641196748
H           -6.38143985607746       -6.02016986138822        1.77321189719702
H            3.83478962420084        6.95562562690502        4.04702825621414
H            3.59963881357497        7.98438402557028        5.49382493958178
H            4.89538904103898        8.36621637073610        4.33070284520613
H            6.76434867432917        6.74223802044491        7.24004409650747
H            6.69782026763398        8.22086828896729        6.25660999464037
H            5.40141483800012        7.86649251969359        7.42362133585446
H           -6.36152190647329       -6.67799515978130        4.19189063735194
H           -8.14479395489733       -6.62045731056443        4.24819651996386
H           -7.32885365528769       -7.85147168880105        3.25837963144542
H           -8.47693686069490       -5.26317492895536        0.68853369853096
H           -8.63224297351580       -6.98478708422838        1.12741936305782
H           -9.43718352727762       -5.74707690489747        2.11988393388201
C           -0.60731866304292       -1.49475211151884       -4.60796587013863
C            0.35488489848138       -1.28895896955672       -5.63355967289355
C           -1.81252382290404       -2.18508581511175       -4.91338734099022
C            0.14757756695305       -1.82083558223306       -6.92172330922968
N            1.50022954850563       -0.51742653969615       -5.31116420850736
C           -2.00818432615183       -2.72133831956095       -6.20385478166836
N           -2.80008645199044       -2.26579956944087       -3.90407202511281
H            0.90457151961024       -1.65656961177736       -7.69390190633163
C           -1.02497919109583       -2.53865178141608       -7.18086939678161
C            2.44646297959354        0.02145097183311       -6.15573097774430
H            1.51740860664345       -0.18920956890811       -4.34411076521887
H           -2.93014423342278       -3.27079251424995       -6.41224278765207
C           -4.03193363402263       -2.88730443959684       -3.95245230856277
H           -2.58603431323383       -1.75542728250555       -3.04303781117308
H           -1.18240524493789       -2.95980287336935       -8.18234105897038
O            2.55398209588082       -0.23491420847812       -7.34897786411623
C            3.35060148884000        1.03179945741706       -5.48189279674637
O           -4.41257696084340       -3.60344080214714       -4.87305921746264
C           -4.90980861213979       -2.59318317944295       -2.76038233803259
C            3.67268791091429        2.28039418468997       -6.26552784152967
H            3.28742915331974        1.14041072963461       -4.39378784963994
C            4.74147838122434        1.22779769959192       -6.08511526406726
C           -5.81579017599103       -3.68376287991779       -2.24941081554744
H           -4.54807837408887       -1.87359915542474       -2.01650152238909
C           -6.41536133523214       -2.56432623459857       -3.06547005796751
H            3.23894753573909        2.36202038420551       -7.26568247945382
H            3.78368168780591        3.21002270710337       -5.70235767399021
H            4.98357851573999        0.60743250009069       -6.95199394053957
C            5.86614523475527        1.53052606803650       -5.14555387319873
H           -5.75335254373876       -4.65216472844623       -2.75274446289245
H           -5.99937226496159       -3.69539870736116       -1.17172853216614
H           -6.68241944667991       -2.79670759761751       -4.10097682298472
C           -7.25533358006132       -1.52273730472052       -2.40361295244700
O            7.03324999853701        1.06797935646586       -5.62367228023671
O            5.74508216169361        2.13174588593505       -4.09414539936607
O           -8.24829271851093       -1.11388464117105       -3.22247321977234
O           -7.09137624874928       -1.09536322807494       -1.27851607882363
C            8.24601806471194        1.29816189398701       -4.84740239305009
C           -9.16981647179044       -0.10070485814366       -2.72876907472734
C            9.15040454185302        0.08547365398218       -5.07342176535319
C            8.87231111221247        2.62620131552734       -5.28202824750914
H            7.94041512972360        1.36484536351606       -3.78564543840923
C           -8.59648645846979        1.29398223501349       -3.01065753602559
C          -10.51324340324142       -0.36213679075385       -3.40874815556164
H           -9.25007373209956       -0.24434634129835       -1.63589444581522
H            8.63908712727548       -0.83523593274918       -4.76329005365155
H            9.42413916763450       -0.00422808665985       -6.13568586704426
H           10.07749991109008        0.19043143688849       -4.49372698197666
H            8.17910083242819        3.45662730963083       -5.09648554970412
H            9.79621900602998        2.81621937096979       -4.71866778252299
H            9.12662369282007        2.60444770398076       -6.35297003615962
H           -7.63432204284831        1.42483994516565       -2.48938586863691
H           -8.44155910624259        1.43601834546469       -4.08915972171375
H           -9.29237512175470        2.06727952745122       -2.65677974794968
H          -10.87116584503277       -1.37747469253075       -3.18718671635029
H          -11.26862746611387        0.35240963795806       -3.05518682817077
H          -10.42812737014154       -0.25848423471276       -4.49845028697122
H            4.31060430650286       -6.13753393515161        2.48257326247828
H            0.45877233624132       -7.93104397162073        1.61938578238008
H            1.22078270076132        7.18106317712804       -2.19463076498686
H           -3.07498151105941        7.23770161041794       -1.60567191409553
O            3.51121950326562       -3.62909005085811        1.82346731102052
O           -0.68963335654265       -5.58216805171297        0.88519312795295
O            1.47760320439459        4.57072915331139       -1.45196721499462
O           -3.19845931368331        4.64628930171073       -0.80208895677978
C            4.84627778421217       -3.67780558737884        2.22401669509854
C            5.84937654802371       -3.96068124351248        1.28679723053453
C            5.17366316244924       -3.36355695879580        3.54944771760877
C            7.19120047837095       -3.93493357931622        1.68792285824288
H            5.56896149706205       -4.19182945965056        0.25436187144885
C            6.51944033718710       -3.33952436980104        3.93892219531163
H            4.36756083009481       -3.13705316241666        4.25515976885100
C            7.52984618681474       -3.62693893909867        3.01214064387855
H            7.97954869863154       -4.15408286726405        0.95879458739308
H            6.78148480772440       -3.09399131605957        4.97410364626958
H            8.58358795410648       -3.60795117961207        3.32132609301817
C           -1.66840998390283       -6.55748892746062        1.04648259701046
C           -2.05320926868970       -7.00563380155403        2.31837237848983
C           -2.32252322003088       -7.02412337828953       -0.10204599457901
C           -3.08604712040465       -7.94417265921712        2.43238846118953
H           -1.54455083124046       -6.61319630650217        3.20540768847005
C           -3.35982628088165       -7.95612433058636        0.02648058458805
H           -2.01099207156824       -6.64041278767730       -1.07891366839548
C           -3.74032348867603       -8.42415889180799        1.29053580690954
H           -3.38681498907629       -8.29979557042652        3.42407973550101
H           -3.87333923359895       -8.32104815114381       -0.86962326928502
H           -4.54853994420724       -9.16109307285170        1.38695922089221
C            2.75181550255905        5.10839217308977       -1.34037132178171
C            3.06725346272135        6.16344097548241       -0.46912224139462
C            3.76412250052423        4.47418063632809       -2.07853105077464
C            4.39664948040338        6.59206122447834       -0.36128332928891
H            2.27762562171694        6.64043526795624        0.12175792131766
C            5.08881166282094        4.90423772857396       -1.95381406770203
H            3.50527711527788        3.63921343028533       -2.73737307380673
C            5.41070521237537        5.96961226824942       -1.10114717768010
H            4.64209901675715        7.41979191131462        0.31609868247219
H            5.86269944261293        4.38845117157616       -2.53313389528088
H            6.44910729560248        6.31348413446543       -1.00758832792549
C           -4.47907817645926        5.05502244128510       -1.15605097551850
C           -4.84345184853197        5.27401116653083       -2.49250320268614
C           -5.43262943759614        5.15668372771663       -0.13281728222998
C           -6.16693026740476        5.61568949234569       -2.79660353765328
H           -4.09230478746363        5.16899965222928       -3.28244227150657
C           -6.75434700959128        5.49160148898125       -0.45175055268915
H           -5.12142151405605        4.96226063677430        0.89841098474277
C           -7.12525341336457        5.72834281454069       -1.78131157647623
H           -6.45456702210334        5.78724816740315       -3.83959182456471
H           -7.50069675126985        5.56983625890128        0.34612790812518
H           -8.16160210041610        5.99513780146841       -2.02734506248690
N            1.36486877368985        0.46344525157961        0.23971335415293
C            2.41219637121493        1.21615344848991        0.35809501172868
C            2.51429812529829        2.15684981039850        1.42399838574150
C            3.63098698134495        2.93969441553795        1.56624148612833
C            4.68901375621188        2.83630547860024        0.67042828084139
C            4.61221428893392        1.92715183441434       -0.37511162588400
C            3.51320615732073        1.11620108890551       -0.54945278316085
C            3.48304168780373        0.04995356137862       -1.59749156792388
C            3.88011264474020       -1.31121817140608       -0.98134069750912
C            5.23210057763560       -1.20159206415856       -0.34581942580191
C            5.35104773563137       -0.78652424549038        0.97665467170186
C            6.59218485244694       -0.60595729623728        1.55412610917521
C            7.73505209845471       -0.85283220704463        0.80523184596362
C            9.08642174642146       -0.64137213167245        1.41102457604279
F            9.10490187341364       -0.77483326865246        2.74886961273728
F           10.01627531984760       -1.49996314670627        0.94143574292419
F            9.58292640511368        0.59368640245640        1.16124218017764
C            7.63649884242699       -1.26986631881447       -0.51649230105931
C            6.38735428831540       -1.43812560434298       -1.08271607953925
H            1.67814944123939        2.23287828075720        2.10139283416223
H            3.70212362790890        3.63398603399729        2.39032603698046
H            5.56383497310090        3.45286049474695        0.79315837364829
H            5.42972682876311        1.84921971141526       -1.07637612245860
H            4.18934002857128        0.30294072421282       -2.39077533891510
H            2.47221225433724       -0.04102406356089       -2.00289443426804
H            3.88561579269007       -2.06545118290425       -1.76923912457592
H            3.13359328232819       -1.58687580146244       -0.23394005749456
H            4.46154215662780       -0.60783936310431        1.55989459949315
H            6.68094138638999       -0.28506132442580        2.57954117033192
H            8.53218669166734       -1.46240461923892       -1.08749499503697
H            6.30957482434040       -1.76114739698961       -2.10986338410941
245
 energy: -410.918023293404 gnorm: 0.001528838873 xtb: 6.7.1 (edcfbbe)
N            0.21579854649795       -1.80151192918388       -0.90594296014864
N           -0.01840042652181       -1.12743136046119        1.85282385862432
C           -0.36673327854096       -1.02853115419200       -3.19309184239015
C            0.06183000956268       -1.99402407722546       -2.25514509038328
C            0.46356441705931       -3.34301182909829       -2.60702508183548
H            0.43136807610545       -3.75609632902350       -3.61633594010053
C            0.88631003235588       -3.94177097293749       -1.45376259097732
H            1.27290803497916       -4.95260201366052       -1.31771810764727
C            0.69564485307813       -2.98039258149114       -0.38476314672780
C            0.88002183969572       -3.27275069785144        0.98087170633149
C            0.47631615573951       -2.39760812730083        2.00919327609191
C            0.40324378954294       -2.77662069587351        3.40782571847488
H            0.73309334701563       -3.73753791950664        3.80538763742338
C           -0.18472218708946       -1.73831996009484        4.07213763324298
H           -0.43009145031653       -1.65754820250520        5.13193011832421
C           -0.43229696705614       -0.70007741397167        3.08918453228051
C            1.41832249618916       -4.62548579584268        1.36583365141407
C            2.75941627227519       -4.78082854703623        1.78986163345022
C            3.27068531268362       -6.03929203071410        2.15522315475204
C            2.43647586252076       -7.15913817797880        2.08850347374490
H            2.83441430003727       -8.14518033648906        2.36223434968264
C            1.10626228209674       -7.04579713583390        1.67607235050316
C            0.59915181222947       -5.77971678396846        1.32696422460168
N           -0.75772219337629        1.55570912983637        1.12642841200602
N           -0.47600511475735        0.88934405319516       -1.61522194916343
C           -0.98659511111193        0.56041001966432        3.39479098400504
C           -1.07237043966675        1.61631835235159        2.46049044892334
C           -1.44107832949523        2.97360603895314        2.81021504005745
H           -1.75563564072061        3.29146526346822        3.80515625325061
C           -1.29695207617259        3.72791510985178        1.67888742089732
H           -1.47717004251333        4.79548900068660        1.54919905938504
C           -0.90477343333263        2.82390649342300        0.61765430912748
C           -0.78592876424181        3.19193076600751       -0.73618151580278
C           -0.66733943041931        2.24047308591327       -1.76709588753365
C           -0.87216941250388        2.54836766359413       -3.16857542278484
H           -1.04575454097815        3.55019085876527       -3.56301903847377
C           -0.85601992558090        1.36078905338184       -3.84297503572191
H           -1.00969343252197        1.18008202519653       -4.90767743436074
C           -0.57479093363341        0.32747293413411       -2.86457250438299
C           -0.85669609137723        4.64427536671917       -1.12252101803943
C            0.32997876211609        5.33262495664183       -1.47579537217925
C            0.29642503189869        6.67504948428384       -1.89508150740811
C           -0.92982073239043        7.34579525804854       -1.93427726719744
H           -0.95993075948592        8.39625352022716       -2.25224588694094
C           -2.11897857276857        6.70205485590886       -1.57921532302215
C           -2.08121873090218        5.34968381315527       -1.19048552048622
Fe          -0.16371500299402       -0.09114151967972        0.11710416208503
Cl          -2.39168473290494       -0.71339526378742        0.09605080338681
C           -1.56809175098950        0.77412105432948        4.77095867826643
C           -0.79849484055715        1.31237430318173        5.83664069084220
C           -2.92774251464736        0.42214465402391        5.00012174367916
C           -1.37514523303385        1.50109987443573        7.10866508977819
N            0.55060824762677        1.65938052101296        5.56616034238191
C           -3.50051432381933        0.63578730869912        6.27240889989414
N           -3.65766682519623       -0.16414540810169        3.93899800165281
H           -0.76122311869216        1.90312741766284        7.91913367538306
C           -2.71864371324485        1.16581062609578        7.30218378134429
C            1.52923326865210        2.06679203625971        6.44479985989846
H            0.82085924627171        1.55810774080012        4.58633993770428
H           -4.55216927324142        0.38056246660541        6.42528761538286
C           -4.98878300508162       -0.53244396271476        3.92020425786429
H           -3.12956258125900       -0.34032849748085        3.07907573113996
H           -3.17026915119402        1.32108152676921        8.29050118561753
O            1.38611748980437        2.17518806002687        7.65758174143928
C            2.85601764148957        2.38498682886575        5.78764814437818
O           -5.78603826874781       -0.29497233255231        4.82237799143868
C           -5.40548819996711       -1.28275086570732        2.67793841273338
C            4.11318575606443        1.99470022518276        6.52234062895752
H            2.90906206748316        2.38634720045872        4.69356306840478
C            3.70048218014086        3.44668311221556        6.50245636656402
C           -6.75817208938727       -0.97793614665561        2.08397078532681
H           -4.62461470063047       -1.59810155677729        1.97635048604926
C           -6.58233904734878       -2.24564030379189        2.88576730266596
H            3.99303971449774        1.47254092424969        7.47464888508080
H            4.97433112569718        1.71216231220356        5.91379144406241
H            3.26864469668168        3.84849019766888        7.42240662381871
C            4.48107106501135        4.41001231275432        5.66598406955311
H           -7.34487547144285       -0.19054837731675        2.56557721292356
H           -6.84647979938412       -1.06531509503846        0.99754873657807
H           -7.00140358727418       -2.24918513642441        3.89680597535507
C           -6.56686766594680       -3.56568114619845        2.19077350542417
O            4.58157905567159        5.60442697712121        6.27292927512522
O            4.97743573749211        4.14842411937559        4.58666166632828
O           -7.18073767964563       -4.50831772479491        2.93961314222251
O           -6.08404727146794       -3.78306733548149        1.09767172255240
C            5.32748300607887        6.66774276192450        5.60882109605325
C           -7.27635162725158       -5.85712258902736        2.40158387489884
C            4.34935333727059        7.55011155276113        4.82089033576011
C            6.09082081349553        7.42061151391431        6.69731970217075
H            6.02529707509869        6.17770242106687        4.90659584177782
C           -7.27460321339822       -6.80805388881572        3.59955653681121
C           -8.53266524223397       -5.96704009166336        1.53031006718301
H           -6.37982164406430       -6.01990768401824        1.77360334785578
H            3.83451688988040        6.95744272009554        4.04702385938861
H            3.59914141607095        7.98627584103666        5.49374531593745
H            4.89489894068651        8.36820396314693        4.33066624153830
H            6.76392774114401        6.74469022766053        7.24021784251911
H            6.69724768636749        8.22324027417348        6.25667715409623
H            5.40083121250900        7.86876946840682        7.42364405402282
H           -6.35994013062212       -6.67755861764686        4.19232923408444
H           -8.14322192736766       -6.62026208743560        4.24853797001504
H           -7.32706189422998       -7.85123330978082        3.25885190624141
H           -8.47536477148686       -5.26327792213025        0.68876185016901
H           -8.63045806940065       -6.98487910601656        1.12776176049023
H           -9.43561954690899       -5.74721043082178        2.12009535755985
C           -0.60598475986243       -1.49414988389010       -4.60759473057646
C            0.35624396845715       -1.28829744915536       -5.63315171445591
C           -1.81107914443271       -2.18467004579960       -4.91303048002892
C            0.14907835262269       -1.82029428361993       -6.92128770520739
N            1.50146826110698       -0.51658617881152       -5.31075066348143
C           -2.00659822040884       -2.72104032811118       -6.20346951943589
N           -2.79868575876028       -2.26544854488710       -3.90376059501847
H            0.90608952853655       -1.65597758342551       -7.69343848285794
C           -1.02336720938159       -2.53828715289573       -7.18044601477672
C            2.44766863742947        0.02236280225293       -6.15530545945884
H            1.51855026916333       -0.18829514972914       -4.34371921361219
H           -2.92847169664006       -3.27063545122376       -6.41186782232905
C           -4.03044322442405       -2.88712519967435       -3.95216258534823
H           -2.58474771508002       -1.75498590370470       -3.04275193061669
H           -1.18068229629094       -2.95953102888397       -8.18189558512553
O            2.55528734863725       -0.23407260005435       -7.34852774239186
C            3.35163133223611        1.03288646084342       -5.48149264076537
O           -4.41094080290727       -3.60337872195134       -4.87273805957285
C           -4.90842280686520       -2.59303996418167       -2.76015821690436
C            3.67358940260772        2.28146674603984       -6.26519835088263
H            3.28838562056010        1.14156958660975       -4.39340211739837
C            4.74251348388375        1.22902989011365       -6.08465405846177
C           -5.81428119620087       -3.68370828335554       -2.24915710026921
H           -4.54682993399331       -1.87335466661848       -2.01630998014355
C           -6.41396211829147       -2.56441248493707       -3.06532709273182
H            3.23989113143680        2.36296254201095       -7.26538061753801
H            3.78442556128358        3.21114861543771       -5.70208788599155
H            4.98474745507965        0.60863710004740       -6.95147455243115
C            5.86709143363765        1.53197904346869       -5.14505341902844
H           -5.75168448284885       -4.65213677001958       -2.75241849707783
H           -5.99791814345593       -3.69529331171800       -1.17148418049932
H           -6.68093500215979       -2.79690277990891       -4.10083082223881
C           -7.25411381621173       -1.52289059100373       -2.40358792549378
O            7.03428217311636        1.06956369833979       -5.62307851369288
O            5.74589024685946        2.13325768022952       -4.09369671098742
O           -8.24708520940372       -1.11423265717923       -3.22252639333068
O           -7.09027307477364       -1.09541584166850       -1.27851240567782
C            8.24697748668424        1.29996938003417       -4.84676447841556
C           -9.16877314553687       -0.10114698578937       -2.72894438776950
C            9.15154417628140        0.08740055257183       -5.07265708355527
C            8.87311161080429        2.62806357921606       -5.28144901510052
H            7.94131064577036        1.36670781025167       -3.78502718575878
C           -8.59561996799078        1.29360214978411       -3.01090144405279
C          -10.51212906774953       -0.36281002112127       -3.40897578625678
H           -9.24906859190010       -0.24471989101126       -1.63606394906451
H            8.64035544224265       -0.83334828125081       -4.76247019466668
H            9.42534439421923       -0.00234956465040       -6.13489578266748
H           10.07859569301775        0.19255684654852       -4.49292827572935
H            8.17977773559627        3.45840416269397       -5.09600165957940
H            9.79696381432195        2.81824388900309       -4.71805301932486
H            9.12748445690557        2.60626575735758       -6.35237491116639
H           -7.63350152143870        1.42462726982542       -2.48958830910158
H           -8.44065621209941        1.43558161636418       -4.08940444002682
H           -9.29163354234969        2.06682654505413       -2.65711469364021
H          -10.86992332810091       -1.37818047690925       -3.18736098877706
H          -11.26762906137712        0.35165678955267       -3.05550465733856
H          -10.42697006653459       -0.25922274883268       -4.49867941160720
H            4.31220012413432       -6.13575373984367        2.48353241983950
H            0.46066099939616       -7.92985412497694        1.62026959200391
H            1.22079565135139        7.18208659770480       -2.19477532289661
H           -3.07500554290360        7.23817637772194       -1.60604562269690
O            3.51251074709471       -3.62746573312351        1.82420989367978
O           -0.68802846246913       -5.58118848228783        0.88584984439511
O            1.47793532386049        4.57183951563972       -1.45191557243466
O           -3.19817019797984        4.64680390289100       -0.80228563370057
C            4.84754608025975       -3.67597798776709        2.22483273007218
C            5.85071945532759       -3.95882892704962        1.28769272531316
C            5.17482503486022       -3.36158707005240        3.55025006824912
C            7.19252129472217       -3.93285241618817        1.68888146010180
H            5.57038137108834       -4.19011756329191        0.25524980828208
C            6.52057746394699       -3.33734049789369        3.93980056237864
H            4.36865782820153       -3.13513715726670        4.25590325015706
C            7.53105509828294       -3.62471203776130        3.01310244069288
H            7.98094329007341       -4.15194879183121        0.95981331628016
H            6.78253978887663       -3.09169076960831        4.97496936127758
H            8.58478514295479       -3.60555482834920        3.32232792970440
C           -1.66668005453040       -6.55663177509571        1.04715787055346
C           -2.05148475199885       -7.00473941563641        2.31905929460446
C           -2.32066866308091       -7.02343741314401       -0.10137183816510
C           -3.08419928969981       -7.94341149833070        2.43308823887127
H           -1.54292645596513       -6.61216929006157        3.20609317455389
C           -3.35785042185086       -7.95557163415807        0.02716645843160
H           -2.00913928783194       -6.63975342392800       -1.07825039917616
C           -3.73834945343089       -8.42356883961954        1.29123442450826
H           -3.38497035681095       -8.29900571502920        3.42478822380256
H           -3.87126599023385       -8.32062940435705       -0.86893824291865
H           -4.54646990333696       -9.16060677495963        1.38766838897379
C            2.75206762218109        5.10968946852089       -1.34029660364705
C            3.06731798859719        6.16483803913665       -0.46909980073654
C            3.76448906363754        4.47557632508207       -2.07836984558279
C            4.39664752902492        6.59365057689098       -0.36122046259668
H            2.27759384734973        6.64176600487003        0.12170581904808
C            5.08911530987575        4.90582762341310       -1.95361525280212
H            3.50580085775437        3.64051865658664       -2.73715370010489
C            5.41082450070481        5.97129236029604       -1.10099594156880
H            4.64194949085793        7.42146081750765        0.31611652518531
H            5.86311231334269        4.39009265439047       -2.53283749274634
H            6.44917581835202        6.31531158023297       -1.00740314772666
C           -4.47882567116549        5.05533669820690       -1.15634395437353
C           -4.84315995772455        5.27418095600825       -2.49283056197128
C           -5.43244437741197        5.15693930473002       -0.13316805655758
C           -6.16666855812417        5.61565624545860       -2.79702452029362
H           -4.09195726952651        5.16921678937515       -3.28272264690051
C           -6.75419113620910        5.49165320364852       -0.45219412489294
H           -5.12126361599930        4.96263207107595        0.89808997342187
C           -7.12506059113720        5.72824937657775       -1.78179031835890
H           -6.45427492433521        5.78710174433835       -3.84003903540164
H           -7.50059303666051        5.56984203062458        0.34563937285627
H           -8.16143241908670        5.99488521028981       -2.02789740804463
N            1.36613036686093        0.46212927079820        0.23776673581198
C            2.41423864605766        1.21414993754827        0.35135615414946
C            2.51912043558518        2.15460771622061        1.41739563536073
C            3.63617055722661        2.93742048308435        1.55612125027713
C            4.69086404889043        2.83496563139799        0.65599784501323
C            4.61125006433441        1.92585091834707       -0.38928965479691
C            3.51239619750493        1.11362001628440       -0.55927227053148
C            3.47908267933438        0.04395132788869       -1.60375568262945
C            3.87005671588318       -1.31612493277638       -0.98136215430121
C            5.22094690744728       -1.20884284182505       -0.34381237497783
C            5.33913949910205       -0.78765888533562        0.97673041821530
C            6.57965542424075       -0.60833265252233        1.55557144181890
C            7.72308421548843       -0.86342306565045        0.81041692240052
C            9.07386568447663       -0.65421738123808        1.41808563142903
F            9.08793416256742       -0.77541258671851        2.75686871578916
F           10.00005071555054       -1.52072036735388        0.95879372206330
F            9.57777937800149        0.57647594966068        1.15944648392112
C            7.62513939792543       -1.28857212466772       -0.50836294353644
C            6.37646748759845       -1.45445796231695       -1.07637236398775
H            1.68491541463321        2.22944810058937        2.09732485300832
H            3.70997241461411        3.63098782961615        2.38067830328256
H            5.56540735583968        3.45249191095748        0.77576531115246
H            5.42594090674297        1.84858871706710       -1.09398276974600
H            4.18679099947293        0.29067404453349       -2.39741226229830
H            2.46825089332855       -0.04521996960569       -2.00936705233657
H            3.87364676359703       -2.07364066127813       -1.76599240505778
H            3.12121139254490       -1.58527922069316       -0.23426242765590
H            4.44914538268300       -0.60336691365962        1.55726167515685
H            6.66740409418656       -0.28197973070281        2.57924582516214
H            8.52088456219584       -1.48930184091005       -1.07585585761121
H            6.29930933217073       -1.78347739950538       -2.10128670079079
245
 energy: -410.918038768825 gnorm: 0.001110972997 xtb: 6.7.1 (edcfbbe)
N            0.21725214829200       -1.80066207094561       -0.90548287324386
N           -0.01720861935692       -1.12634815422480        1.85322293772314
C           -0.36520713973152       -1.02791067199801       -3.19272848777725
C            0.06341082734085       -1.99328448963883       -2.25467113699581
C            0.46534811737971       -3.34224098660618       -2.60641692180641
H            0.43327167598629       -3.75541559435419       -3.61569052044330
C            0.88810018515190       -3.94083368653158       -1.45307097918106
H            1.27480874327533       -4.95161802579602       -1.31691691696283
C            0.69721112700320       -2.97941427916150       -0.38416799238684
C            0.88154424506584       -3.27163280074678        0.98152090035188
C            0.47766318697814       -2.39645668627524        2.00971974938968
C            0.40454438835619       -2.77535924357192        3.40839208755816
H            0.73448859739627       -3.73620285885961        3.80605175008920
C           -0.18359445350269       -1.73708494675598        4.07257411848431
H           -0.42904790309258       -1.65625127252218        5.13234191597813
C           -0.43123608732714       -0.69895183519906        3.08950816485895
C            1.41999722429271       -4.62426898166617        1.36661804981926
C            2.76108130838912       -4.77940621859389        1.79074843986972
C            3.27248092094708       -6.03777642128103        2.15624938606738
C            2.43841859177137       -7.15773304722775        2.08956807582603
H            2.83646281829874       -8.14370138420035        2.36340786093388
C            1.10822014806132       -7.04459306785630        1.67703626084726
C            0.60097243320181       -5.77860608744220        1.32778903214727
N           -0.75681432679059        1.55662088053149        1.12655072520427
N           -0.47482384222543        0.89008585529894       -1.61502524331239
C           -0.98571178434585        0.56149250070523        3.39497986458965
C           -1.07155845403869        1.61731041953741        2.46059098113757
C           -1.44046035602830        2.97458249407620        2.81017363131077
H           -1.75512475901028        3.29248358002713        3.80506644955871
C           -1.29634878550668        3.72881076276684        1.67879355492554
H           -1.47669496059405        4.79635261988215        1.54900412336823
C           -0.90398811119652        2.82476579770935        0.61765645061738
C           -0.78509558875253        3.19269178137258       -0.73619396995972
C           -0.66631618880441        2.24115676362239       -1.76701890495449
C           -0.87109141228230        2.54891557938411       -3.16854668482213
H           -1.04477592026412        3.55068529539672       -3.56307991402013
C           -0.85474761828545        1.36129031524710       -3.84284227912039
H           -1.00832343552640        1.18047121025569       -4.90753884834041
C           -0.57345507010712        0.32808531896630       -2.86433237997418
C           -0.85602215694162        4.64499768506509       -1.12266114082070
C            0.33059004581446        5.33346664914571       -1.47591156300584
C            0.29689442861770        6.67585231747269       -1.89531040432496
C           -0.92943176446662        7.34644104048312       -1.93464515696804
H           -0.95965248582488        8.39686834676685       -2.25270329895959
C           -2.11853172826405        6.70257995952144       -1.57961163109177
C           -2.08062684242943        5.35024610095226       -1.19076807597655
Fe          -0.16279244566904       -0.09030006099992        0.11745953393038
Cl          -2.39041740990848       -0.71276842351354        0.09624432794710
C           -1.56733154225247        0.77524343947355        4.77109257063447
C           -0.79787869307440        1.31368272077462        5.83678217577225
C           -2.92694727448135        0.42311865601863        5.00019702476472
C           -1.37463313643794        1.50244245777533        7.10874934337031
N            0.55121295104649        1.66083520467115        5.56636354973911
C           -3.49983726781175        0.63679129719618        6.27242168608849
N           -3.65674207144897       -0.16335849708258        3.93906114193735
H           -0.76081849468202        1.90461439602612        7.91922701343761
C           -2.71810396660239        1.16699995186801        7.30220689522798
C            1.52970925043345        2.06844361746747        6.44503670561172
H            0.82153019333242        1.55951620013622        4.58657105630056
H           -4.55147010336027        0.38144794504552        6.42525189219184
C           -4.98779184646672       -0.53181738249231        3.92022256722787
H           -3.12854550655831       -0.33954219112881        3.07919899461078
H           -3.16981496221371        1.32229599663395        8.29047967324976
O            1.38650939048711        2.17692470085176        7.65779591759335
C            2.85651338401646        2.38675445699640        5.78794256364496
O           -5.78514880088035       -0.29437800155526        4.82231286701837
C           -5.40433043369478       -1.28228970081886        2.67797820631929
C            4.11367525758755        1.99668632066738        6.52275553894668
H            2.90962728278893        2.38803315671105        4.69386064987861
C            3.70078878161202        3.44860683984525        6.50272361847494
C           -6.75700867444659       -0.97769111541419        2.08389747340045
H           -4.62336704225186       -1.59759561846632        1.97647482807896
C           -6.58106929997927       -2.24530307695422        2.88581219536466
H            3.99353152659654        1.47458945207949        7.47509748530608
H            4.97489657613633        1.71420475449564        5.91429124907136
H            3.26884077908674        3.85044412398559        7.42260822477199
C            4.48131595620718        4.41198298672022        5.66621575581587
H           -7.34384418970594       -0.19033793268586        2.56539692412315
H           -6.84523217433973       -1.06517117685745        0.99747759357560
H           -7.00020311894855       -2.24882130511003        3.89682075196504
C           -6.56538635560268       -3.56540966950837        2.19093023558430
O            4.58164066189383        5.60644012289337        6.27306972005011
O            4.97778626038550        4.15034980874337        4.58694812013226
O           -7.17918709998290       -4.50805502255099        2.93979782018429
O           -6.08246344112144       -3.78281852608648        1.09787760642889
C            5.32744758807446        6.66979465886591        5.60893622806065
C           -7.27459378159446       -5.85691457449478        2.40188214037801
C            4.34925347853866        7.55198744383895        4.82085806970979
C            6.09061366401265        7.42285822797865        6.69742022201505
H            6.02536790213633        6.17979290371054        4.90679357484890
C           -7.27280601122492       -6.80774982333424        3.59993444909119
C           -8.53083578423766       -5.96706640063366        1.53052684133193
H           -6.37800133929911       -6.01964164258334        1.77397421684969
H            3.83455574038803        6.95917915958131        4.04700455406851
H            3.59894806169256        7.98810626782563        5.49362823587650
H            4.89473475716958        8.37010006110696        4.33060888678144
H            6.76376791750077        6.74706789084336        7.24041833265843
H            6.69696913705724        8.22552426879243        6.25675268104807
H            5.40052031976008        7.87098851171742        7.42365807116524
H           -6.35820176122681       -6.67708878431284        4.19275495593864
H           -8.14149242952923       -6.62001392156478        4.24883785628727
H           -7.32511150976815       -7.85096151878778        3.25931139489589
H           -8.47356475956585       -5.26336750093867        0.68892780863961
H           -8.62847134784539       -6.98494965791629        1.12806055246874
H           -9.43385528804439       -5.74730269753233        2.12023379424675
C           -0.60429869616006       -1.49368467894960       -4.60720820149562
C            0.35797191375585       -1.28779830122322       -5.63271670596965
C           -1.80927890463192       -2.18438113688568       -4.91267270847581
C            0.15096525963776       -1.81992610087280       -6.92082027129877
N            1.50308773552890       -0.51590757971629       -5.31029883903267
C           -2.00464758038767       -2.72088375642238       -6.20307556041452
N           -2.79696093696604       -2.26520391681506       -3.90345375057385
H            0.90800666782163       -1.65557810566405       -7.69293431089807
C           -1.02137287710161       -2.53808798259839       -7.18000194114714
C            2.44925829580842        0.02307509535361       -6.15483658653273
H            1.52005664190399       -0.18753913261466       -4.34329301906948
H           -2.92643648784937       -3.27061212174761       -6.41149342507643
C           -4.02861585468776       -2.88703722053111       -3.95190234849841
H           -2.58313491573722       -1.75464014051125       -3.04248076141794
H           -1.17856572889405       -2.95943416925257       -8.18142611589312
O            2.55700553931825       -0.23343470314753       -7.34802838244555
C            3.35306122435184        1.03378309110964       -5.48104732924248
O           -4.40897295702382       -3.60341599219214       -4.87243560933913
C           -4.90673116399906       -2.59296275493151       -2.75997015156600
C            3.67491356693241        2.28233310474954       -6.26483228534235
H            3.28971603983483        1.14255312732942       -4.39297471458165
C            4.74395109413504        1.23004568074954       -6.08413002449406
C           -5.81248074820526       -3.68370485454062       -2.24894447675454
H           -4.54527390668107       -1.87317268839805       -2.01616234641144
C           -6.41224305511740       -2.56455521781641       -3.06524954227994
H            3.24127376905017        2.36369207007533       -7.26504949662400
H            3.78559293876746        3.21207383527480       -5.70179259239668
H            4.98633108165299        0.60961279596277       -6.95087708488988
C            5.86844282549278        1.53321248945644       -5.14446826257560
H           -5.74972803032078       -4.65216676656689       -2.75211979810210
H           -5.99619014150394       -3.69522437357203       -1.17128428003106
H           -6.67912089087567       -2.79716143939363       -4.10074994499509
C           -7.25258067358835       -1.52307658162143       -2.40365495058114
O            7.03571043906703        1.07091494342136       -5.62237936499652
O            5.74707872759201        2.13457244189679       -4.09318193346416
O           -8.24554292747132       -1.11461578607160       -3.22268633041260
O           -7.08886507998347       -1.09549419566097       -1.27860179793879
C            8.24832707992324        1.30152856306111       -4.84600699520026
C           -9.16739025276886       -0.10161244512700       -2.72925928170259
C            9.15305853442806        0.08904808054045       -5.07173588496258
C            8.87432352212228        2.62966909903116       -5.28075716943254
H            7.94257107085554        1.36838079008347       -3.78430506008779
C           -8.59439437501787        1.29319604718426       -3.01129243396105
C          -10.51066852167196       -0.36349600648475       -3.40936071150829
H           -9.24774419361090       -0.24509744187153       -1.63637138223085
H            8.64194014888834       -0.83174754038854       -4.76152010194618
H            9.42694648035124       -0.00074110112493       -6.13394473152811
H           10.08005372712952        0.19434511276395       -4.49193800780033
H            8.18087377890757        3.45993306041496       -5.09542500610839
H            9.79811225518980        2.82000652583494       -4.71731403420963
H            9.12877364244568        2.60781270936858       -6.35166069582411
H           -7.63232982071999        1.42438137851707       -2.48992371371734
H           -8.43937643437941        1.43510125583790       -4.08979398176504
H           -9.29053024100581        2.06635607064231       -2.65761717221988
H          -10.86834905303088       -1.37889155142455       -3.18768528705538
H          -11.26628129584880        0.35090340189066       -3.05600053594430
H          -10.42544808406888       -0.25998809655687       -4.49906411134382
H            4.31398502822565       -6.13407810341687        2.48464033848961
H            0.46273460593621       -7.92873640115767        1.62126410098919
H            1.22122126862108        7.18298142436583       -2.19498334461359
H           -3.07462434710276        7.23857884375133       -1.60655181420082
O            3.51402971752690       -3.62594233099401        1.82505380222348
O           -0.68620007398873       -5.58027810519626        0.88656974413593
O            1.47863906309309        4.57282736817694       -1.45189076162063
O           -3.19751888648046        4.64725830119984       -0.80258364013442
C            4.84903958704095       -3.67425574961836        2.22577440033852
C            5.85229595803756       -3.95710097569909        1.28874650309384
C            5.17619174310695       -3.35971223155470        3.55118297878523
C            7.19407068820360       -3.93091501910743        1.69001292713287
H            5.57208138331567       -4.18845382503290        0.25628190971804
C            6.52191027886228       -3.33526606795645        3.94083017769455
H            4.36994932535205       -3.13330675640731        4.25675950238116
C            7.53247084261309       -3.62262195891459        3.01423254771756
H            7.98256209825655       -4.15001704350909        0.96101297015742
H            6.78377938478858       -3.08949276974336        4.97598465900105
H            8.58618282123142       -3.60330909710899        3.32351720551897
C           -1.66474286164927       -6.55583183976730        1.04789546062649
C           -2.04957601700945       -7.00388189517832        2.31980432658047
C           -2.31859354458829       -7.02281536448655       -0.10064247343152
C           -3.08218082636893       -7.94267516416783        2.43384145570847
H           -1.54112871799722       -6.61117442186503        3.20684051796214
C           -3.35566443669896       -7.95506927389049        0.02790219774558
H           -2.00704565174107       -6.63917311117948       -1.07753016307659
C           -3.73619075912704       -8.42300962984445        1.29198497532504
H           -3.38297343388616       -8.29822499517048        3.42554970491223
H           -3.86897310448799       -8.32026674587704       -0.86820492624682
H           -4.54422461632839       -9.16014146362893        1.38842346770997
C            2.75269326928324        5.11085560640504       -1.34023539452129
C            3.06775405977345        6.16610834909130       -0.46910243703195
C            3.76523442848953        4.47682058277560       -2.07820281580209
C            4.39702578976534        6.59509635044750       -0.36116538761856
H            2.27793409317775        6.64298370263764        0.12161315121648
C            5.08979736939117        4.90725294560215       -1.95340064032036
H            3.50670230363198        3.64166754960167       -2.73691887905213
C            5.41132371963940        5.97281434598716       -1.10082866635800
H            4.64217719355438        7.42299214477969        0.31612109737577
H            5.86391198930864        4.39154988082218       -2.53249619034153
H            6.44962966862030        6.31696361233898       -1.00718821840009
C           -4.47820167328848        5.05560022911353       -1.15676696277179
C           -4.84247194669305        5.27428780108804       -2.49329235364009
C           -5.43190372621939        5.15716748946847       -0.13366213220953
C           -6.16600376659575        5.61557099329121       -2.79760570094726
H           -4.09120335963688        5.16935279442994       -3.28312514733865
C           -6.75366878347951        5.49168847352193       -0.45280537017480
H           -5.12076755781224        4.96298554799681        0.89763185009571
C           -7.12447757943440        5.72812721562023       -1.78244871968216
H           -6.45355993642163        5.78689387710251       -3.84065306830460
H           -7.50013526269897        5.56984965441594        0.34496820154897
H           -8.16086603098755        5.99461255866989       -2.02864653757177
N            1.36605081227605        0.46245629132568        0.23768126885290
C            2.41520724404910        1.21287585153438        0.34642227062980
C            2.52307013625667        2.15379486356744        1.41207446227085
C            3.64029008758196        2.93705778132459        1.54508264005844
C            4.69056770476373        2.83484259783178        0.63943389293146
C            4.60788687199975        1.92459047193815       -0.40459111903427
C            3.50929873084841        1.11058344711344       -0.56835973513428
C            3.47014048317989        0.03628650680758       -1.60828117398868
C            3.85785052843557       -1.32147527783574       -0.98029560566697
C            5.20827191351108       -1.21468341217179       -0.34231898522079
C            5.32583161415696       -0.78643365219122        0.97619400287471
C            6.56568175381257       -0.60823828919069        1.55617175333887
C            7.70971078439410       -0.87333317854771        0.81508611875233
C            9.06000679797637       -0.66827535232370        1.42514956397913
F            9.06788502394906       -0.77328129900303        2.76515100800406
F            9.98068426954871       -1.54540079071901        0.97961821976813
F            9.57392714830739        0.55669242675535        1.15470314147303
C            7.61228810079452       -1.30636406993502       -0.50090095788778
C            6.36395610789535       -1.46929425656525       -1.07071689144301
H            1.69104985526056        2.22776714729014        2.09472907610387
H            3.71764277473228        3.63095366141676        2.36913442196642
H            5.56433777685381        3.45439214832841        0.75448955110653
H            5.41920194622066        1.84803254984404       -1.11331824042226
H            4.17594254859862        0.27700115453043       -2.40502768105267
H            2.45759027511698       -0.05149099275249       -2.00995780594448
H            3.85954609682423       -2.08286559002785       -1.76105664105214
H            3.10853128037794       -1.58548550438164       -0.23238193288306
H            4.43547930944912       -0.59601129641055        1.55407535833468
H            6.65279567060058       -0.27618478332594        2.57796780453661
H            8.50775804488515       -1.51550372937308       -1.06522147889823
H            6.28736853707756       -1.80422285766968       -2.09379974165555
245
 energy: -410.918047619609 gnorm: 0.001122521250 xtb: 6.7.1 (edcfbbe)
N            0.21760592590936       -1.80076212829874       -0.90539036644638
N           -0.01692524362379       -1.12642731356186        1.85328533355306
C           -0.36479641298170       -1.02807693968484       -3.19267943850335
C            0.06378551169617       -1.99343808831087       -2.25459360441737
C            0.46571848130996       -3.34240257454126       -2.60629898363917
H            0.43366457692013       -3.75559945126849       -3.61556313693000
C            0.88843652815743       -3.94096802733756       -1.45292762437390
H            1.27513013082820       -4.95176333260113       -1.31674477631542
C            0.69752848411184       -2.97953707185095       -0.38404748227311
C            0.88182519539727       -3.27172814001075        0.98164771231776
C            0.47792546662467       -2.39652063273786        2.00981838212163
C            0.40476963530413       -2.77539832757268        3.40850207138271
H            0.73469449629696       -3.73623789088594        3.80618509478544
C           -0.18337160690158       -1.73710790388021        4.07264423597070
H           -0.42885170751160       -1.65624686067272        5.13240269126825
C           -0.43097672951351       -0.69898831568343        3.08954370357582
C            1.42025537011463       -4.62436228904387        1.36678674096409
C            2.76132585460359       -4.77950609056304        1.79095433467131
C            3.27270324047181       -6.03787333671403        2.15649275948528
C            2.43863103182928       -7.15782204507817        2.08981376391455
H            2.83665756771821       -8.14378881347548        2.36368331408772
C            1.10844466228924       -7.04467580053440        1.67724637628667
C            0.60121795888017       -5.77869122666827        1.32796043314919
N           -0.75654651053969        1.55657259582558        1.12654622997785
N           -0.47441516097376        0.88994275534663       -1.61501392969308
C           -0.98544651056359        0.56146379934103        3.39498008875448
C           -1.07126412700441        1.61726731155966        2.46056919578602
C           -1.44015255116004        2.97455414172683        2.81011490410338
H           -1.75483962604136        3.29247622082964        3.80499268383505
C           -1.29600615592184        3.72875589026646        1.67872433094640
H           -1.47633739174589        4.79629564607707        1.54890576429890
C           -0.90363353140239        2.82468143101769        0.61761542992328
C           -0.78469784903107        3.19257619934162       -0.73624865955972
C           -0.66590282007846        2.24102014562877       -1.76703821586275
C           -0.87064121202157        2.54875202006018       -3.16858644610919
H           -1.04430415024752        3.55051684163440       -3.56314131631483
C           -0.85429437385929        1.36111846376400       -3.84285498381871
H           -1.00784432975607        1.18027562979389       -4.90755013110486
C           -0.57303772248534        0.32792702305290       -2.86431386829134
C           -0.85559941567227        4.64487823156957       -1.12274177275548
C            0.33102826738923        5.33332720768748       -1.47597523921411
C            0.29735853136950        6.67570427743409       -1.89540256300198
C           -0.92895894117928        7.34630618554704       -1.93478249933260
H           -0.95915947706929        8.39672679915629       -2.25286328207369
C           -2.11807419185253        6.70246555840103       -1.57976604484459
C           -2.08019514801093        5.35013896908613       -1.19089330062539
Fe          -0.16259159797371       -0.09044596553440        0.11752621610217
Cl          -2.39007976901163       -0.71284161417250        0.09624297002199
C           -1.56710083373196        0.77525260469063        4.77107526518789
C           -0.79767118904523        1.31370591153436        5.83677369855196
C           -2.92672324242499        0.42314983802959        5.00015509435209
C           -1.37445155641334        1.50249848368521        7.10872090404372
N            0.55143932331620        1.66083923974399        5.56638026573557
C           -3.49964492117421        0.63685319592061        6.27235834765490
N           -3.65650667489899       -0.16334518942990        3.93900677014352
H           -0.76065413381916        1.90468022853907        7.91920622647254
C           -2.71793216860983        1.16707469960148        7.30215275897560
C            1.52990739995304        2.06845325224095        6.44507136101865
H            0.82177368322675        1.55949610063135        4.58659751057925
H           -4.55128407434966        0.38152484528444        6.42516820247860
C           -4.98754936477937       -0.53178411715525        3.92015134029583
H           -3.12828427245737       -0.33954964986926        3.07916718038141
H           -3.16966523407876        1.32239594019165        8.29041056996370
O            1.38668536853045        2.17696197854025        7.65782250651972
C            2.85674034095684        2.38673930971776        5.78799936956695
O           -5.78493250494403       -0.29432172032343        4.82221077191476
C           -5.40407244569001       -1.28228327913896        2.67790377616218
C            4.11387536112179        1.99667122230924        6.52285505886249
H            2.90987768045019        2.38799725444602        4.69392012506507
C            3.70100547612466        3.44859078115411        6.50278338099031
C           -6.75672987035646       -0.97767957964452        2.08378562910964
H           -4.62309321686031       -1.59760930933634        1.97643017051609
C           -6.58082405747134       -2.24527570081126        2.88573120352944
H            3.99370375330005        1.47459387916765        7.47520369057679
H            4.97510764022792        1.71416756203858        5.91441995998100
H            3.26904100700438        3.85045589816975        7.42264734087392
C            4.48156609001938        4.41195007920314        5.66627290756319
H           -7.34356936010657       -0.19031071191857        2.56525301986086
H           -6.84492770480547       -1.06518087716913        0.99736604904914
H           -6.99998427003121       -2.24877089770917        3.89672790609631
C           -6.56513933410076       -3.56540144598574        2.19087723793376
O            4.58189120922048        5.60641024219086        6.27310458001134
O            4.97805875673989        4.15028551606691        4.58702393993691
O           -7.17896853368300       -4.50802148839705        2.93974461695813
O           -6.08219098963845       -3.78283454571389        1.09784077509239
C            5.32772494836789        6.66974260579764        5.60897162788477
C           -7.27437618480889       -5.85689086179248        2.40185755074779
C            4.34955750369530        7.55193478277888        4.82084722124655
C            6.09087221888569        7.42282262125026        6.69745724577426
H            6.02565643095284        6.17972171186706        4.90685451838788
C           -7.27262866259707       -6.80770286208028        3.59992950129453
C           -8.53059823931357       -5.96704786273445        1.53047107021573
H           -6.37777004751758       -6.01964151006530        1.77397505327625
H            3.83486965187700        6.95911737510816        4.04699856327436
H            3.59924385609491        7.98807337123899        5.49359093879114
H            4.89506317088510        8.37002796405152        4.33059747784784
H            6.76400470168522        6.74703649604435        7.24048550827425
H            6.69724783697305        8.22547151419606        6.25678888731538
H            5.40076704167224        7.87097484472742        7.42366770929872
H           -6.35803878017213       -6.67703932767790        4.19276885735684
H           -8.14132907002232       -6.61994446265012        4.24880579788802
H           -7.32493750637545       -7.85091977594698        3.25932620738708
H           -8.47329745368683       -5.26336717123334        0.68886081328582
H           -8.62823430791398       -6.98493745173923        1.12802490938338
H           -9.43362913459826       -5.74726260972973        2.12015088188473
C           -0.60385684480869       -1.49387871105307       -4.60715483720058
C            0.35844172542565       -1.28802542904835       -5.63264356781659
C           -1.80883244231690       -2.18456776610534       -4.91263825141242
C            0.15146281518614       -1.82017565917815       -6.92074008104717
N            1.50356243606888       -0.51613285748533       -5.31021045003771
C           -2.00417800983866       -2.72109535895368       -6.20303175884922
N           -2.79655142783112       -2.26536099304274       -3.90343608219080
H            0.90852479901092       -1.65585303339480       -7.69283908084821
C           -1.02087653247201       -2.53833129141213       -7.17993778954877
C            2.44974920901510        0.02280735517290       -6.15473760413197
H            1.52051054928240       -0.18775396885687       -4.34321021101592
H           -2.92596683750120       -3.27081778914348       -6.41146267607596
C           -4.02819816265087       -2.88717998846616       -3.95191217841206
H           -2.58273429719922       -1.75478000746910       -3.04247362078266
H           -1.17804843440230       -2.95969593438719       -8.18135665802356
O            2.55753300897824       -0.23371841400126       -7.34792125078684
C            3.35355682776906        1.03352872260319       -5.48094781681137
O           -4.40854848072230       -3.60357403012787       -4.87243451428521
C           -4.90635170036670       -2.59307079566944       -2.76000048097960
C            3.67543957878038        2.28205736969707       -6.26474874470202
H            3.29017752850491        1.14232304570917       -4.39287944343677
C            4.74445753097901        1.22976222944512       -6.08399991326092
C           -5.81212189000276       -3.68379330931304       -2.24897838302507
H           -4.54490136794084       -1.87327082925287       -2.01620199744621
C           -6.41184936331602       -2.56465509286681       -3.06532227568331
H            3.24182601650461        2.36340097849630       -7.26497801890803
H            3.78611471738175        3.21180813189208       -5.70172636253679
H            4.98685677804209        0.60930850203145       -6.95072494799207
C            5.86893926514558        1.53293559578893       -5.14431131812942
H           -5.74936763760568       -4.65226601947815       -2.75213124667750
H           -5.99585901170167       -3.69528920740021       -1.17132345174576
H           -6.67870648941760       -2.79727789695332       -4.10082317945324
C           -7.25219738553266       -1.52314970007749       -2.40377065775529
O            7.03620423040791        1.07062004301495       -5.62218648967514
O            5.74754299511087        2.13432477587179       -4.09304721438001
O           -8.24513197250732       -1.11469687306661       -3.22283138552723
O           -7.08850265520424       -1.09554938173097       -1.27872182489770
C            8.24880518742469        1.30123217026193       -4.84578500484305
C           -9.16697984939705       -0.10167593905471       -2.72945240805304
C            9.15353265182113        0.08873848903090       -5.07146861639946
C            8.87482977795975        2.62935598850175       -5.28055096396742
H            7.94302367964180        1.36810980412038       -3.78409644307447
C           -8.59396176106358        1.29312500394304       -3.01149945052950
C          -10.51024471900130       -0.36355597343986       -3.40958216096982
H           -9.24736390878219       -0.24513444791571       -1.63656315399002
H            8.64239001795834       -0.83204677242972       -4.76125387584328
H            9.42744424995086       -0.00107791232830       -6.13366837583201
H           10.08051222187347        0.19402659919292       -4.49164775959407
H            8.18138444051098        3.45962874310439       -5.09525177287714
H            9.79860514886069        2.81969301527983       -4.71708811559696
H            9.12930568492858        2.60747469073513       -6.35144622078390
H           -7.63190988737861        1.42430833948248       -2.49010901343275
H           -8.43891574008483        1.43500449264219       -4.08999861436544
H           -9.29009825631041        2.06629735266329       -2.65785794144120
H          -10.86794168428207       -1.37894216902019       -3.18789477840352
H          -11.26585784686325        0.35085830640850       -3.05625611372197
H          -10.42499566180372       -0.26007140507051       -4.49928402544287
H            4.31419768538461       -6.13417965804025        2.48491165252995
H            0.46295110421628       -7.92881338912441        1.62147609339850
H            1.22169816899375        7.18281706434946       -2.19506294318447
H           -3.07416005701350        7.23847453553592       -1.60674160913403
O            3.51428595337414       -3.62604666007782        1.82525251663842
O           -0.68593919685798       -5.58035834389129        0.88670439663257
O            1.47906993960142        4.57267446578262       -1.45190959967111
O           -3.19710429213414        4.64717262899818       -0.80272265288123
C            4.84928995792485       -3.67436080177277        2.22600427645264
C            5.85256140321057       -3.95722919121251        1.28901343586158
C            5.17640955219711       -3.35980232041370        3.55142023197900
C            7.19433107774965       -3.93105653929508        1.69031310642887
H            5.57237902389307       -4.18859741168870        0.25655500450230
C            6.52211485691279       -3.33536253629512        3.94110207853142
H            4.37015170949951       -3.13337170530649        4.25696981714190
C            7.53269487360515       -3.62275146613722        3.01453257142524
H            7.98283547043854       -4.15018228734056        0.96133643753423
H            6.78396158943186       -3.08957147192972        4.97625784643466
H            8.58640033956080       -3.60344527858235        3.32384220647039
C           -1.66449891297461       -6.55589855375837        1.04802754569870
C           -2.04936753113015       -7.00391798086677        2.31993286228763
C           -2.31832563657877       -7.02289849680778       -0.10051908208131
C           -3.08198654579144       -7.94269820889879        2.43396318782644
H           -1.54093919844674       -6.61119841429343        3.20697404515794
C           -3.35540832434209       -7.95513790801138        0.02801817706394
H           -2.00674833451184       -6.63927955305373       -1.07740553753335
C           -3.73597192135849       -8.42304828269463        1.29210278959349
H           -3.38280704065168       -8.29822425440356        3.42567101698164
H           -3.86869888420841       -8.32034856944136       -0.86809265501592
H           -4.54401601414566       -9.16016952902034        1.38853403077628
C            2.75312257543800        5.11069643187461       -1.34023502917488
C            3.06817512987500        6.16595861750667       -0.46911627268291
C            3.76567487743652        4.47663679659710       -2.07817012072983
C            4.39745271434190        6.59493307987935       -0.36115286429855
H            2.27834874136516        6.64285468868378        0.12156980233787
C            5.09023683876497        4.90705889837924       -1.95334916758989
H            3.50715057067719        3.64147071708754       -2.73686946264709
C            5.41175756549883        5.97263100077433       -1.10077985633699
H            4.64259531528928        7.42284024338599        0.31612283168581
H            5.86436699145545        4.39132830886698       -2.53240101903753
H            6.45006773869063        6.31676596038309       -1.00712016455803
C           -4.47777471991731        5.05552105276633       -1.15694898694494
C           -4.84200811835231        5.27418520867596       -2.49348459107270
C           -5.43150220731274        5.15712000116171       -0.13386813839629
C           -6.16552976856556        5.61547667351194       -2.79783877306740
H           -4.09072170881243        5.16922553225453       -3.28329681361606
C           -6.75325358931881        5.49164913485370       -0.45305107100812
H           -5.12039337838078        4.96295610430209        0.89743649179601
C           -7.12402618007360        5.72806454172557       -1.78271107160829
H           -6.45305655987615        5.78678144292440       -3.84089682414748
H           -7.49973985698481        5.56983520021402        0.34470000104114
H           -8.16040569401690        5.99455638764650       -2.02893836582925
N            1.36484962874486        0.46414022771795        0.23987828871217
C            2.41420866912211        1.21395265019216        0.34823808006324
C            2.52309358240697        2.15553445096245        1.41318088407025
C            3.64004150639394        2.93957328175895        1.54315837298699
C            4.68863301709721        2.83663170657805        0.63572143002370
C            4.60516017833739        1.92487206372891       -0.40701426590530
C            3.50664010678213        1.11044294018695       -0.56822414023324
C            3.46475639587243        0.03474946302543       -1.60680503597651
C            3.85477516945630       -1.32194870030440       -0.97868137649167
C            5.20603167858766       -1.21372013775708       -0.34228177501494
C            5.32383238465796       -0.78424886041529        0.97578044061299
C            6.56373807290732       -0.60621648074145        1.55551170829412
C            7.70746838110336       -0.87273609970652        0.81482748327257
C            9.05792478931667       -0.66945769330935        1.42522244988401
F            9.06414386160707       -0.76840856666599        2.76561827851996
F            9.97586301770010       -1.55139248745311        0.98466395280462
F            9.57584695333510        0.55287617216911        1.14962202057541
C            7.60988182278513       -1.30527878275991       -0.50131226584903
C            6.36146982159538       -1.46821243382066       -1.07094932540178
H            1.69190027571657        2.22970345672120        2.09676247846284
H            3.71877938961891        3.63461040767566        2.36607586829832
H            5.56189257474457        3.45732850950908        0.74811637158509
H            5.41567957402369        1.84812938422325       -1.11658048853084
H            4.16784702466088        0.27530151765589       -2.40617589780034
H            2.45060305155455       -0.05307437390565       -2.00486759796827
H            3.85637365227385       -2.08425160787302       -1.75861406640988
H            3.10696953047223       -1.58681309228475       -0.22935358770402
H            4.43365489710355       -0.59250584676650        1.55351138812096
H            6.65136067957553       -0.27267658043698        2.57684886252015
H            8.50511744588279       -1.51482008689951       -1.06588750103235
H            6.28463819543305       -1.80235620002309       -2.09438219039914
245
 energy: -410.918057558740 gnorm: 0.001297063762 xtb: 6.7.1 (edcfbbe)
N            0.21804465260209       -1.80103823519618       -0.90520744165941
N           -0.01661548722508       -1.12666765505860        1.85341711634483
C           -0.36424641896147       -1.02847424195491       -3.19257328001770
C            0.06426428819147       -1.99381264660207       -2.25443518458618
C            0.46617252421552       -3.34279647834361       -2.60606345955745
H            0.43415639128701       -3.75603392367909       -3.61531347869063
C            0.88881796801616       -3.94133367905493       -1.45264538047593
H            1.27548148325393       -4.95213489396686       -1.31641166377187
C            0.69789149177918       -2.97986410468011       -0.38381108958922
C            0.88211477524594       -3.27200496516660        0.98189322885587
C            0.47818740855873       -2.39673849077250        2.01001898301090
C            0.40495944690029       -2.77556749781413        3.40871689389220
H            0.73483977370948       -3.73640100426966        3.80644610074756
C           -0.18318059379051       -1.73723818287339        4.07278753061764
H           -0.42870874296459       -1.65632740762163        5.13253005610827
C           -0.43071043465001       -0.69914295015927        3.08963247811047
C            1.42048977425103       -4.62463803767337        1.36711338210977
C            2.76153604083045       -4.77980375725903        1.79135032288665
C            3.27286020403010       -6.03817163333110        2.15695907737200
C            2.43875965025196       -7.15809890000569        2.09028328402795
H            2.83674544625813       -8.14406641716848        2.36420813682278
C            1.10859624882320       -7.04493014781662        1.67764937622896
C            0.60142097668252       -5.77894530706121        1.32829180833544
N           -0.75621381668742        1.55639675606917        1.12655405843344
N           -0.47385307976610        0.88958848855372       -1.61497534681962
C           -0.98515763876229        0.56132755664656        3.39499770616725
C           -1.07090621908027        1.61710631157461        2.46054445421219
C           -1.43976479566860        2.97441860689751        2.81002184233466
H           -1.75449183944564        3.29238488439138        3.80487153577849
C           -1.29554710307343        3.72857454031275        1.67861189921361
H           -1.47584186807640        4.79611127191525        1.54873998440864
C           -0.90315531619117        2.82444411685429        0.61755801507470
C           -0.78414055642779        3.19228042606768       -0.73633359265304
C           -0.66532370193477        2.24068927524564       -1.76706245343129
C           -0.86998946234272        2.54836772178235       -3.16864068673511
H           -1.04360480952428        3.55012426266463       -3.56323886161254
C           -0.85364635071776        1.36071375181940       -3.84286153118006
H           -1.00715038009504        1.17983240302308       -4.90755571583018
C           -0.57246476468356        0.32754801486706       -2.86426868250726
C           -0.85498280156099        4.64457453123974       -1.12287397694775
C            0.33167938010440        5.33297645813264       -1.47607651116444
C            0.29806879639494        6.67533811366710       -1.89555605950744
C           -0.92822761461173        7.34597404518621       -1.93501921196372
H           -0.95838257876071        8.39638309982183       -2.25314161660540
C           -2.11737713369549        6.70218083245393       -1.58003490682576
C           -2.07955723552267        5.34986756852010       -1.19110812019649
Fe          -0.16227628604609       -0.09076190738925        0.11765019928156
Cl          -2.38967205739642       -0.71304937969903        0.09624989081679
C           -1.56687256864943        0.77519075284164        4.77105771896222
C           -0.79747945975041        1.31366284078253        5.83677194553456
C           -2.92651493118481        0.42313668336150        5.00008766805763
C           -1.37431131560016        1.50252017412589        7.10868445595034
N            0.55165835283139        1.66074860573905        5.56642839215043
C           -3.49949092752545        0.63690412339778        6.27225511505449
N           -3.65626932022337       -0.16337951415148        3.93892518653711
H           -0.76054109697920        1.90471490074907        7.91918369419280
C           -2.71781172850135        1.16714201825063        7.30206660381400
C            1.53009297352410        2.06836661348354        6.44515059844830
H            0.82203170757859        1.55935914107663        4.58666283735781
H           -4.55114456290845        0.38161140574910        6.42502564365285
C           -4.98731725094626       -0.53177808417799        3.92002482813603
H           -3.12800920871488       -0.33962989331407        3.07911968304349
H           -3.16958582619279        1.32251332016257        8.29029708178103
O            1.38681953171096        2.17692585443987        7.65788951326110
C            2.85696950913538        2.38659194946992        5.78812537296561
O           -5.78473877136199       -0.29426107973355        4.82203476623125
C           -5.40380697121600       -1.28231528655681        2.67778181359431
C            4.11405644473586        1.99651532764946        6.52305723461306
H            2.91015678543708        2.38781230033268        4.69404866839598
C            3.70123003452994        3.44844301162068        6.50291122860404
C           -6.75642662258158       -0.97769407005583        2.08358971764190
H           -4.62280307606424       -1.59768875954617        1.97635895638063
C           -6.58059438094564       -2.24526476353963        2.88559156920979
H            3.99382667910883        1.47447577173483        7.47541916277342
H            4.97530813386620        1.71396519243881        5.91467359502799
H            3.26923447504694        3.85035705193559        7.42273924729322
C            4.48185746447563        4.41175090824011        5.66639928622739
H           -7.34326654467265       -0.19029069404561        2.56499897871141
H           -6.84457618995253       -1.06523380941856        0.99716978781242
H           -6.99980265347401       -2.24871083095145        3.89656779248951
C           -6.56491509507672       -3.56541903470734        2.19078807295724
O            4.58218961239869        5.60622864535066        6.27319177149324
O            4.97839239727482        4.15003396804033        4.58718399903298
O           -7.17880609445353       -4.50799211922975        2.93966023453369
O           -6.08192144677645       -3.78290582767426        1.09778283690816
C            5.32808457973238        6.66951497792347        5.60905480297378
C           -7.27422669620657       -5.85687941893496        2.40182076383384
C            4.34997905560471        7.55170699734333        4.82084920585558
C            6.09120271202651        7.42261513893671        6.69754704866950
H            6.02603476225827        6.17944792173148        4.90698869416098
C           -7.27256248367172       -6.80764684572296        3.59992880555651
C           -8.53041141781496       -5.96703364225875        1.53037855405742
H           -6.37759585060266       -6.01967940956822        1.77398681646613
H            3.83531323870155        6.95887230550949        4.04699919156829
H            3.59964726661466        7.98789164747052        5.49354193472793
H            4.89553168029637        8.36976476233937        4.33059604894093
H            6.76428958904562        6.74683044632902        7.24063218453707
H            6.69762208158835        8.22522897441723        6.25687745991163
H            5.40107742160903        7.87081374596612        7.42370789114342
H           -6.35799722583717       -6.67698684452976        4.19280548422664
H           -8.14128780800722       -6.61983944136819        4.24875624103314
H           -7.32488528196436       -7.85087430356010        3.25936231262193
H           -8.47305042890398       -5.26338662100116        0.68874533081633
H           -8.62805740503426       -6.98493500594161        1.12796703858405
H           -9.43346324545696       -5.74720065416519        2.12000723570249
C           -0.60325331570388       -1.49432188353971       -4.60704150532905
C            0.35910094920882       -1.28853583642007       -5.63249259410330
C           -1.80823133165031       -2.18498805508232       -4.91255707209035
C            0.15216645205436       -1.82072831685657       -6.92057812412916
N            1.50422758260218       -0.51665690263219       -5.31003377322792
C           -2.00353331588454       -2.72155931342988       -6.20293786948966
N           -2.79600577038873       -2.26571618228925       -3.90339510357311
H            0.90926883625018       -1.65645715950997       -7.69264840765888
C           -1.02018097508232       -2.53886074192984       -7.17980493997865
C            2.45046389792809        0.02221177456379       -6.15453788179140
H            1.52114476880596       -0.18825240047197       -4.34304351342758
H           -2.92532750392756       -3.27126319189876       -6.41139222084917
C           -4.02766096283325       -2.88750051162826       -3.95191068315244
H           -2.58221135198659       -1.75510761483514       -3.04244452382698
H           -1.17731752371253       -2.96025862824390       -8.18121489367069
O            2.55830365439426       -0.23435504659075       -7.34770710692879
C            3.35427565561699        1.03293907855611       -5.48074817789162
O           -4.40799262347289       -3.60391900180643       -4.87242078028429
C           -4.90586804357194       -2.59332127835338       -2.76004747956694
C            3.67622984598568        2.28142859962580       -6.26457742795655
H            3.29084104525659        1.14178006780691       -4.39268649963388
C            4.74520784872789        1.22910940227316       -6.08373879280716
C           -5.81169117409189       -3.68399900244820       -2.24902877819763
H           -4.54443022662870       -1.87350416224398       -2.01626121479643
C           -6.41134764442701       -2.56487471695284       -3.06544357841124
H            3.24266591508869        2.36274668221762       -7.26482948667376
H            3.78690490978218        3.21119693859356       -5.70158564335926
H            4.98763196159171        0.60861601556188       -6.95042771738621
C            5.86966129888205        1.53227937784471       -5.14400305595551
H           -5.74894142330226       -4.65249219820372       -2.75214143198103
H           -5.99547970907885       -3.69544932509869       -1.17138274541359
H           -6.67816403326331       -2.79752834848255       -4.10094728121048
C           -7.25169928115832       -1.52331893572270       -2.40397085532353
O            7.03692770567985        1.06992155369382       -5.62181127892883
O            5.74822292512221        2.13372237699212       -4.09277559008593
O           -8.24458267600162       -1.11486930894322       -3.22309230472422
O           -7.08804436836313       -1.09568213828931       -1.27893083697487
C            8.24950218831334        1.30052473520135       -4.84535873423828
C           -9.16642469554529       -0.10180413215040       -2.72979674517351
C            9.15420288949107        0.08799377366389       -5.07095644346366
C            8.87558375922166        2.62861529097271       -5.28014779558029
H            7.94367147621417        1.36742976154774       -3.78368590358819
C           -8.59335346726161        1.29297166528143       -3.01186941926166
C          -10.50966540643679       -0.36367032219673       -3.40998018788537
H           -9.24686475261203       -0.24521800121242       -1.63690598449990
H            8.64302257844493       -0.83276168081879       -4.76072728082165
H            9.42816252718351       -0.00186805443585       -6.13314045883141
H           10.08115741542502        0.19328691382231       -4.49110100831808
H            8.18215406679914        3.45891411792022       -5.09491335008194
H            9.79933746432638        2.81894677193650       -4.71665015429215
H            9.13011013449453        2.60668438623874       -6.35102932770895
H           -7.63132297683907        1.42414617872761       -2.49043849611773
H           -8.43825295768820        1.43480512262035       -4.09036577547685
H           -9.28948458479863        2.06617605990469       -2.65829025924432
H          -10.86740157280314       -1.37903731128574       -3.18827135228858
H          -11.26527424268490        0.35077845632471       -3.05671720696148
H          -10.42436203222934       -0.26022937017338       -4.49968093257940
H            4.31433642532564       -6.13449501426186        2.48543017180122
H            0.46308033710070       -7.92905155856746        1.62188212054597
H            1.22243647448240        7.18241324068560       -2.19519235242224
H           -3.07344640792895        7.23821622207278       -1.60707581966069
O            3.51452687556619       -3.62636174424082        1.82563835592998
O           -0.68570871404254       -5.58059200352181        0.88696726788929
O            1.47970126312317        4.57228972903138       -1.45192739848437
O           -3.19650275808085        4.64694875627897       -0.80296506437094
C            4.84951628160338       -3.67469118097718        2.22644748678116
C            5.85282068089005       -3.95761533479273        1.28951540005388
C            5.17657997933496       -3.36010122450775        3.55187240029865
C            7.19457706264745       -3.93146596999759        1.69087865793947
H            5.57267755764623       -4.18903016011726        0.25705586648538
C            6.52226443468782       -3.33568344467872        3.94161968814278
H            4.37029462928858       -3.13362208947584        4.25737619183159
C            7.53288152848901       -3.62312378999923        3.01510131323807
H            7.98310988048414       -4.15064109733074        0.96195810007544
H            6.78406678661437       -3.08986618993905        4.97678240433095
H            8.58657541845042       -3.60385227820089        3.32445599912936
C           -1.66430521887375       -6.55609867762178        1.04828264047199
C           -2.04924550928964       -7.00405899668791        2.32018455341184
C           -2.31809142908662       -7.02312322363368       -0.10027815273738
C           -3.08189739877704       -7.94280587649506        2.43420139921544
H           -1.54084820335941       -6.61132092643191        3.20723485162647
C           -3.35520552210537       -7.95532786914837        0.02824487085270
H           -2.00645682388443       -6.63954997341516       -1.07716348445492
C           -3.73584206326238       -8.42317990299782        1.29233036511207
H           -3.38277390887909       -8.29828596785429        3.42590828737018
H           -3.86846462801941       -8.32055808231672       -0.86787506725999
H           -4.54391148575503       -9.16027465569944        1.38874977239896
C            2.75375690257384        5.11028723011679       -1.34021773633918
C            3.06880263724456        6.16556748093194       -0.46912236410328
C            3.76632270888000        4.47617537053899       -2.07809062278868
C            4.39808983339832        6.59450623847321       -0.36110899363421
H            2.27896491614459        6.64250699088722        0.12151035535640
C            5.09088917918329        4.90656739015780       -1.95323091020010
H            3.50780883457897        3.64098681441558       -2.73676030266357
C            5.41240571759064        5.97215565874864       -1.10067278554802
H            4.64322502499863        7.42243159724203        0.31614597210394
H            5.86504085701994        4.39078098620112       -2.53220747794754
H            6.45072571974823        6.31625716618961       -1.00697342363553
C           -4.47714659468024        5.05532008014587       -1.15726797343255
C           -4.84130999473943        5.27394414453232       -2.49382674929831
C           -5.43091959725717        5.15698524534502       -0.13423432034070
C           -6.16480849354156        5.61526194375007       -2.79825649513838
H           -4.08999002113730        5.16893294591994       -3.28360003066338
C           -6.75264506976100        5.49154017470759       -0.45349202006883
H           -5.11986427742341        4.96285161606468        0.89709149509635
C           -7.12334816506567        5.72791591000424       -1.78318027051958
H           -6.45228033847657        5.78653566616607       -3.84133457351966
H           -7.49916699958681        5.56977796827412        0.34421952898720
H           -8.15970863669391        5.99442816716159       -2.02946497031711
N            1.36344572265175        0.46659123407900        0.24339923853454
C            2.41284514597099        1.21626338845372        0.35119456373358
C            2.52412507768321        2.15891234333599        1.41472014967070
C            3.64086746005414        2.94415397536149        1.53991506340711
C            4.68677938901615        2.84002648217049        0.62966681701270
C            4.60147961030457        1.92582384879172       -0.41098423973640
C            3.50283329510844        1.11106037051582       -0.56803476028702
C            3.45738786651113        0.03355427344356       -1.60466096285331
C            3.85035194128646       -1.32188529868204       -0.97608140946707
C            5.20264712590418       -1.21112354938717       -0.34166681785268
C            5.32078697202966       -0.78007404949565        0.97571252741110
C            6.56096854108347       -0.60195475285406        1.55495915636445
C            7.70430411530194       -0.87074381453062        0.81453048611440
C            9.05536920703345       -0.66988005091884        1.42459365193753
F            9.05946005019154       -0.75647112338691        2.76605900071349
F            9.96808756053752       -1.56241151658136        0.99327003850604
F            9.58129177611668        0.54661916146251        1.13750677201833
C            7.60652226881574       -1.30268860946299       -0.50214055254881
C            6.35783997501309       -1.46508405200997       -1.07132568095450
H            1.69470037009226        2.23367956260504        2.10043562297671
H            3.72183503849339        3.64089863603643        2.36112291516050
H            5.55966072587160        3.46199979276132        0.73760566703868
H            5.41062863389526        1.84836769496840       -1.12203150842867
H            4.15751033430154        0.27351383677584       -2.40713892349179
H            2.44160468225076       -0.05481455363828       -1.99869809979548
H            3.85183912824229       -2.08525851491627       -1.75504434347819
H            3.10442384628626       -1.58763249613050       -0.22477103428834
H            4.43098861843457       -0.58743703193467        1.55347082115797
H            6.64934284570031       -0.26744071439374        2.57578652980173
H            8.50158983207185       -1.51125363545708       -1.06749266983078
H            6.28061311134162       -1.79821608369199       -2.09533640135006
245
 energy: -410.918064873156 gnorm: 0.001063852638 xtb: 6.7.1 (edcfbbe)
N            0.21816605425457       -1.80155429855083       -0.90504412946760
N           -0.01659705822573       -1.12714241464173        1.85353879361253
C           -0.36398995657541       -1.02906996786149       -3.19247546063146
C            0.06442043118254       -1.99440284676680       -2.25429043675168
C            0.46626141424251       -3.34341835359362       -2.60585314183032
H            0.43426796244539       -3.75668981318103       -3.61509100888687
C            0.88882282961013       -3.94194210181373       -1.45239515892238
H            1.27541712599948       -4.95276521130100       -1.31611409938393
C            0.69790490240440       -2.98043605082381       -0.38359617734443
C            0.88204816383529       -3.27254273626446        0.98211283881488
C            0.47812216752818       -2.39721218109975        2.01020238728336
C            0.40481311712771       -2.77599806939799        3.40890807836078
H            0.73461791223409       -3.73683835885143        3.80668034538076
C           -0.18329370619828       -1.73761271060732        4.07291722502733
H           -0.42886511999043       -1.65665258867430        5.13264533493841
C           -0.43071715991414       -0.69953182522471        3.08971672749614
C            1.42032477141773       -4.62519361132480        1.36740687586681
C            2.76134290830382       -4.78042595944639        1.79170903539068
C            3.27257515829774       -6.03881246506392        2.15738118410499
C            2.43841092742865       -7.15869182902306        2.09070323287227
H            2.83632529059208       -8.14467443588158        2.36467687970043
C            1.10827295314355       -7.04545665228107        1.67800577179148
C            0.60118933627700       -5.77945292457134        1.32858508582436
N           -0.75605207247844        1.55599866474425        1.12656168555094
N           -0.47352917212454        0.88903390449863       -1.61493336797142
C           -0.98510231713034        0.56097795771756        3.39501539970850
C           -1.07074497690845        1.61673677113190        2.46052450617704
C           -1.43953752172342        2.97408370701731        2.80994371398434
H           -1.75429156358376        3.29209829253049        3.80476912563303
C           -1.29522599845011        3.72819443681270        1.67851898792240
H           -1.47545046515653        4.79573578597688        1.54860177271194
C           -0.90283994791230        2.82400194425240        0.61751503615673
C           -0.78374119434159        3.19178633156485       -0.73639733579132
C           -0.66493514479847        2.24016268541630       -1.76707839908044
C           -0.86951976303632        2.54780241352793       -3.16867945699807
H           -1.04305710136212        3.54955746295903       -3.56331813960977
C           -0.85321808031309        1.36012819425597       -3.84286190617117
H           -1.00668461394353        1.17922115111826       -4.90755710779866
C           -0.57214201151488        0.32697774843408       -2.86422382204751
C           -0.85447907495499        4.64407491346987       -1.12298034084923
C            0.33223883676455        5.33239520865221       -1.47615043703666
C            0.29872851759122        6.67474532804227       -1.89567482658129
C           -0.92752604058262        7.34545369595625       -1.93521505351226
H           -0.95760336178303        8.39585406741375       -2.25337298339564
C           -2.11672964707951        6.70174296824521       -1.58026413847358
C           -2.07900972004310        5.34943946133646       -1.19129147700326
Fe          -0.16212620175693       -0.09126795015570        0.11776072506097
Cl          -2.38954205237203       -0.71341077519528        0.09625351792073
C           -1.56686755448711        0.77492246965717        4.77104386504170
C           -0.79749083608297        1.31338266170964        5.83677540016804
C           -2.92654266000168        0.42295696422804        5.00002280321820
C           -1.37436835810015        1.50231489837891        7.10865590693875
N            0.55167943751778        1.66037967732652        5.56648210028992
C           -3.49956192596459        0.63679978767991        6.27215832954863
N           -3.65628218412244       -0.16354905398729        3.93884770588975
H           -0.76061074642173        1.90449871767988        7.91916980107774
C           -2.71789755098518        1.16702338277922        7.30198795113660
C            1.53010177850657        2.06796679508460        6.44523499269114
H            0.82209097845419        1.55894169788496        4.58673207326655
H           -4.55123771778058        0.38157466156747        6.42488936325525
C           -4.98735348147534       -0.53186895998572        3.91989730029493
H           -3.12799552118088       -0.33985839952504        3.07907093108370
H           -3.16970673523728        1.32245304491513        8.29019304467381
O            1.38677806142263        2.17657259288202        7.65796335456170
C            2.85702477257306        2.38609109512094        5.78825882594481
O           -5.78480014683720       -0.29427501462749        4.82186393676772
C           -5.40383062413076       -1.28242018940083        2.67766022047753
C            4.11405509646684        1.99596294220090        6.52326050439156
H            2.91026322721989        2.38727834064750        4.69418386598702
C            3.70131804590741        3.44791470511108        6.50304864423335
C           -6.75640536526116       -0.97773713122946        2.08339672293130
H           -4.62281445147954       -1.59786285294815        1.97628257098743
C           -6.58068547869688       -2.24529313111863        2.88544679003820
H            3.99375122182952        1.47396092197110        7.47563365747964
H            4.97531680963563        1.71334402415494        5.91492434489244
H            3.26930474803123        3.84988334461372        7.42284489616932
C            4.48204131452856        4.41114582782408        5.66654100304333
H           -7.34322005434298       -0.19028363627282        2.56475406218311
H           -6.84451101144770       -1.06530625158984        0.99697593157875
H           -6.99993978563952       -2.24868166517999        3.89640383806057
C           -6.56505361450078       -3.56546970177125        2.19068608960128
O            4.58241552670359        5.60564131212326        6.27330126824895
O            4.97860798232154        4.14937289696193        4.58735592261971
O           -7.17903499001193       -4.50798268765674        2.93956062532185
O           -6.08202372848719       -3.78302065682508        1.09771015747828
C            5.32840561091770        6.66886019357789        5.60916326590471
C           -7.27451201457878       -5.85688150460704        2.40175943516139
C            4.35038974203523        7.55108510643789        4.82088479607626
C            6.09152108348372        7.42194845888565        6.69766559549658
H            6.02635868561693        6.17872788891380        4.90714471874577
C           -7.27295906551297       -6.80761074071974        3.59989775774442
C           -8.53066389788079       -5.96698801787749        1.53026418349839
H           -6.37786252233326       -6.01975496519156        1.77397165595152
H            3.83572077473097        6.95825856704733        4.04702919533429
H            3.60005390107046        7.98733649823367        5.49352972099063
H            4.89601298718853        8.36909490818381        4.33063052075174
H            6.76454238707811        6.74614070886003        7.24080290443744
H            6.69800848170244        8.22451162610806        6.25699807041607
H            5.40139032775587        7.87021135302693        7.42378107426514
H           -6.35841293005449       -6.67698669771738        4.19281156735346
H           -8.14170234194192       -6.61973081649203        4.24867974507275
H           -7.32532884428573       -7.85084572325083        3.25936225342111
H           -8.47322248654657       -5.26337157840585        0.68861106387405
H           -8.62835271309611       -6.98489612049941        1.12788066789718
H           -9.43372930505129       -5.74708218937194        2.11984443616214
C           -0.60296098677527       -1.49494772985349       -4.60693946315035
C            0.35945338251992       -1.28925195205751       -5.63235318882850
C           -1.80796620471171       -2.18555126800387       -4.91248707207415
C            0.15254375230401       -1.82147346226753       -6.92043106503711
N            1.50460981949066       -0.51743072447403       -5.30986687161248
C           -2.00324138272980       -2.72215245135534       -6.20285954662841
N           -2.79578998865598       -2.26618807481115       -3.90336748191831
H            0.90969112085450       -1.65727322991817       -7.69247238666613
C           -1.01983424418263       -2.53954444255464       -7.17968780002499
C            2.45091621924289        0.02135189759812       -6.15434628956721
H            1.52150564831245       -0.18899753739661       -4.34288629002996
H           -2.92505890804637       -3.27180760649111       -6.41133800794571
C           -4.02748163862980       -2.88790003666474       -3.95191814457829
H           -2.58200514640668       -1.75556459630248       -3.04242330940100
H           -1.17695080488650       -2.96096492480454       -8.18109130377011
O            2.55879591377272       -0.23525830399774       -7.34750271240428
C            3.35475925621942        1.03204699701970       -5.48055027722829
O           -4.40781343731757       -3.60432484887801       -4.87242301086887
C           -4.90572374021508       -2.59363007859910       -2.76010514468141
C            3.67682352065033        2.28049281039631       -6.26440318857881
H            3.29127957702696        1.14092996168345       -4.39249387103336
C            4.74573123508241        1.22811512227202       -6.08348210819519
C           -5.81163566907833       -3.68423696656769       -2.24909259367787
H           -4.54427697466501       -1.87381089223053       -2.01632537883091
C           -6.41118849946815       -2.56510262121936       -3.06557017701201
H            3.24331038640503        2.36180407458001       -7.26467756937008
H            3.78752887069825        3.21027248751955       -5.70143687973269
H            4.98815669359459        0.60757927569971       -6.95014054110074
C            5.87016122404946        1.53124880071580       -5.14370639736546
H           -5.74892126334896       -4.65274978612285       -2.75217126020968
H           -5.99547358914343       -3.69564195526270       -1.17145480478863
H           -6.67797175129788       -2.79777367401705       -4.10107830593710
C           -7.25150708093967       -1.52347613501511       -2.40416886622907
O            7.03741848984637        1.06880644055875       -5.62144658214622
O            5.74870881753899        2.13273331306010       -4.09250221890459
O           -8.24432916599737       -1.11499279114588       -3.22334885574349
O           -7.08787792151155       -1.09581280608473       -1.27913582080805
C            8.24997315097724        1.29936044873186       -4.84494450300303
C           -9.16613306957935       -0.10185605891535       -2.73012707467466
C            9.15461158025414        0.08676526711779       -5.07046382173133
C            8.87615529459222        2.62739660092735       -5.27974978962277
H            7.94410053369931        1.36631280238891       -3.78328526824631
C           -8.59296543866441        1.29287576045504       -3.01221853497956
C          -10.50935848502564       -0.36366366294308       -3.41036319663249
H           -9.24663114732466       -0.24523073104334       -1.63723585085329
H            8.64335746860823       -0.83395040854918       -4.76023351018826
H            9.42861414187246       -0.00314757853307       -6.13263250198816
H           10.08154657744889        0.19201789169380       -4.49056932258793
H            8.18276682224416        3.45774279661687       -5.09457341736239
H            9.79989437077703        2.81769134329740       -4.71621647387334
H            9.13072795810965        2.60541670203891       -6.35061966354349
H           -7.63095092715365        1.42400933563020       -2.49074834204191
H           -8.43780766945487        1.43466552868603       -4.09071221422307
H           -9.28906613319213        2.06613325374212       -2.65869589887844
H          -10.86716546289442       -1.37900189850931       -3.18863828379898
H          -11.26494039399025        0.35084150818913       -3.05715762780412
H          -10.42399964103318       -0.26026275831074       -4.50006311998226
H            4.31403082669224       -6.13518827250374        2.48590122969613
H            0.46270687848624       -7.92954124052768        1.62223719497865
H            1.22313965399351        7.18175568650008       -2.19528609365808
H           -3.07276549671106        7.23783480784059       -1.60736545380411
O            3.51439854876600       -3.62702700357388        1.82599739984794
O           -0.68590896973815       -5.58103649377056        0.88719567598479
O            1.48021635453458        4.57164016409774       -1.45192561418287
O           -3.19601302305656        4.64660076654530       -0.80317818170899
C            4.84937128550776       -3.67541857032892        2.22686221705413
C            5.85270408089405       -3.95841540120325        1.28998530217444
C            5.17639171235537       -3.36081501596902        3.55229621166034
C            7.19444509631986       -3.93234508704064        1.69140585717381
H            5.57259587195378       -4.18984920263123        0.25752005394329
C            6.52205966350785       -3.33646052249760        3.94210345282726
H            4.37008835145397       -3.13426044416771        4.25775581815644
C            7.53270535792299       -3.62397859975014        3.01563397602591
H            7.98299570273528       -4.15158941191623        0.96253643729875
H            6.78382590534711       -3.09062912170621        4.97727530396602
H            8.58639251864724       -3.60476530850088        3.32502068356183
C           -1.66457095693185       -6.55647959539931        1.04849805831385
C           -2.04959558349801       -7.00437643522201        2.32039642360044
C           -2.31833324639392       -7.02350156469239       -0.10007705013175
C           -3.08230869020539       -7.94305783076545        2.43439628987517
H           -1.54121491772404       -6.61164075812663        3.20745693397023
C           -3.35550878885759       -7.95563990621166        0.02842857124315
H           -2.00663137649133       -6.63997820393510       -1.07696030348197
C           -3.73623054799628       -8.42342888798618        1.29251151961542
H           -3.38325136701601       -8.29848842821649        3.42610059258110
H           -3.86874914732431       -8.32086805807865       -0.86770266125176
H           -4.54434823778801       -9.16047226469965        1.38891759123618
C            2.75429210456810        5.10957113425426       -1.34018172625701
C            3.06936664323958        6.16485514944501       -0.46910164573668
C            3.76684824472648        4.47538210634346       -2.07799789803028
C            4.39867482651699        6.59371681734519       -0.36103910147118
H            2.27953240030214        6.64186007291371        0.12148045001683
C            5.09143557181126        4.90570219882329       -1.95309727116665
H            3.50831906112914        3.64018119580149       -2.73664228774869
C            5.41298443737311        5.97128698045041       -1.10054491965271
H            4.64383142939170        7.42164778785555        0.31620022980478
H            5.86559148219643        4.38983716899119       -2.53200451589166
H            6.45132472340975        6.31532400813702       -1.00680452073708
C           -4.47661766703894        5.05503730376323       -1.15755119904496
C           -4.84070718785046        5.27364028778404       -2.49413325803544
C           -5.43043053616566        5.15679241287000       -0.13456399752328
C           -6.16417137486257        5.61502751340865       -2.79863393515978
H           -4.08935796871490        5.16855870691329       -3.28386914963411
C           -6.75212127939347        5.49141621670108       -0.45389236762235
H           -5.11943367534360        4.96267319676228        0.89678179188285
C           -7.12274988168653        5.72777173263204       -1.78360494086235
H           -6.45158558213478        5.78628517676928       -3.84173038552669
H           -7.49867458214208        5.56972433640969        0.34378267384699
H           -8.15908318674594        5.99433800920447       -2.02994501429390
N            1.36273613190525        0.46795350544281        0.24621133182149
C            2.41157759826932        1.21848578662872        0.35386532080281
C            2.52474727356510        2.16163710802437        1.41638334723608
C            3.64095386457865        2.94833149154674        1.53809227606788
C            4.68474073374036        2.84425387906731        0.62563732439861
C            4.59819872650302        1.92841786350907       -0.41357384937197
C            3.49990514248744        1.11290124937247       -0.56746281379896
C            3.45307462951659        0.03421696813604       -1.60262145971255
C            3.84838021472728       -1.32012331942120       -0.97310610109924
C            5.20146839551631       -1.20757500637870       -0.34037013941595
C            5.32064765450087       -0.77791230748417        0.97700032625260
C            6.56141894831645       -0.59987551868460        1.55531161995204
C            7.70372118496305       -0.86598003371758        0.81343918336395
C            9.05578817789309       -0.66683673640482        1.42177035534135
F            9.06083537861537       -0.74383403463343        2.76325024364983
F            9.96345431975686       -1.56727116669692        0.99647872169066
F            9.58809736342517        0.54378326631790        1.12522839994283
C            7.60488695708738       -1.29368772784433       -0.50441350930153
C            6.35595078468601       -1.45742753180405       -1.07225867477503
H            1.69709409532407        2.23645832546351        2.10427319634609
H            3.72323890549629        3.64602776163612        2.35829226478607
H            5.55706938458046        3.46751768858657        0.73006708739851
H            5.40611551467794        1.85083163164788       -1.12596428598784
H            4.15168648537846        0.27383730589287       -2.40659760418655
H            2.43664584400147       -0.05513006962599       -1.99476550090258
H            3.84972030450077       -2.08433222632260       -1.75122450710592
H            3.10384149696738       -1.58622593913106       -0.22039667733940
H            4.43132388723051       -0.58538815545077        1.55556665191475
H            6.65072451140307       -0.26531168133984        2.57607485607066
H            8.49975231929901       -1.49983715775686       -1.07116459468862
H            6.27775117412673       -1.78774930442769       -2.09702432685396
245
 energy: -410.918073394974 gnorm: 0.001631455260 xtb: 6.7.1 (edcfbbe)
N            0.21873194483299       -1.80180326052388       -0.90460110455379
N           -0.01626723734350       -1.12719559156324        1.85389657710907
C           -0.36322865163805       -1.02952812746653       -3.19215523276087
C            0.06509352656382       -1.99478794867960       -2.25385650630519
C            0.46695032643335       -3.34383147361160       -2.60527064030216
H            0.43504024647350       -3.75718882421252       -3.61447779466453
C            0.88940427653139       -3.94227065694073       -1.45172396708228
H            1.27598208831328       -4.95308331612380       -1.31533025740224
C            0.69840627704669       -2.98067956858359       -0.38302082482673
C            0.88243231905345       -3.27267049701267        0.98272108248167
C            0.47842560833821       -2.39724526813533        2.01070941491202
C            0.40499542182586       -2.77592043636831        3.40943824084316
H            0.73475743569067       -3.73673095256442        3.80731676350837
C           -0.18315854757259       -1.73747368716819        4.07331155898992
H           -0.42881985811664       -1.65642412153530        5.13301263211765
C           -0.43048845756943       -0.69946993968951        3.09000502898851
C            1.42066367087036       -4.62529117453195        1.36817475445757
C            2.76164753972223       -4.78049883739102        1.79260375499714
C            3.27283385215028       -6.03886275545595        2.15842363836524
C            2.43866454328937       -7.15873984228380        2.09176669751353
H            2.83654655008780       -8.14470417484726        2.36585467634619
C            1.10856203281389       -7.04552656890790        1.67894588230093
C            0.60152162648798       -5.77954587059503        1.32937846671382
N           -0.75565127484640        1.55592078276323        1.12664583253433
N           -0.47287010438151        0.88870012278224       -1.61477299396899
C           -0.98488667974555        0.56106829736679        3.39515033210259
C           -1.07043203338848        1.61675348253090        2.46056349579026
C           -1.43924888841764        2.97413290047257        2.80984321825838
H           -1.75408750461521        3.29223157578691        3.80461689834251
C           -1.29483622215539        3.72814898155558        1.67837070750963
H           -1.47504024243506        4.79568207370994        1.54834876155220
C           -0.90236292021012        2.82386175702536        0.61747790187372
C           -0.78314974973999        3.19153447750145       -0.73646247886883
C           -0.66426398952686        2.23983058878291       -1.76705133937851
C           -0.86872679319103        2.54735243014424       -3.16869422877232
H           -1.04222220360978        3.54907719323909       -3.56343306436679
C           -0.85237899584876        1.35962213244006       -3.84277995202126
H           -1.00575694569961        1.17862846035741       -4.90747433163789
C           -0.57139710853117        0.32655281619874       -2.86403247831868
C           -0.85384134695524        4.64379209509767       -1.12316823057238
C            0.33291217398797        5.33207351368755       -1.47629386237393
C            0.29945121175330        6.67439040232337       -1.89593158563123
C           -0.92679473778040        7.34510726494296       -1.93563081348708
H           -0.95683511692378        8.39548201177521       -2.25387872998731
C           -2.11603511775778        6.70143638469851       -1.58072860252325
C           -2.07836097942744        5.34916365765158       -1.19164110213493
Fe          -0.16159113310003       -0.09142924870747        0.11804455509175
Cl          -2.38905981348475       -0.71357374714984        0.09637802763568
C           -1.56676757502340        0.77513193431342        4.77111266785738
C           -0.79747665175700        1.31367296730869        5.83686566676082
C           -2.92646947488554        0.42319676040943        5.00000265507547
C           -1.37446232199998        1.50271503346108        7.10868279643154
N            0.55171491087976        1.66063454921311        5.56666013574117
C           -3.49959289764778        0.63715098078539        6.27207445549790
N           -3.65611600526070       -0.16338647434811        3.93881889173366
H           -0.76076896988490        1.90495961558654        7.91921563298855
C           -2.71801076944158        1.16745173745758        7.30192664587875
C            1.53007491347465        2.06828614469550        6.44546195310024
H            0.82220990555172        1.55911441176892        4.58694120360451
H           -4.55128484015332        0.38194792850085        6.42473564899107
C           -4.98719852170572       -0.53169997571201        3.91977813002936
H           -3.12776328651199       -0.33977357439684        3.07909727271024
H           -3.16990342324469        1.32296665163076        8.29008107140798
O            1.38664330849401        2.17699165408872        7.65817000059056
C            2.85704938794056        2.38634112429711        5.78857591692380
O           -5.78471499054316       -0.29402064705141        4.82166160291967
C           -5.40357050744460       -1.28234490462505        2.67757280882014
C            4.11401545528546        1.99626339240552        6.52371500800806
H            2.91038416955593        2.38744788032853        4.69450239800868
C            3.70129678845252        3.44822084628633        6.50334601856131
C           -6.75609367102254       -0.97769966549995        2.08316634578438
H           -4.62249879046351       -1.59785472933091        1.97628467151420
C           -6.58045458776080       -2.24519267345471        2.88533526733742
H            3.99362479499669        1.47434042544034        7.47612144682667
H            4.97532716388374        1.71358694964420        5.91547642296285
H            3.26920590811915        3.85026519921225        7.42307507205846
C            4.48209862660603        4.41136757894879        5.66682475492369
H           -7.34294210968561       -0.19020049876865        2.56440991715820
H           -6.84410683756514       -1.06535770481816        0.99674430076922
H           -6.99979464078485       -2.24849228754103        3.89625793425202
C           -6.56477456129992       -3.56542295416564        2.19068358526834
O            4.58242998357845        5.60591965155450        6.27350004142103
O            4.97875621948336        4.14950972288619        4.58769966752602
O           -7.17882939471011       -4.50787116236150        2.93958698497992
O           -6.08165369866908       -3.78307100078107        1.09776699798500
C            5.32848819326758        6.66907626936547        5.60933579715697
C           -7.27427321259039       -5.85681363399033        2.40188490641550
C            4.35055065413728        7.55124192229799        4.82090363118337
C            6.09151948991531        7.42224358252897        6.69784260613117
H            6.02649829325080        6.17887660565287        4.90741792154069
C           -7.27283178668091       -6.80744313806066        3.60010108962719
C           -8.53035113998572       -5.96697869726626        1.53029309454377
H           -6.37757109123205       -6.01974640280385        1.77418753368253
H            3.83593696696741        6.95835992930641        4.04705032142946
H            3.60015871389605        7.98755762798226        5.49344824121319
H            4.89622145435981        8.36920941459687        4.33062628359115
H            6.76448856703239        6.74647301273030        7.24109384438143
H            6.69805231478830        8.22476633971319        6.25716025765132
H            5.40132983153929        7.87057334713830        7.42386362013201
H           -6.35833379971809       -6.67677975358434        4.19308391688952
H           -8.14162923472612       -6.61950146800180        4.24879494039545
H           -7.32518159577734       -7.85070721515360        3.25964678187489
H           -8.47283189641030       -5.26343216962476        0.68858455902357
H           -8.62801563124414       -6.98492004227956        1.12798287641241
H           -9.43346631624487       -5.74701527170075        2.11977775057319
C           -0.60208299715804       -1.49551891380623       -4.60660131030946
C            0.36042268863537       -1.28991509402168       -5.63194920545743
C           -1.80707189377726       -2.18613639083224       -4.91219264056945
C            0.15361589017257       -1.82224284484012       -6.92000179495803
N            1.50555470379551       -0.51808477783916       -5.30942827650960
C           -2.00223871051066       -2.72284250562326       -6.20253992164810
N           -2.79497384803640       -2.26667922847401       -3.90315528962078
H            0.91083164427109       -1.65811290092352       -7.69199151314709
C           -1.01874652048676       -2.54032360739239       -7.17929852297093
C            2.45194398597359        0.02062809893622       -6.15387230432346
H            1.52237473140260       -0.18956488311362       -4.34247379229553
H           -2.92404446212447       -3.27250584954993       -6.41105103751107
C           -4.02667808579692       -2.88838534179664       -3.95175355209946
H           -2.58126393665930       -1.75598789559501       -3.04223068925330
H           -1.17578188636009       -2.96182566996527       -8.18068144014638
O            2.55991807771927       -0.23608660540349       -7.34699906984624
C            3.35573192376008        1.03136639228573       -5.48008500191072
O           -4.40693116928302       -3.60488162044290       -4.87223671621469
C           -4.90501054652780       -2.59400871352575       -2.76004569355269
C            3.67787753596762        2.27974571056325       -6.26401122957667
H            3.29216101602153        1.14034650518801       -4.39204283488650
C            4.74676344356468        1.22737259448563       -6.08290978615302
C           -5.81097940520218       -3.68456455178275       -2.24901886498704
H           -4.54362343333840       -1.87413074697032       -2.01629126956857
C           -6.41045365034368       -2.56549069710233       -3.06563932967392
H            3.24445061291244        2.36097661578829       -7.26433037510195
H            3.78854401228342        3.20957093534255       -5.70111120192059
H            4.98925416071449        0.60676155369574       -6.94949861188871
C            5.87111171197244        1.53057308470495       -5.14306638406289
H           -5.74823038839707       -4.65311988608022       -2.75201361994013
H           -5.99490917169935       -3.69587874531495       -1.17139483715997
H           -6.67714845983905       -2.79824603859728       -4.10115249064579
C           -7.25081516983242       -1.52380504193106       -2.40439501903247
O            7.03840659083785        1.06808119994170       -5.62066844556436
O            5.74957881757292        2.13214618091149       -4.09191601588231
O           -8.24356552330631       -1.11537790979776       -3.22369772345784
O           -7.08728048095877       -1.09604780320207       -1.27938341929824
C            8.25089789586779        1.29868760147583       -4.84407759886057
C           -9.16540285150934       -0.10218957593292       -2.73063429129231
C            9.15554568254747        0.08606950871991       -5.06942424937219
C            8.87712994426313        2.62667925860659       -5.27894199582524
H            7.94493976029964        1.36571373579540       -3.78244481743672
C           -8.59219790106789        1.29250983352385       -3.01279151749283
C          -10.50857168037664       -0.36404241925977       -3.41096393658857
H           -9.24599501002888       -0.24547625656538       -1.63773837843007
H            8.64426021681812       -0.83461804493958       -4.75915968399695
H            9.42963529028616       -0.00393978063160       -6.13156358787529
H           10.08243379212592        0.19136223765905       -4.48945809548038
H            8.18373279021930        3.45704934540106       -5.09389288341748
H            9.80082377556471        2.81701153469898       -4.71534363863727
H            9.13179273378118        2.60460984215337       -6.34979054784633
H           -7.63022593142695        1.42367934820437       -2.49124976691475
H           -8.43694598962816        1.43421105439960       -4.09128532375419
H           -9.28832153183473        2.06580582444172       -2.65939156185662
H          -10.86640759122301       -1.37936021671666       -3.18918627359282
H          -11.26417798449527        0.35049989448938       -3.05788137558321
H          -10.42311884118667       -0.26073192927842       -4.50066683367230
H            4.31426114513094       -6.13522131652968        2.48704016484370
H            0.46299248480614       -7.92960977429266        1.62319451048320
H            1.22389267178192        7.18136786436902       -2.19550620932786
H           -3.07206399861086        7.23753499419316       -1.60795566369569
O            3.51470821096864       -3.62710736504677        1.82686849751964
O           -0.68553922738880       -5.58115387375608        0.88786247585111
O            1.48088182454558        4.57131047674488       -1.45190908331705
O           -3.19540224449162        4.64636741288287       -0.80356741142102
C            4.84964168338770       -3.67547338874628        2.22784548023139
C            5.85305814761294       -3.95854935963561        1.29107901435706
C            5.17655468947725       -3.36077423241245        3.55327938263198
C            7.19476743116399       -3.93245905985449        1.69260157979327
H            5.57303105922565       -4.19008408217596        0.25861347432440
C            6.52219406179178       -3.33638787275652        3.94320058870644
H            4.37019639331725       -3.13414376406758        4.25865206935878
C            7.53292123421124       -3.62396714568437        3.01684022854243
H            7.98338287451715       -4.15175736038949        0.96382976269618
H            6.78386728181858       -3.09047986480986        4.97838107660573
H            8.58659426131549       -3.60474702930495        3.32628982275867
C           -1.66422216364641       -6.55657414213806        1.04916036487754
C           -2.04936036515915       -7.00436318398046        2.32106474864739
C           -2.31789076835466       -7.02368459402077       -0.09943104381246
C           -3.08209157410479       -7.94302534322300        2.43505336073723
H           -1.54105104559502       -6.61155905341057        3.20813632483925
C           -3.35508744285214       -7.95580309461831        0.02906249648487
H           -2.00610229833374       -6.64024452059622       -1.07632031493243
C           -3.73592147380838       -8.42348464743474        1.29315036838561
H           -3.38312306897352       -8.29837173902835        3.42676147585655
H           -3.86825464124713       -8.32109990026970       -0.86708402868121
H           -4.54405494764921       -9.16051237308411        1.38954901324792
C            2.75494509339060        5.10924675885481       -1.34011182793149
C            3.06996199405696        6.16459257851089       -0.46907931810019
C            3.76754624285515        4.47500214985291       -2.07780492770944
C            4.39926261350651        6.59345266960249       -0.36093490425650
H            2.28008168547356        6.64165301837323        0.12139721326442
C            5.09213173465446        4.90532548405522       -1.95283074913777
H            3.50907644869589        3.63973568300110       -2.73638641428508
C            5.41362757692257        5.97095816188611       -1.10032023513425
H            4.64437399799345        7.42143373761904        0.31625634749014
H            5.86634488208041        4.38938256520348       -2.53160299529740
H            6.45196969862269        6.31498517045730       -1.00650869014877
C           -4.47597331837851        5.05478703078201       -1.15808061476964
C           -4.83994677962710        5.27328321158314       -2.49471452201699
C           -5.42987173584695        5.15663529846509       -0.13518424832015
C           -6.16338134819876        5.61465781418588       -2.79935628305164
H           -4.08853059105988        5.16812934068375       -3.28437788543570
C           -6.75153369294354        5.49124498215467       -0.45465369094430
H           -5.11896537243590        4.96259782819800        0.89620502308423
C           -7.12204664691294        5.72749468331138       -1.78441626423893
H           -6.45070550112106        5.78583202720851       -3.84249203222472
H           -7.49815413948517        5.56962552214554        0.34295298979693
H           -8.15835646964059        5.99405021190425       -2.03086832602708
N            1.36304830808779        0.46885778349846        0.24798568080567
C            2.41123232917985        1.22095221088564        0.35308605739296
C            2.52822280544507        2.16506394765889        1.41396417105074
C            3.64473946549748        2.95231904111724        1.53110112004522
C            4.68535560253515        2.84773341884705        0.61523923045641
C            4.59547096824748        1.93044468223882       -0.42251819559547
C            3.49702395157963        1.11447135139150       -0.57156157554994
C            3.44819242247395        0.03350230747885       -1.60396811778672
C            3.84173830356978       -1.31967115512958       -0.97023558079082
C            5.19485025521029       -1.20637101204515       -0.33769971930564
C            5.31446219399782       -0.77482245414273        0.97909595971485
C            6.55560694340364       -0.59649213517015        1.55693227255892
C            7.69752347709003       -0.86415837574445        0.81479494591706
C            9.05093282415551       -0.66784043812928        1.42106385800596
F            9.05432365837227       -0.72222884250348        2.76422958297870
F            9.94976928460699       -1.58643037350474        1.01109139845034
F            9.59659670042224        0.53169812802325        1.10313129948472
C            7.59832948658812       -1.29284129868304       -0.50318097494751
C            6.34926051178794       -1.45680414925292       -1.07040783845166
H            1.70331982334303        2.24086717777766        2.10516843469569
H            3.72953191367658        3.65064599566562        2.35050227761280
H            5.55791695615476        3.47141542619301        0.71532455037169
H            5.40086240417134        1.85210476222917       -1.13769371716295
H            4.14728117496916        0.26948876917624       -2.40855134976150
H            2.43170748196142       -0.05573266539292       -1.99577809924107
H            3.84239733866508       -2.08617242128639       -1.74610813424765
H            3.09668469174871       -1.58243464487854       -0.21681301560998
H            4.42536282770835       -0.58122460539012        1.55779645020765
H            6.64509230937938       -0.26116218883379        2.57747405046414
H            8.49333014120203       -1.49874249941241       -1.07015664979828
H            6.27054669879176       -1.78721140079651       -2.09508669873886
245
 energy: -410.918082698998 gnorm: 0.001171321839 xtb: 6.7.1 (edcfbbe)
N            0.21870220717263       -1.80219255774508       -0.90436428782500
N           -0.01640615154440       -1.12743163300092        1.85408964565096
C           -0.36312238313884       -1.03001131717176       -3.19198204681367
C            0.06512162099100       -1.99523438008831       -2.25361366216723
C            0.46694371711121       -3.34431356978798       -2.60494071182191
H            0.43506618192892       -3.75772007820342       -3.61412990723305
C            0.88931559735707       -3.94271320660888       -1.45134439296531
H            1.27585554104096       -4.95353006544386       -1.31488151245292
C            0.69830601175188       -2.98105858847762       -0.38269873142814
C            0.88225725208830       -3.27298840082006        0.98306429762112
C            0.47823398441467       -2.39749860688191        2.01099198482158
C            0.40472236036350       -2.77609846678796        3.40973260419161
H            0.73442998602607       -3.73689999858655        3.80767743503978
C           -0.18342770532724       -1.73759423577228        4.07352818745371
H           -0.42913615964709       -1.65648401015973        5.13321410555833
C           -0.43067205833682       -0.69963341232043        3.09016175348828
C            1.42041928932223       -4.62560683928789        1.36861323525722
C            2.76137961012232       -4.78084016223781        1.79311419100704
C            3.27250119790347       -6.03920660790576        2.15902237259905
C            2.43829371814929       -7.15905689326394        2.09238171576492
H            2.83612688829349       -8.14502230567172        2.36653787600374
C            1.10821467783593       -7.04581627987173        1.67949132638819
C            0.60123872330596       -5.77983393114359        1.32983598998436
N           -0.75563320176483        1.55566448694959        1.12666963261775
N           -0.47277094721833        0.88830599257386       -1.61470339125775
C           -0.98503927039338        0.56094360127178        3.39521418676183
C           -1.07049608667642        1.61658195105919        2.46056908978529
C           -1.43928619350986        2.97399304369673        2.80976323738444
H           -1.75416056655632        3.29215253540709        3.80450675869596
C           -1.29479170970241        3.72794769237075        1.67826053667938
H           -1.47495023817106        4.79548121326009        1.54817613238539
C           -0.90229653268121        2.82359405432620        0.61743133785398
C           -0.78300898998085        3.19119545272621       -0.73651799606579
C           -0.66410697626628        2.23943417357194       -1.76706108356979
C           -0.86849139759154        2.54689311620829       -3.16872296608955
H           -1.04193253026040        3.54860362877183       -3.56352289876972
C           -0.85215435075098        1.35912404752776       -3.84275007535686
H           -1.00548888485733        1.17808463636511       -4.90744351652845
C           -0.57125813184381        0.32609669227957       -2.86393866496956
C           -0.85362860543934        4.64343399504509       -1.12330320533548
C            0.33316761431957        5.33165408700148       -1.47640730587503
C            0.29977527807839        6.67395160129707       -1.89611415625045
C           -0.92644496646873        7.34471090762294       -1.93590454366540
H           -0.95643212936116        8.39507110462677       -2.25420717112257
C           -2.11572641829033        6.70110102264956       -1.58102704122706
C           -2.07811971709655        5.34884658518044       -1.19186990666195
Fe          -0.16150319370173       -0.09170390589965        0.11817543832821
Cl          -2.38910550655865       -0.71381532229516        0.09643593717204
C           -1.56697690064460        0.77509529356199        4.77113679246816
C           -0.79771612061402        1.31366158506175        5.83689942094917
C           -2.92670514868567        0.42321935091975        4.99997765174419
C           -1.37475804002249        1.50278789493508        7.10868077241918
N            0.55149559942630        1.66055989722739        5.56674175772506
C           -3.49988015088246        0.63725963114141        6.27201335750720
N           -3.65631498972721       -0.16338749041230        3.93879304213637
H           -0.76108784202521        1.90505103126738        7.91922239658962
C           -2.71832741669737        1.16758321126286        7.30187601671572
C            1.52983547302593        2.06822076327858        6.44556940907785
H            0.82203681860873        1.55898126968654        4.58704013262209
H           -4.55158903753298        0.38210202346806        6.42463613073728
C           -4.98741844011239       -0.53165747279916        3.91970040269701
H           -3.12793218204343       -0.33983886586084        3.07910137619779
H           -3.17026253093503        1.32316410236792        8.29000153906297
O            1.38634524024232        2.17699157205213        7.65826676145445
C            2.85684680363181        2.38619209398237        5.78873462536948
O           -5.78496496556072       -0.29390064685755        4.82153801324033
C           -5.40375261762609       -1.28234533919745        2.67751856845135
C            4.11376645255464        1.99610655480980        6.52395054883513
H            2.91023702403094        2.38724491609932        4.69466150029595
C            3.70110260664759        3.44808147611043        6.50348827599333
C           -6.75623798383673       -0.97768235942865        2.08302980815169
H           -4.62265976226545       -1.59792113446241        1.97628095936643
C           -6.58068390857787       -2.24514247704683        2.88527040062380
H            3.99330942863497        1.47423619336529        7.47637859118395
H            4.97509817735514        1.71336865954338        5.91576612916763
H            3.26897969562424        3.85018448879195        7.42317817200871
C            4.48197881897605        4.41115015334000        5.66695565204988
H           -7.34308054343470       -0.19013692078512        2.56420679667636
H           -6.84420169456823       -1.06539193577274        0.99660708590364
H           -7.00007184107659       -2.24837429425217        3.89617436297598
C           -6.56501764901859       -3.56540484272845        2.19068519015679
O            4.58232111867616        5.60573696512379        6.27357872866060
O            4.97868035040465        4.14922533577761        4.58786641692882
O           -7.17914329698722       -4.50779521460001        2.93961011649474
O           -6.08185245326871       -3.78312773575102        1.09780291665740
C            5.32845148150369        6.66883214209984        5.60939470858592
C           -7.27461081387762       -5.85676145302873        2.40196809320713
C            4.35058700247920        7.55099016973332        4.82087312846348
C            6.09145859314364        7.42202396627049        6.69790133124668
H            6.02647879638564        6.17856951704831        4.90753567066806
C           -7.27326185960684       -6.80732950869649        3.60023152213375
C           -8.53065024354064       -5.96692328768390        1.53032340947108
H           -6.37788404234431       -6.01975773417829        1.77432211711048
H            3.83599279608935        6.95808618951076        4.04701826582989
H            3.60017495791460        7.98736910548828        5.49335954593103
H            4.89630879251104        8.36891628427871        4.33057904476994
H            6.76437765998647        6.74625531001205        7.24121955645166
H            6.69804201077304        8.22450392172808        6.25720735468090
H            5.40124932424941        7.87041579921070        7.42386800053743
H           -6.35878638963974       -6.67667041556421        4.19325326569446
H           -8.14208389304811       -6.61932336120202        4.24887586630720
H           -7.32563268187796       -7.85061023156816        3.25982729542618
H           -8.47306576935066       -5.26342118241839        0.68857997205575
H           -8.62833313557697       -6.98488218753109        1.12805772017042
H           -9.43378704502039       -5.74689667218807        2.11975338925454
C           -0.60192616379334       -1.49606120459032       -4.60641588556364
C            0.36063621657035       -1.29054333869732       -5.63172813498263
C           -1.80692872240714       -2.18665086791382       -4.91202816295441
C            0.15387123751426       -1.82293031254124       -6.91976480347697
N            1.50577742847066       -0.51874441080624       -5.30919254878190
C           -2.00205068599149       -2.72341487193640       -6.20236033583081
N           -2.79487387872983       -2.26710512750946       -3.90303895345402
H            0.91113018722667       -1.65886576688341       -7.69172631396973
C           -1.01850546528939       -2.54097987377730       -7.17908071985695
C            2.45223401681651        0.01990154258516       -6.15361791175108
H            1.52256475426727       -0.19017066447297       -4.34225434815194
H           -2.92386724903388       -3.27305513772626       -6.41088713509558
C           -4.02660866444548       -2.88877033502289       -3.95165850024190
H           -2.58119217187456       -1.75637976428088       -3.04212557696146
H           -1.17550838922722       -2.96252752482752       -8.18045043615494
O            2.56025007657681       -0.23688382623255       -7.34672673480444
C            3.35601924089977        1.03063552206824       -5.47983790439174
O           -4.40683747124356       -3.60529890903799       -4.87212819975299
C           -4.90497909410199       -2.59430217630550       -2.76001308341065
C            3.67825059335776        2.27896405229770       -6.26381190292122
H            3.29240302400886        1.13967426164432       -4.39180583557558
C            4.74709289334239        1.22656023609308       -6.08260377809245
C           -5.81101515317665       -3.68479865317657       -2.24897273596273
H           -4.54360414305397       -1.87439879557435       -2.01627479942055
C           -6.41041094273147       -2.56574313853326       -3.06567767876723
H            3.24487433999000        2.36015942955009       -7.26415653262638
H            3.78892419800841        3.20881398625324       -5.70095262487357
H            4.98959909331336        0.60589665894946       -6.94915252646923
C            5.87140017836814        1.52976237411330       -5.14272478912668
H           -5.74827676604714       -4.65338194284184       -2.75191681436624
H           -5.99499665290377       -3.69605165140200       -1.17135601519388
H           -6.67706263721312       -2.79854205318119       -4.10119323432381
C           -7.25076256713333       -1.52399633775840       -2.40452567465973
O            7.03870689951205        1.06720437465111       -5.62024567013680
O            5.74984671610034        2.13139233009549       -4.09160434333070
O           -8.24346056046735       -1.11557279172908       -3.22390009939845
O           -7.08726815434013       -1.09618611977355       -1.27952773203149
C            8.25116997444180        1.29780963706773       -4.84360935807573
C           -9.16528525761921       -0.10232395773866       -2.73092846747770
C            9.15577832000189        0.08514634102973       -5.06885233614772
C            8.87746719278929        2.62575738248081       -5.27850979948723
H            7.94516086834037        1.36489369380512       -3.78199116788994
C           -8.59201581576625        1.29233654932821       -3.01312824172759
C          -10.50843006348091       -0.36416384357987       -3.41130932216816
H           -9.24593428505571       -0.24555535779097       -1.63802925360203
H            8.64444876601628       -0.83551375146398       -4.75856020972502
H            9.42991842806064       -0.00492591587379       -6.13097438078067
H           10.08264453143701        0.19044064627002       -4.48884766806790
H            8.18409195339305        3.45616574140914       -5.09353719566950
H            9.80114257319065        2.81608468238545       -4.71487706536256
H            9.13218201340644        2.60362343380383       -6.34934608738960
H           -7.63006324257911        1.42349929696551       -2.49154698172781
H           -8.43670639914115        1.43397971672566       -4.09162332938688
H           -9.28812809198972        2.06567840366280       -2.65980006881325
H          -10.86631406786365       -1.37945851619957       -3.18949797839393
H          -11.26402807515284        0.35042467127628       -3.05829846970688
H          -10.42292134634769       -0.26091111037332       -4.50101500080551
H            4.31390979112788       -6.13558703584730        2.48769322763147
H            0.46261544464474       -7.92987848786253        1.62375338831488
H            1.22424972248928        7.18088056699029       -2.19566974535382
H           -3.07173457307101        7.23723283596390       -1.60832655151853
O            3.51447908262181       -3.62747971267147        1.82736175938491
O           -0.68579585803447       -5.58141719659042        0.88824862009529
O            1.48110744815448        4.57085113145007       -1.45192874859731
O           -3.19520449075871        4.64610941855050       -0.80381502342134
C            4.84938667328171       -3.67587639608024        2.22840207608771
C            5.85284615472283       -3.95903331109501        1.29169499816122
C            5.17625046958336       -3.36111975935528        3.55383438839210
C            7.19453613346435       -3.93296252960052        1.69327580742052
H            5.57285312429074       -4.19061476696744        0.25922277937735
C            6.52187605747588       -3.33675743870671        3.94381721170586
H            4.36986785760924       -3.13442446780446        4.25915858547158
C            7.53264297328830       -3.62439203511568        3.01751724465340
H            7.98319155359588       -4.15227970991297        0.96456650421861
H            6.78350266426458       -3.09081136351546        4.97900435860007
H            8.58630831319416       -3.60521085562846        3.32700083036886
C           -1.66451987272593       -6.55679305170612        1.04954705938933
C           -2.04973648099085       -7.00450451943913        2.32145780200708
C           -2.31815082035398       -7.02393734196740       -0.09905059611691
C           -3.08250673164478       -7.94312287921507        2.43544409380764
H           -1.54145466304849       -6.61167402128688        3.20853383410513
C           -3.35538902074836       -7.95601199446668        0.02944024063674
H           -2.00630198468515       -6.64055788222534       -1.07594520806611
C           -3.73630046950037       -8.42361620237579        1.29353195500790
H           -3.38359950829058       -8.29840869908966        3.42715581814485
H           -3.86852629029089       -8.32133491441289       -0.86671400676159
H           -4.54446576418534       -9.16060945137260        1.38993031887115
C            2.75518301750772        5.10874916667831       -1.34010387183545
C            3.07019868078485        6.16412744171074       -0.46910415294271
C            3.76778911431762        4.47443836278213       -2.07772221141453
C            4.39950708437197        6.59294360005848       -0.36091551197456
H            2.28030699462727        6.64124327258761        0.12131441502613
C            5.09238835544514        4.90472175849928       -1.95270546745207
H            3.50932604356656        3.63914286068279       -2.73626877198739
C            5.41388569042196        5.97037521441511       -1.10022911260423
H            4.64461944437071        7.42094798914339        0.31624582003115
H            5.86661400173108        4.38871293324108       -2.53140788293589
H            6.45223655173105        6.31436879998412       -1.00638127159000
C           -4.47574326885216        5.05455793340073       -1.15840794408333
C           -4.83964500707921        5.27300032312159       -2.49507318280691
C           -5.42968601104182        5.15649249698456       -0.13556366006656
C           -6.16305172114861        5.61440780295574       -2.79979521915013
H           -4.08819409603824        5.16777937046673       -3.28469531535037
C           -6.75132214566646        5.49113397232194       -0.45511381289169
H           -5.11883675954567        4.96249518320258        0.89585139103246
C           -7.12176279859198        5.72733062320955       -1.78490435893348
H           -6.45032042104747        5.78553989829520       -3.84295375516167
H           -7.49797750579236        5.56958150992201        0.34245521162295
H           -8.15805103433754        5.99391118403124       -2.03142126721932
N            1.36390383638411        0.46819664017930        0.24765191387492
C            2.41102831681565        1.22217174643933        0.35175177672300
C            2.52864832104011        2.16669450417462        1.41199981565650
C            3.64541262447011        2.95371703645731        1.52920356909106
C            4.68590651357151        2.84939851259975        0.61328787544421
C            4.59520070083805        1.93252112755774       -0.42467867768672
C            3.49686281902283        1.11636435597462       -0.57317388982658
C            3.44912243365387        0.03505053596450       -1.60503534873704
C            3.84078359712738       -1.31756445228047       -0.96871052377878
C            5.19353112493790       -1.20332327376364       -0.33600507035911
C            5.31395449115406       -0.77463557320702        0.98160548390235
C            6.55549516375111       -0.59598679065132        1.55879745306927
C            7.69713269572189       -0.86007728918663        0.81464689901534
C            9.05181474463792       -0.66452412966667        1.41812258942240
F            9.05724942886495       -0.70771056799183        2.76106391781846
F            9.94552133969713       -1.59106726066478        1.01471636300763
F            9.60339974863657        0.52825688534188        1.08920037054531
C            7.59710754360196       -1.28643545266875       -0.50412241130313
C            6.34771888301926       -1.45068106260501       -1.07044355324746
H            1.70440269206019        2.24317091238350        2.10387993712016
H            3.73012288054162        3.65162283232165        2.34896797844563
H            5.55881667121087        3.47253719373837        0.71348184934479
H            5.39982179017120        1.85410556690503       -1.14067502705330
H            4.15000720648427        0.26939872775892       -2.40825495933374
H            2.43359336021024       -0.05456601503292       -1.99888053150686
H            3.84134436774424       -2.08520213962567       -1.74343991069609
H            3.09485640759894       -1.57787716187043       -0.21557975330642
H            4.42528877666500       -0.58474572011444        1.56176758869576
H            6.64514531554240       -0.26446503190584        2.58032232343489
H            8.49192139631207       -1.48854654151230       -1.07229807239289
H            6.26841603883953       -1.78028860723112       -2.09535411577346
245
 energy: -410.918092811518 gnorm: 0.001409168240 xtb: 6.7.1 (edcfbbe)
N            0.21897377741415       -1.80233209705453       -0.90393003926086
N           -0.01633679846690       -1.12724647090104        1.85444352235402
C           -0.36267021924163       -1.03036233105410       -3.19165931869872
C            0.06550859800495       -1.99548297769033       -2.25315676653817
C            0.46736884477172       -3.34459923483321       -2.60431882777435
H            0.43556982559466       -3.75810744589207       -3.61346938935468
C            0.88965774751399       -3.94287920857524       -1.45063104345779
H            1.27619220999890       -4.95367650434421       -1.31403397343186
C            0.69855060719802       -2.98111380990979       -0.38210041340404
C            0.88240403545685       -3.27290496247279        0.98371427830480
C            0.47830122901578       -2.39731955843601        2.01151539810299
C            0.40468102373269       -2.77577128887921        3.41028728864265
H            0.73436368089950       -3.73652945019701        3.80835878983409
C           -0.18352968202609       -1.73720146340565        4.07393524099526
H           -0.42931941667775       -1.65598717209219        5.13359500736736
C           -0.43070647130977       -0.69934603051200        3.09044822522759
C            1.42054584502867       -4.62547903164479        1.36943825887067
C            2.76147751539416       -4.78065822762402        1.79405545560477
C            3.27257702127866       -6.03898632344063        2.16013388003631
C            2.43838231611997       -7.15884930806740        2.09354386244071
H            2.83620180515278       -8.14478406481981        2.36783026829037
C            1.10833440779013       -7.04566000364302        1.68053908903562
C            0.60137787810529       -5.77971608718246        1.33071631091898
N           -0.75547187755275        1.55572242796585        1.12669391705835
N           -0.47247253843890        0.88813050246971       -1.61459211844440
C           -0.98510451480843        0.56126376874134        3.39532769712746
C           -1.07049088347443        1.61680143154252        2.46056664783014
C           -1.43932551070827        2.97424420509622        2.80959470075342
H           -1.75427764449090        3.29250433301825        3.80428211604874
C           -1.29474903281187        3.72808641204826        1.67802566186969
H           -1.47490379573273        4.79560605287655        1.54782070983132
C           -0.90216259940304        2.82363118966070        0.61731518762616
C           -0.78277613832021        3.19109666995892       -0.73664835702166
C           -0.66378697280538        2.23922464890480       -1.76710111950467
C           -0.86806560963631        2.54654447896188       -3.16880181657446
H           -1.04148431478498        3.54821198848712       -3.56371871448457
C           -0.85166782656993        1.35870210487211       -3.84270752659194
H           -1.00492010457699        1.17755608259576       -4.90739536659127
C           -0.57084071395493        0.32577885882014       -2.86377121707911
C           -0.85337603876758        4.64329229364508       -1.12359484142337
C            0.33344432800820        5.33148388515863       -1.47667874982612
C            0.30007296910989        6.67373907782753       -1.89652420757504
C           -0.92614891036246        7.34448545772278       -1.93647564722464
H           -0.95611949017675        8.39481314609897       -2.25488830346378
C           -2.11545350247263        6.70090308914553       -1.58162444243521
C           -2.07786625060661        5.34868897972400       -1.19232787653715
Fe          -0.16123122177279       -0.09166173433584        0.11840123027647
Cl          -2.38891329220785       -0.71384804296830        0.09656535554310
C           -1.56714867589783        0.77554760274090        4.77118272047573
C           -0.79797196871136        1.31422748899434        5.83694986443074
C           -2.92689326852204        0.42368455232639        4.99995428237713
C           -1.37511535165415        1.50347864456339        7.10866815076880
N            0.55125430375169        1.66110621550613        5.56686072184574
C           -3.50016656432582        0.63785022542457        6.27192529717751
N           -3.65641318458702       -0.16303370189655        3.93877618338440
H           -0.76150962076388        1.90582867887686        7.91921578514109
C           -2.71869652718611        1.16828420928003        7.30179365021736
C            1.52952708185698        2.06886558026478        6.44572145447350
H            0.82187245731500        1.55943312957654        4.58718911684002
H           -4.55188551575467        0.38270100950143        6.42449269066555
C           -4.98751771914941       -0.53131805472204        3.91961421161337
H           -3.12796570667847       -0.33957017195849        3.07914025306103
H           -3.17070918438564        1.32396231648379        8.28986892345150
O            1.38594139829035        2.17775724591775        7.65839818823203
C            2.85658358662764        2.38677755661634        5.78895882463410
O           -5.78513217298765       -0.29347280746930        4.82136897212709
C           -5.40374755207839       -1.28213204856078        2.67748108802380
C            4.11345156686086        1.99677597146603        6.52430897200301
H            2.91005910333755        2.38772190267354        4.69488706780023
C            3.70077982123781        3.44874811298327        6.50366710070658
C           -6.75619055100856       -0.97754044228222        2.08285582960195
H           -4.62259938622583       -1.59777521092386        1.97633360915093
C           -6.58068947706219       -2.24491816385018        2.88523843290714
H            3.99292353251691        1.47500232915821        7.47678203115177
H            4.97483284596844        1.71398532600460        5.91621802530370
H            3.26858156930181        3.85093950421940        7.42328397190579
C            4.48171320576109        4.41173298419911        5.66709500005003
H           -7.34307540183045       -0.18994982141091        2.56390817037350
H           -6.84406985890598       -1.06536122108739        0.99643498866480
H           -7.00015452803511       -2.24804899819757        3.89611124573561
C           -6.56496003207733       -3.56524893257218        2.19078853612520
O            4.58199849845232        5.60638582111060        6.27360752381123
O            4.97849922047541        4.14970384398608        4.58806966891611
O           -7.17913693693576       -4.50756861125638        2.93976439531793
O           -6.08170944476035       -3.78308097030243        1.09796605754686
C            5.32817208905422        6.66941886541788        5.60937204607807
C           -7.27455393464402       -5.85659054975812        2.40225054066475
C            4.35036417072100        7.55148763055786        4.82068642451291
C            6.09109060773079        7.42272537447855        6.69786136358343
H            6.02625752847617        6.17908856722262        4.90761702790940
C           -7.27329058731267       -6.80703581088718        3.60061043097082
C           -8.53052509431092       -5.96684922702769        1.53052180229859
H           -6.37777757128896       -6.01964386102489        1.77469027420862
H            3.83583739156482        6.95849946282863        4.04684631914067
H            3.59989521011382        7.98793069989573        5.49307041588491
H            4.89611574650332        8.36936971538476        4.33035034082912
H            6.76397279452818        6.74701634485762        7.24130057768355
H            6.69770186445991        8.22516583547820        6.25713225190589
H            5.40082162028898        7.87118656718311        7.42372975260368
H           -6.35886095874167       -6.67631036463504        4.19368996058971
H           -8.14216379807054       -6.61896974186299        4.24916972305072
H           -7.32562757775032       -7.85035221410763        3.26030862024855
H           -8.47288120013749       -5.26343274597052        0.68870956583010
H           -8.62817040054056       -6.98485006709802        1.12835113130882
H           -9.43370942026524       -5.74676868521847        2.11985956608127
C           -0.60136105836804       -1.49655602766847       -4.60606358949799
C            0.36127763261107       -1.29113539330922       -5.63132329814044
C           -1.80633809954267       -2.18718567130023       -4.91169716625929
C            0.15461539121578       -1.82365626697904       -6.91932242371503
N            1.50638686428981       -0.51930090409312       -5.30878051454804
C           -2.00135512702516       -2.72408250588046       -6.20199145243623
N           -2.79435462013092       -2.26754320023663       -3.90277952355757
H            0.91193260532321       -1.65966451300814       -7.69124211032894
C           -1.01773649749175       -2.54173940592534       -7.17865471195572
C            2.45291044161255        0.01927577252682       -6.15318650824884
H            1.52309761345737       -0.19062134681676       -4.34187535556990
H           -2.92315235785749       -3.27375022922649       -6.41053287912136
C           -4.02608828290773       -2.88922274972262       -3.95142518484302
H           -2.58074658474692       -1.75672992224445       -3.04189867632167
H           -1.17465980797605       -2.96339032028924       -8.17999389323511
O            2.56101467451632       -0.23763774661667       -7.34626058959419
C            3.35662937865254        1.03008066535153       -5.47943901083796
O           -4.40623737441353       -3.60584765709415       -4.87185426894824
C           -4.90454663893922       -2.59464022676476       -2.75988136704486
C            3.67891546362659        2.27833030072291       -6.26351624909480
H            3.29293146429137        1.13923177961967       -4.39142711198947
C            4.74775326675530        1.22595218623440       -6.08211664407118
C           -5.81061640260009       -3.68509034859612       -2.24879804659238
H           -4.54323595524147       -1.87465778684788       -2.01618692701033
C           -6.40995841889373       -2.56612157468544       -3.06566240649594
H            3.24561636843047        2.35942043402976       -7.26390256497976
H            3.78953958112724        3.20823808548476       -5.70074257896275
H            4.99032847494563        0.60520290496629       -6.94858572785349
C            5.87198073847075        1.52925965175415       -5.14218663356698
H           -5.74783244515076       -4.65372444824849       -2.75163913184432
H           -5.99468035893882       -3.69623489762104       -1.17119392973587
H           -6.67652777038742       -2.79902856677696       -4.10117537242599
C           -7.25036562671542       -1.52431553060292       -2.40468091101820
O            7.03933154783488        1.06665756311717       -5.61956784469753
O            5.75035033793866        2.13098812545534       -4.09113031523463
O           -8.24300480061737       -1.11598125610833       -3.22417508531465
O           -7.08696185351713       -1.09638813808387       -1.27971403761376
C            8.25173458522289        1.29735135788173       -4.84286248586121
C           -9.16487497069662       -0.10268735841634       -2.73137547093908
C            9.15636466354326        0.08467112618930       -5.06791194490038
C            8.87805411635475        2.62525942801736       -5.27784800664799
H            7.94564124597478        1.36454770769309       -3.78127206228832
C           -8.59159369421311        1.29194588810655       -3.01367292447193
C          -10.50796507752865       -0.36460732951248       -3.41183279350513
H           -9.24560648055128       -0.24580993860739       -1.63846802711048
H            8.64501501217453       -0.83596477068963       -4.75756707796871
H            9.43058974408465       -0.00550663731941       -6.13000314720185
H           10.08318768906650        0.19003301470144       -4.48784519881009
H            8.18465920651768        3.45568300180280       -5.09301413094848
H            9.80168541812728        2.81565138024542       -4.71416343193397
H            9.13285192390691        2.60301818399621       -6.34866337731241
H           -7.62968161586107        1.42316995719331       -2.49203116940923
H           -8.43620211495238        1.43348164387484       -4.09217130269624
H           -9.28773839713887        2.06532049001496       -2.66047663815125
H          -10.86585915167111       -1.37988240603719       -3.18994588771050
H          -11.26359567203451        0.35001205415175       -3.05895257828465
H          -10.42237360162314       -0.26146475420300       -4.50154317474616
H            4.31396153850184       -6.13532622481191        2.48889459738084
H            0.46274583108698       -7.92973223442638        1.62484135886564
H            1.22456707149781        7.18064413395074       -2.19606012618269
H           -3.07146343514453        7.23702520961625       -1.60905187070151
O            3.51456390170717       -3.62729268004842        1.82825780694050
O           -0.68562605849737       -5.58135369223514        0.88900985176111
O            1.48138458695181        4.57069215034166       -1.45203359494364
O           -3.19497679845646        4.64598194830706       -0.80428650361114
C            4.84943389346458       -3.67564659368247        2.22939887371921
C            5.85297593610133       -3.95889308061899        1.29279680819079
C            5.17619783097128       -3.36074392692108        3.55482105172804
C            7.19463134533737       -3.93276988671064        1.69446773711090
H            5.57306043124429       -4.19057396870563        0.26031889933548
C            6.52179835037315       -3.33633066585452        3.94490414191831
H            4.36976045905235       -3.13398718409622        4.26006205331878
C            7.53263955606640       -3.62403894170356        3.01870952485956
H            7.98334862426551       -4.15215302620581        0.96586044594343
H            6.78333940999286       -3.09027582185927        4.98009018310785
H            8.58629126046344       -3.60482503017798        3.32824794615701
C           -1.66435380825332       -6.55671935884708        1.05033091153296
C           -2.04966620353346       -7.00430451177933        2.32225933318994
C           -2.31789360125334       -7.02398529120349       -0.09826769905155
C           -3.08243779234175       -7.94291803169813        2.43626198640768
H           -1.54145472851308       -6.61137993830878        3.20933415690234
C           -3.35513604988835       -7.95605442460587        0.03023840581354
H           -2.00597289808585       -6.64070333783075       -1.07517795812313
C           -3.73614107446180       -8.42353267439386        1.29434693215887
H           -3.38360489837598       -8.29810532772114        3.42798651299784
H           -3.86820152876883       -8.32147206781223       -0.86591902958747
H           -4.54430872777832       -9.16052156843412        1.39075959505590
C            2.75545082337420        5.10861059601984       -1.34017061540833
C            3.07039212067463        6.16408057548306       -0.46924971919764
C            3.76810973921302        4.47423976173800       -2.07765079029394
C            4.39968603378346        6.59291712254332       -0.36100201624657
H            2.28045003817695        6.64124995665665        0.12106071402454
C            5.09270110467708        4.90454461618471       -1.95257079003797
H            3.50970812874614        3.63887100043105       -2.73612744839899
C            5.41412694064220        5.97027868503289       -1.10017910859060
H            4.64474235232578        7.42099125860969        0.31609392856723
H            5.86697514885328        4.38847860596384       -2.53115916512233
H            6.45246742686562        6.31429136229754       -1.00628360086672
C           -4.47549006928202        5.05438571528539       -1.15901813228611
C           -4.83929134386925        5.27268967986934       -2.49573565811637
C           -5.42951145015947        5.15641759579715       -0.13625895655183
C           -6.16267609149692        5.61405678003627       -2.80059367319631
H           -4.08777848690795        5.16739382097768       -3.28528916715578
C           -6.75112669801125        5.49101699682376       -0.45594498063373
H           -5.11874055452217        4.96252720115565        0.89520063643954
C           -7.12146691626835        5.72707600312507       -1.78578606022017
H           -6.44986673437182        5.78508072325413       -3.84379162835576
H           -7.49784337702542        5.56954021023295        0.34156028038934
H           -8.15773785111008        5.99362403478973       -2.03241119139956
N            1.36535738311714        0.46694718145020        0.24555624225321
C            2.41138625325322        1.22299142809581        0.34699115159583
C            2.52927292363022        2.16844196797130        1.40641599510951
C            3.64716333906894        2.95382927731799        1.52473188595638
C            4.68834327777589        2.84870379555027        0.60956937755960
C            4.59635021037972        1.93303462788023       -0.42923064671767
C            3.49742225412645        1.11754021765325       -0.57785906771171
C            3.45041975922557        0.03531956286029       -1.60875220739185
C            3.83731833613905       -1.31670959037456       -0.96792433243106
C            5.18928050182660       -1.20398849221687       -0.33377601967689
C            5.31004953004664       -0.77798456426210        0.98472920341200
C            6.55163748578781       -0.59866244279497        1.56168915061058
C            7.69314368566675       -0.85826464376958        0.81587441593097
C            9.04911856828454       -0.66383958600883        1.41672801185549
F            9.05471391164742       -0.68584117693296        2.76026259877633
F            9.93500123420755       -1.60477646488988        1.02751836858208
F            9.61098158728622        0.51843168342423        1.06816175307795
C            7.59261699208003       -1.28315910248660       -0.50310371391916
C            6.34330249174257       -1.44876627445210       -1.06893929496244
H            1.70499178139864        2.24639295432186        2.09804369215454
H            3.73175306532805        3.65109999958181        2.34513171406318
H            5.56235691345327        3.47011699348083        0.71129879718732
H            5.40030568229414        1.85398307024391       -1.14594128748210
H            4.15448201759263        0.26630485290872       -2.40989837408798
H            2.43612768149444       -0.05320278435802       -2.00589982831213
H            3.83712364873469       -2.08639153247282       -1.74056204444099
H            3.08916354049977       -1.57231398303751       -0.21573599146568
H            4.42107008071693       -0.58912640297111        1.56564697114560
H            6.64077086632362       -0.26857764183659        2.58408757640712
H            8.48777724278741       -1.48494447130662       -1.07138137096325
H            6.26372811772323       -1.77803173245328       -2.09367320673310
245
 energy: -410.918102946612 gnorm: 0.001136408986 xtb: 6.7.1 (edcfbbe)
N            0.21906823589573       -1.80248847954699       -0.90363895446154
N           -0.01637685181332       -1.12708584777389        1.85464808054419
C           -0.36243201043621       -1.03071711140329       -3.19147100646545
C            0.06569033618369       -1.99574575451225       -2.25284663080199
C            0.46757140552255       -3.34489884822186       -2.60385945293331
H            0.43582892747089       -3.75850506961786       -3.61297134154173
C            0.88979502817036       -3.94306402202634       -1.45008938985472
H            1.27631558433138       -4.95385107979353       -1.31336990438302
C            0.69862040224010       -2.98119315007237       -0.38166516747861
C            0.88239832103131       -3.27285239721883        0.98419737230352
C            0.47824243908152       -2.39716890909414        2.01188005931275
C            0.40453613472077       -2.77548245579957        3.41068764613037
H            0.73419438800861       -3.73620337945732        3.80887301522759
C           -0.18371121048654       -1.73684720146839        4.07420092029056
H           -0.42956153285209       -1.65552997518014        5.13383950311881
C           -0.43082894784764       -0.69908786848266        3.09059639179714
C            1.42051575270391       -4.62539106194299        1.37007925989088
C            2.76142284257434       -4.78053129522419        1.79478699989373
C            3.27249923982319       -6.03882429449670        2.16101942413698
C            2.43830642262889       -7.15869275946431        2.09449117902796
H            2.83610874222245       -8.14460151449976        2.36889622039313
C            1.10828244556174       -7.04554161662951        1.68139841942805
C            0.60134812084802       -5.77963068593786        1.33142284372590
N           -0.75545517979544        1.55576237170940        1.12660030024929
N           -0.47234777890337        0.88794444830716       -1.61460891477659
C           -0.98524185330528        0.56155209548642        3.39532446531907
C           -1.07057790454588        1.61699729278882        2.46045496637169
C           -1.43942662518054        2.97447373756158        2.80932991527644
H           -1.75443538158386        3.29283417641502        3.80396765659096
C           -1.29478518769725        3.72820797740375        1.67769096949131
H           -1.47492864471699        4.79571579138837        1.54737495299312
C           -0.90214171038951        2.82365140303852        0.61708891697390
C           -0.78267236873306        3.19098379254916       -0.73689180810266
C           -0.66362592123450        2.23900539983276       -1.76725409380198
C           -0.86782289314790        2.54619465242485       -3.16899420545178
H           -1.04121737615934        3.54782315423316       -3.56401816847830
C           -0.85138734263981        1.35828525040529       -3.84278273987638
H           -1.00457923445659        1.17703458508851       -4.90746218059130
C           -0.57062089031531        0.32545732163679       -2.86372694720495
C           -0.85324791611345        4.64313982723796       -1.12398882317215
C            0.33359547576702        5.33129471309597       -1.47707191219160
C            0.30024935484792        6.67350939171045       -1.89705068050278
C           -0.92596914551533        7.34425403023298       -1.93713728932424
H           -0.95591967739499        8.39455056978555       -2.25565508291930
C           -2.11529570751085        6.70070803757337       -1.58229166781836
C           -2.07773201337233        5.34853179912716       -1.19286201742303
Fe          -0.16118029510233       -0.09166736684582        0.11847777088507
Cl          -2.38886121558183       -0.71388225249217        0.09660381565977
C           -1.56736537373756        0.77597124184068        4.77112384215367
C           -0.79824832628125        1.31475432531666        5.83688344120622
C           -2.92712234514410        0.42413356744147        4.99985292948704
C           -1.37546526120062        1.50413024795758        7.10854974724350
N            0.55099445668281        1.66160404189624        5.56683652729310
C           -3.50047002761817        0.63842331380209        6.27176926430459
N           -3.65658487884080       -0.16268828206621        3.93868803042343
H           -0.76190532049268        1.90655840015719        7.91909357044942
C           -2.71905829872248        1.16895692402639        7.30163097682987
C            1.52921290829161        2.06944771657737        6.44571508195214
H            0.82166891792664        1.55983740159489        4.58718970965063
H           -4.55219816496691        0.38329105035628        6.42430110499021
C           -4.98768572517829       -0.53097127182383        3.91948835318944
H           -3.12808607255832       -0.33930921209070        3.07910085635248
H           -3.17112742622448        1.32473202622938        8.28966514564691
O            1.38556044194846        2.17845789397411        7.65837386864809
C            2.85631103995053        2.38729415891887        5.78899737189106
O           -5.78535359688433       -0.29303708975159        4.82117311436120
C           -5.40384716369874       -1.28190685509528        2.67740278591045
C            4.11313565250782        1.99736091097807        6.52445861594428
H            2.90984664586904        2.38813089065429        4.69492806492504
C            3.70046639769492        3.44933132813739        6.50365194493505
C           -6.75625494654801       -0.97737046828905        2.08267092850753
H           -4.62265862696774       -1.59761920896467        1.97633122519131
C           -6.58080193124107       -2.24466979085444        2.88518773273006
H            3.99255077112432        1.47568121924198        7.47697615244401
H            4.97455159524275        1.71451133549804        5.91644343154473
H            3.26821612898451        3.85161443381157        7.42320413695944
C            4.48145118098259        4.41223513062706        5.66702885984182
H           -7.34316636542508       -0.18973185196525        2.56361311015201
H           -6.84407209635191       -1.06529739086995        0.99625329654606
H           -7.00032517225391       -2.24770147731040        3.89603692490439
C           -6.56503488049440       -3.56506941515313        2.19086762141147
O            4.58170221740801        5.60694643729493        6.27343193224572
O            4.97829791718710        4.15009889440435        4.58805792237866
O           -7.17925631887870       -4.50731394246565        2.93990008408289
O           -6.08172171578770       -3.78300814426012        1.09809332508869
C            5.32791569562789        6.66991263033597        5.60913627637534
C           -7.27464444939597       -5.85638820477981        2.40251265221894
C            4.35015377965916        7.55190744753177        4.82030799278279
C            6.09077313853636        7.42332440157038        6.69759543529112
H            6.02604037067799        6.17951370066545        4.90746832473323
C           -7.27345139002663       -6.80671649189024        3.60096572375021
C           -8.53056598945984       -5.96672994599224        1.53072238010501
H           -6.37783233281522       -6.01950444576667        1.77501940841227
H            3.83566677617396        6.95884727005179        4.04649825161704
H            3.59964769675206        7.98841636700276        5.49260633061519
H            4.89593556664235        8.36974021004523        4.32992283492981
H            6.76362300713432        6.74766699846055        7.24113934495385
H            6.69741069431732        8.22572155182439        6.25682229533106
H            5.40046276180574        7.87185789607732        7.42338002668619
H           -6.35905543364299       -6.67593470088884        4.19408480316101
H           -8.14236192527851       -6.61858553478531        4.24945664400781
H           -7.32577066532485       -7.85006620753147        3.26076208879178
H           -8.47287229452584       -5.26339609993276        0.68884422000413
H           -8.62818958135026       -6.98477018459337        1.12864576751538
H           -9.43378380062776       -5.74659028150381        2.11998738719362
C           -0.60104215564866       -1.49704871805420       -4.60584421075033
C            0.36165478857880       -1.29173005425289       -5.63106926921554
C           -1.80600264667024       -2.18770633841417       -4.91148028601563
C            0.15506695728395       -1.82437587903628       -6.91902812530961
N            1.50674845254462       -0.51986582778306       -5.30853673683226
C           -2.00094697492404       -2.72472926782159       -6.20173253702866
N           -2.79407914334802       -2.26796398044472       -3.90261018094024
H            0.91242900483936       -1.66046029819698       -7.69092020811932
C           -1.01727164184680       -2.54248255002591       -7.17835749943784
C            2.45332117499986        0.01862713955194       -6.15294014520479
H            1.52340170736260       -0.19109073176906       -4.34166248321084
H           -2.92273341733291       -3.27441565218063       -6.41027327636958
C           -4.02580777030738       -2.88964646644361       -3.95126737910564
H           -2.58051771448486       -1.75706661766881       -3.04176795660684
H           -1.17413801395579       -2.96423105202804       -8.17966453822368
O            2.56149243044812       -0.23840324803420       -7.34598319288193
C            3.35700215548030        1.02949800773875       -5.47923769280296
O           -4.40590746121363       -3.60636060252689       -4.87164775299446
C           -4.90433664370869       -2.59494584047545       -2.75980119299936
C            3.67933554496804        2.27766918599341       -6.26341961715510
H            3.29324253331708        1.13875523146631       -4.39124226971925
C            4.74816000752500        1.22530656248233       -6.08185662479200
C           -5.81043656842121       -3.68534475580510       -2.24866395712924
H           -4.54306679185239       -1.87489121311836       -2.01615680402905
C           -6.40972954495067       -2.56645490835589       -3.06567240645920
H            3.24609388708408        2.35866259930325       -7.26383897922102
H            3.78992903430136        3.20763207917678       -5.70072957085082
H            4.99078472037913        0.60447239152912       -6.94825088648250
C            5.87233513664786        1.52870863838052       -5.14189085171052
H           -5.74762501205833       -4.65402833219834       -2.75140712071720
H           -5.99456252620768       -3.69638370179977       -1.17106881641168
H           -6.67624000678018       -2.79946246072606       -4.10117804507966
C           -7.25017398178527       -1.52458209915639       -2.40484071612948
O            7.03971212589073        1.06605213941124       -5.61916065035513
O            5.75064588570857        2.13053433525401       -4.09089936094642
O           -8.24276484722909       -1.11632687204448       -3.22443126674120
O           -7.08683346821412       -1.09654574953608       -1.27990538447176
C            8.25207043216897        1.29682226779563       -4.84240535950619
C           -9.16466148781119       -0.10298397932778       -2.73178365159132
C            9.15671437794123        0.08412055715536       -5.06728560242378
C            8.87841884212043        2.62468510722523       -5.27748621702470
H            7.94591970212770        1.36412643303611       -3.78083730653880
C           -8.59136181314041        1.29162171851874       -3.01418441214829
C          -10.50771299136360       -0.36496791596651       -3.41229259757740
H           -9.24545623650512       -0.24599925400254       -1.63886665227347
H            8.64534351061885       -0.83648702929233       -4.75688346167749
H            9.43099867341521       -0.00616459808398       -6.12935251483921
H           10.08350444768576        0.18953217710789       -4.48717249554491
H            8.18501424235397        3.45512712233217       -5.09277214464897
H            9.80201786320247        2.81513025566684       -4.71376587957939
H            9.13327672514028        2.60234038298174       -6.34828609794183
H           -7.62947950582392        1.42289498563914       -2.49249987733205
H           -8.43590808291689        1.43305161310278       -4.09268794057404
H           -9.28752573794149        2.06503183404742       -2.66110303276526
H          -10.86562146764566       -1.38022103261918       -3.19032672641472
H          -11.26336273690752        0.34968744028390       -3.05952507110056
H          -10.42205868764592       -0.26193156532157       -4.50200831583456
H            4.31386501866672       -6.13513434482805        2.48984919698632
H            0.46269541498239       -7.92961835747293        1.62574983478642
H            1.22476233068772        7.18038346373370       -2.19658295372874
H           -3.07130345612959        7.23682907912434       -1.60982656845836
O            3.51450777585490       -3.62716611759543        1.82892853922702
O           -0.68562998525339       -5.58130922523389        0.88962332063548
O            1.48152978750221        4.57050378080278       -1.45228658190424
O           -3.19486737183387        4.64586391775153       -0.80481472085117
C            4.84934940938983       -3.67548959945377        2.23014937335312
C            5.85295120560533       -3.95882775819494        1.29363467158364
C            5.17604024684597       -3.36045470304092        3.55555937986920
C            7.19458224669398       -3.93267029997653        1.69536897837396
H            5.57309514034607       -4.19060082732147        0.26116111971279
C            6.52162239954603       -3.33599765468302        3.94571309149613
H            4.36956457729487       -3.13362442593627        4.26072828504649
C            7.53252078951510       -3.62378209546799        3.01959923854488
H            7.98334236168537       -4.15211197353046        0.96683563595788
H            6.78310218037809       -3.08984128491327        4.98089218046614
H            8.58616464713460       -3.60454189509379        3.32917658205285
C           -1.66436839334546       -6.55665763933097        1.05098346182733
C           -2.04975423940271       -7.00411796608929        2.32293361160763
C           -2.31784270970472       -7.02403490695144       -0.09760755918331
C           -3.08253416676118       -7.94271889542746        2.43696886718250
H           -1.54159322326262       -6.61110744677586        3.20999960593976
C           -3.35509415032110       -7.95608983689895        0.03093007041339
H           -2.00586507192009       -6.64084873933986       -1.07453752667821
C           -3.73617268487607       -8.42344406822459        1.29506307535724
H           -3.38375884541104       -8.29780871589113        3.42871103836387
H           -3.86810888370539       -8.32159417449577       -0.86522127763232
H           -4.54434741437996       -9.16042221311126        1.39150111428113
C            2.75559624171592        5.10842777610651       -1.34040090504633
C            3.07048560091072        6.16398481746007       -0.46956649776683
C            3.76829669367912        4.47398219505587       -2.07775841613381
C            4.39977432679539        6.59283011203143       -0.36128556084205
H            2.28050917071907        6.64121472557814        0.12065034606404
C            5.09288326395474        4.90429332507544       -1.95263750815321
H            3.50992984440430        3.63855086049163       -2.73617177944982
C            5.41425859442883        5.97011397736215       -1.10033807216788
H            4.64479093461996        7.42097192206980        0.31574406272369
H            5.86718417530382        4.38817661268462       -2.53114153890170
H            6.45259252767094        6.31413783723839       -1.00641877208282
C           -4.47535851293988        5.05423548316196       -1.15966093800591
C           -4.83908251859527        5.27240973919980       -2.49642055107523
C           -5.42943869100455        5.15636872012634       -0.13696593180815
C           -6.16244959461255        5.61374912912056       -2.80138791394581
H           -4.08752442435724        5.16703557779693       -3.28592102532621
C           -6.75103515345821        5.49093887713626       -0.45676031011741
H           -5.11872734081260        4.96257835093647        0.89453071834474
C           -7.12129861750728        5.72686884685799       -1.78664622231290
H           -6.44957994281005        5.78467158208786       -3.84461935539417
H           -7.49779768430553        5.56954096821388        0.34069460532930
H           -8.15755521597412        5.99339434990892       -2.03335662827290
N            1.36582520688028        0.46644073731694        0.24360676924093
C            2.41114136968217        1.22358195767464        0.34373627825966
C            2.52708929152657        2.17016632321982        1.40260249204534
C            3.64607291388650        2.95342646835139        1.52387012498217
C            4.68988790067199        2.84620192814181        0.61179297033114
C            4.59851708922159        1.93163569270572       -0.42791014553445
C            3.49857909621209        1.11780912626269       -0.57922422371890
C            3.45219184588655        0.03576398913086       -1.61049701598986
C            3.83632215948949       -1.31615310192798       -0.96824510138032
C            5.18791644574663       -1.20387078511707       -0.33345630856874
C            5.30858528660430       -0.78186007037889        0.98652479172265
C            6.55006044190936       -0.60220857897959        1.56352017683642
C            7.69180567304615       -0.85638189893480        0.81595348297405
C            9.04855082602128       -0.66200128920369        1.41507506385787
F            9.05419717819747       -0.66646149419069        2.75847746125466
F            9.92855806993314       -1.61308966449690        1.03846901349570
F            9.61755014551766        0.51182131706888        1.05088313707318
C            7.59130562291242       -1.27834182220425       -0.50389002762928
C            6.34207355175809       -1.44505928724641       -1.06961281162526
H            1.70093151516367        2.24982982796535        2.09169938993617
H            3.72934660676903        3.65076473377295        2.34439905732693
H            5.56515389711819        3.46534000087936        0.71713828312733
H            5.40363636644093        1.85155083518701       -1.14319354547751
H            4.15774228887928        0.26579806879452       -2.41046334671650
H            2.43849507774297       -0.05171542289977       -2.00934641036954
H            3.83570611521526       -2.08684178733726       -1.73985977919572
H            3.08721176790639       -1.56961330371737       -0.21650431322411
H            4.41956036070000       -0.59786206778012        1.56875656548884
H            6.63882112637044       -0.27622961103094        2.58721730865494
H            8.48639234612398       -1.47586618727109       -1.07318558351986
H            6.26258987339162       -1.77105839575554       -2.09515019992220
245
 energy: -410.918114202773 gnorm: 0.001990337180 xtb: 6.7.1 (edcfbbe)
N            0.21954309277424       -1.80264107301716       -0.90309246281541
N           -0.01620423112350       -1.12667994204193        1.85502671952423
C           -0.36169859598485       -1.03131285487790       -3.19114218487006
C            0.06632889859314       -1.99615247585900       -2.25228175025253
C            0.46826962018654       -3.34536662684067       -2.60298597853422
H            0.43665077760748       -3.75917124704075       -3.61201872184180
C            0.89036605470722       -3.94330002933799       -1.44904799937684
H            1.27689018746041       -4.95405707713839       -1.31208956681411
C            0.69905373161031       -2.98122697841184       -0.38083774869660
C            0.88268260684527       -3.27261766361437        0.98511173978079
C            0.47840143409336       -2.39674149556661        2.01256613391692
C            0.40453495654707       -2.77478109047846        3.41144563671174
H            0.73416209344507       -3.73541972169580        3.80985343905835
C           -0.18380131453068       -1.73602877923372        4.07468734284425
H           -0.42977480606599       -1.65450662166705        5.13428058403542
C           -0.43081986237755       -0.69846055950649        3.09084927474856
C            1.42077700024862       -4.62507483519781        1.37131276968588
C            2.76163631075224       -4.78011406238677        1.79620282711195
C            3.27268838021713       -6.03832760816260        2.16273968599313
C            2.43851959618305       -7.15822077510958        2.09633509150488
H            2.83630444859661       -8.14407035844779        2.37097584893375
C            1.10854241827976       -7.04516821617525        1.68306700805618
C            0.60162941890503       -5.77933334539127        1.33278640167674
N           -0.75526848853914        1.55599297984347        1.12638298945982
N           -0.47183656917512        0.88766478362171       -1.61467873857743
C           -0.98528360053942        0.56222499965571        3.39527374984792
C           -1.07053871564607        1.61749132898237        2.46019016129740
C           -1.43943609884205        2.97502915886029        2.80875697236007
H           -1.75456372980268        3.29358015888550        3.80329383559193
C           -1.29467672774912        3.72854886127081        1.67698236041184
H           -1.47481814566396        4.79602654540445        1.54644175707888
C           -0.90190942145549        2.82379657246913        0.61659770161515
C           -0.78227894918345        3.19086181081041       -0.73743281457231
C           -0.66309834268151        2.23867876445981       -1.76759734998846
C           -0.86714015755728        2.54559596712173       -3.16942300495979
H           -1.04050289237062        3.54714502632378       -3.56465831283802
C           -0.85061065988433        1.35755845572290       -3.84297579983754
H           -1.00367744208429        1.17609627057695       -4.90763606749491
C           -0.56994526243186        0.32492165532265       -2.86368428609904
C           -0.85282979732443        4.64294143028039       -1.12482127954227
C            0.33404623508777        5.33104264278673       -1.47790156056596
C            0.30072777794443        6.67317506882522       -1.89814539484756
C           -0.92549450509815        7.34389533058103       -1.93850217100901
H           -0.95542271417286        8.39412842822472       -2.25722929350824
C           -2.11485264381330        6.70040170875229       -1.58366920647813
C           -2.07731501878410        5.34830228639274       -1.19397290248519
Fe          -0.16092589503926       -0.09161303290757        0.11863199932637
Cl          -2.38851311371145       -0.71386799109972        0.09663705287913
C           -1.56757194227212        0.77690833492054        4.77096374167833
C           -0.79858329796667        1.31591007644806        5.83670674914100
C           -2.92734691697650        0.42509809197249        4.99960652093525
C           -1.37594948186621        1.50552494755837        7.10826806374179
N            0.55068860664845        1.66272533120408        5.56674488141859
C           -3.50084537427377        0.63962548935745        6.27141278198111
N           -3.65668654542412       -0.16194403271044        3.93846703151560
H           -0.76248900154939        1.90811946759498        7.91880435971921
C           -2.71956004848263        1.17037079066574        7.30126132700217
C            1.52879295070734        2.07075403080747        6.44565799956470
H            0.82147526217295        1.56077502577622        4.58714858370246
H           -4.55258680405237        0.38450885737257        6.42387420371358
C           -4.98777175185351       -0.53024512366438        3.91919252227465
H           -3.12808140813667       -0.33872280405194        3.07897918643440
H           -3.17174409371645        1.32633162343067        8.28921271579348
O            1.38500463382671        2.17999829277298        7.65827856735786
C            2.85596944339648        2.38849303066225        5.78902727304577
O           -5.78555074930566       -0.29214977367872        4.82073457851268
C           -5.40378562898013       -1.28143243997465        2.67720021769467
C            4.11271297136973        1.99871806311937        6.52471178823958
H            2.90962621259099        2.38911721038531        4.69496345382695
C            3.70002443211112        3.45067573872571        6.50357666888129
C           -6.75612759886741       -0.97702899356529        2.08225553456882
H           -4.62251121225033       -1.59726809796112        1.97628245615164
C           -6.58074866160310       -2.24416882959941        2.88503915009473
H            3.99202480060291        1.47722358501912        7.47731694234084
H            4.97420187724455        1.71576275634449        5.91685080997478
H            3.26766428234599        3.85313570322182        7.42299888431050
C            4.48109379964096        4.41343218461750        5.66685255160917
H           -7.34310542674987       -0.18930579285821        2.56297582000694
H           -6.84381927506940       -1.06516834024479        0.99584606078704
H           -7.00038840401269       -2.24701148371160        3.89583943041651
C           -6.56488454618790       -3.56470650181609        2.19097872298219
O            4.58125877554564        5.60826054076613        6.27303589003797
O            4.97806546639850        4.15109308495611        4.58799253433332
O           -7.17917804368881       -4.50681156913251        2.94012013198484
O           -6.08144236308997       -3.78284853646557        1.09830233577830
C            5.32753147658808        6.67110704708917        5.60862274158498
C           -7.27448544547799       -5.85599162093988        2.40298766921782
C            4.34984665329160        7.55293872653353        4.81950651271594
C            6.09025348541146        7.42474453837390        6.69702072725835
H            6.02574269086125        6.18058432283099        4.90712914662807
C           -7.27341627449159       -6.80608807900859        3.60162608941278
C           -8.53030603163349       -5.96652166802793        1.53107328918755
H           -6.37759946839249       -6.01921816884256        1.77562884943212
H            3.83546361623392        6.95971544592052        4.04575392373834
H            3.59925974009430        7.98956578175752        5.49163489476111
H            4.89567522128502        8.37068095278810        4.32902775350780
H            6.76304916880607        6.74920305678861        7.24077282352591
H            6.69692989706045        8.22706343128187        6.25616179380009
H            5.39985494099335        7.87340867666727        7.42263749820920
H           -6.35909131063696       -6.67517768107572        4.19482280990519
H           -8.14240338571915       -6.61784358119568        4.24997888810808
H           -7.32568251195817       -7.84950322144887        3.26161929660735
H           -8.47252436287972       -5.26335192464138        0.68906592119108
H           -8.62786895106824       -6.98464029379006        1.12918553707526
H           -9.43359331515804       -5.74628053503884        2.12019147008039
C           -0.60013849743568       -1.49792249375627       -4.60545221648668
C            0.36267174509569       -1.29279113683656       -5.63060680624955
C           -1.80505117488571       -2.18865655537453       -4.91109432894625
C            0.15624140020960       -1.82569010265323       -6.91848469164069
N            1.50772101171671       -0.52084382937505       -5.30809348377722
C           -1.99984208089065       -2.72593353267319       -6.20126214678427
N           -2.79325049163129       -2.26873323770914       -3.90231815349923
H            0.91368847672150       -1.66191386850024       -7.69032247387153
C           -1.01605772261004       -2.54386277139509       -7.17781062173613
C            2.45437758724653        0.01749201152693       -6.15249250480421
H            1.52425743132294       -0.19188661908523       -4.34128059845933
H           -2.92159637153909       -3.27567303552905       -6.40980324524283
C           -4.02495558437436       -2.89044046520389       -3.95100201703687
H           -2.57979003696158       -1.75766421839722       -3.04155464468466
H           -1.17280269265155       -2.96580839257000       -8.17905278549980
O            2.56269483627055       -0.23976602730428       -7.34547203073758
C            3.35797215963863        1.02851051980197       -5.47888370011724
O           -4.40494521637125       -3.60733979745680       -4.87128209453054
C           -4.90363298734210       -2.59552101600545       -2.75968874900323
C            3.68037811945337        2.27653189815856       -6.26327056374305
H            3.29408134412674        1.13798076676655       -4.39092071524964
C            4.74919262889366        1.22421876181526       -6.08138167471217
C           -5.80977370203025       -3.68583345373821       -2.24844526757419
H           -4.54245626505935       -1.87531734176296       -2.01614579981779
C           -6.40898720482167       -2.56711150054537       -3.06574063902836
H            3.24725006197759        2.35732630063287       -7.26375400042849
H            3.79089383682761        3.20660474954359       -5.70074871755947
H            4.99192897893607        0.60322116233597       -6.94762473033558
C            5.87326186176260        1.52781692407351       -5.14133754480720
H           -5.74689158440491       -4.65461338090553       -2.75099154602397
H           -5.99402353668854       -3.69666592816550       -1.17087011701401
H           -6.67537770984408       -2.80032301282852       -4.10123001662654
C           -7.24952573167971       -1.52511932768330       -2.40520887738518
O            7.04069781322818        1.06508179492699       -5.61838853798686
O            5.75143841104301        2.12984618175888       -4.09048801795954
O           -8.24202622224244       -1.11703873813460       -3.22498898662797
O           -7.08631820467011       -1.09686454048099       -1.28033800557281
C            8.25296373875351        1.29602563906915       -4.84153887946382
C           -9.16399327835674       -0.10361478453512       -2.73264773644959
C            9.15764799833665        0.08328818449864       -5.06607805625105
C            8.87934216297342        2.62381392417807       -5.27680574753197
H            7.94668986374439        1.36352266405687       -3.78001829834112
C           -8.59068073916095        1.29094768760511       -3.01525380964333
C          -10.50696369905208       -0.36574798809702       -3.41325994297353
H           -9.24491226027737       -0.24641646080974       -1.63971254368330
H            8.64625632086906       -0.83726861904136       -4.75555401314226
H            9.43205748007886       -0.00719621994264       -6.12809498191147
H           10.08436921903727        0.18883664270711       -4.48588319499535
H            8.18590575048516        3.45428092892940       -5.09233346134034
H            9.80287281146970        2.81438001735846       -4.71301823935933
H            9.13432415956813        2.60126214435250       -6.34757084004298
H           -7.62886111952994        1.42233421221139       -2.49348424864522
H           -8.43510587885601        1.43216837854820       -4.09376534028675
H           -9.28689602882211        2.06441444512772       -2.66240318285341
H          -10.86488306404065       -1.38096177765854       -3.19113759285953
H          -11.26266307072519        0.34896445021538       -3.06071881412638
H          -10.42118588134109       -0.26292226445262       -4.50298391497351
H            4.31401740826956       -6.13456018900889        2.49170744207643
H            0.46297453364857       -7.92926482786474        1.62751639791458
H            1.22526830221503        7.18000327520215       -2.19766934791747
H           -3.07086430323181        7.23650408101441       -1.61141869634609
O            3.51470050405087       -3.62673270960304        1.83021440418551
O           -0.68529969708347       -5.58111575891197        0.89080058355192
O            1.48198573331601        4.57027203715880       -1.45283408663569
O           -3.19448686634603        4.64569448480222       -0.80591577222672
C            4.84949328817746       -3.67497032401082        2.23159477598223
C            5.85320952393783       -3.95848353142306        1.29525081473930
C            5.17602869248886       -3.35965709498789        3.55697897106731
C            7.19479482169355       -3.93221892760938        1.69712213429529
H            5.57347315812000       -4.19045316723417        0.26278871582934
C            6.52156710936822       -3.33510888023586        3.94728407375333
H            4.36947024299197       -3.13271705906753        4.26201211924004
C            7.53257351866001       -3.62304327140671        3.02133643025794
H            7.98365974810870       -4.15172404200367        0.96874636233368
H            6.78292221894593       -3.08874498459779        4.98244879839751
H            8.58619324549926       -3.60375439071750        3.33100698723169
C           -1.66404468441730       -6.55644692516676        1.05223929467393
C           -2.04956948525537       -7.00366488493897        2.32422996527244
C           -2.31738051054059       -7.02405674829941       -0.09633638674226
C           -3.08234969211749       -7.94225820329619        2.43832941043746
H           -1.54151653707074       -6.61047514814203        3.21127766803787
C           -3.35463227245602       -7.95610077119049        0.03226318932320
H           -2.00529564681018       -6.64105656835652       -1.07330400952841
C           -3.73584926785847       -8.42321451415888        1.29644412420623
H           -3.38368240802172       -8.29715958464929        3.43010526758817
H           -3.86753878235037       -8.32178728600550       -0.86387445821408
H           -4.54402432496744       -9.16018525885755        1.39293145789385
C            2.75603863334730        5.10823098443478       -1.34090265069821
C            3.07080715736101        6.16396828815169       -0.47024724185149
C            3.76883661060011        4.47365046282269       -2.07801312792564
C            4.40008022836293        6.59284812216970       -0.36189432273474
H            2.28075779550797        6.64129985946748        0.11978768125787
C            5.09340091338537        4.90399858456404       -1.95281896693711
H            3.51055338595612        3.63809299541028       -2.73629981954330
C            5.41465652777653        5.97000104716700       -1.10070114428349
H            4.64500452958136        7.42112836253149        0.31500127581171
H            5.86776775738883        4.38779352404823       -2.53114746250425
H            6.45297184302406        6.31406263331000       -1.00673652430100
C           -4.47494294726592        5.05397872932182       -1.16099081366806
C           -4.83851601528608        5.27188827978691       -2.49783186693336
C           -5.42914249034888        5.15629795581963       -0.13842428429606
C           -6.16185328176649        5.61314979790760       -2.80301782290770
H           -4.08686638032558        5.16637113512323       -3.28722551721851
C           -6.75070543377573        5.49078745405852       -0.45843504663743
H           -5.11854656279476        4.96271280862833        0.89314486572191
C           -7.12081924045823        5.72645369966429       -1.78841032082917
H           -6.44886555182886        5.78386568091785       -3.84631474696670
H           -7.49756086296929        5.56953456175907        0.33891711109036
H           -8.15705100306525        5.99291703183391       -2.03529030522793
N            1.36561023694449        0.46712285463733        0.24236882137516
C            2.41054552264231        1.22478768212843        0.34070500282770
C            2.52436877614152        2.17385017958839        1.39791106489239
C            3.64486296356608        2.95435304385818        1.52136453337128
C            4.69162880933636        2.84255709727528        0.61302959561936
C            4.60077709047542        1.92795176030114       -0.42662493007676
C            3.49892152461839        1.11701550039563       -0.58049051248877
C            3.45099863735578        0.03489885023624       -1.61193741747500
C            3.83258028962337       -1.31685880280761       -0.96872317572091
C            5.18403340463798       -1.20441445199682       -0.33365299887700
C            5.30377374801739       -0.78825057353542        0.98819426904958
C            6.54478348100479       -0.60748275635767        1.56572875361123
C            7.68706112070902       -0.85508023148349        0.81662340055263
C            9.04471354037586       -0.66188079156809        1.41417044880117
F            9.04752602777534       -0.63076916995010        2.75781449944412
F            9.91332826719560       -1.63467186014439        1.06458364971135
F            9.62959854600100        0.49533933639441        1.01901523957121
C            7.58746577366099       -1.27163501586706       -0.50504076795599
C            6.33849608082246       -1.43882255791658       -1.07128762329130
H            1.69581321124463        2.25631717315977        2.08373990789500
H            3.72726251590307        3.65305900777951        2.34085164345010
H            5.56862962165133        3.45868493132707        0.72165207638893
H            5.40768923850065        1.84550903191308       -1.13967309819867
H            4.15714123080951        0.26386171906630       -2.41176525374654
H            2.43715471636340       -0.05060467544234       -2.01099240755130
H            3.83135268430948       -2.08863140620594       -1.73923891918441
H            3.08296578237063       -1.56861970577143       -0.21691451268341
H            4.41428434782335       -0.60936695730717        1.57136176860725
H            6.63289362751689       -0.28625871868514        2.59087967728627
H            8.48305503213478       -1.46428575652772       -1.07551679163269
H            6.25975368576991       -1.76181343166094       -2.09836322717476
245
 energy: -410.918122543062 gnorm: 0.001331603489 xtb: 6.7.1 (edcfbbe)
N            0.21943816570040       -1.80270713942248       -0.90302089695641
N           -0.01639834212055       -1.12639962657601        1.85499416992597
C           -0.36172268580710       -1.03166134720827       -3.19119143633574
C            0.06627256131477       -1.99638683533803       -2.25219943468867
C            0.46822950204033       -3.34564095822063       -2.60272111225457
H            0.43665033274402       -3.75957021867196       -3.61170210932122
C            0.89028291162486       -3.94343356583544       -1.44869152160034
H            1.27680847340708       -4.95417209035865       -1.31159693148545
C            0.69893544750115       -2.98122653158250       -0.38061148807073
C            0.88251183524478       -3.27244671329369        0.98538639756138
C            0.47819125131561       -2.39644368656179        2.01271166797118
C            0.40427012801372       -2.77431408509292        3.41164218977047
H            0.73388793459884       -3.73490360293349        3.81017665485953
C           -0.18408973173269       -1.73548543280396        4.07473029743615
H           -0.43010278051040       -1.65383179957382        5.13430341357667
C           -0.43107551602235       -0.69803344714044        3.09075069354731
C            1.42059689146053       -4.62485882762362        1.37177140750860
C            2.76143633808276       -4.77984529678583        1.79672846600590
C            3.27248297184028       -6.03800661626258        2.16343937262791
C            2.43832046076146       -7.15791090126737        2.09714290074021
H            2.83609848511578       -8.14372531342151        2.37191813636671
C            1.10835904280225       -7.04491315408672        1.68381181208187
C            0.60145200102620       -5.77912469195612        1.33335605983723
N           -0.75551028972974        1.55617404239127        1.12600060028747
N           -0.47193751560491        0.88751161444916       -1.61497925524395
C           -0.98555320560885        0.56267688157378        3.39500654916345
C           -1.07079554943671        1.61783377432802        2.45979317387303
C           -1.43969090678474        2.97541251337120        2.80817627159578
H           -1.75485615000210        3.29408708784112        3.80265896267595
C           -1.29489361667861        3.72879646703407        1.67630716205273
H           -1.47503219975136        4.79625565726372        1.54563233666061
C           -0.90209988645216        2.82391837308465        0.61604696894116
C           -0.78240638392360        3.19081179350736       -0.73802386049803
C           -0.66318473289657        2.23850009515283       -1.76805862433150
C           -0.86717680378439        2.54524553183377       -3.16993682411860
H           -1.04052615243901        3.54674609225186       -3.56529699027385
C           -0.85061947603195        1.35713117132127       -3.84333964283991
H           -1.00364521969815        1.17553338934811       -4.90798078706737
C           -0.56998597273492        0.32461095433218       -2.86390545686494
C           -0.85294655932723        4.64284459289914       -1.12558912241889
C            0.33394106070157        5.33090523886056       -1.47870964818626
C            0.30063337578422        6.67298520961880       -1.89912049358661
C           -0.92558859187674        7.34369716384517       -1.93960489541832
H           -0.95550768090586        8.39388994120032       -2.25846344506123
C           -2.11495759019587        6.70024378436743       -1.58473699450785
C           -2.07743055987564        5.34819277916452       -1.19487312838315
Fe          -0.16120830529320       -0.09158782350142        0.11845120629539
Cl          -2.38865827861417       -0.71382195178678        0.09647461369469
C           -1.56789485270755        0.77753469105647        4.77064682701329
C           -0.79894590652769        1.31667079861791        5.83635158180829
C           -2.92767300610505        0.42575103229480        4.99928533103091
C           -1.37635931924267        1.50644062209135        7.10786695436282
N            0.55033847335343        1.66345720019068        5.56639434613966
C           -3.50122166532895        0.64043116359186        6.27104129343862
N           -3.65698186438414       -0.16142888909541        3.93818526142929
H           -0.76293047501276        1.90913699546024        7.91837669156390
C           -2.71997634207622        1.17130637228834        7.30085383296940
C            1.52840086781861        2.07159694517154        6.44529474908315
H            0.82116192791930        1.56138875509532        4.58682065678169
H           -4.55296742011010        0.38533074791472        6.42349668620011
C           -4.98805382586514       -0.52973077562244        3.91891618248077
H           -3.12833831032158       -0.33830926580250        3.07874412118210
H           -3.17219620404260        1.32738749219428        8.28876872783992
O            1.38457220223429        2.18099009779283        7.65789684233626
C            2.85560858259156        2.38926174609544        5.78866874046754
O           -5.78587309712299       -0.29153088078635        4.82039408540502
C           -5.40402774641194       -1.28107811463986        2.67699382309490
C            4.11232411834493        1.99957817763355        6.52445127597248
H            2.90930147973523        2.38974310510397        4.69460892385000
C            3.69962857772996        3.45152821446067        6.50312521063124
C           -6.75634648230296       -0.97674977426986        2.08196487862369
H           -4.62272528513615       -1.59699483417599        1.97614705343153
C           -6.58099244151305       -2.24378923391081        2.88491144029473
H            3.99160131543618        1.47820273930248        7.47711676118141
H            4.97383569095114        1.71654954942429        5.91665578141621
H            3.26723633062394        3.85410529399243        7.42247901724224
C            4.48072855232809        4.41418981274009        5.66631038350314
H           -7.34334462735318       -0.18897007491552        2.56256538708178
H           -6.84399882332170       -1.06502316180201        0.99556411149025
H           -7.00066989265857       -2.24651074028016        3.89569526191866
C           -6.56510022344185       -3.56441634249742        2.19101521753500
O            4.58086727794992        5.60909170912651        6.27234792727378
O            4.97773625909190        4.15171945646530        4.58750589101888
O           -7.17941716203810       -4.50642847321342        2.94024544019690
O           -6.08161684497987       -3.78268857696661        1.09838290428398
C            5.32716062411485        6.67185604433825        5.60783406092368
C           -7.27470044787970       -5.85567449730998        2.40327985772105
C            4.34949933143592        7.55359270157009        4.81856960083165
C            6.08983993282353        7.42563454304778        6.69616435236848
H            6.02539749811800        6.18125261956305        4.90642500661961
C           -7.27367140722464       -6.80562509477420        3.60203596366320
C           -8.53048966901862       -5.96631746832719        1.53133113574120
H           -6.37779159002019       -6.01897653087204        1.77597330797412
H            3.83514968054157        6.96026925054086        4.04487712408105
H            3.59888983076439        7.99029771802142        5.49061713850288
H            4.89534569868087        8.37127262443272        4.32801227675542
H            6.76261692852982        6.75016303183995        7.24002342220187
H            6.69652944232709        8.22789976452532        6.25522903319986
H            5.39941483836003        7.87438519407447        7.42169884849610
H           -6.35936987496012       -6.67463800008094        4.19524780244409
H           -8.14268240712650       -6.61730389015922        4.25033171506642
H           -7.32592279671575       -7.84908057244744        3.26215526829365
H           -8.47267819174547       -5.26325192918720        0.68924114128577
H           -8.62803409383032       -6.98448470379587        1.12956766710711
H           -9.43379755519841       -5.74600729798072        2.12038942773006
C           -0.60011052118358       -1.49844752882613       -4.60545443083187
C            0.36273572586407       -1.29344022051013       -5.63059878633397
C           -1.80500585142118       -2.18922255241130       -4.91105818000158
C            0.15635597979400       -1.82649670174976       -6.91841713324378
N            1.50777508080908       -0.52144249740121       -5.30813708573026
C           -1.99975087012099       -2.72665901984311       -6.20116361799892
N           -2.79325200439764       -2.26918050561372       -3.90230216757538
H            0.91382978196168       -1.66281351265737       -7.69024786900259
C           -1.01593139347652       -2.54470554877534       -7.17769909158925
C            2.45445320791380        0.01678111295224       -6.15256835773566
H            1.52427249581991       -0.19237621926757       -4.34136363964416
H           -2.92149506997660       -3.27642676066143       -6.40967211791764
C           -4.02494081794197       -2.89089591356993       -3.95096321506675
H           -2.57981748565222       -1.75800303621910       -3.04159927535406
H           -1.17263806472030       -2.96677414419711       -8.17889432990521
O            2.56282157818321       -0.24061605060771       -7.34551104663526
C            3.35802916027329        1.02788900893284       -5.47905022424829
O           -4.40490217888173       -3.60790981265153       -4.87116289154956
C           -4.90367299225056       -2.59583229280704       -2.75971111771364
C            3.68045719827350        2.27581555540839       -6.26357836798043
H            3.29409421170104        1.13749070084040       -4.39110301206972
C            4.74926245879915        1.22352821545803       -6.08152487874281
C           -5.80982533863525       -3.68608539681995       -2.24836917519829
H           -4.54252232859708       -1.87553714701811       -2.01624719238920
C           -6.40901046634613       -2.56746696640860       -3.06582481649591
H            3.24736488983526        2.35648794475791       -7.26408636723311
H            3.79094899150672        3.20595750426148       -5.70116744918497
H            4.99203645210216        0.60242676322311       -6.94767936785526
C            5.87330498342415        1.52724813888814       -5.14146676634267
H           -5.74692245405893       -4.65492644927475       -2.75079265013614
H           -5.99411491071506       -3.69678634303354       -1.17080055367249
H           -6.67536500117932       -2.80080508190923       -4.10129351608084
C           -7.24958122874696       -1.52539232758215       -2.40545263265907
O            7.04075714115361        1.06445114773357       -5.61842479616528
O            5.75143226451798        2.12940584422441       -4.09071079753640
O           -8.24205042623041       -1.11741784950969       -3.22531454878746
O           -7.08641342022269       -1.09700213237366       -1.28062824427026
C            8.25299078424925        1.29549810412915       -4.84155921825987
C           -9.16403793576519       -0.10393878738705       -2.73313596482112
C            9.15769027172681        0.08273384587926       -5.06591259394156
C            8.87938288999043        2.62323605768998       -5.27696616157315
H            7.94668054089438        1.36310303037832       -3.78005746397760
C           -8.59071940694834        1.29059564086034       -3.01589278128389
C          -10.50698368762162       -0.36615773459561       -3.41376493805532
H           -9.24499738875454       -0.24660320451445       -1.64018638677451
H            8.64629382392062       -0.83778229290519       -4.75529156523674
H            9.43213832356091       -0.00787839924630       -6.12790846358288
H           10.08438867479050        0.18836881092608       -4.48570357146557
H            8.18593764379213        3.45372105122323       -5.09262116817165
H            9.80289048465577        2.81387584542403       -4.71317026187474
H            9.13440350384558        2.60055424186796       -6.34771823348424
H           -7.62892037052250        1.42204703262118       -2.49410402940872
H           -8.43510629357074        1.43168187959340       -4.09441411058429
H           -9.28695007917868        2.06410055003769       -2.66316318571732
H          -10.86490754581067       -1.38134408418316       -3.19153044210714
H          -11.26269710829686        0.34859474838682       -3.06133989958609
H          -10.42116630846087       -0.26346565653979       -4.50349625418271
H            4.31379960561909       -6.13419670467625        2.49245649363127
H            0.46279606262356       -7.92901887194380        1.62834611978488
H            1.22518360902010        7.17977856296246       -2.19867255841730
H           -3.07096948738632        7.23634002759644       -1.61258818167919
O            3.51449743640907       -3.62645258535371        1.83062596168992
O           -0.68545801133228       -5.58096468378993        0.89129934198513
O            1.48188077508303        4.57014079964607       -1.45350534775871
O           -3.19461620658353        4.64563031735714       -0.80676907605531
C            4.84927863747833       -3.67464832570119        2.23206472101624
C            5.85302981763099       -3.95826837876213        1.29578324865041
C            5.17575960026527       -3.35915197941313        3.55742207172637
C            7.19459957684733       -3.93194981547119        1.69769695046038
H            5.57332684145696       -4.19036654896480        0.26334497509936
C            6.52128506038024       -3.33456200760590        3.94777158968874
H            4.36917446966727       -3.13214575963073        4.26239838753882
C            7.53232400250770       -3.62261221800492        3.02189189699668
H            7.98349668465251       -4.15152931343633        0.96939149576917
H            6.78260314635704       -3.08806432507588        4.98291534002833
H            8.58593184561151       -3.60329398779657        3.33160127807544
C           -1.66420919107845       -6.55628016903534        1.05282353266198
C           -2.04977726318869       -7.00334209336236        2.32485215844509
C           -2.31750091925390       -7.02403331731698       -0.09572022582551
C           -3.08255958123318       -7.94192516193555        2.43902947472310
H           -1.54175913192065       -6.61004196184926        3.21187031859712
C           -3.35475273405750       -7.95606428141979        0.03295596525116
H           -2.00538098939204       -6.64115240513197       -1.07272222288131
C           -3.73601447013134       -8.42302365224408        1.29718223874031
H           -3.38392626619246       -8.29670527840949        3.43083758446774
H           -3.86762542777378       -8.32186323486930       -0.86315355314951
H           -4.54419035231497       -9.15998522430000        1.39372881213825
C            2.75593691071777        5.10810716528902       -1.34157932128011
C            3.07066031073755        6.16396309764594       -0.47105895985281
C            3.76878200249660        4.47341876346276       -2.07855421076462
C            4.39993332957099        6.59285613896069       -0.36271222915586
H            2.28058951527339        6.64136442536987        0.11888704846770
C            5.09333360397145        4.90377634296440       -1.95335882350925
H            3.51051238534839        3.63779422808707       -2.73676630579283
C            5.41453949693233        5.96991596898640       -1.10138445749114
H            4.64482418086754        7.42122551224124        0.31408992697465
H            5.86770608514216        4.38753311987725       -2.53162905828838
H            6.45284456152963        6.31399955785612       -1.00743747230057
C           -4.47506061577795        5.05386644163107       -1.16194440907160
C           -4.83858463377075        5.27161054318504       -2.49882178938484
C           -5.42929897810578        5.15630885120906       -0.13942366829746
C           -6.16191291656237        5.61283024732191       -2.80409862235591
H           -4.08690652375151        5.16599860745084       -3.28817497602057
C           -6.75084920573903        5.49075494603578       -0.45952328246044
H           -5.11873966382386        4.96285200594540        0.89217938916270
C           -7.12091483317887        5.72625624793148       -1.78954321988861
H           -6.44888638004569        5.78341710703707       -3.84742646969654
H           -7.49773471168258        5.56959820263700        0.33778935538071
H           -8.15713845962896        5.99268616947255       -2.03649187916029
N            1.36419382032714        0.46834151460217        0.24188950393129
C            2.40979768639605        1.22451640829096        0.34219248838487
C            2.51905630981643        2.17494509762491        1.39911468885623
C            3.64013022990169        2.95351423334989        1.52702297730682
C            4.69171542763844        2.83756924418596        0.62454161433209
C            4.60435077564753        1.92279002203755       -0.41527043475201
C            3.50084602638912        1.11498603253255       -0.57501182820305
C            3.45253074187378        0.03540419888685       -1.60950731448608
C            3.83581891108257       -1.31798275547046       -0.97165916431205
C            5.18767160824583       -1.20621555585666       -0.33690059822718
C            5.30572966361332       -0.79654314610045        0.98721619744804
C            6.54606144131583       -0.61469815319925        1.56568149423889
C            7.68913216111946       -0.85471609197729        0.81519105683803
C            9.04618657136706       -0.66036739600126        1.41377513668156
F            9.04694074701303       -0.61628875130716        2.75558780644874
F            9.91243607617307       -1.63695671568300        1.07663493921654
F            9.63401875133359        0.49056272522134        1.00942759114353
C            7.59126075011893       -1.26407031679198       -0.50912104951314
C            6.34276586527087       -1.43265643544439       -1.07613868263907
H            1.68639511365900        2.25890826842178        2.07976290093837
H            3.71983583394781        3.65403782102753        2.34522199200498
H            5.56977077247517        3.45129189409871        0.73808746989710
H            5.41547308535099        1.83829834212218       -1.12338133774215
H            4.15735661216838        0.26803490105551       -2.40974984896835
H            2.43795947376533       -0.04859743181760       -2.00732885879487
H            3.83492966060667       -2.08735730364404       -1.74454602979334
H            3.08722220775365       -1.57362168890251       -0.21989780958872
H            4.41540098613092       -0.62214617205604        1.57097418797407
H            6.63351143672165       -0.29793684571443        2.59240767833999
H            8.48750027543975       -1.45069292910426       -1.08119933618244
H            6.26508468610244       -1.74824331054300       -2.10573052054453
245
 energy: -410.918129139201 gnorm: 0.000530832905 xtb: 6.7.1 (edcfbbe)
N            0.21937041586467       -1.80267503022476       -0.90303355929618
N           -0.01648383390224       -1.12634605444543        1.85496721138160
C           -0.36178819703728       -1.03168098200246       -3.19122135767840
C            0.06621005085169       -1.99638903730556       -2.25221324012033
C            0.46817617371394       -3.34564395673010       -2.60271255145958
H            0.43660239699280       -3.75959149091525       -3.61168822205597
C            0.89023697101736       -3.94341525909343       -1.44867295415980
H            1.27676034103576       -4.95415053056466       -1.31156017786417
C            0.69887362128081       -2.98119791457922       -0.38060431242216
C            0.88244683476515       -3.27239417794956        0.98539308620601
C            0.47811593529327       -2.39637505500313        2.01270894212258
C            0.40419486078554       -2.77422627816299        3.41164135510874
H            0.73381697105344       -3.73480767710673        3.81019312368044
C           -0.18417388148335       -1.73538859906287        4.07471192677713
H           -0.43019117435420       -1.65372140680285        5.13428437317024
C           -0.43116255982695       -0.69795470172689        3.09071640074908
C            1.42053850386560       -4.62479425535553        1.37180333323700
C            2.76137854076062       -4.77976608546812        1.79676711532551
C            3.27243212445792       -6.03791867048096        2.16349989682250
C            2.43827601247298       -7.15782936216432        2.09721777716653
H            2.83605949559940       -8.14363743576623        2.37201005645504
C            1.10831432905279       -7.04484679121432        1.68388046576782
C            0.60140144725022       -5.77906618202810        1.33340350160974
N           -0.75561018722046        1.55622768323194        1.12592821712324
N           -0.47201220244889        0.88750806655719       -1.61503320550571
C           -0.98565051028629        0.56275727304663        3.39494865039448
C           -1.07089298441479        1.61789825433205        2.45971852702027
C           -1.43980047021257        2.97548008947334        2.80808016152229
H           -1.75497179773126        3.29416812596688        3.80255842844086
C           -1.29500537980073        3.72884577668235        1.67620119909262
H           -1.47515073197390        4.79630352140242        1.54550793103065
C           -0.90219751749506        2.82395220679320        0.61595965118827
C           -0.78250616708049        3.19082623331971       -0.73812252292367
C           -0.66327623612243        2.23850425256692       -1.76813961681479
C           -0.86726577343917        2.54522330027873       -3.17002219162111
H           -1.04062040398276        3.54671727801704       -3.56540086850920
C           -0.85069863047125        1.35709732793337       -3.84340870241560
H           -1.00372017415546        1.17548234476941       -4.90804871416729
C           -0.57006178694797        0.32459584432920       -2.86395820188068
C           -0.85305457004987        4.64285231747660       -1.12570864236096
C            0.33382889738294        5.33091618783366       -1.47883657186267
C            0.30051531041566        6.67298952322956       -1.89926888887988
C           -0.92571188506241        7.34369286526910       -1.93976744472434
H           -0.95563687859790        8.39388100423483       -2.25864297934273
C           -2.11507845384030        6.70023752436535       -1.58489258282142
C           -2.07754393377569        5.34819240515484       -1.19500721319744
Fe          -0.16122221281447       -0.09155848422356        0.11839838438314
Cl          -2.38873036076268       -0.71379999136241        0.09643693404768
C           -1.56799598432789        0.77763184242213        4.77058389554974
C           -0.79905401747152        1.31678957532215        5.83628274960162
C           -2.92777606518182        0.42584190721054        4.99922232848247
C           -1.37647375246532        1.50657584365809        7.10779489494215
N            0.55022428114691        1.66358009312157        5.56632537544059
C           -3.50132832588386        0.64053941338490        6.27097573735604
N           -3.65707081747947       -0.16135608684035        3.93813394842437
H           -0.76304890968523        1.90928852100186        7.91829979918648
C           -2.72008890282016        1.17143582458036        7.30078175441755
C            1.52828958985006        2.07173997746770        6.44522166457027
H            0.82105509267091        1.56149725506493        4.58675377840146
H           -4.55307370013961        0.38543467569351        6.42343080643470
C           -4.98814830918935       -0.52967088341140        3.91886088020897
H           -3.12842841552787       -0.33824885161269        3.07869303869467
H           -3.17231360313468        1.32752946344432        8.28869350747905
O            1.38444998898607        2.18115101187516        7.65782251142205
C            2.85548917750237        2.38940077606033        5.78859779474901
O           -5.78596789124427       -0.29145833608824        4.82033681604740
C           -5.40410811690164       -1.28103615610470        2.67695369746273
C            4.11220734000941        1.99973866397536        6.52438792264520
H            2.90918955486758        2.38986751573362        4.69453684931800
C            3.69950400419235        3.45168853375520        6.50303654974807
C           -6.75642850268139       -0.97672697688936        2.08191400448876
H           -4.62280249339078       -1.59696070997596        1.97611136771888
C           -6.58106953590085       -2.24375365743958        2.88488095000350
H            3.99148462983921        1.47837673703291        7.47706212568900
H            4.97372372605008        1.71670666179560        5.91659811047996
H            3.26710457033129        3.85427359756121        7.42238491553442
C            4.48060024513156        4.41433442868319        5.66621060710378
H           -7.34343317033927       -0.18894273573846        2.56250176642775
H           -6.84407629425884       -1.06501840553240        0.99551313797819
H           -7.00074969193659       -2.24646003406236        3.89566493183305
C           -6.56516561918971       -3.56438807752096        2.19100450342536
O            4.58072553450627        5.60925401811283        6.27223141631122
O            4.97761370120557        4.15185677961166        4.58740926555925
O           -7.17947984826955       -4.50639463932919        2.94025196079381
O           -6.08167788117800       -3.78267709692186        1.09837695524181
C            5.32701719387687        6.67201127019914        5.60769971447036
C           -7.27475290861807       -5.85564984150006        2.40330346996392
C            4.34935508415636        7.55372530528222        4.81842083256621
C            6.08968936682180        7.42580833076319        6.69602164738904
H            6.02526078121380        6.18139822680171        4.90630147880752
C           -7.27372217399090       -6.80558001908969        3.60207413431388
C           -8.53053787945607       -5.96631298678124        1.53135430529002
H           -6.37784053355649       -6.01895535106987        1.77600237605136
H            3.83500373927071        6.96039321107991        4.04473301532267
H            3.59873822806603        7.99043834021036        5.49045868527455
H            4.89519575655719        8.37140435772367        4.32784982039517
H            6.76246978871292        6.75034858473605        7.23989434869186
H            6.69637529083087        8.22807229818374        6.25507463151278
H            5.39925751058561        7.87456713326683        7.42154812506994
H           -6.35942194705796       -6.67457868258919        4.19528881476168
H           -8.14273701193026       -6.61725372066445        4.25036620309174
H           -7.32596506696018       -7.84904303471523        3.26220957086654
H           -8.47272903822488       -5.26326009442490        0.68925094337907
H           -8.62807494065853       -6.98448852720683        1.12960431057820
H           -9.43385057937444       -5.74599856255827        2.12040649702351
C           -0.60016886471903       -1.49849070400053       -4.60547728589074
C            0.36268100592926       -1.29349219213057       -5.63062174484980
C           -1.80506197523576       -2.18927829093191       -4.91107206523086
C            0.15630700574806       -1.82657119305617       -6.91843346200344
N            1.50771059090572       -0.52148681542481       -5.30816816351607
C           -1.99979695356884       -2.72673661132595       -6.20117182396029
N           -2.79330293801006       -2.26922489414141       -3.90232183262900
H            0.91378350657715       -1.66289498977108       -7.69026374852447
C           -1.01597510987995       -2.54479170531848       -7.17770629633541
C            2.45439410393738        0.01673564685979       -6.15260540373529
H            1.52420558913224       -0.19240044222407       -4.34140000437157
H           -2.92153794555550       -3.27651333184324       -6.40967325997942
C           -4.02499679228134       -2.89095114417129       -3.95097087018855
H           -2.57987943853620       -1.75803390439587       -3.04162244686847
H           -1.17267624597465       -2.96687728501788       -8.17889626855628
O            2.56276236830426       -0.24068314404222       -7.34554525888706
C            3.35795565889919        1.02785592821155       -5.47909999225596
O           -4.40494509235907       -3.60798093798310       -4.87116511910277
C           -4.90372719477570       -2.59587353065407       -2.75973120216913
C            3.68037909624949        2.27577377714204       -6.26364733863498
H            3.29402137764700        1.13747407594024       -4.39115129882099
C            4.74919296176583        1.22349617520864       -6.08157332618015
C           -5.80987682774161       -3.68612390775372       -2.24837317033157
H           -4.54258591523510       -1.87556357252445       -2.01627459546932
C           -6.40906771880288       -2.56752138256259       -3.06584804463474
H            3.24728922608781        2.35642594441137       -7.26415962351492
H            3.79086362347068        3.20592632044859       -5.70124993246974
H            4.99197076412146        0.60238076325014       -6.94771947931868
C            5.87322460819531        1.52724609757316       -5.14152258408090
H           -5.74696529252396       -4.65497314947628       -2.75078265218736
H           -5.99416958683169       -3.69680848633595       -1.17080362474262
H           -6.67541519209427       -2.80087877935014       -4.10131557504889
C           -7.24964353386822       -1.52544437582627       -2.40549399009620
O            7.04068487686482        1.06444020635328       -5.61846627422350
O            5.75134969486545        2.12941407842365       -4.09076846251335
O           -8.24211446696611       -1.11748761081549       -3.22536994977209
O           -7.08648423690300       -1.09703276108297       -1.28067582070988
C            8.25291361473907        1.29550952857568       -4.84159775874414
C           -9.16411036530805       -0.10400458618429       -2.73320624719303
C            9.15762517085935        0.08275061305870       -5.06593083179244
C            8.87930114386495        2.62323958223886       -5.27702540020392
H            7.94660210383294        1.36314486656169       -3.78009816969537
C           -8.59079963326347        1.29052501337667       -3.01598327159049
C          -10.50705127915304       -0.36624464137424       -3.41383527290533
H           -9.24507182721635       -0.24665484354924       -1.64025443772595
H            8.64622969348386       -0.83776373853711       -4.75530248034823
H            9.43207452290009       -0.00788372685025       -6.12792621830526
H           10.08432160629612        0.18838514760561       -4.48571324369845
H            8.18584863908190        3.45372432818657       -5.09269468198242
H            9.80280645057166        2.81389539420088       -4.71322671639953
H            9.13432329466529        2.60054470183546       -6.34777886715881
H           -7.62900218846300        1.42199283962281       -2.49419334336491
H           -8.43518309132171        1.43159707584194       -4.09450836402665
H           -9.28703630541634        2.06403405558951       -2.66326731287070
H          -10.86497000483530       -1.38143118195082       -3.19158593307707
H          -11.26277139946853        0.34850974782198       -3.06142309276883
H          -10.42123097320014       -0.26356913596273       -4.50357018670213
H            4.31374873899437       -6.13409662797958        2.49252167746176
H            0.46275673762543       -7.92895759573456        1.62842634659589
H            1.22506330161737        7.17978416330214       -2.19882668553375
H           -3.07109411580618        7.23632725897707       -1.61275516044942
O            3.51443125193653       -3.62636942919579        1.83065106005319
O           -0.68550914625718       -5.58092111968906        0.89134002207933
O            1.48177471435014        4.57015977363950       -1.45361800962154
O           -3.19472467916469        4.64562872403666       -0.80689689407060
C            4.84920867891108       -3.67455049229684        2.23209787677864
C            5.85296642909696       -3.95818330054407        1.29582375301012
C            5.17568438578619       -3.35904319821913        3.55744951194836
C            7.19453212198539       -3.93185780301978        1.69774023813929
H            5.57327474042112       -4.19028082756596        0.26338378497029
C            6.52121328614542       -3.33442341509815        3.94779916761230
H            4.36909953713843       -3.13200698453299        4.26241655712427
C            7.53226035154575       -3.62247707593260        3.02192891915674
H            7.98342942355033       -4.15144674443644        0.96943265501359
H            6.78252383173437       -3.08790845714790        4.98294116630730
H            8.58587413676858       -3.60312946258505        3.33162653084232
C           -1.66425303547047       -6.55623978865904        1.05287530320095
C           -2.04982283775123       -7.00328434588916        2.32491214012877
C           -2.31753785287949       -7.02401514478639       -0.09566272902285
C           -3.08259949880313       -7.94187208366641        2.43910092766068
H           -1.54180950631122       -6.60996668229155        3.21192618940510
C           -3.35478560071238       -7.95605108616422        0.03302505920630
H           -2.00541754202344       -6.64114743957046       -1.07267106960399
C           -3.73604881834608       -8.42299276545070        1.29725722621684
H           -3.38396790363943       -8.29663825434314        3.43091464779693
H           -3.86765335932405       -8.32186674079094       -0.86308204528864
H           -4.54422097959095       -9.15995788809273        1.39381383084228
C            2.75582258410236        5.10813761623443       -1.34169866653463
C            3.07053939580836        6.16400685348949       -0.47118871571912
C            3.76867204367617        4.47344780941431       -2.07866531848367
C            4.39980815842489        6.59291253311694       -0.36284468615130
H            2.28046246295819        6.64141429217513        0.11874586864904
C            5.09322168016417        4.90381977696406       -1.95347622774375
H            3.51041271282486        3.63780649795923       -2.73686089773396
C            5.41442160176998        5.96996829721784       -1.10150882574279
H            4.64469299040212        7.42129319477340        0.31394490508462
H            5.86760420141815        4.38756277704055       -2.53172675098233
H            6.45272582373610        6.31405861906123       -1.00756279727418
C           -4.47517040861976        5.05385174874021       -1.16208047951813
C           -4.83869159025688        5.27157232240766       -2.49896504167178
C           -5.42941212781027        5.15630403682411       -0.13956499547116
C           -6.16202091254748        5.61277887001474       -2.80425122502608
H           -4.08700975295588        5.16595248309226       -3.28831463243185
C           -6.75096496233008        5.49073650796685       -0.45967449194490
H           -5.11885535370582        4.96286505647126        0.89204309726402
C           -7.12102794969909        5.72621461022533       -1.78969860524704
H           -6.44899259421445        5.78334700025259       -3.84758366230282
H           -7.49785337495318        5.56958724218163        0.33763651511001
H           -8.15725274802930        5.99263376459440       -2.03665583916209
N            1.36427781587095        0.46836637538360        0.24278395264236
C            2.41029154062279        1.22411790204123        0.34412157288106
C            2.52085519421017        2.17361264562098        1.40145334356959
C            3.64123374080637        2.95344970982566        1.52799922731938
C            4.69150836066627        2.83872050473137        0.62414244693621
C            4.60375241498967        1.92347653448965       -0.41520322611352
C            3.50085936150507        1.11490958005485       -0.57385513573117
C            3.45284025678798        0.03596055109480       -1.60879949116052
C            3.83694280503058       -1.31838713640239       -0.97260061540893
C            5.18854811598119       -1.20646690691264       -0.33744047909313
C            5.30634483792000       -0.79589520136495        0.98612316922098
C            6.54658356819406       -0.61464623135187        1.56513639569765
C            7.68951283025856       -0.85599446710611        0.81579439101067
C            9.04628025129896       -0.66153827019632        1.41508265486618
F            9.04582342875245       -0.61512714914712        2.75702597961800
F            9.91164837881980       -1.64028241866624        1.07954791385500
F            9.63605521139329        0.48806927556039        1.00890273014345
C            7.59198504054965       -1.26535997590111       -0.50838220273473
C            6.34385143880671       -1.43337689823488       -1.07612776932291
H            1.68935582536561        2.25666586080658        2.08356768798769
H            3.72139269575207        3.65388887574302        2.34612585813301
H            5.56900139231905        3.45350064886336        0.73582160694746
H            5.41425350091841        1.83946882715024       -1.12391701746314
H            4.15752372453307        0.26940967027544       -2.40895315120852
H            2.43839033272263       -0.04836184955890       -2.00662062864091
H            3.83659471868191       -2.08665150298936       -1.74674063451755
H            3.08844225292098       -1.57545990029619       -0.22107161373157
H            4.41611928318721       -0.62209074817143        1.56942246826552
H            6.63379073452408       -0.29760801157945        2.59159150680485
H            8.48833410693054       -1.45100534125707       -1.07992511445362
H            6.26637167197536       -1.74805664402787       -2.10572270061352
245
 energy: -410.918136513379 gnorm: 0.000854747312 xtb: 6.7.1 (edcfbbe)
N            0.21923108065343       -1.80258876942450       -0.90305737573769
N           -0.01667737945880       -1.12619574177731        1.85492110586339
C           -0.36192297662396       -1.03172506180493       -3.19128568646920
C            0.06608555511159       -1.99638545590767       -2.25223276461550
C            0.46807359132368       -3.34564933634798       -2.60267197199258
H            0.43651663062387       -3.75963988467223       -3.61163139295008
C            0.89013491666479       -3.94336803922305       -1.44860546469432
H            1.27667545618153       -4.95408913310530       -1.31144630769844
C            0.69875152287483       -2.98110552112349       -0.38057467601350
C            0.88231524057388       -3.27224387274097        0.98542665832086
C            0.47795517132764       -2.39618465799604        2.01271603234474
C            0.40403520896993       -2.77398290844400        3.41165749822810
H            0.73366867685096       -3.73454109331294        3.81025259701931
C           -0.18435845109811       -1.73512466787010        4.07468085491736
H           -0.43038586994041       -1.65341845254928        5.13424734892348
C           -0.43135589774209       -0.69773864319428        3.09064196440755
C            1.42042561826152       -4.62461714386362        1.37190390867947
C            2.76126412931685       -4.77954939242315        1.79688728641419
C            3.27233701511051       -6.03767717290982        2.16367623669385
C            2.43819983593468       -7.15760468447298        2.09743346483165
H            2.83599794627840       -8.14339480549270        2.37226962066261
C            1.10823940992121       -7.04466215564909        1.68408011106856
C            0.60130832455501       -5.77890476883805        1.33354577256018
N           -0.75582022487119        1.55637843604153        1.12575488083900
N           -0.47216972765329        0.88750931504116       -1.61516105754811
C           -0.98587029446002        0.56298170957078        3.39481154313618
C           -1.07110978973347        1.61808165060009        2.45953492643455
C           -1.44005527213817        2.97567208996272        2.80783906641254
H           -1.75524029892419        3.29439364728067        3.80230237015078
C           -1.29526114101798        3.72898992794830        1.67593630477901
H           -1.47542624069812        4.79643887358026        1.54519226180999
C           -0.90241949921618        2.82405203532375        0.61574165238104
C           -0.78273398303932        3.19087554634668       -0.73836909582513
C           -0.66347981010031        2.23851757941657       -1.76833922653056
C           -0.86746152286128        2.54517168739425       -3.17023703645749
H           -1.04083077368851        3.54664644377041       -3.56566118168010
C           -0.85086987631048        1.35701626767828       -3.84357547562039
H           -1.00387955840285        1.17535643217138       -4.90820974231588
C           -0.57021998695721        0.32456215218663       -2.86408084039020
C           -0.85330365733795        4.64288672092054       -1.12601375775221
C            0.33356886290252        5.33095727505494       -1.47916080040428
C            0.30023808094145        6.67301149104174       -1.89964909063078
C           -0.92600078405965        7.34369206061743       -1.94018549993734
H           -0.95594080144477        8.39386631392298       -2.25910547621411
C           -2.11535881461125        6.70023132788034       -1.58529419744931
C           -2.07780607003595        5.34820316008252       -1.19535114400183
Fe          -0.16132093368343       -0.09147655989825        0.11831005062663
Cl          -2.38889276758788       -0.71373585024129        0.09634555585685
C           -1.56822903945826        0.77790096346928        4.77043505918682
C           -0.79930521077174        1.31711564833839        5.83611699530147
C           -2.92800873029764        0.42609577277254        4.99907371089745
C           -1.37673986538474        1.50694569760873        7.10761723063192
N            0.54996493164286        1.66391801663338        5.56615904973869
C           -3.50157185927084        0.64083831030803        6.27081598935993
N           -3.65727612704085       -0.16115559565352        3.93800946828280
H           -0.76332827504370        1.90970241626267        7.91810994283777
C           -2.72035006327001        1.17179078071045        7.30060564108673
C            1.52802716100568        2.07213232298481        6.44504403795114
H            0.82080910889199        1.56179500330189        4.58659496520232
H           -4.55331439573865        0.38572201451254        6.42327205087683
C           -4.98835618441996       -0.52949815967059        3.91873280371952
H           -3.12862958688221       -0.33807697458940        3.07857630630301
H           -3.17258637552243        1.32791800838053        8.28850730318402
O            1.38416743831851        2.18159068104518        7.65763874549357
C            2.85521755670757        2.38978508675935        5.78842079337891
O           -5.78618231705848       -0.29125841397939        4.82019608011548
C           -5.40428682106138       -1.28091809250768        2.67685964471487
C            4.11193931557939        2.00017715299121        6.52423527696335
H            2.90893545730612        2.39020402736838        4.69435955608125
C            3.69921263689861        3.45212210949434        6.50281897578811
C           -6.75660904079603       -0.97665847287701        2.08179348720070
H           -4.62297177583390       -1.59686002530522        1.97603495572277
C           -6.58123615354846       -2.24364966282629        2.88481407191268
H            3.99121685265465        1.47885368470570        7.47693062060895
H            4.97346603629727        1.71713268126487        5.91646458914767
H            3.26679701812234        3.85473506145454        7.42214797730129
C            4.48029639278855        4.41473890214346        5.66596363777311
H           -7.34363104857388       -0.18886404108964        2.56234352789492
H           -6.84424576506954       -1.06499662817839        0.99539577533958
H           -7.00092438618240       -2.24631964897785        3.89559516898177
C           -6.56530313044112       -3.56430897962027        2.19099251320922
O            4.58039575999026        5.60969246563610        6.27193337699054
O            4.97732446723940        4.15223283406509        4.58717531842614
O           -7.17960829827224       -4.50629765375171        2.94027695282697
O           -6.08180284649330       -3.78263813866900        1.09837963333792
C            5.32667611688950        6.67243430182054        5.60736120768998
C           -7.27485420194313       -5.85557699611788        2.40338170374926
C            4.34900844793877        7.55409537848955        4.81803981924968
C            6.08932717243799        7.42628828071487        6.69565842333323
H            6.02493541111360        6.18180125217880        4.90599094098902
C           -7.27381789188127       -6.80545629254126        3.60219139181531
C           -8.53062907786085       -5.96629702604824        1.53142800277589
H           -6.37793351584322       -6.01889277522162        1.77609568638681
H            3.83467098831613        6.96072372359241        4.04437234500428
H            3.59837619533052        7.99082564925303        5.49005140076937
H            4.89483695069342        8.37176550088362        4.32743737001195
H            6.76211431139226        6.75086289782262        7.23956557541110
H            6.69600292734565        8.22854471171451        6.25468348024762
H            5.39888144799536        7.87506566705022        7.42116109184565
H           -6.35952443394897       -6.67441511355205        4.19540948836464
H           -8.14284124921437       -6.61711769830450        4.25046919738710
H           -7.32603971810917       -7.84893505128526        3.26237071816222
H           -8.47282555593632       -5.26327844410918        0.68929446955487
H           -8.62814619310202       -6.98449119735347        1.12971827770701
H           -9.43395130493633       -5.74597307658103        2.12046241147794
C           -0.60028450429862       -1.49859716301116       -4.60552315647788
C            0.36257152689858       -1.29362399935209       -5.63066790459286
C           -1.80516597428850       -2.18941818158717       -4.91109733379371
C            0.15621590631622       -1.82676186620293       -6.91845990955234
N            1.50758105815710       -0.52158948912841       -5.30823775266570
C           -1.99987818372801       -2.72693330834311       -6.20117889932872
N           -2.79340627446337       -2.26933773108026       -3.90235723007781
H            0.91369640019134       -1.66310453776284       -7.69029041053847
C           -1.01605178294061       -2.54501217812870       -7.17771193122057
C            2.45426862230089        0.01661999117647       -6.15268867896441
H            1.52406524984381       -0.19245896795042       -4.34148316193487
H           -2.92160840984386       -3.27673430726489       -6.40966445510487
C           -4.02509953843226       -2.89108764650943       -3.95098364278166
H           -2.58000447178031       -1.75810900020648       -3.04167360070833
H           -1.17273734722090       -2.96714260586838       -8.17888593046456
O            2.56264763521502       -0.24085074894275       -7.34561750890270
C            3.35780292474005        1.02777846024744       -5.47921950541246
O           -4.40502119926410       -3.60816232662514       -4.87115556709400
C           -4.90383644275577       -2.59597606670958       -2.75976974176660
C            3.68021260144167        2.27567122540886       -6.26381551365264
H            3.29385968257020        1.13744082175176       -4.39127366508416
C            4.74904692715847        1.22341926968414       -6.08168678928403
C           -5.80997507985714       -3.68621967856625       -2.24837191042843
H           -4.54271662197285       -1.87562842470714       -2.01633781203978
C           -6.40917940277564       -2.56766064463038       -3.06589778145769
H            3.24712978012881        2.35627369121011       -7.26433489911698
H            3.79067674106730        3.20584955050211       -5.70145597035195
H            4.99183906333769        0.60227144288921       -6.94780671005887
C            5.87305866000854        1.52722323927694       -5.14164402132277
H           -5.74704280388033       -4.65508888816950       -2.75074081421834
H           -5.99427648427148       -3.69686237436517       -1.17080348793384
H           -6.67551246600938       -2.80106696483658       -4.10135857442129
C           -7.24977473652782       -1.52557346184751       -2.40559420284616
O            7.04053500167179        1.06442138232076       -5.61855534054689
O            5.75116945678533        2.12943628421032       -4.09090994577972
O           -8.24224756073001       -1.11766592981852       -3.22549869834225
O           -7.08663435742505       -1.09710975517168       -1.28079401480870
C            8.25275372947991        1.29554449634887       -4.84168662928247
C           -9.16426542396267       -0.10417576059064       -2.73338270863606
C            9.15748565451119        0.08279222748695       -5.06596227501523
C            8.87912025344842        2.62326683752440       -5.27716515457340
H            7.94643034488522        1.36321986491807       -3.78019327261564
C           -8.59097577653974        1.29034792643533       -3.01621290337640
C          -10.50719551398352       -0.36646894260409       -3.41401199700434
H           -9.24523306643722       -0.24678434629194       -1.64042624219488
H            8.64610621432472       -0.83771942001147       -4.75529763606279
H            9.43194571158271       -0.00788139554812       -6.12795184003787
H           10.08417590818835        0.18846615237433       -4.48574143761767
H            8.18565198879824        3.45374959021818       -5.09287520880826
H            9.80261844789017        2.81396120808029       -4.71336649392417
H            9.13415205648438        2.60053250774681       -6.34791542146863
H           -7.62918454911441        1.42185549610238       -2.49442072047067
H           -8.43535210606385        1.43137910080930       -4.09474326923292
H           -9.28722825551714        2.06386184605822       -2.66353549514752
H          -10.86509914906182       -1.38165250666127       -3.19172383079278
H          -11.26293114071859        0.34828741176052       -3.06163640119388
H          -10.42136790131149       -0.26383770973773       -4.50375119833387
H            4.31365255475981       -6.13382385482975        2.49270998008511
H            0.46269733456875       -7.92878609011241        1.62865719292796
H            1.22477924109510        7.17980963422590       -2.19922016047811
H           -3.07138314007140        7.23630346154237       -1.61318719801535
O            3.51429860069000       -3.62613677950430        1.83072364224248
O           -0.68560227715300       -5.58079982276537        0.89146354905225
O            1.48153210912342        4.57022085783751       -1.45390172167047
O           -3.19497519249455        4.64563669550729       -0.80722321777757
C            4.84907373359106       -3.67427706815099        2.23219176000494
C            5.85284392996363       -3.95793133331175        1.29593258301177
C            5.17553100712234       -3.35870590899390        3.55752784384794
C            7.19440393787035       -3.93157025615427        1.69786036877044
H            5.57316397553428       -4.19008213263583        0.26350078072264
C            6.52105845835220       -3.33405039946869        3.94789031120754
H            4.36893756541002       -3.13166078085147        4.26248154549616
C            7.53211357969414       -3.62213182463591        3.02204570901460
H            7.98331600763312       -4.15116439419483        0.96957298017170
H            6.78235339274060       -3.08749007086818        4.98302603654525
H            8.58572785586899       -3.60275871111443        3.33174018528707
C           -1.66433018833261       -6.55612793821108        1.05302978471676
C           -2.04990433001614       -7.00312623151222        2.32508368397394
C           -2.31759760940080       -7.02396205984488       -0.09549255554352
C           -3.08266534483831       -7.94172612040697        2.43930266787199
H           -1.54190462913190       -6.60976281380327        3.21208530058302
C           -3.35483165965173       -7.95601041326469        0.03322540489691
H           -2.00547593214837       -6.64113008435561       -1.07251491592787
C           -3.73609738160249       -8.42290584666090        1.29747215280068
H           -3.38403671612446       -8.29645629767409        3.43112847971940
H           -3.86768517473786       -8.32187196685540       -0.86287177672593
H           -4.54425797435286       -9.15988038989591        1.39405383475472
C            2.75556376318282        5.10822647004122       -1.34199491322310
C            3.07025962232840        6.16413516377266       -0.47152207509618
C            3.76843084857505        4.47352294736823       -2.07892631984174
C            4.39951790364992        6.59307005101317       -0.36318538836452
H            2.28016909828876        6.64155384932599        0.11838477408435
C            5.09297251146223        4.90392603055671       -1.95374788689400
H            3.51019226500734        3.63785021552280       -2.73708950314389
C            5.41414894576617        5.97011325778572       -1.10181926388685
H            4.64438527215077        7.42148099550739        0.31357072203725
H            5.86737193234024        4.38765392284030       -2.53196683343459
H            6.45244785973747        6.31422285738674       -1.00787676853196
C           -4.47542616046395        5.05382303051911       -1.16243155352406
C           -4.83894013302076        5.27148138632347       -2.49933015174714
C           -5.42967743415567        5.15630181747640       -0.13993038047359
C           -6.16227157338732        5.61265274648127       -2.80464166311308
H           -4.08724946054566        5.16584133552070       -3.28866839732051
C           -6.75123424214842        5.49069844584887       -0.46006572946591
H           -5.11912676990569        4.96291115954568        0.89168853614360
C           -7.12128998292181        5.72611465720580       -1.79010062049609
H           -6.44923809213641        5.78317242315056       -3.84798344300284
H           -7.49813032953256        5.56956981527392        0.33723664444295
H           -8.15751678065761        5.99250596793543       -2.03707930876232
N            1.36440395243279        0.46820778540942        0.24458528980809
C            2.41132636932033        1.22274375851151        0.34824885640310
C            2.52427428772459        2.17026663200133        1.40665422962804
C            3.64337391863824        2.95269384793972        1.53066567569695
C            4.69097425332400        2.84111706772448        0.62358024933878
C            4.60250763822921        1.92510952959820       -0.41517548638736
C            3.50085849979464        1.11457162053606       -0.57151907822705
C            3.45315128087340        0.03708028304475       -1.60767353068717
C            3.83962267363452       -1.31866884653480       -0.97494078564075
C            5.19075113195278       -1.20678197429545       -0.33889072390358
C            5.30736167202007       -0.79552013782442        0.98436246721195
C            6.54725959355118       -0.61458206946321        1.56457364845008
C            7.69059325381197       -0.85781445409758        0.81700253224383
C            9.04678680056429       -0.66489393777845        1.41808873470761
F            9.04382866505102       -0.61275869495506        2.75992917033932
F            9.90985819826719       -1.64857012024402        1.08754357442898
F            9.64161037495030        0.48095598919091        1.00788685915674
C            7.59427539377692       -1.26714456358393       -0.50736880154659
C            6.34681378544542       -1.43438231671002       -1.07653403065230
H            1.69505267380145        2.25125138827227        2.09188382891454
H            3.72450218462586        3.65252208500859        2.34916200042434
H            5.56713631841176        3.45844815310538        0.73151925606095
H            5.41166320309295        1.84254547557341       -1.12553817822373
H            4.15727435742628        0.27265671808890       -2.40772710721183
H            2.43868831125341       -0.04798222748423       -2.00513704327776
H            3.84075921105297       -2.08411385014590       -1.75186989601245
H            3.09126028236564       -1.57951472390868       -0.22449328242541
H            4.41676014242033       -0.62025895440215        1.56622832683932
H            6.63343848401340       -0.29630637567782        2.59064019019993
H            8.49125721546715       -1.45399261425287       -1.07721132290398
H            6.27002051856269       -1.74941799185571       -2.10590076796972
245
 energy: -410.918141446814 gnorm: 0.001001410039 xtb: 6.7.1 (edcfbbe)
N            0.21913147838369       -1.80250343050178       -0.90306537154925
N           -0.01684408980126       -1.12600011599877        1.85489750301482
C           -0.36202439910312       -1.03177069158604       -3.19133453015840
C            0.06599295136453       -1.99637663603454       -2.25223148977468
C            0.46801210600314       -3.34565105128535       -2.60259501224048
H            0.43647253723362       -3.75968880782363       -3.61153437645525
C            0.89007253234947       -3.94330438111301       -1.44849818902849
H            1.27663051265005       -4.95400744061448       -1.31128181892784
C            0.69866461093670       -2.98099365217201       -0.38050982452354
C            0.88221446923733       -3.27205786303261        0.98549811131146
C            0.47782359364322       -2.39595421494502        2.01274873201012
C            0.40389841958538       -2.77368403881719        3.41170184360398
H            0.73354556591822       -3.73421523445261        3.81034993360623
C           -0.18452380068039       -1.73480199577362        4.07466930601440
H           -0.43056429667348       -1.65305018268445        5.13422910426347
C           -0.43153361454235       -0.69747297619888        3.09058147985652
C            1.42034701744367       -4.62440007595153        1.37205350003266
C            2.76118294590205       -4.77928484587284        1.79706015798718
C            3.27227751533350       -6.03738327046945        2.16391573775882
C            2.43816314146398       -7.15733043495230        2.09771988922768
H            2.83597791795462       -8.14309906330599        2.37260875215008
C            1.10820488663014       -7.04443478221211        1.68434654571857
C            0.60125204465103       -5.77870551016563        1.33374384943432
N           -0.75600780507282        1.55655543864004        1.12557431451007
N           -0.47231383449108        0.88753642334404       -1.61530008203483
C           -0.98607771318063        0.56325681452719        3.39467609636613
C           -1.07131751067241        1.61830310121699        2.45934624247401
C           -1.44030224405754        2.97590643608070        2.80757781246013
H           -1.75550381159932        3.29466866214876        3.80202407864490
C           -1.29550979783926        3.72916593661613        1.67564547234180
H           -1.47569575016952        4.79660612834229        1.54484257308746
C           -0.90263068567593        2.82418084837940        0.61549999471333
C           -0.78294664339427        3.19094472229127       -0.73863205564629
C           -0.66366473125669        2.23854640282449       -1.76855148872744
C           -0.86763625303608        2.54511770894991       -3.17046461117624
H           -1.04101997405124        3.54656864845496       -3.56594243092925
C           -0.85101257805771        1.35692796232771       -3.84374629371114
H           -1.00400714839750        1.17521313926832       -4.90837310757902
C           -0.57035300256140        0.32452963201138       -2.86420340861914
C           -0.85354106429489        4.64293428178793       -1.12634913962719
C            0.33332015451177        5.33101158611402       -1.47951735903359
C            0.29996828058887        6.67304399313328       -1.90007284703611
C           -0.92628381113018        7.34369836119451       -1.94065578102112
H           -0.95624143737849        8.39385602682422       -2.25962858646996
C           -2.11563240983287        6.70023116702076       -1.58574529233965
C           -2.07805681472670        5.34822269041454       -1.19573413741830
Fe          -0.16143730374280       -0.09136330827856        0.11824210517066
Cl          -2.38904228837691       -0.71365697867106        0.09625889590558
C           -1.56845257710586        0.77822846914787        4.77028388728420
C           -0.79955264571579        1.31751102275674        5.83594688844611
C           -2.92822754865437        0.42640727754237        4.99892521830517
C           -1.37700296893344        1.50739310136987        7.10743203200919
N            0.54971477219266        1.66432697726657        5.56598808032481
C           -3.50180869920414        0.64120126700123        6.27065079051424
N           -3.65747159823142       -0.16091158241670        3.93788259156292
H           -0.76360834371192        1.91020221282879        7.91791156332283
C           -2.72060887486187        1.17222093400548        7.30042281849770
C            1.52776082657589        2.07260430387140        6.44486264537567
H            0.82057036569115        1.56215784997603        4.58643283126838
H           -4.55354827919976        0.38607196858785        6.42310817450905
C           -4.98854456264944       -0.52928143429048        3.91861019988155
H           -3.12881242541503       -0.33786488040235        3.07846381075624
H           -3.17285891401466        1.32838818921024        8.28831172709421
O            1.38388437728920        2.18212050245368        7.65744944576696
C            2.85495040467601        2.39025113095756        5.78823812640180
O           -5.78638490039790       -0.29101276042116        4.82005273057240
C           -5.40444653313822       -1.28077143101890        2.67676965067207
C            4.11167290508545        2.00070496974862        6.52408417416745
H            2.90868301934675        2.39061294247521        4.69417932644209
C            3.69891710031715        3.45264079640049        6.50259137879195
C           -6.75676865483940       -0.97656827863871        2.08167381484886
H           -4.62311758829336       -1.59673274201531        1.97596901568981
C           -6.58137914047671       -2.24351568722172        2.88475943778310
H            3.99095063854989        1.47942629548515        7.47680433789077
H            4.97321190618648        1.71764677004467        5.91633808008685
H            3.26648352342040        3.85529093943954        7.42189579659196
C            4.47998896826076        4.41523273546505        5.66569987099391
H           -7.34381128101547       -0.18876173276317        2.56217821930040
H           -6.84439157208841       -1.06496215005610        0.99527954394482
H           -7.00107809706377       -2.24614398138498        3.89553595836578
C           -6.56541212551240       -3.56420998989848        2.19100391326287
O            4.58006103255643        5.61021649423043        6.27160684326721
O            4.97703410010247        4.15268267997006        4.58692734401791
O           -7.17970679945809       -4.50617291410441        2.94032754520376
O           -6.08189577098662       -3.78258310897718        1.09840650717417
C            5.32632641550291        6.67294064361048        5.60699070295565
C           -7.27492003950430       -5.85548068231516        2.40349896169543
C            4.34864841392801        7.55454337409790        4.81761487330658
C            6.08895053618212        7.42686392610682        6.69525910211966
H            6.02460268669591        6.18228704258766        4.90565219825828
C           -7.27387775276589       -6.80530061989194        3.60235627109600
C           -8.53068367586466       -5.96626908039154        1.53153695131387
H           -6.37798939155741       -6.01880998936709        1.77623064353440
H            3.83432923857828        6.96112419833777        4.04397418870466
H            3.59800097508781        7.99129185194424        5.48959714034051
H            4.89446640342508        8.37219955385315        4.32697826325014
H            6.76174532301153        6.75147901513543        7.23920679360185
H            6.69561449689433        8.22911065144845        6.25425044765631
H            5.39848779247802        7.87566394253308        7.42073149748694
H           -6.35959340023357       -6.67421174188234        4.19557716817744
H           -8.14291193069485       -6.61694714611091        4.25061478319955
H           -7.32607549225155       -7.84879689013416        3.26258646350898
H           -8.47288464645390       -5.26329136500019        0.68936930480190
H           -8.62817600259601       -6.98448498294610        1.12987744171745
H           -9.43401618614067       -5.74593407636473        2.12055098464430
C           -0.60036225839737       -1.49871728023817       -4.60555139043907
C            0.36250100957278       -1.29377498376341       -5.63069527844296
C           -1.80522650714456       -2.18957662005463       -4.91110358465742
C            0.15616940867004       -1.82698090730260       -6.91846258741736
N            1.50749137867946       -0.52170117059535       -5.30829095139061
C           -1.99991418106466       -2.72715983415729       -6.20115996044338
N           -2.79347587408536       -2.26946604040169       -3.90236925202352
H            0.91365468198120       -1.66334695965089       -7.69029321426534
C           -1.01608106888402       -2.54526766578931       -7.17769154799273
C            2.45417719624726        0.01648384511363       -6.15275918619310
H            1.52395855976993       -0.19252274630250       -4.34155274443626
H           -2.92163133307886       -3.27698928065690       -6.40962802710904
C           -4.02515638234517       -2.89124348515907       -3.95097826952780
H           -2.58009331350962       -1.75818997316687       -3.04170857444717
H           -1.17274772234608       -2.96745074648340       -8.17884617061682
O            2.56257388265005       -0.24104303088148       -7.34567340369734
C            3.35768397920175        1.02769426265468       -5.47933042244746
O           -4.40505378312206       -3.60836996705917       -4.87111834090867
C           -4.90391159932799       -2.59608927010657       -2.75978854820228
C            3.68007682148424        2.27555466350091       -6.26398458683473
H            3.29372578813079        1.13740907729945       -4.39139188014951
C            4.74893062023122        1.22333322786250       -6.08179135338409
C           -5.81003422015160       -3.68632554894971       -2.24834630328722
H           -4.54281393676139       -1.87569740188912       -2.01638834374788
C           -6.40925167344581       -2.56781931540899       -3.06593423908534
H            3.24700377447212        2.35609877543153       -7.26451264315266
H            3.79051612606299        3.20576311338397       -5.70167081925164
H            4.99174415794543        0.60214793954937       -6.94787859615918
C            5.87292803686523        1.52720619644414       -5.14175544960600
H           -5.74707709450482       -4.65521824753780       -2.75066626545097
H           -5.99434665773543       -3.69691833560322       -1.17077939571676
H           -6.67556903085382       -2.80128220104308       -4.10138607603851
C           -7.24987521584231       -1.52571555133363       -2.40569167464607
O            7.04041461612267        1.06440920832277       -5.61862853130438
O            5.75101292235472        2.12946932275931       -4.09104840149103
O           -8.24234696107580       -1.11786910445583       -3.22562631872704
O           -7.08675493131192       -1.09719310101993       -1.28091053908508
C            8.25262231366484        1.29558959813054       -4.84175702082436
C           -9.16439035544559       -0.10437328562934       -2.73357091333321
C            9.15738175291803        0.08284661721590       -5.06596557738933
C            8.87896769018095        2.62330268794173       -5.27729661367215
H            7.94628759179425        1.36331098515352       -3.78027135672673
C           -8.59112540478010        1.29014843971182       -3.01646461353040
C          -10.50730806198054       -0.36672678067000       -3.41420200941632
H           -9.24536694550564       -0.24692878249850       -1.64060848871149
H            8.64601812958229       -0.83765577188636       -4.75525886352690
H            9.43185382669349       -0.00787668685319       -6.12794781765887
H           10.08406257391835        0.18856643959243       -4.48573935141898
H            8.18548062280863        3.45377997461178       -5.09305537912563
H            9.80245566270298        2.81404367103123       -4.71349744728962
H            9.13401075561988        2.60052091924258       -6.34804318760684
H           -7.62934243944407        1.42170067911911       -2.49466827001674
H           -8.43549316388169        1.43112860950347       -4.09499996151658
H           -9.28739717818848        2.06366531858789       -2.66383303749936
H          -10.86519370082340       -1.38190616600595       -3.19186703152681
H          -11.26306145906729        0.34803182094080       -3.06187002320700
H          -10.42147073965437       -0.26414783597625       -4.50394494439390
H            4.31359116027923       -6.13349260152496        2.49296542711997
H            0.46268092308544       -7.92857443706460        1.62896051223279
H            1.22450207283969        7.17984616045132       -2.19965945853414
H           -3.07166749116109        7.23628289581581       -1.61367507673404
O            3.51419531392757       -3.62585325240864        1.83084139026739
O           -0.68565732625198       -5.58064744618803        0.89163789192779
O            1.48130082685748        4.57029994725648       -1.45421084991583
O           -3.19521536609680        4.64565344170117       -0.80758405716224
C            4.84896815534661       -3.67394308114600        2.23233184034539
C            5.85275146704510       -3.95762953886330        1.29609710335003
C            5.17540221638629       -3.35830873958554        3.55765621354676
C            7.19430525921956       -3.93123040222080        1.69803833956813
H            5.57308692781679       -4.18983518440292        0.26367376851611
C            6.52092647279982       -3.33360233160227        3.94803056594401
H            4.36879817460057       -3.13123572652570        4.26258797417308
C            7.53199444467542       -3.62171070149782        3.02221234058670
H            7.98323293738054       -4.15082858177077        0.96977813934940
H            6.78220465806262       -3.08698517513084        4.98315762381358
H            8.58560883002403       -3.60230184601646        3.33190997006296
C           -1.66436820724987       -6.55598730051293        1.05324220329047
C           -2.04994684344848       -7.00293001961419        2.32531422388560
C           -2.31761357083468       -7.02389133430615       -0.09526401064825
C           -3.08269028522397       -7.94154478806085        2.43956867948035
H           -1.54196429933772       -6.60951253427549        3.21230152152616
C           -3.35483051615741       -7.95595400841137        0.03348910440499
H           -2.00548897377337       -6.64110165006777       -1.07230191081785
C           -3.73610056347988       -8.42279414623080        1.29775484138398
H           -3.38406528198001       -8.29623176785922        3.43140855190077
H           -3.86766706456306       -8.32187014628012       -0.86259526671366
H           -4.54424749474117       -9.15977996468972        1.39436457834604
C            2.75531758047959        5.10833700484644       -1.34231544800528
C            3.06998578151527        6.16429204443364       -0.47188891422232
C            3.76820524705677        4.47361870732800       -2.07920705619014
C            4.39923326502112        6.59326131623582       -0.36356115162774
H            2.27987845735172        6.64172644685498        0.11798411147186
C            5.09273460394067        4.90405884964025       -1.95404150995497
H            3.50998964840409        3.63790801170042       -2.73732913575835
C            5.41388387175819        5.97028940595924       -1.10215579762430
H            4.64407681503021        7.42171101475656        0.31315610830301
H            5.86715427503770        4.38776808093205       -2.53221855863443
H            6.45217621260573        6.31442338463885       -1.00821750613159
C           -4.47567135832665        5.05379683580539       -1.16282589422898
C           -4.83917517004306        5.27138142267107       -2.49973939022039
C           -5.42993545744323        5.15630734781767       -0.14034013656754
C           -6.16251010880549        5.61251122852198       -2.80508224701277
H           -4.08747392856766        5.16571716468612       -3.28906409646163
C           -6.75149561589804        5.49066169008712       -0.46050652361971
H           -5.11939182065820        4.96297425282897        0.89129148872764
C           -7.12154179546126        5.72600443188866       -1.79055694777231
H           -6.44946900511015        5.78297333857862       -3.84843520660392
H           -7.49840171175662        5.56955788824834        0.33678381519963
H           -8.15777115850276        5.99236285802938       -2.03756011533939
N            1.36449064538322        0.46804917617957        0.24557227960610
C            2.41207582366119        1.22133972790967        0.35116159040949
C            2.52670872309071        2.16661899741322        1.41121830323569
C            3.64478131567708        2.95090174148674        1.53370576680883
C            4.69016878368376        2.84269223306902        0.62373886859638
C            4.60124671258217        1.92695359147370       -0.41529393626837
C            3.50076148649362        1.11461855199272       -0.57010033037036
C            3.45341892265135        0.03818365703809       -1.60726938273290
C            3.84233408444575       -1.31839034150212       -0.97767353596339
C            5.19302592259396       -1.20608516314436       -0.34073608712092
C            5.30834677464175       -0.79401053352531        0.98239442883014
C            6.54769653359471       -0.61423035393620        1.56420844161255
C            7.69175334832839       -0.85946749351820        0.81833798387649
C            9.04742231537383       -0.66889429310645        1.42118419240318
F            9.04225494475173       -0.61016938108358        2.76259602141461
F            9.90734527278459       -1.65794630244468        1.09719585481174
F            9.64804607917372        0.47221143762114        1.00633451228338
C            7.59673543854549       -1.26973359287873       -0.50594657975000
C            6.34986034923095       -1.43566130384749       -1.07670692246720
H            1.69915313202223        2.24557805054630        2.09881918249267
H            3.72667080751176        3.64966449177969        2.35305476511163
H            5.56503629703826        3.46228836783372        0.72923550661981
H            5.40922881901855        1.84617520176633       -1.12724792694191
H            4.15643536176089        0.27596541491845       -2.40764302836474
H            2.43866644110958       -0.04769352512965       -2.00382231524590
H            3.84516154020141       -2.08163165756221       -1.75675006969804
H            3.09423836237790       -1.58267850869444       -0.22820076494287
H            4.41714617469587       -0.61834057818594        1.56337592195702
H            6.63268786410827       -0.29564894652055        2.59031173753123
H            8.49445426596593       -1.45751580170983       -1.07449332584050
H            6.27398591631961       -1.75080155513520       -2.10617473334062
