abs_error,bayesian_normal_interval_95_high,bayesian_normal_interval_95_low,family_id,feature_set,gp_predictive_std,heldout_count,heldout_family_id,model_name,observed_ee_percent,observed_target_value,observed_yield_percent,prediction,prediction_interval_80_high,prediction_interval_80_low,prediction_interval_95_high,prediction_interval_95_low,residual,selected_estimator_params,split_id,split_mode,target_name,target_substrate_id,train_count,train_substrate_ids,validation_count,validation_mae,validation_substrate_ids
1.8351271128853597,,,alkyl-aryl-chain,stage2_alt,,2,alkyl-aryl-chain,ridge_regression,50.0,50.0,,51.83512711288536,55.14506647559566,46.015120904769915,57.71184694237887,44.25123395960551,1.8351271128853597,"{""alpha"": 100.0}",alkyl-aryl-chain,family_holdout,ee,1ah,29,1am|1i|1p|1ao|1ab|1af|1x|1u|1l|1aj|1aa|1k|1s|1ac|1g|1y|1c|1t|1w|1o|1q|1v|1b|1ag|1n|1j|1m|1d|1e,7,3.459961300296387,1a|1ae|1ak|1al|1f|1h|1r
19.332741747076227,,,alkyl-aryl-chain,stage2_alt,,2,alkyl-aryl-chain,ridge_regression,50.0,50.0,,69.33274174707623,72.64268110978652,63.51273553896078,75.20946157656974,61.748848593796374,19.332741747076227,"{""alpha"": 100.0}",alkyl-aryl-chain,family_holdout,ee,1ai,29,1am|1i|1p|1ao|1ab|1af|1x|1u|1l|1aj|1aa|1k|1s|1ac|1g|1y|1c|1t|1w|1o|1q|1v|1b|1ag|1n|1j|1m|1d|1e,7,3.459961300296387,1a|1ae|1ak|1al|1f|1h|1r
4.4496932688192885,,,alkyl-aryl-chain,stage2_alt,,2,alkyl-aryl-chain,elastic_net,50.0,50.0,,54.44969326881929,58.22466979452587,52.70563347318248,59.955672078274,51.99305762233491,4.4496932688192885,"{""alpha"": 1.0, ""l1_ratio"": 0.8}",alkyl-aryl-chain,family_holdout,ee,1ah,29,1am|1i|1p|1ao|1ab|1af|1x|1u|1l|1aj|1aa|1k|1s|1ac|1g|1y|1c|1t|1w|1o|1q|1v|1b|1ag|1n|1j|1m|1d|1e,7,2.104990138731386,1a|1ae|1ak|1al|1f|1h|1r
24.41079753333709,,,alkyl-aryl-chain,stage2_alt,,2,alkyl-aryl-chain,elastic_net,50.0,50.0,,74.41079753333709,78.18577405904367,72.66673773770027,79.9167763427918,71.9541618868527,24.41079753333709,"{""alpha"": 1.0, ""l1_ratio"": 0.8}",alkyl-aryl-chain,family_holdout,ee,1ai,29,1am|1i|1p|1ao|1ab|1af|1x|1u|1l|1aj|1aa|1k|1s|1ac|1g|1y|1c|1t|1w|1o|1q|1v|1b|1ag|1n|1j|1m|1d|1e,7,2.104990138731386,1a|1ae|1ak|1al|1f|1h|1r
17.455715279664403,,,alkyl-aryl-chain,stage2_alt,,2,alkyl-aryl-chain,lightgbm,50.0,50.0,,67.4557152796644,75.13600938785623,63.96103985776515,80.70308833188385,63.16540855335667,17.455715279664403,"{""learning_rate"": 0.1, ""n_estimators"": 75, ""num_leaves"": 7}",alkyl-aryl-chain,family_holdout,ee,1ah,29,1am|1i|1p|1ao|1ab|1af|1x|1u|1l|1aj|1aa|1k|1s|1ac|1g|1y|1c|1t|1w|1o|1q|1v|1b|1ag|1n|1j|1m|1d|1e,7,3.962864987610073,1a|1ae|1ak|1al|1f|1h|1r
12.68199824726134,,,alkyl-aryl-chain,stage2_alt,,2,alkyl-aryl-chain,lightgbm,50.0,50.0,,62.68199824726134,70.36229235545316,59.18732282536209,75.92937129948078,58.39169152095361,12.68199824726134,"{""learning_rate"": 0.1, ""n_estimators"": 75, ""num_leaves"": 7}",alkyl-aryl-chain,family_holdout,ee,1ai,29,1am|1i|1p|1ao|1ab|1af|1x|1u|1l|1aj|1aa|1k|1s|1ac|1g|1y|1c|1t|1w|1o|1q|1v|1b|1ag|1n|1j|1m|1d|1e,7,3.962864987610073,1a|1ae|1ak|1al|1f|1h|1r
32.79310344827586,110.6706154279461,54.915591468605605,alkyl-aryl-chain,stage2_alt,14.223220397790946,2,alkyl-aryl-chain,gaussian_process,50.0,50.0,,82.79310344827586,105.38620689655173,74.18620689656134,110.7862068965517,73.73620689657187,32.79310344827586,"{""alpha"": 1e-05, ""kernel"": ""1**2 * RBF(length_scale=2) + WhiteKernel(noise_level=10)""}",alkyl-aryl-chain,family_holdout,ee,1ah,29,1am|1i|1p|1ao|1ab|1af|1x|1u|1l|1aj|1aa|1k|1s|1ac|1g|1y|1c|1t|1w|1o|1q|1v|1b|1ag|1n|1j|1m|1d|1e,7,12.743841674578785,1a|1ae|1ak|1al|1f|1h|1r
32.79310344827586,110.6706154279461,54.915591468605605,alkyl-aryl-chain,stage2_alt,14.223220397790946,2,alkyl-aryl-chain,gaussian_process,50.0,50.0,,82.79310344827586,105.38620689655173,74.18620689656134,110.7862068965517,73.73620689657187,32.79310344827586,"{""alpha"": 1e-05, ""kernel"": ""1**2 * RBF(length_scale=2) + WhiteKernel(noise_level=10)""}",alkyl-aryl-chain,family_holdout,ee,1ai,29,1am|1i|1p|1ao|1ab|1af|1x|1u|1l|1aj|1aa|1k|1s|1ac|1g|1y|1c|1t|1w|1o|1q|1v|1b|1ag|1n|1j|1m|1d|1e,7,12.743841674578785,1a|1ae|1ak|1al|1f|1h|1r
0.2393976937581357,,,branched-diaryl-alkyl,stage2_alt,,1,branched-diaryl-alkyl,ridge_regression,72.0,72.0,,72.23939769375814,80.86160884362621,69.93035739807918,82.29297480113392,68.06701239369765,0.2393976937581357,"{""alpha"": 100.0}",branched-diaryl-alkyl,family_holdout,ee,1ao,30,1l|1am|1af|1y|1s|1x|1i|1ab|1p|1aa|1k|1al|1ac|1g|1u|1c|1t|1w|1o|1q|1v|1ai|1b|1ag|1n|1j|1m|1ah|1d|1f,7,3.527037558589405,1a|1ae|1aj|1ak|1e|1h|1r
1.7719215172614469,,,branched-diaryl-alkyl,stage2_alt,,1,branched-diaryl-alkyl,elastic_net,72.0,72.0,,70.22807848273855,83.73536830839481,67.77222003520262,91.78437817268104,65.78163967594152,-1.7719215172614469,"{""alpha"": 1.0, ""l1_ratio"": 0.2}",branched-diaryl-alkyl,family_holdout,ee,1ao,30,1l|1am|1af|1y|1s|1x|1i|1ab|1p|1aa|1k|1al|1ac|1g|1u|1c|1t|1w|1o|1q|1v|1ai|1b|1ag|1n|1j|1m|1ah|1d|1f,7,5.568944667136476,1a|1ae|1aj|1ak|1e|1h|1r
2.852281388619758,,,branched-diaryl-alkyl,stage2_alt,,1,branched-diaryl-alkyl,lightgbm,72.0,72.0,,74.85228138861976,100.0565153084348,63.64766284210554,103.70958171872806,54.96551672010491,2.852281388619758,"{""learning_rate"": 0.1, ""n_estimators"": 75, ""num_leaves"": 3}",branched-diaryl-alkyl,family_holdout,ee,1ao,30,1l|1am|1af|1y|1s|1x|1i|1ab|1p|1aa|1k|1al|1ac|1g|1u|1c|1t|1w|1o|1q|1v|1ai|1b|1ag|1n|1j|1m|1ah|1d|1f,7,11.488814385581591,1a|1ae|1aj|1ak|1e|1h|1r
9.86666666666666,110.56890703716911,53.1644262961642,branched-diaryl-alkyl,stage2_alt,14.644000189031868,1,branched-diaryl-alkyl,gaussian_process,72.0,72.0,,81.86666666666666,114.33333333333331,71.73333333632661,118.38333333333333,71.73333333408164,9.86666666666666,"{""alpha"": 1e-05, ""kernel"": ""1**2 * RBF(length_scale=2) + WhiteKernel(noise_level=10)""}",branched-diaryl-alkyl,family_holdout,ee,1ao,30,1l|1am|1af|1y|1s|1x|1i|1ab|1p|1aa|1k|1al|1ac|1g|1u|1c|1t|1w|1o|1q|1v|1ai|1b|1ag|1n|1j|1m|1ah|1d|1f,7,17.30476190404922,1a|1ae|1aj|1ak|1e|1h|1r
15.540705888937737,,,carbonyl-alkyl-aryl,stage2_alt,,3,carbonyl-alkyl-aryl,ridge_regression,53.0,53.0,,68.54070588893774,66.47564922492032,58.97230641494004,66.75544522724832,58.865257108819044,15.540705888937737,"{""alpha"": 1000.0}",carbonyl-alkyl-aryl,family_holdout,ee,1ae,28,1am|1i|1p|1ao|1ab|1x|1u|1l|1aj|1d|1aa|1s|1ac|1j|1y|1v|1f|1o|1t|1w|1b|1q|1ai|1h|1m|1n|1ah|1c,7,5.184938964762982,1a|1ak|1al|1e|1g|1k|1r
16.357916331806607,,,carbonyl-alkyl-aryl,stage2_alt,,3,carbonyl-alkyl-aryl,ridge_regression,61.0,61.0,,77.3579163318066,75.29285966778919,67.78951685780892,75.57265567011719,67.68246755168792,16.357916331806607,"{""alpha"": 1000.0}",carbonyl-alkyl-aryl,family_holdout,ee,1af,28,1am|1i|1p|1ao|1ab|1x|1u|1l|1aj|1d|1aa|1s|1ac|1j|1y|1v|1f|1o|1t|1w|1b|1q|1ai|1h|1m|1n|1ah|1c,7,5.184938964762982,1a|1ak|1al|1e|1g|1k|1r
7.7977174815789425,,,carbonyl-alkyl-aryl,stage2_alt,,3,carbonyl-alkyl-aryl,ridge_regression,90.0,90.0,,82.20228251842106,80.13722585440364,72.63388304442337,80.41702185673164,72.52683373830237,-7.7977174815789425,"{""alpha"": 1000.0}",carbonyl-alkyl-aryl,family_holdout,ee,1ag,28,1am|1i|1p|1ao|1ab|1x|1u|1l|1aj|1d|1aa|1s|1ac|1j|1y|1v|1f|1o|1t|1w|1b|1q|1ai|1h|1m|1n|1ah|1c,7,5.184938964762982,1a|1ak|1al|1e|1g|1k|1r
9.536621302328768,,,carbonyl-alkyl-aryl,stage2_alt,,3,carbonyl-alkyl-aryl,elastic_net,53.0,53.0,,62.53662130232877,62.54352538155002,54.26417359569969,62.70706977169242,53.3317422323778,9.536621302328768,"{""alpha"": 1.0, ""l1_ratio"": 0.8}",carbonyl-alkyl-aryl,family_holdout,ee,1ae,28,1am|1i|1p|1ao|1ab|1x|1u|1l|1aj|1d|1aa|1s|1ac|1j|1y|1v|1f|1o|1t|1w|1b|1q|1ai|1h|1m|1n|1ah|1c,7,4.2872983181281015,1a|1ak|1al|1e|1g|1k|1r
14.178745227180002,,,carbonyl-alkyl-aryl,stage2_alt,,3,carbonyl-alkyl-aryl,elastic_net,61.0,61.0,,75.17874522718,75.18564930640126,66.90629752055092,75.34919369654365,65.97386615722904,14.178745227180002,"{""alpha"": 1.0, ""l1_ratio"": 0.8}",carbonyl-alkyl-aryl,family_holdout,ee,1af,28,1am|1i|1p|1ao|1ab|1x|1u|1l|1aj|1d|1aa|1s|1ac|1j|1y|1v|1f|1o|1t|1w|1b|1q|1ai|1h|1m|1n|1ah|1c,7,4.2872983181281015,1a|1ak|1al|1e|1g|1k|1r
8.935844873820969,,,carbonyl-alkyl-aryl,stage2_alt,,3,carbonyl-alkyl-aryl,elastic_net,90.0,90.0,,81.06415512617903,81.07105920540029,72.79170741954995,81.23460359554268,71.85927605622807,-8.935844873820969,"{""alpha"": 1.0, ""l1_ratio"": 0.8}",carbonyl-alkyl-aryl,family_holdout,ee,1ag,28,1am|1i|1p|1ao|1ab|1x|1u|1l|1aj|1d|1aa|1s|1ac|1j|1y|1v|1f|1o|1t|1w|1b|1q|1ai|1h|1m|1n|1ah|1c,7,4.2872983181281015,1a|1ak|1al|1e|1g|1k|1r
23.46574357620166,,,carbonyl-alkyl-aryl,stage2_alt,,3,carbonyl-alkyl-aryl,lightgbm,53.0,53.0,,76.46574357620166,74.10903448838042,65.22554690782538,76.62095995913778,62.69566380862518,23.46574357620166,"{""learning_rate"": 0.03, ""n_estimators"": 25, ""num_leaves"": 3}",carbonyl-alkyl-aryl,family_holdout,ee,1ae,28,1am|1i|1p|1ao|1ab|1x|1u|1l|1aj|1d|1aa|1s|1ac|1j|1y|1v|1f|1o|1t|1w|1b|1q|1ai|1h|1m|1n|1ah|1c,7,7.346764058196982,1a|1ak|1al|1e|1g|1k|1r
14.545887962503102,,,carbonyl-alkyl-aryl,stage2_alt,,3,carbonyl-alkyl-aryl,lightgbm,61.0,61.0,,75.5458879625031,73.18917887468186,64.30569129412682,75.70110434543922,61.77580819492662,14.545887962503102,"{""learning_rate"": 0.03, ""n_estimators"": 25, ""num_leaves"": 3}",carbonyl-alkyl-aryl,family_holdout,ee,1af,28,1am|1i|1p|1ao|1ab|1x|1u|1l|1aj|1d|1aa|1s|1ac|1j|1y|1v|1f|1o|1t|1w|1b|1q|1ai|1h|1m|1n|1ah|1c,7,7.346764058196982,1a|1ak|1al|1e|1g|1k|1r
9.61337413397655,,,carbonyl-alkyl-aryl,stage2_alt,,3,carbonyl-alkyl-aryl,lightgbm,90.0,90.0,,80.38662586602345,78.0299167782022,69.14642919764717,80.54184224895957,66.61654609844696,-9.61337413397655,"{""learning_rate"": 0.03, ""n_estimators"": 25, ""num_leaves"": 3}",carbonyl-alkyl-aryl,family_holdout,ee,1ag,28,1am|1i|1p|1ao|1ab|1x|1u|1l|1aj|1d|1aa|1s|1ac|1j|1y|1v|1f|1o|1t|1w|1b|1q|1ai|1h|1m|1n|1ah|1c,7,7.346764058196982,1a|1ak|1al|1e|1g|1k|1r
27.464285714285708,111.79997902035672,49.1285924082147,carbonyl-alkyl-aryl,stage2_alt,15.987598625546433,3,carbonyl-alkyl-aryl,gaussian_process,53.0,53.0,,80.46428571428571,91.12857142857142,67.72857142857141,94.72857142857141,66.37857142857142,27.464285714285708,"{""alpha"": 1e-05, ""kernel"": ""1**2 * RBF(length_scale=2) + WhiteKernel(noise_level=10)""}",carbonyl-alkyl-aryl,family_holdout,ee,1ae,28,1am|1i|1p|1ao|1ab|1x|1u|1l|1aj|1d|1aa|1s|1ac|1j|1y|1v|1f|1o|1t|1w|1b|1q|1ai|1h|1m|1n|1ah|1c,7,11.51530611993049,1a|1ak|1al|1e|1g|1k|1r
19.464285714285708,111.79997902035672,49.1285924082147,carbonyl-alkyl-aryl,stage2_alt,15.987598625546433,3,carbonyl-alkyl-aryl,gaussian_process,61.0,61.0,,80.46428571428571,91.12857142857142,67.72857142857141,94.72857142857141,66.37857142857142,19.464285714285708,"{""alpha"": 1e-05, ""kernel"": ""1**2 * RBF(length_scale=2) + WhiteKernel(noise_level=10)""}",carbonyl-alkyl-aryl,family_holdout,ee,1af,28,1am|1i|1p|1ao|1ab|1x|1u|1l|1aj|1d|1aa|1s|1ac|1j|1y|1v|1f|1o|1t|1w|1b|1q|1ai|1h|1m|1n|1ah|1c,7,11.51530611993049,1a|1ak|1al|1e|1g|1k|1r
9.535714285714292,111.79997902035672,49.1285924082147,carbonyl-alkyl-aryl,stage2_alt,15.987598625546433,3,carbonyl-alkyl-aryl,gaussian_process,90.0,90.0,,80.46428571428571,91.12857142857142,67.72857142857141,94.72857142857141,66.37857142857142,-9.535714285714292,"{""alpha"": 1e-05, ""kernel"": ""1**2 * RBF(length_scale=2) + WhiteKernel(noise_level=10)""}",carbonyl-alkyl-aryl,family_holdout,ee,1ag,28,1am|1i|1p|1ao|1ab|1x|1u|1l|1aj|1d|1aa|1s|1ac|1j|1y|1v|1f|1o|1t|1w|1b|1q|1ai|1h|1m|1n|1ah|1c,7,11.51530611993049,1a|1ak|1al|1e|1g|1k|1r
0.6220897393914129,,,carbonyl-heterocycle-fused,stage2_alt,,1,carbonyl-heterocycle-fused,ridge_regression,86.0,86.0,,85.37791026060859,89.21648500668884,86.1630818013802,89.79902509040024,85.80364537977914,-0.6220897393914129,"{""alpha"": 10.0}",carbonyl-heterocycle-fused,family_holdout,ee,1u,30,1am|1i|1p|1ao|1ab|1af|1x|1l|1s|1y|1k|1al|1aa|1ac|1g|1t|1c|1w|1o|1q|1v|1ai|1b|1ag|1n|1j|1m|1ah|1d|1e,7,2.3065684077383395,1a|1ae|1aj|1ak|1f|1h|1r
2.163080187906459,,,carbonyl-heterocycle-fused,stage2_alt,,1,carbonyl-heterocycle-fused,elastic_net,86.0,86.0,,88.16308018790646,97.93851240724035,89.33849606903168,101.33439488779116,89.0999850012531,2.163080187906459,"{""alpha"": 0.1, ""l1_ratio"": 0.2}",carbonyl-heterocycle-fused,family_holdout,ee,1u,30,1am|1i|1p|1ao|1ab|1af|1x|1l|1s|1y|1k|1al|1aa|1ac|1g|1t|1c|1w|1o|1q|1v|1ai|1b|1ag|1n|1j|1m|1ah|1d|1e,7,4.811671174157171,1a|1ae|1aj|1ak|1f|1h|1r
0.773918450475847,,,carbonyl-heterocycle-fused,stage2_alt,,1,carbonyl-heterocycle-fused,lightgbm,86.0,86.0,,86.77391845047585,104.58835626005268,85.35718368380596,109.1089157035527,85.19617410920347,0.773918450475847,"{""learning_rate"": 0.1, ""n_estimators"": 75, ""num_leaves"": 3}",carbonyl-heterocycle-fused,family_holdout,ee,1u,30,1am|1i|1p|1ao|1ab|1af|1x|1l|1s|1y|1k|1al|1aa|1ac|1g|1t|1c|1w|1o|1q|1v|1ai|1b|1ag|1n|1j|1m|1ah|1d|1e,7,6.424468239613478,1a|1ae|1aj|1ak|1f|1h|1r
4.5333333328636485,110.41766739903763,52.51566593523508,carbonyl-heterocycle-fused,stage2_alt,14.770918740765957,1,carbonyl-heterocycle-fused,gaussian_process,86.0,86.0,,81.46666666713635,113.53333333380303,71.53333333382301,117.58333333380301,71.08333333384549,-4.5333333328636485,"{""alpha"": 1e-05, ""kernel"": ""1**2 * RBF(length_scale=2) + WhiteKernel(noise_level=10)""}",carbonyl-heterocycle-fused,family_holdout,ee,1u,30,1am|1i|1p|1ao|1ab|1af|1x|1l|1s|1y|1k|1al|1aa|1ac|1g|1t|1c|1w|1o|1q|1v|1ai|1b|1ag|1n|1j|1m|1ah|1d|1e,7,17.076187877124223,1a|1ae|1aj|1ak|1f|1h|1r
1.8592876029045158,,,cycloalkyl-alkyl-aryl,stage2_alt,,3,cycloalkyl-alkyl-aryl,ridge_regression,44.0,44.0,,45.859287602904516,54.62817909897214,44.190488384001036,57.34283133231686,43.49083888803376,1.8592876029045158,"{""alpha"": 100.0}",cycloalkyl-alkyl-aryl,family_holdout,ee,1aj,28,1i|1am|1p|1ao|1ab|1af|1x|1u|1k|1e|1ac|1s|1aa|1y|1v|1c|1o|1w|1t|1q|1ai|1b|1m|1ag|1n|1h|1j|1ah,7,4.1714974759137124,1a|1ae|1d|1f|1g|1l|1r
7.345781170481807,,,cycloalkyl-alkyl-aryl,stage2_alt,,3,cycloalkyl-alkyl-aryl,ridge_regression,65.0,65.0,,57.65421882951819,66.42311032558581,55.98541961061471,69.13776255893053,55.285770114647434,-7.345781170481807,"{""alpha"": 100.0}",cycloalkyl-alkyl-aryl,family_holdout,ee,1ak,28,1i|1am|1p|1ao|1ab|1af|1x|1u|1k|1e|1ac|1s|1aa|1y|1v|1c|1o|1w|1t|1q|1ai|1b|1m|1ag|1n|1h|1j|1ah,7,4.1714974759137124,1a|1ae|1d|1f|1g|1l|1r
14.800142946687558,,,cycloalkyl-alkyl-aryl,stage2_alt,,3,cycloalkyl-alkyl-aryl,ridge_regression,73.0,73.0,,58.19985705331244,66.96874854938007,56.53105783440896,69.68340078272479,55.83140833844168,-14.800142946687558,"{""alpha"": 100.0}",cycloalkyl-alkyl-aryl,family_holdout,ee,1al,28,1i|1am|1p|1ao|1ab|1af|1x|1u|1k|1e|1ac|1s|1aa|1y|1v|1c|1o|1w|1t|1q|1ai|1b|1m|1ag|1n|1h|1j|1ah,7,4.1714974759137124,1a|1ae|1d|1f|1g|1l|1r
27.454271070536137,,,cycloalkyl-alkyl-aryl,stage2_alt,,3,cycloalkyl-alkyl-aryl,elastic_net,44.0,44.0,,71.45427107053614,79.31738735873472,68.95980529226127,83.6260797313451,67.55889247650003,27.454271070536137,"{""alpha"": 1.0, ""l1_ratio"": 1.0}",cycloalkyl-alkyl-aryl,family_holdout,ee,1aj,28,1i|1am|1p|1ao|1ab|1af|1x|1u|1k|1e|1ac|1s|1aa|1y|1v|1c|1o|1w|1t|1q|1ai|1b|1m|1ag|1n|1h|1j|1ah,7,3.819795156320741,1a|1ae|1d|1f|1g|1l|1r
4.6481937443490935,,,cycloalkyl-alkyl-aryl,stage2_alt,,3,cycloalkyl-alkyl-aryl,elastic_net,65.0,65.0,,60.35180625565091,68.2149225438495,57.85734047737604,72.52361491645988,56.4564276616148,-4.6481937443490935,"{""alpha"": 1.0, ""l1_ratio"": 1.0}",cycloalkyl-alkyl-aryl,family_holdout,ee,1ak,28,1i|1am|1p|1ao|1ab|1af|1x|1u|1k|1e|1ac|1s|1aa|1y|1v|1c|1o|1w|1t|1q|1ai|1b|1m|1ag|1n|1h|1j|1ah,7,3.819795156320741,1a|1ae|1d|1f|1g|1l|1r
16.068656451647016,,,cycloalkyl-alkyl-aryl,stage2_alt,,3,cycloalkyl-alkyl-aryl,elastic_net,73.0,73.0,,56.931343548352984,64.79445983655157,54.43687777007812,69.10315220916195,53.03596495431688,-16.068656451647016,"{""alpha"": 1.0, ""l1_ratio"": 1.0}",cycloalkyl-alkyl-aryl,family_holdout,ee,1al,28,1i|1am|1p|1ao|1ab|1af|1x|1u|1k|1e|1ac|1s|1aa|1y|1v|1c|1o|1w|1t|1q|1ai|1b|1m|1ag|1n|1h|1j|1ah,7,3.819795156320741,1a|1ae|1d|1f|1g|1l|1r
25.970469546048093,,,cycloalkyl-alkyl-aryl,stage2_alt,,3,cycloalkyl-alkyl-aryl,lightgbm,44.0,44.0,,69.9704695460481,78.0553244034267,67.84551049790133,84.22952106962383,66.76464493876676,25.970469546048093,"{""learning_rate"": 0.1, ""n_estimators"": 75, ""num_leaves"": 3}",cycloalkyl-alkyl-aryl,family_holdout,ee,1aj,28,1i|1am|1p|1ao|1ab|1af|1x|1u|1k|1e|1ac|1s|1aa|1y|1v|1c|1o|1w|1t|1q|1ai|1b|1m|1ag|1n|1h|1j|1ah,7,4.004616844418771,1a|1ae|1d|1f|1g|1l|1r
1.4306497622664764,,,cycloalkyl-alkyl-aryl,stage2_alt,,3,cycloalkyl-alkyl-aryl,lightgbm,65.0,65.0,,63.569350237733524,71.65420509511213,61.44439118958676,77.82840176130927,60.3635256304522,-1.4306497622664764,"{""learning_rate"": 0.1, ""n_estimators"": 75, ""num_leaves"": 3}",cycloalkyl-alkyl-aryl,family_holdout,ee,1ak,28,1i|1am|1p|1ao|1ab|1af|1x|1u|1k|1e|1ac|1s|1aa|1y|1v|1c|1o|1w|1t|1q|1ai|1b|1m|1ag|1n|1h|1j|1ah,7,4.004616844418771,1a|1ae|1d|1f|1g|1l|1r
9.53180352654963,,,cycloalkyl-alkyl-aryl,stage2_alt,,3,cycloalkyl-alkyl-aryl,lightgbm,73.0,73.0,,63.46819647345037,71.55305133082896,61.343237425303606,77.7272479970261,60.26237186616905,-9.53180352654963,"{""learning_rate"": 0.1, ""n_estimators"": 75, ""num_leaves"": 3}",cycloalkyl-alkyl-aryl,family_holdout,ee,1al,28,1i|1am|1p|1ao|1ab|1af|1x|1u|1k|1e|1ac|1s|1aa|1y|1v|1c|1o|1w|1t|1q|1ai|1b|1m|1ag|1n|1h|1j|1ah,7,4.004616844418771,1a|1ae|1d|1f|1g|1l|1r
37.60714285714286,111.28724224736152,51.927043466924204,cycloalkyl-alkyl-aryl,stage2_alt,15.142907852152378,3,cycloalkyl-alkyl-aryl,gaussian_process,44.0,44.0,,81.60714285714286,92.81428571428573,71.81428571429396,105.86428571428571,71.36428571430321,37.60714285714286,"{""alpha"": 1e-05, ""kernel"": ""1**2 * RBF(length_scale=2) + WhiteKernel(noise_level=10)""}",cycloalkyl-alkyl-aryl,family_holdout,ee,1aj,28,1i|1am|1p|1ao|1ab|1af|1x|1u|1k|1e|1ac|1s|1aa|1y|1v|1c|1o|1w|1t|1q|1ai|1b|1m|1ag|1n|1h|1j|1ah,7,10.566324293266552,1a|1ae|1d|1f|1g|1l|1r
16.60714285714286,111.28724224736152,51.927043466924204,cycloalkyl-alkyl-aryl,stage2_alt,15.142907852152378,3,cycloalkyl-alkyl-aryl,gaussian_process,65.0,65.0,,81.60714285714286,92.81428571428573,71.81428571429396,105.86428571428571,71.36428571430321,16.60714285714286,"{""alpha"": 1e-05, ""kernel"": ""1**2 * RBF(length_scale=2) + WhiteKernel(noise_level=10)""}",cycloalkyl-alkyl-aryl,family_holdout,ee,1ak,28,1i|1am|1p|1ao|1ab|1af|1x|1u|1k|1e|1ac|1s|1aa|1y|1v|1c|1o|1w|1t|1q|1ai|1b|1m|1ag|1n|1h|1j|1ah,7,10.566324293266552,1a|1ae|1d|1f|1g|1l|1r
8.607142857142861,111.28724224736152,51.927043466924204,cycloalkyl-alkyl-aryl,stage2_alt,15.142907852152378,3,cycloalkyl-alkyl-aryl,gaussian_process,73.0,73.0,,81.60714285714286,92.81428571428573,71.81428571429396,105.86428571428571,71.36428571430321,8.607142857142861,"{""alpha"": 1e-05, ""kernel"": ""1**2 * RBF(length_scale=2) + WhiteKernel(noise_level=10)""}",cycloalkyl-alkyl-aryl,family_holdout,ee,1al,28,1i|1am|1p|1ao|1ab|1af|1x|1u|1k|1e|1ac|1s|1aa|1y|1v|1c|1o|1w|1t|1q|1ai|1b|1m|1ag|1n|1h|1j|1ah,7,10.566324293266552,1a|1ae|1d|1f|1g|1l|1r
27.551831756331012,,,cycloalkyl-aryl,stage2_alt,,1,cycloalkyl-aryl,ridge_regression,45.0,45.0,,72.55183175633101,79.00223930747113,69.55465976766833,83.68727837477013,66.46337068440393,27.551831756331012,"{""alpha"": 10.0}",cycloalkyl-aryl,family_holdout,ee,1am,30,1i|1al|1u|1ao|1ab|1af|1x|1p|1l|1aa|1k|1s|1ac|1g|1y|1c|1w|1t|1o|1q|1v|1ai|1b|1ag|1n|1j|1m|1ah|1d|1f,7,3.7400732666103877,1a|1ae|1aj|1ak|1e|1h|1r
32.79759432086654,,,cycloalkyl-aryl,stage2_alt,,1,cycloalkyl-aryl,elastic_net,45.0,45.0,,77.79759432086654,86.60357245671796,73.26814176482694,95.98242751215255,71.39025178929583,32.79759432086654,"{""alpha"": 0.1, ""l1_ratio"": 0.5}",cycloalkyl-aryl,family_holdout,ee,1am,30,1i|1al|1u|1ao|1ab|1af|1x|1p|1l|1aa|1k|1s|1ac|1g|1y|1c|1w|1t|1o|1q|1v|1ai|1b|1ag|1n|1j|1m|1ah|1d|1f,7,4.7774665901209366,1a|1ae|1aj|1ak|1e|1h|1r
27.825219326719292,,,cycloalkyl-aryl,stage2_alt,,1,cycloalkyl-aryl,lightgbm,45.0,45.0,,72.82521932671929,100.05194644083765,68.9188346656655,101.44726224861509,68.1635095168155,27.825219326719292,"{""learning_rate"": 0.1, ""n_estimators"": 25, ""num_leaves"": 3}",cycloalkyl-aryl,family_holdout,ee,1am,30,1i|1al|1u|1ao|1ab|1af|1x|1p|1l|1aa|1k|1s|1ac|1g|1y|1c|1w|1t|1o|1q|1v|1ai|1b|1ag|1n|1j|1m|1ah|1d|1f,7,9.500372264443955,1a|1ae|1aj|1ak|1e|1h|1r
37.766666666666666,108.44021076937048,57.09312256396285,cycloalkyl-aryl,stage2_alt,13.098746991175416,1,cycloalkyl-aryl,gaussian_process,45.0,45.0,,82.76666666666667,116.13333333333333,73.53333333390052,120.18333333333334,73.53333333347513,37.766666666666666,"{""alpha"": 1e-05, ""kernel"": ""1**2 * RBF(length_scale=2) + WhiteKernel(noise_level=10)""}",cycloalkyl-aryl,family_holdout,ee,1am,30,1i|1al|1u|1ao|1ab|1af|1x|1p|1l|1aa|1k|1s|1ac|1g|1y|1c|1w|1t|1o|1q|1v|1ai|1b|1ag|1n|1j|1m|1ah|1d|1f,7,17.17619047605543,1a|1ae|1aj|1ak|1e|1h|1r
6.25112134120711,,,diaryl-ethyl-aryl-substituted,stage2_alt,,12,diaryl-ethyl-aryl-substituted,ridge_regression,80.0,80.0,,73.74887865879289,84.15602927207563,75.2075620987105,84.45607601730346,75.01339826207685,-6.25112134120711,"{""alpha"": 10.0}",diaryl-ethyl-aryl-substituted,family_holdout,ee,1b,21,1am|1q|1ao|1ab|1af|1x|1s|1al|1y|1ac|1w|1aa|1u|1v|1o|1t|1p|1ai|1ag|1n|1ah,5,6.264910146381803,1a|1ae|1aj|1ak|1r
19.413458514679363,,,diaryl-ethyl-aryl-substituted,stage2_alt,,12,diaryl-ethyl-aryl-substituted,ridge_regression,92.0,92.0,,72.58654148532064,82.99369209860338,74.04522492523824,83.2937388438312,73.8510610886046,-19.413458514679363,"{""alpha"": 10.0}",diaryl-ethyl-aryl-substituted,family_holdout,ee,1c,21,1am|1q|1ao|1ab|1af|1x|1s|1al|1y|1ac|1w|1aa|1u|1v|1o|1t|1p|1ai|1ag|1n|1ah,5,6.264910146381803,1a|1ae|1aj|1ak|1r
22.241377649147537,,,diaryl-ethyl-aryl-substituted,stage2_alt,,12,diaryl-ethyl-aryl-substituted,ridge_regression,90.0,90.0,,67.75862235085246,78.1657729641352,69.21730579077007,78.46581970936303,69.02314195413642,-22.241377649147537,"{""alpha"": 10.0}",diaryl-ethyl-aryl-substituted,family_holdout,ee,1d,21,1am|1q|1ao|1ab|1af|1x|1s|1al|1y|1ac|1w|1aa|1u|1v|1o|1t|1p|1ai|1ag|1n|1ah,5,6.264910146381803,1a|1ae|1aj|1ak|1r
5.4417634767496,,,diaryl-ethyl-aryl-substituted,stage2_alt,,12,diaryl-ethyl-aryl-substituted,ridge_regression,92.0,92.0,,86.5582365232504,96.96538713653314,88.01691996316801,97.26543388176097,87.82275612653436,-5.4417634767496,"{""alpha"": 10.0}",diaryl-ethyl-aryl-substituted,family_holdout,ee,1e,21,1am|1q|1ao|1ab|1af|1x|1s|1al|1y|1ac|1w|1aa|1u|1v|1o|1t|1p|1ai|1ag|1n|1ah,5,6.264910146381803,1a|1ae|1aj|1ak|1r
1.4051571174232436,,,diaryl-ethyl-aryl-substituted,stage2_alt,,12,diaryl-ethyl-aryl-substituted,ridge_regression,90.0,90.0,,91.40515711742324,101.81230773070598,92.86384055734085,102.11235447593381,92.6696767207072,1.4051571174232436,"{""alpha"": 10.0}",diaryl-ethyl-aryl-substituted,family_holdout,ee,1f,21,1am|1q|1ao|1ab|1af|1x|1s|1al|1y|1ac|1w|1aa|1u|1v|1o|1t|1p|1ai|1ag|1n|1ah,5,6.264910146381803,1a|1ae|1aj|1ak|1r
3.0945367553010783,,,diaryl-ethyl-aryl-substituted,stage2_alt,,12,diaryl-ethyl-aryl-substituted,ridge_regression,90.0,90.0,,93.09453675530108,103.50168736858382,94.55322019521869,103.80173411381165,94.35905635858504,3.0945367553010783,"{""alpha"": 10.0}",diaryl-ethyl-aryl-substituted,family_holdout,ee,1g,21,1am|1q|1ao|1ab|1af|1x|1s|1al|1y|1ac|1w|1aa|1u|1v|1o|1t|1p|1ai|1ag|1n|1ah,5,6.264910146381803,1a|1ae|1aj|1ak|1r
2.7528010284615902,,,diaryl-ethyl-aryl-substituted,stage2_alt,,12,diaryl-ethyl-aryl-substituted,ridge_regression,90.0,90.0,,92.75280102846159,103.15995164174433,94.2114844683792,103.45999838697216,94.01732063174555,2.7528010284615902,"{""alpha"": 10.0}",diaryl-ethyl-aryl-substituted,family_holdout,ee,1h,21,1am|1q|1ao|1ab|1af|1x|1s|1al|1y|1ac|1w|1aa|1u|1v|1o|1t|1p|1ai|1ag|1n|1ah,5,6.264910146381803,1a|1ae|1aj|1ak|1r
12.552046229261208,,,diaryl-ethyl-aryl-substituted,stage2_alt,,12,diaryl-ethyl-aryl-substituted,ridge_regression,73.0,73.0,,85.55204622926121,95.95919684254395,87.01072966917882,96.25924358777178,86.81656583254517,12.552046229261208,"{""alpha"": 10.0}",diaryl-ethyl-aryl-substituted,family_holdout,ee,1i,21,1am|1q|1ao|1ab|1af|1x|1s|1al|1y|1ac|1w|1aa|1u|1v|1o|1t|1p|1ai|1ag|1n|1ah,5,6.264910146381803,1a|1ae|1aj|1ak|1r
18.6040379664458,,,diaryl-ethyl-aryl-substituted,stage2_alt,,12,diaryl-ethyl-aryl-substituted,ridge_regression,95.0,95.0,,76.3959620335542,86.80311264683694,77.8546454734718,87.10315939206477,77.66048163683816,-18.6040379664458,"{""alpha"": 10.0}",diaryl-ethyl-aryl-substituted,family_holdout,ee,1j,21,1am|1q|1ao|1ab|1af|1x|1s|1al|1y|1ac|1w|1aa|1u|1v|1o|1t|1p|1ai|1ag|1n|1ah,5,6.264910146381803,1a|1ae|1aj|1ak|1r
32.31095830819207,,,diaryl-ethyl-aryl-substituted,stage2_alt,,12,diaryl-ethyl-aryl-substituted,ridge_regression,95.0,95.0,,62.68904169180793,73.09619230509067,64.14772513172554,73.3962390503185,63.95356129509189,-32.31095830819207,"{""alpha"": 10.0}",diaryl-ethyl-aryl-substituted,family_holdout,ee,1k,21,1am|1q|1ao|1ab|1af|1x|1s|1al|1y|1ac|1w|1aa|1u|1v|1o|1t|1p|1ai|1ag|1n|1ah,5,6.264910146381803,1a|1ae|1aj|1ak|1r
5.38222086710536,,,diaryl-ethyl-aryl-substituted,stage2_alt,,12,diaryl-ethyl-aryl-substituted,ridge_regression,82.0,82.0,,87.38222086710536,97.7893714803881,88.84090430702297,98.08941822561593,88.64674047038932,5.38222086710536,"{""alpha"": 10.0}",diaryl-ethyl-aryl-substituted,family_holdout,ee,1l,21,1am|1q|1ao|1ab|1af|1x|1s|1al|1y|1ac|1w|1aa|1u|1v|1o|1t|1p|1ai|1ag|1n|1ah,5,6.264910146381803,1a|1ae|1aj|1ak|1r
5.5200504985786125,,,diaryl-ethyl-aryl-substituted,stage2_alt,,12,diaryl-ethyl-aryl-substituted,ridge_regression,94.0,94.0,,88.47994950142139,98.88710011470413,89.938632941339,99.18714685993196,89.74446910470535,-5.5200504985786125,"{""alpha"": 10.0}",diaryl-ethyl-aryl-substituted,family_holdout,ee,1m,21,1am|1q|1ao|1ab|1af|1x|1s|1al|1y|1ac|1w|1aa|1u|1v|1o|1t|1p|1ai|1ag|1n|1ah,5,6.264910146381803,1a|1ae|1aj|1ak|1r
4.188672791015833,,,diaryl-ethyl-aryl-substituted,stage2_alt,,12,diaryl-ethyl-aryl-substituted,elastic_net,80.0,80.0,,75.81132720898417,93.79997162712047,77.03852827579334,99.39195552353993,76.17781549326303,-4.188672791015833,"{""alpha"": 0.1, ""l1_ratio"": 0.2}",diaryl-ethyl-aryl-substituted,family_holdout,ee,1b,21,1am|1q|1ao|1ab|1af|1x|1s|1al|1y|1ac|1w|1aa|1u|1v|1o|1t|1p|1ai|1ag|1n|1ah,5,8.172838821129176,1a|1ae|1aj|1ak|1r
18.131554016152464,,,diaryl-ethyl-aryl-substituted,stage2_alt,,12,diaryl-ethyl-aryl-substituted,elastic_net,92.0,92.0,,73.86844598384754,91.85709040198384,75.09564705065671,97.4490742984033,74.2349342681264,-18.131554016152464,"{""alpha"": 0.1, ""l1_ratio"": 0.2}",diaryl-ethyl-aryl-substituted,family_holdout,ee,1c,21,1am|1q|1ao|1ab|1af|1x|1s|1al|1y|1ac|1w|1aa|1u|1v|1o|1t|1p|1ai|1ag|1n|1ah,5,8.172838821129176,1a|1ae|1aj|1ak|1r
20.70178504499856,,,diaryl-ethyl-aryl-substituted,stage2_alt,,12,diaryl-ethyl-aryl-substituted,elastic_net,90.0,90.0,,69.29821495500144,87.28685937313776,70.52541602181061,92.87884326955721,69.6647032392803,-20.70178504499856,"{""alpha"": 0.1, ""l1_ratio"": 0.2}",diaryl-ethyl-aryl-substituted,family_holdout,ee,1d,21,1am|1q|1ao|1ab|1af|1x|1s|1al|1y|1ac|1w|1aa|1u|1v|1o|1t|1p|1ai|1ag|1n|1ah,5,8.172838821129176,1a|1ae|1aj|1ak|1r
4.796903617998083,,,diaryl-ethyl-aryl-substituted,stage2_alt,,12,diaryl-ethyl-aryl-substituted,elastic_net,92.0,92.0,,87.20309638200192,105.19174080013823,88.43029744881109,110.78372469655768,87.56958466628078,-4.796903617998083,"{""alpha"": 0.1, ""l1_ratio"": 0.2}",diaryl-ethyl-aryl-substituted,family_holdout,ee,1e,21,1am|1q|1ao|1ab|1af|1x|1s|1al|1y|1ac|1w|1aa|1u|1v|1o|1t|1p|1ai|1ag|1n|1ah,5,8.172838821129176,1a|1ae|1aj|1ak|1r
0.5675187191416597,,,diaryl-ethyl-aryl-substituted,stage2_alt,,12,diaryl-ethyl-aryl-substituted,elastic_net,90.0,90.0,,90.56751871914166,108.55616313727796,91.79471978595083,114.14814703369743,90.93400700342052,0.5675187191416597,"{""alpha"": 0.1, ""l1_ratio"": 0.2}",diaryl-ethyl-aryl-substituted,family_holdout,ee,1f,21,1am|1q|1ao|1ab|1af|1x|1s|1al|1y|1ac|1w|1aa|1u|1v|1o|1t|1p|1ai|1ag|1n|1ah,5,8.172838821129176,1a|1ae|1aj|1ak|1r
0.5676888319071054,,,diaryl-ethyl-aryl-substituted,stage2_alt,,12,diaryl-ethyl-aryl-substituted,elastic_net,90.0,90.0,,90.5676888319071,108.55633325004342,91.79488989871628,114.14831714646287,90.93417711618596,0.5676888319071054,"{""alpha"": 0.1, ""l1_ratio"": 0.2}",diaryl-ethyl-aryl-substituted,family_holdout,ee,1g,21,1am|1q|1ao|1ab|1af|1x|1s|1al|1y|1ac|1w|1aa|1u|1v|1o|1t|1p|1ai|1ag|1n|1ah,5,8.172838821129176,1a|1ae|1aj|1ak|1r
0.34703240864701,,,diaryl-ethyl-aryl-substituted,stage2_alt,,12,diaryl-ethyl-aryl-substituted,elastic_net,90.0,90.0,,89.65296759135299,107.64161200948931,90.88016865816216,113.23359590590876,90.01945587563185,-0.34703240864701,"{""alpha"": 0.1, ""l1_ratio"": 0.2}",diaryl-ethyl-aryl-substituted,family_holdout,ee,1h,21,1am|1q|1ao|1ab|1af|1x|1s|1al|1y|1ac|1w|1aa|1u|1v|1o|1t|1p|1ai|1ag|1n|1ah,5,8.172838821129176,1a|1ae|1aj|1ak|1r
8.959333689217985,,,diaryl-ethyl-aryl-substituted,stage2_alt,,12,diaryl-ethyl-aryl-substituted,elastic_net,73.0,73.0,,81.95933368921798,99.94797810735429,83.18653475602716,105.53996200377375,82.32582197349684,8.959333689217985,"{""alpha"": 0.1, ""l1_ratio"": 0.2}",diaryl-ethyl-aryl-substituted,family_holdout,ee,1i,21,1am|1q|1ao|1ab|1af|1x|1s|1al|1y|1ac|1w|1aa|1u|1v|1o|1t|1p|1ai|1ag|1n|1ah,5,8.172838821129176,1a|1ae|1aj|1ak|1r
20.20353849230395,,,diaryl-ethyl-aryl-substituted,stage2_alt,,12,diaryl-ethyl-aryl-substituted,elastic_net,95.0,95.0,,74.79646150769605,92.78510592583237,76.02366257450522,98.37708982225182,75.16294979197491,-20.20353849230395,"{""alpha"": 0.1, ""l1_ratio"": 0.2}",diaryl-ethyl-aryl-substituted,family_holdout,ee,1j,21,1am|1q|1ao|1ab|1af|1x|1s|1al|1y|1ac|1w|1aa|1u|1v|1o|1t|1p|1ai|1ag|1n|1ah,5,8.172838821129176,1a|1ae|1aj|1ak|1r
34.786993072041376,,,diaryl-ethyl-aryl-substituted,stage2_alt,,12,diaryl-ethyl-aryl-substituted,elastic_net,95.0,95.0,,60.213006927958624,78.20165134609493,61.440207994767796,83.7936352425144,60.57949521223748,-34.786993072041376,"{""alpha"": 0.1, ""l1_ratio"": 0.2}",diaryl-ethyl-aryl-substituted,family_holdout,ee,1k,21,1am|1q|1ao|1ab|1af|1x|1s|1al|1y|1ac|1w|1aa|1u|1v|1o|1t|1p|1ai|1ag|1n|1ah,5,8.172838821129176,1a|1ae|1aj|1ak|1r
3.01647344651343,,,diaryl-ethyl-aryl-substituted,stage2_alt,,12,diaryl-ethyl-aryl-substituted,elastic_net,82.0,82.0,,85.01647344651343,103.00511786464975,86.2436745133226,108.5971017610692,85.38296173079229,3.01647344651343,"{""alpha"": 0.1, ""l1_ratio"": 0.2}",diaryl-ethyl-aryl-substituted,family_holdout,ee,1l,21,1am|1q|1ao|1ab|1af|1x|1s|1al|1y|1ac|1w|1aa|1u|1v|1o|1t|1p|1ai|1ag|1n|1ah,5,8.172838821129176,1a|1ae|1aj|1ak|1r
8.270215777811487,,,diaryl-ethyl-aryl-substituted,stage2_alt,,12,diaryl-ethyl-aryl-substituted,elastic_net,94.0,94.0,,85.72978422218851,103.71842864032482,86.95698528899769,109.31041253674428,86.09627250646737,-8.270215777811487,"{""alpha"": 0.1, ""l1_ratio"": 0.2}",diaryl-ethyl-aryl-substituted,family_holdout,ee,1m,21,1am|1q|1ao|1ab|1af|1x|1s|1al|1y|1ac|1w|1aa|1u|1v|1o|1t|1p|1ai|1ag|1n|1ah,5,8.172838821129176,1a|1ae|1aj|1ak|1r
15.28982771623626,,,diaryl-ethyl-aryl-substituted,stage2_alt,,12,diaryl-ethyl-aryl-substituted,lightgbm,80.0,80.0,,64.71017228376374,78.96262667371269,61.58508679917357,82.44816557320084,60.57281407376517,-15.28982771623626,"{""learning_rate"": 0.1, ""n_estimators"": 75, ""num_leaves"": 7}",diaryl-ethyl-aryl-substituted,family_holdout,ee,1b,21,1am|1q|1ao|1ab|1af|1x|1s|1al|1y|1ac|1w|1aa|1u|1v|1o|1t|1p|1ai|1ag|1n|1ah,5,6.471153859653249,1a|1ae|1aj|1ak|1r
5.352563990988571,,,diaryl-ethyl-aryl-substituted,stage2_alt,,12,diaryl-ethyl-aryl-substituted,lightgbm,92.0,92.0,,86.64743600901143,100.89989039896038,83.52235052442126,104.38542929844853,82.51007779901286,-5.352563990988571,"{""learning_rate"": 0.1, ""n_estimators"": 75, ""num_leaves"": 7}",diaryl-ethyl-aryl-substituted,family_holdout,ee,1c,21,1am|1q|1ao|1ab|1af|1x|1s|1al|1y|1ac|1w|1aa|1u|1v|1o|1t|1p|1ai|1ag|1n|1ah,5,6.471153859653249,1a|1ae|1aj|1ak|1r
4.447940201844176,,,diaryl-ethyl-aryl-substituted,stage2_alt,,12,diaryl-ethyl-aryl-substituted,lightgbm,90.0,90.0,,85.55205979815582,99.80451418810478,82.42697431356565,103.29005308759292,81.41470158815726,-4.447940201844176,"{""learning_rate"": 0.1, ""n_estimators"": 75, ""num_leaves"": 7}",diaryl-ethyl-aryl-substituted,family_holdout,ee,1d,21,1am|1q|1ao|1ab|1af|1x|1s|1al|1y|1ac|1w|1aa|1u|1v|1o|1t|1p|1ai|1ag|1n|1ah,5,6.471153859653249,1a|1ae|1aj|1ak|1r
34.40226265961692,,,diaryl-ethyl-aryl-substituted,stage2_alt,,12,diaryl-ethyl-aryl-substituted,lightgbm,92.0,92.0,,57.59773734038308,71.85019173033203,54.472651855792904,75.33573062982018,53.46037913038451,-34.40226265961692,"{""learning_rate"": 0.1, ""n_estimators"": 75, ""num_leaves"": 7}",diaryl-ethyl-aryl-substituted,family_holdout,ee,1e,21,1am|1q|1ao|1ab|1af|1x|1s|1al|1y|1ac|1w|1aa|1u|1v|1o|1t|1p|1ai|1ag|1n|1ah,5,6.471153859653249,1a|1ae|1aj|1ak|1r
2.846333461948973,,,diaryl-ethyl-aryl-substituted,stage2_alt,,12,diaryl-ethyl-aryl-substituted,lightgbm,90.0,90.0,,87.15366653805103,101.40612092799998,84.02858105346085,104.89165982748813,83.01630832805246,-2.846333461948973,"{""learning_rate"": 0.1, ""n_estimators"": 75, ""num_leaves"": 7}",diaryl-ethyl-aryl-substituted,family_holdout,ee,1f,21,1am|1q|1ao|1ab|1af|1x|1s|1al|1y|1ac|1w|1aa|1u|1v|1o|1t|1p|1ai|1ag|1n|1ah,5,6.471153859653249,1a|1ae|1aj|1ak|1r
1.244880317555129,,,diaryl-ethyl-aryl-substituted,stage2_alt,,12,diaryl-ethyl-aryl-substituted,lightgbm,90.0,90.0,,88.75511968244487,103.00757407239382,85.6300341978547,106.49311297188197,84.6177614724463,-1.244880317555129,"{""learning_rate"": 0.1, ""n_estimators"": 75, ""num_leaves"": 7}",diaryl-ethyl-aryl-substituted,family_holdout,ee,1g,21,1am|1q|1ao|1ab|1af|1x|1s|1al|1y|1ac|1w|1aa|1u|1v|1o|1t|1p|1ai|1ag|1n|1ah,5,6.471153859653249,1a|1ae|1aj|1ak|1r
1.1615034694619197,,,diaryl-ethyl-aryl-substituted,stage2_alt,,12,diaryl-ethyl-aryl-substituted,lightgbm,90.0,90.0,,91.16150346946192,105.41395785941087,88.03641798487175,108.89949675889902,87.02414525946335,1.1615034694619197,"{""learning_rate"": 0.1, ""n_estimators"": 75, ""num_leaves"": 7}",diaryl-ethyl-aryl-substituted,family_holdout,ee,1h,21,1am|1q|1ao|1ab|1af|1x|1s|1al|1y|1ac|1w|1aa|1u|1v|1o|1t|1p|1ai|1ag|1n|1ah,5,6.471153859653249,1a|1ae|1aj|1ak|1r
17.567219867635757,,,diaryl-ethyl-aryl-substituted,stage2_alt,,12,diaryl-ethyl-aryl-substituted,lightgbm,73.0,73.0,,90.56721986763576,104.81967425758471,87.44213438304558,108.30521315707286,86.42986165763719,17.567219867635757,"{""learning_rate"": 0.1, ""n_estimators"": 75, ""num_leaves"": 7}",diaryl-ethyl-aryl-substituted,family_holdout,ee,1i,21,1am|1q|1ao|1ab|1af|1x|1s|1al|1y|1ac|1w|1aa|1u|1v|1o|1t|1p|1ai|1ag|1n|1ah,5,6.471153859653249,1a|1ae|1aj|1ak|1r
10.350896065985083,,,diaryl-ethyl-aryl-substituted,stage2_alt,,12,diaryl-ethyl-aryl-substituted,lightgbm,95.0,95.0,,84.64910393401492,98.90155832396387,81.52401844942474,102.38709722345202,80.51174572401635,-10.350896065985083,"{""learning_rate"": 0.1, ""n_estimators"": 75, ""num_leaves"": 7}",diaryl-ethyl-aryl-substituted,family_holdout,ee,1j,21,1am|1q|1ao|1ab|1af|1x|1s|1al|1y|1ac|1w|1aa|1u|1v|1o|1t|1p|1ai|1ag|1n|1ah,5,6.471153859653249,1a|1ae|1aj|1ak|1r
14.740571398340379,,,diaryl-ethyl-aryl-substituted,stage2_alt,,12,diaryl-ethyl-aryl-substituted,lightgbm,95.0,95.0,,80.25942860165962,94.51188299160857,77.13434311706945,97.99742189109672,76.12207039166105,-14.740571398340379,"{""learning_rate"": 0.1, ""n_estimators"": 75, ""num_leaves"": 7}",diaryl-ethyl-aryl-substituted,family_holdout,ee,1k,21,1am|1q|1ao|1ab|1af|1x|1s|1al|1y|1ac|1w|1aa|1u|1v|1o|1t|1p|1ai|1ag|1n|1ah,5,6.471153859653249,1a|1ae|1aj|1ak|1r
3.4064714777316425,,,diaryl-ethyl-aryl-substituted,stage2_alt,,12,diaryl-ethyl-aryl-substituted,lightgbm,82.0,82.0,,78.59352852226836,92.84598291221731,75.46844303767818,96.33152181170546,74.45617031226979,-3.4064714777316425,"{""learning_rate"": 0.1, ""n_estimators"": 75, ""num_leaves"": 7}",diaryl-ethyl-aryl-substituted,family_holdout,ee,1l,21,1am|1q|1ao|1ab|1af|1x|1s|1al|1y|1ac|1w|1aa|1u|1v|1o|1t|1p|1ai|1ag|1n|1ah,5,6.471153859653249,1a|1ae|1aj|1ak|1r
10.567468427391262,,,diaryl-ethyl-aryl-substituted,stage2_alt,,12,diaryl-ethyl-aryl-substituted,lightgbm,94.0,94.0,,83.43253157260874,97.68498596255769,80.30744608801857,101.17052486204584,79.29517336261017,-10.567468427391262,"{""learning_rate"": 0.1, ""n_estimators"": 75, ""num_leaves"": 7}",diaryl-ethyl-aryl-substituted,family_holdout,ee,1m,21,1am|1q|1ao|1ab|1af|1x|1s|1al|1y|1ac|1w|1aa|1u|1v|1o|1t|1p|1ai|1ag|1n|1ah,5,6.471153859653249,1a|1ae|1aj|1ak|1r
1.5714285714285694,109.87911733870143,46.978025518441434,diaryl-ethyl-aryl-substituted,stage2_alt,16.04619689292347,12,diaryl-ethyl-aryl-substituted,gaussian_process,80.0,80.0,,78.42857142857143,109.25714285714287,65.25714285714646,111.95714285714286,64.95714285714823,-1.5714285714285694,"{""alpha"": 1e-05, ""kernel"": ""1**2 * RBF(length_scale=2) + WhiteKernel(noise_level=10)""}",diaryl-ethyl-aryl-substituted,family_holdout,ee,1b,21,1am|1q|1ao|1ab|1af|1x|1s|1al|1y|1ac|1w|1aa|1u|1v|1o|1t|1p|1ai|1ag|1n|1ah,5,19.88571428571308,1a|1ae|1aj|1ak|1r
13.57142857142857,109.87911733870143,46.978025518441434,diaryl-ethyl-aryl-substituted,stage2_alt,16.04619689292347,12,diaryl-ethyl-aryl-substituted,gaussian_process,92.0,92.0,,78.42857142857143,109.25714285714287,65.25714285714646,111.95714285714286,64.95714285714823,-13.57142857142857,"{""alpha"": 1e-05, ""kernel"": ""1**2 * RBF(length_scale=2) + WhiteKernel(noise_level=10)""}",diaryl-ethyl-aryl-substituted,family_holdout,ee,1c,21,1am|1q|1ao|1ab|1af|1x|1s|1al|1y|1ac|1w|1aa|1u|1v|1o|1t|1p|1ai|1ag|1n|1ah,5,19.88571428571308,1a|1ae|1aj|1ak|1r
11.57142857142857,109.87911733870143,46.978025518441434,diaryl-ethyl-aryl-substituted,stage2_alt,16.04619689292347,12,diaryl-ethyl-aryl-substituted,gaussian_process,90.0,90.0,,78.42857142857143,109.25714285714287,65.25714285714646,111.95714285714286,64.95714285714823,-11.57142857142857,"{""alpha"": 1e-05, ""kernel"": ""1**2 * RBF(length_scale=2) + WhiteKernel(noise_level=10)""}",diaryl-ethyl-aryl-substituted,family_holdout,ee,1d,21,1am|1q|1ao|1ab|1af|1x|1s|1al|1y|1ac|1w|1aa|1u|1v|1o|1t|1p|1ai|1ag|1n|1ah,5,19.88571428571308,1a|1ae|1aj|1ak|1r
13.57142857142857,109.87911733870143,46.978025518441434,diaryl-ethyl-aryl-substituted,stage2_alt,16.04619689292347,12,diaryl-ethyl-aryl-substituted,gaussian_process,92.0,92.0,,78.42857142857143,109.25714285714287,65.25714285714646,111.95714285714286,64.95714285714823,-13.57142857142857,"{""alpha"": 1e-05, ""kernel"": ""1**2 * RBF(length_scale=2) + WhiteKernel(noise_level=10)""}",diaryl-ethyl-aryl-substituted,family_holdout,ee,1e,21,1am|1q|1ao|1ab|1af|1x|1s|1al|1y|1ac|1w|1aa|1u|1v|1o|1t|1p|1ai|1ag|1n|1ah,5,19.88571428571308,1a|1ae|1aj|1ak|1r
11.571406029300263,109.87913988074251,46.97804806065696,diaryl-ethyl-aryl-substituted,stage2_alt,16.046196892878967,12,diaryl-ethyl-aryl-substituted,gaussian_process,90.0,90.0,,78.42859397069974,109.25716539927117,65.25716539927477,111.95716539927116,64.95716539927653,-11.571406029300263,"{""alpha"": 1e-05, ""kernel"": ""1**2 * RBF(length_scale=2) + WhiteKernel(noise_level=10)""}",diaryl-ethyl-aryl-substituted,family_holdout,ee,1f,21,1am|1q|1ao|1ab|1af|1x|1s|1al|1y|1ac|1w|1aa|1u|1v|1o|1t|1p|1ai|1ag|1n|1ah,5,19.88571428571308,1a|1ae|1aj|1ak|1r
11.57142857142857,109.87911733870143,46.978025518441434,diaryl-ethyl-aryl-substituted,stage2_alt,16.04619689292347,12,diaryl-ethyl-aryl-substituted,gaussian_process,90.0,90.0,,78.42857142857143,109.25714285714287,65.25714285714646,111.95714285714286,64.95714285714823,-11.57142857142857,"{""alpha"": 1e-05, ""kernel"": ""1**2 * RBF(length_scale=2) + WhiteKernel(noise_level=10)""}",diaryl-ethyl-aryl-substituted,family_holdout,ee,1g,21,1am|1q|1ao|1ab|1af|1x|1s|1al|1y|1ac|1w|1aa|1u|1v|1o|1t|1p|1ai|1ag|1n|1ah,5,19.88571428571308,1a|1ae|1aj|1ak|1r
11.57142857142857,109.87911733870143,46.978025518441434,diaryl-ethyl-aryl-substituted,stage2_alt,16.04619689292347,12,diaryl-ethyl-aryl-substituted,gaussian_process,90.0,90.0,,78.42857142857143,109.25714285714287,65.25714285714646,111.95714285714286,64.95714285714823,-11.57142857142857,"{""alpha"": 1e-05, ""kernel"": ""1**2 * RBF(length_scale=2) + WhiteKernel(noise_level=10)""}",diaryl-ethyl-aryl-substituted,family_holdout,ee,1h,21,1am|1q|1ao|1ab|1af|1x|1s|1al|1y|1ac|1w|1aa|1u|1v|1o|1t|1p|1ai|1ag|1n|1ah,5,19.88571428571308,1a|1ae|1aj|1ak|1r
5.428571428571431,109.87911733870143,46.978025518441434,diaryl-ethyl-aryl-substituted,stage2_alt,16.04619689292347,12,diaryl-ethyl-aryl-substituted,gaussian_process,73.0,73.0,,78.42857142857143,109.25714285714287,65.25714285714646,111.95714285714286,64.95714285714823,5.428571428571431,"{""alpha"": 1e-05, ""kernel"": ""1**2 * RBF(length_scale=2) + WhiteKernel(noise_level=10)""}",diaryl-ethyl-aryl-substituted,family_holdout,ee,1i,21,1am|1q|1ao|1ab|1af|1x|1s|1al|1y|1ac|1w|1aa|1u|1v|1o|1t|1p|1ai|1ag|1n|1ah,5,19.88571428571308,1a|1ae|1aj|1ak|1r
16.57142857142857,109.87911733870143,46.978025518441434,diaryl-ethyl-aryl-substituted,stage2_alt,16.04619689292347,12,diaryl-ethyl-aryl-substituted,gaussian_process,95.0,95.0,,78.42857142857143,109.25714285714287,65.25714285714646,111.95714285714286,64.95714285714823,-16.57142857142857,"{""alpha"": 1e-05, ""kernel"": ""1**2 * RBF(length_scale=2) + WhiteKernel(noise_level=10)""}",diaryl-ethyl-aryl-substituted,family_holdout,ee,1j,21,1am|1q|1ao|1ab|1af|1x|1s|1al|1y|1ac|1w|1aa|1u|1v|1o|1t|1p|1ai|1ag|1n|1ah,5,19.88571428571308,1a|1ae|1aj|1ak|1r
16.57142857142857,109.87911733870143,46.978025518441434,diaryl-ethyl-aryl-substituted,stage2_alt,16.04619689292347,12,diaryl-ethyl-aryl-substituted,gaussian_process,95.0,95.0,,78.42857142857143,109.25714285714287,65.25714285714646,111.95714285714286,64.95714285714823,-16.57142857142857,"{""alpha"": 1e-05, ""kernel"": ""1**2 * RBF(length_scale=2) + WhiteKernel(noise_level=10)""}",diaryl-ethyl-aryl-substituted,family_holdout,ee,1k,21,1am|1q|1ao|1ab|1af|1x|1s|1al|1y|1ac|1w|1aa|1u|1v|1o|1t|1p|1ai|1ag|1n|1ah,5,19.88571428571308,1a|1ae|1aj|1ak|1r
3.5714285714285694,109.87911733870143,46.978025518441434,diaryl-ethyl-aryl-substituted,stage2_alt,16.04619689292347,12,diaryl-ethyl-aryl-substituted,gaussian_process,82.0,82.0,,78.42857142857143,109.25714285714287,65.25714285714646,111.95714285714286,64.95714285714823,-3.5714285714285694,"{""alpha"": 1e-05, ""kernel"": ""1**2 * RBF(length_scale=2) + WhiteKernel(noise_level=10)""}",diaryl-ethyl-aryl-substituted,family_holdout,ee,1l,21,1am|1q|1ao|1ab|1af|1x|1s|1al|1y|1ac|1w|1aa|1u|1v|1o|1t|1p|1ai|1ag|1n|1ah,5,19.88571428571308,1a|1ae|1aj|1ak|1r
15.57142857142857,109.87911733870143,46.978025518441434,diaryl-ethyl-aryl-substituted,stage2_alt,16.04619689292347,12,diaryl-ethyl-aryl-substituted,gaussian_process,94.0,94.0,,78.42857142857143,109.25714285714287,65.25714285714646,111.95714285714286,64.95714285714823,-15.57142857142857,"{""alpha"": 1e-05, ""kernel"": ""1**2 * RBF(length_scale=2) + WhiteKernel(noise_level=10)""}",diaryl-ethyl-aryl-substituted,family_holdout,ee,1m,21,1am|1q|1ao|1ab|1af|1x|1s|1al|1y|1ac|1w|1aa|1u|1v|1o|1t|1p|1ai|1ag|1n|1ah,5,19.88571428571308,1a|1ae|1aj|1ak|1r
6.561801703197602,,,diaryl-ethyl-parent,stage2_alt,,1,diaryl-ethyl-parent,ridge_regression,92.0,92.0,,85.4381982968024,89.49052783294162,79.64727566778801,96.2379629570947,76.74332429493286,-6.561801703197602,"{""alpha"": 1000.0}",diaryl-ethyl-parent,family_holdout,ee,1a,30,1am|1i|1p|1ao|1ab|1af|1x|1u|1l|1aj|1aa|1k|1s|1ac|1g|1y|1c|1w|1t|1o|1q|1v|1ai|1b|1ag|1n|1j|1m|1ah|1d,7,5.245095657104321,1ae|1ak|1al|1e|1f|1h|1r
1.3494020847691672,,,diaryl-ethyl-parent,stage2_alt,,1,diaryl-ethyl-parent,elastic_net,92.0,92.0,,90.65059791523083,95.02480185367395,83.87917794160468,95.74518910554298,78.99576829202115,-1.3494020847691672,"{""alpha"": 0.1, ""l1_ratio"": 1.0}",diaryl-ethyl-parent,family_holdout,ee,1a,30,1am|1i|1p|1ao|1ab|1af|1x|1u|1l|1aj|1aa|1k|1s|1ac|1g|1y|1c|1w|1t|1o|1q|1v|1ai|1b|1ag|1n|1j|1m|1ah|1d,7,4.216852522098755,1ae|1ak|1al|1e|1f|1h|1r
2.675511083702787,,,diaryl-ethyl-parent,stage2_alt,,1,diaryl-ethyl-parent,lightgbm,92.0,92.0,,89.32448891629721,96.90911781973969,76.73932667399401,105.38630922711141,74.6544505259406,-2.675511083702787,"{""learning_rate"": 0.03, ""n_estimators"": 75, ""num_leaves"": 7}",diaryl-ethyl-parent,family_holdout,ee,1a,30,1am|1i|1p|1ao|1ab|1af|1x|1u|1l|1aj|1aa|1k|1s|1ac|1g|1y|1c|1w|1t|1o|1q|1v|1ai|1b|1ag|1n|1j|1m|1ah|1d,7,7.459379849017144,1ae|1ak|1al|1e|1f|1h|1r
11.699999999902104,111.79491413973085,48.80508586046495,diaryl-ethyl-parent,stage2_alt,16.068833744710687,1,diaryl-ethyl-parent,gaussian_process,92.0,92.0,,80.3000000000979,100.40000000009789,69.20000000009831,105.8000000000979,68.750000000098,-11.699999999902104,"{""alpha"": 1e-05, ""kernel"": ""1**2 * RBF(length_scale=2) + WhiteKernel(noise_level=10)""}",diaryl-ethyl-parent,family_holdout,ee,1a,30,1am|1i|1p|1ao|1ab|1af|1x|1u|1l|1aj|1aa|1k|1s|1ac|1g|1y|1c|1w|1t|1o|1q|1v|1ai|1b|1ag|1n|1j|1m|1ah|1d,7,13.099998607561734,1ae|1ak|1al|1e|1f|1h|1r
1.7932148915707842,,,nitrogen-heteroaryl,stage2_alt,,2,nitrogen-heteroaryl,ridge_regression,88.0,88.0,,89.79321489157078,94.48503010321365,80.43911171406003,97.12086920524597,75.84230234232926,1.7932148915707842,"{""alpha"": 100.0}",nitrogen-heteroaryl,family_holdout,ee,1aa,29,1am|1i|1p|1ao|1af|1x|1u|1l|1aj|1k|1o|1s|1ac|1f|1y|1v|1w|1t|1b|1q|1h|1ai|1ag|1n|1m|1j|1ah|1c|1e,7,4.9925497935609915,1a|1ae|1ak|1al|1d|1g|1r
22.793235881428984,,,nitrogen-heteroaryl,stage2_alt,,2,nitrogen-heteroaryl,ridge_regression,95.0,95.0,,72.20676411857102,76.89857933021388,62.85266094106026,79.5344184322462,58.255851569329494,-22.793235881428984,"{""alpha"": 100.0}",nitrogen-heteroaryl,family_holdout,ee,1ab,29,1am|1i|1p|1ao|1af|1x|1u|1l|1aj|1k|1o|1s|1ac|1f|1y|1v|1w|1t|1b|1q|1h|1ai|1ag|1n|1m|1j|1ah|1c|1e,7,4.9925497935609915,1a|1ae|1ak|1al|1d|1g|1r
3.216965573010313,,,nitrogen-heteroaryl,stage2_alt,,2,nitrogen-heteroaryl,elastic_net,88.0,88.0,,91.21696557301031,100.27753207241449,89.29413919453602,106.28331858291875,88.29445515232153,3.216965573010313,"{""alpha"": 1.0, ""l1_ratio"": 1.0}",nitrogen-heteroaryl,family_holdout,ee,1aa,29,1am|1i|1p|1ao|1af|1x|1u|1l|1aj|1k|1o|1s|1ac|1f|1y|1v|1w|1t|1b|1q|1h|1ai|1ag|1n|1m|1j|1ah|1c|1e,7,3.6765540822056186,1a|1ae|1ak|1al|1d|1g|1r
32.124811558082854,,,nitrogen-heteroaryl,stage2_alt,,2,nitrogen-heteroaryl,elastic_net,95.0,95.0,,62.875188441917146,71.93575494132133,60.952362063442855,77.94154145182557,59.952678021228365,-32.124811558082854,"{""alpha"": 1.0, ""l1_ratio"": 1.0}",nitrogen-heteroaryl,family_holdout,ee,1ab,29,1am|1i|1p|1ao|1af|1x|1u|1l|1aj|1k|1o|1s|1ac|1f|1y|1v|1w|1t|1b|1q|1h|1ai|1ag|1n|1m|1j|1ah|1c|1e,7,3.6765540822056186,1a|1ae|1ak|1al|1d|1g|1r
4.661131649597834,,,nitrogen-heteroaryl,stage2_alt,,2,nitrogen-heteroaryl,lightgbm,88.0,88.0,,83.33886835040217,92.08509647458578,79.6396531855108,94.83772654965557,79.58597122383706,-4.661131649597834,"{""learning_rate"": 0.1, ""n_estimators"": 75, ""num_leaves"": 7}",nitrogen-heteroaryl,family_holdout,ee,1aa,29,1am|1i|1p|1ao|1af|1x|1u|1l|1aj|1k|1o|1s|1ac|1f|1y|1v|1w|1t|1b|1q|1h|1ai|1ag|1n|1m|1j|1ah|1c|1e,7,4.496059544375021,1a|1ae|1ak|1al|1d|1g|1r
25.690430264141725,,,nitrogen-heteroaryl,stage2_alt,,2,nitrogen-heteroaryl,lightgbm,95.0,95.0,,69.30956973585828,78.0557978600419,65.6103545709669,80.80842793511168,65.55667260929317,-25.690430264141725,"{""learning_rate"": 0.1, ""n_estimators"": 75, ""num_leaves"": 7}",nitrogen-heteroaryl,family_holdout,ee,1ab,29,1am|1i|1p|1ao|1af|1x|1u|1l|1aj|1k|1o|1s|1ac|1f|1y|1v|1w|1t|1b|1q|1h|1ai|1ag|1n|1m|1j|1ah|1c|1e,7,4.496059544375021,1a|1ae|1ak|1al|1d|1g|1r
8.06894534259935,111.66850367057778,48.193605644223524,nitrogen-heteroaryl,stage2_alt,16.19257602713119,2,nitrogen-heteroaryl,gaussian_process,88.0,88.0,,79.93105465740065,99.66208914015928,68.46208915452378,105.06208914015926,68.01208917068324,-8.06894534259935,"{""alpha"": 1e-05, ""kernel"": ""1**2 * RBF(length_scale=2) + WhiteKernel(noise_level=10)""}",nitrogen-heteroaryl,family_holdout,ee,1aa,29,1am|1i|1p|1ao|1af|1x|1u|1l|1aj|1k|1o|1s|1ac|1f|1y|1v|1w|1t|1b|1q|1h|1ai|1ag|1n|1m|1j|1ah|1c|1e,7,13.152709354475766,1a|1ae|1ak|1al|1d|1g|1r
15.06896551724138,111.66848349599945,48.193585469517785,nitrogen-heteroaryl,stage2_alt,16.192576027163692,2,nitrogen-heteroaryl,gaussian_process,95.0,95.0,,79.93103448275862,99.66206896551725,68.46206897988175,105.06206896551723,68.01206899604121,-15.06896551724138,"{""alpha"": 1e-05, ""kernel"": ""1**2 * RBF(length_scale=2) + WhiteKernel(noise_level=10)""}",nitrogen-heteroaryl,family_holdout,ee,1ab,29,1am|1i|1p|1ao|1af|1x|1u|1l|1aj|1k|1o|1s|1ac|1f|1y|1v|1w|1t|1b|1q|1h|1ai|1ag|1n|1m|1j|1ah|1c|1e,7,13.152709354475766,1a|1ae|1ak|1al|1d|1g|1r
6.126966234063929,,,oxygen-heteroaryl,stage2_alt,,1,oxygen-heteroaryl,ridge_regression,89.0,89.0,,82.87303376593607,86.58314707018538,74.88426921245652,93.09105080231902,73.68815021271702,-6.126966234063929,"{""alpha"": 1000.0}",oxygen-heteroaryl,family_holdout,ee,1o,30,1am|1i|1p|1ao|1ab|1af|1x|1u|1l|1aj|1aa|1k|1s|1ac|1g|1y|1c|1w|1t|1q|1v|1ai|1b|1ag|1n|1j|1m|1ah|1d|1f,7,5.761917700430035,1a|1ae|1ak|1al|1e|1h|1r
5.376199207841083,,,oxygen-heteroaryl,stage2_alt,,1,oxygen-heteroaryl,elastic_net,89.0,89.0,,83.62380079215892,83.01806856207394,76.84044752422534,83.3693594938522,72.34815656404476,-5.376199207841083,"{""alpha"": 0.1, ""l1_ratio"": 0.8}",oxygen-heteroaryl,family_holdout,ee,1o,30,1am|1i|1p|1ao|1ab|1af|1x|1u|1l|1aj|1aa|1k|1s|1ac|1g|1y|1c|1w|1t|1q|1v|1ai|1b|1ag|1n|1j|1m|1ah|1d|1f,7,3.4085408038215297,1a|1ae|1ak|1al|1e|1h|1r
20.483460215595542,,,oxygen-heteroaryl,stage2_alt,,1,oxygen-heteroaryl,lightgbm,89.0,89.0,,68.51653978440446,74.73442566317826,53.526739025939676,84.5159192614736,48.693633963267224,-20.483460215595542,"{""learning_rate"": 0.03, ""n_estimators"": 75, ""num_leaves"": 7}",oxygen-heteroaryl,family_holdout,ee,1o,30,1am|1i|1p|1ao|1ab|1af|1x|1u|1l|1aj|1aa|1k|1s|1ac|1g|1y|1c|1w|1t|1q|1v|1ai|1b|1ag|1n|1j|1m|1ah|1d|1f,7,9.032586344286724,1a|1ae|1ak|1al|1e|1h|1r
8.666666666531796,111.86556259922229,48.80110406771412,oxygen-heteroaryl,stage2_alt,16.087872074364327,1,oxygen-heteroaryl,gaussian_process,89.0,89.0,,80.3333333334682,100.46666666680153,68.66666668510538,105.86666666680154,68.6666666713775,-8.666666666531796,"{""alpha"": 1e-05, ""kernel"": ""1**2 * RBF(length_scale=2) + WhiteKernel(noise_level=10)""}",oxygen-heteroaryl,family_holdout,ee,1o,30,1am|1i|1p|1ao|1ab|1af|1x|1u|1l|1aj|1aa|1k|1s|1ac|1g|1y|1c|1w|1t|1q|1v|1ai|1b|1ag|1n|1j|1m|1ah|1d|1f,7,13.380952376594239,1a|1ae|1ak|1al|1e|1h|1r
28.432598938389205,,,oxygen-heteroaryl-fused,stage2_alt,,2,oxygen-heteroaryl-fused,ridge_regression,61.0,61.0,,89.4325989383892,106.82028908117843,89.10071620078936,107.02803672355947,88.2193803149066,28.432598938389205,"{""alpha"": 100.0}",oxygen-heteroaryl-fused,family_holdout,ee,1p,29,1am|1i|1ae|1y|1ab|1s|1ao|1x|1l|1k|1al|1aa|1ac|1g|1w|1u|1c|1o|1t|1v|1ai|1b|1n|1ag|1j|1m|1ah|1d|1e,7,5.879574441205569,1a|1af|1aj|1ak|1f|1h|1r
2.2780026830995297,,,oxygen-heteroaryl-fused,stage2_alt,,2,oxygen-heteroaryl-fused,ridge_regression,90.0,90.0,,92.27800268309953,109.66569282588875,91.94611994549969,109.87344046826979,91.06478405961693,2.2780026830995297,"{""alpha"": 100.0}",oxygen-heteroaryl-fused,family_holdout,ee,1q,29,1am|1i|1ae|1y|1ab|1s|1ao|1x|1l|1k|1al|1aa|1ac|1g|1w|1u|1c|1o|1t|1v|1ai|1b|1n|1ag|1j|1m|1ah|1d|1e,7,5.879574441205569,1a|1af|1aj|1ak|1f|1h|1r
28.594726702280354,,,oxygen-heteroaryl-fused,stage2_alt,,2,oxygen-heteroaryl-fused,elastic_net,61.0,61.0,,89.59472670228035,107.74921627571781,89.01267417725472,112.85974072868622,88.59647551450787,28.594726702280354,"{""alpha"": 0.1, ""l1_ratio"": 0.2}",oxygen-heteroaryl-fused,family_holdout,ee,1p,29,1am|1i|1ae|1y|1ab|1s|1ao|1x|1l|1k|1al|1aa|1ac|1g|1w|1u|1c|1o|1t|1v|1ai|1b|1n|1ag|1j|1m|1ah|1d|1e,7,6.482255307437699,1a|1af|1aj|1ak|1f|1h|1r
3.275432991236272,,,oxygen-heteroaryl-fused,stage2_alt,,2,oxygen-heteroaryl-fused,elastic_net,90.0,90.0,,93.27543299123627,111.42992256467373,92.69338046621064,116.54044701764214,92.27718180346379,3.275432991236272,"{""alpha"": 0.1, ""l1_ratio"": 0.2}",oxygen-heteroaryl-fused,family_holdout,ee,1q,29,1am|1i|1ae|1y|1ab|1s|1ao|1x|1l|1k|1al|1aa|1ac|1g|1w|1u|1c|1o|1t|1v|1ai|1b|1n|1ag|1j|1m|1ah|1d|1e,7,6.482255307437699,1a|1af|1aj|1ak|1f|1h|1r
31.452665790648766,,,oxygen-heteroaryl-fused,stage2_alt,,2,oxygen-heteroaryl-fused,lightgbm,61.0,61.0,,92.45266579064877,114.12596509122372,89.21085127908891,114.56034269154509,87.88587743974196,31.452665790648766,"{""learning_rate"": 0.1, ""n_estimators"": 75, ""num_leaves"": 7}",oxygen-heteroaryl-fused,family_holdout,ee,1p,29,1am|1i|1ae|1y|1ab|1s|1ao|1x|1l|1k|1al|1aa|1ac|1g|1w|1u|1c|1o|1t|1v|1ai|1b|1n|1ag|1j|1m|1ah|1d|1e,7,7.676879205815036,1a|1af|1aj|1ak|1f|1h|1r
0.5111027296230333,,,oxygen-heteroaryl-fused,stage2_alt,,2,oxygen-heteroaryl-fused,lightgbm,90.0,90.0,,90.51110272962303,112.18440203019799,87.26928821806318,112.61877963051936,85.94431437871623,0.5111027296230333,"{""learning_rate"": 0.1, ""n_estimators"": 75, ""num_leaves"": 7}",oxygen-heteroaryl-fused,family_holdout,ee,1q,29,1am|1i|1ae|1y|1ab|1s|1ao|1x|1l|1k|1al|1aa|1ac|1g|1w|1u|1c|1o|1t|1v|1ai|1b|1n|1ag|1j|1m|1ah|1d|1e,7,7.676879205815036,1a|1af|1aj|1ak|1f|1h|1r
20.758620689655174,111.01916534902881,52.49807603028154,oxygen-heteroaryl-fused,stage2_alt,14.928849316006957,2,oxygen-heteroaryl-fused,gaussian_process,61.0,61.0,,81.75862068965517,109.31724137931036,72.11724137936928,116.96724137931034,71.66724137943557,20.758620689655174,"{""alpha"": 1e-05, ""kernel"": ""1**2 * RBF(length_scale=2) + WhiteKernel(noise_level=10)""}",oxygen-heteroaryl-fused,family_holdout,ee,1p,29,1am|1i|1ae|1y|1ab|1s|1ao|1x|1l|1k|1al|1aa|1ac|1g|1w|1u|1c|1o|1t|1v|1ai|1b|1n|1ag|1j|1m|1ah|1d|1e,7,15.891621413789675,1a|1af|1aj|1ak|1f|1h|1r
8.241379310344826,111.01916534902881,52.49807603028154,oxygen-heteroaryl-fused,stage2_alt,14.928849316006957,2,oxygen-heteroaryl-fused,gaussian_process,90.0,90.0,,81.75862068965517,109.31724137931036,72.11724137936928,116.96724137931034,71.66724137943557,-8.241379310344826,"{""alpha"": 1e-05, ""kernel"": ""1**2 * RBF(length_scale=2) + WhiteKernel(noise_level=10)""}",oxygen-heteroaryl-fused,family_holdout,ee,1q,29,1am|1i|1ae|1y|1ab|1s|1ao|1x|1l|1k|1al|1aa|1ac|1g|1w|1u|1c|1o|1t|1v|1ai|1b|1n|1ag|1j|1m|1ah|1d|1e,7,15.891621413789675,1a|1af|1aj|1ak|1f|1h|1r
1.6911768631091775,,,oxygen-heterocycle-fused,stage2_alt,,3,oxygen-heterocycle-fused,ridge_regression,91.0,91.0,,89.30882313689082,94.02235252358949,78.82870223791745,97.11491898991275,75.40924684663584,-1.6911768631091775,"{""alpha"": 100.0}",oxygen-heterocycle-fused,family_holdout,ee,1r,28,1am|1i|1p|1ao|1ab|1af|1x|1u|1k|1aj|1aa|1l|1ac|1g|1y|1c|1w|1o|1q|1v|1ai|1b|1ag|1n|1j|1m|1ah|1d,7,5.618656273317863,1a|1ae|1ak|1al|1e|1f|1h
10.47885098900187,,,oxygen-heterocycle-fused,stage2_alt,,3,oxygen-heterocycle-fused,ridge_regression,80.0,80.0,,90.47885098900187,95.19238037570054,79.9987300900285,98.2849468420238,76.57927469874689,10.47885098900187,"{""alpha"": 100.0}",oxygen-heterocycle-fused,family_holdout,ee,1s,28,1am|1i|1p|1ao|1ab|1af|1x|1u|1k|1aj|1aa|1l|1ac|1g|1y|1c|1w|1o|1q|1v|1ai|1b|1ag|1n|1j|1m|1ah|1d,7,5.618656273317863,1a|1ae|1ak|1al|1e|1f|1h
0.818836111818797,,,oxygen-heterocycle-fused,stage2_alt,,3,oxygen-heterocycle-fused,ridge_regression,91.0,91.0,,91.8188361118188,96.53236549851746,81.33871521284543,99.62493196484073,77.91925982156381,0.818836111818797,"{""alpha"": 100.0}",oxygen-heterocycle-fused,family_holdout,ee,1t,28,1am|1i|1p|1ao|1ab|1af|1x|1u|1k|1aj|1aa|1l|1ac|1g|1y|1c|1w|1o|1q|1v|1ai|1b|1ag|1n|1j|1m|1ah|1d,7,5.618656273317863,1a|1ae|1ak|1al|1e|1f|1h
2.393160150743654,,,oxygen-heterocycle-fused,stage2_alt,,3,oxygen-heterocycle-fused,elastic_net,91.0,91.0,,88.60683984925635,94.47983149463585,81.54046955385047,96.81054132551792,77.70685369346344,-2.393160150743654,"{""alpha"": 1.0, ""l1_ratio"": 1.0}",oxygen-heterocycle-fused,family_holdout,ee,1r,28,1am|1i|1p|1ao|1ab|1af|1x|1u|1k|1aj|1aa|1l|1ac|1g|1y|1c|1w|1o|1q|1v|1ai|1b|1ag|1n|1j|1m|1ah|1d,7,4.700795607804149,1a|1ae|1ak|1al|1e|1f|1h
5.724334155886865,,,oxygen-heterocycle-fused,stage2_alt,,3,oxygen-heterocycle-fused,elastic_net,80.0,80.0,,85.72433415588687,91.59732580126636,78.65796386048099,93.92803563214844,74.82434800009395,5.724334155886865,"{""alpha"": 1.0, ""l1_ratio"": 1.0}",oxygen-heterocycle-fused,family_holdout,ee,1s,28,1am|1i|1p|1ao|1ab|1af|1x|1u|1k|1aj|1aa|1l|1ac|1g|1y|1c|1w|1o|1q|1v|1ai|1b|1ag|1n|1j|1m|1ah|1d,7,4.700795607804149,1a|1ae|1ak|1al|1e|1f|1h
1.158681496341984,,,oxygen-heterocycle-fused,stage2_alt,,3,oxygen-heterocycle-fused,elastic_net,91.0,91.0,,89.84131850365802,95.71431014903752,82.77494820825214,98.04501997991959,78.94133234786511,-1.158681496341984,"{""alpha"": 1.0, ""l1_ratio"": 1.0}",oxygen-heterocycle-fused,family_holdout,ee,1t,28,1am|1i|1p|1ao|1ab|1af|1x|1u|1k|1aj|1aa|1l|1ac|1g|1y|1c|1w|1o|1q|1v|1ai|1b|1ag|1n|1j|1m|1ah|1d,7,4.700795607804149,1a|1ae|1ak|1al|1e|1f|1h
5.020280615323486,,,oxygen-heterocycle-fused,stage2_alt,,3,oxygen-heterocycle-fused,lightgbm,91.0,91.0,,85.97971938467651,95.62210967395487,75.77348867030153,105.71022899833464,72.53190936557134,-5.020280615323486,"{""learning_rate"": 0.03, ""n_estimators"": 25, ""num_leaves"": 7}",oxygen-heterocycle-fused,family_holdout,ee,1r,28,1am|1i|1p|1ao|1ab|1af|1x|1u|1k|1aj|1aa|1l|1ac|1g|1y|1c|1w|1o|1q|1v|1ai|1b|1ag|1n|1j|1m|1ah|1d,7,8.828310542871185,1a|1ae|1ak|1al|1e|1f|1h
4.783426078483558,,,oxygen-heterocycle-fused,stage2_alt,,3,oxygen-heterocycle-fused,lightgbm,80.0,80.0,,84.78342607848356,94.42581636776191,74.57719536410858,104.51393569214169,71.33561605937838,4.783426078483558,"{""learning_rate"": 0.03, ""n_estimators"": 25, ""num_leaves"": 7}",oxygen-heterocycle-fused,family_holdout,ee,1s,28,1am|1i|1p|1ao|1ab|1af|1x|1u|1k|1aj|1aa|1l|1ac|1g|1y|1c|1w|1o|1q|1v|1ai|1b|1ag|1n|1j|1m|1ah|1d,7,8.828310542871185,1a|1ae|1ak|1al|1e|1f|1h
8.372933526788714,,,oxygen-heterocycle-fused,stage2_alt,,3,oxygen-heterocycle-fused,lightgbm,91.0,91.0,,82.62706647321129,92.26945676248964,72.4208357588363,102.35757608686941,69.17925645410611,-8.372933526788714,"{""learning_rate"": 0.03, ""n_estimators"": 25, ""num_leaves"": 7}",oxygen-heterocycle-fused,family_holdout,ee,1t,28,1am|1i|1p|1ao|1ab|1af|1x|1u|1k|1aj|1aa|1l|1ac|1g|1y|1c|1w|1o|1q|1v|1ai|1b|1ag|1n|1j|1m|1ah|1d,7,8.828310542871185,1a|1ae|1ak|1al|1e|1f|1h
11.07142857142857,112.27871122748235,47.57843162966051,oxygen-heterocycle-fused,stage2_alt,16.505173366791286,3,oxygen-heterocycle-fused,gaussian_process,91.0,91.0,,79.92857142857143,99.65714285714287,67.85714285720974,105.05714285714285,67.85714285715959,-11.07142857142857,"{""alpha"": 1e-05, ""kernel"": ""1**2 * RBF(length_scale=2) + WhiteKernel(noise_level=10)""}",oxygen-heterocycle-fused,family_holdout,ee,1r,28,1am|1i|1p|1ao|1ab|1af|1x|1u|1k|1aj|1aa|1l|1ac|1g|1y|1c|1w|1o|1q|1v|1ai|1b|1ag|1n|1j|1m|1ah|1d,7,13.295916356108515,1a|1ae|1ak|1al|1e|1f|1h
0.0714285714285694,112.27871122748235,47.57843162966051,oxygen-heterocycle-fused,stage2_alt,16.505173366791286,3,oxygen-heterocycle-fused,gaussian_process,80.0,80.0,,79.92857142857143,99.65714285714287,67.85714285720974,105.05714285714285,67.85714285715959,-0.0714285714285694,"{""alpha"": 1e-05, ""kernel"": ""1**2 * RBF(length_scale=2) + WhiteKernel(noise_level=10)""}",oxygen-heterocycle-fused,family_holdout,ee,1s,28,1am|1i|1p|1ao|1ab|1af|1x|1u|1k|1aj|1aa|1l|1ac|1g|1y|1c|1w|1o|1q|1v|1ai|1b|1ag|1n|1j|1m|1ah|1d,7,13.295916356108515,1a|1ae|1ak|1al|1e|1f|1h
11.071428570439323,112.2787112284716,47.57843163064975,oxygen-heterocycle-fused,stage2_alt,16.505173366791286,3,oxygen-heterocycle-fused,gaussian_process,91.0,91.0,,79.92857142956068,99.65714285813212,67.85714285819898,105.0571428581321,67.85714285814883,-11.071428570439323,"{""alpha"": 1e-05, ""kernel"": ""1**2 * RBF(length_scale=2) + WhiteKernel(noise_level=10)""}",oxygen-heterocycle-fused,family_holdout,ee,1t,28,1am|1i|1p|1ao|1ab|1af|1x|1u|1k|1aj|1aa|1l|1ac|1g|1y|1c|1w|1o|1q|1v|1ai|1b|1ag|1n|1j|1m|1ah|1d,7,13.295916356108515,1a|1ae|1ak|1al|1e|1f|1h
4.29926937464694,,,polycyclic-aryl,stage2_alt,,1,polycyclic-aryl,ridge_regression,91.0,91.0,,86.70073062535306,90.75576745448788,74.34492347547037,93.42210938849068,71.18191306113842,-4.29926937464694,"{""alpha"": 100.0}",polycyclic-aryl,family_holdout,ee,1n,30,1am|1i|1p|1ao|1ab|1af|1x|1u|1l|1aj|1aa|1k|1s|1ac|1g|1y|1c|1o|1w|1t|1q|1v|1ai|1b|1ag|1j|1m|1ah|1d|1e,7,5.715947584855537,1a|1ae|1ak|1al|1f|1h|1r
4.265730935739924,,,polycyclic-aryl,stage2_alt,,1,polycyclic-aryl,elastic_net,91.0,91.0,,86.73426906426008,91.4664110484424,79.85193236614218,92.31316138474199,75.29516570324846,-4.265730935739924,"{""alpha"": 0.1, ""l1_ratio"": 1.0}",polycyclic-aryl,family_holdout,ee,1n,30,1am|1i|1p|1ao|1ab|1af|1x|1u|1l|1aj|1aa|1k|1s|1ac|1g|1y|1c|1o|1w|1t|1q|1v|1ai|1b|1ag|1j|1m|1ah|1d|1e,7,4.152164034150475,1a|1ae|1ak|1al|1f|1h|1r
4.642583721469066,,,polycyclic-aryl,stage2_alt,,1,polycyclic-aryl,lightgbm,91.0,91.0,,86.35741627853093,93.71141426782776,78.58229311935877,101.5863044547994,77.87008870933708,-4.642583721469066,"{""learning_rate"": 0.03, ""n_estimators"": 75, ""num_leaves"": 7}",polycyclic-aryl,family_holdout,ee,1n,30,1am|1i|1p|1ao|1ab|1af|1x|1u|1l|1aj|1aa|1k|1s|1ac|1g|1y|1c|1o|1w|1t|1q|1v|1ai|1b|1ag|1j|1m|1ah|1d|1e,7,5.64003528530817,1a|1ae|1ak|1al|1f|1h|1r
10.666666636454764,111.87368393868026,48.792982788410214,polycyclic-aryl,stage2_alt,16.092015599558685,1,polycyclic-aryl,gaussian_process,91.0,91.0,,80.33333336354524,100.46666669687858,69.26666669694089,105.86666669687855,68.81666669701016,-10.666666636454764,"{""alpha"": 1e-05, ""kernel"": ""1**2 * RBF(length_scale=2) + WhiteKernel(noise_level=10)""}",polycyclic-aryl,family_holdout,ee,1n,30,1am|1i|1p|1ao|1ab|1af|1x|1u|1l|1aj|1aa|1k|1s|1ac|1g|1y|1c|1o|1w|1t|1q|1v|1ai|1b|1ag|1j|1m|1ah|1d|1e,7,13.095235279491044,1a|1ae|1ak|1al|1f|1h|1r
12.14024875145195,,,silyl-alkyl-aryl,stage2_alt,,1,silyl-alkyl-aryl,ridge_regression,67.0,67.0,,54.85975124854805,60.745885840175966,53.66895053350281,60.94389558991496,53.59031455533989,-12.14024875145195,"{""alpha"": 10.0}",silyl-alkyl-aryl,family_holdout,ee,1ac,30,1l|1am|1af|1y|1s|1ao|1x|1i|1ab|1p|1k|1aa|1al|1ai|1t|1v|1f|1b|1u|1w|1o|1q|1h|1ag|1n|1m|1j|1ah|1c|1e,7,2.6854082546694005,1a|1ae|1aj|1ak|1d|1g|1r
7.50856324761579,,,silyl-alkyl-aryl,stage2_alt,,1,silyl-alkyl-aryl,elastic_net,67.0,67.0,,59.49143675238421,66.06556456693261,59.75719539842401,66.16086728389384,59.550109658322626,-7.50856324761579,"{""alpha"": 0.1, ""l1_ratio"": 0.2}",silyl-alkyl-aryl,family_holdout,ee,1ac,30,1l|1am|1af|1y|1s|1ao|1x|1i|1ab|1p|1k|1aa|1al|1ai|1t|1v|1f|1b|1u|1w|1o|1q|1h|1ag|1n|1m|1j|1ah|1c|1e,7,3.3421616873821978,1a|1ae|1aj|1ak|1d|1g|1r
10.828781991004973,,,silyl-alkyl-aryl,stage2_alt,,1,silyl-alkyl-aryl,lightgbm,67.0,67.0,,56.17121800899503,66.8450574696496,51.60077787539619,75.52592850067042,47.62267034400525,-10.828781991004973,"{""learning_rate"": 0.1, ""n_estimators"": 75, ""num_leaves"": 7}",silyl-alkyl-aryl,family_holdout,ee,1ac,30,1l|1am|1af|1y|1s|1ao|1x|1i|1ab|1p|1k|1aa|1al|1ai|1t|1v|1f|1b|1u|1w|1o|1q|1h|1ag|1n|1m|1j|1ah|1c|1e,7,5.8775011875205445,1a|1ae|1aj|1ak|1d|1g|1r
15.099999999999994,110.60354079009414,53.59645920990584,silyl-alkyl-aryl,stage2_alt,14.542622852088856,1,silyl-alkyl-aryl,gaussian_process,67.0,67.0,,82.1,114.79999999999998,72.80000000337793,118.85,72.35000000717811,15.099999999999994,"{""alpha"": 1e-05, ""kernel"": ""1**2 * RBF(length_scale=2) + WhiteKernel(noise_level=10)""}",silyl-alkyl-aryl,family_holdout,ee,1ac,30,1l|1am|1af|1y|1s|1ao|1x|1i|1ab|1p|1k|1aa|1al|1ai|1t|1v|1f|1b|1u|1w|1o|1q|1h|1ag|1n|1m|1j|1ah|1c|1e,7,16.985714284507882,1a|1ae|1aj|1ak|1d|1g|1r
9.15446019132996,,,sulfur-heteroaryl,stage2_alt,,1,sulfur-heteroaryl,ridge_regression,91.0,91.0,,81.84553980867004,85.65949038544683,73.81540179718479,92.03069334284987,72.73770006926098,-9.15446019132996,"{""alpha"": 1000.0}",sulfur-heteroaryl,family_holdout,ee,1v,30,1am|1i|1p|1ao|1ab|1af|1x|1u|1l|1aj|1aa|1k|1s|1ac|1g|1y|1c|1w|1t|1o|1q|1ai|1b|1ag|1n|1j|1m|1ah|1d|1f,7,5.907732101483733,1a|1ae|1ak|1al|1e|1h|1r
4.610129248102396,,,sulfur-heteroaryl,stage2_alt,,1,sulfur-heteroaryl,elastic_net,91.0,91.0,,86.3898707518976,90.06326586907778,77.96348113050684,92.31493863307193,75.37638116558934,-4.610129248102396,"{""alpha"": 1.0, ""l1_ratio"": 1.0}",sulfur-heteroaryl,family_holdout,ee,1v,30,1am|1i|1p|1ao|1ab|1af|1x|1u|1l|1aj|1aa|1k|1s|1ac|1g|1y|1c|1w|1t|1o|1q|1ai|1b|1ag|1n|1j|1m|1ah|1d|1f,7,4.471474468921826,1a|1ae|1ak|1al|1e|1h|1r
2.560446855188573,,,sulfur-heteroaryl,stage2_alt,,1,sulfur-heteroaryl,lightgbm,91.0,91.0,,88.43955314481143,95.25085263371734,75.77343339293493,103.65892276000014,73.69407435941133,-2.560446855188573,"{""learning_rate"": 0.03, ""n_estimators"": 75, ""num_leaves"": 7}",sulfur-heteroaryl,family_holdout,ee,1v,30,1am|1i|1p|1ao|1ab|1af|1x|1u|1l|1aj|1aa|1k|1s|1ac|1g|1y|1c|1w|1t|1o|1q|1ai|1b|1ag|1n|1j|1m|1ah|1d|1f,7,7.678506271876577,1a|1ae|1ak|1al|1e|1h|1r
10.733333333093299,111.72001416811361,48.813319165699795,sulfur-heteroaryl,stage2_alt,16.047626276125975,1,sulfur-heteroaryl,gaussian_process,91.0,91.0,,80.2666666669067,100.33333333357336,68.5333333536079,105.73333333357337,68.533333338582,-10.733333333093299,"{""alpha"": 1e-05, ""kernel"": ""1**2 * RBF(length_scale=2) + WhiteKernel(noise_level=10)""}",sulfur-heteroaryl,family_holdout,ee,1v,30,1am|1i|1p|1ao|1ab|1af|1x|1u|1l|1aj|1aa|1k|1s|1ac|1g|1y|1c|1w|1t|1o|1q|1ai|1b|1ag|1n|1j|1m|1ah|1d|1f,7,13.390476185705996,1a|1ae|1ak|1al|1e|1h|1r
25.77440325772558,,,sulfur-heteroaryl-fused,stage2_alt,,2,sulfur-heteroaryl-fused,ridge_regression,92.0,92.0,,66.22559674227442,73.31801357911256,62.81378152682896,77.45578685001222,61.41110397787768,-25.77440325772558,"{""alpha"": 10.0}",sulfur-heteroaryl-fused,family_holdout,ee,1w,29,1am|1i|1p|1ao|1ab|1af|1e|1k|1s|1al|1y|1aa|1ac|1t|1v|1c|1o|1u|1q|1ai|1b|1m|1ag|1h|1n|1j|1ah|1f|1l,7,3.7193752614266082,1a|1ae|1aj|1ak|1d|1g|1r
14.806563402188118,,,sulfur-heteroaryl-fused,stage2_alt,,2,sulfur-heteroaryl-fused,ridge_regression,94.0,94.0,,79.19343659781188,86.28585343465002,75.78162138236642,90.42362670554968,74.37894383341515,-14.806563402188118,"{""alpha"": 10.0}",sulfur-heteroaryl-fused,family_holdout,ee,1x,29,1am|1i|1p|1ao|1ab|1af|1e|1k|1s|1al|1y|1aa|1ac|1t|1v|1c|1o|1u|1q|1ai|1b|1m|1ag|1h|1n|1j|1ah|1f|1l,7,3.7193752614266082,1a|1ae|1aj|1ak|1d|1g|1r
22.845688379753,,,sulfur-heteroaryl-fused,stage2_alt,,2,sulfur-heteroaryl-fused,elastic_net,92.0,92.0,,69.154311620247,77.12193905389687,67.73436113507132,81.28750576346063,66.58680666817557,-22.845688379753,"{""alpha"": 0.1, ""l1_ratio"": 0.2}",sulfur-heteroaryl-fused,family_holdout,ee,1w,29,1am|1i|1p|1ao|1ab|1af|1e|1k|1s|1al|1y|1aa|1ac|1t|1v|1c|1o|1u|1q|1ai|1b|1m|1ag|1h|1n|1j|1ah|1f|1l,7,3.705932890222015,1a|1ae|1aj|1ak|1d|1g|1r
14.618566766328897,,,sulfur-heteroaryl-fused,stage2_alt,,2,sulfur-heteroaryl-fused,elastic_net,94.0,94.0,,79.3814332336711,87.34906066732097,77.96148274849543,91.51462737688473,76.81392828159967,-14.618566766328897,"{""alpha"": 0.1, ""l1_ratio"": 0.2}",sulfur-heteroaryl-fused,family_holdout,ee,1x,29,1am|1i|1p|1ao|1ab|1af|1e|1k|1s|1al|1y|1aa|1ac|1t|1v|1c|1o|1u|1q|1ai|1b|1m|1ag|1h|1n|1j|1ah|1f|1l,7,3.705932890222015,1a|1ae|1aj|1ak|1d|1g|1r
12.592099483424036,,,sulfur-heteroaryl-fused,stage2_alt,,2,sulfur-heteroaryl-fused,lightgbm,92.0,92.0,,79.40790051657596,103.42232197800557,77.53974125528059,107.8360955817306,77.45674328527922,-12.592099483424036,"{""learning_rate"": 0.1, ""n_estimators"": 75, ""num_leaves"": 3}",sulfur-heteroaryl-fused,family_holdout,ee,1w,29,1am|1i|1p|1ao|1ab|1af|1e|1k|1s|1al|1y|1aa|1ac|1t|1v|1c|1o|1u|1q|1ai|1b|1m|1ag|1h|1n|1j|1ah|1f|1l,7,9.251872370729988,1a|1ae|1aj|1ak|1d|1g|1r
20.471370225061378,,,sulfur-heteroaryl-fused,stage2_alt,,2,sulfur-heteroaryl-fused,lightgbm,94.0,94.0,,73.52862977493862,97.54305123636823,71.66047051364325,101.95682484009326,71.57747254364187,-20.471370225061378,"{""learning_rate"": 0.1, ""n_estimators"": 75, ""num_leaves"": 3}",sulfur-heteroaryl-fused,family_holdout,ee,1x,29,1am|1i|1p|1ao|1ab|1af|1e|1k|1s|1al|1y|1aa|1ac|1t|1v|1c|1o|1u|1q|1ai|1b|1m|1ag|1h|1n|1j|1ah|1f|1l,7,9.251872370729988,1a|1ae|1aj|1ak|1d|1g|1r
11.172413793103445,109.68429816280407,51.97087425098904,sulfur-heteroaryl-fused,stage2_alt,14.722812222401794,2,sulfur-heteroaryl-fused,gaussian_process,92.0,92.0,,80.82758620689656,112.2551724137931,70.25517241601881,116.30517241379312,69.80517241852273,-11.172413793103445,"{""alpha"": 1e-05, ""kernel"": ""1**2 * RBF(length_scale=2) + WhiteKernel(noise_level=10)""}",sulfur-heteroaryl-fused,family_holdout,ee,1w,29,1am|1i|1p|1ao|1ab|1af|1e|1k|1s|1al|1y|1aa|1ac|1t|1v|1c|1o|1u|1q|1ai|1b|1m|1ag|1h|1n|1j|1ah|1f|1l,7,17.16748768393417,1a|1ae|1aj|1ak|1d|1g|1r
13.172413793103445,109.68429816280407,51.97087425098904,sulfur-heteroaryl-fused,stage2_alt,14.722812222401794,2,sulfur-heteroaryl-fused,gaussian_process,94.0,94.0,,80.82758620689656,112.2551724137931,70.25517241601881,116.30517241379312,69.80517241852273,-13.172413793103445,"{""alpha"": 1e-05, ""kernel"": ""1**2 * RBF(length_scale=2) + WhiteKernel(noise_level=10)""}",sulfur-heteroaryl-fused,family_holdout,ee,1x,29,1am|1i|1p|1ao|1ab|1af|1e|1k|1s|1al|1y|1aa|1ac|1t|1v|1c|1o|1u|1q|1ai|1b|1m|1ag|1h|1n|1j|1ah|1f|1l,7,17.16748768393417,1a|1ae|1aj|1ak|1d|1g|1r
0.1876489464344928,,,sulfur-heterocycle-fused,stage2_alt,,1,sulfur-heterocycle-fused,ridge_regression,91.0,91.0,,90.81235105356551,94.89410189096073,78.37752547133852,97.64212335970392,75.21819751804296,-0.1876489464344928,"{""alpha"": 100.0}",sulfur-heterocycle-fused,family_holdout,ee,1y,30,1am|1i|1p|1ao|1ab|1af|1x|1u|1l|1aj|1aa|1k|1s|1ac|1g|1c|1o|1w|1t|1q|1v|1ai|1b|1ag|1n|1j|1m|1ah|1d|1e,7,5.616989099100212,1a|1ae|1ak|1al|1f|1h|1r
4.827373802853046,,,sulfur-heterocycle-fused,stage2_alt,,1,sulfur-heterocycle-fused,elastic_net,91.0,91.0,,95.82737380285305,100.03148501166521,89.32341899080123,101.82288154412353,85.59675396399615,4.827373802853046,"{""alpha"": 0.1, ""l1_ratio"": 1.0}",sulfur-heterocycle-fused,family_holdout,ee,1y,30,1am|1i|1p|1ao|1ab|1af|1x|1u|1l|1aj|1aa|1k|1s|1ac|1g|1c|1o|1w|1t|1q|1v|1ai|1b|1ag|1n|1j|1m|1ah|1d|1e,7,3.6802805148615434,1a|1ae|1ak|1al|1f|1h|1r
0.8772673400935531,,,sulfur-heterocycle-fused,stage2_alt,,1,sulfur-heterocycle-fused,lightgbm,91.0,91.0,,90.12273265990645,97.71690149832213,83.49567882125704,105.74721535032556,82.05283015004161,-0.8772673400935531,"{""learning_rate"": 0.03, ""n_estimators"": 75, ""num_leaves"": 7}",sulfur-heterocycle-fused,family_holdout,ee,1y,30,1am|1i|1p|1ao|1ab|1af|1x|1u|1l|1aj|1aa|1k|1s|1ac|1g|1c|1o|1w|1t|1q|1v|1ai|1b|1ag|1n|1j|1m|1ah|1d|1e,7,5.604752832721682,1a|1ae|1ak|1al|1f|1h|1r
10.666666665075752,111.87368390806404,48.79298276178446,sulfur-heterocycle-fused,stage2_alt,16.092015598540712,1,sulfur-heterocycle-fused,gaussian_process,91.0,91.0,,80.33333333492425,100.46666666825757,69.26666666832061,105.86666666825758,68.81666666839035,-10.666666665075752,"{""alpha"": 1e-05, ""kernel"": ""1**2 * RBF(length_scale=2) + WhiteKernel(noise_level=10)""}",sulfur-heterocycle-fused,family_holdout,ee,1y,30,1am|1i|1p|1ao|1ab|1af|1x|1u|1l|1aj|1aa|1k|1s|1ac|1g|1c|1o|1w|1t|1q|1v|1ai|1b|1ag|1n|1j|1m|1ah|1d|1e,7,13.095234835229293,1a|1ae|1ak|1al|1f|1h|1r
22.826974623585144,,,alkyl-aryl-chain,stage2p,,2,alkyl-aryl-chain,ridge_regression,50.0,50.0,,72.82697462358514,77.13752232193403,60.32812141475513,81.17843352153403,59.30210079355564,22.826974623585144,"{""alpha"": 100.0}",alkyl-aryl-chain,family_holdout,ee,1ah,29,1am|1i|1p|1ao|1ab|1af|1x|1u|1l|1aj|1aa|1k|1s|1ac|1g|1y|1c|1t|1w|1o|1q|1v|1b|1ag|1n|1j|1m|1d|1e,7,6.475411796420716,1a|1ae|1ak|1al|1f|1h|1r
14.6043616853093,,,alkyl-aryl-chain,stage2p,,2,alkyl-aryl-chain,ridge_regression,50.0,50.0,,64.6043616853093,68.91490938365818,52.10550847647929,72.95582058325817,51.079487855279794,14.6043616853093,"{""alpha"": 100.0}",alkyl-aryl-chain,family_holdout,ee,1ai,29,1am|1i|1p|1ao|1ab|1af|1x|1u|1l|1aj|1aa|1k|1s|1ac|1g|1y|1c|1t|1w|1o|1q|1v|1b|1ag|1n|1j|1m|1d|1e,7,6.475411796420716,1a|1ae|1ak|1al|1f|1h|1r
22.849726385866504,,,alkyl-aryl-chain,stage2p,,2,alkyl-aryl-chain,elastic_net,50.0,50.0,,72.8497263858665,76.08411625512268,64.43703782278091,78.32650500094957,62.38479787190892,22.849726385866504,"{""alpha"": 1.0, ""l1_ratio"": 1.0}",alkyl-aryl-chain,family_holdout,ee,1ah,29,1am|1i|1p|1ao|1ab|1af|1x|1u|1l|1aj|1aa|1k|1s|1ac|1g|1y|1c|1t|1w|1o|1q|1v|1b|1ag|1n|1j|1m|1d|1e,7,4.46980434945496,1a|1ae|1ak|1al|1f|1h|1r
14.183665394431387,,,alkyl-aryl-chain,stage2p,,2,alkyl-aryl-chain,elastic_net,50.0,50.0,,64.18366539443139,67.41805526368756,55.77097683134579,69.66044400951445,53.718736880473806,14.183665394431387,"{""alpha"": 1.0, ""l1_ratio"": 1.0}",alkyl-aryl-chain,family_holdout,ee,1ai,29,1am|1i|1p|1ao|1ab|1af|1x|1u|1l|1aj|1aa|1k|1s|1ac|1g|1y|1c|1t|1w|1o|1q|1v|1b|1ag|1n|1j|1m|1d|1e,7,4.46980434945496,1a|1ae|1ak|1al|1f|1h|1r
28.92078674257752,,,alkyl-aryl-chain,stage2p,,2,alkyl-aryl-chain,lightgbm,50.0,50.0,,78.92078674257752,84.73355862334564,68.2917719834057,91.55695113335875,65.72567442070454,28.92078674257752,"{""learning_rate"": 0.03, ""n_estimators"": 75, ""num_leaves"": 7}",alkyl-aryl-chain,family_holdout,ee,1ah,29,1am|1i|1p|1ao|1ab|1af|1x|1u|1l|1aj|1aa|1k|1s|1ac|1g|1y|1c|1t|1w|1o|1q|1v|1b|1ag|1n|1j|1m|1d|1e,7,5.775569728421457,1a|1ae|1ak|1al|1f|1h|1r
19.052855672490224,,,alkyl-aryl-chain,stage2p,,2,alkyl-aryl-chain,lightgbm,50.0,50.0,,69.05285567249022,74.86562755325835,58.4238409133184,81.68902006327146,55.85774335061724,19.052855672490224,"{""learning_rate"": 0.03, ""n_estimators"": 75, ""num_leaves"": 7}",alkyl-aryl-chain,family_holdout,ee,1ai,29,1am|1i|1p|1ao|1ab|1af|1x|1u|1l|1aj|1aa|1k|1s|1ac|1g|1y|1c|1t|1w|1o|1q|1v|1b|1ag|1n|1j|1m|1d|1e,7,5.775569728421457,1a|1ae|1ak|1al|1f|1h|1r
32.793103448261434,110.94392840552962,54.64227849099324,alkyl-aryl-chain,stage2p,14.362665794524588,2,alkyl-aryl-chain,gaussian_process,50.0,50.0,,82.79310344826143,105.37812331947563,74.78620689732175,110.76927108678362,73.88620689820425,32.793103448261434,"{""alpha"": 1e-05, ""kernel"": ""1**2 * RBF(length_scale=2) + WhiteKernel(noise_level=10)""}",alkyl-aryl-chain,family_holdout,ee,1ah,29,1am|1i|1p|1ao|1ab|1af|1x|1u|1l|1aj|1aa|1k|1s|1ac|1g|1y|1c|1t|1w|1o|1q|1v|1b|1ag|1n|1j|1m|1d|1e,7,11.412801690880476,1a|1ae|1ak|1al|1f|1h|1r
32.793121969227414,110.94394692642392,54.64229701203091,alkyl-aryl-chain,stage2p,14.362665794488013,2,alkyl-aryl-chain,gaussian_process,50.0,50.0,,82.79312196922741,105.37814184044161,74.78622541828773,110.7692896077496,73.88622541917023,32.793121969227414,"{""alpha"": 1e-05, ""kernel"": ""1**2 * RBF(length_scale=2) + WhiteKernel(noise_level=10)""}",alkyl-aryl-chain,family_holdout,ee,1ai,29,1am|1i|1p|1ao|1ab|1af|1x|1u|1l|1aj|1aa|1k|1s|1ac|1g|1y|1c|1t|1w|1o|1q|1v|1b|1ag|1n|1j|1m|1d|1e,7,11.412801690880476,1a|1ae|1ak|1al|1f|1h|1r
8.148479505311329,,,branched-diaryl-alkyl,stage2p,,1,branched-diaryl-alkyl,ridge_regression,72.0,72.0,,63.85152049468867,76.83786603690042,58.878319227379194,82.7885395235449,56.3764200912364,-8.148479505311329,"{""alpha"": 100.0}",branched-diaryl-alkyl,family_holdout,ee,1ao,30,1l|1am|1af|1y|1s|1x|1i|1ab|1p|1aa|1k|1al|1ac|1g|1u|1c|1t|1w|1o|1q|1v|1ai|1b|1ag|1n|1j|1m|1ah|1d|1f,7,6.683098746379896,1a|1ae|1aj|1ak|1e|1h|1r
22.628116037923355,,,branched-diaryl-alkyl,stage2p,,1,branched-diaryl-alkyl,elastic_net,72.0,72.0,,49.371883962076645,57.9549663728811,46.66942893373323,62.70717326656208,45.76698256244479,-22.628116037923355,"{""alpha"": 1.0, ""l1_ratio"": 1.0}",branched-diaryl-alkyl,family_holdout,ee,1ao,30,1l|1am|1af|1y|1s|1x|1i|1ab|1p|1aa|1k|1al|1ac|1g|1u|1c|1t|1w|1o|1q|1v|1ai|1b|1ag|1n|1j|1m|1ah|1d|1f,7,4.1543787993493835,1a|1ae|1aj|1ak|1e|1h|1r
21.26660693635226,,,branched-diaryl-alkyl,stage2p,,1,branched-diaryl-alkyl,lightgbm,72.0,72.0,,50.73339306364774,59.817873159867034,45.420258136390544,69.286740308858,42.54239596748796,-21.26660693635226,"{""learning_rate"": 0.1, ""n_estimators"": 75, ""num_leaves"": 3}",branched-diaryl-alkyl,family_holdout,ee,1ao,30,1l|1am|1af|1y|1s|1x|1i|1ab|1p|1aa|1k|1al|1ac|1g|1u|1c|1t|1w|1o|1q|1v|1ai|1b|1ag|1n|1j|1m|1ah|1d|1f,7,5.537177958605442,1a|1ae|1aj|1ak|1e|1h|1r
9.866666607508634,110.97729046418885,52.75604275082841,branched-diaryl-alkyl,stage2p,14.852359110551133,1,branched-diaryl-alkyl,gaussian_process,72.0,72.0,,81.86666660750863,114.2889119956917,71.73332860970199,118.37092011671606,71.73329969181964,9.866666607508634,"{""alpha"": 1e-05, ""kernel"": ""1**2 * RBF(length_scale=0.5) + WhiteKernel(noise_level=1)""}",branched-diaryl-alkyl,family_holdout,ee,1ao,30,1l|1am|1af|1y|1s|1x|1i|1ab|1p|1aa|1k|1al|1ac|1g|1u|1c|1t|1w|1o|1q|1v|1ai|1b|1ag|1n|1j|1m|1ah|1d|1f,7,15.170887811495058,1a|1ae|1aj|1ak|1e|1h|1r
21.326114115720216,,,carbonyl-alkyl-aryl,stage2p,,3,carbonyl-alkyl-aryl,ridge_regression,53.0,53.0,,74.32611411572022,73.45485870920346,62.19366444659234,74.80356347321907,58.39895486076671,21.326114115720216,"{""alpha"": 1000.0}",carbonyl-alkyl-aryl,family_holdout,ee,1ae,28,1am|1i|1p|1ao|1ab|1x|1u|1l|1aj|1d|1aa|1s|1ac|1j|1y|1v|1f|1o|1t|1w|1b|1q|1ai|1h|1m|1n|1ah|1c,7,6.404118971512598,1a|1ak|1al|1e|1g|1k|1r
16.28952280525668,,,carbonyl-alkyl-aryl,stage2p,,3,carbonyl-alkyl-aryl,ridge_regression,61.0,61.0,,77.28952280525668,76.41826739873993,65.1570731361288,77.76697216275554,61.36236355030317,16.28952280525668,"{""alpha"": 1000.0}",carbonyl-alkyl-aryl,family_holdout,ee,1af,28,1am|1i|1p|1ao|1ab|1x|1u|1l|1aj|1d|1aa|1s|1ac|1j|1y|1v|1f|1o|1t|1w|1b|1q|1ai|1h|1m|1n|1ah|1c,7,6.404118971512598,1a|1ak|1al|1e|1g|1k|1r
11.981669231055648,,,carbonyl-alkyl-aryl,stage2p,,3,carbonyl-alkyl-aryl,ridge_regression,90.0,90.0,,78.01833076894435,77.1470753624276,65.88588109981647,78.49578012644321,62.091171513990844,-11.981669231055648,"{""alpha"": 1000.0}",carbonyl-alkyl-aryl,family_holdout,ee,1ag,28,1am|1i|1p|1ao|1ab|1x|1u|1l|1aj|1d|1aa|1s|1ac|1j|1y|1v|1f|1o|1t|1w|1b|1q|1ai|1h|1m|1n|1ah|1c,7,6.404118971512598,1a|1ak|1al|1e|1g|1k|1r
26.916891606058982,,,carbonyl-alkyl-aryl,stage2p,,3,carbonyl-alkyl-aryl,elastic_net,53.0,53.0,,79.91689160605898,80.77888055578428,65.31954664011234,80.9104721110505,64.91547651632874,26.916891606058982,"{""alpha"": 0.1, ""l1_ratio"": 0.8}",carbonyl-alkyl-aryl,family_holdout,ee,1ae,28,1am|1i|1p|1ao|1ab|1x|1u|1l|1aj|1d|1aa|1s|1ac|1j|1y|1v|1f|1o|1t|1w|1b|1q|1ai|1h|1m|1n|1ah|1c,7,5.749337695492037,1a|1ak|1al|1e|1g|1k|1r
22.989544086396876,,,carbonyl-alkyl-aryl,stage2p,,3,carbonyl-alkyl-aryl,elastic_net,61.0,61.0,,83.98954408639688,84.85153303612218,69.39219912045023,84.98312459138839,68.98812899666663,22.989544086396876,"{""alpha"": 0.1, ""l1_ratio"": 0.8}",carbonyl-alkyl-aryl,family_holdout,ee,1af,28,1am|1i|1p|1ao|1ab|1x|1u|1l|1aj|1d|1aa|1s|1ac|1j|1y|1v|1f|1o|1t|1w|1b|1q|1ai|1h|1m|1n|1ah|1c,7,5.749337695492037,1a|1ak|1al|1e|1g|1k|1r
13.278387100093923,,,carbonyl-alkyl-aryl,stage2p,,3,carbonyl-alkyl-aryl,elastic_net,90.0,90.0,,76.72161289990608,77.58360184963138,62.12426793395943,77.71519340489759,61.720197810175826,-13.278387100093923,"{""alpha"": 0.1, ""l1_ratio"": 0.8}",carbonyl-alkyl-aryl,family_holdout,ee,1ag,28,1am|1i|1p|1ao|1ab|1x|1u|1l|1aj|1d|1aa|1s|1ac|1j|1y|1v|1f|1o|1t|1w|1b|1q|1ai|1h|1m|1n|1ah|1c,7,5.749337695492037,1a|1ak|1al|1e|1g|1k|1r
28.05187070916672,,,carbonyl-alkyl-aryl,stage2p,,3,carbonyl-alkyl-aryl,lightgbm,53.0,53.0,,81.05187070916672,78.76813648476559,70.84594578737455,81.23121556375659,68.12028277400599,28.05187070916672,"{""learning_rate"": 0.03, ""n_estimators"": 25, ""num_leaves"": 3}",carbonyl-alkyl-aryl,family_holdout,ee,1ae,28,1am|1i|1p|1ao|1ab|1x|1u|1l|1aj|1d|1aa|1s|1ac|1j|1y|1v|1f|1o|1t|1w|1b|1q|1ai|1h|1m|1n|1ah|1c,7,6.577524168259499,1a|1ak|1al|1e|1g|1k|1r
20.05187070916672,,,carbonyl-alkyl-aryl,stage2p,,3,carbonyl-alkyl-aryl,lightgbm,61.0,61.0,,81.05187070916672,78.76813648476559,70.84594578737455,81.23121556375659,68.12028277400599,20.05187070916672,"{""learning_rate"": 0.03, ""n_estimators"": 25, ""num_leaves"": 3}",carbonyl-alkyl-aryl,family_holdout,ee,1af,28,1am|1i|1p|1ao|1ab|1x|1u|1l|1aj|1d|1aa|1s|1ac|1j|1y|1v|1f|1o|1t|1w|1b|1q|1ai|1h|1m|1n|1ah|1c,7,6.577524168259499,1a|1ak|1al|1e|1g|1k|1r
18.836062302239313,,,carbonyl-alkyl-aryl,stage2p,,3,carbonyl-alkyl-aryl,lightgbm,90.0,90.0,,71.16393769776069,68.88020347335956,60.95801277596851,71.34328255235056,58.23234976259995,-18.836062302239313,"{""learning_rate"": 0.03, ""n_estimators"": 25, ""num_leaves"": 3}",carbonyl-alkyl-aryl,family_holdout,ee,1ag,28,1am|1i|1p|1ao|1ab|1x|1u|1l|1aj|1d|1aa|1s|1ac|1j|1y|1v|1f|1o|1t|1w|1b|1q|1ai|1h|1m|1n|1ah|1c,7,6.577524168259499,1a|1ak|1al|1e|1g|1k|1r
27.45352062205089,114.10497804070502,46.80206320339675,carbonyl-alkyl-aryl,stage2p,17.169110927884766,3,carbonyl-alkyl-aryl,gaussian_process,53.0,53.0,,80.45352062205089,88.37540870669886,68.65649599879163,91.34871464748946,68.33962398555711,27.45352062205089,"{""alpha"": 1e-05, ""kernel"": ""1**2 * RBF(length_scale=2) + WhiteKernel(noise_level=10)""}",carbonyl-alkyl-aryl,family_holdout,ee,1ae,28,1am|1i|1p|1ao|1ab|1x|1u|1l|1aj|1d|1aa|1s|1ac|1j|1y|1v|1f|1o|1t|1w|1b|1q|1ai|1h|1m|1n|1ah|1c,7,7.587699258896145,1a|1ak|1al|1e|1g|1k|1r
19.447052388662584,114.0984927616477,46.79561201567746,carbonyl-alkyl-aryl,stage2p,17.16910223111486,3,carbonyl-alkyl-aryl,gaussian_process,61.0,61.0,,80.44705238866258,88.36894047331056,68.65002776540332,91.34224641410115,68.3331557521688,19.447052388662584,"{""alpha"": 1e-05, ""kernel"": ""1**2 * RBF(length_scale=2) + WhiteKernel(noise_level=10)""}",carbonyl-alkyl-aryl,family_holdout,ee,1af,28,1am|1i|1p|1ao|1ab|1x|1u|1l|1aj|1d|1aa|1s|1ac|1j|1y|1v|1f|1o|1t|1w|1b|1q|1ai|1h|1m|1n|1ah|1c,7,7.587699258896145,1a|1ak|1al|1e|1g|1k|1r
9.536913936524584,114.11455307018474,46.81161905676609,carbonyl-alkyl-aryl,stage2p,17.169115819749656,3,carbonyl-alkyl-aryl,gaussian_process,90.0,90.0,,80.46308606347542,88.38497414812339,68.66606144021615,91.35828008891399,68.34918942698164,-9.536913936524584,"{""alpha"": 1e-05, ""kernel"": ""1**2 * RBF(length_scale=2) + WhiteKernel(noise_level=10)""}",carbonyl-alkyl-aryl,family_holdout,ee,1ag,28,1am|1i|1p|1ao|1ab|1x|1u|1l|1aj|1d|1aa|1s|1ac|1j|1y|1v|1f|1o|1t|1w|1b|1q|1ai|1h|1m|1n|1ah|1c,7,7.587699258896145,1a|1ak|1al|1e|1g|1k|1r
5.105189039959555,,,carbonyl-heterocycle-fused,stage2p,,1,carbonyl-heterocycle-fused,ridge_regression,86.0,86.0,,91.10518903995955,105.58327703726087,86.5435432247774,110.73925276731552,83.17211630711627,5.105189039959555,"{""alpha"": 100.0}",carbonyl-heterocycle-fused,family_holdout,ee,1u,30,1am|1i|1p|1ao|1ab|1af|1x|1l|1s|1y|1k|1al|1aa|1ac|1g|1t|1c|1w|1o|1q|1v|1ai|1b|1ag|1n|1j|1m|1ah|1d|1e,7,6.780285565749785,1a|1ae|1aj|1ak|1f|1h|1r
6.502691652451489,,,carbonyl-heterocycle-fused,stage2p,,1,carbonyl-heterocycle-fused,elastic_net,86.0,86.0,,92.50269165245149,105.36314981273198,89.47529061507979,112.0831018082488,88.07555507585815,6.502691652451489,"{""alpha"": 1.0, ""l1_ratio"": 1.0}",carbonyl-heterocycle-fused,family_holdout,ee,1u,30,1am|1i|1p|1ao|1ab|1af|1x|1l|1s|1y|1k|1al|1aa|1ac|1g|1t|1c|1w|1o|1q|1v|1ai|1b|1ag|1n|1j|1m|1ah|1d|1e,7,6.161082787507591,1a|1ae|1aj|1ak|1f|1h|1r
5.971774071233341,,,carbonyl-heterocycle-fused,stage2p,,1,carbonyl-heterocycle-fused,lightgbm,86.0,86.0,,91.97177407123334,111.0783204356627,91.01651991340958,125.63371119751996,89.89822469412087,5.971774071233341,"{""learning_rate"": 0.1, ""n_estimators"": 75, ""num_leaves"": 3}",carbonyl-heterocycle-fused,family_holdout,ee,1u,30,1am|1i|1p|1ao|1ab|1af|1x|1l|1s|1y|1k|1al|1aa|1ac|1g|1t|1c|1w|1o|1q|1v|1ai|1b|1ag|1n|1j|1m|1ah|1d|1e,7,7.654661677388772,1a|1ae|1aj|1ak|1f|1h|1r
1.165521152837158,112.48455846375441,57.184399230571266,carbonyl-heterocycle-fused,stage2p,14.107183477852844,1,carbonyl-heterocycle-fused,gaussian_process,86.0,86.0,,84.83447884716284,116.89972136017802,75.50114550759866,120.95078596813025,74.60114550058896,-1.165521152837158,"{""alpha"": 1e-05, ""kernel"": ""1**2 * RBF(length_scale=2) + WhiteKernel(noise_level=10)""}",carbonyl-heterocycle-fused,family_holdout,ee,1u,30,1am|1i|1p|1ao|1ab|1af|1x|1l|1s|1y|1k|1al|1aa|1ac|1g|1t|1c|1w|1o|1q|1v|1ai|1b|1ag|1n|1j|1m|1ah|1d|1e,7,15.572714825054986,1a|1ae|1aj|1ak|1f|1h|1r
17.51192986394092,,,cycloalkyl-alkyl-aryl,stage2p,,3,cycloalkyl-alkyl-aryl,ridge_regression,44.0,44.0,,61.51192986394092,74.76442786478995,55.04133279741679,77.59240256640719,51.34104703733121,17.51192986394092,"{""alpha"": 100.0}",cycloalkyl-alkyl-aryl,family_holdout,ee,1aj,28,1i|1am|1p|1ao|1ab|1af|1x|1u|1k|1e|1ac|1s|1aa|1y|1v|1c|1o|1w|1t|1q|1ai|1b|1m|1ag|1n|1h|1j|1ah,7,6.354426355819955,1a|1ae|1d|1f|1g|1l|1r
1.1098562256253643,,,cycloalkyl-alkyl-aryl,stage2p,,3,cycloalkyl-alkyl-aryl,ridge_regression,65.0,65.0,,63.890143774374636,77.14264177522367,57.41954670785051,79.9706164768409,53.71926094776492,-1.1098562256253643,"{""alpha"": 100.0}",cycloalkyl-alkyl-aryl,family_holdout,ee,1ak,28,1i|1am|1p|1ao|1ab|1af|1x|1u|1k|1e|1ac|1s|1aa|1y|1v|1c|1o|1w|1t|1q|1ai|1b|1m|1ag|1n|1h|1j|1ah,7,6.354426355819955,1a|1ae|1d|1f|1g|1l|1r
10.456745667700389,,,cycloalkyl-alkyl-aryl,stage2p,,3,cycloalkyl-alkyl-aryl,ridge_regression,73.0,73.0,,62.54325433229961,75.79575233314864,56.07265726577548,78.62372703476588,52.3723715056899,-10.456745667700389,"{""alpha"": 100.0}",cycloalkyl-alkyl-aryl,family_holdout,ee,1al,28,1i|1am|1p|1ao|1ab|1af|1x|1u|1k|1e|1ac|1s|1aa|1y|1v|1c|1o|1w|1t|1q|1ai|1b|1m|1ag|1n|1h|1j|1ah,7,6.354426355819955,1a|1ae|1d|1f|1g|1l|1r
20.81034840467393,,,cycloalkyl-alkyl-aryl,stage2p,,3,cycloalkyl-alkyl-aryl,elastic_net,44.0,44.0,,64.81034840467393,68.23198926532999,59.890604069440684,69.45342932748827,57.677548597623414,20.81034840467393,"{""alpha"": 1.0, ""l1_ratio"": 1.0}",cycloalkyl-alkyl-aryl,family_holdout,ee,1aj,28,1i|1am|1p|1ao|1ab|1af|1x|1u|1k|1e|1ac|1s|1aa|1y|1v|1c|1o|1w|1t|1q|1ai|1b|1m|1ag|1n|1h|1j|1ah,7,2.904621043758013,1a|1ae|1d|1f|1g|1l|1r
13.248291078887576,,,cycloalkyl-alkyl-aryl,stage2p,,3,cycloalkyl-alkyl-aryl,elastic_net,65.0,65.0,,78.24829107888758,81.66993193954363,73.32854674365433,82.89137200170191,71.11549127183706,13.248291078887576,"{""alpha"": 1.0, ""l1_ratio"": 1.0}",cycloalkyl-alkyl-aryl,family_holdout,ee,1ak,28,1i|1am|1p|1ao|1ab|1af|1x|1u|1k|1e|1ac|1s|1aa|1y|1v|1c|1o|1w|1t|1q|1ai|1b|1m|1ag|1n|1h|1j|1ah,7,2.904621043758013,1a|1ae|1d|1f|1g|1l|1r
6.1673899715929394,,,cycloalkyl-alkyl-aryl,stage2p,,3,cycloalkyl-alkyl-aryl,elastic_net,73.0,73.0,,79.16738997159294,82.589030832249,74.24764563635969,83.81047089440727,72.03459016454242,6.1673899715929394,"{""alpha"": 1.0, ""l1_ratio"": 1.0}",cycloalkyl-alkyl-aryl,family_holdout,ee,1al,28,1i|1am|1p|1ao|1ab|1af|1x|1u|1k|1e|1ac|1s|1aa|1y|1v|1c|1o|1w|1t|1q|1ai|1b|1m|1ag|1n|1h|1j|1ah,7,2.904621043758013,1a|1ae|1d|1f|1g|1l|1r
31.82408469998434,,,cycloalkyl-alkyl-aryl,stage2p,,3,cycloalkyl-alkyl-aryl,lightgbm,44.0,44.0,,75.82408469998434,80.44073171744627,73.2564578137882,80.95991522581826,72.8137803268178,31.82408469998434,"{""learning_rate"": 0.1, ""n_estimators"": 75, ""num_leaves"": 3}",cycloalkyl-alkyl-aryl,family_holdout,ee,1aj,28,1i|1am|1p|1ao|1ab|1af|1x|1u|1k|1e|1ac|1s|1aa|1y|1v|1c|1o|1w|1t|1q|1ai|1b|1m|1ag|1n|1h|1j|1ah,7,2.6122121829603597,1a|1ae|1d|1f|1g|1l|1r
3.4836319076386957,,,cycloalkyl-alkyl-aryl,stage2p,,3,cycloalkyl-alkyl-aryl,lightgbm,65.0,65.0,,61.516368092361304,66.13301510982323,58.94874120616516,66.65219861819523,58.50606371919477,-3.4836319076386957,"{""learning_rate"": 0.1, ""n_estimators"": 75, ""num_leaves"": 3}",cycloalkyl-alkyl-aryl,family_holdout,ee,1ak,28,1i|1am|1p|1ao|1ab|1af|1x|1u|1k|1e|1ac|1s|1aa|1y|1v|1c|1o|1w|1t|1q|1ai|1b|1m|1ag|1n|1h|1j|1ah,7,2.6122121829603597,1a|1ae|1d|1f|1g|1l|1r
1.9935391309719535,,,cycloalkyl-alkyl-aryl,stage2p,,3,cycloalkyl-alkyl-aryl,lightgbm,73.0,73.0,,74.99353913097195,79.61018614843388,72.42591224477582,80.12936965680588,71.98323475780542,1.9935391309719535,"{""learning_rate"": 0.1, ""n_estimators"": 75, ""num_leaves"": 3}",cycloalkyl-alkyl-aryl,family_holdout,ee,1al,28,1i|1am|1p|1ao|1ab|1af|1x|1u|1k|1e|1ac|1s|1aa|1y|1v|1c|1o|1w|1t|1q|1ai|1b|1m|1ag|1n|1h|1j|1ah,7,2.6122121829603597,1a|1ae|1d|1f|1g|1l|1r
37.60542271842661,111.71060822322164,51.50023721363158,cycloalkyl-alkyl-aryl,stage2p,15.35978852285461,3,cycloalkyl-alkyl-aryl,gaussian_process,44.0,44.0,,81.60542271842661,92.79437405845948,72.41256569803426,105.82390860171071,71.51256583580711,37.60542271842661,"{""alpha"": 1e-05, ""kernel"": ""1**2 * RBF(length_scale=2) + WhiteKernel(noise_level=10)""}",cycloalkyl-alkyl-aryl,family_holdout,ee,1aj,28,1i|1am|1p|1ao|1ab|1af|1x|1u|1k|1e|1ac|1s|1aa|1y|1v|1c|1o|1w|1t|1q|1ai|1b|1m|1ag|1n|1h|1j|1ah,7,8.847312337496877,1a|1ae|1d|1f|1g|1l|1r
16.60688580182176,111.71207133911072,51.5017002645328,cycloalkyl-alkyl-aryl,stage2p,15.359788539433145,3,cycloalkyl-alkyl-aryl,gaussian_process,65.0,65.0,,81.60688580182176,92.79583714185463,72.41402878142941,105.82537168510586,71.51402891920226,16.60688580182176,"{""alpha"": 1e-05, ""kernel"": ""1**2 * RBF(length_scale=2) + WhiteKernel(noise_level=10)""}",cycloalkyl-alkyl-aryl,family_holdout,ee,1ak,28,1i|1am|1p|1ao|1ab|1af|1x|1u|1k|1e|1ac|1s|1aa|1y|1v|1c|1o|1w|1t|1q|1ai|1b|1m|1ag|1n|1h|1j|1ah,7,8.847312337496877,1a|1ae|1d|1f|1g|1l|1r
8.607063728345409,111.71224926630626,51.50187819038455,cycloalkyl-alkyl-aryl,stage2p,15.359788539775948,3,cycloalkyl-alkyl-aryl,gaussian_process,73.0,73.0,,81.60706372834541,92.79601506837828,72.41420670795306,105.82554961162951,71.51420684572591,8.607063728345409,"{""alpha"": 1e-05, ""kernel"": ""1**2 * RBF(length_scale=2) + WhiteKernel(noise_level=10)""}",cycloalkyl-alkyl-aryl,family_holdout,ee,1al,28,1i|1am|1p|1ao|1ab|1af|1x|1u|1k|1e|1ac|1s|1aa|1y|1v|1c|1o|1w|1t|1q|1ai|1b|1m|1ag|1n|1h|1j|1ah,7,8.847312337496877,1a|1ae|1d|1f|1g|1l|1r
21.71352895142624,,,cycloalkyl-aryl,stage2p,,1,cycloalkyl-aryl,ridge_regression,45.0,45.0,,66.71352895142624,85.41640047251005,61.38233127339136,94.26853686191372,59.94847234480632,21.71352895142624,"{""alpha"": 100.0}",cycloalkyl-aryl,family_holdout,ee,1am,30,1i|1al|1u|1ao|1ab|1af|1x|1p|1l|1aa|1k|1s|1ac|1g|1y|1c|1w|1t|1o|1q|1v|1ai|1b|1ag|1n|1j|1m|1ah|1d|1f,7,9.400863580386828,1a|1ae|1aj|1ak|1e|1h|1r
3.795541751146871,,,cycloalkyl-aryl,stage2p,,1,cycloalkyl-aryl,elastic_net,45.0,45.0,,48.79554175114687,62.51986336139854,45.81451418788808,69.75638303057605,45.38210066800045,3.795541751146871,"{""alpha"": 1.0, ""l1_ratio"": 1.0}",cycloalkyl-aryl,family_holdout,ee,1am,30,1i|1al|1u|1ao|1ab|1af|1x|1p|1l|1aa|1k|1s|1ac|1g|1y|1c|1w|1t|1o|1q|1v|1ai|1b|1ag|1n|1j|1m|1ah|1d|1f,7,6.7095647224620745,1a|1ae|1aj|1ak|1e|1h|1r
14.102017931586921,,,cycloalkyl-aryl,stage2p,,1,cycloalkyl-aryl,lightgbm,45.0,45.0,,59.10201793158692,78.62257752007613,55.38683157639937,90.03488529703908,54.29248118620366,14.102017931586921,"{""learning_rate"": 0.1, ""n_estimators"": 75, ""num_leaves"": 3}",cycloalkyl-aryl,family_holdout,ee,1am,30,1i|1al|1u|1ao|1ab|1af|1x|1p|1l|1aa|1k|1s|1ac|1g|1y|1c|1w|1t|1o|1q|1v|1ai|1b|1ag|1n|1j|1m|1ah|1d|1f,7,7.812945579554844,1a|1ae|1aj|1ak|1e|1h|1r
37.766666660949525,108.58509696143997,56.94823636045908,cycloalkyl-aryl,stage2p,13.172668520658391,1,cycloalkyl-aryl,gaussian_process,45.0,45.0,,82.76666666094953,116.1318340200994,73.53333332718326,120.1829584969961,73.53333331944224,37.766666660949525,"{""alpha"": 1e-05, ""kernel"": ""1**2 * RBF(length_scale=2) + WhiteKernel(noise_level=1)""}",cycloalkyl-aryl,family_holdout,ee,1am,30,1i|1al|1u|1ao|1ab|1af|1x|1p|1l|1aa|1k|1s|1ac|1g|1y|1c|1w|1t|1o|1q|1v|1ai|1b|1ag|1n|1j|1m|1ah|1d|1f,7,15.72549372925674,1a|1ae|1aj|1ak|1e|1h|1r
8.392408225892993,,,diaryl-ethyl-aryl-substituted,stage2p,,12,diaryl-ethyl-aryl-substituted,ridge_regression,80.0,80.0,,88.39240822589299,105.68596133449022,81.46342580032005,108.26146088241534,79.33210024293265,8.392408225892993,"{""alpha"": 100.0}",diaryl-ethyl-aryl-substituted,family_holdout,ee,1b,21,1am|1q|1ao|1ab|1af|1x|1s|1al|1y|1ac|1w|1aa|1u|1v|1o|1t|1p|1ai|1ag|1n|1ah,5,10.140117461009007,1a|1ae|1aj|1ak|1r
8.147132801210475,,,diaryl-ethyl-aryl-substituted,stage2p,,12,diaryl-ethyl-aryl-substituted,ridge_regression,92.0,92.0,,83.85286719878953,101.14642030738675,76.92388477321659,103.72191985531187,74.79255921582919,-8.147132801210475,"{""alpha"": 100.0}",diaryl-ethyl-aryl-substituted,family_holdout,ee,1c,21,1am|1q|1ao|1ab|1af|1x|1s|1al|1y|1ac|1w|1aa|1u|1v|1o|1t|1p|1ai|1ag|1n|1ah,5,10.140117461009007,1a|1ae|1aj|1ak|1r
6.547818872475091,,,diaryl-ethyl-aryl-substituted,stage2p,,12,diaryl-ethyl-aryl-substituted,ridge_regression,90.0,90.0,,83.45218112752491,100.74573423612213,76.52319870195197,103.32123378404725,74.39187314456457,-6.547818872475091,"{""alpha"": 100.0}",diaryl-ethyl-aryl-substituted,family_holdout,ee,1d,21,1am|1q|1ao|1ab|1af|1x|1s|1al|1y|1ac|1w|1aa|1u|1v|1o|1t|1p|1ai|1ag|1n|1ah,5,10.140117461009007,1a|1ae|1aj|1ak|1r
4.119560657773093,,,diaryl-ethyl-aryl-substituted,stage2p,,12,diaryl-ethyl-aryl-substituted,ridge_regression,92.0,92.0,,87.88043934222691,105.17399245082413,80.95145691665397,107.74949199874925,78.82013135926657,-4.119560657773093,"{""alpha"": 100.0}",diaryl-ethyl-aryl-substituted,family_holdout,ee,1e,21,1am|1q|1ao|1ab|1af|1x|1s|1al|1y|1ac|1w|1aa|1u|1v|1o|1t|1p|1ai|1ag|1n|1ah,5,10.140117461009007,1a|1ae|1aj|1ak|1r
1.3621731849099632,,,diaryl-ethyl-aryl-substituted,stage2p,,12,diaryl-ethyl-aryl-substituted,ridge_regression,90.0,90.0,,88.63782681509004,105.93137992368726,81.7088443895171,108.50687947161238,79.5775188321297,-1.3621731849099632,"{""alpha"": 100.0}",diaryl-ethyl-aryl-substituted,family_holdout,ee,1f,21,1am|1q|1ao|1ab|1af|1x|1s|1al|1y|1ac|1w|1aa|1u|1v|1o|1t|1p|1ai|1ag|1n|1ah,5,10.140117461009007,1a|1ae|1aj|1ak|1r
1.6405103221745492,,,diaryl-ethyl-aryl-substituted,stage2p,,12,diaryl-ethyl-aryl-substituted,ridge_regression,90.0,90.0,,88.35948967782545,105.65304278642267,81.43050725225251,108.2285423343478,79.29918169486511,-1.6405103221745492,"{""alpha"": 100.0}",diaryl-ethyl-aryl-substituted,family_holdout,ee,1g,21,1am|1q|1ao|1ab|1af|1x|1s|1al|1y|1ac|1w|1aa|1u|1v|1o|1t|1p|1ai|1ag|1n|1ah,5,10.140117461009007,1a|1ae|1aj|1ak|1r
1.440934895894685,,,diaryl-ethyl-aryl-substituted,stage2p,,12,diaryl-ethyl-aryl-substituted,ridge_regression,90.0,90.0,,88.55906510410531,105.85261821270254,81.63008267853237,108.42811776062766,79.49875712114498,-1.440934895894685,"{""alpha"": 100.0}",diaryl-ethyl-aryl-substituted,family_holdout,ee,1h,21,1am|1q|1ao|1ab|1af|1x|1s|1al|1y|1ac|1w|1aa|1u|1v|1o|1t|1p|1ai|1ag|1n|1ah,5,10.140117461009007,1a|1ae|1aj|1ak|1r
15.397254025581091,,,diaryl-ethyl-aryl-substituted,stage2p,,12,diaryl-ethyl-aryl-substituted,ridge_regression,73.0,73.0,,88.39725402558109,105.69080713417831,81.46827160000815,108.26630668210343,79.33694604262075,15.397254025581091,"{""alpha"": 100.0}",diaryl-ethyl-aryl-substituted,family_holdout,ee,1i,21,1am|1q|1ao|1ab|1af|1x|1s|1al|1y|1ac|1w|1aa|1u|1v|1o|1t|1p|1ai|1ag|1n|1ah,5,10.140117461009007,1a|1ae|1aj|1ak|1r
11.985937049160697,,,diaryl-ethyl-aryl-substituted,stage2p,,12,diaryl-ethyl-aryl-substituted,ridge_regression,95.0,95.0,,83.0140629508393,100.30761605943653,76.08508052526636,102.88311560736165,73.95375496787896,-11.985937049160697,"{""alpha"": 100.0}",diaryl-ethyl-aryl-substituted,family_holdout,ee,1j,21,1am|1q|1ao|1ab|1af|1x|1s|1al|1y|1ac|1w|1aa|1u|1v|1o|1t|1p|1ai|1ag|1n|1ah,5,10.140117461009007,1a|1ae|1aj|1ak|1r
5.621690443445104,,,diaryl-ethyl-aryl-substituted,stage2p,,12,diaryl-ethyl-aryl-substituted,ridge_regression,95.0,95.0,,89.3783095565549,106.67186266515212,82.44932713098196,109.24736221307724,80.31800157359456,-5.621690443445104,"{""alpha"": 100.0}",diaryl-ethyl-aryl-substituted,family_holdout,ee,1k,21,1am|1q|1ao|1ab|1af|1x|1s|1al|1y|1ac|1w|1aa|1u|1v|1o|1t|1p|1ai|1ag|1n|1ah,5,10.140117461009007,1a|1ae|1aj|1ak|1r
18.0,,,diaryl-ethyl-aryl-substituted,stage2p,,12,diaryl-ethyl-aryl-substituted,ridge_regression,82.0,82.0,,100.0,117.29355310859722,93.07101757442706,119.86905265652234,90.93969201703966,18.0,"{""alpha"": 100.0}",diaryl-ethyl-aryl-substituted,family_holdout,ee,1l,21,1am|1q|1ao|1ab|1af|1x|1s|1al|1y|1ac|1w|1aa|1u|1v|1o|1t|1p|1ai|1ag|1n|1ah,5,10.140117461009007,1a|1ae|1aj|1ak|1r
6.0,,,diaryl-ethyl-aryl-substituted,stage2p,,12,diaryl-ethyl-aryl-substituted,ridge_regression,94.0,94.0,,100.0,117.29355310859722,93.07101757442706,119.86905265652234,90.93969201703966,6.0,"{""alpha"": 100.0}",diaryl-ethyl-aryl-substituted,family_holdout,ee,1m,21,1am|1q|1ao|1ab|1af|1x|1s|1al|1y|1ac|1w|1aa|1u|1v|1o|1t|1p|1ai|1ag|1n|1ah,5,10.140117461009007,1a|1ae|1aj|1ak|1r
15.095018860129244,,,diaryl-ethyl-aryl-substituted,stage2p,,12,diaryl-ethyl-aryl-substituted,elastic_net,80.0,80.0,,95.09501886012924,109.99201822500324,90.72988988406962,111.61988355886751,89.61313984691705,15.095018860129244,"{""alpha"": 1.0, ""l1_ratio"": 0.8}",diaryl-ethyl-aryl-substituted,family_holdout,ee,1b,21,1am|1q|1ao|1ab|1af|1x|1s|1al|1y|1ac|1w|1aa|1u|1v|1o|1t|1p|1ai|1ag|1n|1ah,5,8.492374415679404,1a|1ae|1aj|1ak|1r
6.119907374027875,,,diaryl-ethyl-aryl-substituted,stage2p,,12,diaryl-ethyl-aryl-substituted,elastic_net,92.0,92.0,,85.88009262597213,100.77709199084612,81.5149636499125,102.4049573247104,80.39821361275993,-6.119907374027875,"{""alpha"": 1.0, ""l1_ratio"": 0.8}",diaryl-ethyl-aryl-substituted,family_holdout,ee,1c,21,1am|1q|1ao|1ab|1af|1x|1s|1al|1y|1ac|1w|1aa|1u|1v|1o|1t|1p|1ai|1ag|1n|1ah,5,8.492374415679404,1a|1ae|1aj|1ak|1r
15.009424093225817,,,diaryl-ethyl-aryl-substituted,stage2p,,12,diaryl-ethyl-aryl-substituted,elastic_net,90.0,90.0,,74.99057590677418,89.88757527164817,70.62544693071456,91.51544060551245,69.50869689356199,-15.009424093225817,"{""alpha"": 1.0, ""l1_ratio"": 0.8}",diaryl-ethyl-aryl-substituted,family_holdout,ee,1d,21,1am|1q|1ao|1ab|1af|1x|1s|1al|1y|1ac|1w|1aa|1u|1v|1o|1t|1p|1ai|1ag|1n|1ah,5,8.492374415679404,1a|1ae|1aj|1ak|1r
8.806856271425204,,,diaryl-ethyl-aryl-substituted,stage2p,,12,diaryl-ethyl-aryl-substituted,elastic_net,92.0,92.0,,83.1931437285748,98.09014309344879,78.82801475251517,99.71800842731307,77.7112647153626,-8.806856271425204,"{""alpha"": 1.0, ""l1_ratio"": 0.8}",diaryl-ethyl-aryl-substituted,family_holdout,ee,1e,21,1am|1q|1ao|1ab|1af|1x|1s|1al|1y|1ac|1w|1aa|1u|1v|1o|1t|1p|1ai|1ag|1n|1ah,5,8.492374415679404,1a|1ae|1aj|1ak|1r
0.000998868309849854,,,diaryl-ethyl-aryl-substituted,stage2p,,12,diaryl-ethyl-aryl-substituted,elastic_net,90.0,90.0,,89.99900113169015,104.89600049656414,85.63387215563053,106.52386583042842,84.51712211847796,-0.000998868309849854,"{""alpha"": 1.0, ""l1_ratio"": 0.8}",diaryl-ethyl-aryl-substituted,family_holdout,ee,1f,21,1am|1q|1ao|1ab|1af|1x|1s|1al|1y|1ac|1w|1aa|1u|1v|1o|1t|1p|1ai|1ag|1n|1ah,5,8.492374415679404,1a|1ae|1aj|1ak|1r
4.26648212064822,,,diaryl-ethyl-aryl-substituted,stage2p,,12,diaryl-ethyl-aryl-substituted,elastic_net,90.0,90.0,,85.73351787935178,100.63051724422577,81.36838890329216,102.25838257809005,80.25163886613959,-4.26648212064822,"{""alpha"": 1.0, ""l1_ratio"": 0.8}",diaryl-ethyl-aryl-substituted,family_holdout,ee,1g,21,1am|1q|1ao|1ab|1af|1x|1s|1al|1y|1ac|1w|1aa|1u|1v|1o|1t|1p|1ai|1ag|1n|1ah,5,8.492374415679404,1a|1ae|1aj|1ak|1r
4.4768656750604805,,,diaryl-ethyl-aryl-substituted,stage2p,,12,diaryl-ethyl-aryl-substituted,elastic_net,90.0,90.0,,85.52313432493952,100.42013368981351,81.1580053488799,102.04799902367779,80.04125531172733,-4.4768656750604805,"{""alpha"": 1.0, ""l1_ratio"": 0.8}",diaryl-ethyl-aryl-substituted,family_holdout,ee,1h,21,1am|1q|1ao|1ab|1af|1x|1s|1al|1y|1ac|1w|1aa|1u|1v|1o|1t|1p|1ai|1ag|1n|1ah,5,8.492374415679404,1a|1ae|1aj|1ak|1r
9.193491739720784,,,diaryl-ethyl-aryl-substituted,stage2p,,12,diaryl-ethyl-aryl-substituted,elastic_net,73.0,73.0,,82.19349173972078,97.09049110459478,77.82836276366116,98.71835643845905,76.71161272650859,9.193491739720784,"{""alpha"": 1.0, ""l1_ratio"": 0.8}",diaryl-ethyl-aryl-substituted,family_holdout,ee,1i,21,1am|1q|1ao|1ab|1af|1x|1s|1al|1y|1ac|1w|1aa|1u|1v|1o|1t|1p|1ai|1ag|1n|1ah,5,8.492374415679404,1a|1ae|1aj|1ak|1r
10.581410995943699,,,diaryl-ethyl-aryl-substituted,stage2p,,12,diaryl-ethyl-aryl-substituted,elastic_net,95.0,95.0,,84.4185890040563,99.31558836893029,80.05346002799668,100.94345370279457,78.93670999084411,-10.581410995943699,"{""alpha"": 1.0, ""l1_ratio"": 0.8}",diaryl-ethyl-aryl-substituted,family_holdout,ee,1j,21,1am|1q|1ao|1ab|1af|1x|1s|1al|1y|1ac|1w|1aa|1u|1v|1o|1t|1p|1ai|1ag|1n|1ah,5,8.492374415679404,1a|1ae|1aj|1ak|1r
7.42388742237749,,,diaryl-ethyl-aryl-substituted,stage2p,,12,diaryl-ethyl-aryl-substituted,elastic_net,95.0,95.0,,87.57611257762251,102.4731119424965,83.21098360156289,104.10097727636078,82.09423356441032,-7.42388742237749,"{""alpha"": 1.0, ""l1_ratio"": 0.8}",diaryl-ethyl-aryl-substituted,family_holdout,ee,1k,21,1am|1q|1ao|1ab|1af|1x|1s|1al|1y|1ac|1w|1aa|1u|1v|1o|1t|1p|1ai|1ag|1n|1ah,5,8.492374415679404,1a|1ae|1aj|1ak|1r
1.028241746008547,,,diaryl-ethyl-aryl-substituted,stage2p,,12,diaryl-ethyl-aryl-substituted,elastic_net,82.0,82.0,,83.02824174600855,97.92524111088254,78.66311276994892,99.55310644474682,77.54636273279635,1.028241746008547,"{""alpha"": 1.0, ""l1_ratio"": 0.8}",diaryl-ethyl-aryl-substituted,family_holdout,ee,1l,21,1am|1q|1ao|1ab|1af|1x|1s|1al|1y|1ac|1w|1aa|1u|1v|1o|1t|1p|1ai|1ag|1n|1ah,5,8.492374415679404,1a|1ae|1aj|1ak|1r
7.780734956039922,,,diaryl-ethyl-aryl-substituted,stage2p,,12,diaryl-ethyl-aryl-substituted,elastic_net,94.0,94.0,,86.21926504396008,101.11626440883407,81.85413606790046,102.74412974269835,80.73738603074789,-7.780734956039922,"{""alpha"": 1.0, ""l1_ratio"": 0.8}",diaryl-ethyl-aryl-substituted,family_holdout,ee,1m,21,1am|1q|1ao|1ab|1af|1x|1s|1al|1y|1ac|1w|1aa|1u|1v|1o|1t|1p|1ai|1ag|1n|1ah,5,8.492374415679404,1a|1ae|1aj|1ak|1r
0.8549980903768812,,,diaryl-ethyl-aryl-substituted,stage2p,,12,diaryl-ethyl-aryl-substituted,lightgbm,80.0,80.0,,80.85499809037688,96.61001911915571,79.62443016333307,100.99948475217067,78.94436847274909,0.8549980903768812,"{""learning_rate"": 0.1, ""n_estimators"": 75, ""num_leaves"": 3}",diaryl-ethyl-aryl-substituted,family_holdout,ee,1b,21,1am|1q|1ao|1ab|1af|1x|1s|1al|1y|1ac|1w|1aa|1u|1v|1o|1t|1p|1ai|1ag|1n|1ah,5,7.274502595412183,1a|1ae|1aj|1ak|1r
14.806562774367904,,,diaryl-ethyl-aryl-substituted,stage2p,,12,diaryl-ethyl-aryl-substituted,lightgbm,92.0,92.0,,77.1934372256321,92.94845825441092,75.96286929858829,97.33792388742589,75.2828076080043,-14.806562774367904,"{""learning_rate"": 0.1, ""n_estimators"": 75, ""num_leaves"": 3}",diaryl-ethyl-aryl-substituted,family_holdout,ee,1c,21,1am|1q|1ao|1ab|1af|1x|1s|1al|1y|1ac|1w|1aa|1u|1v|1o|1t|1p|1ai|1ag|1n|1ah,5,7.274502595412183,1a|1ae|1aj|1ak|1r
15.578804418158015,,,diaryl-ethyl-aryl-substituted,stage2p,,12,diaryl-ethyl-aryl-substituted,lightgbm,90.0,90.0,,74.42119558184199,90.17621661062081,73.19062765479818,94.56568224363579,72.5105659642142,-15.578804418158015,"{""learning_rate"": 0.1, ""n_estimators"": 75, ""num_leaves"": 3}",diaryl-ethyl-aryl-substituted,family_holdout,ee,1d,21,1am|1q|1ao|1ab|1af|1x|1s|1al|1y|1ac|1w|1aa|1u|1v|1o|1t|1p|1ai|1ag|1n|1ah,5,7.274502595412183,1a|1ae|1aj|1ak|1r
3.5537297535691863,,,diaryl-ethyl-aryl-substituted,stage2p,,12,diaryl-ethyl-aryl-substituted,lightgbm,92.0,92.0,,88.44627024643081,104.20129127520964,87.215702319387,108.59075690822462,86.53564062880302,-3.5537297535691863,"{""learning_rate"": 0.1, ""n_estimators"": 75, ""num_leaves"": 3}",diaryl-ethyl-aryl-substituted,family_holdout,ee,1e,21,1am|1q|1ao|1ab|1af|1x|1s|1al|1y|1ac|1w|1aa|1u|1v|1o|1t|1p|1ai|1ag|1n|1ah,5,7.274502595412183,1a|1ae|1aj|1ak|1r
0.795060325077884,,,diaryl-ethyl-aryl-substituted,stage2p,,12,diaryl-ethyl-aryl-substituted,lightgbm,90.0,90.0,,89.20493967492212,104.95996070370094,87.97437174787831,109.34942633671591,87.29431005729433,-0.795060325077884,"{""learning_rate"": 0.1, ""n_estimators"": 75, ""num_leaves"": 3}",diaryl-ethyl-aryl-substituted,family_holdout,ee,1f,21,1am|1q|1ao|1ab|1af|1x|1s|1al|1y|1ac|1w|1aa|1u|1v|1o|1t|1p|1ai|1ag|1n|1ah,5,7.274502595412183,1a|1ae|1aj|1ak|1r
1.7558447676739632,,,diaryl-ethyl-aryl-substituted,stage2p,,12,diaryl-ethyl-aryl-substituted,lightgbm,90.0,90.0,,91.75584476767396,107.51086579645279,90.52527684063016,111.90033142946777,89.84521515004617,1.7558447676739632,"{""learning_rate"": 0.1, ""n_estimators"": 75, ""num_leaves"": 3}",diaryl-ethyl-aryl-substituted,family_holdout,ee,1g,21,1am|1q|1ao|1ab|1af|1x|1s|1al|1y|1ac|1w|1aa|1u|1v|1o|1t|1p|1ai|1ag|1n|1ah,5,7.274502595412183,1a|1ae|1aj|1ak|1r
0.039368871526093585,,,diaryl-ethyl-aryl-substituted,stage2p,,12,diaryl-ethyl-aryl-substituted,lightgbm,90.0,90.0,,90.0393688715261,105.79438990030492,88.80880094448229,110.1838555333199,88.1287392538983,0.039368871526093585,"{""learning_rate"": 0.1, ""n_estimators"": 75, ""num_leaves"": 3}",diaryl-ethyl-aryl-substituted,family_holdout,ee,1h,21,1am|1q|1ao|1ab|1af|1x|1s|1al|1y|1ac|1w|1aa|1u|1v|1o|1t|1p|1ai|1ag|1n|1ah,5,7.274502595412183,1a|1ae|1aj|1ak|1r
1.942803327609795,,,diaryl-ethyl-aryl-substituted,stage2p,,12,diaryl-ethyl-aryl-substituted,lightgbm,73.0,73.0,,74.9428033276098,90.69782435638862,73.71223540056599,95.08728998940359,73.032173709982,1.942803327609795,"{""learning_rate"": 0.1, ""n_estimators"": 75, ""num_leaves"": 3}",diaryl-ethyl-aryl-substituted,family_holdout,ee,1i,21,1am|1q|1ao|1ab|1af|1x|1s|1al|1y|1ac|1w|1aa|1u|1v|1o|1t|1p|1ai|1ag|1n|1ah,5,7.274502595412183,1a|1ae|1aj|1ak|1r
17.39916593154851,,,diaryl-ethyl-aryl-substituted,stage2p,,12,diaryl-ethyl-aryl-substituted,lightgbm,95.0,95.0,,77.60083406845149,93.35585509723032,76.37026614140768,97.74532073024528,75.6902044508237,-17.39916593154851,"{""learning_rate"": 0.1, ""n_estimators"": 75, ""num_leaves"": 3}",diaryl-ethyl-aryl-substituted,family_holdout,ee,1j,21,1am|1q|1ao|1ab|1af|1x|1s|1al|1y|1ac|1w|1aa|1u|1v|1o|1t|1p|1ai|1ag|1n|1ah,5,7.274502595412183,1a|1ae|1aj|1ak|1r
14.981170170323082,,,diaryl-ethyl-aryl-substituted,stage2p,,12,diaryl-ethyl-aryl-substituted,lightgbm,95.0,95.0,,80.01882982967692,95.77385085845575,78.78826190263311,100.16331649147071,78.10820021204913,-14.981170170323082,"{""learning_rate"": 0.1, ""n_estimators"": 75, ""num_leaves"": 3}",diaryl-ethyl-aryl-substituted,family_holdout,ee,1k,21,1am|1q|1ao|1ab|1af|1x|1s|1al|1y|1ac|1w|1aa|1u|1v|1o|1t|1p|1ai|1ag|1n|1ah,5,7.274502595412183,1a|1ae|1aj|1ak|1r
2.9543420220927885,,,diaryl-ethyl-aryl-substituted,stage2p,,12,diaryl-ethyl-aryl-substituted,lightgbm,82.0,82.0,,79.04565797790721,94.80067900668604,77.8150900508634,99.190144639701,77.13502836027942,-2.9543420220927885,"{""learning_rate"": 0.1, ""n_estimators"": 75, ""num_leaves"": 3}",diaryl-ethyl-aryl-substituted,family_holdout,ee,1l,21,1am|1q|1ao|1ab|1af|1x|1s|1al|1y|1ac|1w|1aa|1u|1v|1o|1t|1p|1ai|1ag|1n|1ah,5,7.274502595412183,1a|1ae|1aj|1ak|1r
8.189656355688442,,,diaryl-ethyl-aryl-substituted,stage2p,,12,diaryl-ethyl-aryl-substituted,lightgbm,94.0,94.0,,85.81034364431156,101.56536467309039,84.57977571726775,105.95483030610535,83.89971402668377,-8.189656355688442,"{""learning_rate"": 0.1, ""n_estimators"": 75, ""num_leaves"": 3}",diaryl-ethyl-aryl-substituted,family_holdout,ee,1m,21,1am|1q|1ao|1ab|1af|1x|1s|1al|1y|1ac|1w|1aa|1u|1v|1o|1t|1p|1ai|1ag|1n|1ah,5,7.274502595412183,1a|1ae|1aj|1ak|1r
6.755533301265245,113.63078007761021,59.88028652492028,diaryl-ethyl-aryl-substituted,stage2p,13.711860600176005,12,diaryl-ethyl-aryl-substituted,gaussian_process,80.0,80.0,,86.75553330126525,106.64884934160685,77.47872219155549,108.50148725919604,74.39399706790894,6.755533301265245,"{""alpha"": 1e-05, ""kernel"": ""1**2 * RBF(length_scale=1) + WhiteKernel(noise_level=1)""}",diaryl-ethyl-aryl-substituted,family_holdout,ee,1b,21,1am|1q|1ao|1ab|1af|1x|1s|1al|1y|1ac|1w|1aa|1u|1v|1o|1t|1p|1ai|1ag|1n|1ah,5,12.046556215874872,1a|1ae|1aj|1ak|1r
9.725379786549567,113.00497981554152,51.54426061135935,diaryl-ethyl-aryl-substituted,stage2p,15.678754899026062,12,diaryl-ethyl-aryl-substituted,gaussian_process,92.0,92.0,,82.27462021345043,102.16793625379204,72.99780910374068,104.02057417138123,69.91308398009413,-9.725379786549567,"{""alpha"": 1e-05, ""kernel"": ""1**2 * RBF(length_scale=1) + WhiteKernel(noise_level=1)""}",diaryl-ethyl-aryl-substituted,family_holdout,ee,1c,21,1am|1q|1ao|1ab|1af|1x|1s|1al|1y|1ac|1w|1aa|1u|1v|1o|1t|1p|1ai|1ag|1n|1ah,5,12.046556215874872,1a|1ae|1aj|1ak|1r
12.177279569882884,113.85690414535603,41.7885367148782,diaryl-ethyl-aryl-substituted,stage2p,18.384787609815774,12,diaryl-ethyl-aryl-substituted,gaussian_process,90.0,90.0,,77.82272043011712,97.71603647045872,68.54590932040736,99.56867438804791,65.46118419676081,-12.177279569882884,"{""alpha"": 1e-05, ""kernel"": ""1**2 * RBF(length_scale=1) + WhiteKernel(noise_level=1)""}",diaryl-ethyl-aryl-substituted,family_holdout,ee,1d,21,1am|1q|1ao|1ab|1af|1x|1s|1al|1y|1ac|1w|1aa|1u|1v|1o|1t|1p|1ai|1ag|1n|1ah,5,12.046556215874872,1a|1ae|1aj|1ak|1r
11.359087058663675,116.85059840932604,44.4312274733466,diaryl-ethyl-aryl-substituted,stage2p,18.47432932040292,12,diaryl-ethyl-aryl-substituted,gaussian_process,92.0,92.0,,80.64091294133632,100.53422898167793,71.36410183162657,102.38686689926712,68.27937670798002,-11.359087058663675,"{""alpha"": 1e-05, ""kernel"": ""1**2 * RBF(length_scale=1) + WhiteKernel(noise_level=1)""}",diaryl-ethyl-aryl-substituted,family_holdout,ee,1e,21,1am|1q|1ao|1ab|1af|1x|1s|1al|1y|1ac|1w|1aa|1u|1v|1o|1t|1p|1ai|1ag|1n|1ah,5,12.046556215874872,1a|1ae|1aj|1ak|1r
11.53624547238664,115.69793638404249,41.229572671184236,diaryl-ethyl-aryl-substituted,stage2p,18.997031559402615,12,diaryl-ethyl-aryl-substituted,gaussian_process,90.0,90.0,,78.46375452761336,98.35707056795496,69.1869434179036,100.20970848554416,66.10221829425706,-11.53624547238664,"{""alpha"": 1e-05, ""kernel"": ""1**2 * RBF(length_scale=1) + WhiteKernel(noise_level=1)""}",diaryl-ethyl-aryl-substituted,family_holdout,ee,1f,21,1am|1q|1ao|1ab|1af|1x|1s|1al|1y|1ac|1w|1aa|1u|1v|1o|1t|1p|1ai|1ag|1n|1ah,5,12.046556215874872,1a|1ae|1aj|1ak|1r
5.3336497516316115,115.79320007014745,53.53950042658933,diaryl-ethyl-aryl-substituted,stage2p,15.881045827438296,12,diaryl-ethyl-aryl-substituted,gaussian_process,90.0,90.0,,84.66635024836839,104.55966628870999,75.38953913865863,106.41230420629918,72.30481401501208,-5.3336497516316115,"{""alpha"": 1e-05, ""kernel"": ""1**2 * RBF(length_scale=1) + WhiteKernel(noise_level=1)""}",diaryl-ethyl-aryl-substituted,family_holdout,ee,1g,21,1am|1q|1ao|1ab|1af|1x|1s|1al|1y|1ac|1w|1aa|1u|1v|1o|1t|1p|1ai|1ag|1n|1ah,5,12.046556215874872,1a|1ae|1aj|1ak|1r
5.639183716103233,116.46023974727204,52.26139282052149,diaryl-ethyl-aryl-substituted,stage2p,16.37725686906902,12,diaryl-ethyl-aryl-substituted,gaussian_process,90.0,90.0,,84.36081628389677,104.25413232423837,75.08400517418701,106.10677024182756,71.99928005054046,-5.639183716103233,"{""alpha"": 1e-05, ""kernel"": ""1**2 * RBF(length_scale=1) + WhiteKernel(noise_level=1)""}",diaryl-ethyl-aryl-substituted,family_holdout,ee,1h,21,1am|1q|1ao|1ab|1af|1x|1s|1al|1y|1ac|1w|1aa|1u|1v|1o|1t|1p|1ai|1ag|1n|1ah,5,12.046556215874872,1a|1ae|1aj|1ak|1r
7.873289941226062,115.18158420663536,46.56499567581677,diaryl-ethyl-aryl-substituted,stage2p,17.504231768065967,12,diaryl-ethyl-aryl-substituted,gaussian_process,73.0,73.0,,80.87328994122606,100.76660598156766,71.59647883151631,102.61924389915686,68.51175370786976,7.873289941226062,"{""alpha"": 1e-05, ""kernel"": ""1**2 * RBF(length_scale=1) + WhiteKernel(noise_level=1)""}",diaryl-ethyl-aryl-substituted,family_holdout,ee,1i,21,1am|1q|1ao|1ab|1af|1x|1s|1al|1y|1ac|1w|1aa|1u|1v|1o|1t|1p|1ai|1ag|1n|1ah,5,12.046556215874872,1a|1ae|1aj|1ak|1r
14.857428480287638,112.80587805406853,47.479264985356195,diaryl-ethyl-aryl-substituted,stage2p,16.664952313447024,12,diaryl-ethyl-aryl-substituted,gaussian_process,95.0,95.0,,80.14257151971236,100.03588756005396,70.86576041000261,101.88852547764316,67.78103528635606,-14.857428480287638,"{""alpha"": 1e-05, ""kernel"": ""1**2 * RBF(length_scale=1) + WhiteKernel(noise_level=1)""}",diaryl-ethyl-aryl-substituted,family_holdout,ee,1j,21,1am|1q|1ao|1ab|1af|1x|1s|1al|1y|1ac|1w|1aa|1u|1v|1o|1t|1p|1ai|1ag|1n|1ah,5,12.046556215874872,1a|1ae|1aj|1ak|1r
15.791299505984199,114.2306925875958,44.1867084004358,diaryl-ethyl-aryl-substituted,stage2p,17.868363313051024,12,diaryl-ethyl-aryl-substituted,gaussian_process,95.0,95.0,,79.2087004940158,99.1020165343574,69.93188938430605,100.9546544519466,66.8471642606595,-15.791299505984199,"{""alpha"": 1e-05, ""kernel"": ""1**2 * RBF(length_scale=1) + WhiteKernel(noise_level=1)""}",diaryl-ethyl-aryl-substituted,family_holdout,ee,1k,21,1am|1q|1ao|1ab|1af|1x|1s|1al|1y|1ac|1w|1aa|1u|1v|1o|1t|1p|1ai|1ag|1n|1ah,5,12.046556215874872,1a|1ae|1aj|1ak|1r
3.5714285714285694,115.66309846591497,41.194044391227884,diaryl-ethyl-aryl-substituted,stage2p,18.997207672114055,12,diaryl-ethyl-aryl-substituted,gaussian_process,82.0,82.0,,78.42857142857143,98.32188746891303,69.15176031886168,100.17452538650222,66.06703519521513,-3.5714285714285694,"{""alpha"": 1e-05, ""kernel"": ""1**2 * RBF(length_scale=1) + WhiteKernel(noise_level=1)""}",diaryl-ethyl-aryl-substituted,family_holdout,ee,1l,21,1am|1q|1ao|1ab|1af|1x|1s|1al|1y|1ac|1w|1aa|1u|1v|1o|1t|1p|1ai|1ag|1n|1ah,5,12.046556215874872,1a|1ae|1aj|1ak|1r
15.57142857142857,115.66309846591497,41.194044391227884,diaryl-ethyl-aryl-substituted,stage2p,18.997207672114055,12,diaryl-ethyl-aryl-substituted,gaussian_process,94.0,94.0,,78.42857142857143,98.32188746891303,69.15176031886168,100.17452538650222,66.06703519521513,-15.57142857142857,"{""alpha"": 1e-05, ""kernel"": ""1**2 * RBF(length_scale=1) + WhiteKernel(noise_level=1)""}",diaryl-ethyl-aryl-substituted,family_holdout,ee,1m,21,1am|1q|1ao|1ab|1af|1x|1s|1al|1y|1ac|1w|1aa|1u|1v|1o|1t|1p|1ai|1ag|1n|1ah,5,12.046556215874872,1a|1ae|1aj|1ak|1r
13.774512353765402,,,diaryl-ethyl-parent,stage2p,,1,diaryl-ethyl-parent,ridge_regression,92.0,92.0,,78.2254876462346,82.78858474619304,67.15496973468508,87.35158790829684,63.21911392306274,-13.774512353765402,"{""alpha"": 100.0}",diaryl-ethyl-parent,family_holdout,ee,1a,30,1am|1i|1p|1ao|1ab|1af|1x|1u|1l|1aj|1aa|1k|1s|1ac|1g|1y|1c|1w|1t|1o|1q|1v|1ai|1b|1ag|1n|1j|1m|1ah|1d,7,5.705380715747219,1ae|1ak|1al|1e|1f|1h|1r
5.720872929140256,,,diaryl-ethyl-parent,stage2p,,1,diaryl-ethyl-parent,elastic_net,92.0,92.0,,86.27912707085974,89.74559302137804,82.92626907539014,90.7696003028018,80.82861076053145,-5.720872929140256,"{""alpha"": 1.0, ""l1_ratio"": 1.0}",diaryl-ethyl-parent,family_holdout,ee,1a,30,1am|1i|1p|1ao|1ab|1af|1x|1u|1l|1aj|1aa|1k|1s|1ac|1g|1y|1c|1w|1t|1o|1q|1v|1ai|1b|1ag|1n|1j|1m|1ah|1d,7,2.5601387634842965,1ae|1ak|1al|1e|1f|1h|1r
7.221873739895855,,,diaryl-ethyl-parent,stage2p,,1,diaryl-ethyl-parent,lightgbm,92.0,92.0,,84.77812626010414,92.88268954092544,75.0036278384427,102.72808697289588,73.34110980122458,-7.221873739895855,"{""learning_rate"": 0.1, ""n_estimators"": 25, ""num_leaves"": 3}",diaryl-ethyl-parent,family_holdout,ee,1a,30,1am|1i|1p|1ao|1ab|1af|1x|1u|1l|1aj|1aa|1k|1s|1ac|1g|1y|1c|1w|1t|1o|1q|1v|1ai|1b|1ag|1n|1j|1m|1ah|1d,7,7.034531111096241,1ae|1ak|1al|1e|1f|1h|1r
16.302010204666544,100.04758285692583,51.34839673374109,diaryl-ethyl-parent,stage2p,12.423261766118554,1,diaryl-ethyl-parent,gaussian_process,92.0,92.0,,75.69798979533346,80.93844980532562,64.11328829415285,86.55825309777873,60.400111713346675,-16.302010204666544,"{""alpha"": 1e-05, ""kernel"": ""1**2 * RBF(length_scale=0.5) + WhiteKernel(noise_level=1)""}",diaryl-ethyl-parent,family_holdout,ee,1a,30,1am|1i|1p|1ao|1ab|1af|1x|1u|1l|1aj|1aa|1k|1s|1ac|1g|1y|1c|1w|1t|1o|1q|1v|1ai|1b|1ag|1n|1j|1m|1ah|1d,7,7.262394130707791,1ae|1ak|1al|1e|1f|1h|1r
5.007917244278559,,,nitrogen-heteroaryl,stage2p,,2,nitrogen-heteroaryl,ridge_regression,88.0,88.0,,93.00791724427856,96.76668421189068,81.44234629371878,98.60679245986663,76.01034902895805,5.007917244278559,"{""alpha"": 10.0}",nitrogen-heteroaryl,family_holdout,ee,1aa,29,1am|1i|1p|1ao|1af|1x|1u|1l|1aj|1k|1o|1s|1ac|1f|1y|1v|1w|1t|1b|1q|1h|1ai|1ag|1n|1m|1j|1ah|1c|1e,7,5.902525220186966,1a|1ae|1ak|1al|1d|1g|1r
17.84330663998047,,,nitrogen-heteroaryl,stage2p,,2,nitrogen-heteroaryl,ridge_regression,95.0,95.0,,77.15669336001953,80.91546032763165,65.59112240945976,82.7555685756076,60.15912514469902,-17.84330663998047,"{""alpha"": 10.0}",nitrogen-heteroaryl,family_holdout,ee,1ab,29,1am|1i|1p|1ao|1af|1x|1u|1l|1aj|1k|1o|1s|1ac|1f|1y|1v|1w|1t|1b|1q|1h|1ai|1ag|1n|1m|1j|1ah|1c|1e,7,5.902525220186966,1a|1ae|1ak|1al|1d|1g|1r
1.4365747333934848,,,nitrogen-heteroaryl,stage2p,,2,nitrogen-heteroaryl,elastic_net,88.0,88.0,,89.43657473339348,93.7763497141264,84.20320651611412,95.18633253571863,83.42118329923488,1.4365747333934848,"{""alpha"": 1.0, ""l1_ratio"": 0.8}",nitrogen-heteroaryl,family_holdout,ee,1aa,29,1am|1i|1p|1ao|1af|1x|1u|1l|1aj|1k|1o|1s|1ac|1f|1y|1v|1w|1t|1b|1q|1h|1ai|1ag|1n|1m|1j|1ah|1c|1e,7,3.4675590622997134,1a|1ae|1ak|1al|1d|1g|1r
18.28627973202981,,,nitrogen-heteroaryl,stage2p,,2,nitrogen-heteroaryl,elastic_net,95.0,95.0,,76.71372026797019,81.0534952487031,71.48035205069083,82.46347807029534,70.69832883381159,-18.28627973202981,"{""alpha"": 1.0, ""l1_ratio"": 0.8}",nitrogen-heteroaryl,family_holdout,ee,1ab,29,1am|1i|1p|1ao|1af|1x|1u|1l|1aj|1k|1o|1s|1ac|1f|1y|1v|1w|1t|1b|1q|1h|1ai|1ag|1n|1m|1j|1ah|1c|1e,7,3.4675590622997134,1a|1ae|1ak|1al|1d|1g|1r
0.7803915770779923,,,nitrogen-heteroaryl,stage2p,,2,nitrogen-heteroaryl,lightgbm,88.0,88.0,,88.78039157707799,94.39395884940149,80.34073447269134,101.41971000306471,77.39947020228928,0.7803915770779923,"{""learning_rate"": 0.03, ""n_estimators"": 75, ""num_leaves"": 3}",nitrogen-heteroaryl,family_holdout,ee,1aa,29,1am|1i|1p|1ao|1af|1x|1u|1l|1aj|1k|1o|1s|1ac|1f|1y|1v|1w|1t|1b|1q|1h|1ai|1ag|1n|1m|1j|1ah|1c|1e,7,5.768045463714494,1a|1ae|1ak|1al|1d|1g|1r
10.70251303180433,,,nitrogen-heteroaryl,stage2p,,2,nitrogen-heteroaryl,lightgbm,95.0,95.0,,84.29748696819567,89.91105424051916,75.85782986380902,96.93680539418239,72.91656559340694,-10.70251303180433,"{""learning_rate"": 0.03, ""n_estimators"": 75, ""num_leaves"": 3}",nitrogen-heteroaryl,family_holdout,ee,1ab,29,1am|1i|1p|1ao|1af|1x|1u|1l|1aj|1k|1o|1s|1ac|1f|1y|1v|1w|1t|1b|1q|1h|1ai|1ag|1n|1m|1j|1ah|1c|1e,7,5.768045463714494,1a|1ae|1ak|1al|1d|1g|1r
2.7643117521051153,111.46950286709948,70.05912063711075,nitrogen-heteroaryl,stage2p,10.563873017854268,2,nitrogen-heteroaryl,gaussian_process,88.0,88.0,,90.76431175210512,95.8987923320533,75.23731914297143,100.24712108388267,74.81554260755573,2.7643117521051153,"{""alpha"": 1e-05, ""kernel"": ""1**2 * RBF(length_scale=0.5) + WhiteKernel(noise_level=1)""}",nitrogen-heteroaryl,family_holdout,ee,1aa,29,1am|1i|1p|1ao|1af|1x|1u|1l|1aj|1k|1o|1s|1ac|1f|1y|1v|1w|1t|1b|1q|1h|1ai|1ag|1n|1m|1j|1ah|1c|1e,7,7.564289593559897,1a|1ae|1ak|1al|1d|1g|1r
18.68863080190721,101.71855745072438,50.904180945461206,nitrogen-heteroaryl,stage2p,12.962851149301827,2,nitrogen-heteroaryl,gaussian_process,95.0,95.0,,76.31136919809279,81.44584977804098,60.784376588959105,85.79417852987035,60.36260005354341,-18.68863080190721,"{""alpha"": 1e-05, ""kernel"": ""1**2 * RBF(length_scale=0.5) + WhiteKernel(noise_level=1)""}",nitrogen-heteroaryl,family_holdout,ee,1ab,29,1am|1i|1p|1ao|1af|1x|1u|1l|1aj|1k|1o|1s|1ac|1f|1y|1v|1w|1t|1b|1q|1h|1ai|1ag|1n|1m|1j|1ah|1c|1e,7,7.564289593559897,1a|1ae|1ak|1al|1d|1g|1r
6.1177989690694545,,,oxygen-heteroaryl,stage2p,,1,oxygen-heteroaryl,ridge_regression,89.0,89.0,,82.88220103093055,87.39569549247159,67.61618246136985,91.81831068740523,66.84449366356132,-6.1177989690694545,"{""alpha"": 100.0}",oxygen-heteroaryl,family_holdout,ee,1o,30,1am|1i|1p|1ao|1ab|1af|1x|1u|1l|1aj|1aa|1k|1s|1ac|1g|1y|1c|1w|1t|1q|1v|1ai|1b|1ag|1n|1j|1m|1ah|1d|1f,7,7.7079521046771395,1a|1ae|1ak|1al|1e|1h|1r
4.082148797957231,,,oxygen-heteroaryl,stage2p,,1,oxygen-heteroaryl,elastic_net,89.0,89.0,,84.91785120204277,88.09792999571052,78.30084720216323,89.056499775713,78.00634798624152,-4.082148797957231,"{""alpha"": 1.0, ""l1_ratio"": 1.0}",oxygen-heteroaryl,family_holdout,ee,1o,30,1am|1i|1p|1ao|1ab|1af|1x|1u|1l|1aj|1aa|1k|1s|1ac|1g|1y|1c|1w|1t|1q|1v|1ai|1b|1ag|1n|1j|1m|1ah|1d|1f,7,3.478392703778557,1a|1ae|1ak|1al|1e|1h|1r
0.805727957803029,,,oxygen-heteroaryl,stage2p,,1,oxygen-heteroaryl,lightgbm,89.0,89.0,,89.80572795780303,95.35517672848519,77.73567739649911,102.9176366693163,74.13567739649912,0.805727957803029,"{""learning_rate"": 0.03, ""n_estimators"": 75, ""num_leaves"": 7}",oxygen-heteroaryl,family_holdout,ee,1o,30,1am|1i|1p|1ao|1ab|1af|1x|1u|1l|1aj|1aa|1k|1s|1ac|1g|1y|1c|1w|1t|1q|1v|1ai|1b|1ag|1n|1j|1m|1ah|1d|1f,7,7.955492086215236,1a|1ae|1ak|1al|1e|1h|1r
2.760815536120205,112.49637603593777,59.98199289182182,oxygen-heteroaryl,stage2p,13.39652631227448,1,oxygen-heteroaryl,gaussian_process,89.0,89.0,,86.2391844638798,106.37251779721291,74.57251779721312,111.77251779721266,74.57251779721312,-2.760815536120205,"{""alpha"": 1e-05, ""kernel"": ""1**2 * RBF(length_scale=2) + WhiteKernel(noise_level=10)""}",oxygen-heteroaryl,family_holdout,ee,1o,30,1am|1i|1p|1ao|1ab|1af|1x|1u|1l|1aj|1aa|1k|1s|1ac|1g|1y|1c|1w|1t|1q|1v|1ai|1b|1ag|1n|1j|1m|1ah|1d|1f,7,12.504063038813632,1a|1ae|1ak|1al|1e|1h|1r
29.111346130035685,,,oxygen-heteroaryl-fused,stage2p,,2,oxygen-heteroaryl-fused,ridge_regression,61.0,61.0,,90.11134613003568,103.5380286894246,87.96616422089001,109.08390142765938,87.24385291733702,29.111346130035685,"{""alpha"": 10.0}",oxygen-heteroaryl-fused,family_holdout,ee,1p,29,1am|1i|1ae|1y|1ab|1s|1ao|1x|1l|1k|1al|1aa|1ac|1g|1w|1u|1c|1o|1t|1v|1ai|1b|1n|1ag|1j|1m|1ah|1d|1e,7,5.76237276153215,1a|1af|1aj|1ak|1f|1h|1r
0.4483964830083096,,,oxygen-heteroaryl-fused,stage2p,,2,oxygen-heteroaryl-fused,ridge_regression,90.0,90.0,,89.55160351699169,102.97828607638061,87.40642160784601,108.52415881461539,86.68411030429303,-0.4483964830083096,"{""alpha"": 10.0}",oxygen-heteroaryl-fused,family_holdout,ee,1q,29,1am|1i|1ae|1y|1ab|1s|1ao|1x|1l|1k|1al|1aa|1ac|1g|1w|1u|1c|1o|1t|1v|1ai|1b|1n|1ag|1j|1m|1ah|1d|1e,7,5.76237276153215,1a|1af|1aj|1ak|1f|1h|1r
25.975892187213006,,,oxygen-heteroaryl-fused,stage2p,,2,oxygen-heteroaryl-fused,elastic_net,61.0,61.0,,86.975892187213,97.7033976790067,84.59207503274298,101.81547800582625,83.7575413745223,25.975892187213006,"{""alpha"": 1.0, ""l1_ratio"": 0.8}",oxygen-heteroaryl-fused,family_holdout,ee,1p,29,1am|1i|1ae|1y|1ab|1s|1ao|1x|1l|1k|1al|1aa|1ac|1g|1w|1u|1c|1o|1t|1v|1ai|1b|1n|1ag|1j|1m|1ah|1d|1e,7,4.819805306474119,1a|1af|1aj|1ak|1f|1h|1r
3.0143208805282455,,,oxygen-heteroaryl-fused,stage2p,,2,oxygen-heteroaryl-fused,elastic_net,90.0,90.0,,86.98567911947175,97.71318461126545,84.60186196500173,101.825264938085,83.76732830678105,-3.0143208805282455,"{""alpha"": 1.0, ""l1_ratio"": 0.8}",oxygen-heteroaryl-fused,family_holdout,ee,1q,29,1am|1i|1ae|1y|1ab|1s|1ao|1x|1l|1k|1al|1aa|1ac|1g|1w|1u|1c|1o|1t|1v|1ai|1b|1n|1ag|1j|1m|1ah|1d|1e,7,4.819805306474119,1a|1af|1aj|1ak|1f|1h|1r
31.14537531581128,,,oxygen-heteroaryl-fused,stage2p,,2,oxygen-heteroaryl-fused,lightgbm,61.0,61.0,,92.14537531581128,109.62136034229167,90.35414687529071,116.64623244835093,90.08294903001884,31.14537531581128,"{""learning_rate"": 0.1, ""n_estimators"": 75, ""num_leaves"": 7}",oxygen-heteroaryl-fused,family_holdout,ee,1p,29,1am|1i|1ae|1y|1ab|1s|1ao|1x|1l|1k|1al|1aa|1ac|1g|1w|1u|1c|1o|1t|1v|1ai|1b|1n|1ag|1j|1m|1ah|1d|1e,7,6.539784436904298,1a|1af|1aj|1ak|1f|1h|1r
2.315153549209782,,,oxygen-heteroaryl-fused,stage2p,,2,oxygen-heteroaryl-fused,lightgbm,90.0,90.0,,92.31515354920978,109.79113857569017,90.52392510868921,116.81601068174945,90.25272726341734,2.315153549209782,"{""learning_rate"": 0.1, ""n_estimators"": 75, ""num_leaves"": 7}",oxygen-heteroaryl-fused,family_holdout,ee,1q,29,1am|1i|1ae|1y|1ab|1s|1ao|1x|1l|1k|1al|1aa|1ac|1g|1w|1u|1c|1o|1t|1v|1ai|1b|1n|1ag|1j|1m|1ah|1d|1e,7,6.539784436904298,1a|1af|1aj|1ak|1f|1h|1r
28.781548727819043,98.91565829037967,80.64743916525842,oxygen-heteroaryl-fused,stage2p,4.660259980898282,2,oxygen-heteroaryl-fused,gaussian_process,61.0,61.0,,89.78154872781904,103.38667967039216,84.42799358563036,109.51371263714493,83.83163402604664,28.781548727819043,"{""alpha"": 1e-05, ""kernel"": ""1**2 * RBF(length_scale=2) + WhiteKernel(noise_level=1)""}",oxygen-heteroaryl-fused,family_holdout,ee,1p,29,1am|1i|1ae|1y|1ab|1s|1ao|1x|1l|1k|1al|1aa|1ac|1g|1w|1u|1c|1o|1t|1v|1ai|1b|1n|1ag|1j|1m|1ah|1d|1e,7,6.657161202168409,1a|1af|1aj|1ak|1f|1h|1r
0.26612490075638107,102.67625009500593,77.85599970650684,oxygen-heteroaryl-fused,stage2p,6.331696527678339,2,oxygen-heteroaryl-fused,gaussian_process,90.0,90.0,,90.26612490075638,103.8712558433295,84.9125697585677,109.99828881008227,84.31621019898398,0.26612490075638107,"{""alpha"": 1e-05, ""kernel"": ""1**2 * RBF(length_scale=2) + WhiteKernel(noise_level=1)""}",oxygen-heteroaryl-fused,family_holdout,ee,1q,29,1am|1i|1ae|1y|1ab|1s|1ao|1x|1l|1k|1al|1aa|1ac|1g|1w|1u|1c|1o|1t|1v|1ai|1b|1n|1ag|1j|1m|1ah|1d|1e,7,6.657161202168409,1a|1af|1aj|1ak|1f|1h|1r
3.098244990313745,,,oxygen-heterocycle-fused,stage2p,,3,oxygen-heterocycle-fused,ridge_regression,91.0,91.0,,87.90175500968625,92.57498515419405,73.31700571095898,97.36286247803199,72.28143972149637,-3.098244990313745,"{""alpha"": 100.0}",oxygen-heterocycle-fused,family_holdout,ee,1r,28,1am|1i|1p|1ao|1ab|1af|1x|1u|1k|1aj|1aa|1l|1ac|1g|1y|1c|1w|1o|1q|1v|1ai|1b|1ag|1n|1j|1m|1ah|1d,7,7.219368439597991,1a|1ae|1ak|1al|1e|1f|1h
6.557044171066295,,,oxygen-heterocycle-fused,stage2p,,3,oxygen-heterocycle-fused,ridge_regression,80.0,80.0,,86.5570441710663,91.23027431557409,71.97229487233902,96.01815163941203,70.93672888287641,6.557044171066295,"{""alpha"": 100.0}",oxygen-heterocycle-fused,family_holdout,ee,1s,28,1am|1i|1p|1ao|1ab|1af|1x|1u|1k|1aj|1aa|1l|1ac|1g|1y|1c|1w|1o|1q|1v|1ai|1b|1ag|1n|1j|1m|1ah|1d,7,7.219368439597991,1a|1ae|1ak|1al|1e|1f|1h
2.9370131957962826,,,oxygen-heterocycle-fused,stage2p,,3,oxygen-heterocycle-fused,ridge_regression,91.0,91.0,,88.06298680420372,92.73621694871152,73.47823750547644,97.52409427254943,72.44267151601383,-2.9370131957962826,"{""alpha"": 100.0}",oxygen-heterocycle-fused,family_holdout,ee,1t,28,1am|1i|1p|1ao|1ab|1af|1x|1u|1k|1aj|1aa|1l|1ac|1g|1y|1c|1w|1o|1q|1v|1ai|1b|1ag|1n|1j|1m|1ah|1d,7,7.219368439597991,1a|1ae|1ak|1al|1e|1f|1h
0.7364641967764669,,,oxygen-heterocycle-fused,stage2p,,3,oxygen-heterocycle-fused,elastic_net,91.0,91.0,,90.26353580322353,93.99292518210936,84.81218810281936,94.86667530589901,84.37991534200826,-0.7364641967764669,"{""alpha"": 1.0, ""l1_ratio"": 1.0}",oxygen-heterocycle-fused,family_holdout,ee,1r,28,1am|1i|1p|1ao|1ab|1af|1x|1u|1k|1aj|1aa|1l|1ac|1g|1y|1c|1w|1o|1q|1v|1ai|1b|1ag|1n|1j|1m|1ah|1d,7,3.061876963393647,1a|1ae|1ak|1al|1e|1f|1h
6.477562492059008,,,oxygen-heterocycle-fused,stage2p,,3,oxygen-heterocycle-fused,elastic_net,80.0,80.0,,86.47756249205901,90.20695187094483,81.02621479165484,91.08070199473448,80.59394203084373,6.477562492059008,"{""alpha"": 1.0, ""l1_ratio"": 1.0}",oxygen-heterocycle-fused,family_holdout,ee,1s,28,1am|1i|1p|1ao|1ab|1af|1x|1u|1k|1aj|1aa|1l|1ac|1g|1y|1c|1w|1o|1q|1v|1ai|1b|1ag|1n|1j|1m|1ah|1d,7,3.061876963393647,1a|1ae|1ak|1al|1e|1f|1h
0.7401572196292818,,,oxygen-heterocycle-fused,stage2p,,3,oxygen-heterocycle-fused,elastic_net,91.0,91.0,,90.25984278037072,93.98923215925655,84.80849507996655,94.8629822830462,84.37622231915545,-0.7401572196292818,"{""alpha"": 1.0, ""l1_ratio"": 1.0}",oxygen-heterocycle-fused,family_holdout,ee,1t,28,1am|1i|1p|1ao|1ab|1af|1x|1u|1k|1aj|1aa|1l|1ac|1g|1y|1c|1w|1o|1q|1v|1ai|1b|1ag|1n|1j|1m|1ah|1d,7,3.061876963393647,1a|1ae|1ak|1al|1e|1f|1h
2.5866239235827635,,,oxygen-heterocycle-fused,stage2p,,3,oxygen-heterocycle-fused,lightgbm,91.0,91.0,,88.41337607641724,96.320912926035,81.09648287962861,106.43668012845077,80.65029310988044,-2.5866239235827635,"{""learning_rate"": 0.1, ""n_estimators"": 25, ""num_leaves"": 3}",oxygen-heterocycle-fused,family_holdout,ee,1r,28,1am|1i|1p|1ao|1ab|1af|1x|1u|1k|1aj|1aa|1l|1ac|1g|1y|1c|1w|1o|1q|1v|1ai|1b|1ag|1n|1j|1m|1ah|1d,7,6.41947785672524,1a|1ae|1ak|1al|1e|1f|1h
4.251317193420064,,,oxygen-heterocycle-fused,stage2p,,3,oxygen-heterocycle-fused,lightgbm,80.0,80.0,,84.25131719342006,92.15885404303783,76.93442399663144,102.2746212454536,76.48823422688326,4.251317193420064,"{""learning_rate"": 0.1, ""n_estimators"": 25, ""num_leaves"": 3}",oxygen-heterocycle-fused,family_holdout,ee,1s,28,1am|1i|1p|1ao|1ab|1af|1x|1u|1k|1aj|1aa|1l|1ac|1g|1y|1c|1w|1o|1q|1v|1ai|1b|1ag|1n|1j|1m|1ah|1d,7,6.41947785672524,1a|1ae|1ak|1al|1e|1f|1h
2.5866239235827635,,,oxygen-heterocycle-fused,stage2p,,3,oxygen-heterocycle-fused,lightgbm,91.0,91.0,,88.41337607641724,96.320912926035,81.09648287962861,106.43668012845077,80.65029310988044,-2.5866239235827635,"{""learning_rate"": 0.1, ""n_estimators"": 25, ""num_leaves"": 3}",oxygen-heterocycle-fused,family_holdout,ee,1t,28,1am|1i|1p|1ao|1ab|1af|1x|1u|1k|1aj|1aa|1l|1ac|1g|1y|1c|1w|1o|1q|1v|1ai|1b|1ag|1n|1j|1m|1ah|1d,7,6.41947785672524,1a|1ae|1ak|1al|1e|1f|1h
5.597053741944336,114.72892569052522,56.076966825586105,oxygen-heterocycle-fused,stage2p,14.962234404321205,3,oxygen-heterocycle-fused,gaussian_process,91.0,91.0,,85.40294625805566,105.11102384975347,73.33151927891146,110.4894889418447,73.33151814298931,-5.597053741944336,"{""alpha"": 1e-05, ""kernel"": ""1**2 * RBF(length_scale=1) + WhiteKernel(noise_level=1)""}",oxygen-heterocycle-fused,family_holdout,ee,1r,28,1am|1i|1p|1ao|1ab|1af|1x|1u|1k|1aj|1aa|1l|1ac|1g|1y|1c|1w|1o|1q|1v|1ai|1b|1ag|1n|1j|1m|1ah|1d,7,12.101228102584637,1a|1ae|1ak|1al|1e|1f|1h
0.020584361579480515,112.60620320728756,47.35262806955348,oxygen-heterocycle-fused,stage2p,16.646320188197468,3,oxygen-heterocycle-fused,gaussian_process,80.0,80.0,,79.97941563842052,99.68749323011832,67.90798865927631,105.06595832220955,67.90798752335417,-0.020584361579480515,"{""alpha"": 1e-05, ""kernel"": ""1**2 * RBF(length_scale=1) + WhiteKernel(noise_level=1)""}",oxygen-heterocycle-fused,family_holdout,ee,1s,28,1am|1i|1p|1ao|1ab|1af|1x|1u|1k|1aj|1aa|1l|1ac|1g|1y|1c|1w|1o|1q|1v|1ai|1b|1ag|1n|1j|1m|1ah|1d,7,12.101228102584637,1a|1ae|1ak|1al|1e|1f|1h
8.138885786497411,112.21208745893045,53.510140968074715,oxygen-heterocycle-fused,stage2p,14.974986349708098,3,oxygen-heterocycle-fused,gaussian_process,91.0,91.0,,82.86111421350259,102.56919180520039,70.78968723435838,107.94765689729162,70.78968609843623,-8.138885786497411,"{""alpha"": 1e-05, ""kernel"": ""1**2 * RBF(length_scale=1) + WhiteKernel(noise_level=1)""}",oxygen-heterocycle-fused,family_holdout,ee,1t,28,1am|1i|1p|1ao|1ab|1af|1x|1u|1k|1aj|1aa|1l|1ac|1g|1y|1c|1w|1o|1q|1v|1ai|1b|1ag|1n|1j|1m|1ah|1d,7,12.101228102584637,1a|1ae|1ak|1al|1e|1f|1h
19.502975303457774,,,polycyclic-aryl,stage2p,,1,polycyclic-aryl,ridge_regression,91.0,91.0,,71.49702469654223,79.26347923313895,58.771758290637266,88.32177837627222,53.4545343729606,-19.502975303457774,"{""alpha"": 1000.0}",polycyclic-aryl,family_holdout,ee,1n,30,1am|1i|1p|1ao|1ab|1af|1x|1u|1l|1aj|1aa|1k|1s|1ac|1g|1y|1c|1o|1w|1t|1q|1v|1ai|1b|1ag|1j|1m|1ah|1d|1e,7,8.38572942416599,1a|1ae|1ak|1al|1f|1h|1r
6.034588270034575,,,polycyclic-aryl,stage2p,,1,polycyclic-aryl,elastic_net,91.0,91.0,,84.96541172996542,87.15040010355236,71.40163645444196,88.3190948747417,69.21940959545526,-6.034588270034575,"{""alpha"": 0.1, ""l1_ratio"": 0.8}",polycyclic-aryl,family_holdout,ee,1n,30,1am|1i|1p|1ao|1ab|1af|1x|1u|1l|1aj|1aa|1k|1s|1ac|1g|1y|1c|1o|1w|1t|1q|1v|1ai|1b|1ag|1j|1m|1ah|1d|1e,7,6.4972763692818045,1a|1ae|1ak|1al|1f|1h|1r
16.304641428329532,,,polycyclic-aryl,stage2p,,1,polycyclic-aryl,lightgbm,91.0,91.0,,74.69535857167047,81.35188584468898,62.248378291490226,89.74195598422808,61.82138377924636,-16.304641428329532,"{""learning_rate"": 0.03, ""n_estimators"": 75, ""num_leaves"": 7}",polycyclic-aryl,family_holdout,ee,1n,30,1am|1i|1p|1ao|1ab|1af|1x|1u|1l|1aj|1aa|1k|1s|1ac|1g|1y|1c|1o|1w|1t|1q|1v|1ai|1b|1ag|1j|1m|1ah|1d|1e,7,7.138586924143982,1a|1ae|1ak|1al|1f|1h|1r
15.176901719336499,110.08931509476506,41.556881466561954,polycyclic-aryl,stage2p,17.482763680664053,1,polycyclic-aryl,gaussian_process,91.0,91.0,,75.8230982806635,86.57147734260535,64.78715479729804,93.26254251061503,63.234909028418684,-15.176901719336499,"{""alpha"": 1e-05, ""kernel"": ""1**2 * RBF(length_scale=2) + WhiteKernel(noise_level=10)""}",polycyclic-aryl,family_holdout,ee,1n,30,1am|1i|1p|1ao|1ab|1af|1x|1u|1l|1aj|1aa|1k|1s|1ac|1g|1y|1c|1o|1w|1t|1q|1v|1ai|1b|1ag|1j|1m|1ah|1d|1e,7,7.028852726809747,1a|1ae|1ak|1al|1f|1h|1r
14.93611927769652,,,silyl-alkyl-aryl,stage2p,,1,silyl-alkyl-aryl,ridge_regression,67.0,67.0,,52.06388072230348,65.46173832701486,47.19376044426413,72.56471705519817,44.924224664222415,-14.93611927769652,"{""alpha"": 100.0}",silyl-alkyl-aryl,family_holdout,ee,1ac,30,1l|1am|1af|1y|1s|1ao|1x|1i|1ab|1p|1k|1aa|1al|1ai|1t|1v|1f|1b|1u|1w|1o|1q|1h|1ag|1n|1m|1j|1ah|1c|1e,7,6.91088349822663,1a|1ae|1aj|1ak|1d|1g|1r
24.126443392034957,,,silyl-alkyl-aryl,stage2p,,1,silyl-alkyl-aryl,elastic_net,67.0,67.0,,42.87355660796504,57.99147919673841,39.79481646051461,67.1433138316034,39.17094523954337,-24.126443392034957,"{""alpha"": 1.0, ""l1_ratio"": 0.2}",silyl-alkyl-aryl,family_holdout,ee,1ac,30,1l|1am|1af|1y|1s|1ao|1x|1i|1ab|1p|1k|1aa|1al|1ai|1t|1v|1f|1b|1u|1w|1o|1q|1h|1ag|1n|1m|1j|1ah|1c|1e,7,6.666367972219909,1a|1ae|1aj|1ak|1d|1g|1r
4.0333824659549435,,,silyl-alkyl-aryl,stage2p,,1,silyl-alkyl-aryl,lightgbm,67.0,67.0,,62.96661753404506,82.01801831797255,56.134334597827475,82.2992205586103,50.61808475499366,-4.0333824659549435,"{""learning_rate"": 0.1, ""n_estimators"": 75, ""num_leaves"": 7}",silyl-alkyl-aryl,family_holdout,ee,1ac,30,1l|1am|1af|1y|1s|1ao|1x|1i|1ab|1p|1k|1aa|1al|1ai|1t|1v|1f|1b|1u|1w|1o|1q|1h|1ag|1n|1m|1j|1ah|1c|1e,7,9.270962059892645,1a|1ae|1aj|1ak|1d|1g|1r
15.0999999999367,110.94602421946112,53.253975780412276,silyl-alkyl-aryl,stage2p,14.717359295675724,1,silyl-alkyl-aryl,gaussian_process,67.0,67.0,,82.0999999999367,114.78767208341765,73.40608560730564,118.84667415195452,72.50151955148976,15.0999999999367,"{""alpha"": 1e-05, ""kernel"": ""1**2 * RBF(length_scale=0.5) + WhiteKernel(noise_level=1)""}",silyl-alkyl-aryl,family_holdout,ee,1ac,30,1l|1am|1af|1y|1s|1ao|1x|1i|1ab|1p|1k|1aa|1al|1ai|1t|1v|1f|1b|1u|1w|1o|1q|1h|1ag|1n|1m|1j|1ah|1c|1e,7,15.049826312992854,1a|1ae|1aj|1ak|1d|1g|1r
5.440643479007463,,,sulfur-heteroaryl,stage2p,,1,sulfur-heteroaryl,ridge_regression,91.0,91.0,,85.55935652099254,87.42450088989649,71.57892336007009,89.28138356586953,66.27380748234287,-5.440643479007463,"{""alpha"": 10.0}",sulfur-heteroaryl,family_holdout,ee,1v,30,1am|1i|1p|1ao|1ab|1af|1x|1u|1l|1aj|1aa|1k|1s|1ac|1g|1y|1c|1w|1t|1o|1q|1ai|1b|1ag|1n|1j|1m|1ah|1d|1f,7,7.5414952781790285,1a|1ae|1ak|1al|1e|1h|1r
5.611393911981395,,,sulfur-heteroaryl,stage2p,,1,sulfur-heteroaryl,elastic_net,91.0,91.0,,85.3886060880186,88.79341277709543,78.77418673092549,89.56335160533352,78.1456521706811,-5.611393911981395,"{""alpha"": 1.0, ""l1_ratio"": 1.0}",sulfur-heteroaryl,family_holdout,ee,1v,30,1am|1i|1p|1ao|1ab|1af|1x|1u|1l|1aj|1aa|1k|1s|1ac|1g|1y|1c|1w|1t|1o|1q|1ai|1b|1ag|1n|1j|1m|1ah|1d|1f,7,3.6319069790957506,1a|1ae|1ak|1al|1e|1h|1r
1.725794229821517,,,sulfur-heteroaryl,stage2p,,1,sulfur-heteroaryl,lightgbm,91.0,91.0,,89.27420577017848,96.55376944208948,79.9576111831133,106.14919403784421,77.73141645069308,-1.725794229821517,"{""learning_rate"": 0.03, ""n_estimators"": 75, ""num_leaves"": 3}",sulfur-heteroaryl,family_holdout,ee,1v,30,1am|1i|1p|1ao|1ab|1af|1x|1u|1l|1aj|1aa|1k|1s|1ac|1g|1y|1c|1w|1t|1o|1q|1ai|1b|1ag|1n|1j|1m|1ah|1d|1f,7,7.701418946288195,1a|1ae|1ak|1al|1e|1h|1r
5.8789229479163225,111.2669352210774,58.97521888308996,sulfur-heteroaryl,stage2p,13.33972355560904,1,sulfur-heteroaryl,gaussian_process,91.0,91.0,,85.12107705208368,105.18774371875008,73.38774371875034,110.58774371874978,73.38774371875034,-5.8789229479163225,"{""alpha"": 1e-05, ""kernel"": ""1**2 * RBF(length_scale=2) + WhiteKernel(noise_level=10)""}",sulfur-heteroaryl,family_holdout,ee,1v,30,1am|1i|1p|1ao|1ab|1af|1x|1u|1l|1aj|1aa|1k|1s|1ac|1g|1y|1c|1w|1t|1o|1q|1ai|1b|1ag|1n|1j|1m|1ah|1d|1f,7,12.505126932896415,1a|1ae|1ak|1al|1e|1h|1r
15.892817348699523,,,sulfur-heteroaryl-fused,stage2p,,2,sulfur-heteroaryl-fused,ridge_regression,92.0,92.0,,76.10718265130048,91.01084083697512,70.83287427229482,96.98070267288571,68.9614099470703,-15.892817348699523,"{""alpha"": 100.0}",sulfur-heteroaryl-fused,family_holdout,ee,1w,29,1am|1i|1p|1ao|1ab|1af|1e|1k|1s|1al|1y|1aa|1ac|1t|1v|1c|1o|1u|1q|1ai|1b|1m|1ag|1h|1n|1j|1ah|1f|1l,7,7.198916424915071,1a|1ae|1aj|1ak|1d|1g|1r
6.5325152022757464,,,sulfur-heteroaryl-fused,stage2p,,2,sulfur-heteroaryl-fused,ridge_regression,94.0,94.0,,87.46748479772425,102.3711429833989,82.1931764187186,108.34100481930949,80.32171209349407,-6.5325152022757464,"{""alpha"": 100.0}",sulfur-heteroaryl-fused,family_holdout,ee,1x,29,1am|1i|1p|1ao|1ab|1af|1e|1k|1s|1al|1y|1aa|1ac|1t|1v|1c|1o|1u|1q|1ai|1b|1m|1ag|1h|1n|1j|1ah|1f|1l,7,7.198916424915071,1a|1ae|1aj|1ak|1d|1g|1r
19.13817075667353,,,sulfur-heteroaryl-fused,stage2p,,2,sulfur-heteroaryl-fused,elastic_net,92.0,92.0,,72.86182924332647,87.2536976308684,71.0743760787724,93.8267565254846,70.77257239422559,-19.13817075667353,"{""alpha"": 1.0, ""l1_ratio"": 0.5}",sulfur-heteroaryl-fused,family_holdout,ee,1w,29,1am|1i|1p|1ao|1ab|1af|1e|1k|1s|1al|1y|1aa|1ac|1t|1v|1c|1o|1u|1q|1ai|1b|1m|1ag|1h|1n|1j|1ah|1f|1l,7,6.263920886920366,1a|1ae|1aj|1ak|1d|1g|1r
5.248665801096564,,,sulfur-heteroaryl-fused,stage2p,,2,sulfur-heteroaryl-fused,elastic_net,94.0,94.0,,88.75133419890344,103.14320258644537,86.96388103434937,109.71626148106157,86.66207734980256,-5.248665801096564,"{""alpha"": 1.0, ""l1_ratio"": 0.5}",sulfur-heteroaryl-fused,family_holdout,ee,1x,29,1am|1i|1p|1ao|1ab|1af|1e|1k|1s|1al|1y|1aa|1ac|1t|1v|1c|1o|1u|1q|1ai|1b|1m|1ag|1h|1n|1j|1ah|1f|1l,7,6.263920886920366,1a|1ae|1aj|1ak|1d|1g|1r
13.240580629683606,,,sulfur-heteroaryl-fused,stage2p,,2,sulfur-heteroaryl-fused,lightgbm,92.0,92.0,,78.7594193703164,93.56609651437854,75.92325754438774,107.2639884510366,73.8702221121459,-13.240580629683606,"{""learning_rate"": 0.1, ""n_estimators"": 75, ""num_leaves"": 7}",sulfur-heteroaryl-fused,family_holdout,ee,1w,29,1am|1i|1p|1ao|1ab|1af|1e|1k|1s|1al|1y|1aa|1ac|1t|1v|1c|1o|1u|1q|1ai|1b|1m|1ag|1h|1n|1j|1ah|1f|1l,7,6.270049592122926,1a|1ae|1aj|1ak|1d|1g|1r
6.080489605716366,,,sulfur-heteroaryl-fused,stage2p,,2,sulfur-heteroaryl-fused,lightgbm,94.0,94.0,,87.91951039428363,102.72618753834578,85.08334856835498,116.42407947500385,83.03031313611314,-6.080489605716366,"{""learning_rate"": 0.1, ""n_estimators"": 75, ""num_leaves"": 7}",sulfur-heteroaryl-fused,family_holdout,ee,1x,29,1am|1i|1p|1ao|1ab|1af|1e|1k|1s|1al|1y|1aa|1ac|1t|1v|1c|1o|1u|1q|1ai|1b|1m|1ag|1h|1n|1j|1ah|1f|1l,7,6.270049592122926,1a|1ae|1aj|1ak|1d|1g|1r
24.797824760474214,78.31151099389383,56.09283948515775,sulfur-heteroaryl-fused,stage2p,5.668028446106144,2,sulfur-heteroaryl-fused,gaussian_process,92.0,92.0,,67.20217523952579,83.40322488342773,62.79841644765879,87.94254881581901,59.19465041344409,-24.797824760474214,"{""alpha"": 1e-05, ""kernel"": ""1**2 * RBF(length_scale=2) + WhiteKernel(noise_level=10)""}",sulfur-heteroaryl-fused,family_holdout,ee,1w,29,1am|1i|1p|1ao|1ab|1af|1e|1k|1s|1al|1y|1aa|1ac|1t|1v|1c|1o|1u|1q|1ai|1b|1m|1ag|1h|1n|1j|1ah|1f|1l,7,7.655309571571337,1a|1ae|1aj|1ak|1d|1g|1r
4.453520370864453,107.28692031274888,71.80603894552222,sulfur-heteroaryl-fused,stage2p,9.051245246741495,2,sulfur-heteroaryl-fused,gaussian_process,94.0,94.0,,89.54647962913555,105.74752927303749,85.14272083726854,110.28685320542877,81.53895480305384,-4.453520370864453,"{""alpha"": 1e-05, ""kernel"": ""1**2 * RBF(length_scale=2) + WhiteKernel(noise_level=10)""}",sulfur-heteroaryl-fused,family_holdout,ee,1x,29,1am|1i|1p|1ao|1ab|1af|1e|1k|1s|1al|1y|1aa|1ac|1t|1v|1c|1o|1u|1q|1ai|1b|1m|1ag|1h|1n|1j|1ah|1f|1l,7,7.655309571571337,1a|1ae|1aj|1ak|1d|1g|1r
2.699919457855941,,,sulfur-heterocycle-fused,stage2p,,1,sulfur-heterocycle-fused,ridge_regression,91.0,91.0,,88.30008054214406,92.9873683811648,73.52577475880328,97.52319509045176,72.32254720666079,-2.699919457855941,"{""alpha"": 100.0}",sulfur-heterocycle-fused,family_holdout,ee,1y,30,1am|1i|1p|1ao|1ab|1af|1x|1u|1l|1aj|1aa|1k|1s|1ac|1g|1c|1o|1w|1t|1q|1v|1ai|1b|1ag|1n|1j|1m|1ah|1d|1e,7,7.594153195410345,1a|1ae|1ak|1al|1f|1h|1r
0.8764921686143339,,,sulfur-heterocycle-fused,stage2p,,1,sulfur-heterocycle-fused,elastic_net,91.0,91.0,,90.12350783138567,93.44999845696039,84.38967053224346,94.38052744478887,84.11810331958583,-0.8764921686143339,"{""alpha"": 1.0, ""l1_ratio"": 1.0}",sulfur-heterocycle-fused,family_holdout,ee,1y,30,1am|1i|1p|1ao|1ab|1af|1x|1u|1l|1aj|1aa|1k|1s|1ac|1g|1c|1o|1w|1t|1q|1v|1ai|1b|1ag|1n|1j|1m|1ah|1d|1e,7,3.079713519220871,1a|1ae|1ak|1al|1f|1h|1r
2.903153644542357,,,sulfur-heterocycle-fused,stage2p,,1,sulfur-heterocycle-fused,lightgbm,91.0,91.0,,88.09684635545764,97.02812444789494,79.02749686917933,107.94523661624642,76.24255966119966,-2.903153644542357,"{""learning_rate"": 0.03, ""n_estimators"": 75, ""num_leaves"": 3}",sulfur-heterocycle-fused,family_holdout,ee,1y,30,1am|1i|1p|1ao|1ab|1af|1x|1u|1l|1aj|1aa|1k|1s|1ac|1g|1c|1o|1w|1t|1q|1v|1ai|1b|1ag|1n|1j|1m|1ah|1d|1e,7,7.652813814719856,1a|1ae|1ak|1al|1f|1h|1r
8.920786169584076,113.3024806687731,50.85594699205875,sulfur-heterocycle-fused,stage2p,15.930238182835295,1,sulfur-heterocycle-fused,gaussian_process,91.0,91.0,,82.07921383041592,102.15598484174646,71.6125482406183,107.5013820359718,70.71254945209591,-8.920786169584076,"{""alpha"": 1e-05, ""kernel"": ""1**2 * RBF(length_scale=0.5) + WhiteKernel(noise_level=10)""}",sulfur-heterocycle-fused,family_holdout,ee,1y,30,1am|1i|1p|1ao|1ab|1af|1x|1u|1l|1aj|1aa|1k|1s|1ac|1g|1c|1o|1w|1t|1q|1v|1ai|1b|1ag|1n|1j|1m|1ah|1d|1e,7,11.563762411219098,1a|1ae|1ak|1al|1f|1h|1r
17.331693334332243,,,alkyl-aryl-chain,stage2pp,,2,alkyl-aryl-chain,ridge_regression,50.0,50.0,,67.33169333433224,72.77708987186625,55.72739584803641,74.36835264612566,49.59333239753174,17.331693334332243,"{""alpha"": 10.0}",alkyl-aryl-chain,family_holdout,ee,1ah,29,1am|1i|1p|1ao|1ab|1af|1x|1u|1l|1aj|1aa|1k|1s|1ac|1g|1y|1c|1t|1w|1o|1q|1v|1b|1ag|1n|1j|1m|1d|1e,7,6.432745618939669,1a|1ae|1ak|1al|1f|1h|1r
17.640470406274858,,,alkyl-aryl-chain,stage2pp,,2,alkyl-aryl-chain,ridge_regression,50.0,50.0,,67.64047040627486,73.08586694380887,56.03617291997902,74.67712971806827,49.902109469474354,17.640470406274858,"{""alpha"": 10.0}",alkyl-aryl-chain,family_holdout,ee,1ai,29,1am|1i|1p|1ao|1ab|1af|1x|1u|1l|1aj|1aa|1k|1s|1ac|1g|1y|1c|1t|1w|1o|1q|1v|1b|1ag|1n|1j|1m|1d|1e,7,6.432745618939669,1a|1ae|1ak|1al|1f|1h|1r
15.511769332174708,,,alkyl-aryl-chain,stage2pp,,2,alkyl-aryl-chain,elastic_net,50.0,50.0,,65.51176933217471,72.6353738177996,54.5428783691044,72.78957387834086,46.75810116352838,15.511769332174708,"{""alpha"": 0.1, ""l1_ratio"": 0.2}",alkyl-aryl-chain,family_holdout,ee,1ah,29,1am|1i|1p|1ao|1ab|1af|1x|1u|1l|1aj|1aa|1k|1s|1ac|1g|1y|1c|1t|1w|1o|1q|1v|1b|1ag|1n|1j|1m|1d|1e,7,6.647189538755455,1a|1ae|1ak|1al|1f|1h|1r
16.94641608647852,,,alkyl-aryl-chain,stage2pp,,2,alkyl-aryl-chain,elastic_net,50.0,50.0,,66.94641608647852,74.07002057210342,55.97752512340821,74.22422063264467,48.19274791783219,16.94641608647852,"{""alpha"": 0.1, ""l1_ratio"": 0.2}",alkyl-aryl-chain,family_holdout,ee,1ai,29,1am|1i|1p|1ao|1ab|1af|1x|1u|1l|1aj|1aa|1k|1s|1ac|1g|1y|1c|1t|1w|1o|1q|1v|1b|1ag|1n|1j|1m|1d|1e,7,6.647189538755455,1a|1ae|1ak|1al|1f|1h|1r
10.31229738148194,,,alkyl-aryl-chain,stage2pp,,2,alkyl-aryl-chain,lightgbm,50.0,50.0,,60.31229738148194,65.40450933998301,57.232851746961984,65.49177294418453,56.83277038412166,10.31229738148194,"{""learning_rate"": 0.1, ""n_estimators"": 75, ""num_leaves"": 7}",alkyl-aryl-chain,family_holdout,ee,1ah,29,1am|1i|1p|1ao|1ab|1af|1x|1u|1l|1aj|1aa|1k|1s|1ac|1g|1y|1c|1t|1w|1o|1q|1v|1b|1ag|1n|1j|1m|1d|1e,7,3.2128999805586083,1a|1ae|1ak|1al|1f|1h|1r
31.38207632001661,,,alkyl-aryl-chain,stage2pp,,2,alkyl-aryl-chain,lightgbm,50.0,50.0,,81.38207632001661,86.47428827851768,78.30263068549665,86.56155188271919,77.90254932265633,31.38207632001661,"{""learning_rate"": 0.1, ""n_estimators"": 75, ""num_leaves"": 7}",alkyl-aryl-chain,family_holdout,ee,1ai,29,1am|1i|1p|1ao|1ab|1af|1x|1u|1l|1aj|1aa|1k|1s|1ac|1g|1y|1c|1t|1w|1o|1q|1v|1b|1ag|1n|1j|1m|1d|1e,7,3.2128999805586083,1a|1ae|1ak|1al|1f|1h|1r
32.79310344827586,110.67001192779554,54.91619496875617,alkyl-aryl-chain,stage2pp,14.222912489550861,2,alkyl-aryl-chain,gaussian_process,50.0,50.0,,82.79310344827586,105.38620689655158,74.18844509537705,110.78620689655168,73.73676644626113,32.79310344827586,"{""alpha"": 1e-05, ""kernel"": ""1**2 * RBF(length_scale=2) + WhiteKernel(noise_level=10)""}",alkyl-aryl-chain,family_holdout,ee,1ah,29,1am|1i|1p|1ao|1ab|1af|1x|1u|1l|1aj|1aa|1k|1s|1ac|1g|1y|1c|1t|1w|1o|1q|1v|1b|1ag|1n|1j|1m|1d|1e,7,12.743255411667636,1a|1ae|1ak|1al|1f|1h|1r
32.79310344827586,110.67001192779554,54.91619496875617,alkyl-aryl-chain,stage2pp,14.222912489550861,2,alkyl-aryl-chain,gaussian_process,50.0,50.0,,82.79310344827586,105.38620689655158,74.18844509537705,110.78620689655168,73.73676644626113,32.79310344827586,"{""alpha"": 1e-05, ""kernel"": ""1**2 * RBF(length_scale=2) + WhiteKernel(noise_level=10)""}",alkyl-aryl-chain,family_holdout,ee,1ai,29,1am|1i|1p|1ao|1ab|1af|1x|1u|1l|1aj|1aa|1k|1s|1ac|1g|1y|1c|1t|1w|1o|1q|1v|1b|1ag|1n|1j|1m|1d|1e,7,12.743255411667636,1a|1ae|1ak|1al|1f|1h|1r
3.2168929458123046,,,branched-diaryl-alkyl,stage2pp,,1,branched-diaryl-alkyl,ridge_regression,72.0,72.0,,68.7831070541877,84.51772579478899,62.13255879104619,85.31653424180942,56.878100963879355,-3.2168929458123046,"{""alpha"": 100.0}",branched-diaryl-alkyl,family_holdout,ee,1ao,30,1l|1am|1af|1y|1s|1x|1i|1ab|1p|1aa|1k|1al|1ac|1g|1u|1c|1t|1w|1o|1q|1v|1ai|1b|1ag|1n|1j|1m|1ah|1d|1f,7,7.460004935861939,1a|1ae|1aj|1ak|1e|1h|1r
7.20184602765606,,,branched-diaryl-alkyl,stage2pp,,1,branched-diaryl-alkyl,elastic_net,72.0,72.0,,64.79815397234394,76.70691130429009,58.21297985476865,79.74294913838749,52.92381613611142,-7.20184602765606,"{""alpha"": 1.0, ""l1_ratio"": 0.2}",branched-diaryl-alkyl,family_holdout,ee,1ao,30,1l|1am|1af|1y|1s|1x|1i|1ab|1p|1aa|1k|1al|1ac|1g|1u|1c|1t|1w|1o|1q|1v|1ai|1b|1ag|1n|1j|1m|1ah|1d|1f,7,6.590493897010488,1a|1ae|1aj|1ak|1e|1h|1r
3.5480879044730926,,,branched-diaryl-alkyl,stage2pp,,1,branched-diaryl-alkyl,lightgbm,72.0,72.0,,68.45191209552691,84.54470024447215,66.78291972498114,85.46455580102976,65.97875904853196,-3.5480879044730926,"{""learning_rate"": 0.1, ""n_estimators"": 75, ""num_leaves"": 3}",branched-diaryl-alkyl,family_holdout,ee,1ao,30,1l|1am|1af|1y|1s|1x|1i|1ab|1p|1aa|1k|1al|1ac|1g|1u|1c|1t|1w|1o|1q|1v|1ai|1b|1ag|1n|1j|1m|1ah|1d|1f,7,7.3781743683679295,1a|1ae|1aj|1ak|1e|1h|1r
9.86666666666666,110.56891310306061,53.16442023027271,branched-diaryl-alkyl,stage2pp,14.644003283874463,1,branched-diaryl-alkyl,gaussian_process,72.0,72.0,,81.86666666666666,114.33333333333331,71.73333333333461,118.38333333333333,71.73333333333365,9.86666666666666,"{""alpha"": 1e-05, ""kernel"": ""1**2 * RBF(length_scale=2) + WhiteKernel(noise_level=1)""}",branched-diaryl-alkyl,family_holdout,ee,1ao,30,1l|1am|1af|1y|1s|1x|1i|1ab|1p|1aa|1k|1al|1ac|1g|1u|1c|1t|1w|1o|1q|1v|1ai|1b|1ag|1n|1j|1m|1ah|1d|1f,7,17.304761822450025,1a|1ae|1aj|1ak|1e|1h|1r
27.381247564697304,,,carbonyl-alkyl-aryl,stage2pp,,3,carbonyl-alkyl-aryl,ridge_regression,53.0,53.0,,80.3812475646973,80.47599309491562,67.68276499855133,80.70009050597896,63.63733752721595,27.381247564697304,"{""alpha"": 1000.0}",carbonyl-alkyl-aryl,family_holdout,ee,1ae,28,1am|1i|1p|1ao|1ab|1x|1u|1l|1aj|1d|1aa|1s|1ac|1j|1y|1v|1f|1o|1t|1w|1b|1q|1ai|1h|1m|1n|1ah|1c,7,6.75358445988171,1a|1ak|1al|1e|1g|1k|1r
18.780739506915978,,,carbonyl-alkyl-aryl,stage2pp,,3,carbonyl-alkyl-aryl,ridge_regression,61.0,61.0,,79.78073950691598,79.8754850371343,67.08225694077001,80.09958244819764,63.03682946943462,18.780739506915978,"{""alpha"": 1000.0}",carbonyl-alkyl-aryl,family_holdout,ee,1af,28,1am|1i|1p|1ao|1ab|1x|1u|1l|1aj|1d|1aa|1s|1ac|1j|1y|1v|1f|1o|1t|1w|1b|1q|1ai|1h|1m|1n|1ah|1c,7,6.75358445988171,1a|1ak|1al|1e|1g|1k|1r
11.555226931454001,,,carbonyl-alkyl-aryl,stage2pp,,3,carbonyl-alkyl-aryl,ridge_regression,90.0,90.0,,78.444773068546,78.53951859876432,65.74629050240003,78.76361600982766,61.70086303106464,-11.555226931454001,"{""alpha"": 1000.0}",carbonyl-alkyl-aryl,family_holdout,ee,1ag,28,1am|1i|1p|1ao|1ab|1x|1u|1l|1aj|1d|1aa|1s|1ac|1j|1y|1v|1f|1o|1t|1w|1b|1q|1ai|1h|1m|1n|1ah|1c,7,6.75358445988171,1a|1ak|1al|1e|1g|1k|1r
32.99576975054366,,,carbonyl-alkyl-aryl,stage2pp,,3,carbonyl-alkyl-aryl,elastic_net,53.0,53.0,,85.99576975054366,85.24118281307092,74.27387185928738,85.71405191126853,71.99145228246728,32.99576975054366,"{""alpha"": 1.0, ""l1_ratio"": 1.0}",carbonyl-alkyl-aryl,family_holdout,ee,1ae,28,1am|1i|1p|1ao|1ab|1x|1u|1l|1aj|1d|1aa|1s|1ac|1j|1y|1v|1f|1o|1t|1w|1b|1q|1ai|1h|1m|1n|1ah|1c,7,5.6051108884652665,1a|1ak|1al|1e|1g|1k|1r
15.51284169062636,,,carbonyl-alkyl-aryl,stage2pp,,3,carbonyl-alkyl-aryl,elastic_net,61.0,61.0,,76.51284169062636,75.75825475315362,64.79094379937008,76.23112385135123,62.50852422254998,15.51284169062636,"{""alpha"": 1.0, ""l1_ratio"": 1.0}",carbonyl-alkyl-aryl,family_holdout,ee,1af,28,1am|1i|1p|1ao|1ab|1x|1u|1l|1aj|1d|1aa|1s|1ac|1j|1y|1v|1f|1o|1t|1w|1b|1q|1ai|1h|1m|1n|1ah|1c,7,5.6051108884652665,1a|1ak|1al|1e|1g|1k|1r
4.487233730718373,,,carbonyl-alkyl-aryl,stage2pp,,3,carbonyl-alkyl-aryl,elastic_net,90.0,90.0,,85.51276626928163,84.75817933180889,73.79086837802535,85.2310484300065,71.50844880120525,-4.487233730718373,"{""alpha"": 1.0, ""l1_ratio"": 1.0}",carbonyl-alkyl-aryl,family_holdout,ee,1ag,28,1am|1i|1p|1ao|1ab|1x|1u|1l|1aj|1d|1aa|1s|1ac|1j|1y|1v|1f|1o|1t|1w|1b|1q|1ai|1h|1m|1n|1ah|1c,7,5.6051108884652665,1a|1ak|1al|1e|1g|1k|1r
29.98891551444227,,,carbonyl-alkyl-aryl,stage2pp,,3,carbonyl-alkyl-aryl,lightgbm,53.0,53.0,,82.98891551444227,86.02958655776159,73.3337234409873,89.27449927657554,68.67060582576818,29.98891551444227,"{""learning_rate"": 0.1, ""n_estimators"": 25, ""num_leaves"": 3}",carbonyl-alkyl-aryl,family_holdout,ee,1ae,28,1am|1i|1p|1ao|1ab|1x|1u|1l|1aj|1d|1aa|1s|1ac|1j|1y|1v|1f|1o|1t|1w|1b|1q|1ai|1h|1m|1n|1ah|1c,7,5.189828309656352,1a|1ak|1al|1e|1g|1k|1r
17.35375565443786,,,carbonyl-alkyl-aryl,stage2pp,,3,carbonyl-alkyl-aryl,lightgbm,61.0,61.0,,78.35375565443786,81.39442669775718,68.69856358098289,84.63933941657112,64.03544596576377,17.35375565443786,"{""learning_rate"": 0.1, ""n_estimators"": 25, ""num_leaves"": 3}",carbonyl-alkyl-aryl,family_holdout,ee,1af,28,1am|1i|1p|1ao|1ab|1x|1u|1l|1aj|1d|1aa|1s|1ac|1j|1y|1v|1f|1o|1t|1w|1b|1q|1ai|1h|1m|1n|1ah|1c,7,5.189828309656352,1a|1ak|1al|1e|1g|1k|1r
28.2852333049145,,,carbonyl-alkyl-aryl,stage2pp,,3,carbonyl-alkyl-aryl,lightgbm,90.0,90.0,,61.7147666950855,64.75543773840482,52.05957462163053,68.00035045721876,47.39645700641141,-28.2852333049145,"{""learning_rate"": 0.1, ""n_estimators"": 25, ""num_leaves"": 3}",carbonyl-alkyl-aryl,family_holdout,ee,1ag,28,1am|1i|1p|1ao|1ab|1x|1u|1l|1aj|1d|1aa|1s|1ac|1j|1y|1v|1f|1o|1t|1w|1b|1q|1ai|1h|1m|1n|1ah|1c,7,5.189828309656352,1a|1ak|1al|1e|1g|1k|1r
27.464285714285708,111.7999884098139,49.12858301875751,carbonyl-alkyl-aryl,stage2pp,15.987603416085815,3,carbonyl-alkyl-aryl,gaussian_process,53.0,53.0,,80.46428571428571,91.12857142857142,67.72857142857141,94.72857142857141,66.37857142857142,27.464285714285708,"{""alpha"": 1e-05, ""kernel"": ""1**2 * RBF(length_scale=2) + WhiteKernel(noise_level=10)""}",carbonyl-alkyl-aryl,family_holdout,ee,1ae,28,1am|1i|1p|1ao|1ab|1x|1u|1l|1aj|1d|1aa|1s|1ac|1j|1y|1v|1f|1o|1t|1w|1b|1q|1ai|1h|1m|1n|1ah|1c,7,11.5153060638082,1a|1ak|1al|1e|1g|1k|1r
19.464285714285708,111.7999884098139,49.12858301875751,carbonyl-alkyl-aryl,stage2pp,15.987603416085815,3,carbonyl-alkyl-aryl,gaussian_process,61.0,61.0,,80.46428571428571,91.12857142857142,67.72857142857141,94.72857142857141,66.37857142857142,19.464285714285708,"{""alpha"": 1e-05, ""kernel"": ""1**2 * RBF(length_scale=2) + WhiteKernel(noise_level=10)""}",carbonyl-alkyl-aryl,family_holdout,ee,1af,28,1am|1i|1p|1ao|1ab|1x|1u|1l|1aj|1d|1aa|1s|1ac|1j|1y|1v|1f|1o|1t|1w|1b|1q|1ai|1h|1m|1n|1ah|1c,7,11.5153060638082,1a|1ak|1al|1e|1g|1k|1r
9.535714285714292,111.7999884098139,49.12858301875751,carbonyl-alkyl-aryl,stage2pp,15.987603416085815,3,carbonyl-alkyl-aryl,gaussian_process,90.0,90.0,,80.46428571428571,91.12857142857142,67.72857142857141,94.72857142857141,66.37857142857142,-9.535714285714292,"{""alpha"": 1e-05, ""kernel"": ""1**2 * RBF(length_scale=2) + WhiteKernel(noise_level=10)""}",carbonyl-alkyl-aryl,family_holdout,ee,1ag,28,1am|1i|1p|1ao|1ab|1x|1u|1l|1aj|1d|1aa|1s|1ac|1j|1y|1v|1f|1o|1t|1w|1b|1q|1ai|1h|1m|1n|1ah|1c,7,11.5153060638082,1a|1ak|1al|1e|1g|1k|1r
6.4896438455362215,,,carbonyl-heterocycle-fused,stage2pp,,1,carbonyl-heterocycle-fused,ridge_regression,86.0,86.0,,92.48964384553622,108.88894807910202,83.69581194824093,111.13250519573431,79.1461383029796,6.4896438455362215,"{""alpha"": 100.0}",carbonyl-heterocycle-fused,family_holdout,ee,1u,30,1am|1i|1p|1ao|1ab|1af|1x|1l|1s|1y|1k|1al|1aa|1ac|1g|1t|1c|1w|1o|1q|1v|1ai|1b|1ag|1n|1j|1m|1ah|1d|1e,7,8.225867866293145,1a|1ae|1aj|1ak|1f|1h|1r
5.359710564242917,,,carbonyl-heterocycle-fused,stage2pp,,1,carbonyl-heterocycle-fused,elastic_net,86.0,86.0,,91.35971056424292,104.93985291922186,82.9331590330121,109.79496806219998,77.93418750681286,5.359710564242917,"{""alpha"": 1.0, ""l1_ratio"": 0.2}",carbonyl-heterocycle-fused,family_holdout,ee,1u,30,1am|1i|1p|1ao|1ab|1af|1x|1l|1s|1y|1k|1al|1aa|1ac|1g|1t|1c|1w|1o|1q|1v|1ai|1b|1ag|1n|1j|1m|1ah|1d|1e,7,8.06619714357966,1a|1ae|1aj|1ak|1f|1h|1r
3.8770449469077164,,,carbonyl-heterocycle-fused,stage2pp,,1,carbonyl-heterocycle-fused,lightgbm,86.0,86.0,,89.87704494690772,108.55088351179037,82.2499773856873,116.46305350120345,80.47962643044764,3.8770449469077164,"{""learning_rate"": 0.1, ""n_estimators"": 75, ""num_leaves"": 3}",carbonyl-heterocycle-fused,family_holdout,ee,1u,30,1am|1i|1p|1ao|1ab|1af|1x|1l|1s|1y|1k|1al|1aa|1ac|1g|1t|1c|1w|1o|1q|1v|1ai|1b|1ag|1n|1j|1m|1ah|1d|1e,7,8.802307336367521,1a|1ae|1aj|1ak|1f|1h|1r
4.533405102698254,110.4173404356896,52.5158493589139,carbonyl-heterocycle-fused,stage2pp,14.7707885399938,1,carbonyl-heterocycle-fused,gaussian_process,86.0,86.0,,81.46659489730175,113.53326156396841,71.53429405776961,117.58326156396842,71.08351968741903,-4.533405102698254,"{""alpha"": 1e-05, ""kernel"": ""1**2 * RBF(length_scale=2) + WhiteKernel(noise_level=10)""}",carbonyl-heterocycle-fused,family_holdout,ee,1u,30,1am|1i|1p|1ao|1ab|1af|1x|1l|1s|1y|1k|1al|1aa|1ac|1g|1t|1c|1w|1o|1q|1v|1ai|1b|1ag|1n|1j|1m|1ah|1d|1e,7,17.075909821842398,1a|1ae|1aj|1ak|1f|1h|1r
3.235398021013623,,,cycloalkyl-alkyl-aryl,stage2pp,,3,cycloalkyl-alkyl-aryl,ridge_regression,44.0,44.0,,47.23539802101362,59.91957671902821,34.45273387247977,62.59136537282474,28.570405481395923,3.235398021013623,"{""alpha"": 10.0}",cycloalkyl-alkyl-aryl,family_holdout,ee,1aj,28,1i|1am|1p|1ao|1ab|1af|1x|1u|1k|1e|1ac|1s|1aa|1y|1v|1c|1o|1w|1t|1q|1ai|1b|1m|1ag|1n|1h|1j|1ah,7,8.47410079009165,1a|1ae|1d|1f|1g|1l|1r
0.501224565419605,,,cycloalkyl-alkyl-aryl,stage2pp,,3,cycloalkyl-alkyl-aryl,ridge_regression,65.0,65.0,,64.4987754345804,77.18295413259497,51.71611128604654,79.85474278639151,45.833782894962695,-0.501224565419605,"{""alpha"": 10.0}",cycloalkyl-alkyl-aryl,family_holdout,ee,1ak,28,1i|1am|1p|1ao|1ab|1af|1x|1u|1k|1e|1ac|1s|1aa|1y|1v|1c|1o|1w|1t|1q|1ai|1b|1m|1ag|1n|1h|1j|1ah,7,8.47410079009165,1a|1ae|1d|1f|1g|1l|1r
14.299295452627206,,,cycloalkyl-alkyl-aryl,stage2pp,,3,cycloalkyl-alkyl-aryl,ridge_regression,73.0,73.0,,58.700704547372794,71.38488324538739,45.91804039883894,74.05667189918391,40.035712007755095,-14.299295452627206,"{""alpha"": 10.0}",cycloalkyl-alkyl-aryl,family_holdout,ee,1al,28,1i|1am|1p|1ao|1ab|1af|1x|1u|1k|1e|1ac|1s|1aa|1y|1v|1c|1o|1w|1t|1q|1ai|1b|1m|1ag|1n|1h|1j|1ah,7,8.47410079009165,1a|1ae|1d|1f|1g|1l|1r
7.395942248453181,,,cycloalkyl-alkyl-aryl,stage2pp,,3,cycloalkyl-alkyl-aryl,elastic_net,44.0,44.0,,51.39594224845318,65.06339752879714,40.79146284410224,70.18341402426242,36.26968758086463,7.395942248453181,"{""alpha"": 1.0, ""l1_ratio"": 0.2}",cycloalkyl-alkyl-aryl,family_holdout,ee,1aj,28,1i|1am|1p|1ao|1ab|1af|1x|1u|1k|1e|1ac|1s|1aa|1y|1v|1c|1o|1w|1t|1q|1ai|1b|1m|1ag|1n|1h|1j|1ah,7,8.769069055679173,1a|1ae|1d|1f|1g|1l|1r
0.06177037600863855,,,cycloalkyl-alkyl-aryl,stage2pp,,3,cycloalkyl-alkyl-aryl,elastic_net,65.0,65.0,,65.06177037600864,78.7292256563526,54.4572909716577,83.84924215181788,49.935515708420084,0.06177037600863855,"{""alpha"": 1.0, ""l1_ratio"": 0.2}",cycloalkyl-alkyl-aryl,family_holdout,ee,1ak,28,1i|1am|1p|1ao|1ab|1af|1x|1u|1k|1e|1ac|1s|1aa|1y|1v|1c|1o|1w|1t|1q|1ai|1b|1m|1ag|1n|1h|1j|1ah,7,8.769069055679173,1a|1ae|1d|1f|1g|1l|1r
10.84047738159812,,,cycloalkyl-alkyl-aryl,stage2pp,,3,cycloalkyl-alkyl-aryl,elastic_net,73.0,73.0,,62.15952261840188,75.82697789874584,51.55504321405094,80.94699439421112,47.033267950813325,-10.84047738159812,"{""alpha"": 1.0, ""l1_ratio"": 0.2}",cycloalkyl-alkyl-aryl,family_holdout,ee,1al,28,1i|1am|1p|1ao|1ab|1af|1x|1u|1k|1e|1ac|1s|1aa|1y|1v|1c|1o|1w|1t|1q|1ai|1b|1m|1ag|1n|1h|1j|1ah,7,8.769069055679173,1a|1ae|1d|1f|1g|1l|1r
11.90743776257834,,,cycloalkyl-alkyl-aryl,stage2pp,,3,cycloalkyl-alkyl-aryl,lightgbm,44.0,44.0,,55.90743776257834,71.43960861456578,43.91986331909761,83.20830660803692,34.57663889221159,11.90743776257834,"{""learning_rate"": 0.03, ""n_estimators"": 75, ""num_leaves"": 3}",cycloalkyl-alkyl-aryl,family_holdout,ee,1aj,28,1i|1am|1p|1ao|1ab|1af|1x|1u|1k|1e|1ac|1s|1aa|1y|1v|1c|1o|1w|1t|1q|1ai|1b|1m|1ag|1n|1h|1j|1ah,7,10.094126989208949,1a|1ae|1d|1f|1g|1l|1r
11.842772096292677,,,cycloalkyl-alkyl-aryl,stage2pp,,3,cycloalkyl-alkyl-aryl,lightgbm,65.0,65.0,,76.84277209629268,92.37494294828012,64.85519765281194,104.14364094175126,55.51197322592593,11.842772096292677,"{""learning_rate"": 0.03, ""n_estimators"": 75, ""num_leaves"": 3}",cycloalkyl-alkyl-aryl,family_holdout,ee,1ak,28,1i|1am|1p|1ao|1ab|1af|1x|1u|1k|1e|1ac|1s|1aa|1y|1v|1c|1o|1w|1t|1q|1ai|1b|1m|1ag|1n|1h|1j|1ah,7,10.094126989208949,1a|1ae|1d|1f|1g|1l|1r
3.9946172021590343,,,cycloalkyl-alkyl-aryl,stage2pp,,3,cycloalkyl-alkyl-aryl,lightgbm,73.0,73.0,,69.00538279784097,84.53755364982841,57.017808354360234,96.30625164329955,47.67458392747422,-3.9946172021590343,"{""learning_rate"": 0.03, ""n_estimators"": 75, ""num_leaves"": 3}",cycloalkyl-alkyl-aryl,family_holdout,ee,1al,28,1i|1am|1p|1ao|1ab|1af|1x|1u|1k|1e|1ac|1s|1aa|1y|1v|1c|1o|1w|1t|1q|1ai|1b|1m|1ag|1n|1h|1j|1ah,7,10.094126989208949,1a|1ae|1d|1f|1g|1l|1r
37.60714285714286,111.28725533132534,51.92703038296038,cycloalkyl-alkyl-aryl,stage2pp,15.142914527644125,3,cycloalkyl-alkyl-aryl,gaussian_process,44.0,44.0,,81.60714285714286,92.81428571429102,71.8142865603954,105.86428571428704,71.36428592581314,37.60714285714286,"{""alpha"": 1e-05, ""kernel"": ""1**2 * RBF(length_scale=2) + WhiteKernel(noise_level=10)""}",cycloalkyl-alkyl-aryl,family_holdout,ee,1aj,28,1i|1am|1p|1ao|1ab|1af|1x|1u|1k|1e|1ac|1s|1aa|1y|1v|1c|1o|1w|1t|1q|1ai|1b|1m|1ag|1n|1h|1j|1ah,7,10.56631053325214,1a|1ae|1d|1f|1g|1l|1r
16.60714285714286,111.28725533132534,51.92703038296038,cycloalkyl-alkyl-aryl,stage2pp,15.142914527644125,3,cycloalkyl-alkyl-aryl,gaussian_process,65.0,65.0,,81.60714285714286,92.81428571429102,71.8142865603954,105.86428571428704,71.36428592581314,16.60714285714286,"{""alpha"": 1e-05, ""kernel"": ""1**2 * RBF(length_scale=2) + WhiteKernel(noise_level=10)""}",cycloalkyl-alkyl-aryl,family_holdout,ee,1ak,28,1i|1am|1p|1ao|1ab|1af|1x|1u|1k|1e|1ac|1s|1aa|1y|1v|1c|1o|1w|1t|1q|1ai|1b|1m|1ag|1n|1h|1j|1ah,7,10.56631053325214,1a|1ae|1d|1f|1g|1l|1r
8.607142857142861,111.28725533132534,51.92703038296038,cycloalkyl-alkyl-aryl,stage2pp,15.142914527644125,3,cycloalkyl-alkyl-aryl,gaussian_process,73.0,73.0,,81.60714285714286,92.81428571429102,71.8142865603954,105.86428571428704,71.36428592581314,8.607142857142861,"{""alpha"": 1e-05, ""kernel"": ""1**2 * RBF(length_scale=2) + WhiteKernel(noise_level=10)""}",cycloalkyl-alkyl-aryl,family_holdout,ee,1al,28,1i|1am|1p|1ao|1ab|1af|1x|1u|1k|1e|1ac|1s|1aa|1y|1v|1c|1o|1w|1t|1q|1ai|1b|1m|1ag|1n|1h|1j|1ah,7,10.56631053325214,1a|1ae|1d|1f|1g|1l|1r
36.903506439736404,,,cycloalkyl-aryl,stage2pp,,1,cycloalkyl-aryl,ridge_regression,45.0,45.0,,81.9035064397364,113.48960081409986,75.99169587222049,117.90278450097922,75.19437078669938,36.903506439736404,"{""alpha"": 100.0}",cycloalkyl-aryl,family_holdout,ee,1am,30,1i|1al|1u|1ao|1ab|1af|1x|1p|1l|1aa|1k|1s|1ac|1g|1y|1c|1w|1t|1o|1q|1v|1ai|1b|1ag|1n|1j|1m|1ah|1d|1f,7,12.881346697541101,1a|1ae|1aj|1ak|1e|1h|1r
31.846419347011306,,,cycloalkyl-aryl,stage2pp,,1,cycloalkyl-aryl,elastic_net,45.0,45.0,,76.8464193470113,101.3991795964029,70.45493881993843,102.20496582345976,67.44024298731938,31.846419347011306,"{""alpha"": 1.0, ""l1_ratio"": 0.8}",cycloalkyl-aryl,family_holdout,ee,1am,30,1i|1al|1u|1ao|1ab|1af|1x|1p|1l|1aa|1k|1s|1ac|1g|1y|1c|1w|1t|1o|1q|1v|1ai|1b|1ag|1n|1j|1m|1ah|1d|1f,7,10.959843148079498,1a|1ae|1aj|1ak|1e|1h|1r
38.478154602624045,,,cycloalkyl-aryl,stage2pp,,1,cycloalkyl-aryl,lightgbm,45.0,45.0,,83.47815460262404,111.981594867446,80.66885016882426,114.33633050905453,80.157212199412,38.478154602624045,"{""learning_rate"": 0.1, ""n_estimators"": 75, ""num_leaves"": 3}",cycloalkyl-aryl,family_holdout,ee,1am,30,1i|1al|1u|1ao|1ab|1af|1x|1p|1l|1aa|1k|1s|1ac|1g|1y|1c|1w|1t|1o|1q|1v|1ai|1b|1ag|1n|1j|1m|1ah|1d|1f,7,11.463994393465047,1a|1ae|1aj|1ak|1e|1h|1r
37.766666666666666,108.44021672138875,57.09311661194458,cycloalkyl-aryl,stage2pp,13.09875002791943,1,cycloalkyl-aryl,gaussian_process,45.0,45.0,,82.76666666666667,116.13333333333333,73.53333333332552,120.18333333333334,73.53333333331672,37.766666666666666,"{""alpha"": 1e-05, ""kernel"": ""1**2 * RBF(length_scale=2) + WhiteKernel(noise_level=1)""}",cycloalkyl-aryl,family_holdout,ee,1am,30,1i|1al|1u|1ao|1ab|1af|1x|1p|1l|1aa|1k|1s|1ac|1g|1y|1c|1w|1t|1o|1q|1v|1ai|1b|1ag|1n|1j|1m|1ah|1d|1f,7,17.176190428330234,1a|1ae|1aj|1ak|1e|1h|1r
12.097831150501179,,,diaryl-ethyl-aryl-substituted,stage2pp,,12,diaryl-ethyl-aryl-substituted,ridge_regression,80.0,80.0,,92.09783115050118,111.87113652659366,83.54010762781463,113.33850825749329,79.70309214199192,12.097831150501179,"{""alpha"": 100.0}",diaryl-ethyl-aryl-substituted,family_holdout,ee,1b,21,1am|1q|1ao|1ab|1af|1x|1s|1al|1y|1ac|1w|1aa|1u|1v|1o|1t|1p|1ai|1ag|1n|1ah,5,11.24318279692208,1a|1ae|1aj|1ak|1r
25.944333421723684,,,diaryl-ethyl-aryl-substituted,stage2pp,,12,diaryl-ethyl-aryl-substituted,ridge_regression,92.0,92.0,,66.05566657827632,85.8289719543688,57.49794305558977,87.29634368526843,53.660927569767054,-25.944333421723684,"{""alpha"": 100.0}",diaryl-ethyl-aryl-substituted,family_holdout,ee,1c,21,1am|1q|1ao|1ab|1af|1x|1s|1al|1y|1ac|1w|1aa|1u|1v|1o|1t|1p|1ai|1ag|1n|1ah,5,11.24318279692208,1a|1ae|1aj|1ak|1r
36.16134098971313,,,diaryl-ethyl-aryl-substituted,stage2pp,,12,diaryl-ethyl-aryl-substituted,ridge_regression,90.0,90.0,,53.83865901028687,73.61196438637936,45.28093548760033,75.07933611727898,41.44392000177761,-36.16134098971313,"{""alpha"": 100.0}",diaryl-ethyl-aryl-substituted,family_holdout,ee,1d,21,1am|1q|1ao|1ab|1af|1x|1s|1al|1y|1ac|1w|1aa|1u|1v|1o|1t|1p|1ai|1ag|1n|1ah,5,11.24318279692208,1a|1ae|1aj|1ak|1r
2.658789601540164,,,diaryl-ethyl-aryl-substituted,stage2pp,,12,diaryl-ethyl-aryl-substituted,ridge_regression,92.0,92.0,,89.34121039845984,109.11451577455233,80.78348687577329,110.58188750545195,76.94647138995057,-2.658789601540164,"{""alpha"": 100.0}",diaryl-ethyl-aryl-substituted,family_holdout,ee,1e,21,1am|1q|1ao|1ab|1af|1x|1s|1al|1y|1ac|1w|1aa|1u|1v|1o|1t|1p|1ai|1ag|1n|1ah,5,11.24318279692208,1a|1ae|1aj|1ak|1r
6.65853785865022,,,diaryl-ethyl-aryl-substituted,stage2pp,,12,diaryl-ethyl-aryl-substituted,ridge_regression,90.0,90.0,,83.34146214134978,103.11476751744226,74.78373861866324,104.58213924834189,70.94672313284052,-6.65853785865022,"{""alpha"": 100.0}",diaryl-ethyl-aryl-substituted,family_holdout,ee,1f,21,1am|1q|1ao|1ab|1af|1x|1s|1al|1y|1ac|1w|1aa|1u|1v|1o|1t|1p|1ai|1ag|1n|1ah,5,11.24318279692208,1a|1ae|1aj|1ak|1r
5.551290958532334,,,diaryl-ethyl-aryl-substituted,stage2pp,,12,diaryl-ethyl-aryl-substituted,ridge_regression,90.0,90.0,,84.44870904146767,104.22201441756016,75.89098551878112,105.68938614845977,72.0539700329584,-5.551290958532334,"{""alpha"": 100.0}",diaryl-ethyl-aryl-substituted,family_holdout,ee,1g,21,1am|1q|1ao|1ab|1af|1x|1s|1al|1y|1ac|1w|1aa|1u|1v|1o|1t|1p|1ai|1ag|1n|1ah,5,11.24318279692208,1a|1ae|1aj|1ak|1r
2.104171393336344,,,diaryl-ethyl-aryl-substituted,stage2pp,,12,diaryl-ethyl-aryl-substituted,ridge_regression,90.0,90.0,,87.89582860666366,107.66913398275614,79.33810508397711,109.13650571365577,75.5010895981544,-2.104171393336344,"{""alpha"": 100.0}",diaryl-ethyl-aryl-substituted,family_holdout,ee,1h,21,1am|1q|1ao|1ab|1af|1x|1s|1al|1y|1ac|1w|1aa|1u|1v|1o|1t|1p|1ai|1ag|1n|1ah,5,11.24318279692208,1a|1ae|1aj|1ak|1r
1.1381074397783522,,,diaryl-ethyl-aryl-substituted,stage2pp,,12,diaryl-ethyl-aryl-substituted,ridge_regression,73.0,73.0,,74.13810743977835,93.91141281587085,65.58038391709181,95.37878454677046,61.74336843126909,1.1381074397783522,"{""alpha"": 100.0}",diaryl-ethyl-aryl-substituted,family_holdout,ee,1i,21,1am|1q|1ao|1ab|1af|1x|1s|1al|1y|1ac|1w|1aa|1u|1v|1o|1t|1p|1ai|1ag|1n|1ah,5,11.24318279692208,1a|1ae|1aj|1ak|1r
26.140433954029064,,,diaryl-ethyl-aryl-substituted,stage2pp,,12,diaryl-ethyl-aryl-substituted,ridge_regression,95.0,95.0,,68.85956604597094,88.63287142206343,60.30184252328439,90.10024315296305,56.464827037461674,-26.140433954029064,"{""alpha"": 100.0}",diaryl-ethyl-aryl-substituted,family_holdout,ee,1j,21,1am|1q|1ao|1ab|1af|1x|1s|1al|1y|1ac|1w|1aa|1u|1v|1o|1t|1p|1ai|1ag|1n|1ah,5,11.24318279692208,1a|1ae|1aj|1ak|1r
27.38919478270421,,,diaryl-ethyl-aryl-substituted,stage2pp,,12,diaryl-ethyl-aryl-substituted,ridge_regression,95.0,95.0,,67.61080521729579,87.38411059338827,59.05308169460925,88.8514823242879,55.21606620878653,-27.38919478270421,"{""alpha"": 100.0}",diaryl-ethyl-aryl-substituted,family_holdout,ee,1k,21,1am|1q|1ao|1ab|1af|1x|1s|1al|1y|1ac|1w|1aa|1u|1v|1o|1t|1p|1ai|1ag|1n|1ah,5,11.24318279692208,1a|1ae|1aj|1ak|1r
7.7822233260213665,,,diaryl-ethyl-aryl-substituted,stage2pp,,12,diaryl-ethyl-aryl-substituted,ridge_regression,82.0,82.0,,89.78222332602137,109.55552870211386,81.22449980333482,111.02290043301348,77.3874843175121,7.7822233260213665,"{""alpha"": 100.0}",diaryl-ethyl-aryl-substituted,family_holdout,ee,1l,21,1am|1q|1ao|1ab|1af|1x|1s|1al|1y|1ac|1w|1aa|1u|1v|1o|1t|1p|1ai|1ag|1n|1ah,5,11.24318279692208,1a|1ae|1aj|1ak|1r
8.54720009764499,,,diaryl-ethyl-aryl-substituted,stage2pp,,12,diaryl-ethyl-aryl-substituted,ridge_regression,94.0,94.0,,85.45279990235501,105.2261052784475,76.89507637966847,106.69347700934712,73.05806089384575,-8.54720009764499,"{""alpha"": 100.0}",diaryl-ethyl-aryl-substituted,family_holdout,ee,1m,21,1am|1q|1ao|1ab|1af|1x|1s|1al|1y|1ac|1w|1aa|1u|1v|1o|1t|1p|1ai|1ag|1n|1ah,5,11.24318279692208,1a|1ae|1aj|1ak|1r
13.35628940107317,,,diaryl-ethyl-aryl-substituted,stage2pp,,12,diaryl-ethyl-aryl-substituted,elastic_net,80.0,80.0,,93.35628940107317,108.12928612337262,84.48862297003035,110.26523752234954,80.04257044824757,13.35628940107317,"{""alpha"": 1.0, ""l1_ratio"": 0.5}",diaryl-ethyl-aryl-substituted,family_holdout,ee,1b,21,1am|1q|1ao|1ab|1af|1x|1s|1al|1y|1ac|1w|1aa|1u|1v|1o|1t|1p|1ai|1ag|1n|1ah,5,9.310465402225084,1a|1ae|1aj|1ak|1r
20.38630146479767,,,diaryl-ethyl-aryl-substituted,stage2pp,,12,diaryl-ethyl-aryl-substituted,elastic_net,92.0,92.0,,71.61369853520233,86.38669525750178,62.74603210415951,88.52264665647868,58.299979582376736,-20.38630146479767,"{""alpha"": 1.0, ""l1_ratio"": 0.5}",diaryl-ethyl-aryl-substituted,family_holdout,ee,1c,21,1am|1q|1ao|1ab|1af|1x|1s|1al|1y|1ac|1w|1aa|1u|1v|1o|1t|1p|1ai|1ag|1n|1ah,5,9.310465402225084,1a|1ae|1aj|1ak|1r
32.41654924622504,,,diaryl-ethyl-aryl-substituted,stage2pp,,12,diaryl-ethyl-aryl-substituted,elastic_net,90.0,90.0,,57.58345075377496,72.35644747607441,48.715784322732134,74.49239887505132,44.26973180094937,-32.41654924622504,"{""alpha"": 1.0, ""l1_ratio"": 0.5}",diaryl-ethyl-aryl-substituted,family_holdout,ee,1d,21,1am|1q|1ao|1ab|1af|1x|1s|1al|1y|1ac|1w|1aa|1u|1v|1o|1t|1p|1ai|1ag|1n|1ah,5,9.310465402225084,1a|1ae|1aj|1ak|1r
3.395803331079378,,,diaryl-ethyl-aryl-substituted,stage2pp,,12,diaryl-ethyl-aryl-substituted,elastic_net,92.0,92.0,,88.60419666892062,103.37719339122008,79.7365302378778,105.51314479019698,75.29047771609503,-3.395803331079378,"{""alpha"": 1.0, ""l1_ratio"": 0.5}",diaryl-ethyl-aryl-substituted,family_holdout,ee,1e,21,1am|1q|1ao|1ab|1af|1x|1s|1al|1y|1ac|1w|1aa|1u|1v|1o|1t|1p|1ai|1ag|1n|1ah,5,9.310465402225084,1a|1ae|1aj|1ak|1r
7.609389120233573,,,diaryl-ethyl-aryl-substituted,stage2pp,,12,diaryl-ethyl-aryl-substituted,elastic_net,90.0,90.0,,82.39061087976643,97.16360760206588,73.5229444487236,99.29955900104278,69.07689192694083,-7.609389120233573,"{""alpha"": 1.0, ""l1_ratio"": 0.5}",diaryl-ethyl-aryl-substituted,family_holdout,ee,1f,21,1am|1q|1ao|1ab|1af|1x|1s|1al|1y|1ac|1w|1aa|1u|1v|1o|1t|1p|1ai|1ag|1n|1ah,5,9.310465402225084,1a|1ae|1aj|1ak|1r
9.324972365638587,,,diaryl-ethyl-aryl-substituted,stage2pp,,12,diaryl-ethyl-aryl-substituted,elastic_net,90.0,90.0,,80.67502763436141,95.44802435666087,71.80736120331859,97.58397575563777,67.36130868153582,-9.324972365638587,"{""alpha"": 1.0, ""l1_ratio"": 0.5}",diaryl-ethyl-aryl-substituted,family_holdout,ee,1g,21,1am|1q|1ao|1ab|1af|1x|1s|1al|1y|1ac|1w|1aa|1u|1v|1o|1t|1p|1ai|1ag|1n|1ah,5,9.310465402225084,1a|1ae|1aj|1ak|1r
5.512212876002053,,,diaryl-ethyl-aryl-substituted,stage2pp,,12,diaryl-ethyl-aryl-substituted,elastic_net,90.0,90.0,,84.48778712399795,99.2607838462974,75.62012069295513,101.3967352452743,71.17406817117235,-5.512212876002053,"{""alpha"": 1.0, ""l1_ratio"": 0.5}",diaryl-ethyl-aryl-substituted,family_holdout,ee,1h,21,1am|1q|1ao|1ab|1af|1x|1s|1al|1y|1ac|1w|1aa|1u|1v|1o|1t|1p|1ai|1ag|1n|1ah,5,9.310465402225084,1a|1ae|1aj|1ak|1r
7.761521159611334,,,diaryl-ethyl-aryl-substituted,stage2pp,,12,diaryl-ethyl-aryl-substituted,elastic_net,73.0,73.0,,80.76152115961133,95.53451788191079,71.89385472856851,97.67046928088769,67.44780220678574,7.761521159611334,"{""alpha"": 1.0, ""l1_ratio"": 0.5}",diaryl-ethyl-aryl-substituted,family_holdout,ee,1i,21,1am|1q|1ao|1ab|1af|1x|1s|1al|1y|1ac|1w|1aa|1u|1v|1o|1t|1p|1ai|1ag|1n|1ah,5,9.310465402225084,1a|1ae|1aj|1ak|1r
19.374998082370468,,,diaryl-ethyl-aryl-substituted,stage2pp,,12,diaryl-ethyl-aryl-substituted,elastic_net,95.0,95.0,,75.62500191762953,90.39799863992899,66.75733548658671,92.53395003890589,62.31128296480394,-19.374998082370468,"{""alpha"": 1.0, ""l1_ratio"": 0.5}",diaryl-ethyl-aryl-substituted,family_holdout,ee,1j,21,1am|1q|1ao|1ab|1af|1x|1s|1al|1y|1ac|1w|1aa|1u|1v|1o|1t|1p|1ai|1ag|1n|1ah,5,9.310465402225084,1a|1ae|1aj|1ak|1r
27.09699906652955,,,diaryl-ethyl-aryl-substituted,stage2pp,,12,diaryl-ethyl-aryl-substituted,elastic_net,95.0,95.0,,67.90300093347045,82.6759976557699,59.03533450242763,84.8119490547468,54.589281980644856,-27.09699906652955,"{""alpha"": 1.0, ""l1_ratio"": 0.5}",diaryl-ethyl-aryl-substituted,family_holdout,ee,1k,21,1am|1q|1ao|1ab|1af|1x|1s|1al|1y|1ac|1w|1aa|1u|1v|1o|1t|1p|1ai|1ag|1n|1ah,5,9.310465402225084,1a|1ae|1aj|1ak|1r
2.576554448874276,,,diaryl-ethyl-aryl-substituted,stage2pp,,12,diaryl-ethyl-aryl-substituted,elastic_net,82.0,82.0,,84.57655444887428,99.34955117117373,75.70888801783146,101.48550257015063,71.26283549604868,2.576554448874276,"{""alpha"": 1.0, ""l1_ratio"": 0.5}",diaryl-ethyl-aryl-substituted,family_holdout,ee,1l,21,1am|1q|1ao|1ab|1af|1x|1s|1al|1y|1ac|1w|1aa|1u|1v|1o|1t|1p|1ai|1ag|1n|1ah,5,9.310465402225084,1a|1ae|1aj|1ak|1r
12.491675109680756,,,diaryl-ethyl-aryl-substituted,stage2pp,,12,diaryl-ethyl-aryl-substituted,elastic_net,94.0,94.0,,81.50832489031924,96.2813216126187,72.64065845927642,98.4172730115956,68.19460593749365,-12.491675109680756,"{""alpha"": 1.0, ""l1_ratio"": 0.5}",diaryl-ethyl-aryl-substituted,family_holdout,ee,1m,21,1am|1q|1ao|1ab|1af|1x|1s|1al|1y|1ac|1w|1aa|1u|1v|1o|1t|1p|1ai|1ag|1n|1ah,5,9.310465402225084,1a|1ae|1aj|1ak|1r
10.881652134492498,,,diaryl-ethyl-aryl-substituted,stage2pp,,12,diaryl-ethyl-aryl-substituted,lightgbm,80.0,80.0,,90.8816521344925,112.11194515370141,79.50101095771527,115.06049456608989,73.65939459782841,10.881652134492498,"{""learning_rate"": 0.1, ""n_estimators"": 75, ""num_leaves"": 3}",diaryl-ethyl-aryl-substituted,family_holdout,ee,1b,21,1am|1q|1ao|1ab|1af|1x|1s|1al|1y|1ac|1w|1aa|1u|1v|1o|1t|1p|1ai|1ag|1n|1ah,5,13.904099591495214,1a|1ae|1aj|1ak|1r
19.290398334866936,,,diaryl-ethyl-aryl-substituted,stage2pp,,12,diaryl-ethyl-aryl-substituted,lightgbm,92.0,92.0,,72.70960166513306,93.93989468434198,61.32896048835583,96.88844409673047,55.487344128468976,-19.290398334866936,"{""learning_rate"": 0.1, ""n_estimators"": 75, ""num_leaves"": 3}",diaryl-ethyl-aryl-substituted,family_holdout,ee,1c,21,1am|1q|1ao|1ab|1af|1x|1s|1al|1y|1ac|1w|1aa|1u|1v|1o|1t|1p|1ai|1ag|1n|1ah,5,13.904099591495214,1a|1ae|1aj|1ak|1r
23.767769068533738,,,diaryl-ethyl-aryl-substituted,stage2pp,,12,diaryl-ethyl-aryl-substituted,lightgbm,90.0,90.0,,66.23223093146626,87.46252395067518,54.85158975468903,90.41107336306365,49.009973394802174,-23.767769068533738,"{""learning_rate"": 0.1, ""n_estimators"": 75, ""num_leaves"": 3}",diaryl-ethyl-aryl-substituted,family_holdout,ee,1d,21,1am|1q|1ao|1ab|1af|1x|1s|1al|1y|1ac|1w|1aa|1u|1v|1o|1t|1p|1ai|1ag|1n|1ah,5,13.904099591495214,1a|1ae|1aj|1ak|1r
10.337922939089935,,,diaryl-ethyl-aryl-substituted,stage2pp,,12,diaryl-ethyl-aryl-substituted,lightgbm,92.0,92.0,,81.66207706091006,102.89237008011898,70.28143588413283,105.84091949250745,64.43981952424598,-10.337922939089935,"{""learning_rate"": 0.1, ""n_estimators"": 75, ""num_leaves"": 3}",diaryl-ethyl-aryl-substituted,family_holdout,ee,1e,21,1am|1q|1ao|1ab|1af|1x|1s|1al|1y|1ac|1w|1aa|1u|1v|1o|1t|1p|1ai|1ag|1n|1ah,5,13.904099591495214,1a|1ae|1aj|1ak|1r
17.526726277028814,,,diaryl-ethyl-aryl-substituted,stage2pp,,12,diaryl-ethyl-aryl-substituted,lightgbm,90.0,90.0,,72.47327372297119,93.7035667421801,61.092632546193954,96.65211615456857,55.2510161863071,-17.526726277028814,"{""learning_rate"": 0.1, ""n_estimators"": 75, ""num_leaves"": 3}",diaryl-ethyl-aryl-substituted,family_holdout,ee,1f,21,1am|1q|1ao|1ab|1af|1x|1s|1al|1y|1ac|1w|1aa|1u|1v|1o|1t|1p|1ai|1ag|1n|1ah,5,13.904099591495214,1a|1ae|1aj|1ak|1r
17.095140811612765,,,diaryl-ethyl-aryl-substituted,stage2pp,,12,diaryl-ethyl-aryl-substituted,lightgbm,90.0,90.0,,72.90485918838723,94.13515220759615,61.52421801161,97.08370161998462,55.68260165172315,-17.095140811612765,"{""learning_rate"": 0.1, ""n_estimators"": 75, ""num_leaves"": 3}",diaryl-ethyl-aryl-substituted,family_holdout,ee,1g,21,1am|1q|1ao|1ab|1af|1x|1s|1al|1y|1ac|1w|1aa|1u|1v|1o|1t|1p|1ai|1ag|1n|1ah,5,13.904099591495214,1a|1ae|1aj|1ak|1r
14.839575443710842,,,diaryl-ethyl-aryl-substituted,stage2pp,,12,diaryl-ethyl-aryl-substituted,lightgbm,90.0,90.0,,75.16042455628916,96.39071757549807,63.779783379511926,99.33926698788656,57.93816701962507,-14.839575443710842,"{""learning_rate"": 0.1, ""n_estimators"": 75, ""num_leaves"": 3}",diaryl-ethyl-aryl-substituted,family_holdout,ee,1h,21,1am|1q|1ao|1ab|1af|1x|1s|1al|1y|1ac|1w|1aa|1u|1v|1o|1t|1p|1ai|1ag|1n|1ah,5,13.904099591495214,1a|1ae|1aj|1ak|1r
14.256660876102686,,,diaryl-ethyl-aryl-substituted,stage2pp,,12,diaryl-ethyl-aryl-substituted,lightgbm,73.0,73.0,,87.25666087610269,108.4869538953116,75.87601969932545,111.43550330770009,70.0344033394386,14.256660876102686,"{""learning_rate"": 0.1, ""n_estimators"": 75, ""num_leaves"": 3}",diaryl-ethyl-aryl-substituted,family_holdout,ee,1i,21,1am|1q|1ao|1ab|1af|1x|1s|1al|1y|1ac|1w|1aa|1u|1v|1o|1t|1p|1ai|1ag|1n|1ah,5,13.904099591495214,1a|1ae|1aj|1ak|1r
13.803088512072591,,,diaryl-ethyl-aryl-substituted,stage2pp,,12,diaryl-ethyl-aryl-substituted,lightgbm,95.0,95.0,,81.19691148792741,102.42720450713632,69.81627031115018,105.37575391952481,63.97465395126332,-13.803088512072591,"{""learning_rate"": 0.1, ""n_estimators"": 75, ""num_leaves"": 3}",diaryl-ethyl-aryl-substituted,family_holdout,ee,1j,21,1am|1q|1ao|1ab|1af|1x|1s|1al|1y|1ac|1w|1aa|1u|1v|1o|1t|1p|1ai|1ag|1n|1ah,5,13.904099591495214,1a|1ae|1aj|1ak|1r
12.067291492797338,,,diaryl-ethyl-aryl-substituted,stage2pp,,12,diaryl-ethyl-aryl-substituted,lightgbm,95.0,95.0,,82.93270850720266,104.16300152641158,71.55206733042543,107.11155093880006,65.71045097053857,-12.067291492797338,"{""learning_rate"": 0.1, ""n_estimators"": 75, ""num_leaves"": 3}",diaryl-ethyl-aryl-substituted,family_holdout,ee,1k,21,1am|1q|1ao|1ab|1af|1x|1s|1al|1y|1ac|1w|1aa|1u|1v|1o|1t|1p|1ai|1ag|1n|1ah,5,13.904099591495214,1a|1ae|1aj|1ak|1r
11.733665489395221,,,diaryl-ethyl-aryl-substituted,stage2pp,,12,diaryl-ethyl-aryl-substituted,lightgbm,82.0,82.0,,70.26633451060478,91.4966275298137,58.88569333382755,94.44517694220218,53.04407697394069,-11.733665489395221,"{""learning_rate"": 0.1, ""n_estimators"": 75, ""num_leaves"": 3}",diaryl-ethyl-aryl-substituted,family_holdout,ee,1l,21,1am|1q|1ao|1ab|1af|1x|1s|1al|1y|1ac|1w|1aa|1u|1v|1o|1t|1p|1ai|1ag|1n|1ah,5,13.904099591495214,1a|1ae|1aj|1ak|1r
23.194119385788042,,,diaryl-ethyl-aryl-substituted,stage2pp,,12,diaryl-ethyl-aryl-substituted,lightgbm,94.0,94.0,,70.80588061421196,92.03617363342087,59.425239437434726,94.98472304580935,53.58362307754787,-23.194119385788042,"{""learning_rate"": 0.1, ""n_estimators"": 75, ""num_leaves"": 3}",diaryl-ethyl-aryl-substituted,family_holdout,ee,1m,21,1am|1q|1ao|1ab|1af|1x|1s|1al|1y|1ac|1w|1aa|1u|1v|1o|1t|1p|1ai|1ag|1n|1ah,5,13.904099591495214,1a|1ae|1aj|1ak|1r
1.5714285714285694,109.87916057168589,46.977982285456974,diaryl-ethyl-aryl-substituted,stage2pp,16.0462189505686,12,diaryl-ethyl-aryl-substituted,gaussian_process,80.0,80.0,,78.42857142857143,109.25714285714287,65.25714474908457,111.95714285714286,64.95714333012829,-1.5714285714285694,"{""alpha"": 1e-05, ""kernel"": ""1**2 * RBF(length_scale=2) + WhiteKernel(noise_level=10)""}",diaryl-ethyl-aryl-substituted,family_holdout,ee,1b,21,1am|1q|1ao|1ab|1af|1x|1s|1al|1y|1ac|1w|1aa|1u|1v|1o|1t|1p|1ai|1ag|1n|1ah,5,19.885713339731538,1a|1ae|1aj|1ak|1r
13.57142857142857,109.87916057168589,46.977982285456974,diaryl-ethyl-aryl-substituted,stage2pp,16.0462189505686,12,diaryl-ethyl-aryl-substituted,gaussian_process,92.0,92.0,,78.42857142857143,109.25714285714287,65.25714474908457,111.95714285714286,64.95714333012829,-13.57142857142857,"{""alpha"": 1e-05, ""kernel"": ""1**2 * RBF(length_scale=2) + WhiteKernel(noise_level=10)""}",diaryl-ethyl-aryl-substituted,family_holdout,ee,1c,21,1am|1q|1ao|1ab|1af|1x|1s|1al|1y|1ac|1w|1aa|1u|1v|1o|1t|1p|1ai|1ag|1n|1ah,5,19.885713339731538,1a|1ae|1aj|1ak|1r
11.57142857142857,109.87916057168589,46.977982285456974,diaryl-ethyl-aryl-substituted,stage2pp,16.0462189505686,12,diaryl-ethyl-aryl-substituted,gaussian_process,90.0,90.0,,78.42857142857143,109.25714285714287,65.25714474908457,111.95714285714286,64.95714333012829,-11.57142857142857,"{""alpha"": 1e-05, ""kernel"": ""1**2 * RBF(length_scale=2) + WhiteKernel(noise_level=10)""}",diaryl-ethyl-aryl-substituted,family_holdout,ee,1d,21,1am|1q|1ao|1ab|1af|1x|1s|1al|1y|1ac|1w|1aa|1u|1v|1o|1t|1p|1ai|1ag|1n|1ah,5,19.885713339731538,1a|1ae|1aj|1ak|1r
13.57142857142857,109.87916057168589,46.977982285456974,diaryl-ethyl-aryl-substituted,stage2pp,16.0462189505686,12,diaryl-ethyl-aryl-substituted,gaussian_process,92.0,92.0,,78.42857142857143,109.25714285714287,65.25714474908457,111.95714285714286,64.95714333012829,-13.57142857142857,"{""alpha"": 1e-05, ""kernel"": ""1**2 * RBF(length_scale=2) + WhiteKernel(noise_level=10)""}",diaryl-ethyl-aryl-substituted,family_holdout,ee,1e,21,1am|1q|1ao|1ab|1af|1x|1s|1al|1y|1ac|1w|1aa|1u|1v|1o|1t|1p|1ai|1ag|1n|1ah,5,19.885713339731538,1a|1ae|1aj|1ak|1r
11.571428570337787,109.87916057277667,46.97798228654776,diaryl-ethyl-aryl-substituted,stage2pp,16.0462189505686,12,diaryl-ethyl-aryl-substituted,gaussian_process,90.0,90.0,,78.42857142966221,109.25714285823365,65.25714475017536,111.95714285823365,64.95714333121907,-11.571428570337787,"{""alpha"": 1e-05, ""kernel"": ""1**2 * RBF(length_scale=2) + WhiteKernel(noise_level=10)""}",diaryl-ethyl-aryl-substituted,family_holdout,ee,1f,21,1am|1q|1ao|1ab|1af|1x|1s|1al|1y|1ac|1w|1aa|1u|1v|1o|1t|1p|1ai|1ag|1n|1ah,5,19.885713339731538,1a|1ae|1aj|1ak|1r
11.57142857142857,109.87916057168589,46.977982285456974,diaryl-ethyl-aryl-substituted,stage2pp,16.0462189505686,12,diaryl-ethyl-aryl-substituted,gaussian_process,90.0,90.0,,78.42857142857143,109.25714285714287,65.25714474908457,111.95714285714286,64.95714333012829,-11.57142857142857,"{""alpha"": 1e-05, ""kernel"": ""1**2 * RBF(length_scale=2) + WhiteKernel(noise_level=10)""}",diaryl-ethyl-aryl-substituted,family_holdout,ee,1g,21,1am|1q|1ao|1ab|1af|1x|1s|1al|1y|1ac|1w|1aa|1u|1v|1o|1t|1p|1ai|1ag|1n|1ah,5,19.885713339731538,1a|1ae|1aj|1ak|1r
11.57142857142857,109.87916057168589,46.977982285456974,diaryl-ethyl-aryl-substituted,stage2pp,16.0462189505686,12,diaryl-ethyl-aryl-substituted,gaussian_process,90.0,90.0,,78.42857142857143,109.25714285714287,65.25714474908457,111.95714285714286,64.95714333012829,-11.57142857142857,"{""alpha"": 1e-05, ""kernel"": ""1**2 * RBF(length_scale=2) + WhiteKernel(noise_level=10)""}",diaryl-ethyl-aryl-substituted,family_holdout,ee,1h,21,1am|1q|1ao|1ab|1af|1x|1s|1al|1y|1ac|1w|1aa|1u|1v|1o|1t|1p|1ai|1ag|1n|1ah,5,19.885713339731538,1a|1ae|1aj|1ak|1r
5.428571428571431,109.87916057168589,46.977982285456974,diaryl-ethyl-aryl-substituted,stage2pp,16.0462189505686,12,diaryl-ethyl-aryl-substituted,gaussian_process,73.0,73.0,,78.42857142857143,109.25714285714287,65.25714474908457,111.95714285714286,64.95714333012829,5.428571428571431,"{""alpha"": 1e-05, ""kernel"": ""1**2 * RBF(length_scale=2) + WhiteKernel(noise_level=10)""}",diaryl-ethyl-aryl-substituted,family_holdout,ee,1i,21,1am|1q|1ao|1ab|1af|1x|1s|1al|1y|1ac|1w|1aa|1u|1v|1o|1t|1p|1ai|1ag|1n|1ah,5,19.885713339731538,1a|1ae|1aj|1ak|1r
16.57142857142857,109.87916057168589,46.977982285456974,diaryl-ethyl-aryl-substituted,stage2pp,16.0462189505686,12,diaryl-ethyl-aryl-substituted,gaussian_process,95.0,95.0,,78.42857142857143,109.25714285714287,65.25714474908457,111.95714285714286,64.95714333012829,-16.57142857142857,"{""alpha"": 1e-05, ""kernel"": ""1**2 * RBF(length_scale=2) + WhiteKernel(noise_level=10)""}",diaryl-ethyl-aryl-substituted,family_holdout,ee,1j,21,1am|1q|1ao|1ab|1af|1x|1s|1al|1y|1ac|1w|1aa|1u|1v|1o|1t|1p|1ai|1ag|1n|1ah,5,19.885713339731538,1a|1ae|1aj|1ak|1r
16.57142857142857,109.87916057168589,46.977982285456974,diaryl-ethyl-aryl-substituted,stage2pp,16.0462189505686,12,diaryl-ethyl-aryl-substituted,gaussian_process,95.0,95.0,,78.42857142857143,109.25714285714287,65.25714474908457,111.95714285714286,64.95714333012829,-16.57142857142857,"{""alpha"": 1e-05, ""kernel"": ""1**2 * RBF(length_scale=2) + WhiteKernel(noise_level=10)""}",diaryl-ethyl-aryl-substituted,family_holdout,ee,1k,21,1am|1q|1ao|1ab|1af|1x|1s|1al|1y|1ac|1w|1aa|1u|1v|1o|1t|1p|1ai|1ag|1n|1ah,5,19.885713339731538,1a|1ae|1aj|1ak|1r
3.5714285714285694,109.87916057168589,46.977982285456974,diaryl-ethyl-aryl-substituted,stage2pp,16.0462189505686,12,diaryl-ethyl-aryl-substituted,gaussian_process,82.0,82.0,,78.42857142857143,109.25714285714287,65.25714474908457,111.95714285714286,64.95714333012829,-3.5714285714285694,"{""alpha"": 1e-05, ""kernel"": ""1**2 * RBF(length_scale=2) + WhiteKernel(noise_level=10)""}",diaryl-ethyl-aryl-substituted,family_holdout,ee,1l,21,1am|1q|1ao|1ab|1af|1x|1s|1al|1y|1ac|1w|1aa|1u|1v|1o|1t|1p|1ai|1ag|1n|1ah,5,19.885713339731538,1a|1ae|1aj|1ak|1r
15.57142857142857,109.87916057168589,46.977982285456974,diaryl-ethyl-aryl-substituted,stage2pp,16.0462189505686,12,diaryl-ethyl-aryl-substituted,gaussian_process,94.0,94.0,,78.42857142857143,109.25714285714287,65.25714474908457,111.95714285714286,64.95714333012829,-15.57142857142857,"{""alpha"": 1e-05, ""kernel"": ""1**2 * RBF(length_scale=2) + WhiteKernel(noise_level=10)""}",diaryl-ethyl-aryl-substituted,family_holdout,ee,1m,21,1am|1q|1ao|1ab|1af|1x|1s|1al|1y|1ac|1w|1aa|1u|1v|1o|1t|1p|1ai|1ag|1n|1ah,5,19.885713339731538,1a|1ae|1aj|1ak|1r
21.49192713611768,,,diaryl-ethyl-parent,stage2pp,,1,diaryl-ethyl-parent,ridge_regression,92.0,92.0,,70.50807286388232,80.20235794582915,63.18557033035993,85.97556634920551,56.92735582406718,-21.49192713611768,"{""alpha"": 10.0}",diaryl-ethyl-parent,family_holdout,ee,1a,30,1am|1i|1p|1ao|1ab|1af|1x|1u|1l|1aj|1aa|1k|1s|1ac|1g|1y|1c|1w|1t|1o|1q|1v|1ai|1b|1ag|1n|1j|1m|1ah|1d,7,6.140091000756051,1ae|1ak|1al|1e|1f|1h|1r
19.68921742465055,,,diaryl-ethyl-parent,stage2pp,,1,diaryl-ethyl-parent,elastic_net,92.0,92.0,,72.31078257534945,80.89282003814506,64.5594979242775,89.13844605319171,60.788700316141544,-19.68921742465055,"{""alpha"": 1.0, ""l1_ratio"": 0.2}",diaryl-ethyl-parent,family_holdout,ee,1a,30,1am|1i|1p|1ao|1ab|1af|1x|1u|1l|1aj|1aa|1k|1s|1ac|1g|1y|1c|1w|1t|1o|1q|1v|1ai|1b|1ag|1n|1j|1m|1ah|1d,7,6.490955223386895,1ae|1ak|1al|1e|1f|1h|1r
7.337293222897756,,,diaryl-ethyl-parent,stage2pp,,1,diaryl-ethyl-parent,lightgbm,92.0,92.0,,84.66270677710224,97.02647533300049,82.41129430833564,100.63147574877878,81.83201604031763,-7.337293222897756,"{""learning_rate"": 0.1, ""n_estimators"": 75, ""num_leaves"": 3}",diaryl-ethyl-parent,family_holdout,ee,1a,30,1am|1i|1p|1ao|1ab|1af|1x|1u|1l|1aj|1aa|1k|1s|1ac|1g|1y|1c|1w|1t|1o|1q|1v|1ai|1b|1ag|1n|1j|1m|1ah|1d,7,5.730523604931093,1ae|1ak|1al|1e|1f|1h|1r
11.700000000000003,111.79492148224497,48.80507851775502,diaryl-ethyl-parent,stage2pp,16.068837490941313,1,diaryl-ethyl-parent,gaussian_process,92.0,92.0,,80.3,100.4,69.20000089468223,105.79999999999998,68.75000022367288,-11.700000000000003,"{""alpha"": 1e-05, ""kernel"": ""1**2 * RBF(length_scale=2) + WhiteKernel(noise_level=1)""}",diaryl-ethyl-parent,family_holdout,ee,1a,30,1am|1i|1p|1ao|1ab|1af|1x|1u|1l|1aj|1aa|1k|1s|1ac|1g|1y|1c|1w|1t|1o|1q|1v|1ai|1b|1ag|1n|1j|1m|1ah|1d,7,13.099999785544611,1ae|1ak|1al|1e|1f|1h|1r
0.8664537648419071,,,nitrogen-heteroaryl,stage2pp,,2,nitrogen-heteroaryl,ridge_regression,88.0,88.0,,87.1335462351581,93.19860086367268,70.69553584936901,98.35800634951634,67.35285862756646,-0.8664537648419071,"{""alpha"": 10.0}",nitrogen-heteroaryl,family_holdout,ee,1aa,29,1am|1i|1p|1ao|1af|1x|1u|1l|1aj|1k|1o|1s|1ac|1f|1y|1v|1w|1t|1b|1q|1h|1ai|1ag|1n|1m|1j|1ah|1c|1e,7,7.438548371299585,1a|1ae|1ak|1al|1d|1g|1r
29.218005117016475,,,nitrogen-heteroaryl,stage2pp,,2,nitrogen-heteroaryl,ridge_regression,95.0,95.0,,65.78199488298353,71.84704951149811,49.34398449719444,77.00645499734178,46.001307275391895,-29.218005117016475,"{""alpha"": 10.0}",nitrogen-heteroaryl,family_holdout,ee,1ab,29,1am|1i|1p|1ao|1af|1x|1u|1l|1aj|1k|1o|1s|1ac|1f|1y|1v|1w|1t|1b|1q|1h|1ai|1ag|1n|1m|1j|1ah|1c|1e,7,7.438548371299585,1a|1ae|1ak|1al|1d|1g|1r
2.2011509924643065,,,nitrogen-heteroaryl,stage2pp,,2,nitrogen-heteroaryl,elastic_net,88.0,88.0,,90.2011509924643,97.71265582907188,80.58814854446653,104.61020938270525,78.57827685256021,2.2011509924643065,"{""alpha"": 1.0, ""l1_ratio"": 0.5}",nitrogen-heteroaryl,family_holdout,ee,1aa,29,1am|1i|1p|1ao|1af|1x|1u|1l|1aj|1k|1o|1s|1ac|1f|1y|1v|1w|1t|1b|1q|1h|1ai|1ag|1n|1m|1j|1ah|1c|1e,7,6.485802892774034,1a|1ae|1ak|1al|1d|1g|1r
27.313374312570815,,,nitrogen-heteroaryl,stage2pp,,2,nitrogen-heteroaryl,elastic_net,95.0,95.0,,67.68662568742918,75.19813052403676,58.07362323943141,82.09568407767013,56.063751547525094,-27.313374312570815,"{""alpha"": 1.0, ""l1_ratio"": 0.5}",nitrogen-heteroaryl,family_holdout,ee,1ab,29,1am|1i|1p|1ao|1af|1x|1u|1l|1aj|1k|1o|1s|1ac|1f|1y|1v|1w|1t|1b|1q|1h|1ai|1ag|1n|1m|1j|1ah|1c|1e,7,6.485802892774034,1a|1ae|1ak|1al|1d|1g|1r
1.8044544364413042,,,nitrogen-heteroaryl,stage2pp,,2,nitrogen-heteroaryl,lightgbm,88.0,88.0,,89.8044544364413,95.99746054813414,83.47088250196813,99.92219837607787,82.35003383740722,1.8044544364413042,"{""learning_rate"": 0.1, ""n_estimators"": 75, ""num_leaves"": 3}",nitrogen-heteroaryl,family_holdout,ee,1aa,29,1am|1i|1p|1ao|1af|1x|1u|1l|1aj|1k|1o|1s|1ac|1f|1y|1v|1w|1t|1b|1q|1h|1ai|1ag|1n|1m|1j|1ah|1c|1e,7,4.8329807635282735,1a|1ae|1ak|1al|1d|1g|1r
15.534259148224066,,,nitrogen-heteroaryl,stage2pp,,2,nitrogen-heteroaryl,lightgbm,95.0,95.0,,79.46574085177593,85.65874696346877,73.13216891730276,89.5834847914125,72.01132025274185,-15.534259148224066,"{""learning_rate"": 0.1, ""n_estimators"": 75, ""num_leaves"": 3}",nitrogen-heteroaryl,family_holdout,ee,1ab,29,1am|1i|1p|1ao|1af|1x|1u|1l|1aj|1k|1o|1s|1ac|1f|1y|1v|1w|1t|1b|1q|1h|1ai|1ag|1n|1m|1j|1ah|1c|1e,7,4.8329807635282735,1a|1ae|1ak|1al|1d|1g|1r
8.068965470870907,111.66901564489493,48.19305341336326,nitrogen-heteroaryl,stage2pp,16.192847508043794,2,nitrogen-heteroaryl,gaussian_process,88.0,88.0,,79.9310345291291,99.66206901188772,68.46207007986784,105.0620690118877,68.01206927888275,-8.068965470870907,"{""alpha"": 1e-05, ""kernel"": ""1**2 * RBF(length_scale=2) + WhiteKernel(noise_level=10)""}",nitrogen-heteroaryl,family_holdout,ee,1aa,29,1am|1i|1p|1ao|1af|1x|1u|1l|1aj|1k|1o|1s|1ac|1f|1y|1v|1w|1t|1b|1q|1h|1ai|1ag|1n|1m|1j|1ah|1c|1e,7,13.152697873161229,1a|1ae|1ak|1al|1d|1g|1r
15.06896551724138,111.66901559852445,48.193053366992785,nitrogen-heteroaryl,stage2pp,16.192847508043794,2,nitrogen-heteroaryl,gaussian_process,95.0,95.0,,79.93103448275862,99.66206896551725,68.46207003349737,105.06206896551723,68.01206923251227,-15.06896551724138,"{""alpha"": 1e-05, ""kernel"": ""1**2 * RBF(length_scale=2) + WhiteKernel(noise_level=10)""}",nitrogen-heteroaryl,family_holdout,ee,1ab,29,1am|1i|1p|1ao|1af|1x|1u|1l|1aj|1k|1o|1s|1ac|1f|1y|1v|1w|1t|1b|1q|1h|1ai|1ag|1n|1m|1j|1ah|1c|1e,7,13.152697873161229,1a|1ae|1ak|1al|1d|1g|1r
10.566289299441635,,,oxygen-heteroaryl,stage2pp,,1,oxygen-heteroaryl,ridge_regression,89.0,89.0,,78.43371070055836,87.19058536824268,65.22530854480108,97.35503033849017,60.832700934197845,-10.566289299441635,"{""alpha"": 1000.0}",oxygen-heteroaryl,family_holdout,ee,1o,30,1am|1i|1p|1ao|1ab|1af|1x|1u|1l|1aj|1aa|1k|1s|1ac|1g|1y|1c|1w|1t|1q|1v|1ai|1b|1ag|1n|1j|1m|1ah|1d|1f,7,9.279334777880267,1a|1ae|1ak|1al|1e|1h|1r
9.297059044102625,,,oxygen-heteroaryl,stage2pp,,1,oxygen-heteroaryl,elastic_net,89.0,89.0,,79.70294095589738,90.79086783307126,67.9836264961977,101.3133563565173,62.792906671414414,-9.297059044102625,"{""alpha"": 1.0, ""l1_ratio"": 0.5}",oxygen-heteroaryl,family_holdout,ee,1o,30,1am|1i|1p|1ao|1ab|1af|1x|1u|1l|1aj|1aa|1k|1s|1ac|1g|1y|1c|1w|1t|1q|1v|1ai|1b|1ag|1n|1j|1m|1ah|1d|1f,7,8.776705893989448,1a|1ae|1ak|1al|1e|1h|1r
4.686994274681908,,,oxygen-heteroaryl,stage2pp,,1,oxygen-heteroaryl,lightgbm,89.0,89.0,,84.31300572531809,95.32541951275398,81.88718151875376,95.68383014415201,81.73534785210599,-4.686994274681908,"{""learning_rate"": 0.1, ""n_estimators"": 75, ""num_leaves"": 3}",oxygen-heteroaryl,family_holdout,ee,1o,30,1am|1i|1p|1ao|1ab|1af|1x|1u|1l|1aj|1aa|1k|1s|1ac|1g|1y|1c|1w|1t|1q|1v|1ai|1b|1ag|1n|1j|1m|1ah|1d|1f,7,4.302022280496425,1a|1ae|1ak|1al|1e|1h|1r
8.666666666666671,111.86556471776174,48.801101948904915,oxygen-heteroaryl,stage2pp,16.08787315532062,1,oxygen-heteroaryl,gaussian_process,89.0,89.0,,80.33333333333333,100.46666666666667,68.6666666667427,105.86666666666665,68.66666666668567,-8.666666666666671,"{""alpha"": 1e-05, ""kernel"": ""1**2 * RBF(length_scale=2) + WhiteKernel(noise_level=10)""}",oxygen-heteroaryl,family_holdout,ee,1o,30,1am|1i|1p|1ao|1ab|1af|1x|1u|1l|1aj|1aa|1k|1s|1ac|1g|1y|1c|1w|1t|1q|1v|1ai|1b|1ag|1n|1j|1m|1ah|1d|1f,7,13.380952277989453,1a|1ae|1ak|1al|1e|1h|1r
35.742267774421805,,,oxygen-heteroaryl-fused,stage2pp,,2,oxygen-heteroaryl-fused,ridge_regression,61.0,61.0,,96.7422677744218,100.94855603689567,91.57200758198162,100.99734077559077,90.8193962397315,35.742267774421805,"{""alpha"": 10.0}",oxygen-heteroaryl-fused,family_holdout,ee,1p,29,1am|1i|1ae|1y|1ab|1s|1ao|1x|1l|1k|1al|1aa|1ac|1g|1w|1u|1c|1o|1t|1v|1ai|1b|1n|1ag|1j|1m|1ah|1d|1e,7,3.054206528099499,1a|1af|1aj|1ak|1f|1h|1r
8.241398286891794,,,oxygen-heteroaryl-fused,stage2pp,,2,oxygen-heteroaryl-fused,ridge_regression,90.0,90.0,,98.2413982868918,102.44768654936566,93.07113809445161,102.49647128806076,92.31852675220149,8.241398286891794,"{""alpha"": 10.0}",oxygen-heteroaryl-fused,family_holdout,ee,1q,29,1am|1i|1ae|1y|1ab|1s|1ao|1x|1l|1k|1al|1aa|1ac|1g|1w|1u|1c|1o|1t|1v|1ai|1b|1n|1ag|1j|1m|1ah|1d|1e,7,3.054206528099499,1a|1af|1aj|1ak|1f|1h|1r
33.390481227950175,,,oxygen-heteroaryl-fused,stage2pp,,2,oxygen-heteroaryl-fused,elastic_net,61.0,61.0,,94.39048122795018,98.78054009208854,90.71277417289328,99.18084236786243,87.88835690349462,33.390481227950175,"{""alpha"": 1.0, ""l1_ratio"": 0.2}",oxygen-heteroaryl-fused,family_holdout,ee,1p,29,1am|1i|1ae|1y|1ab|1s|1ao|1x|1l|1k|1al|1aa|1ac|1g|1w|1u|1c|1o|1t|1v|1ai|1b|1n|1ag|1j|1m|1ah|1d|1e,7,3.2414286276049133,1a|1af|1aj|1ak|1f|1h|1r
5.365964990569921,,,oxygen-heteroaryl-fused,stage2pp,,2,oxygen-heteroaryl-fused,elastic_net,90.0,90.0,,95.36596499056992,99.75602385470829,91.68825793551302,100.15632613048217,88.86384066611437,5.365964990569921,"{""alpha"": 1.0, ""l1_ratio"": 0.2}",oxygen-heteroaryl-fused,family_holdout,ee,1q,29,1am|1i|1ae|1y|1ab|1s|1ao|1x|1l|1k|1al|1aa|1ac|1g|1w|1u|1c|1o|1t|1v|1ai|1b|1n|1ag|1j|1m|1ah|1d|1e,7,3.2414286276049133,1a|1af|1aj|1ak|1f|1h|1r
30.239771435771146,,,oxygen-heteroaryl-fused,stage2pp,,2,oxygen-heteroaryl-fused,lightgbm,61.0,61.0,,91.23977143577115,100.87342929349573,88.45662273172654,104.79621231911518,87.12972833348601,30.239771435771146,"{""learning_rate"": 0.1, ""n_estimators"": 75, ""num_leaves"": 3}",oxygen-heteroaryl-fused,family_holdout,ee,1p,29,1am|1i|1ae|1y|1ab|1s|1ao|1x|1l|1k|1al|1aa|1ac|1g|1w|1u|1c|1o|1t|1v|1ai|1b|1n|1ag|1j|1m|1ah|1d|1e,7,4.398717830347216,1a|1af|1aj|1ak|1f|1h|1r
0.856101407304223,,,oxygen-heteroaryl-fused,stage2pp,,2,oxygen-heteroaryl-fused,lightgbm,90.0,90.0,,89.14389859269578,98.77755645042036,86.36074988865117,102.70033947603982,85.03385549041064,-0.856101407304223,"{""learning_rate"": 0.1, ""n_estimators"": 75, ""num_leaves"": 3}",oxygen-heteroaryl-fused,family_holdout,ee,1q,29,1am|1i|1ae|1y|1ab|1s|1ao|1x|1l|1k|1al|1aa|1ac|1g|1w|1u|1c|1o|1t|1v|1ai|1b|1n|1ag|1j|1m|1ah|1d|1e,7,4.398717830347216,1a|1af|1aj|1ak|1f|1h|1r
20.75874578984306,111.01926474222202,52.4982268374641,oxygen-heteroaryl-fused,stage2pp,14.928836200193349,2,oxygen-heteroaryl-fused,gaussian_process,61.0,61.0,,81.75874578984306,109.31736647949825,72.11736880626816,116.96736647949822,71.66736706119072,20.75874578984306,"{""alpha"": 1e-05, ""kernel"": ""1**2 * RBF(length_scale=2) + WhiteKernel(noise_level=10)""}",oxygen-heteroaryl-fused,family_holdout,ee,1p,29,1am|1i|1ae|1y|1ab|1s|1ao|1x|1l|1k|1al|1aa|1ac|1g|1w|1u|1c|1o|1t|1v|1ai|1b|1n|1ag|1j|1m|1ah|1d|1e,7,15.891625041359978,1a|1af|1aj|1ak|1f|1h|1r
8.241379310344826,111.01913964421715,52.4981017350932,oxygen-heteroaryl-fused,stage2pp,14.928836201307128,2,oxygen-heteroaryl-fused,gaussian_process,90.0,90.0,,81.75862068965517,109.31724137931036,72.11724370608027,116.96724137931034,71.66724196100283,-8.241379310344826,"{""alpha"": 1e-05, ""kernel"": ""1**2 * RBF(length_scale=2) + WhiteKernel(noise_level=10)""}",oxygen-heteroaryl-fused,family_holdout,ee,1q,29,1am|1i|1ae|1y|1ab|1s|1ao|1x|1l|1k|1al|1aa|1ac|1g|1w|1u|1c|1o|1t|1v|1ai|1b|1n|1ag|1j|1m|1ah|1d|1e,7,15.891625041359978,1a|1af|1aj|1ak|1f|1h|1r
1.9744477208651006,,,oxygen-heterocycle-fused,stage2pp,,3,oxygen-heterocycle-fused,ridge_regression,91.0,91.0,,89.0255522791349,97.19319556368983,70.12599171154235,102.3865918113093,66.9118060417837,-1.9744477208651006,"{""alpha"": 10.0}",oxygen-heterocycle-fused,family_holdout,ee,1r,28,1am|1i|1p|1ao|1ab|1af|1x|1u|1k|1aj|1aa|1l|1ac|1g|1y|1c|1w|1o|1q|1v|1ai|1b|1ag|1n|1j|1m|1ah|1d,7,9.091434155445556,1a|1ae|1ak|1al|1e|1f|1h
11.2782919124772,,,oxygen-heterocycle-fused,stage2pp,,3,oxygen-heterocycle-fused,ridge_regression,80.0,80.0,,91.2782919124772,99.44593519703213,72.37873134488466,104.6393314446516,69.16454567512599,11.2782919124772,"{""alpha"": 10.0}",oxygen-heterocycle-fused,family_holdout,ee,1s,28,1am|1i|1p|1ao|1ab|1af|1x|1u|1k|1aj|1aa|1l|1ac|1g|1y|1c|1w|1o|1q|1v|1ai|1b|1ag|1n|1j|1m|1ah|1d,7,9.091434155445556,1a|1ae|1ak|1al|1e|1f|1h
2.4024198750476558,,,oxygen-heterocycle-fused,stage2pp,,3,oxygen-heterocycle-fused,ridge_regression,91.0,91.0,,88.59758012495234,96.76522340950727,69.6980195573598,101.95861965712675,66.48383388760115,-2.4024198750476558,"{""alpha"": 10.0}",oxygen-heterocycle-fused,family_holdout,ee,1t,28,1am|1i|1p|1ao|1ab|1af|1x|1u|1k|1aj|1aa|1l|1ac|1g|1y|1c|1w|1o|1q|1v|1ai|1b|1ag|1n|1j|1m|1ah|1d,7,9.091434155445556,1a|1ae|1ak|1al|1e|1f|1h
3.238910321445175,,,oxygen-heterocycle-fused,stage2pp,,3,oxygen-heterocycle-fused,elastic_net,91.0,91.0,,87.76108967855482,97.27224062884196,74.14696313458973,106.26009370897263,70.16718746830782,-3.238910321445175,"{""alpha"": 1.0, ""l1_ratio"": 0.5}",oxygen-heterocycle-fused,family_holdout,ee,1r,28,1am|1i|1p|1ao|1ab|1af|1x|1u|1k|1aj|1aa|1l|1ac|1g|1y|1c|1w|1o|1q|1v|1ai|1b|1ag|1n|1j|1m|1ah|1d,7,8.679047233320885,1a|1ae|1ak|1al|1e|1f|1h
12.894201020020915,,,oxygen-heterocycle-fused,stage2pp,,3,oxygen-heterocycle-fused,elastic_net,80.0,80.0,,92.89420102002092,102.40535197030805,79.28007447605583,111.39320505043872,75.3002988097739,12.894201020020915,"{""alpha"": 1.0, ""l1_ratio"": 0.5}",oxygen-heterocycle-fused,family_holdout,ee,1s,28,1am|1i|1p|1ao|1ab|1af|1x|1u|1k|1aj|1aa|1l|1ac|1g|1y|1c|1w|1o|1q|1v|1ai|1b|1ag|1n|1j|1m|1ah|1d,7,8.679047233320885,1a|1ae|1ak|1al|1e|1f|1h
1.0169508597580403,,,oxygen-heterocycle-fused,stage2pp,,3,oxygen-heterocycle-fused,elastic_net,91.0,91.0,,89.98304914024196,99.49420009052909,76.36892259627686,108.48205317065977,72.38914692999495,-1.0169508597580403,"{""alpha"": 1.0, ""l1_ratio"": 0.5}",oxygen-heterocycle-fused,family_holdout,ee,1t,28,1am|1i|1p|1ao|1ab|1af|1x|1u|1k|1aj|1aa|1l|1ac|1g|1y|1c|1w|1o|1q|1v|1ai|1b|1ag|1n|1j|1m|1ah|1d,7,8.679047233320885,1a|1ae|1ak|1al|1e|1f|1h
6.083545100379268,,,oxygen-heterocycle-fused,stage2pp,,3,oxygen-heterocycle-fused,lightgbm,91.0,91.0,,84.91645489962073,92.58235654328266,81.31347507808722,93.06475142190952,81.08496363315473,-6.083545100379268,"{""learning_rate"": 0.1, ""n_estimators"": 75, ""num_leaves"": 7}",oxygen-heterocycle-fused,family_holdout,ee,1r,28,1am|1i|1p|1ao|1ab|1af|1x|1u|1k|1aj|1aa|1l|1ac|1g|1y|1c|1w|1o|1q|1v|1ai|1b|1ag|1n|1j|1m|1ah|1d,7,3.777599852029206,1a|1ae|1ak|1al|1e|1f|1h
11.82218425152162,,,oxygen-heterocycle-fused,stage2pp,,3,oxygen-heterocycle-fused,lightgbm,80.0,80.0,,91.82218425152162,99.48808589518354,88.21920442998811,99.97048077381041,87.99069298505562,11.82218425152162,"{""learning_rate"": 0.1, ""n_estimators"": 75, ""num_leaves"": 7}",oxygen-heterocycle-fused,family_holdout,ee,1s,28,1am|1i|1p|1ao|1ab|1af|1x|1u|1k|1aj|1aa|1l|1ac|1g|1y|1c|1w|1o|1q|1v|1ai|1b|1ag|1n|1j|1m|1ah|1d,7,3.777599852029206,1a|1ae|1ak|1al|1e|1f|1h
5.986876961332243,,,oxygen-heterocycle-fused,stage2pp,,3,oxygen-heterocycle-fused,lightgbm,91.0,91.0,,85.01312303866776,92.67902468232968,81.41014321713425,93.16141956095655,81.18163177220175,-5.986876961332243,"{""learning_rate"": 0.1, ""n_estimators"": 75, ""num_leaves"": 7}",oxygen-heterocycle-fused,family_holdout,ee,1t,28,1am|1i|1p|1ao|1ab|1af|1x|1u|1k|1aj|1aa|1l|1ac|1g|1y|1c|1w|1o|1q|1v|1ai|1b|1ag|1n|1j|1m|1ah|1d,7,3.777599852029206,1a|1ae|1ak|1al|1e|1f|1h
11.07142857142857,112.27873143549564,47.57841142164721,oxygen-heterocycle-fused,stage2pp,16.505183677002154,3,oxygen-heterocycle-fused,gaussian_process,91.0,91.0,,79.92857142857143,99.65714285714287,67.85714285715763,105.05714285714285,67.85714285714656,-11.07142857142857,"{""alpha"": 1e-05, ""kernel"": ""1**2 * RBF(length_scale=2) + WhiteKernel(noise_level=10)""}",oxygen-heterocycle-fused,family_holdout,ee,1r,28,1am|1i|1p|1ao|1ab|1af|1x|1u|1k|1aj|1aa|1l|1ac|1g|1y|1c|1w|1o|1q|1v|1ai|1b|1ag|1n|1j|1m|1ah|1d,7,13.295918362313964,1a|1ae|1ak|1al|1e|1f|1h
0.07142850844621762,112.27873149847801,47.57841148462956,oxygen-heterocycle-fused,stage2pp,16.505183677002154,3,oxygen-heterocycle-fused,gaussian_process,80.0,80.0,,79.92857149155378,99.65714292012521,67.85714292013998,105.05714292012522,67.85714292012891,-0.07142850844621762,"{""alpha"": 1e-05, ""kernel"": ""1**2 * RBF(length_scale=2) + WhiteKernel(noise_level=10)""}",oxygen-heterocycle-fused,family_holdout,ee,1s,28,1am|1i|1p|1ao|1ab|1af|1x|1u|1k|1aj|1aa|1l|1ac|1g|1y|1c|1w|1o|1q|1v|1ai|1b|1ag|1n|1j|1m|1ah|1d,7,13.295918362313964,1a|1ae|1ak|1al|1e|1f|1h
11.07142857142857,112.27873143549564,47.57841142164721,oxygen-heterocycle-fused,stage2pp,16.505183677002154,3,oxygen-heterocycle-fused,gaussian_process,91.0,91.0,,79.92857142857143,99.65714285714287,67.85714285715763,105.05714285714285,67.85714285714656,-11.07142857142857,"{""alpha"": 1e-05, ""kernel"": ""1**2 * RBF(length_scale=2) + WhiteKernel(noise_level=10)""}",oxygen-heterocycle-fused,family_holdout,ee,1t,28,1am|1i|1p|1ao|1ab|1af|1x|1u|1k|1aj|1aa|1l|1ac|1g|1y|1c|1w|1o|1q|1v|1ai|1b|1ag|1n|1j|1m|1ah|1d,7,13.295918362313964,1a|1ae|1ak|1al|1e|1f|1h
12.455461771040063,,,polycyclic-aryl,stage2pp,,1,polycyclic-aryl,ridge_regression,91.0,91.0,,78.54453822895994,87.33322816918393,64.34571243361779,99.32713203518398,60.268057657992905,-12.455461771040063,"{""alpha"": 1000.0}",polycyclic-aryl,family_holdout,ee,1n,30,1am|1i|1p|1ao|1ab|1af|1x|1u|1l|1aj|1aa|1k|1s|1ac|1g|1y|1c|1o|1w|1t|1q|1v|1ai|1b|1ag|1j|1m|1ah|1d|1e,7,11.201946576194434,1a|1ae|1ak|1al|1f|1h|1r
23.879729098344868,,,polycyclic-aryl,stage2pp,,1,polycyclic-aryl,elastic_net,91.0,91.0,,67.12027090165513,74.29150691816814,50.32694131469578,79.80464314055581,38.72752179793987,-23.879729098344868,"{""alpha"": 0.1, ""l1_ratio"": 0.5}",polycyclic-aryl,family_holdout,ee,1n,30,1am|1i|1p|1ao|1ab|1af|1x|1u|1l|1aj|1aa|1k|1s|1ac|1g|1y|1c|1o|1w|1t|1q|1v|1ai|1b|1ag|1j|1m|1ah|1d|1e,7,9.316524054284544,1a|1ae|1ak|1al|1f|1h|1r
8.244424342273916,,,polycyclic-aryl,stage2pp,,1,polycyclic-aryl,lightgbm,91.0,91.0,,82.75557565772608,92.09247124952019,74.60855206612845,93.58257762731685,71.60372655523469,-8.244424342273916,"{""learning_rate"": 0.1, ""n_estimators"": 75, ""num_leaves"": 3}",polycyclic-aryl,family_holdout,ee,1n,30,1am|1i|1p|1ao|1ab|1af|1x|1u|1l|1aj|1aa|1k|1s|1ac|1g|1y|1c|1o|1w|1t|1q|1v|1ai|1b|1ag|1j|1m|1ah|1d|1e,7,6.189616705970445,1a|1ae|1ak|1al|1f|1h|1r
10.666666666666671,111.87312152442414,48.79354514224252,polycyclic-aryl,stage2pp,16.09172866892388,1,polycyclic-aryl,gaussian_process,91.0,91.0,,80.33333333333333,100.46666666666667,69.26666985348555,105.86666666666665,68.81666746337137,-10.666666666666671,"{""alpha"": 1e-05, ""kernel"": ""1**2 * RBF(length_scale=2) + WhiteKernel(noise_level=10)""}",polycyclic-aryl,family_holdout,ee,1n,30,1am|1i|1p|1ao|1ab|1af|1x|1u|1l|1aj|1aa|1k|1s|1ac|1g|1y|1c|1o|1w|1t|1q|1v|1ai|1b|1ag|1j|1m|1ah|1d|1e,7,13.09523732285616,1a|1ae|1ak|1al|1f|1h|1r
5.039326908840394,,,silyl-alkyl-aryl,stage2pp,,1,silyl-alkyl-aryl,ridge_regression,67.0,67.0,,61.960673091159606,72.6779206517075,48.94474318514699,75.43832608805484,45.58764242912669,-5.039326908840394,"{""alpha"": 10.0}",silyl-alkyl-aryl,family_holdout,ee,1ac,30,1l|1am|1af|1y|1s|1ao|1x|1i|1ab|1p|1k|1aa|1al|1ai|1t|1v|1f|1b|1u|1w|1o|1q|1h|1ag|1n|1m|1j|1ah|1c|1e,7,7.755170374646961,1a|1ae|1aj|1ak|1d|1g|1r
3.3895844308894283,,,silyl-alkyl-aryl,stage2pp,,1,silyl-alkyl-aryl,elastic_net,67.0,67.0,,63.61041556911057,74.17990208492213,52.77716344150538,77.12129743746122,50.7618035299769,-3.3895844308894283,"{""alpha"": 1.0, ""l1_ratio"": 0.2}",silyl-alkyl-aryl,family_holdout,ee,1ac,30,1l|1am|1af|1y|1s|1ao|1x|1i|1ab|1p|1k|1aa|1al|1ai|1t|1v|1f|1b|1u|1w|1o|1q|1h|1ag|1n|1m|1j|1ah|1c|1e,7,7.616940889803805,1a|1ae|1aj|1ak|1d|1g|1r
8.110062459990417,,,silyl-alkyl-aryl,stage2pp,,1,silyl-alkyl-aryl,lightgbm,67.0,67.0,,75.11006245999042,95.72334333510088,64.6286562494791,105.49634995432596,53.356082355670154,8.110062459990417,"{""learning_rate"": 0.1, ""n_estimators"": 75, ""num_leaves"": 3}",silyl-alkyl-aryl,family_holdout,ee,1ac,30,1l|1am|1af|1y|1s|1ao|1x|1i|1ab|1p|1k|1aa|1al|1ai|1t|1v|1f|1b|1u|1w|1o|1q|1h|1ag|1n|1m|1j|1ah|1c|1e,7,11.655565690928444,1a|1ae|1aj|1ak|1d|1g|1r
15.099999999999994,110.60379202062228,53.59620797937771,silyl-alkyl-aryl,stage2pp,14.542751030929738,1,silyl-alkyl-aryl,gaussian_process,67.0,67.0,,82.1,114.79999999999998,72.80000027348797,118.85,72.35000006837198,15.099999999999994,"{""alpha"": 1e-05, ""kernel"": ""1**2 * RBF(length_scale=2) + WhiteKernel(noise_level=10)""}",silyl-alkyl-aryl,family_holdout,ee,1ac,30,1l|1am|1af|1y|1s|1ao|1x|1i|1ab|1p|1k|1aa|1al|1ai|1t|1v|1f|1b|1u|1w|1o|1q|1h|1ag|1n|1m|1j|1ah|1c|1e,7,16.98568263118091,1a|1ae|1aj|1ak|1d|1g|1r
4.43534949852706,,,sulfur-heteroaryl,stage2pp,,1,sulfur-heteroaryl,ridge_regression,91.0,91.0,,86.56465050147294,95.59049311158417,67.31201828143045,101.1353592690385,64.38082290172207,-4.43534949852706,"{""alpha"": 10.0}",sulfur-heteroaryl,family_holdout,ee,1v,30,1am|1i|1p|1ao|1ab|1af|1x|1u|1l|1aj|1aa|1k|1s|1ac|1g|1y|1c|1w|1t|1o|1q|1ai|1b|1ag|1n|1j|1m|1ah|1d|1f,7,9.265656615523508,1a|1ae|1ak|1al|1e|1h|1r
5.321544089379543,,,sulfur-heteroaryl,stage2pp,,1,sulfur-heteroaryl,elastic_net,91.0,91.0,,85.67845591062046,95.46015703655566,73.56050611898073,105.26865686217923,69.4354661840206,-5.321544089379543,"{""alpha"": 1.0, ""l1_ratio"": 0.5}",sulfur-heteroaryl,family_holdout,ee,1v,30,1am|1i|1p|1ao|1ab|1af|1x|1u|1l|1aj|1aa|1k|1s|1ac|1g|1y|1c|1w|1t|1o|1q|1ai|1b|1ag|1n|1j|1m|1ah|1d|1f,7,8.17149835254063,1a|1ae|1ak|1al|1e|1h|1r
2.9840617168668615,,,sulfur-heteroaryl,stage2pp,,1,sulfur-heteroaryl,lightgbm,91.0,91.0,,88.01593828313314,101.16619678044225,84.38019243407768,105.0233634048676,83.59693614027177,-2.9840617168668615,"{""learning_rate"": 0.1, ""n_estimators"": 75, ""num_leaves"": 3}",sulfur-heteroaryl,family_holdout,ee,1v,30,1am|1i|1p|1ao|1ab|1af|1x|1u|1l|1aj|1aa|1k|1s|1ac|1g|1y|1c|1w|1t|1o|1q|1ai|1b|1ag|1n|1j|1m|1ah|1d|1f,7,6.619752279545537,1a|1ae|1ak|1al|1e|1h|1r
10.733333333333334,111.72028005462485,48.81305327870848,sulfur-heteroaryl,stage2pp,16.04776193263173,1,sulfur-heteroaryl,gaussian_process,91.0,91.0,,80.26666666666667,100.33333333333334,68.53333333341722,105.73333333333332,68.5333333333543,-10.733333333333334,"{""alpha"": 1e-05, ""kernel"": ""1**2 * RBF(length_scale=2) + WhiteKernel(noise_level=10)""}",sulfur-heteroaryl,family_holdout,ee,1v,30,1am|1i|1p|1ao|1ab|1af|1x|1u|1l|1aj|1aa|1k|1s|1ac|1g|1y|1c|1w|1t|1o|1q|1ai|1b|1ag|1n|1j|1m|1ah|1d|1f,7,13.390475820706722,1a|1ae|1ak|1al|1e|1h|1r
28.99248089303019,,,sulfur-heteroaryl-fused,stage2pp,,2,sulfur-heteroaryl-fused,ridge_regression,92.0,92.0,,63.00751910696981,73.83494478355719,53.584760661247444,74.44933498158511,53.54768716854139,-28.99248089303019,"{""alpha"": 10.0}",sulfur-heteroaryl-fused,family_holdout,ee,1w,29,1am|1i|1p|1ao|1ab|1af|1e|1k|1s|1al|1y|1aa|1ac|1t|1v|1c|1o|1u|1q|1ai|1b|1m|1ag|1h|1n|1j|1ah|1f|1l,7,7.449763540825324,1a|1ae|1aj|1ak|1d|1g|1r
11.2909720105676,,,sulfur-heteroaryl-fused,stage2pp,,2,sulfur-heteroaryl-fused,ridge_regression,94.0,94.0,,82.7090279894324,93.53645366601978,73.28626954371003,94.1508438640477,73.24919605100398,-11.2909720105676,"{""alpha"": 10.0}",sulfur-heteroaryl-fused,family_holdout,ee,1x,29,1am|1i|1p|1ao|1ab|1af|1e|1k|1s|1al|1y|1aa|1ac|1t|1v|1c|1o|1u|1q|1ai|1b|1m|1ag|1h|1n|1j|1ah|1f|1l,7,7.449763540825324,1a|1ae|1aj|1ak|1d|1g|1r
27.914703117506278,,,sulfur-heteroaryl-fused,stage2pp,,2,sulfur-heteroaryl-fused,elastic_net,92.0,92.0,,64.08529688249372,74.95045710121374,56.016302748182426,75.78257056219789,55.721846246793824,-27.914703117506278,"{""alpha"": 0.1, ""l1_ratio"": 0.5}",sulfur-heteroaryl-fused,family_holdout,ee,1w,29,1am|1i|1p|1ao|1ab|1af|1e|1k|1s|1al|1y|1aa|1ac|1t|1v|1c|1o|1u|1q|1ai|1b|1m|1ag|1h|1n|1j|1ah|1f|1l,7,6.490406984531648,1a|1ae|1aj|1ak|1d|1g|1r
8.382020752611908,,,sulfur-heteroaryl-fused,stage2pp,,2,sulfur-heteroaryl-fused,elastic_net,94.0,94.0,,85.61797924738809,96.4831394661081,77.5489851130768,97.31525292709225,77.25452861168819,-8.382020752611908,"{""alpha"": 0.1, ""l1_ratio"": 0.5}",sulfur-heteroaryl-fused,family_holdout,ee,1x,29,1am|1i|1p|1ao|1ab|1af|1e|1k|1s|1al|1y|1aa|1ac|1t|1v|1c|1o|1u|1q|1ai|1b|1m|1ag|1h|1n|1j|1ah|1f|1l,7,6.490406984531648,1a|1ae|1aj|1ak|1d|1g|1r
27.440502539750355,,,sulfur-heteroaryl-fused,stage2pp,,2,sulfur-heteroaryl-fused,lightgbm,92.0,92.0,,64.55949746024964,82.9010021577403,51.29223177785508,84.77505066491159,38.88151127836028,-27.440502539750355,"{""learning_rate"": 0.1, ""n_estimators"": 75, ""num_leaves"": 7}",sulfur-heteroaryl-fused,family_holdout,ee,1w,29,1am|1i|1p|1ao|1ab|1af|1e|1k|1s|1al|1y|1aa|1ac|1t|1v|1c|1o|1u|1q|1ai|1b|1m|1ag|1h|1n|1j|1ah|1f|1l,7,11.799348074933832,1a|1ae|1aj|1ak|1d|1g|1r
6.448215116738822,,,sulfur-heteroaryl-fused,stage2pp,,2,sulfur-heteroaryl-fused,lightgbm,94.0,94.0,,87.55178488326118,105.89328958075183,74.28451920086661,107.76733808792312,61.87379870137181,-6.448215116738822,"{""learning_rate"": 0.1, ""n_estimators"": 75, ""num_leaves"": 7}",sulfur-heteroaryl-fused,family_holdout,ee,1x,29,1am|1i|1p|1ao|1ab|1af|1e|1k|1s|1al|1y|1aa|1ac|1t|1v|1c|1o|1u|1q|1ai|1b|1m|1ag|1h|1n|1j|1ah|1f|1l,7,11.799348074933832,1a|1ae|1aj|1ak|1d|1g|1r
11.17245224929691,109.68426034428985,51.970835157116326,sulfur-heteroaryl-fused,stage2pp,14.72281254774835,2,sulfur-heteroaryl-fused,gaussian_process,92.0,92.0,,80.82754775070309,112.25513395759964,70.2551348212584,116.30513395759965,69.80513417351433,-11.17245224929691,"{""alpha"": 1e-05, ""kernel"": ""1**2 * RBF(length_scale=2) + WhiteKernel(noise_level=10)""}",sulfur-heteroaryl-fused,family_holdout,ee,1w,29,1am|1i|1p|1ao|1ab|1af|1e|1k|1s|1al|1y|1aa|1ac|1t|1v|1c|1o|1u|1q|1ai|1b|1m|1ag|1h|1n|1j|1ah|1f|1l,7,17.16744345569624,1a|1ae|1aj|1ak|1d|1g|1r
13.172413793103445,109.68429880053759,51.97087361325552,sulfur-heteroaryl-fused,stage2pp,14.72281254777604,2,sulfur-heteroaryl-fused,gaussian_process,94.0,94.0,,80.82758620689656,112.2551724137931,70.25517327745186,116.30517241379312,69.8051726297078,-13.172413793103445,"{""alpha"": 1e-05, ""kernel"": ""1**2 * RBF(length_scale=2) + WhiteKernel(noise_level=10)""}",sulfur-heteroaryl-fused,family_holdout,ee,1x,29,1am|1i|1p|1ao|1ab|1af|1e|1k|1s|1al|1y|1aa|1ac|1t|1v|1c|1o|1u|1q|1ai|1b|1m|1ag|1h|1n|1j|1ah|1f|1l,7,17.16744345569624,1a|1ae|1aj|1ak|1d|1g|1r
6.670459161173625,,,sulfur-heterocycle-fused,stage2pp,,1,sulfur-heterocycle-fused,ridge_regression,91.0,91.0,,97.67045916117362,108.1272289466539,79.04230632552714,114.34558821998442,75.9686760450743,6.670459161173625,"{""alpha"": 10.0}",sulfur-heterocycle-fused,family_holdout,ee,1y,30,1am|1i|1p|1ao|1ab|1af|1x|1u|1l|1aj|1aa|1k|1s|1ac|1g|1c|1o|1w|1t|1q|1v|1ai|1b|1ag|1n|1j|1m|1ah|1d|1e,7,9.812454569954081,1a|1ae|1ak|1al|1f|1h|1r
3.3437166998641317,,,sulfur-heterocycle-fused,stage2pp,,1,sulfur-heterocycle-fused,elastic_net,91.0,91.0,,94.34371669986413,101.29466104677854,78.82648730733257,110.59169396689595,75.49632847542877,3.3437166998641317,"{""alpha"": 1.0, ""l1_ratio"": 0.2}",sulfur-heterocycle-fused,family_holdout,ee,1y,30,1am|1i|1p|1ao|1ab|1af|1x|1u|1l|1aj|1aa|1k|1s|1ac|1g|1c|1o|1w|1t|1q|1v|1ai|1b|1ag|1n|1j|1m|1ah|1d|1e,7,9.182350479135525,1a|1ae|1ak|1al|1f|1h|1r
1.763433764412639,,,sulfur-heterocycle-fused,stage2pp,,1,sulfur-heterocycle-fused,lightgbm,91.0,91.0,,92.76343376441264,106.32353064151619,87.5758268262297,109.37088489771081,85.43947103916605,1.763433764412639,"{""learning_rate"": 0.1, ""n_estimators"": 75, ""num_leaves"": 3}",sulfur-heterocycle-fused,family_holdout,ee,1y,30,1am|1i|1p|1ao|1ab|1af|1x|1u|1l|1aj|1aa|1k|1s|1ac|1g|1c|1o|1w|1t|1q|1v|1ai|1b|1ag|1n|1j|1m|1ah|1d|1e,7,6.765236527510664,1a|1ae|1ak|1al|1f|1h|1r
10.666640256336251,111.87307266726182,48.793646820065675,sulfur-heterocycle-fused,stage2pp,16.091690267141875,1,sulfur-heterocycle-fused,gaussian_process,91.0,91.0,,80.33335974366375,100.46669307698778,69.27256089507007,105.86669307699475,68.81816003182094,-10.666640256336251,"{""alpha"": 1e-05, ""kernel"": ""1**2 * RBF(length_scale=2) + WhiteKernel(noise_level=10)""}",sulfur-heterocycle-fused,family_holdout,ee,1y,30,1am|1i|1p|1ao|1ab|1af|1x|1u|1l|1aj|1aa|1k|1s|1ac|1g|1c|1o|1w|1t|1q|1v|1ai|1b|1ag|1n|1j|1m|1ah|1d|1e,7,13.093664629497662,1a|1ae|1ak|1al|1f|1h|1r
24.760430117380523,,,alkyl-aryl-chain,stage2p_plus_stage2pp,,2,alkyl-aryl-chain,ridge_regression,50.0,50.0,,74.76043011738052,76.09627216709404,62.271085557571666,77.35965993469846,59.54746786836678,24.760430117380523,"{""alpha"": 10.0}",alkyl-aryl-chain,family_holdout,ee,1ah,29,1am|1i|1p|1ao|1ab|1af|1x|1u|1l|1aj|1aa|1k|1s|1ac|1g|1y|1c|1t|1w|1o|1q|1v|1b|1ag|1n|1j|1m|1d|1e,7,5.3305679732504325,1a|1ae|1ak|1al|1f|1h|1r
17.04543261509255,,,alkyl-aryl-chain,stage2p_plus_stage2pp,,2,alkyl-aryl-chain,ridge_regression,50.0,50.0,,67.04543261509255,68.38127466480607,54.556088055283695,69.64466243241048,51.83247036607881,17.04543261509255,"{""alpha"": 10.0}",alkyl-aryl-chain,family_holdout,ee,1ai,29,1am|1i|1p|1ao|1ab|1af|1x|1u|1l|1aj|1aa|1k|1s|1ac|1g|1y|1c|1t|1w|1o|1q|1v|1b|1ag|1n|1j|1m|1d|1e,7,5.3305679732504325,1a|1ae|1ak|1al|1f|1h|1r
23.89004504441671,,,alkyl-aryl-chain,stage2p_plus_stage2pp,,2,alkyl-aryl-chain,elastic_net,50.0,50.0,,73.89004504441671,76.25166274064267,63.45741771912773,77.03921720085934,58.859980149621876,23.89004504441671,"{""alpha"": 0.1, ""l1_ratio"": 0.2}",alkyl-aryl-chain,family_holdout,ee,1ah,29,1am|1i|1p|1ao|1ab|1af|1x|1u|1l|1aj|1aa|1k|1s|1ac|1g|1y|1c|1t|1w|1o|1q|1v|1b|1ag|1n|1j|1m|1d|1e,7,4.940742800790594,1a|1ae|1ak|1al|1f|1h|1r
15.381145790822842,,,alkyl-aryl-chain,stage2p_plus_stage2pp,,2,alkyl-aryl-chain,elastic_net,50.0,50.0,,65.38114579082284,67.7427634870488,54.948518465533866,68.53031794726547,50.35108089602801,15.381145790822842,"{""alpha"": 0.1, ""l1_ratio"": 0.2}",alkyl-aryl-chain,family_holdout,ee,1ai,29,1am|1i|1p|1ao|1ab|1af|1x|1u|1l|1aj|1aa|1k|1s|1ac|1g|1y|1c|1t|1w|1o|1q|1v|1b|1ag|1n|1j|1m|1d|1e,7,4.940742800790594,1a|1ae|1ak|1al|1f|1h|1r
14.759885208848388,,,alkyl-aryl-chain,stage2p_plus_stage2pp,,2,alkyl-aryl-chain,lightgbm,50.0,50.0,,64.75988520884839,68.29608311728308,57.13714388110518,69.1973152050381,54.31937608087657,14.759885208848388,"{""learning_rate"": 0.1, ""n_estimators"": 75, ""num_leaves"": 7}",alkyl-aryl-chain,family_holdout,ee,1ah,29,1am|1i|1p|1ao|1ab|1af|1x|1u|1l|1aj|1aa|1k|1s|1ac|1g|1y|1c|1t|1w|1o|1q|1v|1b|1ag|1n|1j|1m|1d|1e,7,3.928167526129891,1a|1ae|1ak|1al|1f|1h|1r
22.398713214551222,,,alkyl-aryl-chain,stage2p_plus_stage2pp,,2,alkyl-aryl-chain,lightgbm,50.0,50.0,,72.39871321455122,75.93491112298591,64.77597188680802,76.83614321074093,61.95820408657941,22.398713214551222,"{""learning_rate"": 0.1, ""n_estimators"": 75, ""num_leaves"": 7}",alkyl-aryl-chain,family_holdout,ee,1ai,29,1am|1i|1p|1ao|1ab|1af|1x|1u|1l|1aj|1aa|1k|1s|1ac|1g|1y|1c|1t|1w|1o|1q|1v|1b|1ag|1n|1j|1m|1d|1e,7,3.928167526129891,1a|1ae|1ak|1al|1f|1h|1r
32.79310344827586,110.67061640746633,54.915590489085396,alkyl-aryl-chain,stage2p_plus_stage2pp,14.223220897546154,2,alkyl-aryl-chain,gaussian_process,50.0,50.0,,82.79310344827586,105.38620689655173,74.18620692196914,110.7862068965517,73.73620690290608,32.79310344827586,"{""alpha"": 1e-05, ""kernel"": ""1**2 * RBF(length_scale=2) + WhiteKernel(noise_level=10)""}",alkyl-aryl-chain,family_holdout,ee,1ah,29,1am|1i|1p|1ao|1ab|1af|1x|1u|1l|1aj|1aa|1k|1s|1ac|1g|1y|1c|1t|1w|1o|1q|1v|1b|1ag|1n|1j|1m|1d|1e,7,12.743842358480252,1a|1ae|1ak|1al|1f|1h|1r
32.79310344827586,110.67061640746633,54.915590489085396,alkyl-aryl-chain,stage2p_plus_stage2pp,14.223220897546154,2,alkyl-aryl-chain,gaussian_process,50.0,50.0,,82.79310344827586,105.38620689655173,74.18620692196914,110.7862068965517,73.73620690290608,32.79310344827586,"{""alpha"": 1e-05, ""kernel"": ""1**2 * RBF(length_scale=2) + WhiteKernel(noise_level=10)""}",alkyl-aryl-chain,family_holdout,ee,1ai,29,1am|1i|1p|1ao|1ab|1af|1x|1u|1l|1aj|1aa|1k|1s|1ac|1g|1y|1c|1t|1w|1o|1q|1v|1b|1ag|1n|1j|1m|1d|1e,7,12.743842358480252,1a|1ae|1ak|1al|1f|1h|1r
9.014878318723149,,,branched-diaryl-alkyl,stage2p_plus_stage2pp,,1,branched-diaryl-alkyl,ridge_regression,72.0,72.0,,62.98512168127685,77.33637551105667,57.39190143257305,82.83358340083498,54.0306168655861,-9.014878318723149,"{""alpha"": 100.0}",branched-diaryl-alkyl,family_holdout,ee,1ao,30,1l|1am|1af|1y|1s|1x|1i|1ab|1p|1aa|1k|1al|1ac|1g|1u|1c|1t|1w|1o|1q|1v|1ai|1b|1ag|1n|1j|1m|1ah|1d|1f,7,7.292263876316895,1a|1ae|1aj|1ak|1e|1h|1r
17.388730366830437,,,branched-diaryl-alkyl,stage2p_plus_stage2pp,,1,branched-diaryl-alkyl,elastic_net,72.0,72.0,,54.61126963316956,68.0538647884123,48.5687019936637,71.153721449017,45.33831340014231,-17.388730366830437,"{""alpha"": 1.0, ""l1_ratio"": 0.5}",branched-diaryl-alkyl,family_holdout,ee,1ao,30,1l|1am|1af|1y|1s|1x|1i|1ab|1p|1aa|1k|1al|1ac|1g|1u|1c|1t|1w|1o|1q|1v|1ai|1b|1ag|1n|1j|1m|1ah|1d|1f,7,6.921963051677385,1a|1ae|1aj|1ak|1e|1h|1r
8.76553831563021,,,branched-diaryl-alkyl,stage2p_plus_stage2pp,,1,branched-diaryl-alkyl,lightgbm,72.0,72.0,,63.23446168436979,78.71616201283233,59.098638935437954,83.15332005912448,57.206417267128025,-8.76553831563021,"{""learning_rate"": 0.1, ""n_estimators"": 75, ""num_leaves"": 3}",branched-diaryl-alkyl,family_holdout,ee,1ao,30,1l|1am|1af|1y|1s|1x|1i|1ab|1p|1aa|1k|1al|1ac|1g|1u|1c|1t|1w|1o|1q|1v|1ai|1b|1ag|1n|1j|1m|1ah|1d|1f,7,7.315611816420969,1a|1ae|1aj|1ak|1e|1h|1r
9.86666666666666,110.56890858855945,53.16442474477386,branched-diaryl-alkyl,stage2p_plus_stage2pp,14.644000980557552,1,branched-diaryl-alkyl,gaussian_process,72.0,72.0,,81.86666666666666,114.33333333333331,71.73333333333332,118.38333333333333,71.73333333333332,9.86666666666666,"{""alpha"": 1e-05, ""kernel"": ""1**2 * RBF(length_scale=2) + WhiteKernel(noise_level=10)""}",branched-diaryl-alkyl,family_holdout,ee,1ao,30,1l|1am|1af|1y|1s|1x|1i|1ab|1p|1aa|1k|1al|1ac|1g|1u|1c|1t|1w|1o|1q|1v|1ai|1b|1ag|1n|1j|1m|1ah|1d|1f,7,17.304761898473508,1a|1ae|1aj|1ak|1e|1h|1r
23.367955915079506,,,carbonyl-alkyl-aryl,stage2p_plus_stage2pp,,3,carbonyl-alkyl-aryl,ridge_regression,53.0,53.0,,76.3679559150795,75.70513709627103,61.63966546280444,77.04667724455803,58.721649139885876,23.367955915079506,"{""alpha"": 1000.0}",carbonyl-alkyl-aryl,family_holdout,ee,1ae,28,1am|1i|1p|1ao|1ab|1x|1u|1l|1aj|1d|1aa|1s|1ac|1j|1y|1v|1f|1o|1t|1w|1b|1q|1ai|1h|1m|1n|1ah|1c,7,7.010822052113042,1a|1ak|1al|1e|1g|1k|1r
15.91738194016601,,,carbonyl-alkyl-aryl,stage2p_plus_stage2pp,,3,carbonyl-alkyl-aryl,ridge_regression,61.0,61.0,,76.91738194016601,76.25456312135753,62.18909148789094,77.59610326964453,59.27107516497238,15.91738194016601,"{""alpha"": 1000.0}",carbonyl-alkyl-aryl,family_holdout,ee,1af,28,1am|1i|1p|1ao|1ab|1x|1u|1l|1aj|1d|1aa|1s|1ac|1j|1y|1v|1f|1o|1t|1w|1b|1q|1ai|1h|1m|1n|1ah|1c,7,7.010822052113042,1a|1ak|1al|1e|1g|1k|1r
12.46459064511501,,,carbonyl-alkyl-aryl,stage2p_plus_stage2pp,,3,carbonyl-alkyl-aryl,ridge_regression,90.0,90.0,,77.53540935488499,76.87259053607652,62.80711890260992,78.21413068436351,59.88910257969136,-12.46459064511501,"{""alpha"": 1000.0}",carbonyl-alkyl-aryl,family_holdout,ee,1ag,28,1am|1i|1p|1ao|1ab|1x|1u|1l|1aj|1d|1aa|1s|1ac|1j|1y|1v|1f|1o|1t|1w|1b|1q|1ai|1h|1m|1n|1ah|1c,7,7.010822052113042,1a|1ak|1al|1e|1g|1k|1r
25.45323980501547,,,carbonyl-alkyl-aryl,stage2p_plus_stage2pp,,3,carbonyl-alkyl-aryl,elastic_net,53.0,53.0,,78.45323980501547,76.67550316740898,67.45960771038328,79.87251405641359,66.75030155449463,25.45323980501547,"{""alpha"": 10.0, ""l1_ratio"": 0.5}",carbonyl-alkyl-aryl,family_holdout,ee,1ae,28,1am|1i|1p|1ao|1ab|1x|1u|1l|1aj|1d|1aa|1s|1ac|1j|1y|1v|1f|1o|1t|1w|1b|1q|1ai|1h|1m|1n|1ah|1c,7,6.9022311186269025,1a|1ak|1al|1e|1g|1k|1r
17.406597854076878,,,carbonyl-alkyl-aryl,stage2p_plus_stage2pp,,3,carbonyl-alkyl-aryl,elastic_net,61.0,61.0,,78.40659785407688,76.62886121647038,67.41296575944469,79.825872105475,66.70365960355603,17.406597854076878,"{""alpha"": 10.0, ""l1_ratio"": 0.5}",carbonyl-alkyl-aryl,family_holdout,ee,1af,28,1am|1i|1p|1ao|1ab|1x|1u|1l|1aj|1d|1aa|1s|1ac|1j|1y|1v|1f|1o|1t|1w|1b|1q|1ai|1h|1m|1n|1ah|1c,7,6.9022311186269025,1a|1ak|1al|1e|1g|1k|1r
13.046021183831343,,,carbonyl-alkyl-aryl,stage2p_plus_stage2pp,,3,carbonyl-alkyl-aryl,elastic_net,90.0,90.0,,76.95397881616866,75.17624217856216,65.96034672153647,78.37325306756678,65.25104056564781,-13.046021183831343,"{""alpha"": 10.0, ""l1_ratio"": 0.5}",carbonyl-alkyl-aryl,family_holdout,ee,1ag,28,1am|1i|1p|1ao|1ab|1x|1u|1l|1aj|1d|1aa|1s|1ac|1j|1y|1v|1f|1o|1t|1w|1b|1q|1ai|1h|1m|1n|1ah|1c,7,6.9022311186269025,1a|1ak|1al|1e|1g|1k|1r
30.58531552088978,,,carbonyl-alkyl-aryl,stage2p_plus_stage2pp,,3,carbonyl-alkyl-aryl,lightgbm,53.0,53.0,,83.58531552088978,84.7010837388157,70.50967802753095,84.81239184001701,64.75539099726808,30.58531552088978,"{""learning_rate"": 0.03, ""n_estimators"": 75, ""num_leaves"": 7}",carbonyl-alkyl-aryl,family_holdout,ee,1ae,28,1am|1i|1p|1ao|1ab|1x|1u|1l|1aj|1d|1aa|1s|1ac|1j|1y|1v|1f|1o|1t|1w|1b|1q|1ai|1h|1m|1n|1ah|1c,7,5.680232186254463,1a|1ak|1al|1e|1g|1k|1r
14.989517527561603,,,carbonyl-alkyl-aryl,stage2p_plus_stage2pp,,3,carbonyl-alkyl-aryl,lightgbm,61.0,61.0,,75.9895175275616,77.10528574548752,62.913880034202776,77.21659384668884,57.159593003939904,14.989517527561603,"{""learning_rate"": 0.03, ""n_estimators"": 75, ""num_leaves"": 7}",carbonyl-alkyl-aryl,family_holdout,ee,1af,28,1am|1i|1p|1ao|1ab|1x|1u|1l|1aj|1d|1aa|1s|1ac|1j|1y|1v|1f|1o|1t|1w|1b|1q|1ai|1h|1m|1n|1ah|1c,7,5.680232186254463,1a|1ak|1al|1e|1g|1k|1r
22.266438871308267,,,carbonyl-alkyl-aryl,stage2p_plus_stage2pp,,3,carbonyl-alkyl-aryl,lightgbm,90.0,90.0,,67.73356112869173,68.84932934661765,54.65792363533291,68.96063744781897,48.903636605070034,-22.266438871308267,"{""learning_rate"": 0.03, ""n_estimators"": 75, ""num_leaves"": 7}",carbonyl-alkyl-aryl,family_holdout,ee,1ag,28,1am|1i|1p|1ao|1ab|1x|1u|1l|1aj|1d|1aa|1s|1ac|1j|1y|1v|1f|1o|1t|1w|1b|1q|1ai|1h|1m|1n|1ah|1c,7,5.680232186254463,1a|1ak|1al|1e|1g|1k|1r
27.464285714285708,111.7999809514841,49.128590477087315,carbonyl-alkyl-aryl,stage2p_plus_stage2pp,15.987599610815506,3,carbonyl-alkyl-aryl,gaussian_process,53.0,53.0,,80.46428571428571,91.12857142857142,67.72857142857141,94.72857142857141,66.37857142857142,27.464285714285708,"{""alpha"": 1e-05, ""kernel"": ""1**2 * RBF(length_scale=2) + WhiteKernel(noise_level=10)""}",carbonyl-alkyl-aryl,family_holdout,ee,1ae,28,1am|1i|1p|1ao|1ab|1x|1u|1l|1aj|1d|1aa|1s|1ac|1j|1y|1v|1f|1o|1t|1w|1b|1q|1ai|1h|1m|1n|1ah|1c,7,11.515306121755275,1a|1ak|1al|1e|1g|1k|1r
19.464285714285708,111.7999809514841,49.128590477087315,carbonyl-alkyl-aryl,stage2p_plus_stage2pp,15.987599610815506,3,carbonyl-alkyl-aryl,gaussian_process,61.0,61.0,,80.46428571428571,91.12857142857142,67.72857142857141,94.72857142857141,66.37857142857142,19.464285714285708,"{""alpha"": 1e-05, ""kernel"": ""1**2 * RBF(length_scale=2) + WhiteKernel(noise_level=10)""}",carbonyl-alkyl-aryl,family_holdout,ee,1af,28,1am|1i|1p|1ao|1ab|1x|1u|1l|1aj|1d|1aa|1s|1ac|1j|1y|1v|1f|1o|1t|1w|1b|1q|1ai|1h|1m|1n|1ah|1c,7,11.515306121755275,1a|1ak|1al|1e|1g|1k|1r
9.535714285714292,111.7999809514841,49.128590477087315,carbonyl-alkyl-aryl,stage2p_plus_stage2pp,15.987599610815506,3,carbonyl-alkyl-aryl,gaussian_process,90.0,90.0,,80.46428571428571,91.12857142857142,67.72857142857141,94.72857142857141,66.37857142857142,-9.535714285714292,"{""alpha"": 1e-05, ""kernel"": ""1**2 * RBF(length_scale=2) + WhiteKernel(noise_level=10)""}",carbonyl-alkyl-aryl,family_holdout,ee,1ag,28,1am|1i|1p|1ao|1ab|1x|1u|1l|1aj|1d|1aa|1s|1ac|1j|1y|1v|1f|1o|1t|1w|1b|1q|1ai|1h|1m|1n|1ah|1c,7,11.515306121755275,1a|1ak|1al|1e|1g|1k|1r
6.851308432558653,,,carbonyl-heterocycle-fused,stage2p_plus_stage2pp,,1,carbonyl-heterocycle-fused,ridge_regression,86.0,86.0,,92.85130843255865,108.57122817579808,86.9794131072376,112.03974564239465,82.47622516248548,6.851308432558653,"{""alpha"": 100.0}",carbonyl-heterocycle-fused,family_holdout,ee,1u,30,1am|1i|1p|1ao|1ab|1af|1x|1l|1s|1y|1k|1al|1aa|1ac|1g|1t|1c|1w|1o|1q|1v|1ai|1b|1ag|1n|1j|1m|1ah|1d|1e,7,7.560667475533658,1a|1ae|1aj|1ak|1f|1h|1r
5.664676043027413,,,carbonyl-heterocycle-fused,stage2p_plus_stage2pp,,1,carbonyl-heterocycle-fused,elastic_net,86.0,86.0,,91.66467604302741,108.83824852747121,86.57976428463763,111.78548919004838,82.3438595764922,5.664676043027413,"{""alpha"": 1.0, ""l1_ratio"": 0.2}",carbonyl-heterocycle-fused,family_holdout,ee,1u,30,1am|1i|1p|1ao|1ab|1af|1x|1l|1s|1y|1k|1al|1aa|1ac|1g|1t|1c|1w|1o|1q|1v|1ai|1b|1ag|1n|1j|1m|1ah|1d|1e,7,8.051654712900186,1a|1ae|1aj|1ak|1f|1h|1r
5.480510997305785,,,carbonyl-heterocycle-fused,stage2p_plus_stage2pp,,1,carbonyl-heterocycle-fused,lightgbm,86.0,86.0,,91.48051099730579,112.44833183198197,87.97550857009024,120.77604402188067,85.17233876330431,5.480510997305785,"{""learning_rate"": 0.1, ""n_estimators"": 75, ""num_leaves"": 3}",carbonyl-heterocycle-fused,family_holdout,ee,1u,30,1am|1i|1p|1ao|1ab|1af|1x|1l|1s|1y|1k|1al|1aa|1ac|1g|1t|1c|1w|1o|1q|1v|1ai|1b|1ag|1n|1j|1m|1ah|1d|1e,7,8.950092789273626,1a|1ae|1aj|1ak|1f|1h|1r
4.533333333333104,110.41774053127692,52.51559280205687,carbonyl-heterocycle-fused,stage2p_plus_stage2pp,14.770956053372462,1,carbonyl-heterocycle-fused,gaussian_process,86.0,86.0,,81.4666666666669,113.53333333333356,71.53333337473782,117.58333333333357,71.08333334368463,-4.533333333333104,"{""alpha"": 1e-05, ""kernel"": ""1**2 * RBF(length_scale=2) + WhiteKernel(noise_level=10)""}",carbonyl-heterocycle-fused,family_holdout,ee,1u,30,1am|1i|1p|1ao|1ab|1af|1x|1l|1s|1y|1k|1al|1aa|1ac|1g|1t|1c|1w|1o|1q|1v|1ai|1b|1ag|1n|1j|1m|1ah|1d|1e,7,17.076190466318614,1a|1ae|1aj|1ak|1f|1h|1r
15.830624638323371,,,cycloalkyl-alkyl-aryl,stage2p_plus_stage2pp,,3,cycloalkyl-alkyl-aryl,ridge_regression,44.0,44.0,,59.83062463832337,73.86986207436024,51.45349086068154,74.80221217585728,46.61482447026721,15.830624638323371,"{""alpha"": 100.0}",cycloalkyl-alkyl-aryl,family_holdout,ee,1aj,28,1i|1am|1p|1ao|1ab|1af|1x|1u|1k|1e|1ac|1s|1aa|1y|1v|1c|1o|1w|1t|1q|1ai|1b|1m|1ag|1n|1h|1j|1ah,7,7.611805656618675,1a|1ae|1d|1f|1g|1l|1r
3.9318458216400316,,,cycloalkyl-alkyl-aryl,stage2p_plus_stage2pp,,3,cycloalkyl-alkyl-aryl,ridge_regression,65.0,65.0,,61.06815417835997,75.10739161439685,52.69102040071814,76.03974171589387,47.8523540103038,-3.9318458216400316,"{""alpha"": 100.0}",cycloalkyl-alkyl-aryl,family_holdout,ee,1ak,28,1i|1am|1p|1ao|1ab|1af|1x|1u|1k|1e|1ac|1s|1aa|1y|1v|1c|1o|1w|1t|1q|1ai|1b|1m|1ag|1n|1h|1j|1ah,7,7.611805656618675,1a|1ae|1d|1f|1g|1l|1r
14.930097560129838,,,cycloalkyl-alkyl-aryl,stage2p_plus_stage2pp,,3,cycloalkyl-alkyl-aryl,ridge_regression,73.0,73.0,,58.06990243987016,72.10913987590703,49.69276866222833,73.04148997740407,44.854102271814,-14.930097560129838,"{""alpha"": 100.0}",cycloalkyl-alkyl-aryl,family_holdout,ee,1al,28,1i|1am|1p|1ao|1ab|1af|1x|1u|1k|1e|1ac|1s|1aa|1y|1v|1c|1o|1w|1t|1q|1ai|1b|1m|1ag|1n|1h|1j|1ah,7,7.611805656618675,1a|1ae|1d|1f|1g|1l|1r
18.895441499361695,,,cycloalkyl-alkyl-aryl,stage2p_plus_stage2pp,,3,cycloalkyl-alkyl-aryl,elastic_net,44.0,44.0,,62.895441499361695,74.13742985041641,54.68181598950088,79.47519638421447,51.71411822105091,18.895441499361695,"{""alpha"": 10.0, ""l1_ratio"": 0.2}",cycloalkyl-alkyl-aryl,family_holdout,ee,1aj,28,1i|1am|1p|1ao|1ab|1af|1x|1u|1k|1e|1ac|1s|1aa|1y|1v|1c|1o|1w|1t|1q|1ai|1b|1m|1ag|1n|1h|1j|1ah,7,7.879438709195518,1a|1ae|1d|1f|1g|1l|1r
2.9436000339605783,,,cycloalkyl-alkyl-aryl,stage2p_plus_stage2pp,,3,cycloalkyl-alkyl-aryl,elastic_net,65.0,65.0,,67.94360003396058,79.1855883850153,59.72997452409977,84.52335491881335,56.76227675564979,2.9436000339605783,"{""alpha"": 10.0, ""l1_ratio"": 0.2}",cycloalkyl-alkyl-aryl,family_holdout,ee,1ak,28,1i|1am|1p|1ao|1ab|1af|1x|1u|1k|1e|1ac|1s|1aa|1y|1v|1c|1o|1w|1t|1q|1ai|1b|1m|1ag|1n|1h|1j|1ah,7,7.879438709195518,1a|1ae|1d|1f|1g|1l|1r
5.389486794755072,,,cycloalkyl-alkyl-aryl,stage2p_plus_stage2pp,,3,cycloalkyl-alkyl-aryl,elastic_net,73.0,73.0,,67.61051320524493,78.85250155629964,59.396887695384116,84.1902680900977,56.42918992693414,-5.389486794755072,"{""alpha"": 10.0, ""l1_ratio"": 0.2}",cycloalkyl-alkyl-aryl,family_holdout,ee,1al,28,1i|1am|1p|1ao|1ab|1af|1x|1u|1k|1e|1ac|1s|1aa|1y|1v|1c|1o|1w|1t|1q|1ai|1b|1m|1ag|1n|1h|1j|1ah,7,7.879438709195518,1a|1ae|1d|1f|1g|1l|1r
22.091397053976053,,,cycloalkyl-alkyl-aryl,stage2p_plus_stage2pp,,3,cycloalkyl-alkyl-aryl,lightgbm,44.0,44.0,,66.09139705397605,76.39322471412768,62.10113550612104,78.67598695670654,60.22641873249287,22.091397053976053,"{""learning_rate"": 0.1, ""n_estimators"": 75, ""num_leaves"": 7}",cycloalkyl-alkyl-aryl,family_holdout,ee,1aj,28,1i|1am|1p|1ao|1ab|1af|1x|1u|1k|1e|1ac|1s|1aa|1y|1v|1c|1o|1w|1t|1q|1ai|1b|1m|1ag|1n|1h|1j|1ah,7,4.772811806121287,1a|1ae|1d|1f|1g|1l|1r
2.8250157413711747,,,cycloalkyl-alkyl-aryl,stage2p_plus_stage2pp,,3,cycloalkyl-alkyl-aryl,lightgbm,65.0,65.0,,67.82501574137117,78.12684340152279,63.83475419351616,80.40960564410167,61.96003741988799,2.8250157413711747,"{""learning_rate"": 0.1, ""n_estimators"": 75, ""num_leaves"": 7}",cycloalkyl-alkyl-aryl,family_holdout,ee,1ak,28,1i|1am|1p|1ao|1ab|1af|1x|1u|1k|1e|1ac|1s|1aa|1y|1v|1c|1o|1w|1t|1q|1ai|1b|1m|1ag|1n|1h|1j|1ah,7,4.772811806121287,1a|1ae|1d|1f|1g|1l|1r
0.15069204061536823,,,cycloalkyl-alkyl-aryl,stage2p_plus_stage2pp,,3,cycloalkyl-alkyl-aryl,lightgbm,73.0,73.0,,73.15069204061537,83.452519700767,69.16043049276036,85.73528194334585,67.28571371913219,0.15069204061536823,"{""learning_rate"": 0.1, ""n_estimators"": 75, ""num_leaves"": 7}",cycloalkyl-alkyl-aryl,family_holdout,ee,1al,28,1i|1am|1p|1ao|1ab|1af|1x|1u|1k|1e|1ac|1s|1aa|1y|1v|1c|1o|1w|1t|1q|1ai|1b|1m|1ag|1n|1h|1j|1ah,7,4.772811806121287,1a|1ae|1d|1f|1g|1l|1r
37.60714285714286,111.28724454376285,51.92704117052286,cycloalkyl-alkyl-aryl,stage2p_plus_stage2pp,15.142909023785714,3,cycloalkyl-alkyl-aryl,gaussian_process,44.0,44.0,,81.60714285714286,92.81428571428573,71.81428574508065,105.86428571428571,71.36428572198446,37.60714285714286,"{""alpha"": 1e-05, ""kernel"": ""1**2 * RBF(length_scale=2) + WhiteKernel(noise_level=10)""}",cycloalkyl-alkyl-aryl,family_holdout,ee,1aj,28,1i|1am|1p|1ao|1ab|1af|1x|1u|1k|1e|1ac|1s|1aa|1y|1v|1c|1o|1w|1t|1q|1ai|1b|1m|1ag|1n|1h|1j|1ah,7,10.566326523280116,1a|1ae|1d|1f|1g|1l|1r
16.60714285714286,111.28724454376285,51.92704117052286,cycloalkyl-alkyl-aryl,stage2p_plus_stage2pp,15.142909023785714,3,cycloalkyl-alkyl-aryl,gaussian_process,65.0,65.0,,81.60714285714286,92.81428571428573,71.81428574508065,105.86428571428571,71.36428572198446,16.60714285714286,"{""alpha"": 1e-05, ""kernel"": ""1**2 * RBF(length_scale=2) + WhiteKernel(noise_level=10)""}",cycloalkyl-alkyl-aryl,family_holdout,ee,1ak,28,1i|1am|1p|1ao|1ab|1af|1x|1u|1k|1e|1ac|1s|1aa|1y|1v|1c|1o|1w|1t|1q|1ai|1b|1m|1ag|1n|1h|1j|1ah,7,10.566326523280116,1a|1ae|1d|1f|1g|1l|1r
8.607142857142861,111.28724454376285,51.92704117052286,cycloalkyl-alkyl-aryl,stage2p_plus_stage2pp,15.142909023785714,3,cycloalkyl-alkyl-aryl,gaussian_process,73.0,73.0,,81.60714285714286,92.81428571428573,71.81428574508065,105.86428571428571,71.36428572198446,8.607142857142861,"{""alpha"": 1e-05, ""kernel"": ""1**2 * RBF(length_scale=2) + WhiteKernel(noise_level=10)""}",cycloalkyl-alkyl-aryl,family_holdout,ee,1al,28,1i|1am|1p|1ao|1ab|1af|1x|1u|1k|1e|1ac|1s|1aa|1y|1v|1c|1o|1w|1t|1q|1ai|1b|1m|1ag|1n|1h|1j|1ah,7,10.566326523280116,1a|1ae|1d|1f|1g|1l|1r
32.35972994517958,,,cycloalkyl-aryl,stage2p_plus_stage2pp,,1,cycloalkyl-aryl,ridge_regression,45.0,45.0,,77.35972994517958,104.4803722419358,71.49428015479255,113.39196465244365,70.57736191558868,32.35972994517958,"{""alpha"": 100.0}",cycloalkyl-aryl,family_holdout,ee,1am,30,1i|1al|1u|1ao|1ab|1af|1x|1p|1l|1aa|1k|1s|1ac|1g|1y|1c|1w|1t|1o|1q|1v|1ai|1b|1ag|1n|1j|1m|1ah|1d|1f,7,11.993639032330533,1a|1ae|1aj|1ak|1e|1h|1r
23.76055352277075,,,cycloalkyl-aryl,stage2p_plus_stage2pp,,1,cycloalkyl-aryl,elastic_net,45.0,45.0,,68.76055352277075,92.1014917966062,62.614408632965116,95.87278726020581,59.698969312296136,23.76055352277075,"{""alpha"": 1.0, ""l1_ratio"": 0.5}",cycloalkyl-aryl,family_holdout,ee,1am,30,1i|1al|1u|1ao|1ab|1af|1x|1p|1l|1aa|1k|1s|1ac|1g|1y|1c|1w|1t|1o|1q|1v|1ai|1b|1ag|1n|1j|1m|1ah|1d|1f,7,10.713844296568457,1a|1ae|1aj|1ak|1e|1h|1r
32.657089268433495,,,cycloalkyl-aryl,stage2p_plus_stage2pp,,1,cycloalkyl-aryl,lightgbm,45.0,45.0,,77.6570892684335,103.16055886389003,73.26072424162825,112.97216880798791,72.1673022889889,32.657089268433495,"{""learning_rate"": 0.1, ""n_estimators"": 75, ""num_leaves"": 7}",cycloalkyl-aryl,family_holdout,ee,1am,30,1i|1al|1u|1ao|1ab|1af|1x|1p|1l|1aa|1k|1s|1ac|1g|1y|1c|1w|1t|1o|1q|1v|1ai|1b|1ag|1n|1j|1m|1ah|1d|1f,7,10.62923619528185,1a|1ae|1aj|1ak|1e|1h|1r
37.766666666666666,108.44027583012866,57.093057503204676,cycloalkyl-aryl,stage2p_plus_stage2pp,13.09878018543979,1,cycloalkyl-aryl,gaussian_process,45.0,45.0,,82.76666666666667,116.13333333333333,73.53333333333333,120.18333333333334,73.53333333333333,37.766666666666666,"{""alpha"": 1e-05, ""kernel"": ""1**2 * RBF(length_scale=2) + WhiteKernel(noise_level=10)""}",cycloalkyl-aryl,family_holdout,ee,1am,30,1i|1al|1u|1ao|1ab|1af|1x|1p|1l|1aa|1k|1s|1ac|1g|1y|1c|1w|1t|1o|1q|1v|1ai|1b|1ag|1n|1j|1m|1ah|1d|1f,7,17.176190473155327,1a|1ae|1aj|1ak|1e|1h|1r
12.780969127548943,,,diaryl-ethyl-aryl-substituted,stage2p_plus_stage2pp,,12,diaryl-ethyl-aryl-substituted,ridge_regression,80.0,80.0,,92.78096912754894,112.75755763832566,85.96667700837502,115.95681348184155,82.6534504774506,12.780969127548943,"{""alpha"": 100.0}",diaryl-ethyl-aryl-substituted,family_holdout,ee,1b,21,1am|1q|1ao|1ab|1af|1x|1s|1al|1y|1ac|1w|1aa|1u|1v|1o|1t|1p|1ai|1ag|1n|1ah,5,11.039311019269807,1a|1ae|1aj|1ak|1r
22.92963806174832,,,diaryl-ethyl-aryl-substituted,stage2p_plus_stage2pp,,12,diaryl-ethyl-aryl-substituted,ridge_regression,92.0,92.0,,69.07036193825168,89.0469504490284,62.25606981907775,92.24620629254429,58.94284328815334,-22.92963806174832,"{""alpha"": 100.0}",diaryl-ethyl-aryl-substituted,family_holdout,ee,1c,21,1am|1q|1ao|1ab|1af|1x|1s|1al|1y|1ac|1w|1aa|1u|1v|1o|1t|1p|1ai|1ag|1n|1ah,5,11.039311019269807,1a|1ae|1aj|1ak|1r
32.81218501723043,,,diaryl-ethyl-aryl-substituted,stage2p_plus_stage2pp,,12,diaryl-ethyl-aryl-substituted,ridge_regression,90.0,90.0,,57.18781498276957,77.16440349354627,50.37352286359564,80.36365933706219,47.06029633267123,-32.81218501723043,"{""alpha"": 100.0}",diaryl-ethyl-aryl-substituted,family_holdout,ee,1d,21,1am|1q|1ao|1ab|1af|1x|1s|1al|1y|1ac|1w|1aa|1u|1v|1o|1t|1p|1ai|1ag|1n|1ah,5,11.039311019269807,1a|1ae|1aj|1ak|1r
4.796870032528659,,,diaryl-ethyl-aryl-substituted,stage2p_plus_stage2pp,,12,diaryl-ethyl-aryl-substituted,ridge_regression,92.0,92.0,,87.20312996747134,107.17971847824805,80.38883784829741,110.37897432176396,77.075611317373,-4.796870032528659,"{""alpha"": 100.0}",diaryl-ethyl-aryl-substituted,family_holdout,ee,1e,21,1am|1q|1ao|1ab|1af|1x|1s|1al|1y|1ac|1w|1aa|1u|1v|1o|1t|1p|1ai|1ag|1n|1ah,5,11.039311019269807,1a|1ae|1aj|1ak|1r
5.467335835882977,,,diaryl-ethyl-aryl-substituted,stage2p_plus_stage2pp,,12,diaryl-ethyl-aryl-substituted,ridge_regression,90.0,90.0,,84.53266416411702,104.50925267489373,77.7183720449431,107.70850851840964,74.40514551401868,-5.467335835882977,"{""alpha"": 100.0}",diaryl-ethyl-aryl-substituted,family_holdout,ee,1f,21,1am|1q|1ao|1ab|1af|1x|1s|1al|1y|1ac|1w|1aa|1u|1v|1o|1t|1p|1ai|1ag|1n|1ah,5,11.039311019269807,1a|1ae|1aj|1ak|1r
4.848390101488349,,,diaryl-ethyl-aryl-substituted,stage2p_plus_stage2pp,,12,diaryl-ethyl-aryl-substituted,ridge_regression,90.0,90.0,,85.15160989851165,105.12819840928836,78.33731777933772,108.32745425280427,75.02409124841331,-4.848390101488349,"{""alpha"": 100.0}",diaryl-ethyl-aryl-substituted,family_holdout,ee,1g,21,1am|1q|1ao|1ab|1af|1x|1s|1al|1y|1ac|1w|1aa|1u|1v|1o|1t|1p|1ai|1ag|1n|1ah,5,11.039311019269807,1a|1ae|1aj|1ak|1r
1.4047558869247752,,,diaryl-ethyl-aryl-substituted,stage2p_plus_stage2pp,,12,diaryl-ethyl-aryl-substituted,ridge_regression,90.0,90.0,,88.59524411307522,108.57183262385195,81.7809519939013,111.77108846736783,78.46772546297689,-1.4047558869247752,"{""alpha"": 100.0}",diaryl-ethyl-aryl-substituted,family_holdout,ee,1h,21,1am|1q|1ao|1ab|1af|1x|1s|1al|1y|1ac|1w|1aa|1u|1v|1o|1t|1p|1ai|1ag|1n|1ah,5,11.039311019269807,1a|1ae|1aj|1ak|1r
5.115237564964147,,,diaryl-ethyl-aryl-substituted,stage2p_plus_stage2pp,,12,diaryl-ethyl-aryl-substituted,ridge_regression,73.0,73.0,,78.11523756496415,98.09182607574087,71.30094544579022,101.29108191925675,67.98771891486581,5.115237564964147,"{""alpha"": 100.0}",diaryl-ethyl-aryl-substituted,family_holdout,ee,1i,21,1am|1q|1ao|1ab|1af|1x|1s|1al|1y|1ac|1w|1aa|1u|1v|1o|1t|1p|1ai|1ag|1n|1ah,5,11.039311019269807,1a|1ae|1aj|1ak|1r
24.700855364359782,,,diaryl-ethyl-aryl-substituted,stage2p_plus_stage2pp,,12,diaryl-ethyl-aryl-substituted,ridge_regression,95.0,95.0,,70.29914463564022,90.27573314641694,63.48485251646629,93.47498898993283,60.17162598554188,-24.700855364359782,"{""alpha"": 100.0}",diaryl-ethyl-aryl-substituted,family_holdout,ee,1j,21,1am|1q|1ao|1ab|1af|1x|1s|1al|1y|1ac|1w|1aa|1u|1v|1o|1t|1p|1ai|1ag|1n|1ah,5,11.039311019269807,1a|1ae|1aj|1ak|1r
23.942238934295673,,,diaryl-ethyl-aryl-substituted,stage2p_plus_stage2pp,,12,diaryl-ethyl-aryl-substituted,ridge_regression,95.0,95.0,,71.05776106570433,91.03434957648105,64.2434689465304,94.23360541999693,60.93024241560599,-23.942238934295673,"{""alpha"": 100.0}",diaryl-ethyl-aryl-substituted,family_holdout,ee,1k,21,1am|1q|1ao|1ab|1af|1x|1s|1al|1y|1ac|1w|1aa|1u|1v|1o|1t|1p|1ai|1ag|1n|1ah,5,11.039311019269807,1a|1ae|1aj|1ak|1r
82.0,,,diaryl-ethyl-aryl-substituted,stage2p_plus_stage2pp,,12,diaryl-ethyl-aryl-substituted,ridge_regression,82.0,82.0,,0.0,19.976588510776715,-6.81429211917393,23.175844354292614,-10.127518650098335,-82.0,"{""alpha"": 100.0}",diaryl-ethyl-aryl-substituted,family_holdout,ee,1l,21,1am|1q|1ao|1ab|1af|1x|1s|1al|1y|1ac|1w|1aa|1u|1v|1o|1t|1p|1ai|1ag|1n|1ah,5,11.039311019269807,1a|1ae|1aj|1ak|1r
94.0,,,diaryl-ethyl-aryl-substituted,stage2p_plus_stage2pp,,12,diaryl-ethyl-aryl-substituted,ridge_regression,94.0,94.0,,0.0,19.976588510776715,-6.81429211917393,23.175844354292614,-10.127518650098335,-94.0,"{""alpha"": 100.0}",diaryl-ethyl-aryl-substituted,family_holdout,ee,1m,21,1am|1q|1ao|1ab|1af|1x|1s|1al|1y|1ac|1w|1aa|1u|1v|1o|1t|1p|1ai|1ag|1n|1ah,5,11.039311019269807,1a|1ae|1aj|1ak|1r
12.13953722235253,,,diaryl-ethyl-aryl-substituted,stage2p_plus_stage2pp,,12,diaryl-ethyl-aryl-substituted,elastic_net,80.0,80.0,,92.13953722235253,106.1502111351402,83.45106611307985,106.93262441129527,79.32543423320645,12.13953722235253,"{""alpha"": 1.0, ""l1_ratio"": 0.5}",diaryl-ethyl-aryl-substituted,family_holdout,ee,1b,21,1am|1q|1ao|1ab|1af|1x|1s|1al|1y|1ac|1w|1aa|1u|1v|1o|1t|1p|1ai|1ag|1n|1ah,5,9.708217701490463,1a|1ae|1aj|1ak|1r
20.33571478288721,,,diaryl-ethyl-aryl-substituted,stage2p_plus_stage2pp,,12,diaryl-ethyl-aryl-substituted,elastic_net,92.0,92.0,,71.66428521711279,85.67495912990046,62.9758141078401,86.45737240605553,58.85018222796671,-20.33571478288721,"{""alpha"": 1.0, ""l1_ratio"": 0.5}",diaryl-ethyl-aryl-substituted,family_holdout,ee,1c,21,1am|1q|1ao|1ab|1af|1x|1s|1al|1y|1ac|1w|1aa|1u|1v|1o|1t|1p|1ai|1ag|1n|1ah,5,9.708217701490463,1a|1ae|1aj|1ak|1r
31.21345887392171,,,diaryl-ethyl-aryl-substituted,stage2p_plus_stage2pp,,12,diaryl-ethyl-aryl-substituted,elastic_net,90.0,90.0,,58.78654112607829,72.79721503886596,50.0980700168056,73.57962831502103,45.97243813693221,-31.21345887392171,"{""alpha"": 1.0, ""l1_ratio"": 0.5}",diaryl-ethyl-aryl-substituted,family_holdout,ee,1d,21,1am|1q|1ao|1ab|1af|1x|1s|1al|1y|1ac|1w|1aa|1u|1v|1o|1t|1p|1ai|1ag|1n|1ah,5,9.708217701490463,1a|1ae|1aj|1ak|1r
6.643291486456661,,,diaryl-ethyl-aryl-substituted,stage2p_plus_stage2pp,,12,diaryl-ethyl-aryl-substituted,elastic_net,92.0,92.0,,85.35670851354334,99.367382426331,76.66823740427066,100.14979570248607,72.54260552439726,-6.643291486456661,"{""alpha"": 1.0, ""l1_ratio"": 0.5}",diaryl-ethyl-aryl-substituted,family_holdout,ee,1e,21,1am|1q|1ao|1ab|1af|1x|1s|1al|1y|1ac|1w|1aa|1u|1v|1o|1t|1p|1ai|1ag|1n|1ah,5,9.708217701490463,1a|1ae|1aj|1ak|1r
5.708838884455233,,,diaryl-ethyl-aryl-substituted,stage2p_plus_stage2pp,,12,diaryl-ethyl-aryl-substituted,elastic_net,90.0,90.0,,84.29116111554477,98.30183502833243,75.60269000627208,99.0842483044875,71.47705812639869,-5.708838884455233,"{""alpha"": 1.0, ""l1_ratio"": 0.5}",diaryl-ethyl-aryl-substituted,family_holdout,ee,1f,21,1am|1q|1ao|1ab|1af|1x|1s|1al|1y|1ac|1w|1aa|1u|1v|1o|1t|1p|1ai|1ag|1n|1ah,5,9.708217701490463,1a|1ae|1aj|1ak|1r
9.952406700043895,,,diaryl-ethyl-aryl-substituted,stage2p_plus_stage2pp,,12,diaryl-ethyl-aryl-substituted,elastic_net,90.0,90.0,,80.0475932999561,94.05826721274377,71.35912219068342,94.84068048889884,67.23349031081003,-9.952406700043895,"{""alpha"": 1.0, ""l1_ratio"": 0.5}",diaryl-ethyl-aryl-substituted,family_holdout,ee,1g,21,1am|1q|1ao|1ab|1af|1x|1s|1al|1y|1ac|1w|1aa|1u|1v|1o|1t|1p|1ai|1ag|1n|1ah,5,9.708217701490463,1a|1ae|1aj|1ak|1r
6.693276038276849,,,diaryl-ethyl-aryl-substituted,stage2p_plus_stage2pp,,12,diaryl-ethyl-aryl-substituted,elastic_net,90.0,90.0,,83.30672396172315,97.31739787451082,74.61825285245047,98.09981115066589,70.49262097257707,-6.693276038276849,"{""alpha"": 1.0, ""l1_ratio"": 0.5}",diaryl-ethyl-aryl-substituted,family_holdout,ee,1h,21,1am|1q|1ao|1ab|1af|1x|1s|1al|1y|1ac|1w|1aa|1u|1v|1o|1t|1p|1ai|1ag|1n|1ah,5,9.708217701490463,1a|1ae|1aj|1ak|1r
8.43787889034499,,,diaryl-ethyl-aryl-substituted,stage2p_plus_stage2pp,,12,diaryl-ethyl-aryl-substituted,elastic_net,73.0,73.0,,81.43787889034499,95.44855280313266,72.7494077810723,96.23096607928773,68.62377590119891,8.43787889034499,"{""alpha"": 1.0, ""l1_ratio"": 0.5}",diaryl-ethyl-aryl-substituted,family_holdout,ee,1i,21,1am|1q|1ao|1ab|1af|1x|1s|1al|1y|1ac|1w|1aa|1u|1v|1o|1t|1p|1ai|1ag|1n|1ah,5,9.708217701490463,1a|1ae|1aj|1ak|1r
16.53448667433058,,,diaryl-ethyl-aryl-substituted,stage2p_plus_stage2pp,,12,diaryl-ethyl-aryl-substituted,elastic_net,95.0,95.0,,78.46551332566942,92.47618723845709,69.77704221639674,93.25860051461216,65.65141033652334,-16.53448667433058,"{""alpha"": 1.0, ""l1_ratio"": 0.5}",diaryl-ethyl-aryl-substituted,family_holdout,ee,1j,21,1am|1q|1ao|1ab|1af|1x|1s|1al|1y|1ac|1w|1aa|1u|1v|1o|1t|1p|1ai|1ag|1n|1ah,5,9.708217701490463,1a|1ae|1aj|1ak|1r
23.042207958122418,,,diaryl-ethyl-aryl-substituted,stage2p_plus_stage2pp,,12,diaryl-ethyl-aryl-substituted,elastic_net,95.0,95.0,,71.95779204187758,85.96846595466525,63.26932093260489,86.75087923082032,59.1436890527315,-23.042207958122418,"{""alpha"": 1.0, ""l1_ratio"": 0.5}",diaryl-ethyl-aryl-substituted,family_holdout,ee,1k,21,1am|1q|1ao|1ab|1af|1x|1s|1al|1y|1ac|1w|1aa|1u|1v|1o|1t|1p|1ai|1ag|1n|1ah,5,9.708217701490463,1a|1ae|1aj|1ak|1r
0.663433841299593,,,diaryl-ethyl-aryl-substituted,stage2p_plus_stage2pp,,12,diaryl-ethyl-aryl-substituted,elastic_net,82.0,82.0,,82.6634338412996,96.67410775408726,73.97496273202691,97.45652103024233,69.84933085215351,0.663433841299593,"{""alpha"": 1.0, ""l1_ratio"": 0.5}",diaryl-ethyl-aryl-substituted,family_holdout,ee,1l,21,1am|1q|1ao|1ab|1af|1x|1s|1al|1y|1ac|1w|1aa|1u|1v|1o|1t|1p|1ai|1ag|1n|1ah,5,9.708217701490463,1a|1ae|1aj|1ak|1r
13.67361181087351,,,diaryl-ethyl-aryl-substituted,stage2p_plus_stage2pp,,12,diaryl-ethyl-aryl-substituted,elastic_net,94.0,94.0,,80.32638818912649,94.33706210191416,71.6379170798538,95.11947537806923,67.51228519998041,-13.67361181087351,"{""alpha"": 1.0, ""l1_ratio"": 0.5}",diaryl-ethyl-aryl-substituted,family_holdout,ee,1m,21,1am|1q|1ao|1ab|1af|1x|1s|1al|1y|1ac|1w|1aa|1u|1v|1o|1t|1p|1ai|1ag|1n|1ah,5,9.708217701490463,1a|1ae|1aj|1ak|1r
5.045617111313533,,,diaryl-ethyl-aryl-substituted,stage2p_plus_stage2pp,,12,diaryl-ethyl-aryl-substituted,lightgbm,80.0,80.0,,85.04561711131353,103.02208932445919,73.09235614402797,105.6227193422683,66.93149268407512,5.045617111313533,"{""learning_rate"": 0.1, ""n_estimators"": 75, ""num_leaves"": 3}",diaryl-ethyl-aryl-substituted,family_holdout,ee,1b,21,1am|1q|1ao|1ab|1af|1x|1s|1al|1y|1ac|1w|1aa|1u|1v|1o|1t|1p|1ai|1ag|1n|1ah,5,11.793259769251552,1a|1ae|1aj|1ak|1r
17.436919470280372,,,diaryl-ethyl-aryl-substituted,stage2p_plus_stage2pp,,12,diaryl-ethyl-aryl-substituted,lightgbm,92.0,92.0,,74.56308052971963,92.53955274286528,62.60981956243407,95.14018276067439,56.448956102481226,-17.436919470280372,"{""learning_rate"": 0.1, ""n_estimators"": 75, ""num_leaves"": 3}",diaryl-ethyl-aryl-substituted,family_holdout,ee,1c,21,1am|1q|1ao|1ab|1af|1x|1s|1al|1y|1ac|1w|1aa|1u|1v|1o|1t|1p|1ai|1ag|1n|1ah,5,11.793259769251552,1a|1ae|1aj|1ak|1r
22.853051573331555,,,diaryl-ethyl-aryl-substituted,stage2p_plus_stage2pp,,12,diaryl-ethyl-aryl-substituted,lightgbm,90.0,90.0,,67.14694842666844,85.1234206398141,55.193687459382886,87.72405065762321,49.03282399943004,-22.853051573331555,"{""learning_rate"": 0.1, ""n_estimators"": 75, ""num_leaves"": 3}",diaryl-ethyl-aryl-substituted,family_holdout,ee,1d,21,1am|1q|1ao|1ab|1af|1x|1s|1al|1y|1ac|1w|1aa|1u|1v|1o|1t|1p|1ai|1ag|1n|1ah,5,11.793259769251552,1a|1ae|1aj|1ak|1r
7.433345690116099,,,diaryl-ethyl-aryl-substituted,stage2p_plus_stage2pp,,12,diaryl-ethyl-aryl-substituted,lightgbm,92.0,92.0,,84.5666543098839,102.54312652302956,72.61339334259834,105.14375654083867,66.4525298826455,-7.433345690116099,"{""learning_rate"": 0.1, ""n_estimators"": 75, ""num_leaves"": 3}",diaryl-ethyl-aryl-substituted,family_holdout,ee,1e,21,1am|1q|1ao|1ab|1af|1x|1s|1al|1y|1ac|1w|1aa|1u|1v|1o|1t|1p|1ai|1ag|1n|1ah,5,11.793259769251552,1a|1ae|1aj|1ak|1r
15.405393539733822,,,diaryl-ethyl-aryl-substituted,stage2p_plus_stage2pp,,12,diaryl-ethyl-aryl-substituted,lightgbm,90.0,90.0,,74.59460646026618,92.57107867341183,62.64134549298062,95.17170869122094,56.480482033027776,-15.405393539733822,"{""learning_rate"": 0.1, ""n_estimators"": 75, ""num_leaves"": 3}",diaryl-ethyl-aryl-substituted,family_holdout,ee,1f,21,1am|1q|1ao|1ab|1af|1x|1s|1al|1y|1ac|1w|1aa|1u|1v|1o|1t|1p|1ai|1ag|1n|1ah,5,11.793259769251552,1a|1ae|1aj|1ak|1r
14.945059735189844,,,diaryl-ethyl-aryl-substituted,stage2p_plus_stage2pp,,12,diaryl-ethyl-aryl-substituted,lightgbm,90.0,90.0,,75.05494026481016,93.03141247795581,63.1016792975246,95.63204249576492,56.940815837571755,-14.945059735189844,"{""learning_rate"": 0.1, ""n_estimators"": 75, ""num_leaves"": 3}",diaryl-ethyl-aryl-substituted,family_holdout,ee,1g,21,1am|1q|1ao|1ab|1af|1x|1s|1al|1y|1ac|1w|1aa|1u|1v|1o|1t|1p|1ai|1ag|1n|1ah,5,11.793259769251552,1a|1ae|1aj|1ak|1r
14.089296662866715,,,diaryl-ethyl-aryl-substituted,stage2p_plus_stage2pp,,12,diaryl-ethyl-aryl-substituted,lightgbm,90.0,90.0,,75.91070333713328,93.88717555027894,63.957442369847726,96.48780556808805,57.79657890989488,-14.089296662866715,"{""learning_rate"": 0.1, ""n_estimators"": 75, ""num_leaves"": 3}",diaryl-ethyl-aryl-substituted,family_holdout,ee,1h,21,1am|1q|1ao|1ab|1af|1x|1s|1al|1y|1ac|1w|1aa|1u|1v|1o|1t|1p|1ai|1ag|1n|1ah,5,11.793259769251552,1a|1ae|1aj|1ak|1r
8.109874619350848,,,diaryl-ethyl-aryl-substituted,stage2p_plus_stage2pp,,12,diaryl-ethyl-aryl-substituted,lightgbm,73.0,73.0,,81.10987461935085,99.0863468324965,69.15661365206529,101.68697685030561,62.995750192112446,8.109874619350848,"{""learning_rate"": 0.1, ""n_estimators"": 75, ""num_leaves"": 3}",diaryl-ethyl-aryl-substituted,family_holdout,ee,1i,21,1am|1q|1ao|1ab|1af|1x|1s|1al|1y|1ac|1w|1aa|1u|1v|1o|1t|1p|1ai|1ag|1n|1ah,5,11.793259769251552,1a|1ae|1aj|1ak|1r
16.37826353883557,,,diaryl-ethyl-aryl-substituted,stage2p_plus_stage2pp,,12,diaryl-ethyl-aryl-substituted,lightgbm,95.0,95.0,,78.62173646116443,96.59820867431009,66.66847549387887,99.1988386921192,60.50761203392603,-16.37826353883557,"{""learning_rate"": 0.1, ""n_estimators"": 75, ""num_leaves"": 3}",diaryl-ethyl-aryl-substituted,family_holdout,ee,1j,21,1am|1q|1ao|1ab|1af|1x|1s|1al|1y|1ac|1w|1aa|1u|1v|1o|1t|1p|1ai|1ag|1n|1ah,5,11.793259769251552,1a|1ae|1aj|1ak|1r
18.510931209168106,,,diaryl-ethyl-aryl-substituted,stage2p_plus_stage2pp,,12,diaryl-ethyl-aryl-substituted,lightgbm,95.0,95.0,,76.4890687908319,94.46554100397755,64.53580782354634,97.06617102178666,58.37494436359349,-18.510931209168106,"{""learning_rate"": 0.1, ""n_estimators"": 75, ""num_leaves"": 3}",diaryl-ethyl-aryl-substituted,family_holdout,ee,1k,21,1am|1q|1ao|1ab|1af|1x|1s|1al|1y|1ac|1w|1aa|1u|1v|1o|1t|1p|1ai|1ag|1n|1ah,5,11.793259769251552,1a|1ae|1aj|1ak|1r
8.586542053692625,,,diaryl-ethyl-aryl-substituted,stage2p_plus_stage2pp,,12,diaryl-ethyl-aryl-substituted,lightgbm,82.0,82.0,,73.41345794630737,91.38993015945303,61.460196979021816,93.99056017726214,55.29933351906897,-8.586542053692625,"{""learning_rate"": 0.1, ""n_estimators"": 75, ""num_leaves"": 3}",diaryl-ethyl-aryl-substituted,family_holdout,ee,1l,21,1am|1q|1ao|1ab|1af|1x|1s|1al|1y|1ac|1w|1aa|1u|1v|1o|1t|1p|1ai|1ag|1n|1ah,5,11.793259769251552,1a|1ae|1aj|1ak|1r
23.042162737475806,,,diaryl-ethyl-aryl-substituted,stage2p_plus_stage2pp,,12,diaryl-ethyl-aryl-substituted,lightgbm,94.0,94.0,,70.9578372625242,88.93430947566985,59.004576295238635,91.53493949347896,52.84371283528579,-23.042162737475806,"{""learning_rate"": 0.1, ""n_estimators"": 75, ""num_leaves"": 3}",diaryl-ethyl-aryl-substituted,family_holdout,ee,1m,21,1am|1q|1ao|1ab|1af|1x|1s|1al|1y|1ac|1w|1aa|1u|1v|1o|1t|1p|1ai|1ag|1n|1ah,5,11.793259769251552,1a|1ae|1aj|1ak|1r
1.5714285714285694,109.8791241933492,46.97801866379366,diaryl-ethyl-aryl-substituted,stage2p_plus_stage2pp,16.04620039019274,12,diaryl-ethyl-aryl-substituted,gaussian_process,80.0,80.0,,78.42857142857143,109.25714285714287,65.25714294246538,111.95714285714286,64.95714287847349,-1.5714285714285694,"{""alpha"": 1e-05, ""kernel"": ""1**2 * RBF(length_scale=2) + WhiteKernel(noise_level=10)""}",diaryl-ethyl-aryl-substituted,family_holdout,ee,1b,21,1am|1q|1ao|1ab|1af|1x|1s|1al|1y|1ac|1w|1aa|1u|1v|1o|1t|1p|1ai|1ag|1n|1ah,5,19.885714243052085,1a|1ae|1aj|1ak|1r
13.57142857142857,109.8791241933492,46.97801866379366,diaryl-ethyl-aryl-substituted,stage2p_plus_stage2pp,16.04620039019274,12,diaryl-ethyl-aryl-substituted,gaussian_process,92.0,92.0,,78.42857142857143,109.25714285714287,65.25714294246538,111.95714285714286,64.95714287847349,-13.57142857142857,"{""alpha"": 1e-05, ""kernel"": ""1**2 * RBF(length_scale=2) + WhiteKernel(noise_level=10)""}",diaryl-ethyl-aryl-substituted,family_holdout,ee,1c,21,1am|1q|1ao|1ab|1af|1x|1s|1al|1y|1ac|1w|1aa|1u|1v|1o|1t|1p|1ai|1ag|1n|1ah,5,19.885714243052085,1a|1ae|1aj|1ak|1r
11.57142857142857,109.8791241933492,46.97801866379366,diaryl-ethyl-aryl-substituted,stage2p_plus_stage2pp,16.04620039019274,12,diaryl-ethyl-aryl-substituted,gaussian_process,90.0,90.0,,78.42857142857143,109.25714285714287,65.25714294246538,111.95714285714286,64.95714287847349,-11.57142857142857,"{""alpha"": 1e-05, ""kernel"": ""1**2 * RBF(length_scale=2) + WhiteKernel(noise_level=10)""}",diaryl-ethyl-aryl-substituted,family_holdout,ee,1d,21,1am|1q|1ao|1ab|1af|1x|1s|1al|1y|1ac|1w|1aa|1u|1v|1o|1t|1p|1ai|1ag|1n|1ah,5,19.885714243052085,1a|1ae|1aj|1ak|1r
13.57142857142857,109.8791241933492,46.97801866379366,diaryl-ethyl-aryl-substituted,stage2p_plus_stage2pp,16.04620039019274,12,diaryl-ethyl-aryl-substituted,gaussian_process,92.0,92.0,,78.42857142857143,109.25714285714287,65.25714294246538,111.95714285714286,64.95714287847349,-13.57142857142857,"{""alpha"": 1e-05, ""kernel"": ""1**2 * RBF(length_scale=2) + WhiteKernel(noise_level=10)""}",diaryl-ethyl-aryl-substituted,family_holdout,ee,1e,21,1am|1q|1ao|1ab|1af|1x|1s|1al|1y|1ac|1w|1aa|1u|1v|1o|1t|1p|1ai|1ag|1n|1ah,5,19.885714243052085,1a|1ae|1aj|1ak|1r
11.57142857142857,109.8791241933492,46.97801866379366,diaryl-ethyl-aryl-substituted,stage2p_plus_stage2pp,16.04620039019274,12,diaryl-ethyl-aryl-substituted,gaussian_process,90.0,90.0,,78.42857142857143,109.25714285714287,65.25714294246538,111.95714285714286,64.95714287847349,-11.57142857142857,"{""alpha"": 1e-05, ""kernel"": ""1**2 * RBF(length_scale=2) + WhiteKernel(noise_level=10)""}",diaryl-ethyl-aryl-substituted,family_holdout,ee,1f,21,1am|1q|1ao|1ab|1af|1x|1s|1al|1y|1ac|1w|1aa|1u|1v|1o|1t|1p|1ai|1ag|1n|1ah,5,19.885714243052085,1a|1ae|1aj|1ak|1r
11.57142857142857,109.8791241933492,46.97801866379366,diaryl-ethyl-aryl-substituted,stage2p_plus_stage2pp,16.04620039019274,12,diaryl-ethyl-aryl-substituted,gaussian_process,90.0,90.0,,78.42857142857143,109.25714285714287,65.25714294246538,111.95714285714286,64.95714287847349,-11.57142857142857,"{""alpha"": 1e-05, ""kernel"": ""1**2 * RBF(length_scale=2) + WhiteKernel(noise_level=10)""}",diaryl-ethyl-aryl-substituted,family_holdout,ee,1g,21,1am|1q|1ao|1ab|1af|1x|1s|1al|1y|1ac|1w|1aa|1u|1v|1o|1t|1p|1ai|1ag|1n|1ah,5,19.885714243052085,1a|1ae|1aj|1ak|1r
11.57142857142857,109.8791241933492,46.97801866379366,diaryl-ethyl-aryl-substituted,stage2p_plus_stage2pp,16.04620039019274,12,diaryl-ethyl-aryl-substituted,gaussian_process,90.0,90.0,,78.42857142857143,109.25714285714287,65.25714294246538,111.95714285714286,64.95714287847349,-11.57142857142857,"{""alpha"": 1e-05, ""kernel"": ""1**2 * RBF(length_scale=2) + WhiteKernel(noise_level=10)""}",diaryl-ethyl-aryl-substituted,family_holdout,ee,1h,21,1am|1q|1ao|1ab|1af|1x|1s|1al|1y|1ac|1w|1aa|1u|1v|1o|1t|1p|1ai|1ag|1n|1ah,5,19.885714243052085,1a|1ae|1aj|1ak|1r
5.428571428571431,109.8791241933492,46.97801866379366,diaryl-ethyl-aryl-substituted,stage2p_plus_stage2pp,16.04620039019274,12,diaryl-ethyl-aryl-substituted,gaussian_process,73.0,73.0,,78.42857142857143,109.25714285714287,65.25714294246538,111.95714285714286,64.95714287847349,5.428571428571431,"{""alpha"": 1e-05, ""kernel"": ""1**2 * RBF(length_scale=2) + WhiteKernel(noise_level=10)""}",diaryl-ethyl-aryl-substituted,family_holdout,ee,1i,21,1am|1q|1ao|1ab|1af|1x|1s|1al|1y|1ac|1w|1aa|1u|1v|1o|1t|1p|1ai|1ag|1n|1ah,5,19.885714243052085,1a|1ae|1aj|1ak|1r
16.57142857142857,109.8791241933492,46.97801866379366,diaryl-ethyl-aryl-substituted,stage2p_plus_stage2pp,16.04620039019274,12,diaryl-ethyl-aryl-substituted,gaussian_process,95.0,95.0,,78.42857142857143,109.25714285714287,65.25714294246538,111.95714285714286,64.95714287847349,-16.57142857142857,"{""alpha"": 1e-05, ""kernel"": ""1**2 * RBF(length_scale=2) + WhiteKernel(noise_level=10)""}",diaryl-ethyl-aryl-substituted,family_holdout,ee,1j,21,1am|1q|1ao|1ab|1af|1x|1s|1al|1y|1ac|1w|1aa|1u|1v|1o|1t|1p|1ai|1ag|1n|1ah,5,19.885714243052085,1a|1ae|1aj|1ak|1r
16.57142857142857,109.8791241933492,46.97801866379366,diaryl-ethyl-aryl-substituted,stage2p_plus_stage2pp,16.04620039019274,12,diaryl-ethyl-aryl-substituted,gaussian_process,95.0,95.0,,78.42857142857143,109.25714285714287,65.25714294246538,111.95714285714286,64.95714287847349,-16.57142857142857,"{""alpha"": 1e-05, ""kernel"": ""1**2 * RBF(length_scale=2) + WhiteKernel(noise_level=10)""}",diaryl-ethyl-aryl-substituted,family_holdout,ee,1k,21,1am|1q|1ao|1ab|1af|1x|1s|1al|1y|1ac|1w|1aa|1u|1v|1o|1t|1p|1ai|1ag|1n|1ah,5,19.885714243052085,1a|1ae|1aj|1ak|1r
3.5714285714285694,109.8791241933492,46.97801866379366,diaryl-ethyl-aryl-substituted,stage2p_plus_stage2pp,16.04620039019274,12,diaryl-ethyl-aryl-substituted,gaussian_process,82.0,82.0,,78.42857142857143,109.25714285714287,65.25714294246538,111.95714285714286,64.95714287847349,-3.5714285714285694,"{""alpha"": 1e-05, ""kernel"": ""1**2 * RBF(length_scale=2) + WhiteKernel(noise_level=10)""}",diaryl-ethyl-aryl-substituted,family_holdout,ee,1l,21,1am|1q|1ao|1ab|1af|1x|1s|1al|1y|1ac|1w|1aa|1u|1v|1o|1t|1p|1ai|1ag|1n|1ah,5,19.885714243052085,1a|1ae|1aj|1ak|1r
15.57142857142857,109.8791241933492,46.97801866379366,diaryl-ethyl-aryl-substituted,stage2p_plus_stage2pp,16.04620039019274,12,diaryl-ethyl-aryl-substituted,gaussian_process,94.0,94.0,,78.42857142857143,109.25714285714287,65.25714294246538,111.95714285714286,64.95714287847349,-15.57142857142857,"{""alpha"": 1e-05, ""kernel"": ""1**2 * RBF(length_scale=2) + WhiteKernel(noise_level=10)""}",diaryl-ethyl-aryl-substituted,family_holdout,ee,1m,21,1am|1q|1ao|1ab|1af|1x|1s|1al|1y|1ac|1w|1aa|1u|1v|1o|1t|1p|1ai|1ag|1n|1ah,5,19.885714243052085,1a|1ae|1aj|1ak|1r
17.83252761989408,,,diaryl-ethyl-parent,stage2p_plus_stage2pp,,1,diaryl-ethyl-parent,ridge_regression,92.0,92.0,,74.16747238010592,80.33444232880206,64.61938604175072,83.57470376350028,58.491622421959065,-17.83252761989408,"{""alpha"": 10.0}",diaryl-ethyl-parent,family_holdout,ee,1a,30,1am|1i|1p|1ao|1ab|1af|1x|1u|1l|1aj|1aa|1k|1s|1ac|1g|1y|1c|1w|1t|1o|1q|1v|1ai|1b|1ag|1n|1j|1m|1ah|1d,7,6.349057398258708,1ae|1ak|1al|1e|1f|1h|1r
18.05243155034765,,,diaryl-ethyl-parent,stage2p_plus_stage2pp,,1,diaryl-ethyl-parent,elastic_net,92.0,92.0,,73.94756844965235,80.50342246479792,65.76274413091325,85.03394935592276,61.516602929062024,-18.05243155034765,"{""alpha"": 0.1, ""l1_ratio"": 0.2}",diaryl-ethyl-parent,family_holdout,ee,1a,30,1am|1i|1p|1ao|1ab|1af|1x|1u|1l|1aj|1aa|1k|1s|1ac|1g|1y|1c|1w|1t|1o|1q|1v|1ai|1b|1ag|1n|1j|1m|1ah|1d,7,4.944804413398821,1ae|1ak|1al|1e|1f|1h|1r
2.87417525257527,,,diaryl-ethyl-parent,stage2p_plus_stage2pp,,1,diaryl-ethyl-parent,lightgbm,92.0,92.0,,89.12582474742473,97.89410392604648,85.62441578091169,100.97495710721608,83.27394261135628,-2.87417525257527,"{""learning_rate"": 0.1, ""n_estimators"": 25, ""num_leaves"": 7}",diaryl-ethyl-parent,family_holdout,ee,1a,30,1am|1i|1p|1ao|1ab|1af|1x|1u|1l|1aj|1aa|1k|1s|1ac|1g|1y|1c|1w|1t|1o|1q|1v|1ai|1b|1ag|1n|1j|1m|1ah|1d,7,4.20206151004444,1ae|1ak|1al|1e|1f|1h|1r
11.700000000000003,111.79499365935096,48.80500634064903,diaryl-ethyl-parent,stage2p_plus_stage2pp,16.068874315995394,1,diaryl-ethyl-parent,gaussian_process,92.0,92.0,,80.3,100.4,69.20000007298125,105.79999999999998,68.7500000182453,-11.700000000000003,"{""alpha"": 1e-05, ""kernel"": ""1**2 * RBF(length_scale=2) + WhiteKernel(noise_level=10)""}",diaryl-ethyl-parent,family_holdout,ee,1a,30,1am|1i|1p|1ao|1ab|1af|1x|1u|1l|1aj|1aa|1k|1s|1ac|1g|1y|1c|1w|1t|1o|1q|1v|1ai|1b|1ag|1n|1j|1m|1ah|1d,7,13.099999982623512,1ae|1ak|1al|1e|1f|1h|1r
1.1010705972995538,,,nitrogen-heteroaryl,stage2p_plus_stage2pp,,2,nitrogen-heteroaryl,ridge_regression,88.0,88.0,,89.10107059729955,95.6692383644924,74.47624813598587,98.69391353529439,73.29314108414695,1.1010705972995538,"{""alpha"": 10.0}",nitrogen-heteroaryl,family_holdout,ee,1aa,29,1am|1i|1p|1ao|1af|1x|1u|1l|1aj|1k|1o|1s|1ac|1f|1y|1v|1w|1t|1b|1q|1h|1ai|1ag|1n|1m|1j|1ah|1c|1e,7,7.0223082937361285,1a|1ae|1ak|1al|1d|1g|1r
30.624487119291743,,,nitrogen-heteroaryl,stage2p_plus_stage2pp,,2,nitrogen-heteroaryl,ridge_regression,95.0,95.0,,64.37551288070826,70.9436806479011,49.75069041939457,73.96835581870309,48.567583367555656,-30.624487119291743,"{""alpha"": 10.0}",nitrogen-heteroaryl,family_holdout,ee,1ab,29,1am|1i|1p|1ao|1af|1x|1u|1l|1aj|1k|1o|1s|1ac|1f|1y|1v|1w|1t|1b|1q|1h|1ai|1ag|1n|1m|1j|1ah|1c|1e,7,7.0223082937361285,1a|1ae|1ak|1al|1d|1g|1r
3.847768306257251,,,nitrogen-heteroaryl,stage2p_plus_stage2pp,,2,nitrogen-heteroaryl,elastic_net,88.0,88.0,,91.84776830625725,98.50455208523458,85.72608034709728,99.67776082900433,83.63889254132764,3.847768306257251,"{""alpha"": 1.0, ""l1_ratio"": 1.0}",nitrogen-heteroaryl,family_holdout,ee,1aa,29,1am|1i|1p|1ao|1af|1x|1u|1l|1aj|1k|1o|1s|1ac|1f|1y|1v|1w|1t|1b|1q|1h|1ai|1ag|1n|1m|1j|1ah|1c|1e,7,4.748804128052683,1a|1ae|1ak|1al|1d|1g|1r
29.748420423640397,,,nitrogen-heteroaryl,stage2p_plus_stage2pp,,2,nitrogen-heteroaryl,elastic_net,95.0,95.0,,65.2515795763596,71.90836335533693,59.12989161719963,73.08157209910668,57.042703811429995,-29.748420423640397,"{""alpha"": 1.0, ""l1_ratio"": 1.0}",nitrogen-heteroaryl,family_holdout,ee,1ab,29,1am|1i|1p|1ao|1af|1x|1u|1l|1aj|1k|1o|1s|1ac|1f|1y|1v|1w|1t|1b|1q|1h|1ai|1ag|1n|1m|1j|1ah|1c|1e,7,4.748804128052683,1a|1ae|1ak|1al|1d|1g|1r
2.596280672290078,,,nitrogen-heteroaryl,stage2p_plus_stage2pp,,2,nitrogen-heteroaryl,lightgbm,88.0,88.0,,90.59628067229008,95.07891977300213,82.3850681592331,97.15839568775914,77.10749539673333,2.596280672290078,"{""learning_rate"": 0.1, ""n_estimators"": 75, ""num_leaves"": 7}",nitrogen-heteroaryl,family_holdout,ee,1aa,29,1am|1i|1p|1ao|1af|1x|1u|1l|1aj|1k|1o|1s|1ac|1f|1y|1v|1w|1t|1b|1q|1h|1ai|1ag|1n|1m|1j|1ah|1c|1e,7,4.465867731812567,1a|1ae|1ak|1al|1d|1g|1r
9.398615576186003,,,nitrogen-heteroaryl,stage2p_plus_stage2pp,,2,nitrogen-heteroaryl,lightgbm,95.0,95.0,,85.601384423814,90.08402352452605,77.39017191075702,92.16349943928306,72.11259914825725,-9.398615576186003,"{""learning_rate"": 0.1, ""n_estimators"": 75, ""num_leaves"": 7}",nitrogen-heteroaryl,family_holdout,ee,1ab,29,1am|1i|1p|1ao|1af|1x|1u|1l|1aj|1k|1o|1s|1ac|1f|1y|1v|1w|1t|1b|1q|1h|1ai|1ag|1n|1m|1j|1ah|1c|1e,7,4.465867731812567,1a|1ae|1ak|1al|1d|1g|1r
8.068965517231021,111.66848546021504,48.19358350532292,nitrogen-heteroaryl,stage2p_plus_stage2pp,16.192577029309213,2,nitrogen-heteroaryl,gaussian_process,88.0,88.0,,79.93103448276898,99.6620689655276,68.46206901509458,105.0620689655276,68.01206897791934,-8.068965517231021,"{""alpha"": 1e-05, ""kernel"": ""1**2 * RBF(length_scale=2) + WhiteKernel(noise_level=10)""}",nitrogen-heteroaryl,family_holdout,ee,1aa,29,1am|1i|1p|1ao|1af|1x|1u|1l|1aj|1k|1o|1s|1ac|1f|1y|1v|1w|1t|1b|1q|1h|1ai|1ag|1n|1m|1j|1ah|1c|1e,7,13.152709347802643,1a|1ae|1ak|1al|1d|1g|1r
15.06896551724138,111.66848546020468,48.19358350531256,nitrogen-heteroaryl,stage2p_plus_stage2pp,16.192577029309213,2,nitrogen-heteroaryl,gaussian_process,95.0,95.0,,79.93103448275862,99.66206896551725,68.46206901508423,105.06206896551723,68.01206897790898,-15.06896551724138,"{""alpha"": 1e-05, ""kernel"": ""1**2 * RBF(length_scale=2) + WhiteKernel(noise_level=10)""}",nitrogen-heteroaryl,family_holdout,ee,1ab,29,1am|1i|1p|1ao|1af|1x|1u|1l|1aj|1k|1o|1s|1ac|1f|1y|1v|1w|1t|1b|1q|1h|1ai|1ag|1n|1m|1j|1ah|1c|1e,7,13.152709347802643,1a|1ae|1ak|1al|1d|1g|1r
9.425342673400763,,,oxygen-heteroaryl,stage2p_plus_stage2pp,,1,oxygen-heteroaryl,ridge_regression,89.0,89.0,,79.57465732659924,87.3112108663973,64.43765769766118,95.27169886302282,60.91497929819599,-9.425342673400763,"{""alpha"": 1000.0}",oxygen-heteroaryl,family_holdout,ee,1o,30,1am|1i|1p|1ao|1ab|1af|1x|1u|1l|1aj|1aa|1k|1s|1ac|1g|1y|1c|1w|1t|1q|1v|1ai|1b|1ag|1n|1j|1m|1ah|1d|1f,7,9.016479914842026,1a|1ae|1ak|1al|1e|1h|1r
3.2333711983030327,,,oxygen-heteroaryl,stage2p_plus_stage2pp,,1,oxygen-heteroaryl,elastic_net,89.0,89.0,,85.76662880169697,93.34524974855803,76.51100824505144,96.26787722401295,72.38033785689406,-3.2333711983030327,"{""alpha"": 1.0, ""l1_ratio"": 1.0}",oxygen-heteroaryl,family_holdout,ee,1o,30,1am|1i|1p|1ao|1ab|1af|1x|1u|1l|1aj|1aa|1k|1s|1ac|1g|1y|1c|1w|1t|1q|1v|1ai|1b|1ag|1n|1j|1m|1ah|1d|1f,7,6.281440530710605,1a|1ae|1ak|1al|1e|1h|1r
1.2187812200018158,,,oxygen-heteroaryl,stage2p_plus_stage2pp,,1,oxygen-heteroaryl,lightgbm,89.0,89.0,,90.21878122000182,96.296878636984,85.66809921635284,100.9112834214545,82.95494256066115,1.2187812200018158,"{""learning_rate"": 0.1, ""n_estimators"": 75, ""num_leaves"": 3}",oxygen-heteroaryl,family_holdout,ee,1o,30,1am|1i|1p|1ao|1ab|1af|1x|1u|1l|1aj|1aa|1k|1s|1ac|1g|1y|1c|1w|1t|1q|1v|1ai|1b|1ag|1n|1j|1m|1ah|1d|1f,7,3.8771057748145705,1a|1ae|1ak|1al|1e|1h|1r
8.666666666666671,111.8655636049783,48.80110306168835,oxygen-heteroaryl,stage2p_plus_stage2pp,16.08787258757397,1,oxygen-heteroaryl,gaussian_process,89.0,89.0,,80.33333333333333,100.46666666666667,68.66666666666666,105.86666666666665,68.66666666666666,-8.666666666666671,"{""alpha"": 1e-05, ""kernel"": ""1**2 * RBF(length_scale=2) + WhiteKernel(noise_level=10)""}",oxygen-heteroaryl,family_holdout,ee,1o,30,1am|1i|1p|1ao|1ab|1af|1x|1u|1l|1aj|1aa|1k|1s|1ac|1g|1y|1c|1w|1t|1q|1v|1ai|1b|1ag|1n|1j|1m|1ah|1d|1f,7,13.380952376839371,1a|1ae|1ak|1al|1e|1h|1r
33.757479908419725,,,oxygen-heteroaryl-fused,stage2p_plus_stage2pp,,2,oxygen-heteroaryl-fused,ridge_regression,61.0,61.0,,94.75747990841973,103.24465346192787,93.8430463185293,104.79510644360987,92.51863500027092,33.757479908419725,"{""alpha"": 10.0}",oxygen-heteroaryl-fused,family_holdout,ee,1p,29,1am|1i|1ae|1y|1ab|1s|1ao|1x|1l|1k|1al|1aa|1ac|1g|1w|1u|1c|1o|1t|1v|1ai|1b|1n|1ag|1j|1m|1ah|1d|1e,7,3.4957036238095633,1a|1af|1aj|1ak|1f|1h|1r
4.427338051793896,,,oxygen-heteroaryl-fused,stage2p_plus_stage2pp,,2,oxygen-heteroaryl-fused,ridge_regression,90.0,90.0,,94.4273380517939,102.91451160530204,93.51290446190347,104.46496458698404,92.18849314364509,4.427338051793896,"{""alpha"": 10.0}",oxygen-heteroaryl-fused,family_holdout,ee,1q,29,1am|1i|1ae|1y|1ab|1s|1ao|1x|1l|1k|1al|1aa|1ac|1g|1w|1u|1c|1o|1t|1v|1ai|1b|1n|1ag|1j|1m|1ah|1d|1e,7,3.4957036238095633,1a|1af|1aj|1ak|1f|1h|1r
31.804532492071843,,,oxygen-heteroaryl-fused,stage2p_plus_stage2pp,,2,oxygen-heteroaryl-fused,elastic_net,61.0,61.0,,92.80453249207184,101.46483781298281,90.66300231212331,106.27199777418902,88.6870998795783,31.804532492071843,"{""alpha"": 1.0, ""l1_ratio"": 0.2}",oxygen-heteroaryl-fused,family_holdout,ee,1p,29,1am|1i|1ae|1y|1ab|1s|1ao|1x|1l|1k|1al|1aa|1ac|1g|1w|1u|1c|1o|1t|1v|1ai|1b|1n|1ag|1j|1m|1ah|1d|1e,7,4.079381057049157,1a|1af|1aj|1ak|1f|1h|1r
2.200876498497024,,,oxygen-heteroaryl-fused,stage2p_plus_stage2pp,,2,oxygen-heteroaryl-fused,elastic_net,90.0,90.0,,92.20087649849702,100.86118181940799,90.05934631854849,105.6683417806142,88.08344388600348,2.200876498497024,"{""alpha"": 1.0, ""l1_ratio"": 0.2}",oxygen-heteroaryl-fused,family_holdout,ee,1q,29,1am|1i|1ae|1y|1ab|1s|1ao|1x|1l|1k|1al|1aa|1ac|1g|1w|1u|1c|1o|1t|1v|1ai|1b|1n|1ag|1j|1m|1ah|1d|1e,7,4.079381057049157,1a|1af|1aj|1ak|1f|1h|1r
29.145813022010216,,,oxygen-heteroaryl-fused,stage2p_plus_stage2pp,,2,oxygen-heteroaryl-fused,lightgbm,61.0,61.0,,90.14581302201022,108.1442009217285,88.23366171904667,112.15561995618192,87.78366171904668,29.145813022010216,"{""learning_rate"": 0.1, ""n_estimators"": 25, ""num_leaves"": 3}",oxygen-heteroaryl-fused,family_holdout,ee,1p,29,1am|1i|1ae|1y|1ab|1s|1ao|1x|1l|1k|1al|1aa|1ac|1g|1w|1u|1c|1o|1t|1v|1ai|1b|1n|1ag|1j|1m|1ah|1d|1e,7,6.220234505151808,1a|1af|1aj|1ak|1f|1h|1r
0.19700701365601958,,,oxygen-heteroaryl-fused,stage2p_plus_stage2pp,,2,oxygen-heteroaryl-fused,lightgbm,90.0,90.0,,89.80299298634398,107.80138088606225,87.89084168338043,111.81279992051569,87.44084168338044,-0.19700701365601958,"{""learning_rate"": 0.1, ""n_estimators"": 25, ""num_leaves"": 3}",oxygen-heteroaryl-fused,family_holdout,ee,1q,29,1am|1i|1ae|1y|1ab|1s|1ao|1x|1l|1k|1al|1aa|1ac|1g|1w|1u|1c|1o|1t|1v|1ai|1b|1n|1ag|1j|1m|1ah|1d|1e,7,6.220234505151808,1a|1af|1aj|1ak|1f|1h|1r
20.758636645999715,111.01918130561762,52.49809198638181,oxygen-heteroaryl-fused,stage2p_plus_stage2pp,14.928849316131585,2,oxygen-heteroaryl-fused,gaussian_process,61.0,61.0,,81.75863664599972,109.31725733565489,72.11725739542143,116.96725733565489,71.66725735059653,20.758636645999715,"{""alpha"": 1e-05, ""kernel"": ""1**2 * RBF(length_scale=2) + WhiteKernel(noise_level=10)""}",oxygen-heteroaryl-fused,family_holdout,ee,1p,29,1am|1i|1ae|1y|1ab|1s|1ao|1x|1l|1k|1al|1aa|1ac|1g|1w|1u|1c|1o|1t|1v|1ai|1b|1n|1ag|1j|1m|1ah|1d|1e,7,15.891625601508094,1a|1af|1aj|1ak|1f|1h|1r
8.241379310344826,111.0191653493086,52.498076030001755,oxygen-heteroaryl-fused,stage2p_plus_stage2pp,14.928849316149705,2,oxygen-heteroaryl-fused,gaussian_process,90.0,90.0,,81.75862068965517,109.31724137931036,72.11724143907689,116.96724137931034,71.66724139425199,-8.241379310344826,"{""alpha"": 1e-05, ""kernel"": ""1**2 * RBF(length_scale=2) + WhiteKernel(noise_level=10)""}",oxygen-heteroaryl-fused,family_holdout,ee,1q,29,1am|1i|1ae|1y|1ab|1s|1ao|1x|1l|1k|1al|1aa|1ac|1g|1w|1u|1c|1o|1t|1v|1ai|1b|1n|1ag|1j|1m|1ah|1d|1e,7,15.891625601508094,1a|1af|1aj|1ak|1f|1h|1r
6.087255009000501,,,oxygen-heterocycle-fused,stage2p_plus_stage2pp,,3,oxygen-heterocycle-fused,ridge_regression,91.0,91.0,,84.9127449909995,92.85585984003619,69.95071168700322,101.49626983707759,66.88596199706151,-6.087255009000501,"{""alpha"": 1000.0}",oxygen-heterocycle-fused,family_holdout,ee,1r,28,1am|1i|1p|1ao|1ab|1af|1x|1u|1k|1aj|1aa|1l|1ac|1g|1y|1c|1w|1o|1q|1v|1ai|1b|1ag|1n|1j|1m|1ah|1d,7,8.892027565637317,1a|1ae|1ak|1al|1e|1f|1h
10.135906192357723,,,oxygen-heterocycle-fused,stage2p_plus_stage2pp,,3,oxygen-heterocycle-fused,ridge_regression,80.0,80.0,,90.13590619235772,98.07902104139441,75.17387288836144,106.71943103843581,72.10912319841972,10.135906192357723,"{""alpha"": 1000.0}",oxygen-heterocycle-fused,family_holdout,ee,1s,28,1am|1i|1p|1ao|1ab|1af|1x|1u|1k|1aj|1aa|1l|1ac|1g|1y|1c|1w|1o|1q|1v|1ai|1b|1ag|1n|1j|1m|1ah|1d,7,8.892027565637317,1a|1ae|1ak|1al|1e|1f|1h
5.208276634238885,,,oxygen-heterocycle-fused,stage2p_plus_stage2pp,,3,oxygen-heterocycle-fused,ridge_regression,91.0,91.0,,85.79172336576111,93.7348382147978,70.82969006176484,102.3752482118392,67.76494037182312,-5.208276634238885,"{""alpha"": 1000.0}",oxygen-heterocycle-fused,family_holdout,ee,1t,28,1am|1i|1p|1ao|1ab|1af|1x|1u|1k|1aj|1aa|1l|1ac|1g|1y|1c|1w|1o|1q|1v|1ai|1b|1ag|1n|1j|1m|1ah|1d,7,8.892027565637317,1a|1ae|1ak|1al|1e|1f|1h
8.416193288115565,,,oxygen-heterocycle-fused,stage2p_plus_stage2pp,,3,oxygen-heterocycle-fused,elastic_net,91.0,91.0,,82.58380671188444,89.32382393550925,65.49170524282789,94.56548050966744,63.6338819932122,-8.416193288115565,"{""alpha"": 0.1, ""l1_ratio"": 0.2}",oxygen-heterocycle-fused,family_holdout,ee,1r,28,1am|1i|1p|1ao|1ab|1af|1x|1u|1k|1aj|1aa|1l|1ac|1g|1y|1c|1w|1o|1q|1v|1ai|1b|1ag|1n|1j|1m|1ah|1d,7,8.075359048720516,1a|1ae|1ak|1al|1e|1f|1h
11.031420919569456,,,oxygen-heterocycle-fused,stage2p_plus_stage2pp,,3,oxygen-heterocycle-fused,elastic_net,80.0,80.0,,91.03142091956946,97.77143814319427,73.93931945051291,103.01309471735246,72.08149620089722,11.031420919569456,"{""alpha"": 0.1, ""l1_ratio"": 0.2}",oxygen-heterocycle-fused,family_holdout,ee,1s,28,1am|1i|1p|1ao|1ab|1af|1x|1u|1k|1aj|1aa|1l|1ac|1g|1y|1c|1w|1o|1q|1v|1ai|1b|1ag|1n|1j|1m|1ah|1d,7,8.075359048720516,1a|1ae|1ak|1al|1e|1f|1h
4.427407851506359,,,oxygen-heterocycle-fused,stage2p_plus_stage2pp,,3,oxygen-heterocycle-fused,elastic_net,91.0,91.0,,86.57259214849364,93.31260937211846,69.4804906794371,98.55426594627664,67.6226674298214,-4.427407851506359,"{""alpha"": 0.1, ""l1_ratio"": 0.2}",oxygen-heterocycle-fused,family_holdout,ee,1t,28,1am|1i|1p|1ao|1ab|1af|1x|1u|1k|1aj|1aa|1l|1ac|1g|1y|1c|1w|1o|1q|1v|1ai|1b|1ag|1n|1j|1m|1ah|1d,7,8.075359048720516,1a|1ae|1ak|1al|1e|1f|1h
7.664570816148498,,,oxygen-heterocycle-fused,stage2p_plus_stage2pp,,3,oxygen-heterocycle-fused,lightgbm,91.0,91.0,,83.3354291838515,90.48330840471299,76.9742472830047,96.0351798748857,76.72949334036255,-7.664570816148498,"{""learning_rate"": 0.1, ""n_estimators"": 25, ""num_leaves"": 7}",oxygen-heterocycle-fused,family_holdout,ee,1r,28,1am|1i|1p|1ao|1ab|1af|1x|1u|1k|1aj|1aa|1l|1ac|1g|1y|1c|1w|1o|1q|1v|1ai|1b|1ag|1n|1j|1m|1ah|1d,7,4.557898589024826,1a|1ae|1ak|1al|1e|1f|1h
10.309791834234261,,,oxygen-heterocycle-fused,stage2p_plus_stage2pp,,3,oxygen-heterocycle-fused,lightgbm,80.0,80.0,,90.30979183423426,97.45767105509574,83.94860993338746,103.00954252526846,83.70385599074531,10.309791834234261,"{""learning_rate"": 0.1, ""n_estimators"": 25, ""num_leaves"": 7}",oxygen-heterocycle-fused,family_holdout,ee,1s,28,1am|1i|1p|1ao|1ab|1af|1x|1u|1k|1aj|1aa|1l|1ac|1g|1y|1c|1w|1o|1q|1v|1ai|1b|1ag|1n|1j|1m|1ah|1d,7,4.557898589024826,1a|1ae|1ak|1al|1e|1f|1h
8.686832074043906,,,oxygen-heterocycle-fused,stage2p_plus_stage2pp,,3,oxygen-heterocycle-fused,lightgbm,91.0,91.0,,82.3131679259561,89.46104714681758,75.95198602510929,95.01291861699029,75.70723208246714,-8.686832074043906,"{""learning_rate"": 0.1, ""n_estimators"": 25, ""num_leaves"": 7}",oxygen-heterocycle-fused,family_holdout,ee,1t,28,1am|1i|1p|1ao|1ab|1af|1x|1u|1k|1aj|1aa|1l|1ac|1g|1y|1c|1w|1o|1q|1v|1ai|1b|1ag|1n|1j|1m|1ah|1d,7,4.557898589024826,1a|1ae|1ak|1al|1e|1f|1h
11.07142857142857,112.27871118444364,47.57843167269922,oxygen-heterocycle-fused,stage2p_plus_stage2pp,16.505173344832762,3,oxygen-heterocycle-fused,gaussian_process,91.0,91.0,,79.92857142857143,99.65714285714287,67.85714285714286,105.05714285714285,67.85714285714286,-11.07142857142857,"{""alpha"": 1e-05, ""kernel"": ""1**2 * RBF(length_scale=0.5) + WhiteKernel(noise_level=1)""}",oxygen-heterocycle-fused,family_holdout,ee,1r,28,1am|1i|1p|1ao|1ab|1af|1x|1u|1k|1aj|1aa|1l|1ac|1g|1y|1c|1w|1o|1q|1v|1ai|1b|1ag|1n|1j|1m|1ah|1d,7,13.295918367346939,1a|1ae|1ak|1al|1e|1f|1h
0.0714285714285694,112.27871118444364,47.57843167269922,oxygen-heterocycle-fused,stage2p_plus_stage2pp,16.505173344832762,3,oxygen-heterocycle-fused,gaussian_process,80.0,80.0,,79.92857142857143,99.65714285714287,67.85714285714286,105.05714285714285,67.85714285714286,-0.0714285714285694,"{""alpha"": 1e-05, ""kernel"": ""1**2 * RBF(length_scale=0.5) + WhiteKernel(noise_level=1)""}",oxygen-heterocycle-fused,family_holdout,ee,1s,28,1am|1i|1p|1ao|1ab|1af|1x|1u|1k|1aj|1aa|1l|1ac|1g|1y|1c|1w|1o|1q|1v|1ai|1b|1ag|1n|1j|1m|1ah|1d,7,13.295918367346939,1a|1ae|1ak|1al|1e|1f|1h
11.07142857142857,112.27871118444364,47.57843167269922,oxygen-heterocycle-fused,stage2p_plus_stage2pp,16.505173344832762,3,oxygen-heterocycle-fused,gaussian_process,91.0,91.0,,79.92857142857143,99.65714285714287,67.85714285714286,105.05714285714285,67.85714285714286,-11.07142857142857,"{""alpha"": 1e-05, ""kernel"": ""1**2 * RBF(length_scale=0.5) + WhiteKernel(noise_level=1)""}",oxygen-heterocycle-fused,family_holdout,ee,1t,28,1am|1i|1p|1ao|1ab|1af|1x|1u|1k|1aj|1aa|1l|1ac|1g|1y|1c|1w|1o|1q|1v|1ai|1b|1ag|1n|1j|1m|1ah|1d,7,13.295918367346939,1a|1ae|1ak|1al|1e|1f|1h
27.68312932229206,,,polycyclic-aryl,stage2p_plus_stage2pp,,1,polycyclic-aryl,ridge_regression,91.0,91.0,,63.31687067770794,69.10264281788957,42.36060036480653,70.58357618906871,36.71936685997464,-27.68312932229206,"{""alpha"": 10.0}",polycyclic-aryl,family_holdout,ee,1n,30,1am|1i|1p|1ao|1ab|1af|1x|1u|1l|1aj|1aa|1k|1s|1ac|1g|1y|1c|1o|1w|1t|1q|1v|1ai|1b|1ag|1j|1m|1ah|1d|1e,7,9.950017148670966,1a|1ae|1ak|1al|1f|1h|1r
24.63629549924653,,,polycyclic-aryl,stage2p_plus_stage2pp,,1,polycyclic-aryl,elastic_net,91.0,91.0,,66.36370450075347,73.7545779759179,49.555739542009114,75.71142286954458,36.635327178245014,-24.63629549924653,"{""alpha"": 0.1, ""l1_ratio"": 1.0}",polycyclic-aryl,family_holdout,ee,1n,30,1am|1i|1p|1ao|1ab|1af|1x|1u|1l|1aj|1aa|1k|1s|1ac|1g|1y|1c|1o|1w|1t|1q|1v|1ai|1b|1ag|1j|1m|1ah|1d|1e,7,8.150885269178213,1a|1ae|1ak|1al|1f|1h|1r
7.003828298075433,,,polycyclic-aryl,stage2p_plus_stage2pp,,1,polycyclic-aryl,lightgbm,91.0,91.0,,83.99617170192457,93.35612970663624,80.68543209066732,97.66529422696672,79.73573359808574,-7.003828298075433,"{""learning_rate"": 0.03, ""n_estimators"": 75, ""num_leaves"": 7}",polycyclic-aryl,family_holdout,ee,1n,30,1am|1i|1p|1ao|1ab|1af|1x|1u|1l|1aj|1aa|1k|1s|1ac|1g|1y|1c|1o|1w|1t|1q|1v|1ai|1b|1ag|1j|1m|1ah|1d|1e,7,4.369536750751915,1a|1ae|1ak|1al|1f|1h|1r
10.666666666666671,111.87368542301073,48.79298124365593,polycyclic-aryl,stage2p_plus_stage2pp,16.092016372284387,1,polycyclic-aryl,gaussian_process,91.0,91.0,,80.33333333333333,100.46666666666667,69.26666670735268,105.86666666666665,68.81666667683817,-10.666666666666671,"{""alpha"": 1e-05, ""kernel"": ""1**2 * RBF(length_scale=2) + WhiteKernel(noise_level=10)""}",polycyclic-aryl,family_holdout,ee,1n,30,1am|1i|1p|1ao|1ab|1af|1x|1u|1l|1aj|1aa|1k|1s|1ac|1g|1y|1c|1o|1w|1t|1q|1v|1ai|1b|1ag|1j|1m|1ah|1d|1e,7,13.095238085550946,1a|1ae|1ak|1al|1f|1h|1r
6.698410082646092,,,silyl-alkyl-aryl,stage2p_plus_stage2pp,,1,silyl-alkyl-aryl,ridge_regression,67.0,67.0,,60.30158991735391,73.9998359420751,51.943198380877725,78.83610518710604,50.33687767665889,-6.698410082646092,"{""alpha"": 100.0}",silyl-alkyl-aryl,family_holdout,ee,1ac,30,1l|1am|1af|1y|1s|1ao|1x|1i|1ab|1p|1k|1aa|1al|1ai|1t|1v|1f|1b|1u|1w|1o|1q|1h|1ag|1n|1m|1j|1ah|1c|1e,7,7.798487874395372,1a|1ae|1aj|1ak|1d|1g|1r
25.87466076533758,,,silyl-alkyl-aryl,stage2p_plus_stage2pp,,1,silyl-alkyl-aryl,elastic_net,67.0,67.0,,41.12533923466242,52.014621055755285,32.98276828736391,58.59559515141532,32.479365668905984,-25.87466076533758,"{""alpha"": 1.0, ""l1_ratio"": 1.0}",silyl-alkyl-aryl,family_holdout,ee,1ac,30,1l|1am|1af|1y|1s|1ao|1x|1i|1ab|1p|1k|1aa|1al|1ai|1t|1v|1f|1b|1u|1w|1o|1q|1h|1ag|1n|1m|1j|1ah|1c|1e,7,7.15480515931115,1a|1ae|1aj|1ak|1d|1g|1r
5.372223887886676,,,silyl-alkyl-aryl,stage2p_plus_stage2pp,,1,silyl-alkyl-aryl,lightgbm,67.0,67.0,,72.37222388788668,92.5560176234553,63.30581518748717,92.6322356270744,53.85930110888221,5.372223887886676,"{""learning_rate"": 0.1, ""n_estimators"": 25, ""num_leaves"": 3}",silyl-alkyl-aryl,family_holdout,ee,1ac,30,1l|1am|1af|1y|1s|1ao|1x|1i|1ab|1p|1k|1aa|1al|1ai|1t|1v|1f|1b|1u|1w|1o|1q|1h|1ag|1n|1m|1j|1ah|1c|1e,7,11.280838691285924,1a|1ae|1aj|1ak|1d|1g|1r
15.099999999999994,110.60354226458747,53.596457735412514,silyl-alkyl-aryl,stage2p_plus_stage2pp,14.542623604381367,1,silyl-alkyl-aryl,gaussian_process,67.0,67.0,,82.1,114.79999999999998,72.80000001051559,118.85,72.35000000262889,15.099999999999994,"{""alpha"": 1e-05, ""kernel"": ""1**2 * RBF(length_scale=2) + WhiteKernel(noise_level=10)""}",silyl-alkyl-aryl,family_holdout,ee,1ac,30,1l|1am|1af|1y|1s|1ao|1x|1i|1ab|1p|1k|1aa|1al|1ai|1t|1v|1f|1b|1u|1w|1o|1q|1h|1ag|1n|1m|1j|1ah|1c|1e,7,16.98571428320278,1a|1ae|1aj|1ak|1d|1g|1r
3.3667339088023596,,,sulfur-heteroaryl,stage2p_plus_stage2pp,,1,sulfur-heteroaryl,ridge_regression,91.0,91.0,,87.63326609119764,93.40823519724154,69.09326825270134,96.23677345135384,68.68353479342727,-3.3667339088023596,"{""alpha"": 10.0}",sulfur-heteroaryl,family_holdout,ee,1v,30,1am|1i|1p|1ao|1ab|1af|1x|1u|1l|1aj|1aa|1k|1s|1ac|1g|1y|1c|1w|1t|1o|1q|1ai|1b|1ag|1n|1j|1m|1ah|1d|1f,7,8.655308283000958,1a|1ae|1ak|1al|1e|1h|1r
4.578047964120714,,,sulfur-heteroaryl,stage2p_plus_stage2pp,,1,sulfur-heteroaryl,elastic_net,91.0,91.0,,86.42195203587929,94.41483688799379,76.14789070409563,98.25993720901752,72.76154242622559,-4.578047964120714,"{""alpha"": 1.0, ""l1_ratio"": 1.0}",sulfur-heteroaryl,family_holdout,ee,1v,30,1am|1i|1p|1ao|1ab|1af|1x|1u|1l|1aj|1aa|1k|1s|1ac|1g|1y|1c|1w|1t|1o|1q|1ai|1b|1ag|1n|1j|1m|1ah|1d|1f,7,6.720450073337919,1a|1ae|1ak|1al|1e|1h|1r
1.038118672686693,,,sulfur-heteroaryl,stage2p_plus_stage2pp,,1,sulfur-heteroaryl,lightgbm,91.0,91.0,,89.96188132731331,93.54865613029338,84.85807515160297,96.50495422555953,83.05889243318082,-1.038118672686693,"{""learning_rate"": 0.1, ""n_estimators"": 75, ""num_leaves"": 3}",sulfur-heteroaryl,family_holdout,ee,1v,30,1am|1i|1p|1ao|1ab|1af|1x|1u|1l|1aj|1aa|1k|1s|1ac|1g|1y|1c|1w|1t|1o|1q|1ai|1b|1ag|1n|1j|1m|1ah|1d|1f,7,3.183639807627422,1a|1ae|1ak|1al|1e|1h|1r
10.733333333333334,111.72001591223318,48.81331742110016,sulfur-heteroaryl,stage2p_plus_stage2pp,16.04762716610536,1,sulfur-heteroaryl,gaussian_process,91.0,91.0,,80.26666666666667,100.33333333333334,68.53333333333333,105.73333333333332,68.53333333333333,-10.733333333333334,"{""alpha"": 1e-05, ""kernel"": ""1**2 * RBF(length_scale=2) + WhiteKernel(noise_level=10)""}",sulfur-heteroaryl,family_holdout,ee,1v,30,1am|1i|1p|1ao|1ab|1af|1x|1u|1l|1aj|1aa|1k|1s|1ac|1g|1y|1c|1w|1t|1o|1q|1ai|1b|1ag|1n|1j|1m|1ah|1d|1f,7,13.390476175507967,1a|1ae|1ak|1al|1e|1h|1r
28.757384231535994,,,sulfur-heteroaryl-fused,stage2p_plus_stage2pp,,2,sulfur-heteroaryl-fused,ridge_regression,92.0,92.0,,63.242615768464006,78.16254489606789,59.92906402876589,81.91719131343481,58.813692421139265,-28.757384231535994,"{""alpha"": 10.0}",sulfur-heteroaryl-fused,family_holdout,ee,1w,29,1am|1i|1p|1ao|1ab|1af|1e|1k|1s|1al|1y|1aa|1ac|1t|1v|1c|1o|1u|1q|1ai|1b|1m|1ag|1h|1n|1j|1ah|1f|1l,7,7.347380529243428,1a|1ae|1aj|1ak|1d|1g|1r
8.4563283623676,,,sulfur-heteroaryl-fused,stage2p_plus_stage2pp,,2,sulfur-heteroaryl-fused,ridge_regression,94.0,94.0,,85.5436716376324,100.46360076523628,82.23011989793429,104.2182471826032,81.11474829030766,-8.4563283623676,"{""alpha"": 10.0}",sulfur-heteroaryl-fused,family_holdout,ee,1x,29,1am|1i|1p|1ao|1ab|1af|1e|1k|1s|1al|1y|1aa|1ac|1t|1v|1c|1o|1u|1q|1ai|1b|1m|1ag|1h|1n|1j|1ah|1f|1l,7,7.347380529243428,1a|1ae|1aj|1ak|1d|1g|1r
33.32117877551197,,,sulfur-heteroaryl-fused,stage2p_plus_stage2pp,,2,sulfur-heteroaryl-fused,elastic_net,92.0,92.0,,58.67882122448803,68.49196705927078,56.216654331060305,71.0074557045304,54.119558568106726,-33.32117877551197,"{""alpha"": 0.1, ""l1_ratio"": 1.0}",sulfur-heteroaryl-fused,family_holdout,ee,1w,29,1am|1i|1p|1ao|1ab|1af|1e|1k|1s|1al|1y|1aa|1ac|1t|1v|1c|1o|1u|1q|1ai|1b|1m|1ag|1h|1n|1j|1ah|1f|1l,7,5.181801119997378,1a|1ae|1aj|1ak|1d|1g|1r
7.849728381898672,,,sulfur-heteroaryl-fused,stage2p_plus_stage2pp,,2,sulfur-heteroaryl-fused,elastic_net,94.0,94.0,,86.15027161810133,95.96341745288407,83.68810472467361,98.4789060981437,81.59100896172002,-7.849728381898672,"{""alpha"": 0.1, ""l1_ratio"": 1.0}",sulfur-heteroaryl-fused,family_holdout,ee,1x,29,1am|1i|1p|1ao|1ab|1af|1e|1k|1s|1al|1y|1aa|1ac|1t|1v|1c|1o|1u|1q|1ai|1b|1m|1ag|1h|1n|1j|1ah|1f|1l,7,5.181801119997378,1a|1ae|1aj|1ak|1d|1g|1r
26.790227760976222,,,sulfur-heteroaryl-fused,stage2p_plus_stage2pp,,2,sulfur-heteroaryl-fused,lightgbm,92.0,92.0,,65.20977223902378,77.04796043946382,57.40679221668333,78.41886230617214,51.15240812366132,-26.790227760976222,"{""learning_rate"": 0.1, ""n_estimators"": 75, ""num_leaves"": 7}",sulfur-heteroaryl-fused,family_holdout,ee,1w,29,1am|1i|1p|1ao|1ab|1af|1e|1k|1s|1al|1y|1aa|1ac|1t|1v|1c|1o|1u|1q|1ai|1b|1m|1ag|1h|1n|1j|1ah|1f|1l,7,7.793117564021899,1a|1ae|1aj|1ak|1d|1g|1r
8.20974404612926,,,sulfur-heteroaryl-fused,stage2p_plus_stage2pp,,2,sulfur-heteroaryl-fused,lightgbm,94.0,94.0,,85.79025595387074,97.62844415431078,77.98727593153029,98.99934602101911,71.73289183850828,-8.20974404612926,"{""learning_rate"": 0.1, ""n_estimators"": 75, ""num_leaves"": 7}",sulfur-heteroaryl-fused,family_holdout,ee,1x,29,1am|1i|1p|1ao|1ab|1af|1e|1k|1s|1al|1y|1aa|1ac|1t|1v|1c|1o|1u|1q|1ai|1b|1m|1ag|1h|1n|1j|1ah|1f|1l,7,7.793117564021899,1a|1ae|1aj|1ak|1d|1g|1r
11.17242145349276,109.68429114672915,51.97086594628533,sulfur-heteroaryl-fused,stage2p_plus_stage2pp,14.722812551133627,2,sulfur-heteroaryl-fused,gaussian_process,92.0,92.0,,80.82757854650724,112.25516475340379,70.25516478778418,116.3051647534038,69.8051647619989,-11.17242145349276,"{""alpha"": 1e-05, ""kernel"": ""1**2 * RBF(length_scale=2) + WhiteKernel(noise_level=10)""}",sulfur-heteroaryl-fused,family_holdout,ee,1w,29,1am|1i|1p|1ao|1ab|1af|1e|1k|1s|1al|1y|1aa|1ac|1t|1v|1c|1o|1u|1q|1ai|1b|1m|1ag|1h|1n|1j|1ah|1f|1l,7,17.16748767652977,1a|1ae|1aj|1ak|1d|1g|1r
13.172413793103445,109.68429880712061,51.9708736066725,sulfur-heteroaryl-fused,stage2p_plus_stage2pp,14.722812551134725,2,sulfur-heteroaryl-fused,gaussian_process,94.0,94.0,,80.82758620689656,112.2551724137931,70.2551724481735,116.30517241379312,69.80517242238821,-13.172413793103445,"{""alpha"": 1e-05, ""kernel"": ""1**2 * RBF(length_scale=2) + WhiteKernel(noise_level=10)""}",sulfur-heteroaryl-fused,family_holdout,ee,1x,29,1am|1i|1p|1ao|1ab|1af|1e|1k|1s|1al|1y|1aa|1ac|1t|1v|1c|1o|1u|1q|1ai|1b|1m|1ag|1h|1n|1j|1ah|1f|1l,7,17.16748767652977,1a|1ae|1aj|1ak|1d|1g|1r
0.6738775218270661,,,sulfur-heterocycle-fused,stage2p_plus_stage2pp,,1,sulfur-heterocycle-fused,ridge_regression,91.0,91.0,,91.67387752182707,97.10857053983551,74.2011163550395,102.75883125984069,73.80892367997163,0.6738775218270661,"{""alpha"": 100.0}",sulfur-heterocycle-fused,family_holdout,ee,1y,30,1am|1i|1p|1ao|1ab|1af|1x|1u|1l|1aj|1aa|1k|1s|1ac|1g|1c|1o|1w|1t|1q|1v|1ai|1b|1ag|1n|1j|1m|1ah|1d|1e,7,8.65141791304274,1a|1ae|1ak|1al|1f|1h|1r
3.745554889551002,,,sulfur-heterocycle-fused,stage2p_plus_stage2pp,,1,sulfur-heterocycle-fused,elastic_net,91.0,91.0,,94.745554889551,102.07642224521234,79.86209305012194,107.05543156194516,77.44017242767231,3.745554889551002,"{""alpha"": 0.1, ""l1_ratio"": 0.2}",sulfur-heterocycle-fused,family_holdout,ee,1y,30,1am|1i|1p|1ao|1ab|1af|1x|1u|1l|1aj|1aa|1k|1s|1ac|1g|1c|1o|1w|1t|1q|1v|1ai|1b|1ag|1n|1j|1m|1ah|1d|1e,7,7.860284732610828,1a|1ae|1ak|1al|1f|1h|1r
1.5211030652574493,,,sulfur-heterocycle-fused,stage2p_plus_stage2pp,,1,sulfur-heterocycle-fused,lightgbm,91.0,91.0,,89.47889693474255,97.39692725771816,87.58478419495579,100.32710302440904,87.13475189897068,-1.5211030652574493,"{""learning_rate"": 0.1, ""n_estimators"": 25, ""num_leaves"": 7}",sulfur-heterocycle-fused,family_holdout,ee,1y,30,1am|1i|1p|1ao|1ab|1af|1x|1u|1l|1aj|1aa|1k|1s|1ac|1g|1c|1o|1w|1t|1q|1v|1ai|1b|1ag|1n|1j|1m|1ah|1d|1e,7,3.354023930462298,1a|1ae|1ak|1al|1f|1h|1r
10.666666666665051,111.87376340364,48.7929032630299,sulfur-heterocycle-fused,stage2p_plus_stage2pp,16.0920561583189,1,sulfur-heterocycle-fused,gaussian_process,91.0,91.0,,80.33333333333495,100.46666666666829,69.26666676184388,105.86666666666827,68.81666669046217,-10.666666666665051,"{""alpha"": 1e-05, ""kernel"": ""1**2 * RBF(length_scale=2) + WhiteKernel(noise_level=10)""}",sulfur-heterocycle-fused,family_holdout,ee,1y,30,1am|1i|1p|1ao|1ab|1af|1x|1u|1l|1aj|1aa|1k|1s|1ac|1g|1c|1o|1w|1t|1q|1v|1ai|1b|1ag|1n|1j|1m|1ah|1d|1e,7,13.09523807257724,1a|1ae|1ak|1al|1f|1h|1r
7.476728080264479,,,alkyl-aryl-chain,stage2_alt_plus_stage2pp,,2,alkyl-aryl-chain,ridge_regression,50.0,50.0,,57.47672808026448,58.77173847513581,51.43457188147421,58.80582352689958,49.868059932306146,7.476728080264479,"{""alpha"": 10.0}",alkyl-aryl-chain,family_holdout,ee,1ah,29,1am|1i|1p|1ao|1ab|1af|1x|1u|1l|1aj|1aa|1k|1s|1ac|1g|1y|1c|1t|1w|1o|1q|1v|1b|1ag|1n|1j|1m|1d|1e,7,2.708209200612095,1a|1ae|1ak|1al|1f|1h|1r
20.406424189027007,,,alkyl-aryl-chain,stage2_alt_plus_stage2pp,,2,alkyl-aryl-chain,ridge_regression,50.0,50.0,,70.406424189027,71.70143458389835,64.36426799023674,71.73551963566211,62.79775604106867,20.406424189027007,"{""alpha"": 10.0}",alkyl-aryl-chain,family_holdout,ee,1ai,29,1am|1i|1p|1ao|1ab|1af|1x|1u|1l|1aj|1aa|1k|1s|1ac|1g|1y|1c|1t|1w|1o|1q|1v|1b|1ag|1n|1j|1m|1d|1e,7,2.708209200612095,1a|1ae|1ak|1al|1f|1h|1r
7.108097023616395,,,alkyl-aryl-chain,stage2_alt_plus_stage2pp,,2,alkyl-aryl-chain,elastic_net,50.0,50.0,,57.108097023616395,62.203000678071554,55.721646613894606,65.90870923654556,54.83807380162983,7.108097023616395,"{""alpha"": 1.0, ""l1_ratio"": 1.0}",alkyl-aryl-chain,family_holdout,ee,1ah,29,1am|1i|1p|1ao|1ab|1af|1x|1u|1l|1aj|1aa|1k|1s|1ac|1g|1y|1c|1t|1w|1o|1q|1v|1b|1ag|1n|1j|1m|1d|1e,7,2.3358235396991978,1a|1ae|1ak|1al|1f|1h|1r
23.821424117119832,,,alkyl-aryl-chain,stage2_alt_plus_stage2pp,,2,alkyl-aryl-chain,elastic_net,50.0,50.0,,73.82142411711983,78.91632777157498,72.43497370739804,82.622036330049,71.55140089513327,23.821424117119832,"{""alpha"": 1.0, ""l1_ratio"": 1.0}",alkyl-aryl-chain,family_holdout,ee,1ai,29,1am|1i|1p|1ao|1ab|1af|1x|1u|1l|1aj|1aa|1k|1s|1ac|1g|1y|1c|1t|1w|1o|1q|1v|1b|1ag|1n|1j|1m|1d|1e,7,2.3358235396991978,1a|1ae|1ak|1al|1f|1h|1r
11.516457282535697,,,alkyl-aryl-chain,stage2_alt_plus_stage2pp,,2,alkyl-aryl-chain,lightgbm,50.0,50.0,,61.5164572825357,69.63707103140891,57.25168540315144,75.14243643122829,56.24053474019799,11.516457282535697,"{""learning_rate"": 0.1, ""n_estimators"": 25, ""num_leaves"": 7}",alkyl-aryl-chain,family_holdout,ee,1ah,29,1am|1i|1p|1ao|1ab|1af|1x|1u|1l|1aj|1aa|1k|1s|1ac|1g|1y|1c|1t|1w|1o|1q|1v|1b|1ag|1n|1j|1m|1d|1e,7,4.288064543351227,1a|1ae|1ak|1al|1f|1h|1r
17.90569383584615,,,alkyl-aryl-chain,stage2_alt_plus_stage2pp,,2,alkyl-aryl-chain,lightgbm,50.0,50.0,,67.90569383584615,76.02630758471936,63.640921956461895,81.53167298453874,62.62977129350844,17.90569383584615,"{""learning_rate"": 0.1, ""n_estimators"": 25, ""num_leaves"": 7}",alkyl-aryl-chain,family_holdout,ee,1ai,29,1am|1i|1p|1ao|1ab|1af|1x|1u|1l|1aj|1aa|1k|1s|1ac|1g|1y|1c|1t|1w|1o|1q|1v|1b|1ag|1n|1j|1m|1d|1e,7,4.288064543351227,1a|1ae|1ak|1al|1f|1h|1r
32.79310344827586,110.67061597293888,54.91559092361284,alkyl-aryl-chain,stage2_alt_plus_stage2pp,14.223220675848477,2,alkyl-aryl-chain,gaussian_process,50.0,50.0,,82.79310344827586,105.38620689655173,74.18620689655171,110.7862068965517,73.73620689655172,32.79310344827586,"{""alpha"": 1e-05, ""kernel"": ""1**2 * RBF(length_scale=2) + WhiteKernel(noise_level=1)""}",alkyl-aryl-chain,family_holdout,ee,1ah,29,1am|1i|1p|1ao|1ab|1af|1x|1u|1l|1aj|1aa|1k|1s|1ac|1g|1y|1c|1t|1w|1o|1q|1v|1b|1ag|1n|1j|1m|1d|1e,7,12.743842364532018,1a|1ae|1ak|1al|1f|1h|1r
32.79310344827586,110.67061597293888,54.91559092361284,alkyl-aryl-chain,stage2_alt_plus_stage2pp,14.223220675848477,2,alkyl-aryl-chain,gaussian_process,50.0,50.0,,82.79310344827586,105.38620689655173,74.18620689655171,110.7862068965517,73.73620689655172,32.79310344827586,"{""alpha"": 1e-05, ""kernel"": ""1**2 * RBF(length_scale=2) + WhiteKernel(noise_level=1)""}",alkyl-aryl-chain,family_holdout,ee,1ai,29,1am|1i|1p|1ao|1ab|1af|1x|1u|1l|1aj|1aa|1k|1s|1ac|1g|1y|1c|1t|1w|1o|1q|1v|1b|1ag|1n|1j|1m|1d|1e,7,12.743842364532018,1a|1ae|1ak|1al|1f|1h|1r
0.11398977405940514,,,branched-diaryl-alkyl,stage2_alt_plus_stage2pp,,1,branched-diaryl-alkyl,ridge_regression,72.0,72.0,,71.8860102259406,79.71482452281816,70.05205100735941,81.543094113972,66.94930725484147,-0.11398977405940514,"{""alpha"": 10.0}",branched-diaryl-alkyl,family_holdout,ee,1ao,30,1l|1am|1af|1y|1s|1x|1i|1ab|1p|1aa|1k|1al|1ac|1g|1u|1c|1t|1w|1o|1q|1v|1ai|1b|1ag|1n|1j|1m|1ah|1d|1f,7,4.504785672583645,1a|1ae|1aj|1ak|1e|1h|1r
3.1525929005666313,,,branched-diaryl-alkyl,stage2_alt_plus_stage2pp,,1,branched-diaryl-alkyl,elastic_net,72.0,72.0,,68.84740709943337,77.71534272952363,65.98694647812864,85.33817074525214,63.03547082762667,-3.1525929005666313,"{""alpha"": 0.1, ""l1_ratio"": 1.0}",branched-diaryl-alkyl,family_holdout,ee,1ao,30,1l|1am|1af|1y|1s|1x|1i|1ab|1p|1aa|1k|1al|1ac|1g|1u|1c|1t|1w|1o|1q|1v|1ai|1b|1ag|1n|1j|1m|1ah|1d|1f,7,4.458767896279816,1a|1ae|1aj|1ak|1e|1h|1r
0.9454966940263461,,,branched-diaryl-alkyl,stage2_alt_plus_stage2pp,,1,branched-diaryl-alkyl,lightgbm,72.0,72.0,,72.94549669402635,96.00833089483254,62.33175614453845,100.79464741989004,53.340809596225576,0.9454966940263461,"{""learning_rate"": 0.1, ""n_estimators"": 75, ""num_leaves"": 3}",branched-diaryl-alkyl,family_holdout,ee,1ao,30,1l|1am|1af|1y|1s|1x|1i|1ab|1p|1aa|1k|1al|1ac|1g|1u|1c|1t|1w|1o|1q|1v|1ai|1b|1ag|1n|1j|1m|1ah|1d|1f,7,10.707218302570023,1a|1ae|1aj|1ak|1e|1h|1r
9.86666666666666,110.56890934304074,53.164423990292576,branched-diaryl-alkyl,stage2_alt_plus_stage2pp,14.644001365496983,1,branched-diaryl-alkyl,gaussian_process,72.0,72.0,,81.86666666666666,114.33333333333331,71.73333333333332,118.38333333333333,71.73333333333332,9.86666666666666,"{""alpha"": 1e-05, ""kernel"": ""1**2 * RBF(length_scale=0.5) + WhiteKernel(noise_level=1)""}",branched-diaryl-alkyl,family_holdout,ee,1ao,30,1l|1am|1af|1y|1s|1x|1i|1ab|1p|1aa|1k|1al|1ac|1g|1u|1c|1t|1w|1o|1q|1v|1ai|1b|1ag|1n|1j|1m|1ah|1d|1f,7,17.304761904761907,1a|1ae|1aj|1ak|1e|1h|1r
20.71663036095282,,,carbonyl-alkyl-aryl,stage2_alt_plus_stage2pp,,3,carbonyl-alkyl-aryl,ridge_regression,53.0,53.0,,73.71663036095282,72.62658935423046,61.519510852060634,73.05120868716752,60.570326016934565,20.71663036095282,"{""alpha"": 1000.0}",carbonyl-alkyl-aryl,family_holdout,ee,1ae,28,1am|1i|1p|1ao|1ab|1x|1u|1l|1aj|1d|1aa|1s|1ac|1j|1y|1v|1f|1o|1t|1w|1b|1q|1ai|1h|1m|1n|1ah|1c,7,6.536272623065685,1a|1ak|1al|1e|1g|1k|1r
19.91814574822608,,,carbonyl-alkyl-aryl,stage2_alt_plus_stage2pp,,3,carbonyl-alkyl-aryl,ridge_regression,61.0,61.0,,80.91814574822608,79.82810474150372,68.7210262393339,80.25272407444078,67.77184140420783,19.91814574822608,"{""alpha"": 1000.0}",carbonyl-alkyl-aryl,family_holdout,ee,1af,28,1am|1i|1p|1ao|1ab|1x|1u|1l|1aj|1d|1aa|1s|1ac|1j|1y|1v|1f|1o|1t|1w|1b|1q|1ai|1h|1m|1n|1ah|1c,7,6.536272623065685,1a|1ak|1al|1e|1g|1k|1r
7.164598356885193,,,carbonyl-alkyl-aryl,stage2_alt_plus_stage2pp,,3,carbonyl-alkyl-aryl,ridge_regression,90.0,90.0,,82.8354016431148,81.74536063639245,70.63828213422262,82.1699799693295,69.68909729909656,-7.164598356885193,"{""alpha"": 1000.0}",carbonyl-alkyl-aryl,family_holdout,ee,1ag,28,1am|1i|1p|1ao|1ab|1x|1u|1l|1aj|1d|1aa|1s|1ac|1j|1y|1v|1f|1o|1t|1w|1b|1q|1ai|1h|1m|1n|1ah|1c,7,6.536272623065685,1a|1ak|1al|1e|1g|1k|1r
18.696946102295527,,,carbonyl-alkyl-aryl,stage2_alt_plus_stage2pp,,3,carbonyl-alkyl-aryl,elastic_net,53.0,53.0,,71.69694610229553,69.57278594068676,63.76413895261059,70.3009277606751,61.82980405834665,18.696946102295527,"{""alpha"": 1.0, ""l1_ratio"": 0.8}",carbonyl-alkyl-aryl,family_holdout,ee,1ae,28,1am|1i|1p|1ao|1ab|1x|1u|1l|1aj|1d|1aa|1s|1ac|1j|1y|1v|1f|1o|1t|1w|1b|1q|1ai|1h|1m|1n|1ah|1c,7,4.801142570551694,1a|1ak|1al|1e|1g|1k|1r
20.80324241289803,,,carbonyl-alkyl-aryl,stage2_alt_plus_stage2pp,,3,carbonyl-alkyl-aryl,elastic_net,61.0,61.0,,81.80324241289803,79.67908225128926,73.8704352632131,80.4072240712776,71.93610036894916,20.80324241289803,"{""alpha"": 1.0, ""l1_ratio"": 0.8}",carbonyl-alkyl-aryl,family_holdout,ee,1af,28,1am|1i|1p|1ao|1ab|1x|1u|1l|1aj|1d|1aa|1s|1ac|1j|1y|1v|1f|1o|1t|1w|1b|1q|1ai|1h|1m|1n|1ah|1c,7,4.801142570551694,1a|1ak|1al|1e|1g|1k|1r
5.458290612598944,,,carbonyl-alkyl-aryl,stage2_alt_plus_stage2pp,,3,carbonyl-alkyl-aryl,elastic_net,90.0,90.0,,84.54170938740106,82.41754922579229,76.60890223771612,83.14569104578062,74.67456734345218,-5.458290612598944,"{""alpha"": 1.0, ""l1_ratio"": 0.8}",carbonyl-alkyl-aryl,family_holdout,ee,1ag,28,1am|1i|1p|1ao|1ab|1x|1u|1l|1aj|1d|1aa|1s|1ac|1j|1y|1v|1f|1o|1t|1w|1b|1q|1ai|1h|1m|1n|1ah|1c,7,4.801142570551694,1a|1ak|1al|1e|1g|1k|1r
30.351675331267103,,,carbonyl-alkyl-aryl,stage2_alt_plus_stage2pp,,3,carbonyl-alkyl-aryl,lightgbm,53.0,53.0,,83.3516753312671,81.21901593693529,68.4468753384949,81.75876245765086,65.93234257492269,30.351675331267103,"{""learning_rate"": 0.03, ""n_estimators"": 75, ""num_leaves"": 3}",carbonyl-alkyl-aryl,family_holdout,ee,1ae,28,1am|1i|1p|1ao|1ab|1x|1u|1l|1aj|1d|1aa|1s|1ac|1j|1y|1v|1f|1o|1t|1w|1b|1q|1ai|1h|1m|1n|1ah|1c,7,6.881462543289863,1a|1ak|1al|1e|1g|1k|1r
12.87026226581844,,,carbonyl-alkyl-aryl,stage2_alt_plus_stage2pp,,3,carbonyl-alkyl-aryl,lightgbm,61.0,61.0,,73.87026226581844,71.73760287148663,58.96546227304624,72.2773493922022,56.45092950947402,12.87026226581844,"{""learning_rate"": 0.03, ""n_estimators"": 75, ""num_leaves"": 3}",carbonyl-alkyl-aryl,family_holdout,ee,1af,28,1am|1i|1p|1ao|1ab|1x|1u|1l|1aj|1d|1aa|1s|1ac|1j|1y|1v|1f|1o|1t|1w|1b|1q|1ai|1h|1m|1n|1ah|1c,7,6.881462543289863,1a|1ak|1al|1e|1g|1k|1r
19.50266221415643,,,carbonyl-alkyl-aryl,stage2_alt_plus_stage2pp,,3,carbonyl-alkyl-aryl,lightgbm,90.0,90.0,,70.49733778584357,68.36467839151176,55.59253779307137,68.90442491222733,53.07800502949915,-19.50266221415643,"{""learning_rate"": 0.03, ""n_estimators"": 75, ""num_leaves"": 3}",carbonyl-alkyl-aryl,family_holdout,ee,1ag,28,1am|1i|1p|1ao|1ab|1x|1u|1l|1aj|1d|1aa|1s|1ac|1j|1y|1v|1f|1o|1t|1w|1b|1q|1ai|1h|1m|1n|1ah|1c,7,6.881462543289863,1a|1ak|1al|1e|1g|1k|1r
27.464285714285708,111.7999792253211,49.12859220325032,carbonyl-alkyl-aryl,stage2_alt_plus_stage2pp,15.987598730120098,3,carbonyl-alkyl-aryl,gaussian_process,53.0,53.0,,80.46428571428571,91.12857142857142,67.72857142857141,94.72857142857141,66.37857142857142,27.464285714285708,"{""alpha"": 1e-05, ""kernel"": ""1**2 * RBF(length_scale=0.5) + WhiteKernel(noise_level=1)""}",carbonyl-alkyl-aryl,family_holdout,ee,1ae,28,1am|1i|1p|1ao|1ab|1x|1u|1l|1aj|1d|1aa|1s|1ac|1j|1y|1v|1f|1o|1t|1w|1b|1q|1ai|1h|1m|1n|1ah|1c,7,11.515306122448981,1a|1ak|1al|1e|1g|1k|1r
19.464285714285708,111.7999792253211,49.12859220325032,carbonyl-alkyl-aryl,stage2_alt_plus_stage2pp,15.987598730120098,3,carbonyl-alkyl-aryl,gaussian_process,61.0,61.0,,80.46428571428571,91.12857142857142,67.72857142857141,94.72857142857141,66.37857142857142,19.464285714285708,"{""alpha"": 1e-05, ""kernel"": ""1**2 * RBF(length_scale=0.5) + WhiteKernel(noise_level=1)""}",carbonyl-alkyl-aryl,family_holdout,ee,1af,28,1am|1i|1p|1ao|1ab|1x|1u|1l|1aj|1d|1aa|1s|1ac|1j|1y|1v|1f|1o|1t|1w|1b|1q|1ai|1h|1m|1n|1ah|1c,7,11.515306122448981,1a|1ak|1al|1e|1g|1k|1r
9.535714285714292,111.7999792253211,49.12859220325032,carbonyl-alkyl-aryl,stage2_alt_plus_stage2pp,15.987598730120098,3,carbonyl-alkyl-aryl,gaussian_process,90.0,90.0,,80.46428571428571,91.12857142857142,67.72857142857141,94.72857142857141,66.37857142857142,-9.535714285714292,"{""alpha"": 1e-05, ""kernel"": ""1**2 * RBF(length_scale=0.5) + WhiteKernel(noise_level=1)""}",carbonyl-alkyl-aryl,family_holdout,ee,1ag,28,1am|1i|1p|1ao|1ab|1x|1u|1l|1aj|1d|1aa|1s|1ac|1j|1y|1v|1f|1o|1t|1w|1b|1q|1ai|1h|1m|1n|1ah|1c,7,11.515306122448981,1a|1ak|1al|1e|1g|1k|1r
0.4634505506050459,,,carbonyl-heterocycle-fused,stage2_alt_plus_stage2pp,,1,carbonyl-heterocycle-fused,ridge_regression,86.0,86.0,,86.46345055060505,93.90203771357976,87.40539193910256,94.78514847537568,87.16890394245462,0.4634505506050459,"{""alpha"": 10.0}",carbonyl-heterocycle-fused,family_holdout,ee,1u,30,1am|1i|1p|1ao|1ab|1af|1x|1l|1s|1y|1k|1al|1aa|1ac|1g|1t|1c|1w|1o|1q|1v|1ai|1b|1ag|1n|1j|1m|1ah|1d|1e,7,3.6725565126889625,1a|1ae|1aj|1ak|1f|1h|1r
7.022227092995308,,,carbonyl-heterocycle-fused,stage2_alt_plus_stage2pp,,1,carbonyl-heterocycle-fused,elastic_net,86.0,86.0,,93.02222709299531,106.9217762297964,92.88737648522986,116.60618899872135,92.88446167696507,7.022227092995308,"{""alpha"": 0.1, ""l1_ratio"": 1.0}",carbonyl-heterocycle-fused,family_holdout,ee,1u,30,1am|1i|1p|1ao|1ab|1af|1x|1l|1s|1y|1k|1al|1aa|1ac|1g|1t|1c|1w|1o|1q|1v|1ai|1b|1ag|1n|1j|1m|1ah|1d|1e,7,5.550024916065155,1a|1ae|1aj|1ak|1f|1h|1r
0.03168429798479622,,,carbonyl-heterocycle-fused,stage2_alt_plus_stage2pp,,1,carbonyl-heterocycle-fused,lightgbm,86.0,86.0,,86.0316842979848,101.35314574700476,84.03804073092726,105.99127488087272,84.02367796929927,0.03168429798479622,"{""learning_rate"": 0.1, ""n_estimators"": 75, ""num_leaves"": 3}",carbonyl-heterocycle-fused,family_holdout,ee,1u,30,1am|1i|1p|1ao|1ab|1af|1x|1l|1s|1y|1k|1al|1aa|1ac|1g|1t|1c|1w|1o|1q|1v|1ai|1b|1ag|1n|1j|1m|1ah|1d|1e,7,5.903093462247553,1a|1ae|1aj|1ak|1f|1h|1r
4.533333333333331,110.41766739871318,52.51566593462015,carbonyl-heterocycle-fused,stage2_alt_plus_stage2pp,14.77091874084006,1,carbonyl-heterocycle-fused,gaussian_process,86.0,86.0,,81.46666666666667,113.53333333333333,71.53333333333333,117.58333333333334,71.08333333333334,-4.533333333333331,"{""alpha"": 1e-05, ""kernel"": ""1**2 * RBF(length_scale=2) + WhiteKernel(noise_level=10)""}",carbonyl-heterocycle-fused,family_holdout,ee,1u,30,1am|1i|1p|1ao|1ab|1af|1x|1l|1s|1y|1k|1al|1aa|1ac|1g|1t|1c|1w|1o|1q|1v|1ai|1b|1ag|1n|1j|1m|1ah|1d|1e,7,17.076190476190455,1a|1ae|1aj|1ak|1f|1h|1r
1.7799461140394186,,,cycloalkyl-alkyl-aryl,stage2_alt_plus_stage2pp,,3,cycloalkyl-alkyl-aryl,ridge_regression,44.0,44.0,,45.77994611403942,51.53747622110568,42.11109812237622,53.207254885463385,39.86959795475425,1.7799461140394186,"{""alpha"": 10.0}",cycloalkyl-alkyl-aryl,family_holdout,ee,1aj,28,1i|1am|1p|1ao|1ab|1af|1x|1u|1k|1e|1ac|1s|1aa|1y|1v|1c|1o|1w|1t|1q|1ai|1b|1m|1ag|1n|1h|1j|1ah,7,3.674954209592081,1a|1ae|1d|1f|1g|1l|1r
5.550002203758503,,,cycloalkyl-alkyl-aryl,stage2_alt_plus_stage2pp,,3,cycloalkyl-alkyl-aryl,ridge_regression,65.0,65.0,,59.4499977962415,65.20752790330776,55.781149804578305,66.87730656766547,53.53964963695633,-5.550002203758503,"{""alpha"": 10.0}",cycloalkyl-alkyl-aryl,family_holdout,ee,1ak,28,1i|1am|1p|1ao|1ab|1af|1x|1u|1k|1e|1ac|1s|1aa|1y|1v|1c|1o|1w|1t|1q|1ai|1b|1m|1ag|1n|1h|1j|1ah,7,3.674954209592081,1a|1ae|1d|1f|1g|1l|1r
15.1353686770358,,,cycloalkyl-alkyl-aryl,stage2_alt_plus_stage2pp,,3,cycloalkyl-alkyl-aryl,ridge_regression,73.0,73.0,,57.8646313229642,63.62216143003046,54.195783331301,65.29194009438817,51.95428316367903,-15.1353686770358,"{""alpha"": 10.0}",cycloalkyl-alkyl-aryl,family_holdout,ee,1al,28,1i|1am|1p|1ao|1ab|1af|1x|1u|1k|1e|1ac|1s|1aa|1y|1v|1c|1o|1w|1t|1q|1ai|1b|1m|1ag|1n|1h|1j|1ah,7,3.674954209592081,1a|1ae|1d|1f|1g|1l|1r
22.993154243061156,,,cycloalkyl-alkyl-aryl,stage2_alt_plus_stage2pp,,3,cycloalkyl-alkyl-aryl,elastic_net,44.0,44.0,,66.99315424306116,77.34216083371712,64.44918316231028,81.95147229863596,64.31515732836857,22.993154243061156,"{""alpha"": 1.0, ""l1_ratio"": 0.5}",cycloalkyl-alkyl-aryl,family_holdout,ee,1aj,28,1i|1am|1p|1ao|1ab|1af|1x|1u|1k|1e|1ac|1s|1aa|1y|1v|1c|1o|1w|1t|1q|1ai|1b|1m|1ag|1n|1h|1j|1ah,7,4.403010380777715,1a|1ae|1d|1f|1g|1l|1r
4.353816450978073,,,cycloalkyl-alkyl-aryl,stage2_alt_plus_stage2pp,,3,cycloalkyl-alkyl-aryl,elastic_net,65.0,65.0,,60.64618354902193,70.99519013967789,58.102212468271055,75.60450160459673,57.96818663432934,-4.353816450978073,"{""alpha"": 1.0, ""l1_ratio"": 0.5}",cycloalkyl-alkyl-aryl,family_holdout,ee,1ak,28,1i|1am|1p|1ao|1ab|1af|1x|1u|1k|1e|1ac|1s|1aa|1y|1v|1c|1o|1w|1t|1q|1ai|1b|1m|1ag|1n|1h|1j|1ah,7,4.403010380777715,1a|1ae|1d|1f|1g|1l|1r
13.030716550588963,,,cycloalkyl-alkyl-aryl,stage2_alt_plus_stage2pp,,3,cycloalkyl-alkyl-aryl,elastic_net,73.0,73.0,,59.96928344941104,70.318290040067,57.425312368660165,74.92760150498584,57.29128653471845,-13.030716550588963,"{""alpha"": 1.0, ""l1_ratio"": 0.5}",cycloalkyl-alkyl-aryl,family_holdout,ee,1al,28,1i|1am|1p|1ao|1ab|1af|1x|1u|1k|1e|1ac|1s|1aa|1y|1v|1c|1o|1w|1t|1q|1ai|1b|1m|1ag|1n|1h|1j|1ah,7,4.403010380777715,1a|1ae|1d|1f|1g|1l|1r
16.92228847102316,,,cycloalkyl-alkyl-aryl,stage2_alt_plus_stage2pp,,3,cycloalkyl-alkyl-aryl,lightgbm,44.0,44.0,,60.92228847102316,69.6470599031257,55.13180351480783,75.51408088012363,53.06121578541847,16.92228847102316,"{""learning_rate"": 0.1, ""n_estimators"": 75, ""num_leaves"": 3}",cycloalkyl-alkyl-aryl,family_holdout,ee,1aj,28,1i|1am|1p|1ao|1ab|1af|1x|1u|1k|1e|1ac|1s|1aa|1y|1v|1c|1o|1w|1t|1q|1ai|1b|1m|1ag|1n|1h|1j|1ah,7,5.234105011809736,1a|1ae|1d|1f|1g|1l|1r
0.8474195497146013,,,cycloalkyl-alkyl-aryl,stage2_alt_plus_stage2pp,,3,cycloalkyl-alkyl-aryl,lightgbm,65.0,65.0,,64.1525804502854,72.87735188238793,58.36209549407007,78.74437285938588,56.29150776468071,-0.8474195497146013,"{""learning_rate"": 0.1, ""n_estimators"": 75, ""num_leaves"": 3}",cycloalkyl-alkyl-aryl,family_holdout,ee,1ak,28,1i|1am|1p|1ao|1ab|1af|1x|1u|1k|1e|1ac|1s|1aa|1y|1v|1c|1o|1w|1t|1q|1ai|1b|1m|1ag|1n|1h|1j|1ah,7,5.234105011809736,1a|1ae|1d|1f|1g|1l|1r
16.122416437119313,,,cycloalkyl-alkyl-aryl,stage2_alt_plus_stage2pp,,3,cycloalkyl-alkyl-aryl,lightgbm,73.0,73.0,,56.87758356288069,65.60235499498322,51.08709860666536,71.46937597198117,49.016510877276,-16.122416437119313,"{""learning_rate"": 0.1, ""n_estimators"": 75, ""num_leaves"": 3}",cycloalkyl-alkyl-aryl,family_holdout,ee,1al,28,1i|1am|1p|1ao|1ab|1af|1x|1u|1k|1e|1ac|1s|1aa|1y|1v|1c|1o|1w|1t|1q|1ai|1b|1m|1ag|1n|1h|1j|1ah,7,5.234105011809736,1a|1ae|1d|1f|1g|1l|1r
37.60714285714286,111.28724224751625,51.927043466769476,cycloalkyl-alkyl-aryl,stage2_alt_plus_stage2pp,15.142907852231321,3,cycloalkyl-alkyl-aryl,gaussian_process,44.0,44.0,,81.60714285714286,92.81428571428573,71.81428571428572,105.86428571428571,71.36428571428573,37.60714285714286,"{""alpha"": 1e-05, ""kernel"": ""1**2 * RBF(length_scale=2) + WhiteKernel(noise_level=10)""}",cycloalkyl-alkyl-aryl,family_holdout,ee,1aj,28,1i|1am|1p|1ao|1ab|1af|1x|1u|1k|1e|1ac|1s|1aa|1y|1v|1c|1o|1w|1t|1q|1ai|1b|1m|1ag|1n|1h|1j|1ah,7,10.566326530612233,1a|1ae|1d|1f|1g|1l|1r
16.60714285714286,111.28724224751625,51.927043466769476,cycloalkyl-alkyl-aryl,stage2_alt_plus_stage2pp,15.142907852231321,3,cycloalkyl-alkyl-aryl,gaussian_process,65.0,65.0,,81.60714285714286,92.81428571428573,71.81428571428572,105.86428571428571,71.36428571428573,16.60714285714286,"{""alpha"": 1e-05, ""kernel"": ""1**2 * RBF(length_scale=2) + WhiteKernel(noise_level=10)""}",cycloalkyl-alkyl-aryl,family_holdout,ee,1ak,28,1i|1am|1p|1ao|1ab|1af|1x|1u|1k|1e|1ac|1s|1aa|1y|1v|1c|1o|1w|1t|1q|1ai|1b|1m|1ag|1n|1h|1j|1ah,7,10.566326530612233,1a|1ae|1d|1f|1g|1l|1r
8.607142857142861,111.28724224751625,51.927043466769476,cycloalkyl-alkyl-aryl,stage2_alt_plus_stage2pp,15.142907852231321,3,cycloalkyl-alkyl-aryl,gaussian_process,73.0,73.0,,81.60714285714286,92.81428571428573,71.81428571428572,105.86428571428571,71.36428571428573,8.607142857142861,"{""alpha"": 1e-05, ""kernel"": ""1**2 * RBF(length_scale=2) + WhiteKernel(noise_level=10)""}",cycloalkyl-alkyl-aryl,family_holdout,ee,1al,28,1i|1am|1p|1ao|1ab|1af|1x|1u|1k|1e|1ac|1s|1aa|1y|1v|1c|1o|1w|1t|1q|1ai|1b|1m|1ag|1n|1h|1j|1ah,7,10.566326530612233,1a|1ae|1d|1f|1g|1l|1r
30.314487556065075,,,cycloalkyl-aryl,stage2_alt_plus_stage2pp,,1,cycloalkyl-aryl,ridge_regression,45.0,45.0,,75.31448755606507,86.45458481000621,72.45815511402286,90.95094482634514,68.79726316198243,30.314487556065075,"{""alpha"": 10.0}",cycloalkyl-aryl,family_holdout,ee,1am,30,1i|1al|1u|1ao|1ab|1af|1x|1p|1l|1aa|1k|1s|1ac|1g|1y|1c|1w|1t|1o|1q|1v|1ai|1b|1ag|1n|1j|1m|1ah|1d|1f,7,6.151270617251041,1a|1ae|1aj|1ak|1e|1h|1r
29.800358297053236,,,cycloalkyl-aryl,stage2_alt_plus_stage2pp,,1,cycloalkyl-aryl,elastic_net,45.0,45.0,,74.80035829705324,85.99597083059588,69.97289667730979,93.6334582602756,69.8797238488339,29.800358297053236,"{""alpha"": 0.1, ""l1_ratio"": 1.0}",cycloalkyl-aryl,family_holdout,ee,1am,30,1i|1al|1u|1ao|1ab|1af|1x|1p|1l|1aa|1k|1s|1ac|1g|1y|1c|1w|1t|1o|1q|1v|1ai|1b|1ag|1n|1j|1m|1ah|1d|1f,7,5.3463402134503655,1a|1ae|1aj|1ak|1e|1h|1r
27.123889580603745,,,cycloalkyl-aryl,stage2_alt_plus_stage2pp,,1,cycloalkyl-aryl,lightgbm,45.0,45.0,,72.12388958060374,100.43639176907033,67.83204791793709,103.01035291834462,67.29216958079628,27.123889580603745,"{""learning_rate"": 0.1, ""n_estimators"": 75, ""num_leaves"": 3}",cycloalkyl-aryl,family_holdout,ee,1am,30,1i|1al|1u|1ao|1ab|1af|1x|1p|1l|1aa|1k|1s|1ac|1g|1y|1c|1w|1t|1o|1q|1v|1ai|1b|1ag|1n|1j|1m|1ah|1d|1f,7,10.286602951243397,1a|1ae|1aj|1ak|1e|1h|1r
37.766666666666666,108.44021268752824,57.09312064580509,cycloalkyl-aryl,stage2_alt_plus_stage2pp,13.098747969827334,1,cycloalkyl-aryl,gaussian_process,45.0,45.0,,82.76666666666667,116.13333333333333,73.53333333333333,120.18333333333334,73.53333333333333,37.766666666666666,"{""alpha"": 1e-05, ""kernel"": ""1**2 * RBF(length_scale=0.5) + WhiteKernel(noise_level=1)""}",cycloalkyl-aryl,family_holdout,ee,1am,30,1i|1al|1u|1ao|1ab|1af|1x|1p|1l|1aa|1k|1s|1ac|1g|1y|1c|1w|1t|1o|1q|1v|1ai|1b|1ag|1n|1j|1m|1ah|1d|1f,7,17.176190476190477,1a|1ae|1aj|1ak|1e|1h|1r
3.870258509816651,,,diaryl-ethyl-aryl-substituted,stage2_alt_plus_stage2pp,,12,diaryl-ethyl-aryl-substituted,ridge_regression,80.0,80.0,,76.12974149018335,93.69900616336457,76.49911595924712,97.39673489221738,75.80199910449402,-3.870258509816651,"{""alpha"": 10.0}",diaryl-ethyl-aryl-substituted,family_holdout,ee,1b,21,1am|1q|1ao|1ab|1af|1x|1s|1al|1y|1ac|1w|1aa|1u|1v|1o|1t|1p|1ai|1ag|1n|1ah,5,8.637602783836098,1a|1ae|1aj|1ak|1r
24.372370581325086,,,diaryl-ethyl-aryl-substituted,stage2_alt_plus_stage2pp,,12,diaryl-ethyl-aryl-substituted,ridge_regression,92.0,92.0,,67.62762941867491,85.19689409185614,67.99700388773869,88.89462282070895,67.29988703298558,-24.372370581325086,"{""alpha"": 10.0}",diaryl-ethyl-aryl-substituted,family_holdout,ee,1c,21,1am|1q|1ao|1ab|1af|1x|1s|1al|1y|1ac|1w|1aa|1u|1v|1o|1t|1p|1ai|1ag|1n|1ah,5,8.637602783836098,1a|1ae|1aj|1ak|1r
31.05409061305813,,,diaryl-ethyl-aryl-substituted,stage2_alt_plus_stage2pp,,12,diaryl-ethyl-aryl-substituted,ridge_regression,90.0,90.0,,58.94590938694187,76.51517406012309,59.31528385600564,80.2129027889759,58.61816700125254,-31.05409061305813,"{""alpha"": 10.0}",diaryl-ethyl-aryl-substituted,family_holdout,ee,1d,21,1am|1q|1ao|1ab|1af|1x|1s|1al|1y|1ac|1w|1aa|1u|1v|1o|1t|1p|1ai|1ag|1n|1ah,5,8.637602783836098,1a|1ae|1aj|1ak|1r
7.374337893209088,,,diaryl-ethyl-aryl-substituted,stage2_alt_plus_stage2pp,,12,diaryl-ethyl-aryl-substituted,ridge_regression,92.0,92.0,,84.62566210679091,102.19492677997212,84.99503657585468,105.89265550882494,84.29791972110158,-7.374337893209088,"{""alpha"": 10.0}",diaryl-ethyl-aryl-substituted,family_holdout,ee,1e,21,1am|1q|1ao|1ab|1af|1x|1s|1al|1y|1ac|1w|1aa|1u|1v|1o|1t|1p|1ai|1ag|1n|1ah,5,8.637602783836098,1a|1ae|1aj|1ak|1r
1.1611362981383593,,,diaryl-ethyl-aryl-substituted,stage2_alt_plus_stage2pp,,12,diaryl-ethyl-aryl-substituted,ridge_regression,90.0,90.0,,88.83886370186164,106.40812837504285,89.20823817092541,110.10585710389567,88.51112131617231,-1.1611362981383593,"{""alpha"": 10.0}",diaryl-ethyl-aryl-substituted,family_holdout,ee,1f,21,1am|1q|1ao|1ab|1af|1x|1s|1al|1y|1ac|1w|1aa|1u|1v|1o|1t|1p|1ai|1ag|1n|1ah,5,8.637602783836098,1a|1ae|1aj|1ak|1r
0.5994815554813329,,,diaryl-ethyl-aryl-substituted,stage2_alt_plus_stage2pp,,12,diaryl-ethyl-aryl-substituted,ridge_regression,90.0,90.0,,89.40051844451867,106.96978311769988,89.76989291358244,110.6675118465527,89.07277605882933,-0.5994815554813329,"{""alpha"": 10.0}",diaryl-ethyl-aryl-substituted,family_holdout,ee,1g,21,1am|1q|1ao|1ab|1af|1x|1s|1al|1y|1ac|1w|1aa|1u|1v|1o|1t|1p|1ai|1ag|1n|1ah,5,8.637602783836098,1a|1ae|1aj|1ak|1r
1.1694468767466049,,,diaryl-ethyl-aryl-substituted,stage2_alt_plus_stage2pp,,12,diaryl-ethyl-aryl-substituted,ridge_regression,90.0,90.0,,91.1694468767466,108.73871154992781,91.53882134581038,112.43644027878064,90.84170449105727,1.1694468767466049,"{""alpha"": 10.0}",diaryl-ethyl-aryl-substituted,family_holdout,ee,1h,21,1am|1q|1ao|1ab|1af|1x|1s|1al|1y|1ac|1w|1aa|1u|1v|1o|1t|1p|1ai|1ag|1n|1ah,5,8.637602783836098,1a|1ae|1aj|1ak|1r
7.887659925789592,,,diaryl-ethyl-aryl-substituted,stage2_alt_plus_stage2pp,,12,diaryl-ethyl-aryl-substituted,ridge_regression,73.0,73.0,,80.88765992578959,98.4569245989708,81.25703439485336,102.15465332782362,80.55991754010026,7.887659925789592,"{""alpha"": 10.0}",diaryl-ethyl-aryl-substituted,family_holdout,ee,1i,21,1am|1q|1ao|1ab|1af|1x|1s|1al|1y|1ac|1w|1aa|1u|1v|1o|1t|1p|1ai|1ag|1n|1ah,5,8.637602783836098,1a|1ae|1aj|1ak|1r
19.8896891004143,,,diaryl-ethyl-aryl-substituted,stage2_alt_plus_stage2pp,,12,diaryl-ethyl-aryl-substituted,ridge_regression,95.0,95.0,,75.1103108995857,92.67957557276691,75.47968536864947,96.37730430161973,74.78256851389636,-19.8896891004143,"{""alpha"": 10.0}",diaryl-ethyl-aryl-substituted,family_holdout,ee,1j,21,1am|1q|1ao|1ab|1af|1x|1s|1al|1y|1ac|1w|1aa|1u|1v|1o|1t|1p|1ai|1ag|1n|1ah,5,8.637602783836098,1a|1ae|1aj|1ak|1r
31.028698880755556,,,diaryl-ethyl-aryl-substituted,stage2_alt_plus_stage2pp,,12,diaryl-ethyl-aryl-substituted,ridge_regression,95.0,95.0,,63.971301119244444,81.54056579242567,64.34067558830822,85.23829452127848,63.64355873355511,-31.028698880755556,"{""alpha"": 10.0}",diaryl-ethyl-aryl-substituted,family_holdout,ee,1k,21,1am|1q|1ao|1ab|1af|1x|1s|1al|1y|1ac|1w|1aa|1u|1v|1o|1t|1p|1ai|1ag|1n|1ah,5,8.637602783836098,1a|1ae|1aj|1ak|1r
1.2021867014987748,,,diaryl-ethyl-aryl-substituted,stage2_alt_plus_stage2pp,,12,diaryl-ethyl-aryl-substituted,ridge_regression,82.0,82.0,,83.20218670149877,100.77145137468,83.57156117056255,104.4691801035328,82.87444431580944,1.2021867014987748,"{""alpha"": 10.0}",diaryl-ethyl-aryl-substituted,family_holdout,ee,1l,21,1am|1q|1ao|1ab|1af|1x|1s|1al|1y|1ac|1w|1aa|1u|1v|1o|1t|1p|1ai|1ag|1n|1ah,5,8.637602783836098,1a|1ae|1aj|1ak|1r
6.108583912395275,,,diaryl-ethyl-aryl-substituted,stage2_alt_plus_stage2pp,,12,diaryl-ethyl-aryl-substituted,ridge_regression,94.0,94.0,,87.89141608760472,105.46068076078595,88.2607905566685,109.15840948963876,87.56367370191539,-6.108583912395275,"{""alpha"": 10.0}",diaryl-ethyl-aryl-substituted,family_holdout,ee,1m,21,1am|1q|1ao|1ab|1af|1x|1s|1al|1y|1ac|1w|1aa|1u|1v|1o|1t|1p|1ai|1ag|1n|1ah,5,8.637602783836098,1a|1ae|1aj|1ak|1r
0.8003304423082511,,,diaryl-ethyl-aryl-substituted,stage2_alt_plus_stage2pp,,12,diaryl-ethyl-aryl-substituted,elastic_net,80.0,80.0,,80.80033044230825,99.9053587723524,78.76655695264532,104.61184970081891,76.96232164775873,0.8003304423082511,"{""alpha"": 1.0, ""l1_ratio"": 0.5}",diaryl-ethyl-aryl-substituted,family_holdout,ee,1b,21,1am|1q|1ao|1ab|1af|1x|1s|1al|1y|1ac|1w|1aa|1u|1v|1o|1t|1p|1ai|1ag|1n|1ah,5,9.373643922001303,1a|1ae|1aj|1ak|1r
18.31485838195985,,,diaryl-ethyl-aryl-substituted,stage2_alt_plus_stage2pp,,12,diaryl-ethyl-aryl-substituted,elastic_net,92.0,92.0,,73.68514161804015,92.7901699480843,71.65136812837721,97.4966608765508,69.84713282349063,-18.31485838195985,"{""alpha"": 1.0, ""l1_ratio"": 0.5}",diaryl-ethyl-aryl-substituted,family_holdout,ee,1c,21,1am|1q|1ao|1ab|1af|1x|1s|1al|1y|1ac|1w|1aa|1u|1v|1o|1t|1p|1ai|1ag|1n|1ah,5,9.373643922001303,1a|1ae|1aj|1ak|1r
23.084376416125096,,,diaryl-ethyl-aryl-substituted,stage2_alt_plus_stage2pp,,12,diaryl-ethyl-aryl-substituted,elastic_net,90.0,90.0,,66.9156235838749,86.02065191391905,64.88185009421197,90.72714284238555,63.07761478932539,-23.084376416125096,"{""alpha"": 1.0, ""l1_ratio"": 0.5}",diaryl-ethyl-aryl-substituted,family_holdout,ee,1d,21,1am|1q|1ao|1ab|1af|1x|1s|1al|1y|1ac|1w|1aa|1u|1v|1o|1t|1p|1ai|1ag|1n|1ah,5,9.373643922001303,1a|1ae|1aj|1ak|1r
2.3009385360850416,,,diaryl-ethyl-aryl-substituted,stage2_alt_plus_stage2pp,,12,diaryl-ethyl-aryl-substituted,elastic_net,92.0,92.0,,89.69906146391496,108.80408979395911,87.66528797425202,113.5105807224256,85.86105266936544,-2.3009385360850416,"{""alpha"": 1.0, ""l1_ratio"": 0.5}",diaryl-ethyl-aryl-substituted,family_holdout,ee,1e,21,1am|1q|1ao|1ab|1af|1x|1s|1al|1y|1ac|1w|1aa|1u|1v|1o|1t|1p|1ai|1ag|1n|1ah,5,9.373643922001303,1a|1ae|1aj|1ak|1r
1.3140367260808148,,,diaryl-ethyl-aryl-substituted,stage2_alt_plus_stage2pp,,12,diaryl-ethyl-aryl-substituted,elastic_net,90.0,90.0,,88.68596327391919,107.79099160396333,86.65218978425625,112.49748253242984,84.84795447936966,-1.3140367260808148,"{""alpha"": 1.0, ""l1_ratio"": 0.5}",diaryl-ethyl-aryl-substituted,family_holdout,ee,1f,21,1am|1q|1ao|1ab|1af|1x|1s|1al|1y|1ac|1w|1aa|1u|1v|1o|1t|1p|1ai|1ag|1n|1ah,5,9.373643922001303,1a|1ae|1aj|1ak|1r
3.5374792575766776,,,diaryl-ethyl-aryl-substituted,stage2_alt_plus_stage2pp,,12,diaryl-ethyl-aryl-substituted,elastic_net,90.0,90.0,,86.46252074242332,105.56754907246747,84.42874725276039,110.27404000093398,82.6245119478738,-3.5374792575766776,"{""alpha"": 1.0, ""l1_ratio"": 0.5}",diaryl-ethyl-aryl-substituted,family_holdout,ee,1g,21,1am|1q|1ao|1ab|1af|1x|1s|1al|1y|1ac|1w|1aa|1u|1v|1o|1t|1p|1ai|1ag|1n|1ah,5,9.373643922001303,1a|1ae|1aj|1ak|1r
4.113492514653359,,,diaryl-ethyl-aryl-substituted,stage2_alt_plus_stage2pp,,12,diaryl-ethyl-aryl-substituted,elastic_net,90.0,90.0,,85.88650748534664,104.99153581539079,83.8527339956837,109.6980267438573,82.04849869079712,-4.113492514653359,"{""alpha"": 1.0, ""l1_ratio"": 0.5}",diaryl-ethyl-aryl-substituted,family_holdout,ee,1h,21,1am|1q|1ao|1ab|1af|1x|1s|1al|1y|1ac|1w|1aa|1u|1v|1o|1t|1p|1ai|1ag|1n|1ah,5,9.373643922001303,1a|1ae|1aj|1ak|1r
12.249124645380306,,,diaryl-ethyl-aryl-substituted,stage2_alt_plus_stage2pp,,12,diaryl-ethyl-aryl-substituted,elastic_net,73.0,73.0,,85.2491246453803,104.35415297542446,83.21535115571737,109.06064390389096,81.41111585083078,12.249124645380306,"{""alpha"": 1.0, ""l1_ratio"": 0.5}",diaryl-ethyl-aryl-substituted,family_holdout,ee,1i,21,1am|1q|1ao|1ab|1af|1x|1s|1al|1y|1ac|1w|1aa|1u|1v|1o|1t|1p|1ai|1ag|1n|1ah,5,9.373643922001303,1a|1ae|1aj|1ak|1r
17.708379200719534,,,diaryl-ethyl-aryl-substituted,stage2_alt_plus_stage2pp,,12,diaryl-ethyl-aryl-substituted,elastic_net,95.0,95.0,,77.29162079928047,96.39664912932462,75.25784730961753,101.10314005779111,73.45361200473094,-17.708379200719534,"{""alpha"": 1.0, ""l1_ratio"": 0.5}",diaryl-ethyl-aryl-substituted,family_holdout,ee,1j,21,1am|1q|1ao|1ab|1af|1x|1s|1al|1y|1ac|1w|1aa|1u|1v|1o|1t|1p|1ai|1ag|1n|1ah,5,9.373643922001303,1a|1ae|1aj|1ak|1r
25.87442116732791,,,diaryl-ethyl-aryl-substituted,stage2_alt_plus_stage2pp,,12,diaryl-ethyl-aryl-substituted,elastic_net,95.0,95.0,,69.12557883267209,88.23060716271624,67.09180534300916,92.93709809118275,65.28757003812257,-25.87442116732791,"{""alpha"": 1.0, ""l1_ratio"": 0.5}",diaryl-ethyl-aryl-substituted,family_holdout,ee,1k,21,1am|1q|1ao|1ab|1af|1x|1s|1al|1y|1ac|1w|1aa|1u|1v|1o|1t|1p|1ai|1ag|1n|1ah,5,9.373643922001303,1a|1ae|1aj|1ak|1r
2.616049892556248,,,diaryl-ethyl-aryl-substituted,stage2_alt_plus_stage2pp,,12,diaryl-ethyl-aryl-substituted,elastic_net,82.0,82.0,,84.61604989255625,103.7210782226004,82.58227640289331,108.4275691510669,80.77804109800672,2.616049892556248,"{""alpha"": 1.0, ""l1_ratio"": 0.5}",diaryl-ethyl-aryl-substituted,family_holdout,ee,1l,21,1am|1q|1ao|1ab|1af|1x|1s|1al|1y|1ac|1w|1aa|1u|1v|1o|1t|1p|1ai|1ag|1n|1ah,5,9.373643922001303,1a|1ae|1aj|1ak|1r
9.986039450111079,,,diaryl-ethyl-aryl-substituted,stage2_alt_plus_stage2pp,,12,diaryl-ethyl-aryl-substituted,elastic_net,94.0,94.0,,84.01396054988892,103.11898887993307,81.98018706022599,107.82547980839956,80.1759517553394,-9.986039450111079,"{""alpha"": 1.0, ""l1_ratio"": 0.5}",diaryl-ethyl-aryl-substituted,family_holdout,ee,1m,21,1am|1q|1ao|1ab|1af|1x|1s|1al|1y|1ac|1w|1aa|1u|1v|1o|1t|1p|1ai|1ag|1n|1ah,5,9.373643922001303,1a|1ae|1aj|1ak|1r
15.130354824129583,,,diaryl-ethyl-aryl-substituted,stage2_alt_plus_stage2pp,,12,diaryl-ethyl-aryl-substituted,lightgbm,80.0,80.0,,64.86964517587042,80.79115317250856,62.36943648142879,83.41779029549613,61.81663346614225,-15.130354824129583,"{""learning_rate"": 0.03, ""n_estimators"": 75, ""num_leaves"": 7}",diaryl-ethyl-aryl-substituted,family_holdout,ee,1b,21,1am|1q|1ao|1ab|1af|1x|1s|1al|1y|1ac|1w|1aa|1u|1v|1o|1t|1p|1ai|1ag|1n|1ah,5,7.11623524707513,1a|1ae|1aj|1ak|1r
3.8364327857569123,,,diaryl-ethyl-aryl-substituted,stage2_alt_plus_stage2pp,,12,diaryl-ethyl-aryl-substituted,lightgbm,92.0,92.0,,88.16356721424309,104.08507521088123,85.66335851980146,106.7117123338688,85.11055550451492,-3.8364327857569123,"{""learning_rate"": 0.03, ""n_estimators"": 75, ""num_leaves"": 7}",diaryl-ethyl-aryl-substituted,family_holdout,ee,1c,21,1am|1q|1ao|1ab|1af|1x|1s|1al|1y|1ac|1w|1aa|1u|1v|1o|1t|1p|1ai|1ag|1n|1ah,5,7.11623524707513,1a|1ae|1aj|1ak|1r
0.801603948048836,,,diaryl-ethyl-aryl-substituted,stage2_alt_plus_stage2pp,,12,diaryl-ethyl-aryl-substituted,lightgbm,90.0,90.0,,89.19839605195116,105.1199040485893,86.69818735750954,107.74654117157688,86.145384342223,-0.801603948048836,"{""learning_rate"": 0.03, ""n_estimators"": 75, ""num_leaves"": 7}",diaryl-ethyl-aryl-substituted,family_holdout,ee,1d,21,1am|1q|1ao|1ab|1af|1x|1s|1al|1y|1ac|1w|1aa|1u|1v|1o|1t|1p|1ai|1ag|1n|1ah,5,7.11623524707513,1a|1ae|1aj|1ak|1r
34.5158017929626,,,diaryl-ethyl-aryl-substituted,stage2_alt_plus_stage2pp,,12,diaryl-ethyl-aryl-substituted,lightgbm,92.0,92.0,,57.4841982070374,73.40570620367554,54.98398951259578,76.03234332666311,54.431186497309234,-34.5158017929626,"{""learning_rate"": 0.03, ""n_estimators"": 75, ""num_leaves"": 7}",diaryl-ethyl-aryl-substituted,family_holdout,ee,1e,21,1am|1q|1ao|1ab|1af|1x|1s|1al|1y|1ac|1w|1aa|1u|1v|1o|1t|1p|1ai|1ag|1n|1ah,5,7.11623524707513,1a|1ae|1aj|1ak|1r
4.460439399049818,,,diaryl-ethyl-aryl-substituted,stage2_alt_plus_stage2pp,,12,diaryl-ethyl-aryl-substituted,lightgbm,90.0,90.0,,85.53956060095018,101.46106859758832,83.03935190650856,104.0877057205759,82.48654889122201,-4.460439399049818,"{""learning_rate"": 0.03, ""n_estimators"": 75, ""num_leaves"": 7}",diaryl-ethyl-aryl-substituted,family_holdout,ee,1f,21,1am|1q|1ao|1ab|1af|1x|1s|1al|1y|1ac|1w|1aa|1u|1v|1o|1t|1p|1ai|1ag|1n|1ah,5,7.11623524707513,1a|1ae|1aj|1ak|1r
3.268545909804203,,,diaryl-ethyl-aryl-substituted,stage2_alt_plus_stage2pp,,12,diaryl-ethyl-aryl-substituted,lightgbm,90.0,90.0,,86.7314540901958,102.65296208683394,84.23124539575417,105.27959920982151,83.67844238046763,-3.268545909804203,"{""learning_rate"": 0.03, ""n_estimators"": 75, ""num_leaves"": 7}",diaryl-ethyl-aryl-substituted,family_holdout,ee,1g,21,1am|1q|1ao|1ab|1af|1x|1s|1al|1y|1ac|1w|1aa|1u|1v|1o|1t|1p|1ai|1ag|1n|1ah,5,7.11623524707513,1a|1ae|1aj|1ak|1r
1.1999848865336276,,,diaryl-ethyl-aryl-substituted,stage2_alt_plus_stage2pp,,12,diaryl-ethyl-aryl-substituted,lightgbm,90.0,90.0,,88.80001511346637,104.72152311010451,86.29980641902475,107.34816023309209,85.7470034037382,-1.1999848865336276,"{""learning_rate"": 0.03, ""n_estimators"": 75, ""num_leaves"": 7}",diaryl-ethyl-aryl-substituted,family_holdout,ee,1h,21,1am|1q|1ao|1ab|1af|1x|1s|1al|1y|1ac|1w|1aa|1u|1v|1o|1t|1p|1ai|1ag|1n|1ah,5,7.11623524707513,1a|1ae|1aj|1ak|1r
15.6143153563292,,,diaryl-ethyl-aryl-substituted,stage2_alt_plus_stage2pp,,12,diaryl-ethyl-aryl-substituted,lightgbm,73.0,73.0,,88.6143153563292,104.53582335296734,86.11410666188758,107.16246047595492,85.56130364660103,15.6143153563292,"{""learning_rate"": 0.03, ""n_estimators"": 75, ""num_leaves"": 7}",diaryl-ethyl-aryl-substituted,family_holdout,ee,1i,21,1am|1q|1ao|1ab|1af|1x|1s|1al|1y|1ac|1w|1aa|1u|1v|1o|1t|1p|1ai|1ag|1n|1ah,5,7.11623524707513,1a|1ae|1aj|1ak|1r
6.74505604002448,,,diaryl-ethyl-aryl-substituted,stage2_alt_plus_stage2pp,,12,diaryl-ethyl-aryl-substituted,lightgbm,95.0,95.0,,88.25494395997552,104.17645195661366,85.7547352655339,106.80308907960124,85.20193225024735,-6.74505604002448,"{""learning_rate"": 0.03, ""n_estimators"": 75, ""num_leaves"": 7}",diaryl-ethyl-aryl-substituted,family_holdout,ee,1j,21,1am|1q|1ao|1ab|1af|1x|1s|1al|1y|1ac|1w|1aa|1u|1v|1o|1t|1p|1ai|1ag|1n|1ah,5,7.11623524707513,1a|1ae|1aj|1ak|1r
10.367494722849372,,,diaryl-ethyl-aryl-substituted,stage2_alt_plus_stage2pp,,12,diaryl-ethyl-aryl-substituted,lightgbm,95.0,95.0,,84.63250527715063,100.55401327378877,82.132296582709,103.18065039677634,81.57949356742246,-10.367494722849372,"{""learning_rate"": 0.03, ""n_estimators"": 75, ""num_leaves"": 7}",diaryl-ethyl-aryl-substituted,family_holdout,ee,1k,21,1am|1q|1ao|1ab|1af|1x|1s|1al|1y|1ac|1w|1aa|1u|1v|1o|1t|1p|1ai|1ag|1n|1ah,5,7.11623524707513,1a|1ae|1aj|1ak|1r
2.147743718289135,,,diaryl-ethyl-aryl-substituted,stage2_alt_plus_stage2pp,,12,diaryl-ethyl-aryl-substituted,lightgbm,82.0,82.0,,84.14774371828914,100.06925171492728,81.64753502384751,102.69588883791485,81.09473200856097,2.147743718289135,"{""learning_rate"": 0.03, ""n_estimators"": 75, ""num_leaves"": 7}",diaryl-ethyl-aryl-substituted,family_holdout,ee,1l,21,1am|1q|1ao|1ab|1af|1x|1s|1al|1y|1ac|1w|1aa|1u|1v|1o|1t|1p|1ai|1ag|1n|1ah,5,7.11623524707513,1a|1ae|1aj|1ak|1r
9.068338784848947,,,diaryl-ethyl-aryl-substituted,stage2_alt_plus_stage2pp,,12,diaryl-ethyl-aryl-substituted,lightgbm,94.0,94.0,,84.93166121515105,100.8531692117892,82.43145252070943,103.47980633477677,81.87864950542289,-9.068338784848947,"{""learning_rate"": 0.03, ""n_estimators"": 75, ""num_leaves"": 7}",diaryl-ethyl-aryl-substituted,family_holdout,ee,1m,21,1am|1q|1ao|1ab|1af|1x|1s|1al|1y|1ac|1w|1aa|1u|1v|1o|1t|1p|1ai|1ag|1n|1ah,5,7.11623524707513,1a|1ae|1aj|1ak|1r
1.5714285714285694,109.87911623697576,46.9780266201671,diaryl-ethyl-aryl-substituted,stage2_alt_plus_stage2pp,16.04619633081854,12,diaryl-ethyl-aryl-substituted,gaussian_process,80.0,80.0,,78.42857142857143,109.25714285714287,65.25714285714287,111.95714285714286,64.95714285714286,-1.5714285714285694,"{""alpha"": 1e-05, ""kernel"": ""1**2 * RBF(length_scale=0.5) + WhiteKernel(noise_level=1)""}",diaryl-ethyl-aryl-substituted,family_holdout,ee,1b,21,1am|1q|1ao|1ab|1af|1x|1s|1al|1y|1ac|1w|1aa|1u|1v|1o|1t|1p|1ai|1ag|1n|1ah,5,19.885714285714286,1a|1ae|1aj|1ak|1r
13.57142857142857,109.87911623697576,46.9780266201671,diaryl-ethyl-aryl-substituted,stage2_alt_plus_stage2pp,16.04619633081854,12,diaryl-ethyl-aryl-substituted,gaussian_process,92.0,92.0,,78.42857142857143,109.25714285714287,65.25714285714287,111.95714285714286,64.95714285714286,-13.57142857142857,"{""alpha"": 1e-05, ""kernel"": ""1**2 * RBF(length_scale=0.5) + WhiteKernel(noise_level=1)""}",diaryl-ethyl-aryl-substituted,family_holdout,ee,1c,21,1am|1q|1ao|1ab|1af|1x|1s|1al|1y|1ac|1w|1aa|1u|1v|1o|1t|1p|1ai|1ag|1n|1ah,5,19.885714285714286,1a|1ae|1aj|1ak|1r
11.57142857142857,109.87911623697576,46.9780266201671,diaryl-ethyl-aryl-substituted,stage2_alt_plus_stage2pp,16.04619633081854,12,diaryl-ethyl-aryl-substituted,gaussian_process,90.0,90.0,,78.42857142857143,109.25714285714287,65.25714285714287,111.95714285714286,64.95714285714286,-11.57142857142857,"{""alpha"": 1e-05, ""kernel"": ""1**2 * RBF(length_scale=0.5) + WhiteKernel(noise_level=1)""}",diaryl-ethyl-aryl-substituted,family_holdout,ee,1d,21,1am|1q|1ao|1ab|1af|1x|1s|1al|1y|1ac|1w|1aa|1u|1v|1o|1t|1p|1ai|1ag|1n|1ah,5,19.885714285714286,1a|1ae|1aj|1ak|1r
13.57142857142857,109.87911623697576,46.9780266201671,diaryl-ethyl-aryl-substituted,stage2_alt_plus_stage2pp,16.04619633081854,12,diaryl-ethyl-aryl-substituted,gaussian_process,92.0,92.0,,78.42857142857143,109.25714285714287,65.25714285714287,111.95714285714286,64.95714285714286,-13.57142857142857,"{""alpha"": 1e-05, ""kernel"": ""1**2 * RBF(length_scale=0.5) + WhiteKernel(noise_level=1)""}",diaryl-ethyl-aryl-substituted,family_holdout,ee,1e,21,1am|1q|1ao|1ab|1af|1x|1s|1al|1y|1ac|1w|1aa|1u|1v|1o|1t|1p|1ai|1ag|1n|1ah,5,19.885714285714286,1a|1ae|1aj|1ak|1r
11.57142857142857,109.87911623697576,46.9780266201671,diaryl-ethyl-aryl-substituted,stage2_alt_plus_stage2pp,16.04619633081854,12,diaryl-ethyl-aryl-substituted,gaussian_process,90.0,90.0,,78.42857142857143,109.25714285714287,65.25714285714287,111.95714285714286,64.95714285714286,-11.57142857142857,"{""alpha"": 1e-05, ""kernel"": ""1**2 * RBF(length_scale=0.5) + WhiteKernel(noise_level=1)""}",diaryl-ethyl-aryl-substituted,family_holdout,ee,1f,21,1am|1q|1ao|1ab|1af|1x|1s|1al|1y|1ac|1w|1aa|1u|1v|1o|1t|1p|1ai|1ag|1n|1ah,5,19.885714285714286,1a|1ae|1aj|1ak|1r
11.57142857142857,109.87911623697576,46.9780266201671,diaryl-ethyl-aryl-substituted,stage2_alt_plus_stage2pp,16.04619633081854,12,diaryl-ethyl-aryl-substituted,gaussian_process,90.0,90.0,,78.42857142857143,109.25714285714287,65.25714285714287,111.95714285714286,64.95714285714286,-11.57142857142857,"{""alpha"": 1e-05, ""kernel"": ""1**2 * RBF(length_scale=0.5) + WhiteKernel(noise_level=1)""}",diaryl-ethyl-aryl-substituted,family_holdout,ee,1g,21,1am|1q|1ao|1ab|1af|1x|1s|1al|1y|1ac|1w|1aa|1u|1v|1o|1t|1p|1ai|1ag|1n|1ah,5,19.885714285714286,1a|1ae|1aj|1ak|1r
11.57142857142857,109.87911623697576,46.9780266201671,diaryl-ethyl-aryl-substituted,stage2_alt_plus_stage2pp,16.04619633081854,12,diaryl-ethyl-aryl-substituted,gaussian_process,90.0,90.0,,78.42857142857143,109.25714285714287,65.25714285714287,111.95714285714286,64.95714285714286,-11.57142857142857,"{""alpha"": 1e-05, ""kernel"": ""1**2 * RBF(length_scale=0.5) + WhiteKernel(noise_level=1)""}",diaryl-ethyl-aryl-substituted,family_holdout,ee,1h,21,1am|1q|1ao|1ab|1af|1x|1s|1al|1y|1ac|1w|1aa|1u|1v|1o|1t|1p|1ai|1ag|1n|1ah,5,19.885714285714286,1a|1ae|1aj|1ak|1r
5.428571428571431,109.87911623697576,46.9780266201671,diaryl-ethyl-aryl-substituted,stage2_alt_plus_stage2pp,16.04619633081854,12,diaryl-ethyl-aryl-substituted,gaussian_process,73.0,73.0,,78.42857142857143,109.25714285714287,65.25714285714287,111.95714285714286,64.95714285714286,5.428571428571431,"{""alpha"": 1e-05, ""kernel"": ""1**2 * RBF(length_scale=0.5) + WhiteKernel(noise_level=1)""}",diaryl-ethyl-aryl-substituted,family_holdout,ee,1i,21,1am|1q|1ao|1ab|1af|1x|1s|1al|1y|1ac|1w|1aa|1u|1v|1o|1t|1p|1ai|1ag|1n|1ah,5,19.885714285714286,1a|1ae|1aj|1ak|1r
16.57142857142857,109.87911623697576,46.9780266201671,diaryl-ethyl-aryl-substituted,stage2_alt_plus_stage2pp,16.04619633081854,12,diaryl-ethyl-aryl-substituted,gaussian_process,95.0,95.0,,78.42857142857143,109.25714285714287,65.25714285714287,111.95714285714286,64.95714285714286,-16.57142857142857,"{""alpha"": 1e-05, ""kernel"": ""1**2 * RBF(length_scale=0.5) + WhiteKernel(noise_level=1)""}",diaryl-ethyl-aryl-substituted,family_holdout,ee,1j,21,1am|1q|1ao|1ab|1af|1x|1s|1al|1y|1ac|1w|1aa|1u|1v|1o|1t|1p|1ai|1ag|1n|1ah,5,19.885714285714286,1a|1ae|1aj|1ak|1r
16.57142857142857,109.87911623697576,46.9780266201671,diaryl-ethyl-aryl-substituted,stage2_alt_plus_stage2pp,16.04619633081854,12,diaryl-ethyl-aryl-substituted,gaussian_process,95.0,95.0,,78.42857142857143,109.25714285714287,65.25714285714287,111.95714285714286,64.95714285714286,-16.57142857142857,"{""alpha"": 1e-05, ""kernel"": ""1**2 * RBF(length_scale=0.5) + WhiteKernel(noise_level=1)""}",diaryl-ethyl-aryl-substituted,family_holdout,ee,1k,21,1am|1q|1ao|1ab|1af|1x|1s|1al|1y|1ac|1w|1aa|1u|1v|1o|1t|1p|1ai|1ag|1n|1ah,5,19.885714285714286,1a|1ae|1aj|1ak|1r
3.5714285714285694,109.87911623697576,46.9780266201671,diaryl-ethyl-aryl-substituted,stage2_alt_plus_stage2pp,16.04619633081854,12,diaryl-ethyl-aryl-substituted,gaussian_process,82.0,82.0,,78.42857142857143,109.25714285714287,65.25714285714287,111.95714285714286,64.95714285714286,-3.5714285714285694,"{""alpha"": 1e-05, ""kernel"": ""1**2 * RBF(length_scale=0.5) + WhiteKernel(noise_level=1)""}",diaryl-ethyl-aryl-substituted,family_holdout,ee,1l,21,1am|1q|1ao|1ab|1af|1x|1s|1al|1y|1ac|1w|1aa|1u|1v|1o|1t|1p|1ai|1ag|1n|1ah,5,19.885714285714286,1a|1ae|1aj|1ak|1r
15.57142857142857,109.87911623697576,46.9780266201671,diaryl-ethyl-aryl-substituted,stage2_alt_plus_stage2pp,16.04619633081854,12,diaryl-ethyl-aryl-substituted,gaussian_process,94.0,94.0,,78.42857142857143,109.25714285714287,65.25714285714287,111.95714285714286,64.95714285714286,-15.57142857142857,"{""alpha"": 1e-05, ""kernel"": ""1**2 * RBF(length_scale=0.5) + WhiteKernel(noise_level=1)""}",diaryl-ethyl-aryl-substituted,family_holdout,ee,1m,21,1am|1q|1ao|1ab|1af|1x|1s|1al|1y|1ac|1w|1aa|1u|1v|1o|1t|1p|1ai|1ag|1n|1ah,5,19.885714285714286,1a|1ae|1aj|1ak|1r
6.155433037857222,,,diaryl-ethyl-parent,stage2_alt_plus_stage2pp,,1,diaryl-ethyl-parent,ridge_regression,92.0,92.0,,85.84456696214278,88.80648160215809,73.85774747894214,91.58011126015845,69.97951594046052,-6.155433037857222,"{""alpha"": 100.0}",diaryl-ethyl-parent,family_holdout,ee,1a,30,1am|1i|1p|1ao|1ab|1af|1x|1u|1l|1aj|1aa|1k|1s|1ac|1g|1y|1c|1w|1t|1o|1q|1v|1ai|1b|1ag|1n|1j|1m|1ah|1d,7,5.258943519233666,1ae|1ak|1al|1e|1f|1h|1r
3.261928437244464,,,diaryl-ethyl-parent,stage2_alt_plus_stage2pp,,1,diaryl-ethyl-parent,elastic_net,92.0,92.0,,88.73807156275554,94.77035760567047,81.62021136483101,101.26500879764683,78.03333582348826,-3.261928437244464,"{""alpha"": 1.0, ""l1_ratio"": 0.8}",diaryl-ethyl-parent,family_holdout,ee,1a,30,1am|1i|1p|1ao|1ab|1af|1x|1u|1l|1aj|1aa|1k|1s|1ac|1g|1y|1c|1w|1t|1o|1q|1v|1ai|1b|1ag|1n|1j|1m|1ah|1d,7,4.778303259479211,1ae|1ak|1al|1e|1f|1h|1r
2.4243920608872003,,,diaryl-ethyl-parent,stage2_alt_plus_stage2pp,,1,diaryl-ethyl-parent,lightgbm,92.0,92.0,,89.5756079391128,94.6499848866847,73.95821139998962,100.83610002120118,73.0924710464337,-2.4243920608872003,"{""learning_rate"": 0.03, ""n_estimators"": 75, ""num_leaves"": 3}",diaryl-ethyl-parent,family_holdout,ee,1a,30,1am|1i|1p|1ao|1ab|1af|1x|1u|1l|1aj|1aa|1k|1s|1ac|1g|1y|1c|1w|1t|1o|1q|1v|1ai|1b|1ag|1n|1j|1m|1ah|1d,7,7.549594113788181,1ae|1ak|1al|1e|1f|1h|1r
11.700000000000003,111.79491414220936,48.80508585779062,diaryl-ethyl-parent,stage2_alt_plus_stage2pp,16.06883374602519,1,diaryl-ethyl-parent,gaussian_process,92.0,92.0,,80.3,100.4,69.19999999999999,105.79999999999998,68.75,-11.700000000000003,"{""alpha"": 1e-05, ""kernel"": ""1**2 * RBF(length_scale=2) + WhiteKernel(noise_level=10)""}",diaryl-ethyl-parent,family_holdout,ee,1a,30,1am|1i|1p|1ao|1ab|1af|1x|1u|1l|1aj|1aa|1k|1s|1ac|1g|1y|1c|1w|1t|1o|1q|1v|1ai|1b|1ag|1n|1j|1m|1ah|1d,7,13.099999999999996,1ae|1ak|1al|1e|1f|1h|1r
0.7720186677008201,,,nitrogen-heteroaryl,stage2_alt_plus_stage2pp,,2,nitrogen-heteroaryl,ridge_regression,88.0,88.0,,88.77201866770082,93.16322454955795,79.91370322614223,94.50405244156072,75.04032126512396,0.7720186677008201,"{""alpha"": 10.0}",nitrogen-heteroaryl,family_holdout,ee,1aa,29,1am|1i|1p|1ao|1af|1x|1u|1l|1aj|1k|1o|1s|1ac|1f|1y|1v|1w|1t|1b|1q|1h|1ai|1ag|1n|1m|1j|1ah|1c|1e,7,5.103977517528371,1a|1ae|1ak|1al|1d|1g|1r
27.55763170566661,,,nitrogen-heteroaryl,stage2_alt_plus_stage2pp,,2,nitrogen-heteroaryl,ridge_regression,95.0,95.0,,67.44236829433339,71.83357417619052,58.5840528527748,73.17440206819329,53.710670891756536,-27.55763170566661,"{""alpha"": 10.0}",nitrogen-heteroaryl,family_holdout,ee,1ab,29,1am|1i|1p|1ao|1af|1x|1u|1l|1aj|1k|1o|1s|1ac|1f|1y|1v|1w|1t|1b|1q|1h|1ai|1ag|1n|1m|1j|1ah|1c|1e,7,5.103977517528371,1a|1ae|1ak|1al|1d|1g|1r
2.7249062416334624,,,nitrogen-heteroaryl,stage2_alt_plus_stage2pp,,2,nitrogen-heteroaryl,elastic_net,88.0,88.0,,90.72490624163346,99.18830864967639,88.44264945090669,104.17115363873754,87.28533308288985,2.7249062416334624,"{""alpha"": 1.0, ""l1_ratio"": 1.0}",nitrogen-heteroaryl,family_holdout,ee,1aa,29,1am|1i|1p|1ao|1af|1x|1u|1l|1aj|1k|1o|1s|1ac|1f|1y|1v|1w|1t|1b|1q|1h|1ai|1ag|1n|1m|1j|1ah|1c|1e,7,3.7290943656446225,1a|1ae|1ak|1al|1d|1g|1r
30.46913636809073,,,nitrogen-heteroaryl,stage2_alt_plus_stage2pp,,2,nitrogen-heteroaryl,elastic_net,95.0,95.0,,64.53086363190927,72.9942660399522,62.248606841182486,77.97711102901334,61.09129047316566,-30.46913636809073,"{""alpha"": 1.0, ""l1_ratio"": 1.0}",nitrogen-heteroaryl,family_holdout,ee,1ab,29,1am|1i|1p|1ao|1af|1x|1u|1l|1aj|1k|1o|1s|1ac|1f|1y|1v|1w|1t|1b|1q|1h|1ai|1ag|1n|1m|1j|1ah|1c|1e,7,3.7290943656446225,1a|1ae|1ak|1al|1d|1g|1r
4.264714840778922,,,nitrogen-heteroaryl,stage2_alt_plus_stage2pp,,2,nitrogen-heteroaryl,lightgbm,88.0,88.0,,83.73528515922108,91.47871246501178,80.55300956261965,95.19981996784452,79.2370660842848,-4.264714840778922,"{""learning_rate"": 0.1, ""n_estimators"": 75, ""num_leaves"": 7}",nitrogen-heteroaryl,family_holdout,ee,1aa,29,1am|1i|1p|1ao|1af|1x|1u|1l|1aj|1k|1o|1s|1ac|1f|1y|1v|1w|1t|1b|1q|1h|1ai|1ag|1n|1m|1j|1ah|1c|1e,7,3.6602288186032967,1a|1ae|1ak|1al|1d|1g|1r
23.93191726547711,,,nitrogen-heteroaryl,stage2_alt_plus_stage2pp,,2,nitrogen-heteroaryl,lightgbm,95.0,95.0,,71.06808273452289,78.81151004031359,67.88580713792146,82.53261754314633,66.56986365958662,-23.93191726547711,"{""learning_rate"": 0.1, ""n_estimators"": 75, ""num_leaves"": 7}",nitrogen-heteroaryl,family_holdout,ee,1ab,29,1am|1i|1p|1ao|1af|1x|1u|1l|1aj|1k|1o|1s|1ac|1f|1y|1v|1w|1t|1b|1q|1h|1ai|1ag|1n|1m|1j|1ah|1c|1e,7,3.6602288186032967,1a|1ae|1ak|1al|1d|1g|1r
8.06896551724138,111.66848411787555,48.19358484764169,nitrogen-heteroaryl,stage2_alt_plus_stage2pp,16.192576344447414,2,nitrogen-heteroaryl,gaussian_process,88.0,88.0,,79.93103448275862,99.66206896551725,68.46206896551723,105.06206896551723,68.01206896551724,-8.06896551724138,"{""alpha"": 1e-05, ""kernel"": ""1**2 * RBF(length_scale=0.5) + WhiteKernel(noise_level=1)""}",nitrogen-heteroaryl,family_holdout,ee,1aa,29,1am|1i|1p|1ao|1af|1x|1u|1l|1aj|1k|1o|1s|1ac|1f|1y|1v|1w|1t|1b|1q|1h|1ai|1ag|1n|1m|1j|1ah|1c|1e,7,13.152709359605911,1a|1ae|1ak|1al|1d|1g|1r
15.06896551724138,111.66848411787555,48.19358484764169,nitrogen-heteroaryl,stage2_alt_plus_stage2pp,16.192576344447414,2,nitrogen-heteroaryl,gaussian_process,95.0,95.0,,79.93103448275862,99.66206896551725,68.46206896551723,105.06206896551723,68.01206896551724,-15.06896551724138,"{""alpha"": 1e-05, ""kernel"": ""1**2 * RBF(length_scale=0.5) + WhiteKernel(noise_level=1)""}",nitrogen-heteroaryl,family_holdout,ee,1ab,29,1am|1i|1p|1ao|1af|1x|1u|1l|1aj|1k|1o|1s|1ac|1f|1y|1v|1w|1t|1b|1q|1h|1ai|1ag|1n|1m|1j|1ah|1c|1e,7,13.152709359605911,1a|1ae|1ak|1al|1d|1g|1r
4.539366724902578,,,oxygen-heteroaryl,stage2_alt_plus_stage2pp,,1,oxygen-heteroaryl,ridge_regression,89.0,89.0,,84.46063327509742,87.5410202770604,72.26124675787213,88.62531493757953,68.41531326248821,-4.539366724902578,"{""alpha"": 10.0}",oxygen-heteroaryl,family_holdout,ee,1o,30,1am|1i|1p|1ao|1ab|1af|1x|1u|1l|1aj|1aa|1k|1s|1ac|1g|1y|1c|1w|1t|1q|1v|1ai|1b|1ag|1n|1j|1m|1ah|1d|1f,7,6.0764654653247305,1a|1ae|1ak|1al|1e|1h|1r
6.317419864015761,,,oxygen-heteroaryl,stage2_alt_plus_stage2pp,,1,oxygen-heteroaryl,elastic_net,89.0,89.0,,82.68258013598424,86.0105422673877,75.397967133649,88.4369296878679,70.66637246026576,-6.317419864015761,"{""alpha"": 0.1, ""l1_ratio"": 1.0}",oxygen-heteroaryl,family_holdout,ee,1o,30,1am|1i|1p|1ao|1ab|1af|1x|1u|1l|1aj|1aa|1k|1s|1ac|1g|1y|1c|1w|1t|1q|1v|1ai|1b|1ag|1n|1j|1m|1ah|1d|1f,7,3.865678954414819,1a|1ae|1ak|1al|1e|1h|1r
20.216999359318763,,,oxygen-heteroaryl,stage2_alt_plus_stage2pp,,1,oxygen-heteroaryl,lightgbm,89.0,89.0,,68.78300064068124,75.24611033415495,52.92709147383533,84.38348792789863,48.000979939529444,-20.216999359318763,"{""learning_rate"": 0.1, ""n_estimators"": 25, ""num_leaves"": 7}",oxygen-heteroaryl,family_holdout,ee,1o,30,1am|1i|1p|1ao|1ab|1af|1x|1u|1l|1aj|1aa|1k|1s|1ac|1g|1y|1c|1w|1t|1q|1v|1ai|1b|1ag|1n|1j|1m|1ah|1d|1f,7,9.3146038418247,1a|1ae|1ak|1al|1e|1h|1r
8.666666666666671,111.86556529451438,48.801101372152274,oxygen-heteroaryl,stage2_alt_plus_stage2pp,16.08787344958217,1,oxygen-heteroaryl,gaussian_process,89.0,89.0,,80.33333333333333,100.46666666666667,68.66666666666666,105.86666666666665,68.66666666666666,-8.666666666666671,"{""alpha"": 1e-05, ""kernel"": ""1**2 * RBF(length_scale=0.5) + WhiteKernel(noise_level=1)""}",oxygen-heteroaryl,family_holdout,ee,1o,30,1am|1i|1p|1ao|1ab|1af|1x|1u|1l|1aj|1aa|1k|1s|1ac|1g|1y|1c|1w|1t|1q|1v|1ai|1b|1ag|1n|1j|1m|1ah|1d|1f,7,13.380952380952381,1a|1ae|1ak|1al|1e|1h|1r
30.58508160934116,,,oxygen-heteroaryl-fused,stage2_alt_plus_stage2pp,,2,oxygen-heteroaryl-fused,ridge_regression,61.0,61.0,,91.58508160934116,106.47327697575707,91.84921909638658,106.88720482927415,91.64461962645993,30.58508160934116,"{""alpha"": 10.0}",oxygen-heteroaryl-fused,family_holdout,ee,1p,29,1am|1i|1ae|1y|1ab|1s|1ao|1x|1l|1k|1al|1aa|1ac|1g|1w|1u|1c|1o|1t|1v|1ai|1b|1n|1ag|1j|1m|1ah|1d|1e,7,5.279348568728177,1a|1af|1aj|1ak|1f|1h|1r
2.973913972895218,,,oxygen-heteroaryl-fused,stage2_alt_plus_stage2pp,,2,oxygen-heteroaryl-fused,ridge_regression,90.0,90.0,,92.97391397289522,107.86210933931113,93.23805145994064,108.27603719282821,93.03345199001399,2.973913972895218,"{""alpha"": 10.0}",oxygen-heteroaryl-fused,family_holdout,ee,1q,29,1am|1i|1ae|1y|1ab|1s|1ao|1x|1l|1k|1al|1aa|1ac|1g|1w|1u|1c|1o|1t|1v|1ai|1b|1n|1ag|1j|1m|1ah|1d|1e,7,5.279348568728177,1a|1af|1aj|1ak|1f|1h|1r
27.947153274459183,,,oxygen-heteroaryl-fused,stage2_alt_plus_stage2pp,,2,oxygen-heteroaryl-fused,elastic_net,61.0,61.0,,88.94715327445918,102.56830123451654,88.94528323078676,107.9115437368011,88.01703781759488,27.947153274459183,"{""alpha"": 0.1, ""l1_ratio"": 0.8}",oxygen-heteroaryl-fused,family_holdout,ee,1p,29,1am|1i|1ae|1y|1ab|1s|1ao|1x|1l|1k|1al|1aa|1ac|1g|1w|1u|1c|1o|1t|1v|1ai|1b|1n|1ag|1j|1m|1ah|1d|1e,7,5.937706370471263,1a|1af|1aj|1ak|1f|1h|1r
4.280263013698246,,,oxygen-heteroaryl-fused,stage2_alt_plus_stage2pp,,2,oxygen-heteroaryl-fused,elastic_net,90.0,90.0,,94.28026301369825,107.9014109737556,94.27839297002582,113.24465347604016,93.35014755683395,4.280263013698246,"{""alpha"": 0.1, ""l1_ratio"": 0.8}",oxygen-heteroaryl-fused,family_holdout,ee,1q,29,1am|1i|1ae|1y|1ab|1s|1ao|1x|1l|1k|1al|1aa|1ac|1g|1w|1u|1c|1o|1t|1v|1ai|1b|1n|1ag|1j|1m|1ah|1d|1e,7,5.937706370471263,1a|1af|1aj|1ak|1f|1h|1r
31.54043269104305,,,oxygen-heteroaryl-fused,stage2_alt_plus_stage2pp,,2,oxygen-heteroaryl-fused,lightgbm,61.0,61.0,,92.54043269104305,114.26661536332892,88.95223665641883,118.07063269791928,88.44135201730501,31.54043269104305,"{""learning_rate"": 0.1, ""n_estimators"": 75, ""num_leaves"": 3}",oxygen-heteroaryl-fused,family_holdout,ee,1p,29,1am|1i|1ae|1y|1ab|1s|1ao|1x|1l|1k|1al|1aa|1ac|1g|1w|1u|1c|1o|1t|1v|1ai|1b|1n|1ag|1j|1m|1ah|1d|1e,7,7.745679319086223,1a|1af|1aj|1ak|1f|1h|1r
0.23195281622562902,,,oxygen-heteroaryl-fused,stage2_alt_plus_stage2pp,,2,oxygen-heteroaryl-fused,lightgbm,90.0,90.0,,89.76804718377437,111.49422985606024,86.17985114915015,115.2982471906506,85.66896651003633,-0.23195281622562902,"{""learning_rate"": 0.1, ""n_estimators"": 75, ""num_leaves"": 3}",oxygen-heteroaryl-fused,family_holdout,ee,1q,29,1am|1i|1ae|1y|1ab|1s|1ao|1x|1l|1k|1al|1aa|1ac|1g|1w|1u|1c|1o|1t|1v|1ai|1b|1n|1ag|1j|1m|1ah|1d|1e,7,7.745679319086223,1a|1af|1aj|1ak|1f|1h|1r
20.758620689655174,111.01916534930996,52.49807603000039,oxygen-heteroaryl-fused,stage2_alt_plus_stage2pp,14.928849316150401,2,oxygen-heteroaryl-fused,gaussian_process,61.0,61.0,,81.75862068965517,109.31724137931036,72.11724137931034,116.96724137931034,71.66724137931035,20.758620689655174,"{""alpha"": 1e-05, ""kernel"": ""1**2 * RBF(length_scale=2) + WhiteKernel(noise_level=10)""}",oxygen-heteroaryl-fused,family_holdout,ee,1p,29,1am|1i|1ae|1y|1ab|1s|1ao|1x|1l|1k|1al|1aa|1ac|1g|1w|1u|1c|1o|1t|1v|1ai|1b|1n|1ag|1j|1m|1ah|1d|1e,7,15.891625615763502,1a|1af|1aj|1ak|1f|1h|1r
8.241379310344826,111.01916534930996,52.49807603000039,oxygen-heteroaryl-fused,stage2_alt_plus_stage2pp,14.928849316150401,2,oxygen-heteroaryl-fused,gaussian_process,90.0,90.0,,81.75862068965517,109.31724137931036,72.11724137931034,116.96724137931034,71.66724137931035,-8.241379310344826,"{""alpha"": 1e-05, ""kernel"": ""1**2 * RBF(length_scale=2) + WhiteKernel(noise_level=10)""}",oxygen-heteroaryl-fused,family_holdout,ee,1q,29,1am|1i|1ae|1y|1ab|1s|1ao|1x|1l|1k|1al|1aa|1ac|1g|1w|1u|1c|1o|1t|1v|1ai|1b|1n|1ag|1j|1m|1ah|1d|1e,7,15.891625615763502,1a|1af|1aj|1ak|1f|1h|1r
1.5207337408269979,,,oxygen-heterocycle-fused,stage2_alt_plus_stage2pp,,3,oxygen-heterocycle-fused,ridge_regression,91.0,91.0,,92.520733740827,95.82530073407567,81.40642107896119,96.69444606879648,77.44565935447636,1.5207337408269979,"{""alpha"": 10.0}",oxygen-heterocycle-fused,family_holdout,ee,1r,28,1am|1i|1p|1ao|1ab|1af|1x|1u|1k|1aj|1aa|1l|1ac|1g|1y|1c|1w|1o|1q|1v|1ai|1b|1ag|1n|1j|1m|1ah|1d,7,5.746391703590056,1a|1ae|1ak|1al|1e|1f|1h
10.713138841616598,,,oxygen-heterocycle-fused,stage2_alt_plus_stage2pp,,3,oxygen-heterocycle-fused,ridge_regression,80.0,80.0,,90.7131388416166,94.01770583486527,79.59882617975079,94.88685116958608,75.63806445526595,10.713138841616598,"{""alpha"": 10.0}",oxygen-heterocycle-fused,family_holdout,ee,1s,28,1am|1i|1p|1ao|1ab|1af|1x|1u|1k|1aj|1aa|1l|1ac|1g|1y|1c|1w|1o|1q|1v|1ai|1b|1ag|1n|1j|1m|1ah|1d,7,5.746391703590056,1a|1ae|1ak|1al|1e|1f|1h
3.7649022535575227,,,oxygen-heterocycle-fused,stage2_alt_plus_stage2pp,,3,oxygen-heterocycle-fused,ridge_regression,91.0,91.0,,94.76490225355752,98.0694692468062,83.65058959169171,98.938614581527,79.68982786720687,3.7649022535575227,"{""alpha"": 10.0}",oxygen-heterocycle-fused,family_holdout,ee,1t,28,1am|1i|1p|1ao|1ab|1af|1x|1u|1k|1aj|1aa|1l|1ac|1g|1y|1c|1w|1o|1q|1v|1ai|1b|1ag|1n|1j|1m|1ah|1d,7,5.746391703590056,1a|1ae|1ak|1al|1e|1f|1h
2.4217256936090337,,,oxygen-heterocycle-fused,stage2_alt_plus_stage2pp,,3,oxygen-heterocycle-fused,elastic_net,91.0,91.0,,88.57827430639097,91.23158289956503,79.54263316315594,92.16384955668471,76.55466108841352,-2.4217256936090337,"{""alpha"": 0.1, ""l1_ratio"": 1.0}",oxygen-heterocycle-fused,family_holdout,ee,1r,28,1am|1i|1p|1ao|1ab|1af|1x|1u|1k|1aj|1aa|1l|1ac|1g|1y|1c|1w|1o|1q|1v|1ai|1b|1ag|1n|1j|1m|1ah|1d,7,4.4944807573154435,1a|1ae|1ak|1al|1e|1f|1h
4.40897019885935,,,oxygen-heterocycle-fused,stage2_alt_plus_stage2pp,,3,oxygen-heterocycle-fused,elastic_net,80.0,80.0,,84.40897019885935,87.06227879203341,75.37332905562432,87.9945454491531,72.38535698088191,4.40897019885935,"{""alpha"": 0.1, ""l1_ratio"": 1.0}",oxygen-heterocycle-fused,family_holdout,ee,1s,28,1am|1i|1p|1ao|1ab|1af|1x|1u|1k|1aj|1aa|1l|1ac|1g|1y|1c|1w|1o|1q|1v|1ai|1b|1ag|1n|1j|1m|1ah|1d,7,4.4944807573154435,1a|1ae|1ak|1al|1e|1f|1h
1.7328069754385496,,,oxygen-heterocycle-fused,stage2_alt_plus_stage2pp,,3,oxygen-heterocycle-fused,elastic_net,91.0,91.0,,92.73280697543855,95.38611556861261,83.69716583220352,96.3183822257323,80.7091937574611,1.7328069754385496,"{""alpha"": 0.1, ""l1_ratio"": 1.0}",oxygen-heterocycle-fused,family_holdout,ee,1t,28,1am|1i|1p|1ao|1ab|1af|1x|1u|1k|1aj|1aa|1l|1ac|1g|1y|1c|1w|1o|1q|1v|1ai|1b|1ag|1n|1j|1m|1ah|1d,7,4.4944807573154435,1a|1ae|1ak|1al|1e|1f|1h
6.379224046410911,,,oxygen-heterocycle-fused,stage2_alt_plus_stage2pp,,3,oxygen-heterocycle-fused,lightgbm,91.0,91.0,,84.62077595358909,94.0984858634069,74.6373748441883,103.64708185710587,71.29222094126636,-6.379224046410911,"{""learning_rate"": 0.03, ""n_estimators"": 25, ""num_leaves"": 3}",oxygen-heterocycle-fused,family_holdout,ee,1r,28,1am|1i|1p|1ao|1ab|1af|1x|1u|1k|1aj|1aa|1l|1ac|1g|1y|1c|1w|1o|1q|1v|1ai|1b|1ag|1n|1j|1m|1ah|1d,7,8.787251075499357,1a|1ae|1ak|1al|1e|1f|1h
5.189031749394161,,,oxygen-heterocycle-fused,stage2_alt_plus_stage2pp,,3,oxygen-heterocycle-fused,lightgbm,80.0,80.0,,85.18903174939416,94.66674165921198,75.20563063999337,104.21533765291095,71.86047673707144,5.189031749394161,"{""learning_rate"": 0.03, ""n_estimators"": 25, ""num_leaves"": 3}",oxygen-heterocycle-fused,family_holdout,ee,1s,28,1am|1i|1p|1ao|1ab|1af|1x|1u|1k|1aj|1aa|1l|1ac|1g|1y|1c|1w|1o|1q|1v|1ai|1b|1ag|1n|1j|1m|1ah|1d,7,8.787251075499357,1a|1ae|1ak|1al|1e|1f|1h
6.379224046410911,,,oxygen-heterocycle-fused,stage2_alt_plus_stage2pp,,3,oxygen-heterocycle-fused,lightgbm,91.0,91.0,,84.62077595358909,94.0984858634069,74.6373748441883,103.64708185710587,71.29222094126636,-6.379224046410911,"{""learning_rate"": 0.03, ""n_estimators"": 25, ""num_leaves"": 3}",oxygen-heterocycle-fused,family_holdout,ee,1t,28,1am|1i|1p|1ao|1ab|1af|1x|1u|1k|1aj|1aa|1l|1ac|1g|1y|1c|1w|1o|1q|1v|1ai|1b|1ag|1n|1j|1m|1ah|1d,7,8.787251075499357,1a|1ae|1ak|1al|1e|1f|1h
11.07142857142857,112.27871123142756,47.57843162571529,oxygen-heterocycle-fused,stage2_alt_plus_stage2pp,16.505173368804154,3,oxygen-heterocycle-fused,gaussian_process,91.0,91.0,,79.92857142857143,99.65714285714287,67.85714285714286,105.05714285714285,67.85714285714286,-11.07142857142857,"{""alpha"": 1e-05, ""kernel"": ""1**2 * RBF(length_scale=2) + WhiteKernel(noise_level=10)""}",oxygen-heterocycle-fused,family_holdout,ee,1r,28,1am|1i|1p|1ao|1ab|1af|1x|1u|1k|1aj|1aa|1l|1ac|1g|1y|1c|1w|1o|1q|1v|1ai|1b|1ag|1n|1j|1m|1ah|1d,7,13.29591836734693,1a|1ae|1ak|1al|1e|1f|1h
0.0714285714285694,112.27871123142756,47.57843162571529,oxygen-heterocycle-fused,stage2_alt_plus_stage2pp,16.505173368804154,3,oxygen-heterocycle-fused,gaussian_process,80.0,80.0,,79.92857142857143,99.65714285714287,67.85714285714286,105.05714285714285,67.85714285714286,-0.0714285714285694,"{""alpha"": 1e-05, ""kernel"": ""1**2 * RBF(length_scale=2) + WhiteKernel(noise_level=10)""}",oxygen-heterocycle-fused,family_holdout,ee,1s,28,1am|1i|1p|1ao|1ab|1af|1x|1u|1k|1aj|1aa|1l|1ac|1g|1y|1c|1w|1o|1q|1v|1ai|1b|1ag|1n|1j|1m|1ah|1d,7,13.29591836734693,1a|1ae|1ak|1al|1e|1f|1h
11.07142857142857,112.27871123142756,47.57843162571529,oxygen-heterocycle-fused,stage2_alt_plus_stage2pp,16.505173368804154,3,oxygen-heterocycle-fused,gaussian_process,91.0,91.0,,79.92857142857143,99.65714285714287,67.85714285714286,105.05714285714285,67.85714285714286,-11.07142857142857,"{""alpha"": 1e-05, ""kernel"": ""1**2 * RBF(length_scale=2) + WhiteKernel(noise_level=10)""}",oxygen-heterocycle-fused,family_holdout,ee,1t,28,1am|1i|1p|1ao|1ab|1af|1x|1u|1k|1aj|1aa|1l|1ac|1g|1y|1c|1w|1o|1q|1v|1ai|1b|1ag|1n|1j|1m|1ah|1d,7,13.29591836734693,1a|1ae|1ak|1al|1e|1f|1h
10.431784949853352,,,polycyclic-aryl,stage2_alt_plus_stage2pp,,1,polycyclic-aryl,ridge_regression,91.0,91.0,,80.56821505014665,83.5344616288569,65.35379583462787,85.61868569101908,61.83564129988175,-10.431784949853352,"{""alpha"": 10.0}",polycyclic-aryl,family_holdout,ee,1n,30,1am|1i|1p|1ao|1ab|1af|1x|1u|1l|1aj|1aa|1k|1s|1ac|1g|1y|1c|1o|1w|1t|1q|1v|1ai|1b|1ag|1j|1m|1ah|1d|1e,7,7.257835552782085,1a|1ae|1ak|1al|1f|1h|1r
12.052406952661201,,,polycyclic-aryl,stage2_alt_plus_stage2pp,,1,polycyclic-aryl,elastic_net,91.0,91.0,,78.9475930473388,84.29453989805371,67.6124501584722,86.93695599553547,64.52593360818493,-12.052406952661201,"{""alpha"": 0.1, ""l1_ratio"": 0.8}",polycyclic-aryl,family_holdout,ee,1n,30,1am|1i|1p|1ao|1ab|1af|1x|1u|1l|1aj|1aa|1k|1s|1ac|1g|1y|1c|1o|1w|1t|1q|1v|1ai|1b|1ag|1j|1m|1ah|1d|1e,7,6.840410434100083,1a|1ae|1ak|1al|1f|1h|1r
6.136499233951071,,,polycyclic-aryl,stage2_alt_plus_stage2pp,,1,polycyclic-aryl,lightgbm,91.0,91.0,,84.86350076604893,93.0777620825989,75.00409141004648,101.75272767015733,74.48595865933453,-6.136499233951071,"{""learning_rate"": 0.03, ""n_estimators"": 75, ""num_leaves"": 7}",polycyclic-aryl,family_holdout,ee,1n,30,1am|1i|1p|1ao|1ab|1af|1x|1u|1l|1aj|1aa|1k|1s|1ac|1g|1y|1c|1o|1w|1t|1q|1v|1ai|1b|1ag|1j|1m|1ah|1d|1e,7,6.539238864271433,1a|1ae|1ak|1al|1f|1h|1r
10.666666666666671,111.87368390853678,48.79298275812988,polycyclic-aryl,stage2_alt_plus_stage2pp,16.092015599593598,1,polycyclic-aryl,gaussian_process,91.0,91.0,,80.33333333333333,100.46666666666667,69.26666666666665,105.86666666666665,68.81666666666666,-10.666666666666671,"{""alpha"": 1e-05, ""kernel"": ""1**2 * RBF(length_scale=2) + WhiteKernel(noise_level=10)""}",polycyclic-aryl,family_holdout,ee,1n,30,1am|1i|1p|1ao|1ab|1af|1x|1u|1l|1aj|1aa|1k|1s|1ac|1g|1y|1c|1o|1w|1t|1q|1v|1ai|1b|1ag|1j|1m|1ah|1d|1e,7,13.095238095238086,1a|1ae|1ak|1al|1f|1h|1r
13.255128260951835,,,silyl-alkyl-aryl,stage2_alt_plus_stage2pp,,1,silyl-alkyl-aryl,ridge_regression,67.0,67.0,,53.744871739048165,60.16404580240597,51.86720606240706,60.459400647826286,49.258751182758544,-13.255128260951835,"{""alpha"": 10.0}",silyl-alkyl-aryl,family_holdout,ee,1ac,30,1l|1am|1af|1y|1s|1ao|1x|1i|1ab|1p|1k|1aa|1al|1ai|1t|1v|1f|1b|1u|1w|1o|1q|1h|1ag|1n|1m|1j|1ah|1c|1e,7,4.407812351340641,1a|1ae|1aj|1ak|1d|1g|1r
10.652977324101172,,,silyl-alkyl-aryl,stage2_alt_plus_stage2pp,,1,silyl-alkyl-aryl,elastic_net,67.0,67.0,,56.34702267589883,69.5372458039813,54.54767743847249,73.01281227788546,52.930817984072846,-10.652977324101172,"{""alpha"": 0.1, ""l1_ratio"": 0.2}",silyl-alkyl-aryl,family_holdout,ee,1ac,30,1l|1am|1af|1y|1s|1ao|1x|1i|1ab|1p|1k|1aa|1al|1ai|1t|1v|1f|1b|1u|1w|1o|1q|1h|1ag|1n|1m|1j|1ah|1c|1e,7,6.4583731510038875,1a|1ae|1aj|1ak|1d|1g|1r
1.4742413843631255,,,silyl-alkyl-aryl,stage2_alt_plus_stage2pp,,1,silyl-alkyl-aryl,lightgbm,67.0,67.0,,65.52575861563687,81.2846855930342,56.5228079574354,82.3485813258485,55.61645946555698,-1.4742413843631255,"{""learning_rate"": 0.1, ""n_estimators"": 75, ""num_leaves"": 3}",silyl-alkyl-aryl,family_holdout,ee,1ac,30,1l|1am|1af|1y|1s|1ao|1x|1i|1ab|1p|1k|1aa|1al|1ai|1t|1v|1f|1b|1u|1w|1o|1q|1h|1ag|1n|1m|1j|1ah|1c|1e,7,7.612262891955068,1a|1ae|1aj|1ak|1d|1g|1r
15.099999999999994,110.60354327258312,53.596456727416864,silyl-alkyl-aryl,stage2_alt_plus_stage2pp,14.542624118664865,1,silyl-alkyl-aryl,gaussian_process,67.0,67.0,,82.1,114.79999999999998,72.79999999999998,118.85,72.35,15.099999999999994,"{""alpha"": 1e-05, ""kernel"": ""1**2 * RBF(length_scale=0.5) + WhiteKernel(noise_level=1)""}",silyl-alkyl-aryl,family_holdout,ee,1ac,30,1l|1am|1af|1y|1s|1ao|1x|1i|1ab|1p|1k|1aa|1al|1ai|1t|1v|1f|1b|1u|1w|1o|1q|1h|1ag|1n|1m|1j|1ah|1c|1e,7,16.985714285714288,1a|1ae|1aj|1ak|1d|1g|1r
4.759643890676415,,,sulfur-heteroaryl,stage2_alt_plus_stage2pp,,1,sulfur-heteroaryl,ridge_regression,91.0,91.0,,86.24035610932359,87.69050912925466,73.17670972446548,89.3568603349333,69.21376388054661,-4.759643890676415,"{""alpha"": 10.0}",sulfur-heteroaryl,family_holdout,ee,1v,30,1am|1i|1p|1ao|1ab|1af|1x|1u|1l|1aj|1aa|1k|1s|1ac|1g|1y|1c|1w|1t|1o|1q|1ai|1b|1ag|1n|1j|1m|1ah|1d|1f,7,6.105440259077292,1a|1ae|1ak|1al|1e|1h|1r
5.15008868920701,,,sulfur-heteroaryl,stage2_alt_plus_stage2pp,,1,sulfur-heteroaryl,elastic_net,91.0,91.0,,85.84991131079299,89.12100099384205,76.6573061157091,92.54401733802673,75.1446692586273,-5.15008868920701,"{""alpha"": 0.1, ""l1_ratio"": 0.8}",sulfur-heteroaryl,family_holdout,ee,1v,30,1am|1i|1p|1ao|1ab|1af|1x|1u|1l|1aj|1aa|1k|1s|1ac|1g|1y|1c|1w|1t|1o|1q|1ai|1b|1ag|1n|1j|1m|1ah|1d|1f,7,4.900020904904015,1a|1ae|1ak|1al|1e|1h|1r
1.888883669894696,,,sulfur-heteroaryl,stage2_alt_plus_stage2pp,,1,sulfur-heteroaryl,lightgbm,91.0,91.0,,89.1111163301053,95.86779007773825,74.99725786339778,104.79665232816012,72.10672256244257,-1.888883669894696,"{""learning_rate"": 0.1, ""n_estimators"": 25, ""num_leaves"": 7}",sulfur-heteroaryl,family_holdout,ee,1v,30,1am|1i|1p|1ao|1ab|1af|1x|1u|1l|1aj|1aa|1k|1s|1ac|1g|1y|1c|1w|1t|1o|1q|1ai|1b|1ag|1n|1j|1m|1ah|1d|1f,7,8.20198145943379,1a|1ae|1ak|1al|1e|1h|1r
10.733333333333334,111.72001675967157,48.813316573661766,sulfur-heteroaryl,stage2_alt_plus_stage2pp,16.047627598471887,1,sulfur-heteroaryl,gaussian_process,91.0,91.0,,80.26666666666667,100.33333333333334,68.53333333333333,105.73333333333332,68.53333333333333,-10.733333333333334,"{""alpha"": 1e-05, ""kernel"": ""1**2 * RBF(length_scale=0.5) + WhiteKernel(noise_level=1)""}",sulfur-heteroaryl,family_holdout,ee,1v,30,1am|1i|1p|1ao|1ab|1af|1x|1u|1l|1aj|1aa|1k|1s|1ac|1g|1y|1c|1w|1t|1o|1q|1ai|1b|1ag|1n|1j|1m|1ah|1d|1f,7,13.39047619047619,1a|1ae|1ak|1al|1e|1h|1r
27.554464194462298,,,sulfur-heteroaryl-fused,stage2_alt_plus_stage2pp,,2,sulfur-heteroaryl-fused,ridge_regression,92.0,92.0,,64.4455358055377,72.31449945965973,62.128743142721476,74.6103057508532,61.76635111592594,-27.554464194462298,"{""alpha"": 10.0}",sulfur-heteroaryl-fused,family_holdout,ee,1w,29,1am|1i|1p|1ao|1ab|1af|1e|1k|1s|1al|1y|1aa|1ac|1t|1v|1c|1o|1u|1q|1ai|1b|1m|1ag|1h|1n|1j|1ah|1f|1l,7,3.7928104354736667,1a|1ae|1aj|1ak|1d|1g|1r
15.45011932815207,,,sulfur-heteroaryl-fused,stage2_alt_plus_stage2pp,,2,sulfur-heteroaryl-fused,ridge_regression,94.0,94.0,,78.54988067184793,86.41884432596996,76.2330880090317,88.71465061716343,75.87069598223617,-15.45011932815207,"{""alpha"": 10.0}",sulfur-heteroaryl-fused,family_holdout,ee,1x,29,1am|1i|1p|1ao|1ab|1af|1e|1k|1s|1al|1y|1aa|1ac|1t|1v|1c|1o|1u|1q|1ai|1b|1m|1ag|1h|1n|1j|1ah|1f|1l,7,3.7928104354736667,1a|1ae|1aj|1ak|1d|1g|1r
26.71523646489416,,,sulfur-heteroaryl-fused,stage2_alt_plus_stage2pp,,2,sulfur-heteroaryl-fused,elastic_net,92.0,92.0,,65.28476353510584,73.51934715437811,63.44725225469937,75.45963757270056,62.97694361940278,-26.71523646489416,"{""alpha"": 0.1, ""l1_ratio"": 0.2}",sulfur-heteroaryl-fused,family_holdout,ee,1w,29,1am|1i|1p|1ao|1ab|1af|1e|1k|1s|1al|1y|1aa|1ac|1t|1v|1c|1o|1u|1q|1ai|1b|1m|1ag|1h|1n|1j|1ah|1f|1l,7,4.069554533333081,1a|1ae|1aj|1ak|1d|1g|1r
16.54887238520277,,,sulfur-heteroaryl-fused,stage2_alt_plus_stage2pp,,2,sulfur-heteroaryl-fused,elastic_net,94.0,94.0,,77.45112761479723,85.6857112340695,75.61361633439076,87.62600165239195,75.14330769909418,-16.54887238520277,"{""alpha"": 0.1, ""l1_ratio"": 0.2}",sulfur-heteroaryl-fused,family_holdout,ee,1x,29,1am|1i|1p|1ao|1ab|1af|1e|1k|1s|1al|1y|1aa|1ac|1t|1v|1c|1o|1u|1q|1ai|1b|1m|1ag|1h|1n|1j|1ah|1f|1l,7,4.069554533333081,1a|1ae|1aj|1ak|1d|1g|1r
12.172401043208609,,,sulfur-heteroaryl-fused,stage2_alt_plus_stage2pp,,2,sulfur-heteroaryl-fused,lightgbm,92.0,92.0,,79.82759895679139,100.79036349264227,76.44804883235741,105.07040078453991,75.56266645995194,-12.172401043208609,"{""learning_rate"": 0.1, ""n_estimators"": 75, ""num_leaves"": 7}",sulfur-heteroaryl-fused,family_holdout,ee,1w,29,1am|1i|1p|1ao|1ab|1af|1e|1k|1s|1al|1y|1aa|1ac|1t|1v|1c|1o|1u|1q|1ai|1b|1m|1ag|1h|1n|1j|1ah|1f|1l,7,8.65634734774237,1a|1ae|1aj|1ak|1d|1g|1r
20.361109675888272,,,sulfur-heteroaryl-fused,stage2_alt_plus_stage2pp,,2,sulfur-heteroaryl-fused,lightgbm,94.0,94.0,,73.63889032411173,94.60165485996261,70.25934019967775,98.88169215186025,69.37395782727228,-20.361109675888272,"{""learning_rate"": 0.1, ""n_estimators"": 75, ""num_leaves"": 7}",sulfur-heteroaryl-fused,family_holdout,ee,1x,29,1am|1i|1p|1ao|1ab|1af|1e|1k|1s|1al|1y|1aa|1ac|1t|1v|1c|1o|1u|1q|1ai|1b|1m|1ag|1h|1n|1j|1ah|1f|1l,7,8.65634734774237,1a|1ae|1aj|1ak|1d|1g|1r
11.172413793103445,109.68429937066398,51.97087304312913,sulfur-heteroaryl-fused,stage2_alt_plus_stage2pp,14.722812838656852,2,sulfur-heteroaryl-fused,gaussian_process,92.0,92.0,,80.82758620689656,112.2551724137931,70.2551724137931,116.30517241379312,69.80517241379312,-11.172413793103445,"{""alpha"": 1e-05, ""kernel"": ""1**2 * RBF(length_scale=0.5) + WhiteKernel(noise_level=1)""}",sulfur-heteroaryl-fused,family_holdout,ee,1w,29,1am|1i|1p|1ao|1ab|1af|1e|1k|1s|1al|1y|1aa|1ac|1t|1v|1c|1o|1u|1q|1ai|1b|1m|1ag|1h|1n|1j|1ah|1f|1l,7,17.167487684729064,1a|1ae|1aj|1ak|1d|1g|1r
13.172413793103445,109.68429937066398,51.97087304312913,sulfur-heteroaryl-fused,stage2_alt_plus_stage2pp,14.722812838656852,2,sulfur-heteroaryl-fused,gaussian_process,94.0,94.0,,80.82758620689656,112.2551724137931,70.2551724137931,116.30517241379312,69.80517241379312,-13.172413793103445,"{""alpha"": 1e-05, ""kernel"": ""1**2 * RBF(length_scale=0.5) + WhiteKernel(noise_level=1)""}",sulfur-heteroaryl-fused,family_holdout,ee,1x,29,1am|1i|1p|1ao|1ab|1af|1e|1k|1s|1al|1y|1aa|1ac|1t|1v|1c|1o|1u|1q|1ai|1b|1m|1ag|1h|1n|1j|1ah|1f|1l,7,17.167487684729064,1a|1ae|1aj|1ak|1d|1g|1r
0.2875977207662288,,,sulfur-heterocycle-fused,stage2_alt_plus_stage2pp,,1,sulfur-heterocycle-fused,ridge_regression,91.0,91.0,,91.28759772076623,93.80459849777552,78.02972146436507,95.39796563992263,74.10869503656019,0.2875977207662288,"{""alpha"": 10.0}",sulfur-heterocycle-fused,family_holdout,ee,1y,30,1am|1i|1p|1ao|1ab|1af|1x|1u|1l|1aj|1aa|1k|1s|1ac|1g|1c|1o|1w|1t|1q|1v|1ai|1b|1ag|1n|1j|1m|1ah|1d|1e,7,5.640310467933111,1a|1ae|1ak|1al|1f|1h|1r
6.908903909949487,,,sulfur-heterocycle-fused,stage2_alt_plus_stage2pp,,1,sulfur-heterocycle-fused,elastic_net,91.0,91.0,,97.90890390994949,103.14516723120765,93.00806370362132,106.41910578252651,90.57957407566158,6.908903909949487,"{""alpha"": 0.1, ""l1_ratio"": 1.0}",sulfur-heterocycle-fused,family_holdout,ee,1y,30,1am|1i|1p|1ao|1ab|1af|1x|1u|1l|1aj|1aa|1k|1s|1ac|1g|1c|1o|1w|1t|1q|1v|1ai|1b|1ag|1n|1j|1m|1ah|1d|1e,7,3.7082355418264368,1a|1ae|1ak|1al|1f|1h|1r
0.7481796044406792,,,sulfur-heterocycle-fused,stage2_alt_plus_stage2pp,,1,sulfur-heterocycle-fused,lightgbm,91.0,91.0,,90.25182039555932,98.60907767890433,81.21991099791263,106.87964423756081,80.7198306876078,-0.7481796044406792,"{""learning_rate"": 0.03, ""n_estimators"": 75, ""num_leaves"": 7}",sulfur-heterocycle-fused,family_holdout,ee,1y,30,1am|1i|1p|1ao|1ab|1af|1x|1u|1l|1aj|1aa|1k|1s|1ac|1g|1c|1o|1w|1t|1q|1v|1ai|1b|1ag|1n|1j|1m|1ah|1d|1e,7,6.4186790466219605,1a|1ae|1ak|1al|1f|1h|1r
10.666666666666671,111.87368390853678,48.79298275812988,sulfur-heterocycle-fused,stage2_alt_plus_stage2pp,16.092015599593594,1,sulfur-heterocycle-fused,gaussian_process,91.0,91.0,,80.33333333333333,100.46666666666667,69.26666666666665,105.86666666666665,68.81666666666666,-10.666666666666671,"{""alpha"": 1e-05, ""kernel"": ""1**2 * RBF(length_scale=2) + WhiteKernel(noise_level=10)""}",sulfur-heterocycle-fused,family_holdout,ee,1y,30,1am|1i|1p|1ao|1ab|1af|1x|1u|1l|1aj|1aa|1k|1s|1ac|1g|1c|1o|1w|1t|1q|1v|1ai|1b|1ag|1n|1j|1m|1ah|1d|1e,7,13.095238095238072,1a|1ae|1ak|1al|1f|1h|1r
