feature_name,mean,std,spearman_ee,pearson_ee
stage2pp_flexibility:stage2pp:flexibility:c_to_h_distance:all_200:mean,1.111939508993623,0.0006707841057247636,0.22467775176525978,0.05183287033913897
stage2pp_flexibility:stage2pp:flexibility:c_to_h_distance:all_200:median,1.1118001853575974,0.0008831088270472911,0.11667861729814469,-0.006297828807003462
stage2pp_flexibility:stage2pp:flexibility:c_to_h_distance:all_200:q10,1.1114870964006194,0.000944494765008409,0.4407858875707688,0.22114660807627748
stage2pp_flexibility:stage2pp:flexibility:c_to_h_distance:all_200:q90,1.112292813809077,0.0004912932429958922,-0.028345652789944754,-0.10563279644952098
stage2pp_flexibility:stage2pp:flexibility:c_to_h_distance:all_200:std,0.00034527930729895997,0.0002986055325020964,-0.3627804089627813,-0.3249116672638358
stage2pp_flexibility:stage2pp:flexibility:c_to_h_distance:bottom_100:mean,1.1120163179369036,0.0006435769430051816,0.5314260563758247,0.4201582447040092
stage2pp_flexibility:stage2pp:flexibility:c_to_h_distance:bottom_100:median,1.112010351633646,0.000640402146279841,0.510661217704121,0.40607909642187445
stage2pp_flexibility:stage2pp:flexibility:c_to_h_distance:bottom_100:q10,1.1117452755544606,0.000940631629008592,0.5107710845753999,0.48558230854228285
stage2pp_flexibility:stage2pp:flexibility:c_to_h_distance:bottom_100:q90,1.1121849869845841,0.0005507357455134676,0.2849946640973515,0.2804793228474881
stage2pp_flexibility:stage2pp:flexibility:c_to_h_distance:bottom_100:std,0.0001820158632758098,0.0002342969133255983,-0.5078046790508707,-0.5198631966510261
stage2pp_flexibility:stage2pp:flexibility:c_to_h_distance:top_100:mean,1.1118627000503432,0.000889665417852146,-0.14008026088054093,-0.2257779424930733
stage2pp_flexibility:stage2pp:flexibility:c_to_h_distance:top_100:median,1.111816024801822,0.0008774558286704358,-0.02373124419623282,-0.19435609073212293
stage2pp_flexibility:stage2pp:flexibility:c_to_h_distance:top_100:q10,1.111814714361614,0.0008772312088204112,-0.02911472088889674,-0.19405415757078495
stage2pp_flexibility:stage2pp:flexibility:c_to_h_distance:top_100:q90,1.1119224744311023,0.0009142992819417518,-0.1832579412931312,-0.24717295906144893
stage2pp_flexibility:stage2pp:flexibility:c_to_h_distance:top_100:std,5.218050895420506e-05,9.17936421931126e-05,-0.013953092652414666,-0.31125111754848067
stage2pp_flexibility:stage2pp:flexibility:corridor_axial_mean:all_200:mean,3.1810885246523215,0.8370486667540611,0.2670863640788981,0.21461570366428287
stage2pp_flexibility:stage2pp:flexibility:corridor_axial_mean:all_200:median,2.9918881094202554,0.8510883151154047,0.10920767005118251,0.054754816700486826
stage2pp_flexibility:stage2pp:flexibility:corridor_axial_mean:all_200:q10,2.507876710201426,0.840213293635063,0.3795900402684463,0.30185214821684825
stage2pp_flexibility:stage2pp:flexibility:corridor_axial_mean:all_200:q90,3.7745598911699267,1.0869152288909614,0.21951400881515357,0.14180781106840945
stage2pp_flexibility:stage2pp:flexibility:corridor_axial_mean:all_200:std,0.5228551449716651,0.3527634388995745,-0.06679905773754424,-0.1179503422428354
stage2pp_flexibility:stage2pp:flexibility:corridor_axial_mean:bottom_100:mean,3.408251409627107,1.115965154028869,0.43452347590787405,0.3807928984788267
stage2pp_flexibility:stage2pp:flexibility:corridor_axial_mean:bottom_100:median,3.321535583806558,1.1294749093936394,0.3825564457929753,0.37805896336847633
stage2pp_flexibility:stage2pp:flexibility:corridor_axial_mean:bottom_100:q10,3.1440831228419293,1.2134623913277918,0.44935550353051956,0.4744429901388014
stage2pp_flexibility:stage2pp:flexibility:corridor_axial_mean:bottom_100:q90,3.6952104776840833,1.1381971033833558,0.2713711720587734,0.20679828112635137
stage2pp_flexibility:stage2pp:flexibility:corridor_axial_mean:bottom_100:std,0.23839597699229353,0.2862716522523102,-0.3167461898969408,-0.4695124543682076
stage2pp_flexibility:stage2pp:flexibility:corridor_axial_mean:top_100:mean,2.9539256396775366,0.7920520254882725,0.044056615382821115,-0.08290368089166684
stage2pp_flexibility:stage2pp:flexibility:corridor_axial_mean:top_100:median,2.8636822571874165,0.8357137511096505,0.048890757719090766,-0.08989469356615624
stage2pp_flexibility:stage2pp:flexibility:corridor_axial_mean:top_100:q10,2.7911336435062197,0.8513028571575311,-0.013184024553462678,-0.1427568343641489
stage2pp_flexibility:stage2pp:flexibility:corridor_axial_mean:top_100:q90,3.0955324473687598,0.8447613367982005,0.0547137018968701,-0.046819579226502546
stage2pp_flexibility:stage2pp:flexibility:corridor_axial_mean:top_100:std,0.1460922550359014,0.24674358655687778,0.15645042470109044,0.1579620124487129
stage2pp_flexibility:stage2pp:flexibility:corridor_fraction:all_200:mean,0.29230703335569314,0.10908357516301843,-0.035598813979426845,-0.18724012181782002
stage2pp_flexibility:stage2pp:flexibility:corridor_fraction:all_200:median,0.25423634028510367,0.12465633370543854,-0.06555973941287387,-0.26950521549604034
stage2pp_flexibility:stage2pp:flexibility:corridor_fraction:all_200:q10,0.2262884367954027,0.08731129442312814,-0.10048145425891859,-0.22458485141983067
stage2pp_flexibility:stage2pp:flexibility:corridor_fraction:all_200:q90,0.399039934523686,0.15793391702400408,-0.001705083436889276,-0.15942124473743458
stage2pp_flexibility:stage2pp:flexibility:corridor_fraction:all_200:std,0.08199173474578109,0.05639106770972225,0.14021192607154204,-0.0031782092696947084
stage2pp_flexibility:stage2pp:flexibility:corridor_fraction:bottom_100:mean,0.2928785755370406,0.1034240059591919,-0.16433288045350658,-0.36390438010815573
stage2pp_flexibility:stage2pp:flexibility:corridor_fraction:bottom_100:median,0.2672377158445271,0.11844785251422017,-0.26951066224043885,-0.48889408272792395
stage2pp_flexibility:stage2pp:flexibility:corridor_fraction:bottom_100:q10,0.23198175663345935,0.09905385367266197,-0.06719040557214424,-0.19900732317173148
stage2pp_flexibility:stage2pp:flexibility:corridor_fraction:bottom_100:q90,0.35858826845668956,0.13706234382332647,-0.23269181315968665,-0.3424372178074728
stage2pp_flexibility:stage2pp:flexibility:corridor_fraction:bottom_100:std,0.061841490097285116,0.061027632474246425,-0.05497415842929392,-0.1442927137297937
stage2pp_flexibility:stage2pp:flexibility:corridor_fraction:top_100:mean,0.29173549117434566,0.14050618039798501,0.03678469707441417,-0.022868709530857963
stage2pp_flexibility:stage2pp:flexibility:corridor_fraction:top_100:median,0.2582285103956936,0.13938099639675866,-0.0004977343054193287,-0.004231892986150266
stage2pp_flexibility:stage2pp:flexibility:corridor_fraction:top_100:q10,0.25822851039569295,0.13938099639675897,0.000276764716856668,-0.004231892986149831
stage2pp_flexibility:stage2pp:flexibility:corridor_fraction:top_100:q90,0.3343473734727604,0.1691787151546366,0.083907983716557,-0.016425281073304147
stage2pp_flexibility:stage2pp:flexibility:corridor_fraction:top_100:std,0.03690274969338714,0.0652221365137368,-0.006457272080658366,-0.024695127576795383
stage2pp_flexibility:stage2pp:flexibility:n_c_h_angle:all_200:mean,72.87044115605427,14.543990959946097,-0.2575279462776376,-0.3532176639796815
stage2pp_flexibility:stage2pp:flexibility:n_c_h_angle:all_200:median,64.55281471427661,18.941395148055133,-0.2512655346147428,-0.40117525589713
stage2pp_flexibility:stage2pp:flexibility:n_c_h_angle:all_200:q10,59.02743830357681,15.11507142967092,0.05877877613418776,-0.2968461687542549
stage2pp_flexibility:stage2pp:flexibility:n_c_h_angle:all_200:q90,94.16685882605186,25.70969786805839,-0.02779631843355048,-0.15459118546485057
stage2pp_flexibility:stage2pp:flexibility:n_c_h_angle:all_200:std,16.96475646835916,12.058759470168997,0.019776036830194015,0.037213586029924015
stage2pp_flexibility:stage2pp:flexibility:n_c_h_angle:bottom_100:mean,73.55279191472121,15.534735912549902,-0.43880828388774945,-0.5076199341540025
stage2pp_flexibility:stage2pp:flexibility:n_c_h_angle:bottom_100:median,68.23905764174087,20.85414783601317,-0.4505640391145869,-0.6017255736104132
stage2pp_flexibility:stage2pp:flexibility:n_c_h_angle:bottom_100:q10,60.76193332101887,15.156887683962523,-0.08998096757738278,-0.23333758145953862
stage2pp_flexibility:stage2pp:flexibility:n_c_h_angle:bottom_100:q90,87.04099857650571,24.366927883910463,-0.2955418837401217,-0.4144029565844383
stage2pp_flexibility:stage2pp:flexibility:n_c_h_angle:bottom_100:std,12.890735990772807,13.031662929496814,-0.230610562814318,-0.1725970278342491
stage2pp_flexibility:stage2pp:flexibility:n_c_h_angle:top_100:mean,72.18809039738733,21.366372941954097,-0.0787745467069395,-0.1117947069953502
stage2pp_flexibility:stage2pp:flexibility:n_c_h_angle:top_100:median,65.07000469727257,21.1670770330711,-0.04592435219456165,-0.11040312414521693
stage2pp_flexibility:stage2pp:flexibility:n_c_h_angle:top_100:q10,65.05602295913809,21.162798407008424,-0.04669342029351365,-0.11048785194248335
stage2pp_flexibility:stage2pp:flexibility:n_c_h_angle:top_100:q90,81.48830583820708,29.97293106988469,-0.023291776711117398,-0.05097191576416154
stage2pp_flexibility:stage2pp:flexibility:n_c_h_angle:top_100:std,7.933215477663782,13.8483317217751,0.12305089583231832,0.019039624776469425
stage2pp_flexibility:stage2pp:flexibility:n_to_c_distance:all_200:mean,3.847298688223279,0.9710423284783882,0.103494592744682,0.17809567860397757
stage2pp_flexibility:stage2pp:flexibility:n_to_c_distance:all_200:median,3.7600244770073457,1.0056270387239596,0.025269380394136797,0.1587673278196156
stage2pp_flexibility:stage2pp:flexibility:n_to_c_distance:all_200:q10,3.6433492537897836,0.957255052856693,0.251924735842416,0.16456141234847768
stage2pp_flexibility:stage2pp:flexibility:n_to_c_distance:all_200:q90,4.111724026092196,0.9971490643003378,0.2234692161811924,0.22335514373946114
stage2pp_flexibility:stage2pp:flexibility:n_to_c_distance:all_200:std,0.21189066304246845,0.1651715673751921,0.10107752157654719,0.10422868716180328
stage2pp_flexibility:stage2pp:flexibility:n_to_c_distance:bottom_100:mean,3.91061078299647,0.9834699331461892,0.15524188911702302,0.20102869302237183
stage2pp_flexibility:stage2pp:flexibility:n_to_c_distance:bottom_100:median,3.821851986925228,0.9935602791639069,-0.04328754728386912,0.13763222448552695
stage2pp_flexibility:stage2pp:flexibility:n_to_c_distance:bottom_100:q10,3.688486039687548,1.0297629578574685,0.2718106395438889,0.22051524333137382
stage2pp_flexibility:stage2pp:flexibility:n_to_c_distance:bottom_100:q90,4.128181132842124,0.9897881310060475,0.26829489966296544,0.2108072355469229
stage2pp_flexibility:stage2pp:flexibility:n_to_c_distance:bottom_100:std,0.20900158625065882,0.2071792674379335,-0.06943586264823677,0.01423667429837773
stage2pp_flexibility:stage2pp:flexibility:n_to_c_distance:top_100:mean,3.7839865934500914,0.973018150460451,0.03383899635388754,0.15228000580440837
stage2pp_flexibility:stage2pp:flexibility:n_to_c_distance:top_100:median,3.7232220217161367,0.9513519404226001,0.12953304123777082,0.14779580611100213
stage2pp_flexibility:stage2pp:flexibility:n_to_c_distance:top_100:q10,3.723142685125584,0.9513554358122984,0.12931330749521308,0.1478306896213598
stage2pp_flexibility:stage2pp:flexibility:n_to_c_distance:top_100:q90,3.8604914490596456,1.0107545779926568,0.05383476692663926,0.15237787906748557
stage2pp_flexibility:stage2pp:flexibility:n_to_c_distance:top_100:std,0.06691855460485131,0.13087294916051403,0.02384111106751167,0.050195657943856435
stage2pp_flexibility:stage2pp:flexibility:n_to_h_distance:all_200:mean,3.676865007777979,1.0533201826836776,0.07569827431113153,0.06610295322288853
stage2pp_flexibility:stage2pp:flexibility:n_to_h_distance:all_200:median,3.4590537589442145,1.1251729552312602,0.06910626203440019,-0.0035918277417740225
stage2pp_flexibility:stage2pp:flexibility:n_to_h_distance:all_200:q10,3.2703084913749745,1.0864227611720214,0.24698072663486748,0.09052935765645921
stage2pp_flexibility:stage2pp:flexibility:n_to_h_distance:all_200:q90,4.284770196142094,1.1692912017777344,0.2749967788109756,0.10716536905048742
stage2pp_flexibility:stage2pp:flexibility:n_to_h_distance:all_200:std,0.47683097038624184,0.3348514811307897,0.021863507384492276,0.04432161618536098
stage2pp_flexibility:stage2pp:flexibility:n_to_h_distance:bottom_100:mean,3.752759219827612,1.00310346441555,0.06646945712370765,0.04466340840573637
stage2pp_flexibility:stage2pp:flexibility:n_to_h_distance:bottom_100:median,3.5829242586720893,1.0879213599082578,-0.0941559086859793,-0.1047909783518276
stage2pp_flexibility:stage2pp:flexibility:n_to_h_distance:bottom_100:q10,3.3244632224852673,1.0686091364945804,0.21841534010236502,0.12984044535372952
stage2pp_flexibility:stage2pp:flexibility:n_to_h_distance:bottom_100:q90,4.196171928225908,1.1027394318141082,0.24478338920929038,0.0231165302892107
stage2pp_flexibility:stage2pp:flexibility:n_to_h_distance:bottom_100:std,0.42602617025802986,0.4203700340624002,-0.13096131056439592,-0.07763428416175677
stage2pp_flexibility:stage2pp:flexibility:n_to_h_distance:top_100:mean,3.600970795728346,1.1720646816367772,0.0993196516360855,0.08058696017784904
stage2pp_flexibility:stage2pp:flexibility:n_to_h_distance:top_100:median,3.422199765391616,1.1857662516601508,0.15018801303819568,0.08047793397972271
stage2pp_flexibility:stage2pp:flexibility:n_to_h_distance:top_100:q10,3.421957515518892,1.1856508539388984,0.14875974371157055,0.08047724980194358
stage2pp_flexibility:stage2pp:flexibility:n_to_h_distance:top_100:q90,3.833922567337023,1.2506085285771487,0.13524611854427132,0.08600980760318758
stage2pp_flexibility:stage2pp:flexibility:n_to_h_distance:top_100:std,0.19926287735344123,0.3294941475745824,0.02395097793879053,0.010566872319266417
stage2pp_flexibility:stage2pp:flexibility:parallel_motion_std:all_200:mean,2.2865936487787852,0.29321269252526416,0.35179372183489577,0.39507847471559315
stage2pp_flexibility:stage2pp:flexibility:parallel_motion_std:all_200:median,2.185234642949157,0.40981796383982166,-0.046583553422234796,0.057055266339070085
stage2pp_flexibility:stage2pp:flexibility:parallel_motion_std:all_200:q10,1.74440648227231,0.4033116944935158,0.19105848915392995,0.26601774310236864
stage2pp_flexibility:stage2pp:flexibility:parallel_motion_std:all_200:q90,2.6662552848078627,0.4351982574339445,0.22874282600257745,0.2667730940200339
stage2pp_flexibility:stage2pp:flexibility:parallel_motion_std:all_200:std,0.39050196348209626,0.2384889090673836,0.04614408593711937,0.006862659431816789
stage2pp_flexibility:stage2pp:flexibility:parallel_motion_std:bottom_100:mean,2.42439505979087,0.5158174169499194,0.5174729637234101,0.5663070341923377
stage2pp_flexibility:stage2pp:flexibility:parallel_motion_std:bottom_100:median,2.3244388958135587,0.5938846428857739,0.588337095698272,0.5941407422795899
stage2pp_flexibility:stage2pp:flexibility:parallel_motion_std:bottom_100:q10,2.2098433586382766,0.6429716183174897,0.5347220625141904,0.5541254771123465
stage2pp_flexibility:stage2pp:flexibility:parallel_motion_std:bottom_100:q90,2.6460201077281362,0.46258986928202844,0.2781829180780625,0.3192769147565035
stage2pp_flexibility:stage2pp:flexibility:parallel_motion_std:bottom_100:std,0.19309575924689268,0.20093031166128988,-0.37596443351624403,-0.42436070545003884
stage2pp_flexibility:stage2pp:flexibility:parallel_motion_std:top_100:mean,2.1487922377666995,0.39432773314629893,-0.0971223142105084,-0.15324051502858746
stage2pp_flexibility:stage2pp:flexibility:parallel_motion_std:top_100:median,2.088177047784773,0.4970050513666335,-0.1364546541283387,-0.11485802033841584
stage2pp_flexibility:stage2pp:flexibility:parallel_motion_std:top_100:q10,2.0276870363929747,0.527092802416295,-0.2067694517468063,-0.18535375417995067
stage2pp_flexibility:stage2pp:flexibility:parallel_motion_std:top_100:q90,2.243335178240601,0.37001912040900253,-0.09723218108178724,-0.11195673486889897
stage2pp_flexibility:stage2pp:flexibility:parallel_motion_std:top_100:std,0.10324675971529555,0.2069433987657064,0.037025135620974356,0.12148823655723422
stage2pp_flexibility:stage2pp:flexibility:perpendicular_motion_std:all_200:mean,1.369190308351744,0.18006273293511046,-0.08547642585494969,-0.07505302779205822
stage2pp_flexibility:stage2pp:flexibility:perpendicular_motion_std:all_200:median,1.2923759012635554,0.17755610005214734,-0.019336569345078592,0.004933191386114423
stage2pp_flexibility:stage2pp:flexibility:perpendicular_motion_std:all_200:q10,1.2268538197144558,0.18751927192031215,0.10140712219038375,0.14704790646132376
stage2pp_flexibility:stage2pp:flexibility:perpendicular_motion_std:all_200:q90,1.5393666134464428,0.2760048791307363,-0.09942951850736434,-0.23995035843253537
stage2pp_flexibility:stage2pp:flexibility:perpendicular_motion_std:all_200:std,0.13515669715661682,0.10333719742040902,-0.07514893995473726,-0.2651022683259326
stage2pp_flexibility:stage2pp:flexibility:perpendicular_motion_std:bottom_100:mean,1.3741314065905943,0.259277825284526,-0.22588628734932722,-0.2670019194074052
stage2pp_flexibility:stage2pp:flexibility:perpendicular_motion_std:bottom_100:median,1.3512154253368058,0.2904924686781088,-0.2997168248487182,-0.3991030678896111
stage2pp_flexibility:stage2pp:flexibility:perpendicular_motion_std:bottom_100:q10,1.2581100839098516,0.22724378655177888,0.04669342029351365,-0.04763246560477861
stage2pp_flexibility:stage2pp:flexibility:perpendicular_motion_std:bottom_100:q90,1.4740118454623856,0.3287659503052915,-0.2012761081828635,-0.3261767579604444
stage2pp_flexibility:stage2pp:flexibility:perpendicular_motion_std:bottom_100:std,0.10427576314301239,0.1307407139094977,-0.2557700763371759,-0.2678695814346566
stage2pp_flexibility:stage2pp:flexibility:perpendicular_motion_std:top_100:mean,1.3642492101128931,0.1649601355300236,0.2097358572713354,0.2558143534289243
stage2pp_flexibility:stage2pp:flexibility:perpendicular_motion_std:top_100:median,1.3595434220286984,0.1675615182662277,0.19567289774764188,0.2674227466441602
stage2pp_flexibility:stage2pp:flexibility:perpendicular_motion_std:top_100:q10,1.357004585696248,0.1683921561834211,0.18963021982730485,0.2664435718510518
stage2pp_flexibility:stage2pp:flexibility:perpendicular_motion_std:top_100:q90,1.3709684275864369,0.1634526215227959,0.2379716431900013,0.24261506951119127
stage2pp_flexibility:stage2pp:flexibility:perpendicular_motion_std:top_100:std,0.006567914351469945,0.015544177192183562,0.0918487043891233,-0.1773082150510496
stage2pp_flexibility:stage2pp:flexibility:preferred_h_distance:all_200:mean,3.676865007777979,1.0533201826836776,0.07569827431113153,0.06610295322288853
stage2pp_flexibility:stage2pp:flexibility:preferred_h_distance:all_200:median,3.4590537589442145,1.1251729552312602,0.06910626203440019,-0.0035918277417740225
stage2pp_flexibility:stage2pp:flexibility:preferred_h_distance:all_200:q10,3.2703084913749745,1.0864227611720214,0.24698072663486748,0.09052935765645921
stage2pp_flexibility:stage2pp:flexibility:preferred_h_distance:all_200:q90,4.284770196142094,1.1692912017777344,0.2749967788109756,0.10716536905048742
stage2pp_flexibility:stage2pp:flexibility:preferred_h_distance:all_200:std,0.47683097038624184,0.3348514811307897,0.021863507384492276,0.04432161618536098
stage2pp_flexibility:stage2pp:flexibility:preferred_h_distance:bottom_100:mean,3.752759219827612,1.00310346441555,0.06646945712370765,0.04466340840573637
stage2pp_flexibility:stage2pp:flexibility:preferred_h_distance:bottom_100:median,3.5829242586720893,1.0879213599082578,-0.0941559086859793,-0.1047909783518276
stage2pp_flexibility:stage2pp:flexibility:preferred_h_distance:bottom_100:q10,3.3244632224852673,1.0686091364945804,0.21841534010236502,0.12984044535372952
stage2pp_flexibility:stage2pp:flexibility:preferred_h_distance:bottom_100:q90,4.196171928225908,1.1027394318141082,0.24478338920929038,0.0231165302892107
stage2pp_flexibility:stage2pp:flexibility:preferred_h_distance:bottom_100:std,0.42602617025802986,0.4203700340624002,-0.13096131056439592,-0.07763428416175677
stage2pp_flexibility:stage2pp:flexibility:preferred_h_distance:top_100:mean,3.600970795728346,1.1720646816367772,0.0993196516360855,0.08058696017784904
stage2pp_flexibility:stage2pp:flexibility:preferred_h_distance:top_100:median,3.422199765391616,1.1857662516601508,0.15018801303819568,0.08047793397972271
stage2pp_flexibility:stage2pp:flexibility:preferred_h_distance:top_100:q10,3.421957515518892,1.1856508539388984,0.14875974371157055,0.08047724980194358
stage2pp_flexibility:stage2pp:flexibility:preferred_h_distance:top_100:q90,3.833922567337023,1.2506085285771487,0.13524611854427132,0.08600980760318758
stage2pp_flexibility:stage2pp:flexibility:preferred_h_distance:top_100:std,0.19926287735344123,0.3294941475745824,0.02395097793879053,0.010566872319266417
stage2pp_flexibility:stage2pp:flexibility:tether_dihedral:all_200:mean,4.282596372545406,19.72090116727355,-0.1262988786091085,-0.3200000899961531
stage2pp_flexibility:stage2pp:flexibility:tether_dihedral:all_200:median,34.0225022413486,83.39982575844203,0.10531315802247107,-0.052569169623777764
stage2pp_flexibility:stage2pp:flexibility:tether_dihedral:all_200:q10,-111.2439675679371,51.733230088164206,0.07323027628792589,-0.04427602843192105
stage2pp_flexibility:stage2pp:flexibility:tether_dihedral:all_200:q90,108.21332048566634,46.76354710985176,-0.12454091248666765,-0.041953349506033855
stage2pp_flexibility:stage2pp:flexibility:tether_dihedral:all_200:std,97.75560445336006,39.28979827754561,0.04422383526765217,0.04933403404825046
stage2pp_flexibility:stage2pp:flexibility:tether_dihedral:bottom_100:mean,6.467532914488455,34.63861720522203,-0.10674150549695423,-0.27258189041831543
stage2pp_flexibility:stage2pp:flexibility:tether_dihedral:bottom_100:median,23.010636582497288,97.72145648276182,-0.0347747673595327,-0.06667646397425843
stage2pp_flexibility:stage2pp:flexibility:tether_dihedral:bottom_100:q10,-116.57340979324957,54.14662461212541,-0.09707269182352966,-0.09549332710576604
stage2pp_flexibility:stage2pp:flexibility:tether_dihedral:bottom_100:q90,115.85287777703529,50.69426408477306,-0.047629894629881285,-0.003250066003708459
stage2pp_flexibility:stage2pp:flexibility:tether_dihedral:bottom_100:std,101.44991588319098,41.585928730201246,0.03664260636462608,0.0678364095301519
stage2pp_flexibility:stage2pp:flexibility:tether_dihedral:top_100:mean,2.0976598306023577,14.476276995256951,-0.11981637853260793,-0.21963661916883034
stage2pp_flexibility:stage2pp:flexibility:tether_dihedral:top_100:median,-11.926647474663131,92.00146341379984,-0.2882515076389701,-0.3740600024275184
stage2pp_flexibility:stage2pp:flexibility:tether_dihedral:top_100:q10,-94.78384995057282,42.87839064427067,-0.05883692866044158,0.01565400432387201
stage2pp_flexibility:stage2pp:flexibility:tether_dihedral:top_100:q90,95.74131056479507,42.74631699485985,-0.052793920114551224,-0.03554857027393331
stage2pp_flexibility:stage2pp:flexibility:tether_dihedral:top_100:std,89.64653630105896,38.737580234287314,-0.015876631543293763,-0.010710855572662546
stage2pp_flexibility:stage2pp:flexibility:two_h_distance_gap:all_200:mean,0.8231798216183893,0.3132447491815485,0.2392900456453476,0.41045823042149004
stage2pp_flexibility:stage2pp:flexibility:two_h_distance_gap:all_200:median,0.884079127827125,0.47356689659722745,0.20808785420215262,0.3541470559118254
stage2pp_flexibility:stage2pp:flexibility:two_h_distance_gap:all_200:q10,0.2502551837707108,0.4263435573193911,0.11294314367466361,0.2218262830751338
stage2pp_flexibility:stage2pp:flexibility:two_h_distance_gap:all_200:q90,1.1101547411835349,0.32583277135838346,0.014832027622645511,0.2785439016852437
stage2pp_flexibility:stage2pp:flexibility:two_h_distance_gap:all_200:std,0.35112113281114105,0.22380478482037994,0.0006592012276731338,-0.01285991410730753
stage2pp_flexibility:stage2pp:flexibility:two_h_distance_gap:bottom_100:mean,0.7456027184527769,0.35121048939002386,0.4052988881476985,0.3931273511625084
stage2pp_flexibility:stage2pp:flexibility:two_h_distance_gap:bottom_100:median,0.6561724324239973,0.5390878655736931,0.18732301553044886,0.2334392215625734
stage2pp_flexibility:stage2pp:flexibility:two_h_distance_gap:bottom_100:q10,0.40441271145736873,0.5148076929992329,0.15820829464155212,0.2889597158817653
stage2pp_flexibility:stage2pp:flexibility:two_h_distance_gap:bottom_100:q90,1.0396355933128474,0.375405562639404,0.10096765470526833,0.1992855108596347
stage2pp_flexibility:stage2pp:flexibility:two_h_distance_gap:bottom_100:std,0.293319786623197,0.2773887010358118,-0.055812370609658664,-0.06987033242197228
stage2pp_flexibility:stage2pp:flexibility:two_h_distance_gap:top_100:mean,0.9007569247840017,0.4086536462392267,0.17589686091744788,0.2913893527617452
stage2pp_flexibility:stage2pp:flexibility:two_h_distance_gap:top_100:median,0.8214656651604683,0.5218852824663818,0.23841111067511672,0.25466272008372376
stage2pp_flexibility:stage2pp:flexibility:two_h_distance_gap:top_100:q10,0.7344080544053688,0.5511152180231063,0.1798520682834867,0.19286441535982282
stage2pp_flexibility:stage2pp:flexibility:two_h_distance_gap:top_100:q90,1.0293661279225412,0.40393332484985406,0.23247829962605854,0.2895806719624886
stage2pp_flexibility:stage2pp:flexibility:two_h_distance_gap:top_100:std,0.14253663671747355,0.23940155221447587,0.20270437750948866,0.012619424742330078
stage2pp_geometry:stage2pp:occupancy:activation:all_heavy:all_200:entropy,4.964619885887351,0.161736487902561,0.14139866333588721,0.2554895940489896
stage2pp_geometry:stage2pp:occupancy:activation:all_heavy:all_200:mass,92.26110161419537,13.752071466907699,0.4104626310978047,0.5704107717154245
stage2pp_geometry:stage2pp:occupancy:activation:all_heavy:all_200:peak,1.3924122950997073,0.25265297178834645,0.09668284672539297,0.14914743766908198
stage2pp_geometry:stage2pp:occupancy:activation:all_heavy:all_200:variance_mean,0.023049808809773215,0.01557777991639407,0.05625183809477409,0.052546341116731586
stage2pp_geometry:stage2pp:occupancy:activation:all_heavy:bottom_100:entropy,4.896128960935558,0.17758791128168383,0.16183390139375436,0.21882355592833144
stage2pp_geometry:stage2pp:occupancy:activation:all_heavy:bottom_100:mass,92.06953952011413,13.606938642946066,0.3968391390592266,0.5605065459401048
stage2pp_geometry:stage2pp:occupancy:activation:all_heavy:bottom_100:peak,1.5319401905151542,0.30019801647224986,0.09393617494342157,0.11699821430916262
stage2pp_geometry:stage2pp:occupancy:activation:all_heavy:bottom_100:variance_mean,0.011806985396543462,0.011385800169156312,-0.3794801733971674,-0.3538279317985155
stage2pp_geometry:stage2pp:occupancy:activation:all_heavy:top_100:entropy,4.773041184940787,0.23182075460440785,0.17194165355140906,0.2621035089109589
stage2pp_geometry:stage2pp:occupancy:activation:all_heavy:top_100:mass,92.45266370827663,13.919088070699512,0.41716451024581486,0.5791960777691375
stage2pp_geometry:stage2pp:occupancy:activation:all_heavy:top_100:peak,1.7060280213799883,0.46042755925036927,0.1474413412562243,0.18903670297626196
stage2pp_geometry:stage2pp:occupancy:activation:all_heavy:top_100:variance_mean,0.008928629928861242,0.017694444074689876,0.09536444427004669,0.16648105615948805
stage2pp_geometry:stage2pp:occupancy:activation:carbon:all_200:entropy,4.922968812743137,0.17183592193705344,0.11360234490233674,0.1860942991176362
stage2pp_geometry:stage2pp:occupancy:activation:carbon:all_200:mass,5.668847039770781,0.4450854618511376,0.009778151543818153,0.026427538338736598
stage2pp_geometry:stage2pp:occupancy:activation:carbon:all_200:peak,0.08944367794314799,0.01828750724569685,-0.10217619028933575,-0.2286320107031471
stage2pp_geometry:stage2pp:occupancy:activation:carbon:all_200:variance_mean,9.285585081340864e-05,6.335072745642483e-05,-0.1109655399916442,-0.2190753644182776
stage2pp_geometry:stage2pp:occupancy:activation:carbon:bottom_100:entropy,4.850233201037812,0.1860504472158965,0.09591377862644099,0.15222664579542083
stage2pp_geometry:stage2pp:occupancy:activation:carbon:bottom_100:mass,5.65572216703409,0.44527256836640305,-0.024829912909021375,-0.010606965172088497
stage2pp_geometry:stage2pp:occupancy:activation:carbon:bottom_100:peak,0.09555915360968227,0.01956422919146096,-0.01812803376101118,-0.21681765191922941
stage2pp_geometry:stage2pp:occupancy:activation:carbon:bottom_100:variance_mean,5.181550101247411e-05,5.6051755024700654e-05,-0.4124402347808241,-0.5612657939784884
stage2pp_geometry:stage2pp:occupancy:activation:carbon:top_100:entropy,4.719762873972108,0.23118740186075418,0.10459326145747057,0.19685337470509084
stage2pp_geometry:stage2pp:occupancy:activation:carbon:top_100:mass,5.681971912507472,0.4489101583646098,0.03383899635388754,0.06292576880377958
stage2pp_geometry:stage2pp:occupancy:activation:carbon:top_100:peak,0.11058908615779262,0.03236236294519329,-0.10261565777445117,-0.0025342922998002875
stage2pp_geometry:stage2pp:occupancy:activation:carbon:top_100:variance_mean,2.8708786587428723e-05,5.386958401950131e-05,0.08789349702308451,0.05116512300020264
stage2pp_geometry:stage2pp:occupancy:activation:halogen:all_200:entropy,0.5775157500367685,1.2256788886083063,0.14671268341339894,0.26456317188474765
stage2pp_geometry:stage2pp:occupancy:activation:halogen:all_200:mass,0.0923785350310506,0.21302743515582512,0.15499878181216234,0.23016562316211667
stage2pp_geometry:stage2pp:occupancy:activation:halogen:all_200:peak,0.009590439922253781,0.020480492651714945,0.16507207790477665,0.2700838610303074
stage2pp_geometry:stage2pp:occupancy:activation:halogen:all_200:variance_mean,6.820713138806277e-07,1.9182472067829062e-06,0.142325925437583,0.17054747106042972
stage2pp_geometry:stage2pp:occupancy:activation:halogen:bottom_100:entropy,0.5845859956580711,1.243114557844169,0.14979966124823232,0.2650180104878554
stage2pp_geometry:stage2pp:occupancy:activation:halogen:bottom_100:mass,0.09233806906511609,0.2129156624051457,0.15499878181216234,0.23011169651388083
stage2pp_geometry:stage2pp:occupancy:activation:halogen:bottom_100:peak,0.009775298604774708,0.021952946816765035,0.16507207790477665,0.2477654015890939
stage2pp_geometry:stage2pp:occupancy:activation:halogen:bottom_100:variance_mean,6.727387829096938e-07,2.3405030801966773e-06,0.14443806816667956,0.1605958032142547
stage2pp_geometry:stage2pp:occupancy:activation:halogen:top_100:entropy,0.5299920764891963,1.1239862104207587,0.16036037489371507,0.2654381838598402
stage2pp_geometry:stage2pp:occupancy:activation:halogen:top_100:mass,0.09241900099698513,0.21313946306124384,0.16036037489371507,0.2302192176491101
stage2pp_geometry:stage2pp:occupancy:activation:halogen:top_100:peak,0.011624828625620632,0.024520012017360506,0.1450879582371708,0.26918985479371327
stage2pp_geometry:stage2pp:occupancy:activation:halogen:top_100:variance_mean,4.373228903282335e-14,1.1068741115557585e-13,0.15824823216461856,0.22865041838989345
stage2pp_geometry:stage2pp:occupancy:activation:hetero:all_200:entropy,2.8365955823939255,1.4025926817563785,0.05025349617550939,0.37341192496664444
stage2pp_geometry:stage2pp:occupancy:activation:hetero:all_200:mass,0.4639578926634893,0.3418540195882735,0.09058853915848403,0.05763908060032568
stage2pp_geometry:stage2pp:occupancy:activation:hetero:all_200:peak,0.0390654048276479,0.027279732949285113,0.05752702851670153,0.0639097805757381
stage2pp_geometry:stage2pp:occupancy:activation:hetero:all_200:variance_mean,7.479692661771988e-06,7.331150159300224e-06,-0.016751165391836464,-0.08317169559582072
stage2pp_geometry:stage2pp:occupancy:activation:hetero:bottom_100:entropy,2.6837153922137014,1.3317666419226522,0.057306618445756324,0.3649514671691138
stage2pp_geometry:stage2pp:occupancy:activation:hetero:bottom_100:mass,0.46619615135161135,0.345485617374961,0.0942253053290801,0.05539619817142855
stage2pp_geometry:stage2pp:occupancy:activation:hetero:bottom_100:peak,0.04450461118229685,0.03232976353361575,0.2043201357662158,0.09443317720188114
stage2pp_geometry:stage2pp:occupancy:activation:hetero:bottom_100:variance_mean,4.85752978318908e-06,6.462143513398722e-06,0.020498136597905146,-0.08182312417780453
stage2pp_geometry:stage2pp:occupancy:activation:hetero:top_100:entropy,2.5350417581478326,1.2744649800426284,0.19781803867333192,0.4175035899543881
stage2pp_geometry:stage2pp:occupancy:activation:hetero:top_100:mass,0.46171963397536714,0.33829390878775567,0.09257222979699098,0.05991746385366659
stage2pp_geometry:stage2pp:occupancy:activation:hetero:top_100:peak,0.04925993234771777,0.029916422614571444,-0.05014329114003678,0.08136242311006725
stage2pp_geometry:stage2pp:occupancy:activation:hetero:top_100:variance_mean,2.7422330757880363e-06,5.642793684749197e-06,0.23121016442153225,0.13104665881660463
stage2pp_geometry:stage2pp:occupancy:activation:hydrogen:all_200:entropy,4.743464075027023,0.19704212959884163,0.08756389640924794,0.06903057233496905
stage2pp_geometry:stage2pp:occupancy:activation:hydrogen:all_200:mass,3.013434134273308,0.6171522389552214,-0.41771384460220917,-0.5960139826218682
stage2pp_geometry:stage2pp:occupancy:activation:hydrogen:all_200:peak,0.08292267210910956,0.025288185788430114,-0.37420656357578236,-0.5465862589591445
stage2pp_geometry:stage2pp:occupancy:activation:hydrogen:all_200:variance_mean,4.143677033557878e-05,2.8456465457442913e-05,-0.3108133788478826,-0.4940096689672387
stage2pp_geometry:stage2pp:occupancy:activation:hydrogen:bottom_100:entropy,4.654517391680771,0.2133818573493095,-0.019116835602520883,-0.023663887003165882
stage2pp_geometry:stage2pp:occupancy:activation:hydrogen:bottom_100:mass,3.0124417963102514,0.6191280167797834,-0.40387061882107333,-0.5937911108971651
stage2pp_geometry:stage2pp:occupancy:activation:hydrogen:bottom_100:peak,0.0867864650305576,0.02603207998822769,-0.4154066403053532,-0.532961107487494
stage2pp_geometry:stage2pp:occupancy:activation:hydrogen:bottom_100:variance_mean,3.266552888061551e-05,3.343631814446963e-05,-0.47088941030117526,-0.5504014092307523
stage2pp_geometry:stage2pp:occupancy:activation:hydrogen:top_100:entropy,4.526871707859952,0.1892853317985982,0.060866246688486024,0.16458557206504698
stage2pp_geometry:stage2pp:occupancy:activation:hydrogen:top_100:mass,3.0144264722363645,0.6153048372878541,-0.41562637404791086,-0.5981263147521944
stage2pp_geometry:stage2pp:occupancy:activation:hydrogen:top_100:peak,0.09107696396143973,0.032519177772442565,-0.35838573411162705,-0.5652575494576699
stage2pp_geometry:stage2pp:occupancy:activation:hydrogen:top_100:variance_mean,1.1370984295725004e-05,2.045356447342832e-05,0.04845129023397533,-0.09092163748312009
stage2pp_geometry:stage2pp:occupancy:activation:reactive_c:all_200:entropy,2.1555867709047716,1.2033183082753595e-15,-0.15038654591007836,0.09094068081524581
stage2pp_geometry:stage2pp:occupancy:activation:reactive_c:all_200:mass,0.2213329398015035,0.03459104189073413,-0.44034642008565344,-0.6346282430843571
stage2pp_geometry:stage2pp:occupancy:activation:reactive_c:all_200:peak,0.05348923968103259,0.008359571477112556,-0.4015634145242174,-0.6346282430843564
stage2pp_geometry:stage2pp:occupancy:activation:reactive_c:all_200:variance_mean,2.3591523683690236e-20,3.1570728280667374e-20,0.12322243789483704,0.1509166550737241
stage2pp_geometry:stage2pp:occupancy:activation:reactive_c:bottom_100:entropy,2.1555867709047716,1.3630755763238298e-15,-0.012762975244387683,-0.044002017367895385
stage2pp_geometry:stage2pp:occupancy:activation:reactive_c:bottom_100:mass,0.22133293980150368,0.03459104189073417,-0.3903875028768242,-0.6346282430843554
stage2pp_geometry:stage2pp:occupancy:activation:reactive_c:bottom_100:peak,0.05348923968103266,0.008359571477112544,-0.4188583477899163,-0.6346282430843552
stage2pp_geometry:stage2pp:occupancy:activation:reactive_c:bottom_100:variance_mean,1.1174791260986524e-20,1.2547890166871944e-20,-0.1459821007572608,0.12228332240516547
stage2pp_geometry:stage2pp:occupancy:activation:reactive_c:top_100:entropy,2.1555867709047716,1.0563252297174462e-15,0.059098960342056375,0.09249933439137684
stage2pp_geometry:stage2pp:occupancy:activation:reactive_c:top_100:mass,0.2213329398015036,0.03459104189073414,-0.4080790601385354,-0.6346282430843556
stage2pp_geometry:stage2pp:occupancy:activation:reactive_c:top_100:peak,0.05348923968103263,0.008359571477112547,-0.41002015857086166,-0.6346282430843565
stage2pp_geometry:stage2pp:occupancy:activation:reactive_c:top_100:variance_mean,7.82696036445023e-21,1.0691902298010681e-20,0.004398285825046428,-0.05839373237681027
stage2pp_geometry:stage2pp:occupancy:activation:reactive_h:all_200:entropy,2.403440522102165,0.20698374010134044,0.08437775714216113,0.06515325038319603
stage2pp_geometry:stage2pp:occupancy:activation:reactive_h:all_200:mass,0.21993194017827788,0.03446236060288095,-0.41419810472128576,-0.6341531811070645
stage2pp_geometry:stage2pp:occupancy:activation:reactive_h:all_200:peak,0.04644076227366314,0.01279391654159255,-0.3914556623665627,-0.47839926646240255
stage2pp_geometry:stage2pp:occupancy:activation:reactive_h:all_200:variance_mean,1.914432932455504e-06,1.6602236173025045e-06,0.052406497600014146,-0.12673796145051427
stage2pp_geometry:stage2pp:occupancy:activation:reactive_h:bottom_100:entropy,2.3464213018018683,0.22101712167674048,-0.13667438787089642,-0.13642717794873443
stage2pp_geometry:stage2pp:occupancy:activation:reactive_h:bottom_100:mass,0.21990700501581423,0.03447024750631846,-0.39431220101981285,-0.6350085724693152
stage2pp_geometry:stage2pp:occupancy:activation:reactive_h:bottom_100:peak,0.04716452726671863,0.013465627544015453,-0.2821381254441013,-0.40462412803025555
stage2pp_geometry:stage2pp:occupancy:activation:reactive_h:bottom_100:variance_mean,1.6816398624776752e-06,1.8463556245187196e-06,-0.21402066525121077,-0.2438444188447762
stage2pp_geometry:stage2pp:occupancy:activation:reactive_h:top_100:entropy,2.2621281457033007,0.21929349491479516,0.001538136197903979,0.022593839260591123
stage2pp_geometry:stage2pp:occupancy:activation:reactive_h:top_100:mass,0.21995687534074151,0.034455406748814484,-0.4024423494944482,-0.6332802484954254
stage2pp_geometry:stage2pp:occupancy:activation:reactive_h:top_100:peak,0.05030989562127504,0.012513851939817348,-0.3088357751648632,-0.44061551111675623
stage2pp_geometry:stage2pp:occupancy:activation:reactive_h:top_100:variance_mean,8.864921739822653e-07,1.705113681057497e-06,0.06273398350022658,-0.17910620382720632
stage2pp_geometry:stage2pp:occupancy:h_to_n:all_heavy:all_200:entropy,4.9706886860168575,0.16449700481013163,0.05262623134257185,0.1467785990749706
stage2pp_geometry:stage2pp:occupancy:h_to_n:all_heavy:all_200:mass,96.02686092732684,13.54458988077168,0.4105724979690835,0.5774444895554747
stage2pp_geometry:stage2pp:occupancy:h_to_n:all_heavy:all_200:peak,1.5902092095444917,0.2849704876859668,0.2752165125535334,0.33544138527855827
stage2pp_geometry:stage2pp:occupancy:h_to_n:all_heavy:all_200:variance_mean,0.026139946185522244,0.01571981025489938,0.08240015345914173,0.07517262701079747
stage2pp_geometry:stage2pp:occupancy:h_to_n:all_heavy:bottom_100:entropy,4.947063388526204,0.1920310837312522,0.12986264185160737,0.16377905326819597
stage2pp_geometry:stage2pp:occupancy:h_to_n:all_heavy:bottom_100:mass,96.03116715872095,13.500085208747379,0.4232071881661519,0.5779113487188473
stage2pp_geometry:stage2pp:occupancy:h_to_n:all_heavy:bottom_100:peak,1.6114329840902961,0.3955816612342541,0.06899639516312135,0.15429061475928743
stage2pp_geometry:stage2pp:occupancy:h_to_n:all_heavy:bottom_100:variance_mean,0.016153559362327347,0.015032851813388832,-0.21237266218202797,-0.18879901448099148
stage2pp_geometry:stage2pp:occupancy:h_to_n:all_heavy:top_100:entropy,4.741810295978454,0.21876671109427961,0.11898582159500065,0.1669064237962501
stage2pp_geometry:stage2pp:occupancy:h_to_n:all_heavy:top_100:mass,96.0225546959327,13.590625574038894,0.40782582618711205,0.5769156898893392
stage2pp_geometry:stage2pp:occupancy:h_to_n:all_heavy:top_100:peak,2.063199460873756,0.47940299762556754,0.17315018913547647,0.31019864324798396
stage2pp_geometry:stage2pp:occupancy:h_to_n:all_heavy:top_100:variance_mean,0.009010181549029175,0.0169647283746873,0.1032748590021243,0.16222288343404292
stage2pp_geometry:stage2pp:occupancy:h_to_n:carbon:all_200:entropy,4.930059216421702,0.17212936166198795,0.0036256067522022362,0.07706972720446298
stage2pp_geometry:stage2pp:occupancy:h_to_n:carbon:all_200:mass,5.929382832429816,0.4184542995492889,-0.011755755226837554,-0.05556073289666738
stage2pp_geometry:stage2pp:occupancy:h_to_n:carbon:all_200:peak,0.10443792299121504,0.02163233086259328,-0.011536021484279842,-0.1347530025576603
stage2pp_geometry:stage2pp:occupancy:h_to_n:carbon:all_200:variance_mean,0.00010532023632365872,6.198287803348884e-05,-0.1273357038121937,-0.2389973335819955
stage2pp_geometry:stage2pp:occupancy:h_to_n:carbon:bottom_100:entropy,4.901826963120731,0.20018116382071097,0.07437987185578528,0.10133638805789563
stage2pp_geometry:stage2pp:occupancy:h_to_n:carbon:bottom_100:mass,5.928888800243188,0.4158838778423663,-0.002417071168134824,-0.05746735241161495
stage2pp_geometry:stage2pp:occupancy:h_to_n:carbon:bottom_100:peak,0.10226970229909356,0.02449481495160914,-0.12865410626753995,-0.21261425338680018
stage2pp_geometry:stage2pp:occupancy:h_to_n:carbon:bottom_100:variance_mean,7.100483553501971e-05,6.573874017469997e-05,-0.34553131017200095,-0.4271581955046973
stage2pp_geometry:stage2pp:occupancy:h_to_n:carbon:top_100:entropy,4.69621273810406,0.21631689129754134,0.08492709149855542,0.11862736220137313
stage2pp_geometry:stage2pp:occupancy:h_to_n:carbon:top_100:mass,5.929876864616444,0.42121871419543716,-0.02746671781971391,-0.053652672593929855
stage2pp_geometry:stage2pp:occupancy:h_to_n:carbon:top_100:peak,0.1331846997680607,0.03445995168456801,0.10250579090317231,0.050274423790436173
stage2pp_geometry:stage2pp:occupancy:h_to_n:carbon:top_100:variance_mean,3.022857256784055e-05,5.292318279249318e-05,0.06350305159917856,0.02966207512337678
stage2pp_geometry:stage2pp:occupancy:h_to_n:halogen:all_200:entropy,0.5985739788442743,1.2745358614902424,0.1434632330609427,0.2627487708065824
stage2pp_geometry:stage2pp:occupancy:h_to_n:halogen:all_200:mass,0.09245408746003607,0.2131744738417377,0.15646103447076762,0.2302178702853366
stage2pp_geometry:stage2pp:occupancy:h_to_n:halogen:all_200:peak,0.008668447815302203,0.018743210119954994,0.17547031903263657,0.27277880509325075
stage2pp_geometry:stage2pp:occupancy:h_to_n:halogen:all_200:variance_mean,8.704961989084155e-07,2.549892427001842e-06,0.142325925437583,0.15469448128030697
stage2pp_geometry:stage2pp:occupancy:h_to_n:halogen:bottom_100:entropy,0.5944983501571066,1.265122759267204,0.14979966124823232,0.2650906320114289
stage2pp_geometry:stage2pp:occupancy:h_to_n:halogen:bottom_100:mass,0.09252491372587064,0.21332106252346175,0.15646103447076762,0.23024779409535928
stage2pp_geometry:stage2pp:occupancy:h_to_n:halogen:bottom_100:peak,0.009229939300267337,0.020466374080609657,0.16360982524617135,0.24764473332820264
stage2pp_geometry:stage2pp:occupancy:h_to_n:halogen:bottom_100:variance_mean,6.957884955189738e-07,2.422436426592921e-06,0.14443806816667956,0.16043856781235047
stage2pp_geometry:stage2pp:occupancy:h_to_n:halogen:top_100:entropy,0.5316652317075379,1.1281146864617866,0.15646103447076762,0.26471162258825454
stage2pp_geometry:stage2pp:occupancy:h_to_n:halogen:top_100:mass,0.0923832611942015,0.21302793508027645,0.15646103447076762,0.23018785135151473
stage2pp_geometry:stage2pp:occupancy:h_to_n:halogen:top_100:peak,0.011167296806087546,0.023573807398512784,0.1491497711777411,0.2693379478945651
stage2pp_geometry:stage2pp:occupancy:h_to_n:halogen:top_100:variance_mean,4.224863349844843e-14,1.0948708557596943e-13,0.15824823216461856,0.22829722747831369
stage2pp_geometry:stage2pp:occupancy:h_to_n:hetero:all_200:entropy,2.9057110136880815,1.4422799247957545,0.0292043344002412,0.35940563684008303
stage2pp_geometry:stage2pp:occupancy:h_to_n:hetero:all_200:mass,0.46141382459675095,0.3335073389775796,0.09147017944226489,0.07673033838834219
stage2pp_geometry:stage2pp:occupancy:h_to_n:hetero:all_200:peak,0.03525066469132861,0.020296499558635633,0.08144152121425755,0.2478807202609405
stage2pp_geometry:stage2pp:occupancy:h_to_n:hetero:all_200:variance_mean,7.981802343190509e-06,7.283245194588903e-06,-0.015318499930692555,-0.059588136406897994
stage2pp_geometry:stage2pp:occupancy:h_to_n:hetero:bottom_100:entropy,2.7401497501736425,1.3690961058386375,0.04463303936640637,0.3532849984288928
stage2pp_geometry:stage2pp:occupancy:h_to_n:hetero:bottom_100:mass,0.4625999831663152,0.33617336769362594,0.09488653554191576,0.07294016900754514
stage2pp_geometry:stage2pp:occupancy:h_to_n:hetero:bottom_100:peak,0.03892025367577638,0.02309357221819257,0.19385065739631802,0.2638127573066848
stage2pp_geometry:stage2pp:occupancy:h_to_n:hetero:bottom_100:variance_mean,5.453027912586809e-06,7.238161649485802e-06,0.0517963666721259,-0.03252254304139962
stage2pp_geometry:stage2pp:occupancy:h_to_n:hetero:top_100:entropy,2.555014386406923,1.292046443763329,0.15571971512279556,0.39727699295612645
stage2pp_geometry:stage2pp:occupancy:h_to_n:hetero:top_100:mass,0.4602276660271868,0.3309087160660143,0.07791496007913407,0.08056517824922835
stage2pp_geometry:stage2pp:occupancy:h_to_n:hetero:top_100:peak,0.04609782589233974,0.025802270772343903,0.012012348866514306,0.1944436783034961
stage2pp_geometry:stage2pp:occupancy:h_to_n:hetero:top_100:variance_mean,2.6209218515355175e-06,4.9540024044151505e-06,0.18811999555174239,0.05382876205219602
stage2pp_geometry:stage2pp:occupancy:h_to_n:hydrogen:all_200:entropy,4.799717261075097,0.22088054171220653,0.019006968731242028,-0.022196663559479725
stage2pp_geometry:stage2pp:occupancy:h_to_n:hydrogen:all_200:mass,2.9055095605646706,0.6065603663572079,-0.39288393169318775,-0.5862177993006438
stage2pp_geometry:stage2pp:occupancy:h_to_n:hydrogen:all_200:peak,0.07854378244815814,0.02804639935751746,-0.4045298200487465,-0.5939141045424129
stage2pp_geometry:stage2pp:occupancy:h_to_n:hydrogen:all_200:variance_mean,4.484074224695016e-05,3.2267243976030427e-05,-0.3591548022105791,-0.49219446705854847
stage2pp_geometry:stage2pp:occupancy:h_to_n:hydrogen:bottom_100:entropy,4.724306921840556,0.252346393575047,-0.10437352771491286,-0.07421525229419305
stage2pp_geometry:stage2pp:occupancy:h_to_n:hydrogen:bottom_100:mass,2.9057524748115724,0.6071767293995531,-0.38783005561436046,-0.5853632179815806
stage2pp_geometry:stage2pp:occupancy:h_to_n:hydrogen:bottom_100:peak,0.07961292812280445,0.029152564906417783,-0.38365511450576395,-0.48999365855784005
stage2pp_geometry:stage2pp:occupancy:h_to_n:hydrogen:bottom_100:variance_mean,3.5527400936343e-05,3.648620703828756e-05,-0.4151869065627955,-0.5173448589305263
stage2pp_geometry:stage2pp:occupancy:h_to_n:hydrogen:top_100:entropy,4.545719978948857,0.2163030056346046,0.040650742373176584,0.10243025919611166
stage2pp_geometry:stage2pp:occupancy:h_to_n:hydrogen:top_100:mass,2.90526664631777,0.6059720421893118,-0.4092540955137372,-0.5870469547204632
stage2pp_geometry:stage2pp:occupancy:h_to_n:hydrogen:top_100:peak,0.09362783534501828,0.03312349007933522,-0.3637692108042911,-0.6035143800506962
stage2pp_geometry:stage2pp:occupancy:h_to_n:hydrogen:top_100:variance_mean,1.597967671315666e-05,2.8752398387718094e-05,-0.07185293381637159,-0.1564411579207499
stage2pp_geometry:stage2pp:occupancy:h_to_n:reactive_c:all_200:entropy,2.95068269085308,0.13567543641736024,0.08701456205285367,0.06716318874851494
stage2pp_geometry:stage2pp:occupancy:h_to_n:reactive_c:all_200:mass,0.4335320765194223,0.06817010027275726,-0.3888188574558701,-0.6247779941316618
stage2pp_geometry:stage2pp:occupancy:h_to_n:reactive_c:all_200:peak,0.05322517298398016,0.012833872971237935,-0.41364877036489145,-0.4823043825378546
stage2pp_geometry:stage2pp:occupancy:h_to_n:reactive_c:all_200:variance_mean,2.759176750361567e-06,2.5006389985736285e-06,0.052406497600014146,-0.13610525237522658
stage2pp_geometry:stage2pp:occupancy:h_to_n:reactive_c:bottom_100:entropy,2.913805117857996,0.14127729670152528,-0.1543629541467922,-0.11970553818026253
stage2pp_geometry:stage2pp:occupancy:h_to_n:reactive_c:bottom_100:mass,0.4339367518315706,0.067788361223963,-0.3787111052982154,-0.6173115381440707
stage2pp_geometry:stage2pp:occupancy:h_to_n:reactive_c:bottom_100:peak,0.053947826113595124,0.012960556149396413,-0.3054299021552187,-0.4167549470888088
stage2pp_geometry:stage2pp:occupancy:h_to_n:reactive_c:bottom_100:variance_mean,2.371033379061697e-06,2.7160813491547454e-06,-0.2150094670927205,-0.2557676011833422
stage2pp_geometry:stage2pp:occupancy:h_to_n:reactive_c:top_100:entropy,2.8616363413191817,0.14960674357717052,-0.18193953883778494,0.00771879654245167
stage2pp_geometry:stage2pp:occupancy:h_to_n:reactive_c:top_100:mass,0.4331274012072739,0.06861892703029827,-0.4317768041259027,-0.6315432396920155
stage2pp_geometry:stage2pp:occupancy:h_to_n:reactive_c:top_100:peak,0.05644277146325254,0.01336795012580807,-0.28202825857282243,-0.42495233761697904
stage2pp_geometry:stage2pp:occupancy:h_to_n:reactive_c:top_100:variance_mean,1.3446906517671098e-06,2.6775055317270215e-06,0.05669130557988951,-0.1793093920456589
stage2pp_geometry:stage2pp:occupancy:h_to_n:reactive_h:all_200:entropy,1.4538945556174412,1.6036155254714172e-15,-0.08150504843344794,-0.21149117658949265
stage2pp_geometry:stage2pp:occupancy:h_to_n:reactive_h:all_200:mass,0.11016567779252646,0.017217254597801688,-0.4183638927623574,-0.6346282430843527
stage2pp_geometry:stage2pp:occupancy:h_to_n:reactive_h:all_200:peak,0.04199370033902722,0.006562989896022501,-0.4317768041259027,-0.6346282430843515
stage2pp_geometry:stage2pp:occupancy:h_to_n:reactive_h:all_200:variance_mean,1.4926064916795282e-20,1.6804295150965708e-20,-0.14308581330008743,-0.4199899356024804
stage2pp_geometry:stage2pp:occupancy:h_to_n:reactive_h:bottom_100:entropy,1.453894555617442,1.111974626594587e-15,0.14166587061664593,0.28560003111919785
stage2pp_geometry:stage2pp:occupancy:h_to_n:reactive_h:bottom_100:mass,0.11016567779252649,0.01721725459780169,-0.4100154186580874,-0.6346282430843556
stage2pp_geometry:stage2pp:occupancy:h_to_n:reactive_h:bottom_100:peak,0.04199370033902722,0.006562989896022516,-0.4062667412063671,-0.634628243084357
stage2pp_geometry:stage2pp:occupancy:h_to_n:reactive_h:bottom_100:variance_mean,9.390105553581651e-21,1.5646161520004017e-20,-0.24925852682414526,0.1388248212542107
stage2pp_geometry:stage2pp:occupancy:h_to_n:reactive_h:top_100:entropy,1.4538945556174416,6.207641842533373e-16,-0.09092608244431181,0.023128745374886878
stage2pp_geometry:stage2pp:occupancy:h_to_n:reactive_h:top_100:mass,0.11016567779252644,0.017217254597801636,-0.4248892903394597,-0.6346282430843563
stage2pp_geometry:stage2pp:occupancy:h_to_n:reactive_h:top_100:peak,0.04199370033902719,0.006562989896022488,-0.4103725603472743,-0.6346282430843566
stage2pp_geometry:stage2pp:occupancy:h_to_n:reactive_h:top_100:variance_mean,7.403492868622508e-21,9.564138479108086e-21,-0.13392780337266375,-0.15249144489688293
stage2pp_geometry:stage2pp:occupancy:heavy_atom_count,15.026315789473685,2.108714276585856,0.3916406451066046,0.5787121052048287
stage2pp_geometry:stage2pp:occupancy:n_to_h:all_heavy:all_200:entropy,4.945752884386655,0.15364054514427344,0.05702090619372607,0.13399171652290884
stage2pp_geometry:stage2pp:occupancy:n_to_h:all_heavy:all_200:mass,96.01564890862488,13.535070558100452,0.4077159593158333,0.577181121189531
stage2pp_geometry:stage2pp:occupancy:n_to_h:all_heavy:all_200:peak,1.5976953399772669,0.2635837979039101,0.35629826355732885,0.415924120732059
stage2pp_geometry:stage2pp:occupancy:n_to_h:all_heavy:all_200:variance_mean,0.02451034851797019,0.016364923591089674,0.05042889391699474,0.04942471041844372
stage2pp_geometry:stage2pp:occupancy:n_to_h:all_heavy:bottom_100:entropy,4.905516017707511,0.16156230808085745,0.10580179704153797,0.15792044089949148
stage2pp_geometry:stage2pp:occupancy:n_to_h:all_heavy:bottom_100:mass,96.02545486568198,13.498699127500416,0.42035064951290174,0.5776124906581946
stage2pp_geometry:stage2pp:occupancy:n_to_h:all_heavy:bottom_100:peak,1.6794630485868263,0.3246875736719076,0.2797210542759665,0.31365460270071743
stage2pp_geometry:stage2pp:occupancy:n_to_h:all_heavy:bottom_100:variance_mean,0.01226951081810592,0.01139537932542906,-0.3239974034013453,-0.3526213033006489
stage2pp_geometry:stage2pp:occupancy:n_to_h:all_heavy:top_100:entropy,4.749036866993092,0.21578084022677782,0.13458691731659816,0.20028963125038435
stage2pp_geometry:stage2pp:occupancy:n_to_h:all_heavy:top_100:mass,96.0058429515678,13.572852282896923,0.3981575415145729,0.5766921361392665
stage2pp_geometry:stage2pp:occupancy:n_to_h:all_heavy:top_100:peak,2.022479340004294,0.48474978887565967,0.20369317935099837,0.27553267121591196
stage2pp_geometry:stage2pp:occupancy:n_to_h:all_heavy:top_100:variance_mean,0.010577806490181911,0.019186279476214086,0.14777094187006085,0.20036787545243792
stage2pp_geometry:stage2pp:occupancy:n_to_h:carbon:all_200:entropy,4.90626618375942,0.15944656225031648,0.016040563206712925,0.0812582398062053
stage2pp_geometry:stage2pp:occupancy:n_to_h:carbon:all_200:mass,5.928672381674088,0.4187875751261384,-0.028016052176108187,-0.05691573315257482
stage2pp_geometry:stage2pp:occupancy:n_to_h:carbon:all_200:peak,0.10441780091295474,0.020023544563432607,-0.05086836140211016,-0.14661118865240727
stage2pp_geometry:stage2pp:occupancy:n_to_h:carbon:all_200:variance_mean,9.938008911228076e-05,6.569414696920864e-05,-0.12865410626753995,-0.23263023553921414
stage2pp_geometry:stage2pp:occupancy:n_to_h:carbon:bottom_100:entropy,4.859989731834809,0.1686372626185391,0.02373124419623282,0.10108487380112036
stage2pp_geometry:stage2pp:occupancy:n_to_h:carbon:bottom_100:mass,5.928521936022758,0.41676619677096177,0.002856538653250247,-0.05826577842647972
stage2pp_geometry:stage2pp:occupancy:n_to_h:carbon:bottom_100:peak,0.10809276793545892,0.021377517802489965,0.07317133627171785,-0.15557272577255207
stage2pp_geometry:stage2pp:occupancy:n_to_h:carbon:bottom_100:variance_mean,5.5405756485405455e-05,5.7111955901603216e-05,-0.3708006905661378,-0.5617893794411855
stage2pp_geometry:stage2pp:occupancy:n_to_h:carbon:top_100:entropy,4.702640263040978,0.21133244863778744,0.10931753692246138,0.15792523047025117
stage2pp_geometry:stage2pp:occupancy:n_to_h:carbon:top_100:mass,5.928822827325416,0.42097825365252234,-0.026368049106925355,-0.05555630645374769
stage2pp_geometry:stage2pp:occupancy:n_to_h:carbon:top_100:peak,0.12984058404006046,0.035134884278886565,0.09448550929981585,0.023156846804907937
stage2pp_geometry:stage2pp:occupancy:n_to_h:carbon:top_100:variance_mean,3.628096819277307e-05,6.198590693109167e-05,0.11942528908011608,0.0965584012222222
stage2pp_geometry:stage2pp:occupancy:n_to_h:halogen:all_200:entropy,0.5959586024776277,1.2683369685669648,0.1434632330609427,0.26276338620777917
stage2pp_geometry:stage2pp:occupancy:n_to_h:halogen:all_200:mass,0.09243340110470556,0.21307153163924822,0.1480124635543814,0.23028312427748238
stage2pp_geometry:stage2pp:occupancy:n_to_h:halogen:all_200:peak,0.008351605296985554,0.018189900805243246,0.1787197693850928,0.27275118398325465
stage2pp_geometry:stage2pp:occupancy:n_to_h:halogen:all_200:variance_mean,8.904288822953314e-07,2.582738298312057e-06,0.14021378270848647,0.1560733930374714
stage2pp_geometry:stage2pp:occupancy:n_to_h:halogen:bottom_100:entropy,0.5860251712709666,1.2455647373054128,0.14671268341339894,0.2651596444607969
stage2pp_geometry:stage2pp:occupancy:n_to_h:halogen:bottom_100:mass,0.0925353419809635,0.2133395412067638,0.1480124635543814,0.23019951651621276
stage2pp_geometry:stage2pp:occupancy:n_to_h:halogen:bottom_100:peak,0.009208316153299964,0.020408299294040432,0.16783411070436444,0.24837801764536893
stage2pp_geometry:stage2pp:occupancy:n_to_h:halogen:bottom_100:variance_mean,6.531986087574546e-07,2.299618208875211e-06,0.14443806816667956,0.15804084106956726
stage2pp_geometry:stage2pp:occupancy:n_to_h:halogen:top_100:entropy,0.5320296181383801,1.128589526791293,0.1465502108957761,0.26478316501132587
stage2pp_geometry:stage2pp:occupancy:n_to_h:halogen:top_100:mass,0.09233146022844765,0.21280375741778806,0.1519118039773289,0.23036668786405343
stage2pp_geometry:stage2pp:occupancy:n_to_h:halogen:top_100:peak,0.010725986052364278,0.02265810906649007,0.16036037489371507,0.2686223874635767
stage2pp_geometry:stage2pp:occupancy:n_to_h:halogen:top_100:variance_mean,4.594282332584893e-14,1.1473413487407743e-13,0.15824823216461856,0.2339713975735542
stage2pp_geometry:stage2pp:occupancy:n_to_h:hetero:all_200:entropy,2.8695867363188126,1.427639984822169,0.021049161775268187,0.3572279846655545
stage2pp_geometry:stage2pp:occupancy:n_to_h:hetero:all_200:mass,0.46147852995511446,0.3334615331506546,0.08044967589500406,0.07661316167883453
stage2pp_geometry:stage2pp:occupancy:n_to_h:hetero:all_200:peak,0.036055757583036536,0.020636554155788883,0.09631920100305967,0.23355315485728917
stage2pp_geometry:stage2pp:occupancy:n_to_h:hetero:all_200:variance_mean,7.808785468060413e-06,7.78112696712715e-06,-0.014106244540493864,-0.07715474727763863
stage2pp_geometry:stage2pp:occupancy:n_to_h:hetero:bottom_100:entropy,2.695444311824799,1.346124767873485,0.01741239560467211,0.34282215912857233
stage2pp_geometry:stage2pp:occupancy:n_to_h:hetero:bottom_100:mass,0.46264077344566074,0.33624494900364077,0.08507828738485362,0.07295282242367043
stage2pp_geometry:stage2pp:occupancy:n_to_h:hetero:bottom_100:peak,0.03922324367490038,0.023174911875731685,0.2425612830752109,0.2955530252473102
stage2pp_geometry:stage2pp:occupancy:n_to_h:hetero:bottom_100:variance_mean,5.1151852882255595e-06,7.404454921645264e-06,0.044743244401878976,-0.07142031216563438
stage2pp_geometry:stage2pp:occupancy:n_to_h:hetero:top_100:entropy,2.561563899305961,1.2986018112141628,0.1461318770366786,0.393006454227855
stage2pp_geometry:stage2pp:occupancy:n_to_h:hetero:top_100:mass,0.4603162864645678,0.330749523526216,0.07527003922779146,0.08031777753494458
stage2pp_geometry:stage2pp:occupancy:n_to_h:hetero:top_100:peak,0.04643297338006649,0.02560773791453952,0.04441262929546115,0.20173042593540422
stage2pp_geometry:stage2pp:occupancy:n_to_h:hetero:top_100:variance_mean,2.8954704632973896e-06,6.1436229307165576e-06,0.2110426429300449,0.036327193194328214
stage2pp_geometry:stage2pp:occupancy:n_to_h:hydrogen:all_200:entropy,4.785617479776763,0.20769191916223106,0.06504118779708254,0.054366193722719454
stage2pp_geometry:stage2pp:occupancy:n_to_h:hydrogen:all_200:mass,2.901456144839753,0.6071543933754419,-0.4015634145242174,-0.5891507048833778
stage2pp_geometry:stage2pp:occupancy:n_to_h:hydrogen:all_200:peak,0.08081614776775708,0.032262014300503086,-0.43650107959089346,-0.6101669128488082
stage2pp_geometry:stage2pp:occupancy:n_to_h:hydrogen:all_200:variance_mean,4.263280553862351e-05,2.7163073763712546e-05,-0.34223530403363533,-0.46517662916469626
stage2pp_geometry:stage2pp:occupancy:n_to_h:hydrogen:bottom_100:entropy,4.712435921686925,0.24170305506817805,-0.03504753193795495,0.006957528208478854
stage2pp_geometry:stage2pp:occupancy:n_to_h:hydrogen:bottom_100:mass,2.899502221852448,0.6080125044433972,-0.38739058812924504,-0.5911082174208864
stage2pp_geometry:stage2pp:occupancy:n_to_h:hydrogen:bottom_100:peak,0.08045001422945611,0.03242445004494291,-0.40947382925629505,-0.5652656771087557
stage2pp_geometry:stage2pp:occupancy:n_to_h:hydrogen:bottom_100:variance_mean,3.3892332382284565e-05,3.204346555130102e-05,-0.38651165315901415,-0.4809301120191742
stage2pp_geometry:stage2pp:occupancy:n_to_h:hydrogen:top_100:entropy,4.531093512800935,0.2034961302561625,0.08327908842937258,0.1252481099315557
stage2pp_geometry:stage2pp:occupancy:n_to_h:hydrogen:top_100:mass,2.9034100678270587,0.6066525896585881,-0.40738635870199674,-0.5868427763401982
stage2pp_geometry:stage2pp:occupancy:n_to_h:hydrogen:top_100:peak,0.09234681033268437,0.03339639931429212,-0.3715697586650898,-0.5850206784141759
stage2pp_geometry:stage2pp:occupancy:n_to_h:hydrogen:top_100:variance_mean,1.4070022427532817e-05,2.468617808112278e-05,0.08954150009226736,-0.11932935247624073
stage2pp_geometry:stage2pp:occupancy:n_to_h:reactive_c:all_200:entropy,2.907132997348915,0.11865214519161435,0.11041620563524994,0.135750116643927
stage2pp_geometry:stage2pp:occupancy:n_to_h:reactive_c:all_200:mass,0.4336980548430693,0.0680907699595112,-0.3875004550005238,-0.6242034815387002
stage2pp_geometry:stage2pp:occupancy:n_to_h:reactive_c:all_200:peak,0.05491532091019472,0.011400066665930346,-0.3953010028613226,-0.5357809260594665
stage2pp_geometry:stage2pp:occupancy:n_to_h:reactive_c:all_200:variance_mean,2.186615687861948e-06,2.156256675562739e-06,-0.0013184024553462676,-0.06071961276178155
stage2pp_geometry:stage2pp:occupancy:n_to_h:reactive_c:bottom_100:entropy,2.9201186916490975,0.14705437253094458,0.05504330251070668,0.07360495408187083
stage2pp_geometry:stage2pp:occupancy:n_to_h:reactive_c:bottom_100:mass,0.4337980470231922,0.0678222229726877,-0.3923345973367935,-0.6178741782330215
stage2pp_geometry:stage2pp:occupancy:n_to_h:reactive_c:bottom_100:peak,0.05348877967041088,0.012304787811275425,-0.3504753193795495,-0.5334632861174797
stage2pp_geometry:stage2pp:occupancy:n_to_h:reactive_c:bottom_100:variance_mean,2.5610681039629815e-06,2.812512918733789e-06,-0.08921189947843079,-0.11279820812818102
stage2pp_geometry:stage2pp:occupancy:n_to_h:reactive_c:top_100:entropy,2.8224814966871636,0.08692751175260759,0.09602364549771984,0.08853240053996556
stage2pp_geometry:stage2pp:occupancy:n_to_h:reactive_c:top_100:mass,0.4335980626629465,0.06842508798247654,-0.40167328139549624,-0.6298770279200339
stage2pp_geometry:stage2pp:occupancy:n_to_h:reactive_c:top_100:peak,0.059400004510476966,0.011486927455859417,-0.4165053090181417,-0.5613358467789519
stage2pp_geometry:stage2pp:occupancy:n_to_h:reactive_c:top_100:variance_mean,7.815262364398684e-07,1.719834060456806e-06,0.01867736811740546,-0.032200310913731794
stage2pp_geometry:stage2pp:occupancy:n_to_h:reactive_h:all_200:entropy,1.8114490202371283,0.27029097560532356,0.002417071168134824,0.0013774170139182402
stage2pp_geometry:stage2pp:occupancy:n_to_h:reactive_h:all_200:mass,0.11008985695993145,0.017260577222703275,-0.37761243658542687,-0.6352958139941948
stage2pp_geometry:stage2pp:occupancy:n_to_h:reactive_h:all_200:peak,0.038816748354954266,0.011038036484490006,-0.27576584690992767,-0.35607531878054755
stage2pp_geometry:stage2pp:occupancy:n_to_h:reactive_h:all_200:variance_mean,1.193256423614727e-06,1.0168559466003353e-06,-0.09767164856690268,-0.21509302161894842
stage2pp_geometry:stage2pp:occupancy:n_to_h:reactive_h:bottom_100:entropy,1.7750442428956326,0.3172004095795388,-0.10393406022979743,-0.11517890416666626
stage2pp_geometry:stage2pp:occupancy:n_to_h:reactive_h:bottom_100:mass,0.11013987141801851,0.01724262621033098,-0.4015634145242174,-0.6352831544879181
stage2pp_geometry:stage2pp:occupancy:n_to_h:reactive_h:bottom_100:peak,0.037895022990327897,0.01112892137226906,-0.12799490503986682,-0.2765324994917399
stage2pp_geometry:stage2pp:occupancy:n_to_h:reactive_h:bottom_100:variance_mean,1.145558807190807e-06,1.1908484601757182e-06,-0.2857637321963035,-0.2848577714939681
stage2pp_geometry:stage2pp:occupancy:n_to_h:reactive_h:top_100:entropy,1.6108693489259387,0.27138427988774083,-0.12239169460464519,0.013901221611416081
stage2pp_geometry:stage2pp:occupancy:n_to_h:reactive_h:top_100:mass,0.1100398425018444,0.017278853961090548,-0.3800295077535617,-0.6352964709105015
stage2pp_geometry:stage2pp:occupancy:n_to_h:reactive_h:top_100:peak,0.043872049015900784,0.01215660063574212,-0.23269803336861627,-0.31425353556095104
stage2pp_geometry:stage2pp:occupancy:n_to_h:reactive_h:top_100:variance_mean,5.564115204371391e-07,9.964608520743807e-07,-0.0036256067522022362,-0.18150006224617313
stage2pp_geometry:stage2pp:occupancy:nitrene:all_heavy:all_200:entropy,4.945752884386655,0.15364054514427344,0.05702090619372607,0.13399171652290884
stage2pp_geometry:stage2pp:occupancy:nitrene:all_heavy:all_200:mass,96.01564890862488,13.535070558100452,0.4077159593158333,0.577181121189531
stage2pp_geometry:stage2pp:occupancy:nitrene:all_heavy:all_200:peak,1.5976953399772669,0.2635837979039101,0.35629826355732885,0.415924120732059
stage2pp_geometry:stage2pp:occupancy:nitrene:all_heavy:all_200:variance_mean,0.02451034851797019,0.016364923591089674,0.05042889391699474,0.04942471041844372
stage2pp_geometry:stage2pp:occupancy:nitrene:all_heavy:bottom_100:entropy,4.905516017707511,0.16156230808085745,0.10580179704153797,0.15792044089949148
stage2pp_geometry:stage2pp:occupancy:nitrene:all_heavy:bottom_100:mass,96.02545486568198,13.498699127500416,0.42035064951290174,0.5776124906581946
stage2pp_geometry:stage2pp:occupancy:nitrene:all_heavy:bottom_100:peak,1.6794630485868263,0.3246875736719076,0.2797210542759665,0.31365460270071743
stage2pp_geometry:stage2pp:occupancy:nitrene:all_heavy:bottom_100:variance_mean,0.01226951081810592,0.01139537932542906,-0.3239974034013453,-0.3526213033006489
stage2pp_geometry:stage2pp:occupancy:nitrene:all_heavy:top_100:entropy,4.749036866993092,0.21578084022677782,0.13458691731659816,0.20028963125038435
stage2pp_geometry:stage2pp:occupancy:nitrene:all_heavy:top_100:mass,96.0058429515678,13.572852282896923,0.3981575415145729,0.5766921361392665
stage2pp_geometry:stage2pp:occupancy:nitrene:all_heavy:top_100:peak,2.022479340004294,0.48474978887565967,0.20369317935099837,0.27553267121591196
stage2pp_geometry:stage2pp:occupancy:nitrene:all_heavy:top_100:variance_mean,0.010577806490181911,0.019186279476214086,0.14777094187006085,0.20036787545243792
stage2pp_geometry:stage2pp:occupancy:nitrene:carbon:all_200:entropy,4.90626618375942,0.15944656225031648,0.016040563206712925,0.0812582398062053
stage2pp_geometry:stage2pp:occupancy:nitrene:carbon:all_200:mass,5.928672381674088,0.4187875751261384,-0.028016052176108187,-0.05691573315257482
stage2pp_geometry:stage2pp:occupancy:nitrene:carbon:all_200:peak,0.10441780091295474,0.020023544563432607,-0.05086836140211016,-0.14661118865240727
stage2pp_geometry:stage2pp:occupancy:nitrene:carbon:all_200:variance_mean,9.938008911228076e-05,6.569414696920864e-05,-0.12865410626753995,-0.23263023553921414
stage2pp_geometry:stage2pp:occupancy:nitrene:carbon:bottom_100:entropy,4.859989731834809,0.1686372626185391,0.02373124419623282,0.10108487380112036
stage2pp_geometry:stage2pp:occupancy:nitrene:carbon:bottom_100:mass,5.928521936022758,0.41676619677096177,0.002856538653250247,-0.05826577842647972
stage2pp_geometry:stage2pp:occupancy:nitrene:carbon:bottom_100:peak,0.10809276793545892,0.021377517802489965,0.07317133627171785,-0.15557272577255207
stage2pp_geometry:stage2pp:occupancy:nitrene:carbon:bottom_100:variance_mean,5.5405756485405455e-05,5.7111955901603216e-05,-0.3708006905661378,-0.5617893794411855
stage2pp_geometry:stage2pp:occupancy:nitrene:carbon:top_100:entropy,4.702640263040978,0.21133244863778744,0.10931753692246138,0.15792523047025117
stage2pp_geometry:stage2pp:occupancy:nitrene:carbon:top_100:mass,5.928822827325416,0.42097825365252234,-0.026368049106925355,-0.05555630645374769
stage2pp_geometry:stage2pp:occupancy:nitrene:carbon:top_100:peak,0.12984058404006046,0.035134884278886565,0.09448550929981585,0.023156846804907937
stage2pp_geometry:stage2pp:occupancy:nitrene:carbon:top_100:variance_mean,3.628096819277307e-05,6.198590693109167e-05,0.11942528908011608,0.0965584012222222
stage2pp_geometry:stage2pp:occupancy:nitrene:halogen:all_200:entropy,0.5959586024776277,1.2683369685669648,0.1434632330609427,0.26276338620777917
stage2pp_geometry:stage2pp:occupancy:nitrene:halogen:all_200:mass,0.09243340110470556,0.21307153163924822,0.1480124635543814,0.23028312427748238
stage2pp_geometry:stage2pp:occupancy:nitrene:halogen:all_200:peak,0.008351605296985554,0.018189900805243246,0.1787197693850928,0.27275118398325465
stage2pp_geometry:stage2pp:occupancy:nitrene:halogen:all_200:variance_mean,8.904288822953314e-07,2.582738298312057e-06,0.14021378270848647,0.1560733930374714
stage2pp_geometry:stage2pp:occupancy:nitrene:halogen:bottom_100:entropy,0.5860251712709666,1.2455647373054128,0.14671268341339894,0.2651596444607969
stage2pp_geometry:stage2pp:occupancy:nitrene:halogen:bottom_100:mass,0.0925353419809635,0.2133395412067638,0.1480124635543814,0.23019951651621276
stage2pp_geometry:stage2pp:occupancy:nitrene:halogen:bottom_100:peak,0.009208316153299964,0.020408299294040432,0.16783411070436444,0.24837801764536893
stage2pp_geometry:stage2pp:occupancy:nitrene:halogen:bottom_100:variance_mean,6.531986087574546e-07,2.299618208875211e-06,0.14443806816667956,0.15804084106956726
stage2pp_geometry:stage2pp:occupancy:nitrene:halogen:top_100:entropy,0.5320296181383801,1.128589526791293,0.1465502108957761,0.26478316501132587
stage2pp_geometry:stage2pp:occupancy:nitrene:halogen:top_100:mass,0.09233146022844765,0.21280375741778806,0.1519118039773289,0.23036668786405343
stage2pp_geometry:stage2pp:occupancy:nitrene:halogen:top_100:peak,0.010725986052364278,0.02265810906649007,0.16036037489371507,0.2686223874635767
stage2pp_geometry:stage2pp:occupancy:nitrene:halogen:top_100:variance_mean,4.594282332584893e-14,1.1473413487407743e-13,0.15824823216461856,0.2339713975735542
stage2pp_geometry:stage2pp:occupancy:nitrene:hetero:all_200:entropy,2.8695867363188126,1.427639984822169,0.021049161775268187,0.3572279846655545
stage2pp_geometry:stage2pp:occupancy:nitrene:hetero:all_200:mass,0.46147852995511446,0.3334615331506546,0.08044967589500406,0.07661316167883453
stage2pp_geometry:stage2pp:occupancy:nitrene:hetero:all_200:peak,0.036055757583036536,0.020636554155788883,0.09631920100305967,0.23355315485728917
stage2pp_geometry:stage2pp:occupancy:nitrene:hetero:all_200:variance_mean,7.808785468060413e-06,7.78112696712715e-06,-0.014106244540493864,-0.07715474727763863
stage2pp_geometry:stage2pp:occupancy:nitrene:hetero:bottom_100:entropy,2.695444311824799,1.346124767873485,0.01741239560467211,0.34282215912857233
stage2pp_geometry:stage2pp:occupancy:nitrene:hetero:bottom_100:mass,0.46264077344566074,0.33624494900364077,0.08507828738485362,0.07295282242367043
stage2pp_geometry:stage2pp:occupancy:nitrene:hetero:bottom_100:peak,0.03922324367490038,0.023174911875731685,0.2425612830752109,0.2955530252473102
stage2pp_geometry:stage2pp:occupancy:nitrene:hetero:bottom_100:variance_mean,5.1151852882255595e-06,7.404454921645264e-06,0.044743244401878976,-0.07142031216563438
stage2pp_geometry:stage2pp:occupancy:nitrene:hetero:top_100:entropy,2.561563899305961,1.2986018112141628,0.1461318770366786,0.393006454227855
stage2pp_geometry:stage2pp:occupancy:nitrene:hetero:top_100:mass,0.4603162864645678,0.330749523526216,0.07527003922779146,0.08031777753494458
stage2pp_geometry:stage2pp:occupancy:nitrene:hetero:top_100:peak,0.04643297338006649,0.02560773791453952,0.04441262929546115,0.20173042593540422
stage2pp_geometry:stage2pp:occupancy:nitrene:hetero:top_100:variance_mean,2.8954704632973896e-06,6.1436229307165576e-06,0.2110426429300449,0.036327193194328214
stage2pp_geometry:stage2pp:occupancy:nitrene:hydrogen:all_200:entropy,4.785617479776763,0.20769191916223106,0.06504118779708254,0.054366193722719454
stage2pp_geometry:stage2pp:occupancy:nitrene:hydrogen:all_200:mass,2.901456144839753,0.6071543933754419,-0.4015634145242174,-0.5891507048833778
stage2pp_geometry:stage2pp:occupancy:nitrene:hydrogen:all_200:peak,0.08081614776775708,0.032262014300503086,-0.43650107959089346,-0.6101669128488082
stage2pp_geometry:stage2pp:occupancy:nitrene:hydrogen:all_200:variance_mean,4.263280553862351e-05,2.7163073763712546e-05,-0.34223530403363533,-0.46517662916469626
stage2pp_geometry:stage2pp:occupancy:nitrene:hydrogen:bottom_100:entropy,4.712435921686925,0.24170305506817805,-0.03504753193795495,0.006957528208478854
stage2pp_geometry:stage2pp:occupancy:nitrene:hydrogen:bottom_100:mass,2.899502221852448,0.6080125044433972,-0.38739058812924504,-0.5911082174208864
stage2pp_geometry:stage2pp:occupancy:nitrene:hydrogen:bottom_100:peak,0.08045001422945611,0.03242445004494291,-0.40947382925629505,-0.5652656771087557
stage2pp_geometry:stage2pp:occupancy:nitrene:hydrogen:bottom_100:variance_mean,3.3892332382284565e-05,3.204346555130102e-05,-0.38651165315901415,-0.4809301120191742
stage2pp_geometry:stage2pp:occupancy:nitrene:hydrogen:top_100:entropy,4.531093512800935,0.2034961302561625,0.08327908842937258,0.1252481099315557
stage2pp_geometry:stage2pp:occupancy:nitrene:hydrogen:top_100:mass,2.9034100678270587,0.6066525896585881,-0.40738635870199674,-0.5868427763401982
stage2pp_geometry:stage2pp:occupancy:nitrene:hydrogen:top_100:peak,0.09234681033268437,0.03339639931429212,-0.3715697586650898,-0.5850206784141759
stage2pp_geometry:stage2pp:occupancy:nitrene:hydrogen:top_100:variance_mean,1.4070022427532817e-05,2.468617808112278e-05,0.08954150009226736,-0.11932935247624073
stage2pp_geometry:stage2pp:occupancy:nitrene:reactive_c:all_200:entropy,2.907132997348915,0.11865214519161435,0.11041620563524994,0.135750116643927
stage2pp_geometry:stage2pp:occupancy:nitrene:reactive_c:all_200:mass,0.4336980548430693,0.0680907699595112,-0.3875004550005238,-0.6242034815387002
stage2pp_geometry:stage2pp:occupancy:nitrene:reactive_c:all_200:peak,0.05491532091019472,0.011400066665930346,-0.3953010028613226,-0.5357809260594665
stage2pp_geometry:stage2pp:occupancy:nitrene:reactive_c:all_200:variance_mean,2.186615687861948e-06,2.156256675562739e-06,-0.0013184024553462676,-0.06071961276178155
stage2pp_geometry:stage2pp:occupancy:nitrene:reactive_c:bottom_100:entropy,2.9201186916490975,0.14705437253094458,0.05504330251070668,0.07360495408187083
stage2pp_geometry:stage2pp:occupancy:nitrene:reactive_c:bottom_100:mass,0.4337980470231922,0.0678222229726877,-0.3923345973367935,-0.6178741782330215
stage2pp_geometry:stage2pp:occupancy:nitrene:reactive_c:bottom_100:peak,0.05348877967041088,0.012304787811275425,-0.3504753193795495,-0.5334632861174797
stage2pp_geometry:stage2pp:occupancy:nitrene:reactive_c:bottom_100:variance_mean,2.5610681039629815e-06,2.812512918733789e-06,-0.08921189947843079,-0.11279820812818102
stage2pp_geometry:stage2pp:occupancy:nitrene:reactive_c:top_100:entropy,2.8224814966871636,0.08692751175260759,0.09602364549771984,0.08853240053996556
stage2pp_geometry:stage2pp:occupancy:nitrene:reactive_c:top_100:mass,0.4335980626629465,0.06842508798247654,-0.40167328139549624,-0.6298770279200339
stage2pp_geometry:stage2pp:occupancy:nitrene:reactive_c:top_100:peak,0.059400004510476966,0.011486927455859417,-0.4165053090181417,-0.5613358467789519
stage2pp_geometry:stage2pp:occupancy:nitrene:reactive_c:top_100:variance_mean,7.815262364398684e-07,1.719834060456806e-06,0.01867736811740546,-0.032200310913731794
stage2pp_geometry:stage2pp:occupancy:nitrene:reactive_h:all_200:entropy,1.8114490202371283,0.27029097560532356,0.002417071168134824,0.0013774170139182402
stage2pp_geometry:stage2pp:occupancy:nitrene:reactive_h:all_200:mass,0.11008985695993145,0.017260577222703275,-0.37761243658542687,-0.6352958139941948
stage2pp_geometry:stage2pp:occupancy:nitrene:reactive_h:all_200:peak,0.038816748354954266,0.011038036484490006,-0.27576584690992767,-0.35607531878054755
stage2pp_geometry:stage2pp:occupancy:nitrene:reactive_h:all_200:variance_mean,1.193256423614727e-06,1.0168559466003353e-06,-0.09767164856690268,-0.21509302161894842
stage2pp_geometry:stage2pp:occupancy:nitrene:reactive_h:bottom_100:entropy,1.7750442428956326,0.3172004095795388,-0.10393406022979743,-0.11517890416666626
stage2pp_geometry:stage2pp:occupancy:nitrene:reactive_h:bottom_100:mass,0.11013987141801851,0.01724262621033098,-0.4015634145242174,-0.6352831544879181
stage2pp_geometry:stage2pp:occupancy:nitrene:reactive_h:bottom_100:peak,0.037895022990327897,0.01112892137226906,-0.12799490503986682,-0.2765324994917399
stage2pp_geometry:stage2pp:occupancy:nitrene:reactive_h:bottom_100:variance_mean,1.145558807190807e-06,1.1908484601757182e-06,-0.2857637321963035,-0.2848577714939681
stage2pp_geometry:stage2pp:occupancy:nitrene:reactive_h:top_100:entropy,1.6108693489259387,0.27138427988774083,-0.12239169460464519,0.013901221611416081
stage2pp_geometry:stage2pp:occupancy:nitrene:reactive_h:top_100:mass,0.1100398425018444,0.017278853961090548,-0.3800295077535617,-0.6352964709105015
stage2pp_geometry:stage2pp:occupancy:nitrene:reactive_h:top_100:peak,0.043872049015900784,0.01215660063574212,-0.23269803336861627,-0.31425353556095104
stage2pp_geometry:stage2pp:occupancy:nitrene:reactive_h:top_100:variance_mean,5.564115204371391e-07,9.964608520743807e-07,-0.0036256067522022362,-0.18150006224617313
stage2pp_relational:stage2pp:flexibility_relation:c_to_h_distance:top_bottom:energy_distance,0.02926693244632059,0.012975068903345757,-0.028785120275060177,-0.09525080257228048
stage2pp_relational:stage2pp:flexibility_relation:c_to_h_distance:top_bottom:wasserstein,0.0005672253604275202,0.0005277195566673681,-0.19457422903485333,-0.16161277313646286
stage2pp_relational:stage2pp:flexibility_relation:c_to_h_distance:uff_rank_spearman,0.3421321059342274,0.6496004324610747,0.45979285630201083,0.7052084137290685
stage2pp_relational:stage2pp:flexibility_relation:corridor_axial_mean:top_bottom:energy_distance,1.0269394493228947,0.5286058653955469,0.010547219642770141,-0.03011038115035668
stage2pp_relational:stage2pp:flexibility_relation:corridor_axial_mean:top_bottom:wasserstein,0.7680491459178332,0.7076529281256211,-0.07020493074718875,-0.08904108969021507
stage2pp_relational:stage2pp:flexibility_relation:corridor_axial_mean:uff_rank_spearman,0.47075282145211533,0.5584563404225669,0.39376286666341864,0.5890454354275102
stage2pp_relational:stage2pp:flexibility_relation:corridor_fraction:top_bottom:energy_distance,0.1922831605930144,0.24151228834096944,-0.10733997219602642,-0.2040812573127529
stage2pp_relational:stage2pp:flexibility_relation:corridor_fraction:top_bottom:wasserstein,0.06702080599139422,0.09188695842662101,-0.10722959690327986,-0.15086219634635667
stage2pp_relational:stage2pp:flexibility_relation:corridor_fraction:uff_rank_spearman,0.021223301005654095,0.41139780148780086,-0.5327594240138137,-0.5588632175235647
stage2pp_relational:stage2pp:flexibility_relation:n_c_h_angle:top_bottom:energy_distance,3.4975633335225256,2.7178213398197024,-0.13118104430695365,-0.1358885468394613
stage2pp_relational:stage2pp:flexibility_relation:n_c_h_angle:top_bottom:wasserstein,14.108693658380727,17.6275214701067,-0.09404604181470043,-0.14098390059625412
stage2pp_relational:stage2pp:flexibility_relation:n_c_h_angle:uff_rank_spearman,0.28877506148180015,0.6079600370494266,0.051747296372341,0.2231134721559944
stage2pp_relational:stage2pp:flexibility_relation:n_to_c_distance:top_bottom:energy_distance,0.3689158827890024,0.18505630747660096,-0.02691738346331963,-0.13523540816919144
stage2pp_relational:stage2pp:flexibility_relation:n_to_c_distance:top_bottom:wasserstein,0.12596596309807606,0.1152427994816562,-0.11393194551617329,-0.20222321810500782
stage2pp_relational:stage2pp:flexibility_relation:n_to_c_distance:uff_rank_spearman,0.345603271660739,0.5537702101183852,0.14766107499878195,0.13316104667762158
stage2pp_relational:stage2pp:flexibility_relation:n_to_h_distance:top_bottom:energy_distance,0.5742399373939455,0.3505960766352365,-0.06800759332161165,-0.19040400245618486
stage2pp_relational:stage2pp:flexibility_relation:n_to_h_distance:top_bottom:wasserstein,0.33866495991700307,0.35545177666145933,-0.052516364471292994,-0.2461916331376293
stage2pp_relational:stage2pp:flexibility_relation:n_to_h_distance:uff_rank_spearman,0.2726433423993495,0.6062642023502433,0.18512567810487174,0.303786930605552
stage2pp_relational:stage2pp:flexibility_relation:parallel_motion_std:top_bottom:energy_distance,0.856849324525755,0.5293633626988357,0.07954361480589148,-0.027213005172260434
stage2pp_relational:stage2pp:flexibility_relation:parallel_motion_std:top_bottom:wasserstein,0.5772707500677847,0.5009091410357175,0.024720046037742516,-0.004639418341004121
stage2pp_relational:stage2pp:flexibility_relation:parallel_motion_std:uff_rank_spearman,0.16209136807367555,0.7110339559432058,0.4088146280286219,0.47193196132353216
stage2pp_relational:stage2pp:flexibility_relation:perpendicular_motion_std:top_bottom:energy_distance,0.4954376087282832,0.303228740302427,-0.09503484365621012,-0.20040501650520806
stage2pp_relational:stage2pp:flexibility_relation:perpendicular_motion_std:top_bottom:wasserstein,0.18879793726127117,0.1906889022584477,-0.1604056320671292,-0.2940081532355607
stage2pp_relational:stage2pp:flexibility_relation:perpendicular_motion_std:uff_rank_spearman,-0.408976619152321,0.5873682117874146,-0.39716873967306315,-0.5714692143616641
stage2pp_relational:stage2pp:flexibility_relation:preferred_h_distance:top_bottom:energy_distance,0.5742399373939455,0.3505960766352365,-0.06800759332161165,-0.19040400245618486
stage2pp_relational:stage2pp:flexibility_relation:preferred_h_distance:top_bottom:wasserstein,0.33866495991700307,0.35545177666145933,-0.052516364471292994,-0.2461916331376293
stage2pp_relational:stage2pp:flexibility_relation:preferred_h_distance:uff_rank_spearman,0.2726433423993495,0.6062642023502433,0.18512567810487174,0.303786930605552
stage2pp_relational:stage2pp:flexibility_relation:tether_dihedral:top_bottom:energy_distance,2.7551615271247725,1.2649200297035303,-0.11695968358364157,-0.019538136563320044
stage2pp_relational:stage2pp:flexibility_relation:tether_dihedral:top_bottom:wasserstein,22.66785051030619,15.698618529938338,-0.07740544582872286,-0.07349808827538153
stage2pp_relational:stage2pp:flexibility_relation:tether_dihedral:uff_rank_spearman,0.022482088367998684,0.12331880631266655,-0.005548580573953874,-0.046475983268095045
stage2pp_relational:stage2pp:flexibility_relation:two_h_distance_gap:top_bottom:energy_distance,0.4761898533046553,0.3264010076480139,-0.15535175598830187,-0.3302960827649139
stage2pp_relational:stage2pp:flexibility_relation:two_h_distance_gap:top_bottom:wasserstein,0.2538734119336179,0.2858397218219078,-0.22500735237909636,-0.35339528456308356
stage2pp_relational:stage2pp:flexibility_relation:two_h_distance_gap:uff_rank_spearman,-0.25989408945749964,0.6029545241541436,-0.07855481296438178,-0.18693773728721058
stage2pp_relational:stage2pp:occupancy_relation:activation:all_heavy:top_bottom:cosine,0.7594820026933613,0.19883926181609557,0.03328966199749326,0.05640552867613459
stage2pp_relational:stage2pp:occupancy_relation:activation:all_heavy:top_bottom:js,0.13024345331602658,0.11012923288582063,-0.051088095144667875,-0.07336406115028613
stage2pp_relational:stage2pp:occupancy_relation:activation:all_heavy:top_bottom:l1,0.6260728840114086,0.3654196440608265,-0.06954572951951563,-0.08871257326779831
stage2pp_relational:stage2pp:occupancy_relation:activation:all_heavy:top_bottom:mean_abs,0.0007825911050142606,0.00045677455507603306,-0.06954572951951563,-0.0887125732677984
stage2pp_relational:stage2pp:occupancy_relation:activation:carbon:top_bottom:cosine,0.7515510147292345,0.22276742162135527,0.0021973374255771128,0.027923560230782168
stage2pp_relational:stage2pp:occupancy_relation:activation:carbon:top_bottom:js,0.13831021125917262,0.1263068903230357,-0.009997885286375864,-0.03615209072283796
stage2pp_relational:stage2pp:occupancy_relation:activation:carbon:top_bottom:l1,0.6353501081901417,0.3975005829676001,-0.016040563206712925,-0.07380841559975887
stage2pp_relational:stage2pp:occupancy_relation:activation:carbon:top_bottom:mean_abs,0.000794187635237677,0.0004968757287095002,-0.016040563206712925,-0.07380841559975888
stage2pp_relational:stage2pp:occupancy_relation:activation:halogen:top_bottom:cosine,0.14958990999812985,0.32304444803781185,0.16978378091583818,0.2760563707105542
stage2pp_relational:stage2pp:occupancy_relation:activation:halogen:top_bottom:js,0.020228647036440412,0.059831452608973615,0.14476301320192517,0.17335703565543698
stage2pp_relational:stage2pp:occupancy_relation:activation:halogen:top_bottom:l1,0.11506824029921044,0.2896182546202231,0.14476301320192517,0.20751238059059904
stage2pp_relational:stage2pp:occupancy_relation:activation:halogen:top_bottom:mean_abs,0.00014383530037401305,0.0003620228182752789,0.14476301320192517,0.20751238059059898
stage2pp_relational:stage2pp:occupancy_relation:activation:hetero:top_bottom:cosine,0.4584795623890525,0.3580278179553005,0.24608784421033433,0.37090134384411316
stage2pp_relational:stage2pp:occupancy_relation:activation:hetero:top_bottom:js,0.22725263561463943,0.21541857810184564,0.1898832761193041,0.06827881824108306
stage2pp_relational:stage2pp:occupancy_relation:activation:hetero:top_bottom:l1,0.880715103829531,0.6358370025418429,0.20266706023412667,0.18427396487716083
stage2pp_relational:stage2pp:occupancy_relation:activation:hetero:top_bottom:mean_abs,0.0011008938797869138,0.0007947962531773037,0.20266706023412667,0.18427396487716077
stage2pp_relational:stage2pp:occupancy_relation:activation:hydrogen:top_bottom:cosine,0.763540199226669,0.13453679795043919,-0.09646311298283525,-0.02283284731149369
stage2pp_relational:stage2pp:occupancy_relation:activation:hydrogen:top_bottom:js,0.15275645370329385,0.08458749279512189,0.0918487043891233,0.006371274681227534
stage2pp_relational:stage2pp:occupancy_relation:activation:hydrogen:top_bottom:l1,0.7204666890782272,0.26235955723536813,0.08283962094425716,-0.04195809715809905
stage2pp_relational:stage2pp:occupancy_relation:activation:hydrogen:top_bottom:mean_abs,0.0009005833613477841,0.00032794944654421015,0.08283962094425716,-0.04195809715809906
stage2pp_relational:stage2pp:occupancy_relation:activation:reactive_c:top_bottom:cosine,1.0,1.8803196321262256e-16,0.057248964725356954,0.05798416951396335
stage2pp_relational:stage2pp:occupancy_relation:activation:reactive_c:top_bottom:js,1.0396659959523756e-17,3.2393026320801793e-17,-0.2375321757048859,-0.23905191982671525
stage2pp_relational:stage2pp:occupancy_relation:activation:reactive_c:top_bottom:l1,1.1485410119316836e-15,7.409005975802044e-16,-0.030103522730406444,0.13852461435577948
stage2pp_relational:stage2pp:occupancy_relation:activation:reactive_c:top_bottom:mean_abs,1.4356762649146047e-18,9.261257469752554e-19,-0.030103522730406444,0.13852461435577956
stage2pp_relational:stage2pp:occupancy_relation:activation:reactive_h:top_bottom:cosine,0.8339568832457408,0.20945478571140996,-0.22995136158664486,-0.1919459742829542
stage2pp_relational:stage2pp:occupancy_relation:activation:reactive_h:top_bottom:js,0.09916297041426163,0.11589365156957986,0.24829912909021376,0.2250615450495188
stage2pp_relational:stage2pp:occupancy_relation:activation:reactive_h:top_bottom:l1,0.5449766468909356,0.4497099955233366,0.2380815100612802,0.20292974212172987
stage2pp_relational:stage2pp:occupancy_relation:activation:reactive_h:top_bottom:mean_abs,0.0006812208086136697,0.0005621374944041708,0.2380815100612802,0.2029297421217299
stage2pp_relational:stage2pp:occupancy_relation:h_to_n:all_heavy:top_bottom:cosine,0.7664658850447412,0.17074183702300924,0.0401014080167823,0.08290660520830814
stage2pp_relational:stage2pp:occupancy_relation:h_to_n:all_heavy:top_bottom:js,0.12624231052454965,0.08947633831247591,-0.02867525340378132,-0.10930053442190468
stage2pp_relational:stage2pp:occupancy_relation:h_to_n:all_heavy:top_bottom:l1,0.6305730896954278,0.3101314627328964,-0.0651510546683614,-0.12476377775898674
stage2pp_relational:stage2pp:occupancy_relation:h_to_n:all_heavy:top_bottom:mean_abs,0.0007882163621192846,0.00038766432841612044,-0.0651510546683614,-0.12476377775898674
stage2pp_relational:stage2pp:occupancy_relation:h_to_n:carbon:top_bottom:cosine,0.7632516634473175,0.1879027063094434,0.046583553422234796,0.07745146482516609
stage2pp_relational:stage2pp:occupancy_relation:h_to_n:carbon:top_bottom:js,0.13104573634291142,0.10233807220691307,-0.01988590370147287,-0.09445973390162542
stage2pp_relational:stage2pp:occupancy_relation:h_to_n:carbon:top_bottom:l1,0.6336286102956997,0.3347160601198159,-0.03350939574005097,-0.12850249697550578
stage2pp_relational:stage2pp:occupancy_relation:h_to_n:carbon:top_bottom:mean_abs,0.0007920357628696245,0.00041839507514976993,-0.03350939574005097,-0.1285024969755058
stage2pp_relational:stage2pp:occupancy_relation:h_to_n:halogen:top_bottom:cosine,0.12475160590453971,0.3021127638163813,0.17400806637403127,0.2569922383198556
stage2pp_relational:stage2pp:occupancy_relation:h_to_n:halogen:top_bottom:js,0.0354590591101515,0.1153832880377424,0.1437881780961883,0.15482032424670578
stage2pp_relational:stage2pp:occupancy_relation:h_to_n:halogen:top_bottom:l1,0.14980764416806147,0.4148275701339962,0.1437881780961883,0.1827117375363136
stage2pp_relational:stage2pp:occupancy_relation:h_to_n:halogen:top_bottom:mean_abs,0.00018725955521007684,0.0005185344626674954,0.1437881780961883,0.18271173753631353
stage2pp_relational:stage2pp:occupancy_relation:h_to_n:hetero:top_bottom:cosine,0.40849299193734434,0.3435671332422684,0.32636690411672437,0.3893656747680279
stage2pp_relational:stage2pp:occupancy_relation:h_to_n:hetero:top_bottom:js,0.2579177838012235,0.2233039851326322,0.11769897788474566,0.0887184251684533
stage2pp_relational:stage2pp:occupancy_relation:h_to_n:hetero:top_bottom:l1,0.945545955564426,0.661672922503194,0.14271552093702775,0.18307327728118478
stage2pp_relational:stage2pp:occupancy_relation:h_to_n:hetero:top_bottom:mean_abs,0.0011819324444555322,0.0008270911531289925,0.14271552093702775,0.18307327728118486
stage2pp_relational:stage2pp:occupancy_relation:h_to_n:hydrogen:top_bottom:cosine,0.739349285263182,0.14036730936275602,-0.061195847302322595,0.02832568898369364
stage2pp_relational:stage2pp:occupancy_relation:h_to_n:hydrogen:top_bottom:js,0.16472174669320858,0.08456685663689192,0.04592435219456165,-0.07801238378473539
stage2pp_relational:stage2pp:occupancy_relation:h_to_n:hydrogen:top_bottom:l1,0.7479728668531102,0.27130327848870467,0.00010986687127885564,-0.1200061275793586
stage2pp_relational:stage2pp:occupancy_relation:h_to_n:hydrogen:top_bottom:mean_abs,0.0009349660835663879,0.00033912909811088083,0.00010986687127885564,-0.12000612757935868
stage2pp_relational:stage2pp:occupancy_relation:h_to_n:reactive_c:top_bottom:cosine,0.8869427137516658,0.14624505938098256,-0.23050069594303915,-0.19596779384496463
stage2pp_relational:stage2pp:occupancy_relation:h_to_n:reactive_c:top_bottom:js,0.06320296192977566,0.07708582454716296,0.240498581229415,0.2190587335100221
stage2pp_relational:stage2pp:occupancy_relation:h_to_n:reactive_c:top_bottom:l1,0.4261715033684612,0.3635452184632481,0.21973374255771128,0.19783790606838875
stage2pp_relational:stage2pp:occupancy_relation:h_to_n:reactive_c:top_bottom:mean_abs,0.0005327143792105766,0.0004544315230790602,0.21973374255771128,0.1978379060683887
stage2pp_relational:stage2pp:occupancy_relation:h_to_n:reactive_h:top_bottom:cosine,1.0,1.7368403730089595e-16,-0.09760751480413361,-0.012159857088987659
stage2pp_relational:stage2pp:occupancy_relation:h_to_n:reactive_h:top_bottom:js,-5.326067409192965e-18,4.421868961214947e-17,0.0576801074213992,0.019399028424124866
stage2pp_relational:stage2pp:occupancy_relation:h_to_n:reactive_h:top_bottom:l1,7.659260652615492e-16,6.802199956322705e-16,0.16029576519585037,0.10786859182057673
stage2pp_relational:stage2pp:occupancy_relation:h_to_n:reactive_h:top_bottom:mean_abs,9.574075815769365e-19,8.5027499454033825e-19,0.16029576519585037,0.10786859182057675
stage2pp_relational:stage2pp:occupancy_relation:n_to_h:all_heavy:top_bottom:cosine,0.7753889304753506,0.1792964111916654,0.08525669211239198,0.10985639125150924
stage2pp_relational:stage2pp:occupancy_relation:n_to_h:all_heavy:top_bottom:js,0.11845251216549182,0.09216009815927129,-0.11294314367466361,-0.1490364736447459
stage2pp_relational:stage2pp:occupancy_relation:n_to_h:all_heavy:top_bottom:l1,0.6031077650551858,0.3090764930016784,-0.10679059888304768,-0.15573464370895085
stage2pp_relational:stage2pp:occupancy_relation:n_to_h:all_heavy:top_bottom:mean_abs,0.0007538847063189823,0.000386345616252098,-0.10679059888304768,-0.15573464370895082
stage2pp_relational:stage2pp:occupancy_relation:n_to_h:carbon:top_bottom:cosine,0.7702558154271366,0.1929057926417263,0.06251424975766887,0.08436658402688596
stage2pp_relational:stage2pp:occupancy_relation:n_to_h:carbon:top_bottom:js,0.12494379541094955,0.10567729446017417,-0.09228817187423874,-0.1157210338364131
stage2pp_relational:stage2pp:occupancy_relation:n_to_h:carbon:top_bottom:l1,0.6131043714436091,0.3341604661488571,-0.07910414732077606,-0.14490692080429418
stage2pp_relational:stage2pp:occupancy_relation:n_to_h:carbon:top_bottom:mean_abs,0.0007663804643045115,0.00041770058268607123,-0.07910414732077606,-0.1449069208042942
stage2pp_relational:stage2pp:occupancy_relation:n_to_h:halogen:top_bottom:cosine,0.11993393291613791,0.2950140777520286,0.1688089458101013,0.25313320602713557
stage2pp_relational:stage2pp:occupancy_relation:n_to_h:halogen:top_bottom:js,0.036907443726275274,0.11956364916047192,0.14476301320192517,0.15644045568484613
stage2pp_relational:stage2pp:occupancy_relation:n_to_h:halogen:top_bottom:l1,0.15819227305661315,0.4197246702825645,0.15223674901257453,0.19478906102076288
stage2pp_relational:stage2pp:occupancy_relation:n_to_h:halogen:top_bottom:mean_abs,0.00019774034132076645,0.0005246558378532056,0.15223674901257453,0.19478906102076288
stage2pp_relational:stage2pp:occupancy_relation:n_to_h:hetero:top_bottom:cosine,0.4322949671308508,0.35524377407829505,0.26642421959240564,0.34670579340127516
stage2pp_relational:stage2pp:occupancy_relation:n_to_h:hetero:top_bottom:js,0.24106553446217727,0.2253234773542535,0.15571971512279556,0.10622715038424338
stage2pp_relational:stage2pp:occupancy_relation:n_to_h:hetero:top_bottom:l1,0.9118280634963732,0.6418720259315157,0.17297632541837804,0.21477598105704818
stage2pp_relational:stage2pp:occupancy_relation:n_to_h:hetero:top_bottom:mean_abs,0.0011397850793704665,0.0008023400324143948,0.17297632541837804,0.21477598105704823
stage2pp_relational:stage2pp:occupancy_relation:n_to_h:hydrogen:top_bottom:cosine,0.7398908203713352,0.12069033320274225,-0.21863507384492276,-0.08311293350262042
stage2pp_relational:stage2pp:occupancy_relation:n_to_h:hydrogen:top_bottom:js,0.16378731573838656,0.07629163381067272,0.09657297985411412,-0.030458503036177576
stage2pp_relational:stage2pp:occupancy_relation:n_to_h:hydrogen:top_bottom:l1,0.7649252804983518,0.24299605243261,0.13843225781135812,-0.010438823910657223
stage2pp_relational:stage2pp:occupancy_relation:n_to_h:hydrogen:top_bottom:mean_abs,0.0009561566006229397,0.0003037450655407625,0.13843225781135812,-0.010438823910657207
stage2pp_relational:stage2pp:occupancy_relation:n_to_h:reactive_c:top_bottom:cosine,0.9366816163271775,0.08574925168527198,-0.1857848793325449,-0.11591534363419262
stage2pp_relational:stage2pp:occupancy_relation:n_to_h:reactive_c:top_bottom:js,0.035859058358632595,0.04458458278717436,0.178094198343025,0.1512544874115956
stage2pp_relational:stage2pp:occupancy_relation:n_to_h:reactive_c:top_bottom:l1,0.3130313075918936,0.25245840593655483,0.1786435326994193,0.16086973763307066
stage2pp_relational:stage2pp:occupancy_relation:n_to_h:reactive_c:top_bottom:mean_abs,0.0003912891344898671,0.00031557300742069354,0.1786435326994193,0.16086973763307066
stage2pp_relational:stage2pp:occupancy_relation:n_to_h:reactive_h:top_bottom:cosine,0.8119074964522897,0.2078337166912376,-0.12931330749521308,-0.10445381365074886
stage2pp_relational:stage2pp:occupancy_relation:n_to_h:reactive_h:top_bottom:js,0.11844809574195374,0.11771389072423237,0.18095073699627526,0.14236041838441163
stage2pp_relational:stage2pp:occupancy_relation:n_to_h:reactive_h:top_bottom:l1,0.6110516534969176,0.4214366489700368,0.18226913945162151,0.12210210912457678
stage2pp_relational:stage2pp:occupancy_relation:n_to_h:reactive_h:top_bottom:mean_abs,0.0007638145668711467,0.000526795811212546,0.18226913945162151,0.12210210912457677
stage2pp_relational:stage2pp:occupancy_relation:nitrene:all_heavy:top_bottom:cosine,0.7753889304753506,0.1792964111916654,0.08525669211239198,0.10985639125150924
stage2pp_relational:stage2pp:occupancy_relation:nitrene:all_heavy:top_bottom:js,0.11845251216549182,0.09216009815927129,-0.11294314367466361,-0.1490364736447459
stage2pp_relational:stage2pp:occupancy_relation:nitrene:all_heavy:top_bottom:l1,0.6031077650551858,0.3090764930016784,-0.10679059888304768,-0.15573464370895085
stage2pp_relational:stage2pp:occupancy_relation:nitrene:all_heavy:top_bottom:mean_abs,0.0007538847063189823,0.000386345616252098,-0.10679059888304768,-0.15573464370895082
stage2pp_relational:stage2pp:occupancy_relation:nitrene:carbon:top_bottom:cosine,0.7702558154271366,0.1929057926417263,0.06251424975766887,0.08436658402688596
stage2pp_relational:stage2pp:occupancy_relation:nitrene:carbon:top_bottom:js,0.12494379541094955,0.10567729446017417,-0.09228817187423874,-0.1157210338364131
stage2pp_relational:stage2pp:occupancy_relation:nitrene:carbon:top_bottom:l1,0.6131043714436091,0.3341604661488571,-0.07910414732077606,-0.14490692080429418
stage2pp_relational:stage2pp:occupancy_relation:nitrene:carbon:top_bottom:mean_abs,0.0007663804643045115,0.00041770058268607123,-0.07910414732077606,-0.1449069208042942
stage2pp_relational:stage2pp:occupancy_relation:nitrene:halogen:top_bottom:cosine,0.11993393291613791,0.2950140777520286,0.1688089458101013,0.25313320602713557
stage2pp_relational:stage2pp:occupancy_relation:nitrene:halogen:top_bottom:js,0.036907443726275274,0.11956364916047192,0.14476301320192517,0.15644045568484613
stage2pp_relational:stage2pp:occupancy_relation:nitrene:halogen:top_bottom:l1,0.15819227305661315,0.4197246702825645,0.15223674901257453,0.19478906102076288
stage2pp_relational:stage2pp:occupancy_relation:nitrene:halogen:top_bottom:mean_abs,0.00019774034132076645,0.0005246558378532056,0.15223674901257453,0.19478906102076288
stage2pp_relational:stage2pp:occupancy_relation:nitrene:hetero:top_bottom:cosine,0.4322949671308508,0.35524377407829505,0.26642421959240564,0.34670579340127516
stage2pp_relational:stage2pp:occupancy_relation:nitrene:hetero:top_bottom:js,0.24106553446217727,0.2253234773542535,0.15571971512279556,0.10622715038424338
stage2pp_relational:stage2pp:occupancy_relation:nitrene:hetero:top_bottom:l1,0.9118280634963732,0.6418720259315157,0.17297632541837804,0.21477598105704818
stage2pp_relational:stage2pp:occupancy_relation:nitrene:hetero:top_bottom:mean_abs,0.0011397850793704665,0.0008023400324143948,0.17297632541837804,0.21477598105704823
stage2pp_relational:stage2pp:occupancy_relation:nitrene:hydrogen:top_bottom:cosine,0.7398908203713352,0.12069033320274225,-0.21863507384492276,-0.08311293350262042
stage2pp_relational:stage2pp:occupancy_relation:nitrene:hydrogen:top_bottom:js,0.16378731573838656,0.07629163381067272,0.09657297985411412,-0.030458503036177576
stage2pp_relational:stage2pp:occupancy_relation:nitrene:hydrogen:top_bottom:l1,0.7649252804983518,0.24299605243261,0.13843225781135812,-0.010438823910657223
stage2pp_relational:stage2pp:occupancy_relation:nitrene:hydrogen:top_bottom:mean_abs,0.0009561566006229397,0.0003037450655407625,0.13843225781135812,-0.010438823910657207
stage2pp_relational:stage2pp:occupancy_relation:nitrene:reactive_c:top_bottom:cosine,0.9366816163271775,0.08574925168527198,-0.1857848793325449,-0.11591534363419262
stage2pp_relational:stage2pp:occupancy_relation:nitrene:reactive_c:top_bottom:js,0.035859058358632595,0.04458458278717436,0.178094198343025,0.1512544874115956
stage2pp_relational:stage2pp:occupancy_relation:nitrene:reactive_c:top_bottom:l1,0.3130313075918936,0.25245840593655483,0.1786435326994193,0.16086973763307066
stage2pp_relational:stage2pp:occupancy_relation:nitrene:reactive_c:top_bottom:mean_abs,0.0003912891344898671,0.00031557300742069354,0.1786435326994193,0.16086973763307066
stage2pp_relational:stage2pp:occupancy_relation:nitrene:reactive_h:top_bottom:cosine,0.8119074964522897,0.2078337166912376,-0.12931330749521308,-0.10445381365074886
stage2pp_relational:stage2pp:occupancy_relation:nitrene:reactive_h:top_bottom:js,0.11844809574195374,0.11771389072423237,0.18095073699627526,0.14236041838441163
stage2pp_relational:stage2pp:occupancy_relation:nitrene:reactive_h:top_bottom:l1,0.6110516534969176,0.4214366489700368,0.18226913945162151,0.12210210912457678
stage2pp_relational:stage2pp:occupancy_relation:nitrene:reactive_h:top_bottom:mean_abs,0.0007638145668711467,0.000526795811212546,0.18226913945162151,0.12210210912457677
stage2pp_relational:stage2pp:pose_relation:activation:radial_mean:uff_rank_spearman,0.4446479846206683,0.5772917486054352,0.48605103853765735,0.7382845136442943
stage2pp_relational:stage2pp:pose_relation:activation:radial_mean:wasserstein,0.49373015288915856,0.47145351060631535,0.07635747553880468,0.03175844280792844
stage2pp_relational:stage2pp:pose_relation:h_to_n:radial_mean:uff_rank_spearman,0.4446479846206683,0.5772917486054352,0.48605103853765735,0.7382845136442943
stage2pp_relational:stage2pp:pose_relation:h_to_n:radial_mean:wasserstein,0.49373015288915856,0.47145351060631535,0.07635747553880468,0.03175844280792844
stage2pp_relational:stage2pp:pose_relation:n_to_h:radial_mean:uff_rank_spearman,0.4446479846206683,0.5772917486054352,0.48605103853765735,0.7382845136442943
stage2pp_relational:stage2pp:pose_relation:n_to_h:radial_mean:wasserstein,0.49373015288915856,0.47145351060631535,0.07635747553880468,0.03175844280792844
stage2pp_relational:stage2pp:pose_relation:nitrene:radial_mean:uff_rank_spearman,0.4446479846206683,0.5772917486054352,0.48605103853765735,0.7382845136442943
stage2pp_relational:stage2pp:pose_relation:nitrene:radial_mean:wasserstein,0.49373015288915856,0.47145351060631535,0.07635747553880468,0.03175844280792844
