feature_name,mean,std,spearman_ee,pearson_ee
stage2pp_flexibility:stage2pp:flexibility:c_to_h_distance:all_200:mean,1.1109041472537742,0.001962562784176248,-0.21182707608169649,-0.22901512120583678
stage2pp_flexibility:stage2pp:flexibility:c_to_h_distance:all_200:median,1.1106629217012383,0.0024640915253099525,-0.17908666781759408,-0.24934696750074523
stage2pp_flexibility:stage2pp:flexibility:c_to_h_distance:all_200:q10,1.1099041164688814,0.0026682540329307346,-0.21750015710249548,-0.22419146141026094
stage2pp_flexibility:stage2pp:flexibility:c_to_h_distance:all_200:q90,1.1116833843218006,0.0015687862416182859,-0.20879822774008355,-0.1727168547563345
stage2pp_flexibility:stage2pp:flexibility:c_to_h_distance:all_200:std,0.0007498240728926666,0.0008037977462226807,0.29254828823357315,0.21839478795797643
stage2pp_flexibility:stage2pp:flexibility:c_to_h_distance:bottom_100:mean,1.110830108257918,0.0023895554695494087,-0.14004817808124875,-0.19288147539901085
stage2pp_flexibility:stage2pp:flexibility:c_to_h_distance:bottom_100:median,1.1108325281783271,0.002530969938840923,-0.12591355248705474,-0.18566774217738616
stage2pp_flexibility:stage2pp:flexibility:c_to_h_distance:bottom_100:q10,1.1102472525602196,0.0027287542472935575,-0.12028854842405916,-0.19512112051476824
stage2pp_flexibility:stage2pp:flexibility:c_to_h_distance:bottom_100:q90,1.1112139371309422,0.0023487953044931857,-0.09769237825647012,-0.1806775726449085
stage2pp_flexibility:stage2pp:flexibility:c_to_h_distance:bottom_100:std,0.00044725025837925045,0.0007890818507747101,-0.09177891244665425,0.0871317301286992
stage2pp_flexibility:stage2pp:flexibility:c_to_h_distance:top_100:mean,1.1109781862496309,0.0018069335815508892,-0.24586556220649022,-0.24240632181619715
stage2pp_flexibility:stage2pp:flexibility:c_to_h_distance:top_100:median,1.110932389151022,0.0018720531408885203,-0.2373559406752918,-0.20505527789061612
stage2pp_flexibility:stage2pp:flexibility:c_to_h_distance:top_100:q10,1.1106855246483818,0.002023565240345863,-0.2387020954937865,-0.17674902687501887
stage2pp_flexibility:stage2pp:flexibility:c_to_h_distance:top_100:q90,1.111188074964533,0.001873129702841419,-0.25408672199086835,-0.27813953655272117
stage2pp_flexibility:stage2pp:flexibility:c_to_h_distance:top_100:std,0.00020648840949814604,0.0005183541239415256,-0.14634625955349165,-0.13465103130451236
stage2pp_flexibility:stage2pp:flexibility:corridor_axial_mean:all_200:mean,3.6230037375193316,1.1653524892777407,0.5446157779966996,0.5217351461252739
stage2pp_flexibility:stage2pp:flexibility:corridor_axial_mean:all_200:median,3.46361037955166,1.2517515606775451,0.45596186780726505,0.4208901481689752
stage2pp_flexibility:stage2pp:flexibility:corridor_axial_mean:all_200:q10,2.8741121496217996,1.2690906130194803,0.6118273650058261,0.6692820282410319
stage2pp_flexibility:stage2pp:flexibility:corridor_axial_mean:all_200:q90,4.241537419174857,1.2005005957888848,0.46894264641417793,0.40460888332417494
stage2pp_flexibility:stage2pp:flexibility:corridor_axial_mean:all_200:std,0.5815305461112864,0.3509177259585622,-0.1818270544123868,-0.44376161516523316
stage2pp_flexibility:stage2pp:flexibility:corridor_axial_mean:bottom_100:mean,3.7444151404432624,1.473758940316442,0.54846193462097,0.5760264363798459
stage2pp_flexibility:stage2pp:flexibility:corridor_axial_mean:bottom_100:median,3.6366251079808025,1.622501744383339,0.577356186260802,0.6471560336160412
stage2pp_flexibility:stage2pp:flexibility:corridor_axial_mean:bottom_100:q10,3.439455814456253,1.644325050174425,0.5948081219434291,0.6467825211167898
stage2pp_flexibility:stage2pp:flexibility:corridor_axial_mean:bottom_100:q90,4.032078688374119,1.3744914698694568,0.46192341057488423,0.47642611519902495
stage2pp_flexibility:stage2pp:flexibility:corridor_axial_mean:bottom_100:std,0.2745012884549772,0.3741408598261721,-0.3156733049369994,-0.6496045261134407
stage2pp_flexibility:stage2pp:flexibility:corridor_axial_mean:top_100:mean,3.5015923345954003,1.0555836225634947,0.4675003376800765,0.3477569983481333
stage2pp_flexibility:stage2pp:flexibility:corridor_axial_mean:top_100:median,3.431519476531901,1.0548786497921623,0.4758657283378648,0.35901398093391323
stage2pp_flexibility:stage2pp:flexibility:corridor_axial_mean:top_100:q10,3.29033765345704,1.097805999305178,0.44677916886681934,0.3429765535647648
stage2pp_flexibility:stage2pp:flexibility:corridor_axial_mean:top_100:q90,3.712557600829764,1.1413928386858034,0.4342791598379402,0.3254990688834181
stage2pp_flexibility:stage2pp:flexibility:corridor_axial_mean:top_100:std,0.18693771670967557,0.26972800233963357,-0.05826927285769772,-0.03939744462274437
stage2pp_flexibility:stage2pp:flexibility:corridor_fraction:all_200:mean,0.3199390556923693,0.12369305736753501,0.2448073426942602,0.31705895606010887
stage2pp_flexibility:stage2pp:flexibility:corridor_fraction:all_200:median,0.2964822859459101,0.13272531772829804,0.16013284281138918,0.2281498906929633
stage2pp_flexibility:stage2pp:flexibility:corridor_fraction:all_200:q10,0.25527269780443157,0.11959804675642627,0.249109220621824,0.2991906327349024
stage2pp_flexibility:stage2pp:flexibility:corridor_fraction:all_200:q90,0.40567553193280753,0.1672687714715451,0.10954226774447579,0.2693673815756515
stage2pp_flexibility:stage2pp:flexibility:corridor_fraction:all_200:std,0.06513431047273084,0.05691311541153341,-0.12997737554279518,0.08770364006803025
stage2pp_flexibility:stage2pp:flexibility:corridor_fraction:bottom_100:mean,0.3034236969471415,0.12360151282960051,0.15465067448006348,0.2270813328786692
stage2pp_flexibility:stage2pp:flexibility:corridor_fraction:bottom_100:median,0.29936127829858483,0.1338240465480846,0.14818381165037334,0.2032217807600134
stage2pp_flexibility:stage2pp:flexibility:corridor_fraction:bottom_100:q10,0.2611991683926669,0.12265687154833482,0.25397704033732543,0.2964763049348342
stage2pp_flexibility:stage2pp:flexibility:corridor_fraction:bottom_100:q90,0.33941976841527927,0.14623429198847882,0.0749410631471999,0.17171338616032997
stage2pp_flexibility:stage2pp:flexibility:corridor_fraction:bottom_100:std,0.03350127473382851,0.052941760269155376,-0.24801392001182893,-0.09208090843600615
stage2pp_flexibility:stage2pp:flexibility:corridor_fraction:top_100:mean,0.336454414437597,0.14277755648909793,0.3053400040123345,0.3527752417190861
stage2pp_flexibility:stage2pp:flexibility:corridor_fraction:top_100:median,0.31560008154899877,0.1419400484074184,0.3447894103489771,0.3867086958792065
stage2pp_flexibility:stage2pp:flexibility:corridor_fraction:top_100:q10,0.2958003739466588,0.1339880121160572,0.34715175531193476,0.3578074794052801
stage2pp_flexibility:stage2pp:flexibility:corridor_fraction:top_100:q90,0.3794959442002789,0.17731979244799928,0.17641115214874553,0.26900350972456566
stage2pp_flexibility:stage2pp:flexibility:corridor_fraction:top_100:std,0.03843653080493092,0.06286728915603626,-0.1312192197117221,-0.01601049354790132
stage2pp_flexibility:stage2pp:flexibility:n_c_h_angle:all_200:mean,78.04839449326754,18.178326123806865,-0.005192311442765144,-0.20351491716346778
stage2pp_flexibility:stage2pp:flexibility:n_c_h_angle:all_200:median,72.05260635186175,23.522803392689077,-0.04711541864731334,-0.2461784581574372
stage2pp_flexibility:stage2pp:flexibility:n_c_h_angle:all_200:q10,66.47171363480179,23.123325161574677,0.045576955997605154,-0.15719183002152431
stage2pp_flexibility:stage2pp:flexibility:n_c_h_angle:all_200:q90,94.54795642598016,20.777956367730926,-0.15259626406793117,-0.09821030724280483
stage2pp_flexibility:stage2pp:flexibility:n_c_h_angle:all_200:std,12.198338784943529,11.23451596102657,-0.17076935411760916,0.05521139499363622
stage2pp_flexibility:stage2pp:flexibility:n_c_h_angle:bottom_100:mean,75.21683979579409,22.49257217762342,-0.08514429226978769,-0.2519618022518056
stage2pp_flexibility:stage2pp:flexibility:n_c_h_angle:bottom_100:median,74.37532993213469,24.877752795639662,-0.07711544031662305,-0.21884562769060356
stage2pp_flexibility:stage2pp:flexibility:n_c_h_angle:bottom_100:q10,67.62660729446222,23.163129276111775,0.07331736065015597,-0.13795844726576023
stage2pp_flexibility:stage2pp:flexibility:n_c_h_angle:bottom_100:q90,81.17646644650362,26.09394595630541,-0.1979809122343228,-0.26849257148442346
stage2pp_flexibility:stage2pp:flexibility:n_c_h_angle:bottom_100:std,6.08566654594407,10.231704626548296,-0.2196636202036476,-0.15645771539757392
stage2pp_flexibility:stage2pp:flexibility:n_c_h_angle:top_100:mean,80.87994919074099,18.894303631081197,0.0631250455958392,-0.09166000934336599
stage2pp_flexibility:stage2pp:flexibility:n_c_h_angle:top_100:median,76.63432868148286,20.811415558255508,0.19346167820080495,-0.04977622881452204
stage2pp_flexibility:stage2pp:flexibility:n_c_h_angle:top_100:q10,74.25991441714787,21.38290069104754,0.1820674392014037,-0.08295460935733664
stage2pp_flexibility:stage2pp:flexibility:n_c_h_angle:top_100:q90,88.61373705705351,24.214467533703758,-0.044182724221307104,-0.10077842576982812
stage2pp_flexibility:stage2pp:flexibility:n_c_h_angle:top_100:std,6.622483329387076,12.099768514669089,-0.08557698489001811,-0.03231748457234103
stage2pp_flexibility:stage2pp:flexibility:n_to_c_distance:all_200:mean,4.39063560142705,1.4504292542153459,0.5526446299498642,0.6461119569852627
stage2pp_flexibility:stage2pp:flexibility:n_to_c_distance:all_200:median,4.299200228130997,1.5245446611130657,0.48951958435402493,0.59762258754944
stage2pp_flexibility:stage2pp:flexibility:n_to_c_distance:all_200:q10,4.141994955731767,1.4400751387497897,0.5668273325018615,0.6150206639450426
stage2pp_flexibility:stage2pp:flexibility:n_to_c_distance:all_200:q90,4.633764802125495,1.482417741714651,0.5412023139926594,0.6562896817021392
stage2pp_flexibility:stage2pp:flexibility:n_to_c_distance:all_200:std,0.22156989237996108,0.26894641572596134,-0.06889428053224492,0.16733160039919986
stage2pp_flexibility:stage2pp:flexibility:n_to_c_distance:bottom_100:mean,4.339722606483028,1.4935110156114235,0.4325964663148219,0.5925902237202891
stage2pp_flexibility:stage2pp:flexibility:n_to_c_distance:bottom_100:median,4.327152687550176,1.5130203972202128,0.433365697639676,0.5839427430345865
stage2pp_flexibility:stage2pp:flexibility:n_to_c_distance:bottom_100:q10,4.206701631254639,1.4952924372394902,0.5037984408216291,0.6045400310214036
stage2pp_flexibility:stage2pp:flexibility:n_to_c_distance:bottom_100:q90,4.468753200206556,1.5360058570779,0.4133656831934695,0.5785001252327671
stage2pp_flexibility:stage2pp:flexibility:n_to_c_distance:bottom_100:std,0.11146504418280143,0.21370989067952686,-0.21355784656261823,-0.029471943467906735
stage2pp_flexibility:stage2pp:flexibility:n_to_c_distance:top_100:mean,4.441548596371071,1.4575522635115414,0.5861061925810174,0.6786990530043396
stage2pp_flexibility:stage2pp:flexibility:n_to_c_distance:top_100:median,4.39584463565689,1.4311638039138819,0.5956254302260867,0.6844890309332761
stage2pp_flexibility:stage2pp:flexibility:n_to_c_distance:top_100:q10,4.361139553591923,1.4062062467414917,0.6178369847312488,0.6945945626466481
stage2pp_flexibility:stage2pp:flexibility:n_to_c_distance:top_100:q90,4.532475304317957,1.530411675845427,0.5617311749747032,0.6532339437469176
stage2pp_flexibility:stage2pp:flexibility:n_to_c_distance:top_100:std,0.07685919150655318,0.16161403699243881,-0.09581737690213826,0.07242549244620235
stage2pp_flexibility:stage2pp:flexibility:n_to_h_distance:all_200:mean,4.310956771807046,1.5055760394035986,0.5144715254539796,0.5511150402109932
stage2pp_flexibility:stage2pp:flexibility:n_to_h_distance:all_200:median,4.125300304983313,1.6212104400707865,0.41817337897380763,0.46730214484474053
stage2pp_flexibility:stage2pp:flexibility:n_to_h_distance:all_200:q10,3.894020413871744,1.5830148691502584,0.4769714983673425,0.49182824781997286
stage2pp_flexibility:stage2pp:flexibility:n_to_h_distance:all_200:q90,4.807285808779861,1.5247283972972185,0.4840868881222429,0.5863598745031252
stage2pp_flexibility:stage2pp:flexibility:n_to_h_distance:all_200:std,0.40191595328014934,0.38639340200285904,-0.049134650875055336,0.13564816881067931
stage2pp_flexibility:stage2pp:flexibility:n_to_h_distance:bottom_100:mean,4.211155345831614,1.5559031595712873,0.43423108288013684,0.4778030054856287
stage2pp_flexibility:stage2pp:flexibility:n_to_h_distance:bottom_100:median,4.186345872458935,1.6037695946139165,0.45322148121247235,0.4653305732207743
stage2pp_flexibility:stage2pp:flexibility:n_to_h_distance:bottom_100:q10,3.9517935104357544,1.604466356902423,0.4779811144812135,0.5008606529430519
stage2pp_flexibility:stage2pp:flexibility:n_to_h_distance:bottom_100:q90,4.442094913882816,1.626695146301134,0.368750266351932,0.44341111182889625
stage2pp_flexibility:stage2pp:flexibility:n_to_h_distance:bottom_100:std,0.21067894561009315,0.3690955113405653,-0.22663477908513785,-0.09359601928373674
stage2pp_flexibility:stage2pp:flexibility:n_to_h_distance:top_100:mean,4.410758197782478,1.5544488465686497,0.5691831034342272,0.5893252744390264
stage2pp_flexibility:stage2pp:flexibility:n_to_h_distance:top_100:median,4.299592173110771,1.5624457255251372,0.5775965710498189,0.5882633445999416
stage2pp_flexibility:stage2pp:flexibility:n_to_h_distance:top_100:q10,4.225901863561047,1.5308553704413,0.6123562115416633,0.590682899589821
stage2pp_flexibility:stage2pp:flexibility:n_to_h_distance:top_100:q90,4.616966499182824,1.6248252440370945,0.5553850165446569,0.5607206939659789
stage2pp_flexibility:stage2pp:flexibility:n_to_h_distance:top_100:std,0.175502849580515,0.29445905901385927,-0.10091353442929663,0.0022222826321117105
stage2pp_flexibility:stage2pp:flexibility:parallel_motion_std:all_200:mean,2.2966860019380864,0.5434894575347086,0.3393752451340662,0.40088142900691287
stage2pp_flexibility:stage2pp:flexibility:parallel_motion_std:all_200:median,2.194492695245769,0.6071589220688421,0.2379328641689324,0.285460922797935
stage2pp_flexibility:stage2pp:flexibility:parallel_motion_std:all_200:q10,1.832635741780304,0.5081117740285116,0.4474041693182632,0.4464551897214676
stage2pp_flexibility:stage2pp:flexibility:parallel_motion_std:all_200:q90,2.6826726723282333,0.6450534702740776,0.3093752234647565,0.3140108562422011
stage2pp_flexibility:stage2pp:flexibility:parallel_motion_std:all_200:std,0.36693097164779687,0.23030755813114728,-0.011923085535238477,-0.0400838611855449
stage2pp_flexibility:stage2pp:flexibility:parallel_motion_std:bottom_100:mean,2.464144041952443,0.725585590711863,0.3838945080599969,0.4731138957893508
stage2pp_flexibility:stage2pp:flexibility:parallel_motion_std:bottom_100:median,2.385685885146445,0.8054814930898494,0.45408686645293317,0.5406826730508384
stage2pp_flexibility:stage2pp:flexibility:parallel_motion_std:bottom_100:q10,2.303701948944531,0.802690531069877,0.43230800456800167,0.5148890888220522
stage2pp_flexibility:stage2pp:flexibility:parallel_motion_std:bottom_100:q90,2.6452226137012946,0.6630841578436725,0.328365621797092,0.3699066315354945
stage2pp_flexibility:stage2pp:flexibility:parallel_motion_std:bottom_100:std,0.15738529645202148,0.18543108144806253,-0.33096177751847455,-0.5143292282822345
stage2pp_flexibility:stage2pp:flexibility:parallel_motion_std:top_100:mean,2.12922796192373,0.5059543948804859,0.17000012279275506,0.1827536951130675
stage2pp_flexibility:stage2pp:flexibility:parallel_motion_std:top_100:median,2.080198424330456,0.540998882950694,0.18221167007481384,0.16501393510012793
stage2pp_flexibility:stage2pp:flexibility:parallel_motion_std:top_100:q10,1.9702276115408688,0.5458037257926754,0.2400963272700845,0.19515472255890687
stage2pp_flexibility:stage2pp:flexibility:parallel_motion_std:top_100:q90,2.2990031915585734,0.5946725395410881,0.11067315686338297,0.15905724193653004
stage2pp_flexibility:stage2pp:flexibility:parallel_motion_std:top_100:std,0.14780124410774556,0.21580705440659834,-0.08706737058192292,-0.0345318364759052
stage2pp_flexibility:stage2pp:flexibility:perpendicular_motion_std:all_200:mean,1.4590339121909421,0.21957179302845278,0.055961578883135445,-0.11523458839917804
stage2pp_flexibility:stage2pp:flexibility:perpendicular_motion_std:all_200:median,1.3768961924534562,0.2646858996726182,-0.006538466261259811,-0.11539766918510061
stage2pp_flexibility:stage2pp:flexibility:perpendicular_motion_std:all_200:q10,1.3193542712128932,0.26629569588112517,0.10865392463564097,0.025385446648845886
stage2pp_flexibility:stage2pp:flexibility:perpendicular_motion_std:all_200:q90,1.6443101198407384,0.23916352736628135,-0.004759618822534715,-0.2556847992397678
stage2pp_flexibility:stage2pp:flexibility:perpendicular_motion_std:all_200:std,0.13156736776303682,0.11116674741710798,-0.16317319478467499,-0.17945353545269857
stage2pp_flexibility:stage2pp:flexibility:perpendicular_motion_std:bottom_100:mean,1.4149743295686221,0.28468256166074785,-0.058509657646714626,-0.23614034312369012
stage2pp_flexibility:stage2pp:flexibility:perpendicular_motion_std:bottom_100:median,1.403997079845289,0.29311315405091803,-0.05067311352476353,-0.2268814180715809
stage2pp_flexibility:stage2pp:flexibility:perpendicular_motion_std:bottom_100:q10,1.339670792632942,0.27349726292060994,0.045288494250784864,-0.04040501884219165
stage2pp_flexibility:stage2pp:flexibility:perpendicular_motion_std:bottom_100:q90,1.4773876627154623,0.3130150438313667,-0.20091360666032904,-0.3699448408631476
stage2pp_flexibility:stage2pp:flexibility:perpendicular_motion_std:bottom_100:std,0.05764885718994467,0.07740208917623549,-0.3317310088433286,-0.533334054906441
stage2pp_flexibility:stage2pp:flexibility:perpendicular_motion_std:top_100:mean,1.5030934948132617,0.23067043549216198,0.25105787364925536,0.07205304558874993
stage2pp_flexibility:stage2pp:flexibility:perpendicular_motion_std:top_100:median,1.485276462703799,0.24083678396275093,0.24187517470880962,0.05372201704663774
stage2pp_flexibility:stage2pp:flexibility:perpendicular_motion_std:top_100:q10,1.449139737824946,0.24587633105938167,0.1876443663065959,0.05093404334603511
stage2pp_flexibility:stage2pp:flexibility:perpendicular_motion_std:top_100:q90,1.5565241812798662,0.2478496234882569,0.22937516567993055,0.1133375598201994
stage2pp_flexibility:stage2pp:flexibility:perpendicular_motion_std:top_100:std,0.046806581260048795,0.07822241373969888,-0.05697119499700644,0.09313206163283917
stage2pp_flexibility:stage2pp:flexibility:preferred_h_distance:all_200:mean,4.310956771807046,1.5055760394035986,0.5144715254539796,0.5511150402109932
stage2pp_flexibility:stage2pp:flexibility:preferred_h_distance:all_200:median,4.125300304983313,1.6212104400707865,0.41817337897380763,0.46730214484474053
stage2pp_flexibility:stage2pp:flexibility:preferred_h_distance:all_200:q10,3.894020413871744,1.5830148691502584,0.4769714983673425,0.49182824781997286
stage2pp_flexibility:stage2pp:flexibility:preferred_h_distance:all_200:q90,4.807285808779861,1.5247283972972185,0.4840868881222429,0.5863598745031252
stage2pp_flexibility:stage2pp:flexibility:preferred_h_distance:all_200:std,0.40191595328014934,0.38639340200285904,-0.049134650875055336,0.13564816881067931
stage2pp_flexibility:stage2pp:flexibility:preferred_h_distance:bottom_100:mean,4.211155345831614,1.5559031595712873,0.43423108288013684,0.4778030054856287
stage2pp_flexibility:stage2pp:flexibility:preferred_h_distance:bottom_100:median,4.186345872458935,1.6037695946139165,0.45322148121247235,0.4653305732207743
stage2pp_flexibility:stage2pp:flexibility:preferred_h_distance:bottom_100:q10,3.9517935104357544,1.604466356902423,0.4779811144812135,0.5008606529430519
stage2pp_flexibility:stage2pp:flexibility:preferred_h_distance:bottom_100:q90,4.442094913882816,1.626695146301134,0.368750266351932,0.44341111182889625
stage2pp_flexibility:stage2pp:flexibility:preferred_h_distance:bottom_100:std,0.21067894561009315,0.3690955113405653,-0.22663477908513785,-0.09359601928373674
stage2pp_flexibility:stage2pp:flexibility:preferred_h_distance:top_100:mean,4.410758197782478,1.5544488465686497,0.5691831034342272,0.5893252744390264
stage2pp_flexibility:stage2pp:flexibility:preferred_h_distance:top_100:median,4.299592173110771,1.5624457255251372,0.5775965710498189,0.5882633445999416
stage2pp_flexibility:stage2pp:flexibility:preferred_h_distance:top_100:q10,4.225901863561047,1.5308553704413,0.6123562115416633,0.590682899589821
stage2pp_flexibility:stage2pp:flexibility:preferred_h_distance:top_100:q90,4.616966499182824,1.6248252440370945,0.5553850165446569,0.5607206939659789
stage2pp_flexibility:stage2pp:flexibility:preferred_h_distance:top_100:std,0.175502849580515,0.29445905901385927,-0.10091353442929663,0.0022222826321117105
stage2pp_flexibility:stage2pp:flexibility:tether_dihedral:all_200:mean,2.9135202713404236,15.851467390897188,0.03401900859078531,0.05016962698731937
stage2pp_flexibility:stage2pp:flexibility:tether_dihedral:all_200:median,7.9273066454068735,100.90055663350505,0.01924696384202847,-0.025996855926489
stage2pp_flexibility:stage2pp:flexibility:tether_dihedral:all_200:q10,-92.78758184046745,69.8997850982378,-0.37093711064549356,-0.4301943266392424
stage2pp_flexibility:stage2pp:flexibility:tether_dihedral:all_200:q90,93.48731891096804,69.9138078019949,0.3678575964307691,0.44567246187345494
stage2pp_flexibility:stage2pp:flexibility:tether_dihedral:all_200:std,86.90372437227512,65.315831042116,0.4651028812426179,0.49868539217388913
stage2pp_flexibility:stage2pp:flexibility:tether_dihedral:bottom_100:mean,0.9583852231674034,22.992185719538114,0.0402261544298395,-0.016807890809944413
stage2pp_flexibility:stage2pp:flexibility:tether_dihedral:bottom_100:median,-17.369744656611328,101.56491097910282,-0.029784676545539047,-0.06394757437336111
stage2pp_flexibility:stage2pp:flexibility:tether_dihedral:bottom_100:q10,-95.58111256230767,71.9777424036437,-0.30044510557406434,-0.42152648306383345
stage2pp_flexibility:stage2pp:flexibility:tether_dihedral:bottom_100:q90,93.59869279863241,70.40523893021668,0.35621318330634183,0.4330541854038062
stage2pp_flexibility:stage2pp:flexibility:tether_dihedral:bottom_100:std,88.96295330086123,66.76297148704543,0.4524480025164842,0.46886109964567885
stage2pp_flexibility:stage2pp:flexibility:tether_dihedral:top_100:mean,4.868655319513443,21.550148468480163,0.0402261544298395,0.0917383266455669
stage2pp_flexibility:stage2pp:flexibility:tether_dihedral:top_100:median,10.591577768773373,101.93586775711235,-0.012847348364554,0.013337426147865698
stage2pp_flexibility:stage2pp:flexibility:tether_dihedral:top_100:q10,-86.63374959483681,66.53332672459491,-0.5130759386188738,-0.5018622328010524
stage2pp_flexibility:stage2pp:flexibility:tether_dihedral:top_100:q90,86.14498317609493,66.48889588321259,0.538241343842326,0.5080441601209755
stage2pp_flexibility:stage2pp:flexibility:tether_dihedral:top_100:std,81.94976632647463,63.64910049509788,0.5207747241556852,0.5252079383040011
stage2pp_flexibility:stage2pp:flexibility:two_h_distance_gap:all_200:mean,0.7821707016598303,0.44347826588237527,0.1262500911916784,0.2802954715490024
stage2pp_flexibility:stage2pp:flexibility:two_h_distance_gap:all_200:median,0.7808048992169111,0.48960782846255946,0.08048082736285972,0.2768357333059024
stage2pp_flexibility:stage2pp:flexibility:two_h_distance_gap:all_200:q10,0.4510702177207195,0.5012559499473564,0.3682214198160948,0.2391274107391406
stage2pp_flexibility:stage2pp:flexibility:two_h_distance_gap:all_200:q90,1.0123444439287845,0.5147224165296003,0.0358654105213222,0.18756185921222937
stage2pp_flexibility:stage2pp:flexibility:two_h_distance_gap:all_200:std,0.23727052235609908,0.2163688426529295,-0.20610591810309417,-0.0852072214853728
stage2pp_flexibility:stage2pp:flexibility:two_h_distance_gap:bottom_100:mean,0.7594979277961018,0.5024443162948576,0.1186539318587442,0.25138329256580033
stage2pp_flexibility:stage2pp:flexibility:two_h_distance_gap:bottom_100:median,0.6900447681523805,0.5719804416821938,0.19653860350022134,0.23428477651346882
stage2pp_flexibility:stage2pp:flexibility:two_h_distance_gap:bottom_100:q10,0.6097952929436584,0.5701197990203838,0.29783675359194506,0.2810506584218174
stage2pp_flexibility:stage2pp:flexibility:two_h_distance_gap:bottom_100:q90,0.9261980167718409,0.5118694142784577,-0.029375021217865768,0.15527619374637142
stage2pp_flexibility:stage2pp:flexibility:two_h_distance_gap:bottom_100:std,0.14199043023052668,0.2168916897410001,-0.1518270327430771,-0.15805546884483945
stage2pp_flexibility:stage2pp:flexibility:two_h_distance_gap:top_100:mean,0.804843475523559,0.4625365730241142,0.06980774273050916,0.26441972351215226
stage2pp_flexibility:stage2pp:flexibility:two_h_distance_gap:top_100:median,0.7709884757578412,0.520912082788186,0.1502885700933689,0.24379167582690014
stage2pp_flexibility:stage2pp:flexibility:two_h_distance_gap:top_100:q10,0.6524537537826809,0.5396247693087005,0.2199520819504679,0.25837140680647697
stage2pp_flexibility:stage2pp:flexibility:two_h_distance_gap:top_100:q90,0.9396573040478711,0.5038909317230493,0.002548078763579191,0.22841165564416113
stage2pp_flexibility:stage2pp:flexibility:two_h_distance_gap:top_100:std,0.132106597138038,0.217939386632815,-0.0694712040258855,-0.0563815073971304
stage2pp_geometry:stage2pp:occupancy:activation:all_heavy:all_200:entropy,4.913459303906487,0.16668314781774776,0.027980789441567722,0.15913238659652515
stage2pp_geometry:stage2pp:occupancy:activation:all_heavy:all_200:mass,96.66918295434456,16.21993561647525,0.3636541088247736,0.5563410037200541
stage2pp_geometry:stage2pp:occupancy:activation:all_heavy:all_200:peak,1.6744710719131242,0.47048008776960437,0.3738945008368937,0.28261181184073964
stage2pp_geometry:stage2pp:occupancy:activation:all_heavy:all_200:variance_mean,0.02348744286866321,0.011908072803157293,-0.12230778065180117,-0.12447464554298536
stage2pp_geometry:stage2pp:occupancy:activation:all_heavy:bottom_100:entropy,4.833757835585551,0.18609693128868576,-0.10567315325183135,-0.009647419975383646
stage2pp_geometry:stage2pp:occupancy:activation:all_heavy:bottom_100:mass,96.52737314002442,16.251073066424713,0.3754810404444053,0.5519665167944615
stage2pp_geometry:stage2pp:occupancy:activation:all_heavy:bottom_100:peak,1.7667114435729716,0.543721715000298,0.3892310503761722,0.3360391379217131
stage2pp_geometry:stage2pp:occupancy:activation:all_heavy:bottom_100:variance_mean,0.009943662210131463,0.011922417820269622,-0.29235598040235966,-0.47968834277860883
stage2pp_geometry:stage2pp:occupancy:activation:all_heavy:top_100:entropy,4.74235700491409,0.24459395102745426,0.08653852404608572,0.3079064913642291
stage2pp_geometry:stage2pp:occupancy:activation:all_heavy:top_100:mass,96.81099276866469,16.209607808701058,0.3474040970872308,0.560012458954717
stage2pp_geometry:stage2pp:occupancy:activation:all_heavy:top_100:peak,1.9835928067427044,0.5223176964265823,0.2949040591659388,0.21407138610747914
stage2pp_geometry:stage2pp:occupancy:activation:all_heavy:top_100:variance_mean,0.011368031348932049,0.016073491047453096,-0.05865388852012477,-0.06582904509041389
stage2pp_geometry:stage2pp:occupancy:activation:carbon:all_200:entropy,4.836749970507058,0.2192223327052733,-0.12774047688358323,0.05457896896353308
stage2pp_geometry:stage2pp:occupancy:activation:carbon:all_200:mass,5.352796203958811,0.5640801326539109,-0.3793752740264792,-0.13983281240441803
stage2pp_geometry:stage2pp:occupancy:activation:carbon:all_200:peak,0.09965778073039364,0.023416648233890124,0.07048082013975648,-0.11051890718154563
stage2pp_geometry:stage2pp:occupancy:activation:carbon:all_200:variance_mean,8.649467627743962e-05,5.901710809862704e-05,-0.35663487298548,-0.4300906013332935
stage2pp_geometry:stage2pp:occupancy:activation:carbon:bottom_100:entropy,4.746873592598926,0.21436036529964098,-0.24413479172556854,-0.07020609694706968
stage2pp_geometry:stage2pp:occupancy:activation:carbon:bottom_100:mass,5.342769698493701,0.5535992074176229,-0.3915868213085379,-0.15742400814227955
stage2pp_geometry:stage2pp:occupancy:activation:carbon:bottom_100:peak,0.10419000008102472,0.02595902082052192,0.09831737870791407,-0.02904655409674426
stage2pp_geometry:stage2pp:occupancy:activation:carbon:bottom_100:variance_mean,3.773023591470882e-05,5.537879650417999e-05,-0.38725989510623365,-0.7174122671941403
stage2pp_geometry:stage2pp:occupancy:activation:carbon:top_100:entropy,4.662817154721936,0.27190117516882556,-0.03500002528086134,0.1694696246638201
stage2pp_geometry:stage2pp:occupancy:activation:carbon:top_100:mass,5.362822709423922,0.5769752217933063,-0.36812526590048805,-0.12236923517337568
stage2pp_geometry:stage2pp:occupancy:activation:carbon:top_100:peak,0.11887739177924639,0.03294361881322512,-0.09182698940445765,-0.1459140466521539
stage2pp_geometry:stage2pp:occupancy:activation:carbon:top_100:variance_mean,3.9404010564916676e-05,5.652281747205394e-05,-0.09677891605820588,-0.07421933299339815
stage2pp_geometry:stage2pp:occupancy:activation:halogen:all_200:entropy,0.611690831421007,1.3191642893780309,0.14526143799466107,0.23281567832238056
stage2pp_geometry:stage2pp:occupancy:activation:halogen:all_200:mass,0.08501133614761333,0.1957764024922125,0.14849106482754634,0.2278236960370196
stage2pp_geometry:stage2pp:occupancy:activation:halogen:all_200:peak,0.007391106837606532,0.0168706226044269,0.1551656269488425,0.21815260796370228
stage2pp_geometry:stage2pp:occupancy:activation:halogen:all_200:variance_mean,1.3163860744989497e-06,3.3322541854750893e-06,0.1460509023315886,0.1984772579772575
stage2pp_geometry:stage2pp:occupancy:activation:halogen:bottom_100:entropy,0.5799608078131169,1.2513571425503518,0.13987872660651895,0.2285864704928705
stage2pp_geometry:stage2pp:occupancy:activation:halogen:bottom_100:mass,0.08486348764933538,0.19549369644486989,0.14849106482754634,0.22792569189808332
stage2pp_geometry:stage2pp:occupancy:activation:halogen:bottom_100:peak,0.008687458444823031,0.019805606458111625,0.15961533502970662,0.2330625801698996
stage2pp_geometry:stage2pp:occupancy:activation:halogen:bottom_100:variance_mean,8.343545872483581e-07,2.632795069198348e-06,0.13263000860382096,0.13243843971766303
stage2pp_geometry:stage2pp:occupancy:activation:halogen:top_100:entropy,0.5625875173102445,1.212493193726693,0.13772564205126214,0.22927685093773106
stage2pp_geometry:stage2pp:occupancy:activation:halogen:top_100:mass,0.08515918464589127,0.1960637230524011,0.1471992140943922,0.22771663470539427
stage2pp_geometry:stage2pp:occupancy:activation:halogen:top_100:peak,0.00873721449338307,0.01933646513201721,0.15638570819682138,0.24027571062993094
stage2pp_geometry:stage2pp:occupancy:activation:halogen:top_100:variance_mean,6.611464732421281e-07,2.310209892476669e-06,0.1296156902264614,0.08480717568970264
stage2pp_geometry:stage2pp:occupancy:activation:hetero:all_200:entropy,3.4374215421996523,1.1204262072731543,0.17573944170276581,0.004540251380329767
stage2pp_geometry:stage2pp:occupancy:activation:hetero:all_200:mass,0.7306656733850393,0.49059304918344276,0.3447705369511505,0.1580199033837029
stage2pp_geometry:stage2pp:occupancy:activation:hetero:all_200:peak,0.04480300975714131,0.022205038135590268,0.289420667639375,0.20840669861172387
stage2pp_geometry:stage2pp:occupancy:activation:hetero:all_200:variance_mean,1.335976443361116e-05,1.1504475500441902e-05,0.0018033189393497657,-0.21299568551129347
stage2pp_geometry:stage2pp:occupancy:activation:hetero:bottom_100:entropy,3.221973367737966,1.0900476194701827,0.09182500039169007,-0.019567163828603913
stage2pp_geometry:stage2pp:occupancy:activation:hetero:bottom_100:mass,0.731655869892878,0.4906871885432846,0.3392403588704778,0.16304784150881205
stage2pp_geometry:stage2pp:occupancy:activation:hetero:bottom_100:peak,0.0488346227112869,0.022126649615744044,0.30716532600257673,0.266317357098717
stage2pp_geometry:stage2pp:occupancy:activation:hetero:bottom_100:variance_mean,8.213951087452268e-06,1.2675317161601315e-05,-0.17208471531901695,-0.4176512291635902
stage2pp_geometry:stage2pp:occupancy:activation:hetero:top_100:entropy,3.1354931760049425,1.02580229900522,0.24792028778180575,0.12502689957416027
stage2pp_geometry:stage2pp:occupancy:activation:hetero:top_100:mass,0.7296754768772002,0.4906216868028464,0.3429431737592761,0.15295174986325594
stage2pp_geometry:stage2pp:occupancy:activation:hetero:top_100:peak,0.0558489591137388,0.03001956706814905,0.26619391970055006,0.032003355984032825
stage2pp_geometry:stage2pp:occupancy:activation:hetero:top_100:variance_mean,4.445991215047167e-06,6.376197171553498e-06,-0.10913686220944781,-0.17078140538403483
stage2pp_geometry:stage2pp:occupancy:activation:hydrogen:all_200:entropy,4.684136700850504,0.2135888006349765,-0.1356250979633377,0.06944624712710694
stage2pp_geometry:stage2pp:occupancy:activation:hydrogen:all_200:mass,2.8464545275915616,0.5761884998527124,-0.3527887163612095,-0.4482390490906931
stage2pp_geometry:stage2pp:occupancy:activation:hydrogen:all_200:peak,0.08996389891181353,0.03207124173762278,-0.10379815189749948,-0.5242254843041179
stage2pp_geometry:stage2pp:occupancy:activation:hydrogen:all_200:variance_mean,3.658257563985819e-05,1.941207274036262e-05,-0.40403875337961365,-0.36693085325819924
stage2pp_geometry:stage2pp:occupancy:activation:hydrogen:bottom_100:entropy,4.557341556920937,0.20946752846464115,-0.3258175430335128,-0.1585828880786889
stage2pp_geometry:stage2pp:occupancy:activation:hydrogen:bottom_100:mass,2.8467148703168674,0.5771406845316495,-0.36721180370222384,-0.45012520823810825
stage2pp_geometry:stage2pp:occupancy:activation:hydrogen:bottom_100:peak,0.09294125872675524,0.03211817951726055,-0.1191827783945814,-0.49370348812882736
stage2pp_geometry:stage2pp:occupancy:activation:hydrogen:bottom_100:variance_mean,1.9919948906506715e-05,2.3625882874339742e-05,-0.36769257328025756,-0.5508005226960322
stage2pp_geometry:stage2pp:occupancy:activation:hydrogen:top_100:entropy,4.478638317762502,0.30789766007813313,-0.09423083729462668,0.06101742602261787
stage2pp_geometry:stage2pp:occupancy:activation:hydrogen:top_100:mass,2.8461941848662566,0.5753921061184416,-0.3401444764589203,-0.44622579455687034
stage2pp_geometry:stage2pp:occupancy:activation:hydrogen:top_100:peak,0.10203265324343068,0.03495423580585459,-0.0209615536022741,-0.3740306630118723
stage2pp_geometry:stage2pp:occupancy:activation:hydrogen:top_100:variance_mean,1.6555343947841884e-05,2.186061661415381e-05,-0.08855775627382774,-0.06038339404967013
stage2pp_geometry:stage2pp:occupancy:activation:reactive_c:all_200:entropy,2.1555867709047707,9.565974336450906e-16,-0.24148596256318663,-0.13263444156311682
stage2pp_geometry:stage2pp:occupancy:activation:reactive_c:all_200:mass,0.21189751651325583,0.04385864759349338,-0.4233924824177651,-0.6583888319846977
stage2pp_geometry:stage2pp:occupancy:activation:reactive_c:all_200:peak,0.05120899337784023,0.01059926152572782,-0.42475263976452804,-0.6583888319846974
stage2pp_geometry:stage2pp:occupancy:activation:reactive_c:all_200:variance_mean,1.8624404768836276e-20,2.1745034725676304e-20,-0.28850982377808915,-0.23384156935451134
stage2pp_geometry:stage2pp:occupancy:activation:reactive_c:bottom_100:entropy,2.1555867709047707,9.870375970285781e-16,0.27245724314656344,0.23867145494926653
stage2pp_geometry:stage2pp:occupancy:activation:reactive_c:bottom_100:mass,0.2118975165132559,0.043858647593493505,-0.47135360461904086,-0.6583888319846984
stage2pp_geometry:stage2pp:occupancy:activation:reactive_c:bottom_100:peak,0.05120899337784027,0.010599261525727878,-0.46774722661889523,-0.6583888319846991
stage2pp_geometry:stage2pp:occupancy:activation:reactive_c:bottom_100:variance_mean,9.824199307601819e-21,1.7084202550709798e-20,0.08296077449604584,0.06745573088009538
stage2pp_geometry:stage2pp:occupancy:activation:reactive_c:top_100:entropy,2.1555867709047707,4.2595540635239357e-16,-0.009047975330167367,-0.011914652521842758
stage2pp_geometry:stage2pp:occupancy:activation:reactive_c:top_100:mass,0.21189751651325586,0.04385864759349337,-0.43570624569135064,-0.6583888319846974
stage2pp_geometry:stage2pp:occupancy:activation:reactive_c:top_100:peak,0.05120899337784025,0.01059926152572784,-0.44459696651818353,-0.6583888319846974
stage2pp_geometry:stage2pp:occupancy:activation:reactive_c:top_100:variance_mean,9.335895732293799e-21,1.765388156290814e-20,-0.10598819824275478,-0.4370883322835622
stage2pp_geometry:stage2pp:occupancy:activation:reactive_h:all_200:entropy,2.3294614017690005,0.20235903251143064,-0.07812505643049406,0.05843047294087763
stage2pp_geometry:stage2pp:occupancy:activation:reactive_h:all_200:mass,0.210535501754768,0.04345185614872289,-0.4150964536743912,-0.6565683838328698
stage2pp_geometry:stage2pp:occupancy:activation:reactive_h:all_200:peak,0.04536461688220819,0.015530731266573967,-0.28043289486712114,-0.6043603523087314
stage2pp_geometry:stage2pp:occupancy:activation:reactive_h:all_200:variance_mean,1.3515901197142749e-06,1.5911038077946006e-06,-0.18649051931931473,-0.024694633913468794
stage2pp_geometry:stage2pp:occupancy:activation:reactive_h:bottom_100:entropy,2.2290940525927256,0.16951574222462068,-0.05158657572302777,-0.13381630875088843
stage2pp_geometry:stage2pp:occupancy:activation:reactive_h:bottom_100:mass,0.21055021288317302,0.04343409190423953,-0.4248079991506742,-0.656816590273281
stage2pp_geometry:stage2pp:occupancy:activation:reactive_h:bottom_100:peak,0.0495242244798881,0.014545020761888893,-0.27158673463129906,-0.5785008137312535
stage2pp_geometry:stage2pp:occupancy:activation:reactive_h:bottom_100:variance_mean,7.08734442210938e-07,1.386185505532327e-06,-0.24187517470880962,-0.18014204609306578
stage2pp_geometry:stage2pp:occupancy:activation:reactive_h:top_100:entropy,2.2433078845360432,0.20166226260931297,-0.0479808038877742,-0.024998466835857304
stage2pp_geometry:stage2pp:occupancy:activation:reactive_h:top_100:mass,0.21052079062636295,0.04347011882603612,-0.42317338258535925,-0.6563128548193411
stage2pp_geometry:stage2pp:occupancy:activation:reactive_h:top_100:peak,0.048281615610325825,0.01439101433595621,-0.30221175675205275,-0.5727277694302246
stage2pp_geometry:stage2pp:occupancy:activation:reactive_h:top_100:variance_mean,7.451572120067297e-07,1.5847296507189737e-06,-0.12293278110324511,-0.06762958989092989
stage2pp_geometry:stage2pp:occupancy:h_to_n:all_heavy:all_200:entropy,4.954181174391139,0.15961544873838748,0.13144240263444354,0.22303937310408622
stage2pp_geometry:stage2pp:occupancy:h_to_n:all_heavy:all_200:mass,100.60556607334851,16.13572373956564,0.37129834511551113,0.5660478767448214
stage2pp_geometry:stage2pp:occupancy:h_to_n:all_heavy:all_200:peak,1.7991081270906406,0.42051094116432697,0.2535578754550312,0.21581095329367725
stage2pp_geometry:stage2pp:occupancy:h_to_n:all_heavy:all_200:variance_mean,0.026547796575824165,0.013291950425100346,-0.12317316589226203,-0.11807330922816002
stage2pp_geometry:stage2pp:occupancy:h_to_n:all_heavy:bottom_100:entropy,4.881897660338244,0.18584833740925993,-0.034663486576237676,0.11419379337999405
stage2pp_geometry:stage2pp:occupancy:h_to_n:all_heavy:bottom_100:mass,100.63128500604594,16.174550964728493,0.3787983505328386,0.5661148523692917
stage2pp_geometry:stage2pp:occupancy:h_to_n:all_heavy:bottom_100:peak,1.9552117147047137,0.5133605322606835,0.30889445388672265,0.26281215232752486
stage2pp_geometry:stage2pp:occupancy:h_to_n:all_heavy:bottom_100:variance_mean,0.012412986588461095,0.01455598022387608,-0.32451946517282154,-0.42789553527529733
stage2pp_geometry:stage2pp:occupancy:h_to_n:all_heavy:top_100:entropy,4.7695443060581315,0.22717791002502286,0.2064905337655212,0.3155406014887803
stage2pp_geometry:stage2pp:occupancy:h_to_n:all_heavy:top_100:mass,100.57984714065105,16.101733455737843,0.3603848756941437,0.5658105581334718
stage2pp_geometry:stage2pp:occupancy:h_to_n:all_heavy:top_100:peak,2.160138087454484,0.506959337923202,0.29576944440639963,0.2402926601002772
stage2pp_geometry:stage2pp:occupancy:h_to_n:all_heavy:top_100:variance_mean,0.012750863008841509,0.016969828213851866,-0.022788477998802577,-0.025882807192375932
stage2pp_geometry:stage2pp:occupancy:h_to_n:carbon:all_200:entropy,4.873483738045014,0.2054363427546054,-0.07764428685246025,0.09484927288896446
stage2pp_geometry:stage2pp:occupancy:h_to_n:carbon:all_200:mass,5.609969796594438,0.5726580966965571,-0.3797118127311028,-0.18382660687034946
stage2pp_geometry:stage2pp:occupancy:h_to_n:carbon:all_200:peak,0.10709841396200717,0.023126475070330894,-0.13389432748241598,-0.22412820834073977
stage2pp_geometry:stage2pp:occupancy:h_to_n:carbon:all_200:variance_mean,9.548336883664323e-05,5.84420952772361e-05,-0.3973079792871403,-0.45850676588901196
stage2pp_geometry:stage2pp:occupancy:h_to_n:carbon:bottom_100:entropy,4.789405965854037,0.21072520158109231,-0.1818270544123868,0.014729202982248607
stage2pp_geometry:stage2pp:occupancy:h_to_n:carbon:bottom_100:mass,5.60804926155222,0.5727394124006506,-0.3796156588154961,-0.1839114829737356
stage2pp_geometry:stage2pp:occupancy:h_to_n:carbon:bottom_100:peak,0.11325763237478989,0.026286314538543958,-0.1957212952175639,-0.25643618438782023
stage2pp_geometry:stage2pp:occupancy:h_to_n:carbon:bottom_100:variance_mean,4.703186006083303e-05,6.417613446534651e-05,-0.42317338258535925,-0.6715246051408864
stage2pp_geometry:stage2pp:occupancy:h_to_n:carbon:top_100:entropy,4.6918391273074675,0.247107778783035,0.006730774092473335,0.17561257377335304
stage2pp_geometry:stage2pp:occupancy:h_to_n:carbon:top_100:mass,5.611890331636655,0.57277932757213,-0.3837022002287835,-0.18367673180342356
stage2pp_geometry:stage2pp:occupancy:h_to_n:carbon:top_100:peak,0.12610640737931006,0.032054254755733154,-0.09634622343797544,-0.0437470207043131
stage2pp_geometry:stage2pp:occupancy:h_to_n:carbon:top_100:variance_mean,4.21509362122527e-05,5.563124230840631e-05,-0.05899042722474843,-0.03424446048835887
stage2pp_geometry:stage2pp:occupancy:h_to_n:halogen:all_200:entropy,0.6308944137254221,1.36013769487869,0.1437542788059813,0.23328017560274156
stage2pp_geometry:stage2pp:occupancy:h_to_n:halogen:all_200:mass,0.08484078290898683,0.1954866302945381,0.14849106482754634,0.2275933905596403
stage2pp_geometry:stage2pp:occupancy:h_to_n:halogen:all_200:peak,0.006466994424465285,0.015428080192589252,0.15078768835315362,0.20183755062083203
stage2pp_geometry:stage2pp:occupancy:h_to_n:halogen:all_200:variance_mean,1.5118389040586295e-06,3.7620109977946542e-06,0.15272546445288476,0.21067872379434502
stage2pp_geometry:stage2pp:occupancy:h_to_n:halogen:bottom_100:entropy,0.580632000472704,1.254284540589305,0.13693617771433464,0.22696483168323264
stage2pp_geometry:stage2pp:occupancy:h_to_n:halogen:bottom_100:mass,0.08455435681882716,0.19503535540822814,0.14849106482754634,0.22741617541109047
stage2pp_geometry:stage2pp:occupancy:h_to_n:halogen:bottom_100:peak,0.008713269748090424,0.02059082179621169,0.16485450744749827,0.22777630193081416
stage2pp_geometry:stage2pp:occupancy:h_to_n:halogen:bottom_100:variance_mean,8.663717802539017e-07,2.7617882964411647e-06,0.13263000860382096,0.12976259920813224
stage2pp_geometry:stage2pp:occupancy:h_to_n:halogen:top_100:entropy,0.5622125033140953,1.2117195347594423,0.13614671337740714,0.22929258688027024
stage2pp_geometry:stage2pp:occupancy:h_to_n:halogen:top_100:mass,0.0851272089991465,0.19595151900548205,0.14913699019412338,0.22775396498710015
stage2pp_geometry:stage2pp:occupancy:h_to_n:halogen:top_100:peak,0.008594525422798913,0.018962738496573154,0.16270142289224143,0.2447565792922096
stage2pp_geometry:stage2pp:occupancy:h_to_n:halogen:top_100:variance_mean,6.572545159024031e-07,2.3024241734291718e-06,0.13248646963347052,0.08448833697277196
stage2pp_geometry:stage2pp:occupancy:h_to_n:hetero:all_200:entropy,3.541819815808832,1.146654696803068,0.15982214653143853,0.022432146027620288
stage2pp_geometry:stage2pp:occupancy:h_to_n:hetero:all_200:mass,0.7299041840028968,0.4906913531172173,0.3320270831130788,0.15613438308337294
stage2pp_geometry:stage2pp:occupancy:h_to_n:hetero:all_200:peak,0.04009931871963887,0.018722315737976433,0.17386399000584205,0.0833747045413077
stage2pp_geometry:stage2pp:occupancy:h_to_n:hetero:all_200:variance_mean,1.5130905243487774e-05,1.1675881752387159e-05,0.08278436144241658,-0.15019182075928142
stage2pp_geometry:stage2pp:occupancy:h_to_n:hetero:bottom_100:entropy,3.252841153685545,1.1158829329072846,0.10615537489638953,-0.008952594660729384
stage2pp_geometry:stage2pp:occupancy:h_to_n:hetero:bottom_100:mass,0.7330676117065906,0.4951669328653147,0.32577557745666635,0.15741871651360093
stage2pp_geometry:stage2pp:occupancy:h_to_n:hetero:bottom_100:peak,0.04800845237053722,0.021298595205526908,0.2761963287508101,0.21742305210802307
stage2pp_geometry:stage2pp:occupancy:h_to_n:hetero:bottom_100:variance_mean,9.093348329167431e-06,1.3032974221111264e-05,-0.13106522051194094,-0.38898607822506015
stage2pp_geometry:stage2pp:occupancy:h_to_n:hetero:top_100:entropy,3.170864800614587,1.042299289013735,0.3279876486889353,0.14654397832215438
stage2pp_geometry:stage2pp:occupancy:h_to_n:hetero:top_100:mass,0.726740756299203,0.48648432813122944,0.33005545440605644,0.1547409361862601
stage2pp_geometry:stage2pp:occupancy:h_to_n:hetero:top_100:peak,0.053111521548783173,0.02704998139318646,0.16953602455140263,-0.07647465375462319
stage2pp_geometry:stage2pp:occupancy:h_to_n:hetero:top_100:variance_mean,4.757433114363445e-06,6.5663126578754464e-06,-0.03498438742338545,-0.10032556995821694
stage2pp_geometry:stage2pp:occupancy:h_to_n:hydrogen:all_200:entropy,4.768432116106301,0.21281531873345114,-0.16860589101645707,0.08283513093778161
stage2pp_geometry:stage2pp:occupancy:h_to_n:hydrogen:all_200:mass,2.7503892072919864,0.5664352280919546,-0.35394256334849067,-0.4484770704667223
stage2pp_geometry:stage2pp:occupancy:h_to_n:hydrogen:all_200:peak,0.08575253729801177,0.033820358189573026,-0.09884622524375125,-0.44348233014496524
stage2pp_geometry:stage2pp:occupancy:h_to_n:hydrogen:all_200:variance_mean,3.791365210837474e-05,2.125599093174325e-05,-0.4585580235286476,-0.3935618330194061
stage2pp_geometry:stage2pp:occupancy:h_to_n:hydrogen:bottom_100:entropy,4.618686275479613,0.2294468544052554,-0.28399058974457136,-0.13583705442948318
stage2pp_geometry:stage2pp:occupancy:h_to_n:hydrogen:bottom_100:mass,2.75149580857976,0.5665231559037291,-0.3481733284120849,-0.44687413198561365
stage2pp_geometry:stage2pp:occupancy:h_to_n:hydrogen:bottom_100:peak,0.09266155519147516,0.03445164053821326,-0.08322121395765245,-0.3791495343507553
stage2pp_geometry:stage2pp:occupancy:h_to_n:hydrogen:bottom_100:variance_mean,2.0553842250627154e-05,2.555894484906661e-05,-0.39500028531257797,-0.5655454419646162
stage2pp_geometry:stage2pp:occupancy:h_to_n:hydrogen:top_100:entropy,4.539840484373653,0.30014746255794134,-0.07658659378078587,0.0827529943585013
stage2pp_geometry:stage2pp:occupancy:h_to_n:hydrogen:top_100:mass,2.749282606004212,0.5663960352841554,-0.3581252586773848,-0.45004177992797467
stage2pp_geometry:stage2pp:occupancy:h_to_n:hydrogen:top_100:peak,0.09581133214681488,0.031439291976425865,-0.09653853126918897,-0.44006103488970344
stage2pp_geometry:stage2pp:occupancy:h_to_n:hydrogen:top_100:variance_mean,1.8462277315412272e-05,2.497857213256493e-05,-0.1000481491888358,-0.034382457408590326
stage2pp_geometry:stage2pp:occupancy:h_to_n:reactive_c:all_200:entropy,2.8948130192668424,0.1348587918651457,-0.0997596874420155,0.14508734536140078
stage2pp_geometry:stage2pp:occupancy:h_to_n:reactive_c:all_200:mass,0.41413249061850066,0.08259263932803296,-0.41942337987669553,-0.6395040119880426
stage2pp_geometry:stage2pp:occupancy:h_to_n:reactive_c:all_200:peak,0.05237538281525687,0.014586405091851292,-0.2650963453278426,-0.6115537136649111
stage2pp_geometry:stage2pp:occupancy:h_to_n:reactive_c:all_200:variance_mean,1.8735770984296628e-06,2.4233811441740764e-06,-0.19076936856381563,-0.04195030780453837
stage2pp_geometry:stage2pp:occupancy:h_to_n:reactive_c:bottom_100:entropy,2.8300390869836263,0.11381221950579393,-0.12317316589226203,-0.012101287719936198
stage2pp_geometry:stage2pp:occupancy:h_to_n:reactive_c:bottom_100:mass,0.4138990114284806,0.08266872916507424,-0.44480801359688066,-0.6400939117932536
stage2pp_geometry:stage2pp:occupancy:h_to_n:reactive_c:bottom_100:peak,0.05555329884172402,0.013855675800192535,-0.29211559561334266,-0.5963754183593256
stage2pp_geometry:stage2pp:occupancy:h_to_n:reactive_c:bottom_100:variance_mean,9.918407133075168e-07,2.078418783543946e-06,-0.24062517380592174,-0.1712981533502753
stage2pp_geometry:stage2pp:occupancy:h_to_n:reactive_c:top_100:entropy,2.8482436057889875,0.13606474984900263,0.049807728284302674,0.07687089423595005
stage2pp_geometry:stage2pp:occupancy:h_to_n:reactive_c:top_100:mass,0.4143659698085208,0.08255409338730622,-0.4210099194842071,-0.6386224598255247
stage2pp_geometry:stage2pp:occupancy:h_to_n:reactive_c:top_100:peak,0.054475544925283205,0.014210496963938085,-0.2605771112943248,-0.5809049229996388
stage2pp_geometry:stage2pp:occupancy:h_to_n:reactive_c:top_100:variance_mean,1.1182280888322465e-06,2.4975730569707007e-06,-0.11956739405700846,-0.07580360882458183
stage2pp_geometry:stage2pp:occupancy:h_to_n:reactive_h:all_200:entropy,1.4538945556174412,1.3637226932402845e-15,0.167709549063717,0.13436648572487644
stage2pp_geometry:stage2pp:occupancy:h_to_n:reactive_h:all_200:mass,0.1054693149161222,0.021830088388714076,-0.4407494557743699,-0.6583888319846961
stage2pp_geometry:stage2pp:occupancy:h_to_n:reactive_h:all_200:peak,0.040203508881335025,0.008321341170310732,-0.46145916968903106,-0.6583888319846963
stage2pp_geometry:stage2pp:occupancy:h_to_n:reactive_h:all_200:variance_mean,9.650262249936004e-21,2.0698654610881e-20,-0.14834415210192362,-0.30392021867668245
stage2pp_geometry:stage2pp:occupancy:h_to_n:reactive_h:bottom_100:entropy,1.4538945556174412,8.437694987151189e-16,0.06374580602144336,-0.01998315583953901
stage2pp_geometry:stage2pp:occupancy:h_to_n:reactive_h:bottom_100:mass,0.1054693149161222,0.0218300883887141,-0.4334264295149384,-0.658388831984698
stage2pp_geometry:stage2pp:occupancy:h_to_n:reactive_h:bottom_100:peak,0.040203508881335025,0.008321341170310732,-0.46774250844724424,-0.658388831984698
stage2pp_geometry:stage2pp:occupancy:h_to_n:reactive_h:bottom_100:variance_mean,4.457931754421422e-21,7.882012012341219e-21,-0.09081936630005248,0.015652730793424902
stage2pp_geometry:stage2pp:occupancy:h_to_n:reactive_h:top_100:entropy,1.4538945556174416,5.764613224877721e-16,0.1702572852787609,0.16864461208545367
stage2pp_geometry:stage2pp:occupancy:h_to_n:reactive_h:top_100:mass,0.10546931491612219,0.0218300883887141,-0.41693334124854864,-0.6583888319846967
stage2pp_geometry:stage2pp:occupancy:h_to_n:reactive_h:top_100:peak,0.04020350888133502,0.008321341170310735,-0.4505845000982128,-0.658388831984697
stage2pp_geometry:stage2pp:occupancy:h_to_n:reactive_h:top_100:variance_mean,5.370085653451818e-21,9.563751223602565e-21,-0.24498051000620186,-0.35308387726893437
stage2pp_geometry:stage2pp:occupancy:heavy_atom_count,15.88,2.597229292919668,0.4557865542740656,0.5850505665852227
stage2pp_geometry:stage2pp:occupancy:n_to_h:all_heavy:all_200:entropy,4.945044140463839,0.1564615125841847,0.17197127806269372,0.26088189728889394
stage2pp_geometry:stage2pp:occupancy:n_to_h:all_heavy:all_200:mass,100.60467572955213,16.127200137340264,0.37033680595944357,0.5660222451546881
stage2pp_geometry:stage2pp:occupancy:n_to_h:all_heavy:all_200:peak,1.7619871117344923,0.42270646462628114,0.2562021081342171,0.17423184523446558
stage2pp_geometry:stage2pp:occupancy:n_to_h:all_heavy:all_200:variance_mean,0.02684550350719013,0.013422761892832154,-0.0477404190987573,-0.05247165927318768
stage2pp_geometry:stage2pp:occupancy:n_to_h:all_heavy:bottom_100:entropy,4.871273854597625,0.17579996805812012,-0.001298077860691286,0.1464858188680116
stage2pp_geometry:stage2pp:occupancy:n_to_h:all_heavy:bottom_100:mass,100.61508006752754,16.16142297579209,0.3813464292964178,0.5658411865043568
stage2pp_geometry:stage2pp:occupancy:n_to_h:all_heavy:bottom_100:peak,1.9354686819054865,0.49246232952032987,0.2617309582816059,0.23277381334383127
stage2pp_geometry:stage2pp:occupancy:n_to_h:all_heavy:bottom_100:variance_mean,0.01162544560565515,0.013468468276845592,-0.30269252633008653,-0.42271797918473797
stage2pp_geometry:stage2pp:occupancy:n_to_h:all_heavy:top_100:entropy,4.771650091188892,0.22421369531711466,0.23471170799610586,0.33585824455577556
stage2pp_geometry:stage2pp:occupancy:n_to_h:all_heavy:top_100:mass,100.5942713915767,16.09756320815019,0.36129833789240795,0.5660427724090776
stage2pp_geometry:stage2pp:occupancy:n_to_h:all_heavy:top_100:peak,2.1331560305446935,0.5136858658599254,0.2239905464059519,0.23575528621695743
stage2pp_geometry:stage2pp:occupancy:n_to_h:all_heavy:top_100:variance_mean,0.013790793958807685,0.018252025533007674,-0.03552887181669853,0.004715152859438024
stage2pp_geometry:stage2pp:occupancy:n_to_h:carbon:all_200:entropy,4.858168963411873,0.2032933451476905,-0.03187502302364158,0.11063747920791588
stage2pp_geometry:stage2pp:occupancy:n_to_h:carbon:all_200:mass,5.6097854469805535,0.572455258792565,-0.38201950670566515,-0.18443380531140854
stage2pp_geometry:stage2pp:occupancy:n_to_h:carbon:all_200:peak,0.10406740328280054,0.02169945035603981,-0.24528863871284967,-0.30455355515885063
stage2pp_geometry:stage2pp:occupancy:n_to_h:carbon:all_200:variance_mean,9.659524872770738e-05,5.982091505287983e-05,-0.32461561908842823,-0.4022470955308457
stage2pp_geometry:stage2pp:occupancy:n_to_h:carbon:bottom_100:entropy,4.774735471941998,0.19573006694558093,-0.15572126632515093,0.037862194934762755
stage2pp_geometry:stage2pp:occupancy:n_to_h:carbon:bottom_100:mass,5.607074456240962,0.5732567372351745,-0.3811541214652043,-0.1849680818617724
stage2pp_geometry:stage2pp:occupancy:n_to_h:carbon:bottom_100:peak,0.11375358516210285,0.025885629118916738,-0.20591361027188065,-0.26325538109899216
stage2pp_geometry:stage2pp:occupancy:n_to_h:carbon:bottom_100:variance_mean,4.355444122390115e-05,6.122983475283922e-05,-0.40581760081833873,-0.6837506668246915
stage2pp_geometry:stage2pp:occupancy:n_to_h:carbon:top_100:entropy,4.6946336351277065,0.24165606286658253,0.0033653870462366673,0.19551025228851
stage2pp_geometry:stage2pp:occupancy:n_to_h:carbon:top_100:mass,5.612496437720142,0.5718647887687908,-0.3825002762836989,-0.183830175354711
stage2pp_geometry:stage2pp:occupancy:n_to_h:carbon:top_100:peak,0.12567445809671285,0.031871603188012555,-0.1161539300529684,-0.0619608712210863
stage2pp_geometry:stage2pp:occupancy:n_to_h:carbon:top_100:variance_mean,4.608639423883133e-05,6.137942041697979e-05,-0.0805289043206631,-0.0034122848082164684
stage2pp_geometry:stage2pp:occupancy:n_to_h:halogen:all_200:entropy,0.6026725471656299,1.3028826917014906,0.13607494389223193,0.2263756814980765
stage2pp_geometry:stage2pp:occupancy:n_to_h:halogen:all_200:mass,0.08493213002451448,0.19564704298765515,0.14913699019412338,0.22762282701118344
stage2pp_geometry:stage2pp:occupancy:n_to_h:halogen:all_200:peak,0.007617481670489299,0.01752288917822478,0.1647109684771478,0.23349444147835482
stage2pp_geometry:stage2pp:occupancy:n_to_h:halogen:all_200:variance_mean,1.090382547871856e-06,3.073688444102636e-06,0.13069223250408982,0.14067320465266334
stage2pp_geometry:stage2pp:occupancy:n_to_h:halogen:bottom_100:entropy,0.5858039796413343,1.2675597877156008,0.13693617771433464,0.2264063669095966
stage2pp_geometry:stage2pp:occupancy:n_to_h:halogen:bottom_100:mass,0.08466056728183696,0.19519653761769262,0.14913699019412338,0.2275100619556303
stage2pp_geometry:stage2pp:occupancy:n_to_h:halogen:bottom_100:peak,0.008502396459671347,0.020495814881753338,0.16672051406205418,0.2258135485530332
stage2pp_geometry:stage2pp:occupancy:n_to_h:halogen:bottom_100:variance_mean,8.950709451245302e-07,2.888655307628169e-06,0.13263000860382096,0.127622053253407
stage2pp_geometry:stage2pp:occupancy:n_to_h:halogen:top_100:entropy,0.5620046833444176,1.210641007369883,0.13851510638818967,0.2294789708894276
stage2pp_geometry:stage2pp:occupancy:n_to_h:halogen:top_100:mass,0.08520369276719199,0.1961128656040201,0.14784513946096928,0.2277172868694034
stage2pp_geometry:stage2pp:occupancy:n_to_h:halogen:top_100:peak,0.008565927322016925,0.018904722149536365,0.16564397178442578,0.24635437692590745
stage2pp_geometry:stage2pp:occupancy:n_to_h:halogen:top_100:variance_mean,6.547982197444703e-07,2.2892003645835728e-06,0.1296156902264614,0.08458651161113459
stage2pp_geometry:stage2pp:occupancy:n_to_h:hetero:all_200:entropy,3.536603734389126,1.145133291797659,0.18410684158134874,0.01750026561024731
stage2pp_geometry:stage2pp:occupancy:n_to_h:hetero:all_200:mass,0.7301806535091881,0.49093553357453046,0.3305363394565497,0.15532126821504844
stage2pp_geometry:stage2pp:occupancy:n_to_h:hetero:all_200:peak,0.03921719074846566,0.018028744325461015,0.23887964883253224,0.11869633744880267
stage2pp_geometry:stage2pp:occupancy:n_to_h:hetero:all_200:variance_mean,1.524938959323895e-05,1.1737431880299616e-05,0.07167591677602202,-0.15155131650218706
stage2pp_geometry:stage2pp:occupancy:n_to_h:hetero:bottom_100:entropy,3.2594697544786984,1.1132552261157234,0.08672761885646138,-0.01951520299652331
stage2pp_geometry:stage2pp:occupancy:n_to_h:hetero:bottom_100:mass,0.7332155506010491,0.49533466588348035,0.3325560566686214,0.15687262910122457
stage2pp_geometry:stage2pp:occupancy:n_to_h:hetero:bottom_100:peak,0.04735253107116846,0.02162850836002244,0.3128397695983973,0.2573611731857526
stage2pp_geometry:stage2pp:occupancy:n_to_h:hetero:bottom_100:variance_mean,9.08038636340768e-06,1.3061853010154388e-05,-0.12038957239099034,-0.39496012135839564
stage2pp_geometry:stage2pp:occupancy:n_to_h:hetero:top_100:entropy,3.1645045559407015,1.0416475922849913,0.2962492353563795,0.14152385531616035
stage2pp_geometry:stage2pp:occupancy:n_to_h:hetero:top_100:mass,0.7271457564173274,0.48679604510417274,0.32212085107291744,0.1536598516019779
stage2pp_geometry:stage2pp:occupancy:n_to_h:hetero:top_100:peak,0.05362299977109765,0.026258983164007255,0.22839635473177897,-0.03058043188225328
stage2pp_geometry:stage2pp:occupancy:n_to_h:hetero:top_100:variance_mean,4.6902131410234845e-06,6.5938657471917065e-06,-0.050132266513923475,-0.10537296978423984
stage2pp_geometry:stage2pp:occupancy:n_to_h:hydrogen:all_200:entropy,4.744004075941207,0.21142950898216972,-0.18043282263608873,0.0571951830452326
stage2pp_geometry:stage2pp:occupancy:n_to_h:hydrogen:all_200:mass,2.744094524561893,0.5639997843471868,-0.3486060210323153,-0.4545306296298537
stage2pp_geometry:stage2pp:occupancy:n_to_h:hydrogen:all_200:peak,0.08533177832585585,0.03262496005249967,-0.08274044437961864,-0.39133362334918637
stage2pp_geometry:stage2pp:occupancy:n_to_h:hydrogen:all_200:variance_mean,3.6104625540594745e-05,1.9992449870636306e-05,-0.4804330393291859,-0.4303938749097501
stage2pp_geometry:stage2pp:occupancy:n_to_h:hydrogen:bottom_100:entropy,4.612439943443962,0.22730271021505108,-0.27524058342435603,-0.12762348591445585
stage2pp_geometry:stage2pp:occupancy:n_to_h:hydrogen:bottom_100:mass,2.7409480661124634,0.5625803793502425,-0.35331756289704663,-0.45844566348879984
stage2pp_geometry:stage2pp:occupancy:n_to_h:hydrogen:bottom_100:peak,0.0909072625336559,0.033032213927515514,-0.056490425418972624,-0.32876489592322905
stage2pp_geometry:stage2pp:occupancy:n_to_h:hydrogen:bottom_100:variance_mean,2.0713860475737416e-05,2.546057606215827e-05,-0.38504835504727813,-0.5488099318509128
stage2pp_geometry:stage2pp:occupancy:n_to_h:hydrogen:top_100:entropy,4.531854155829912,0.2920859774213687,-0.07317312977674582,0.08854611511076035
stage2pp_geometry:stage2pp:occupancy:n_to_h:hydrogen:top_100:mass,2.747240983011323,0.5658563858575204,-0.35048102238664725,-0.45028707861575923
stage2pp_geometry:stage2pp:occupancy:n_to_h:hydrogen:top_100:peak,0.09334717735932324,0.030848327258972432,-0.022163477547358625,-0.37006570851117093
stage2pp_geometry:stage2pp:occupancy:n_to_h:hydrogen:top_100:variance_mean,1.736029223886742e-05,2.301186997540257e-05,-0.10937507900269168,-0.03266242124793428
stage2pp_geometry:stage2pp:occupancy:n_to_h:reactive_c:all_200:entropy,2.9240316940847975,0.19602827594426536,0.09096160416399678,0.23278895122173018
stage2pp_geometry:stage2pp:occupancy:n_to_h:reactive_c:all_200:mass,0.41428967591328786,0.08266940394828393,-0.4056252929871252,-0.6386577839927444
stage2pp_geometry:stage2pp:occupancy:n_to_h:reactive_c:all_200:peak,0.05200634111215491,0.017575932639771013,-0.34355794046296034,-0.5913803370618941
stage2pp_geometry:stage2pp:occupancy:n_to_h:reactive_c:all_200:variance_mean,1.951232187098134e-06,2.4567931259095883e-06,-0.10721161590153955,0.11349723853544656
stage2pp_geometry:stage2pp:occupancy:n_to_h:reactive_c:bottom_100:entropy,2.8461319606496476,0.1485757884065246,-0.08427890702932682,0.06240309958370403
stage2pp_geometry:stage2pp:occupancy:n_to_h:reactive_c:bottom_100:mass,0.4138745295697976,0.08281710381395956,-0.42956761797320886,-0.6394954333527159
stage2pp_geometry:stage2pp:occupancy:n_to_h:reactive_c:bottom_100:peak,0.05578657017235951,0.01525292065949709,-0.24360594518973133,-0.5787874950929306
stage2pp_geometry:stage2pp:occupancy:n_to_h:reactive_c:bottom_100:variance_mean,1.0900248222962737e-06,2.1106774919164708e-06,-0.252019412805323,-0.06871814563428348
stage2pp_geometry:stage2pp:occupancy:n_to_h:reactive_c:top_100:entropy,2.829538582263559,0.11293574453802384,0.0884135254004176,0.22359094706546734
stage2pp_geometry:stage2pp:occupancy:n_to_h:reactive_c:top_100:mass,0.4147048222567784,0.08256528707237978,-0.416202223703869,-0.6374804573810603
stage2pp_geometry:stage2pp:occupancy:n_to_h:reactive_c:top_100:peak,0.05692279078694089,0.015134039524443069,-0.40076952024898377,-0.6167332117540968
stage2pp_geometry:stage2pp:occupancy:n_to_h:reactive_c:top_100:variance_mean,6.796844685201221e-07,1.4791493888927926e-06,-0.12836547733502715,0.054019908866563826
stage2pp_geometry:stage2pp:occupancy:n_to_h:reactive_h:all_200:entropy,1.763638422113436,0.3123059741753118,0.03134617648780439,0.13543423185806247
stage2pp_geometry:stage2pp:occupancy:n_to_h:reactive_h:all_200:mass,0.10543935640371777,0.021803349548169156,-0.39346182266286983,-0.6570690010075179
stage2pp_geometry:stage2pp:occupancy:n_to_h:reactive_h:all_200:peak,0.03878027545355717,0.015042809699465339,-0.23774055633771884,-0.5604612857583899
stage2pp_geometry:stage2pp:occupancy:n_to_h:reactive_h:all_200:variance_mean,8.98784563269612e-07,9.371868286210994e-07,-0.11221161951309117,0.052855177868814274
stage2pp_geometry:stage2pp:occupancy:n_to_h:reactive_h:bottom_100:entropy,1.6136646722633916,0.28506707769232925,-0.041730799373334675,-0.07696399437079006
stage2pp_geometry:stage2pp:occupancy:n_to_h:reactive_h:bottom_100:mass,0.10547546710523462,0.02177978576583419,-0.3990868267258654,-0.6566486578023123
stage2pp_geometry:stage2pp:occupancy:n_to_h:reactive_h:bottom_100:peak,0.04294734817944312,0.01366565920790661,-0.14846164569684042,-0.48106596989212086
stage2pp_geometry:stage2pp:occupancy:n_to_h:reactive_h:bottom_100:variance_mean,4.894403931261354e-07,8.709754814334222e-07,-0.23855786462037634,-0.13591853521059793
stage2pp_geometry:stage2pp:occupancy:n_to_h:reactive_h:top_100:entropy,1.607427099731871,0.268568087457733,0.08418275311372006,0.011945133201415261
stage2pp_geometry:stage2pp:occupancy:n_to_h:reactive_h:top_100:mass,0.1054032457022009,0.021827318843052383,-0.41062529659867675,-0.6574762216696817
stage2pp_geometry:stage2pp:occupancy:n_to_h:reactive_h:top_100:peak,0.04255097312371299,0.014575466026252863,-0.22947131959553732,-0.5293130965322507
stage2pp_geometry:stage2pp:occupancy:n_to_h:reactive_h:top_100:variance_mean,4.881205212416841e-07,8.937311099795774e-07,-0.11504816002349064,-0.024148573362794197
stage2pp_geometry:stage2pp:occupancy:nitrene:all_heavy:all_200:entropy,4.945044140463839,0.1564615125841847,0.17197127806269372,0.26088189728889394
stage2pp_geometry:stage2pp:occupancy:nitrene:all_heavy:all_200:mass,100.60467572955213,16.127200137340264,0.37033680595944357,0.5660222451546881
stage2pp_geometry:stage2pp:occupancy:nitrene:all_heavy:all_200:peak,1.7619871117344923,0.42270646462628114,0.2562021081342171,0.17423184523446558
stage2pp_geometry:stage2pp:occupancy:nitrene:all_heavy:all_200:variance_mean,0.02684550350719013,0.013422761892832154,-0.0477404190987573,-0.05247165927318768
stage2pp_geometry:stage2pp:occupancy:nitrene:all_heavy:bottom_100:entropy,4.871273854597625,0.17579996805812012,-0.001298077860691286,0.1464858188680116
stage2pp_geometry:stage2pp:occupancy:nitrene:all_heavy:bottom_100:mass,100.61508006752754,16.16142297579209,0.3813464292964178,0.5658411865043568
stage2pp_geometry:stage2pp:occupancy:nitrene:all_heavy:bottom_100:peak,1.9354686819054865,0.49246232952032987,0.2617309582816059,0.23277381334383127
stage2pp_geometry:stage2pp:occupancy:nitrene:all_heavy:bottom_100:variance_mean,0.01162544560565515,0.013468468276845592,-0.30269252633008653,-0.42271797918473797
stage2pp_geometry:stage2pp:occupancy:nitrene:all_heavy:top_100:entropy,4.771650091188892,0.22421369531711466,0.23471170799610586,0.33585824455577556
stage2pp_geometry:stage2pp:occupancy:nitrene:all_heavy:top_100:mass,100.5942713915767,16.09756320815019,0.36129833789240795,0.5660427724090776
stage2pp_geometry:stage2pp:occupancy:nitrene:all_heavy:top_100:peak,2.1331560305446935,0.5136858658599254,0.2239905464059519,0.23575528621695743
stage2pp_geometry:stage2pp:occupancy:nitrene:all_heavy:top_100:variance_mean,0.013790793958807685,0.018252025533007674,-0.03552887181669853,0.004715152859438024
stage2pp_geometry:stage2pp:occupancy:nitrene:carbon:all_200:entropy,4.858168963411873,0.2032933451476905,-0.03187502302364158,0.11063747920791588
stage2pp_geometry:stage2pp:occupancy:nitrene:carbon:all_200:mass,5.6097854469805535,0.572455258792565,-0.38201950670566515,-0.18443380531140854
stage2pp_geometry:stage2pp:occupancy:nitrene:carbon:all_200:peak,0.10406740328280054,0.02169945035603981,-0.24528863871284967,-0.30455355515885063
stage2pp_geometry:stage2pp:occupancy:nitrene:carbon:all_200:variance_mean,9.659524872770738e-05,5.982091505287983e-05,-0.32461561908842823,-0.4022470955308457
stage2pp_geometry:stage2pp:occupancy:nitrene:carbon:bottom_100:entropy,4.774735471941998,0.19573006694558093,-0.15572126632515093,0.037862194934762755
stage2pp_geometry:stage2pp:occupancy:nitrene:carbon:bottom_100:mass,5.607074456240962,0.5732567372351745,-0.3811541214652043,-0.1849680818617724
stage2pp_geometry:stage2pp:occupancy:nitrene:carbon:bottom_100:peak,0.11375358516210285,0.025885629118916738,-0.20591361027188065,-0.26325538109899216
stage2pp_geometry:stage2pp:occupancy:nitrene:carbon:bottom_100:variance_mean,4.355444122390115e-05,6.122983475283922e-05,-0.40581760081833873,-0.6837506668246915
stage2pp_geometry:stage2pp:occupancy:nitrene:carbon:top_100:entropy,4.6946336351277065,0.24165606286658253,0.0033653870462366673,0.19551025228851
stage2pp_geometry:stage2pp:occupancy:nitrene:carbon:top_100:mass,5.612496437720142,0.5718647887687908,-0.3825002762836989,-0.183830175354711
stage2pp_geometry:stage2pp:occupancy:nitrene:carbon:top_100:peak,0.12567445809671285,0.031871603188012555,-0.1161539300529684,-0.0619608712210863
stage2pp_geometry:stage2pp:occupancy:nitrene:carbon:top_100:variance_mean,4.608639423883133e-05,6.137942041697979e-05,-0.0805289043206631,-0.0034122848082164684
stage2pp_geometry:stage2pp:occupancy:nitrene:halogen:all_200:entropy,0.6026725471656299,1.3028826917014906,0.13607494389223193,0.2263756814980765
stage2pp_geometry:stage2pp:occupancy:nitrene:halogen:all_200:mass,0.08493213002451448,0.19564704298765515,0.14913699019412338,0.22762282701118344
stage2pp_geometry:stage2pp:occupancy:nitrene:halogen:all_200:peak,0.007617481670489299,0.01752288917822478,0.1647109684771478,0.23349444147835482
stage2pp_geometry:stage2pp:occupancy:nitrene:halogen:all_200:variance_mean,1.090382547871856e-06,3.073688444102636e-06,0.13069223250408982,0.14067320465266334
stage2pp_geometry:stage2pp:occupancy:nitrene:halogen:bottom_100:entropy,0.5858039796413343,1.2675597877156008,0.13693617771433464,0.2264063669095966
stage2pp_geometry:stage2pp:occupancy:nitrene:halogen:bottom_100:mass,0.08466056728183696,0.19519653761769262,0.14913699019412338,0.2275100619556303
stage2pp_geometry:stage2pp:occupancy:nitrene:halogen:bottom_100:peak,0.008502396459671347,0.020495814881753338,0.16672051406205418,0.2258135485530332
stage2pp_geometry:stage2pp:occupancy:nitrene:halogen:bottom_100:variance_mean,8.950709451245302e-07,2.888655307628169e-06,0.13263000860382096,0.127622053253407
stage2pp_geometry:stage2pp:occupancy:nitrene:halogen:top_100:entropy,0.5620046833444176,1.210641007369883,0.13851510638818967,0.2294789708894276
stage2pp_geometry:stage2pp:occupancy:nitrene:halogen:top_100:mass,0.08520369276719199,0.1961128656040201,0.14784513946096928,0.2277172868694034
stage2pp_geometry:stage2pp:occupancy:nitrene:halogen:top_100:peak,0.008565927322016925,0.018904722149536365,0.16564397178442578,0.24635437692590745
stage2pp_geometry:stage2pp:occupancy:nitrene:halogen:top_100:variance_mean,6.547982197444703e-07,2.2892003645835728e-06,0.1296156902264614,0.08458651161113459
stage2pp_geometry:stage2pp:occupancy:nitrene:hetero:all_200:entropy,3.536603734389126,1.145133291797659,0.18410684158134874,0.01750026561024731
stage2pp_geometry:stage2pp:occupancy:nitrene:hetero:all_200:mass,0.7301806535091881,0.49093553357453046,0.3305363394565497,0.15532126821504844
stage2pp_geometry:stage2pp:occupancy:nitrene:hetero:all_200:peak,0.03921719074846566,0.018028744325461015,0.23887964883253224,0.11869633744880267
stage2pp_geometry:stage2pp:occupancy:nitrene:hetero:all_200:variance_mean,1.524938959323895e-05,1.1737431880299616e-05,0.07167591677602202,-0.15155131650218706
stage2pp_geometry:stage2pp:occupancy:nitrene:hetero:bottom_100:entropy,3.2594697544786984,1.1132552261157234,0.08672761885646138,-0.01951520299652331
stage2pp_geometry:stage2pp:occupancy:nitrene:hetero:bottom_100:mass,0.7332155506010491,0.49533466588348035,0.3325560566686214,0.15687262910122457
stage2pp_geometry:stage2pp:occupancy:nitrene:hetero:bottom_100:peak,0.04735253107116846,0.02162850836002244,0.3128397695983973,0.2573611731857526
stage2pp_geometry:stage2pp:occupancy:nitrene:hetero:bottom_100:variance_mean,9.08038636340768e-06,1.3061853010154388e-05,-0.12038957239099034,-0.39496012135839564
stage2pp_geometry:stage2pp:occupancy:nitrene:hetero:top_100:entropy,3.1645045559407015,1.0416475922849913,0.2962492353563795,0.14152385531616035
stage2pp_geometry:stage2pp:occupancy:nitrene:hetero:top_100:mass,0.7271457564173274,0.48679604510417274,0.32212085107291744,0.1536598516019779
stage2pp_geometry:stage2pp:occupancy:nitrene:hetero:top_100:peak,0.05362299977109765,0.026258983164007255,0.22839635473177897,-0.03058043188225328
stage2pp_geometry:stage2pp:occupancy:nitrene:hetero:top_100:variance_mean,4.6902131410234845e-06,6.5938657471917065e-06,-0.050132266513923475,-0.10537296978423984
stage2pp_geometry:stage2pp:occupancy:nitrene:hydrogen:all_200:entropy,4.744004075941207,0.21142950898216972,-0.18043282263608873,0.0571951830452326
stage2pp_geometry:stage2pp:occupancy:nitrene:hydrogen:all_200:mass,2.744094524561893,0.5639997843471868,-0.3486060210323153,-0.4545306296298537
stage2pp_geometry:stage2pp:occupancy:nitrene:hydrogen:all_200:peak,0.08533177832585585,0.03262496005249967,-0.08274044437961864,-0.39133362334918637
stage2pp_geometry:stage2pp:occupancy:nitrene:hydrogen:all_200:variance_mean,3.6104625540594745e-05,1.9992449870636306e-05,-0.4804330393291859,-0.4303938749097501
stage2pp_geometry:stage2pp:occupancy:nitrene:hydrogen:bottom_100:entropy,4.612439943443962,0.22730271021505108,-0.27524058342435603,-0.12762348591445585
stage2pp_geometry:stage2pp:occupancy:nitrene:hydrogen:bottom_100:mass,2.7409480661124634,0.5625803793502425,-0.35331756289704663,-0.45844566348879984
stage2pp_geometry:stage2pp:occupancy:nitrene:hydrogen:bottom_100:peak,0.0909072625336559,0.033032213927515514,-0.056490425418972624,-0.32876489592322905
stage2pp_geometry:stage2pp:occupancy:nitrene:hydrogen:bottom_100:variance_mean,2.0713860475737416e-05,2.546057606215827e-05,-0.38504835504727813,-0.5488099318509128
stage2pp_geometry:stage2pp:occupancy:nitrene:hydrogen:top_100:entropy,4.531854155829912,0.2920859774213687,-0.07317312977674582,0.08854611511076035
stage2pp_geometry:stage2pp:occupancy:nitrene:hydrogen:top_100:mass,2.747240983011323,0.5658563858575204,-0.35048102238664725,-0.45028707861575923
stage2pp_geometry:stage2pp:occupancy:nitrene:hydrogen:top_100:peak,0.09334717735932324,0.030848327258972432,-0.022163477547358625,-0.37006570851117093
stage2pp_geometry:stage2pp:occupancy:nitrene:hydrogen:top_100:variance_mean,1.736029223886742e-05,2.301186997540257e-05,-0.10937507900269168,-0.03266242124793428
stage2pp_geometry:stage2pp:occupancy:nitrene:reactive_c:all_200:entropy,2.9240316940847975,0.19602827594426536,0.09096160416399678,0.23278895122173018
stage2pp_geometry:stage2pp:occupancy:nitrene:reactive_c:all_200:mass,0.41428967591328786,0.08266940394828393,-0.4056252929871252,-0.6386577839927444
stage2pp_geometry:stage2pp:occupancy:nitrene:reactive_c:all_200:peak,0.05200634111215491,0.017575932639771013,-0.34355794046296034,-0.5913803370618941
stage2pp_geometry:stage2pp:occupancy:nitrene:reactive_c:all_200:variance_mean,1.951232187098134e-06,2.4567931259095883e-06,-0.10721161590153955,0.11349723853544656
stage2pp_geometry:stage2pp:occupancy:nitrene:reactive_c:bottom_100:entropy,2.8461319606496476,0.1485757884065246,-0.08427890702932682,0.06240309958370403
stage2pp_geometry:stage2pp:occupancy:nitrene:reactive_c:bottom_100:mass,0.4138745295697976,0.08281710381395956,-0.42956761797320886,-0.6394954333527159
stage2pp_geometry:stage2pp:occupancy:nitrene:reactive_c:bottom_100:peak,0.05578657017235951,0.01525292065949709,-0.24360594518973133,-0.5787874950929306
stage2pp_geometry:stage2pp:occupancy:nitrene:reactive_c:bottom_100:variance_mean,1.0900248222962737e-06,2.1106774919164708e-06,-0.252019412805323,-0.06871814563428348
stage2pp_geometry:stage2pp:occupancy:nitrene:reactive_c:top_100:entropy,2.829538582263559,0.11293574453802384,0.0884135254004176,0.22359094706546734
stage2pp_geometry:stage2pp:occupancy:nitrene:reactive_c:top_100:mass,0.4147048222567784,0.08256528707237978,-0.416202223703869,-0.6374804573810603
stage2pp_geometry:stage2pp:occupancy:nitrene:reactive_c:top_100:peak,0.05692279078694089,0.015134039524443069,-0.40076952024898377,-0.6167332117540968
stage2pp_geometry:stage2pp:occupancy:nitrene:reactive_c:top_100:variance_mean,6.796844685201221e-07,1.4791493888927926e-06,-0.12836547733502715,0.054019908866563826
stage2pp_geometry:stage2pp:occupancy:nitrene:reactive_h:all_200:entropy,1.763638422113436,0.3123059741753118,0.03134617648780439,0.13543423185806247
stage2pp_geometry:stage2pp:occupancy:nitrene:reactive_h:all_200:mass,0.10543935640371777,0.021803349548169156,-0.39346182266286983,-0.6570690010075179
stage2pp_geometry:stage2pp:occupancy:nitrene:reactive_h:all_200:peak,0.03878027545355717,0.015042809699465339,-0.23774055633771884,-0.5604612857583899
stage2pp_geometry:stage2pp:occupancy:nitrene:reactive_h:all_200:variance_mean,8.98784563269612e-07,9.371868286210994e-07,-0.11221161951309117,0.052855177868814274
stage2pp_geometry:stage2pp:occupancy:nitrene:reactive_h:bottom_100:entropy,1.6136646722633916,0.28506707769232925,-0.041730799373334675,-0.07696399437079006
stage2pp_geometry:stage2pp:occupancy:nitrene:reactive_h:bottom_100:mass,0.10547546710523462,0.02177978576583419,-0.3990868267258654,-0.6566486578023123
stage2pp_geometry:stage2pp:occupancy:nitrene:reactive_h:bottom_100:peak,0.04294734817944312,0.01366565920790661,-0.14846164569684042,-0.48106596989212086
stage2pp_geometry:stage2pp:occupancy:nitrene:reactive_h:bottom_100:variance_mean,4.894403931261354e-07,8.709754814334222e-07,-0.23855786462037634,-0.13591853521059793
stage2pp_geometry:stage2pp:occupancy:nitrene:reactive_h:top_100:entropy,1.607427099731871,0.268568087457733,0.08418275311372006,0.011945133201415261
stage2pp_geometry:stage2pp:occupancy:nitrene:reactive_h:top_100:mass,0.1054032457022009,0.021827318843052383,-0.41062529659867675,-0.6574762216696817
stage2pp_geometry:stage2pp:occupancy:nitrene:reactive_h:top_100:peak,0.04255097312371299,0.014575466026252863,-0.22947131959553732,-0.5293130965322507
stage2pp_geometry:stage2pp:occupancy:nitrene:reactive_h:top_100:variance_mean,4.881205212416841e-07,8.937311099795774e-07,-0.11504816002349064,-0.024148573362794197
stage2pp_relational:stage2pp:flexibility_relation:c_to_h_distance:top_bottom:energy_distance,0.03850383522338698,0.023930445625387153,0.4405291643523797,0.35351610538156897
stage2pp_relational:stage2pp:flexibility_relation:c_to_h_distance:top_bottom:wasserstein,0.0012048238533175278,0.0013866851852285557,0.39778874886517407,0.3187966945880031
stage2pp_relational:stage2pp:flexibility_relation:c_to_h_distance:uff_rank_spearman,0.17118409960249006,0.6723515485717912,0.09764430129866673,0.3184792094174717
stage2pp_relational:stage2pp:flexibility_relation:corridor_axial_mean:top_bottom:energy_distance,1.0855374760228846,0.5785276668975087,0.23682709413945463,-0.09757200724065296
stage2pp_relational:stage2pp:flexibility_relation:corridor_axial_mean:top_bottom:wasserstein,0.8539283365418242,0.7574331479786454,0.1734616637545985,-0.28511729042293876
stage2pp_relational:stage2pp:flexibility_relation:corridor_axial_mean:uff_rank_spearman,0.2672363909097728,0.6507383243121114,0.1684135831852435,0.27810626233723545
stage2pp_relational:stage2pp:flexibility_relation:corridor_fraction:top_bottom:energy_distance,0.22384688390572918,0.24073932767190195,0.09972645765866561,0.2325614915365156
stage2pp_relational:stage2pp:flexibility_relation:corridor_fraction:top_bottom:wasserstein,0.0709352960300793,0.08651320374740715,0.063687178456142,0.1840869364763342
stage2pp_relational:stage2pp:flexibility_relation:corridor_fraction:uff_rank_spearman,-0.17278495423798396,0.5055023577992334,-0.03715545802801898,-0.24526014965049397
stage2pp_relational:stage2pp:flexibility_relation:n_c_h_angle:top_bottom:energy_distance,3.5624043207662304,2.8589753978376944,-0.041634645457727916,0.21240299532185805
stage2pp_relational:stage2pp:flexibility_relation:n_c_h_angle:top_bottom:wasserstein,13.230861097048146,15.427674854979537,-0.019086552247942243,0.19855480461793246
stage2pp_relational:stage2pp:flexibility_relation:n_c_h_angle:uff_rank_spearman,-0.03323036075901897,0.6543777754377987,-0.027596173779140674,-0.03907027299572621
stage2pp_relational:stage2pp:flexibility_relation:n_to_c_distance:top_bottom:energy_distance,0.427265170552967,0.521974144630975,-0.09500006861948078,0.20494399617017875
stage2pp_relational:stage2pp:flexibility_relation:n_to_c_distance:top_bottom:wasserstein,0.26097142408282803,0.4733871001784628,-0.05149042180742101,0.20557124890112952
stage2pp_relational:stage2pp:flexibility_relation:n_to_c_distance:uff_rank_spearman,0.09986235655891398,0.644559515641054,-0.5194234521077279,-0.4640327222971754
stage2pp_relational:stage2pp:flexibility_relation:n_to_h_distance:top_bottom:energy_distance,0.6383784446663661,0.5934480926924501,0.02807694335717448,0.243820342943961
stage2pp_relational:stage2pp:flexibility_relation:n_to_h_distance:top_bottom:wasserstein,0.4583495103245165,0.6326579496863473,0.03557694877450191,0.234462179626552
stage2pp_relational:stage2pp:flexibility_relation:n_to_h_distance:uff_rank_spearman,0.009167779194479846,0.6378754099904408,-0.049807728284302674,-0.03239867957713264
stage2pp_relational:stage2pp:flexibility_relation:parallel_motion_std:top_bottom:energy_distance,0.7915143296878958,0.537986288299148,0.25019248840879454,0.14076533668165805
stage2pp_relational:stage2pp:flexibility_relation:parallel_motion_std:top_bottom:wasserstein,0.5255783552036193,0.498618559609755,0.16995204583495171,0.10100376657652961
stage2pp_relational:stage2pp:flexibility_relation:parallel_motion_std:uff_rank_spearman,0.2114899272481812,0.6674952312890569,0.4531734042546689,0.5582842496508603
stage2pp_relational:stage2pp:flexibility_relation:perpendicular_motion_std:top_bottom:energy_distance,0.4952183106910068,0.3421728150713412,0.07067312797097,-0.1512453627571513
stage2pp_relational:stage2pp:flexibility_relation:perpendicular_motion_std:top_bottom:wasserstein,0.2113838870097034,0.2307821179535067,0.046250033406852485,-0.15850224131507668
stage2pp_relational:stage2pp:flexibility_relation:perpendicular_motion_std:uff_rank_spearman,-0.3367572489312234,0.5885556026768836,-0.15913473032919098,-0.38358258507340626
stage2pp_relational:stage2pp:flexibility_relation:preferred_h_distance:top_bottom:energy_distance,0.6383784446663661,0.5934480926924501,0.02807694335717448,0.243820342943961
stage2pp_relational:stage2pp:flexibility_relation:preferred_h_distance:top_bottom:wasserstein,0.4583495103245165,0.6326579496863473,0.03557694877450191,0.234462179626552
stage2pp_relational:stage2pp:flexibility_relation:preferred_h_distance:uff_rank_spearman,0.009167779194479846,0.6378754099904408,-0.049807728284302674,-0.03239867957713264
stage2pp_relational:stage2pp:flexibility_relation:tether_dihedral:top_bottom:energy_distance,1.9814466910083162,1.2294208814601009,0.12553832165963066,0.4432886883382597
stage2pp_relational:stage2pp:flexibility_relation:tether_dihedral:top_bottom:wasserstein,16.0414211522773,16.414279167375867,0.2662817447544638,0.33494052805363517
stage2pp_relational:stage2pp:flexibility_relation:tether_dihedral:uff_rank_spearman,0.04121206030150755,0.13563671486005063,0.03565500051735773,0.13687948124761484
stage2pp_relational:stage2pp:flexibility_relation:two_h_distance_gap:top_bottom:energy_distance,0.42787123427898277,0.31229982265664447,0.058798119393534916,0.03681708384638875
stage2pp_relational:stage2pp:flexibility_relation:two_h_distance_gap:top_bottom:wasserstein,0.1949759303648207,0.23090850281420053,-0.0010096161138710002,-0.07335037909377068
stage2pp_relational:stage2pp:flexibility_relation:two_h_distance_gap:uff_rank_spearman,-0.014369759243981112,0.6463792415556575,0.1876443663065959,0.06448511637179774
stage2pp_relational:stage2pp:occupancy_relation:activation:all_heavy:top_bottom:cosine,0.7786950395678899,0.1760010610733778,-0.09754814738305999,0.07772352943233067
stage2pp_relational:stage2pp:occupancy_relation:activation:all_heavy:top_bottom:js,0.12554081461073,0.10154485709329016,0.11533662177031093,-0.09853846781290793
stage2pp_relational:stage2pp:occupancy_relation:activation:all_heavy:top_bottom:l1,0.616207208637894,0.3102889116372732,0.05043272873574663,-0.09974788215578928
stage2pp_relational:stage2pp:occupancy_relation:activation:all_heavy:top_bottom:mean_abs,0.0007702590107973673,0.00038786113954659144,0.05043272873574663,-0.0997478821557893
stage2pp_relational:stage2pp:occupancy_relation:activation:carbon:top_bottom:cosine,0.7749137289123511,0.1876549782873964,-0.07778851772587038,0.009395881287438918
stage2pp_relational:stage2pp:occupancy_relation:activation:carbon:top_bottom:js,0.13211389080413186,0.10975896032465597,0.0633654303848561,-0.030309046825161275
stage2pp_relational:stage2pp:occupancy_relation:activation:carbon:top_bottom:l1,0.6152760076580587,0.3321324924196003,0.0401442597658231,-0.04472247622307252
stage2pp_relational:stage2pp:occupancy_relation:activation:carbon:top_bottom:mean_abs,0.0007690950095725733,0.00041516561552450035,0.0401442597658231,-0.04472247622307252
stage2pp_relational:stage2pp:occupancy_relation:activation:halogen:top_bottom:cosine,0.11013085855123322,0.2570963612920273,0.12416120935314408,0.18327383208573822
stage2pp_relational:stage2pp:occupancy_relation:activation:halogen:top_bottom:js,0.040440987563491036,0.10718213311708234,0.17102668317256786,0.23426536408591467
stage2pp_relational:stage2pp:occupancy_relation:activation:halogen:top_bottom:l1,0.16881835268317183,0.4059285599630169,0.17540462176825675,0.2465449209542723
stage2pp_relational:stage2pp:occupancy_relation:activation:halogen:top_bottom:mean_abs,0.00021102294085396475,0.0005074106999537712,0.17540462176825675,0.24654492095427222
stage2pp_relational:stage2pp:occupancy_relation:activation:hetero:top_bottom:cosine,0.5031339719834884,0.31917874278862257,0.0038961049101886255,0.23906572091934497
stage2pp_relational:stage2pp:occupancy_relation:activation:hetero:top_bottom:js,0.25876396802949136,0.19837073463590982,0.05061315156441675,-0.2449527715353217
stage2pp_relational:stage2pp:occupancy_relation:activation:hetero:top_bottom:l1,1.012315442221697,0.5607699283528429,0.07595579372541213,-0.18116467666984915
stage2pp_relational:stage2pp:occupancy_relation:activation:hetero:top_bottom:mean_abs,0.0012653943027771215,0.0007009624104410537,0.07595579372541213,-0.1811646766698492
stage2pp_relational:stage2pp:occupancy_relation:activation:hydrogen:top_bottom:cosine,0.7424797853122748,0.19616416748658363,-0.18149051570776312,-0.24570203464260354
stage2pp_relational:stage2pp:occupancy_relation:activation:hydrogen:top_bottom:js,0.16610334547213426,0.11215618237588384,0.17456743378407627,0.19658217138199605
stage2pp_relational:stage2pp:occupancy_relation:activation:hydrogen:top_bottom:l1,0.7409695653593279,0.33471529627807056,0.15947126903381467,0.22075191888627177
stage2pp_relational:stage2pp:occupancy_relation:activation:hydrogen:top_bottom:mean_abs,0.0009262119566991597,0.00041839412034758817,0.15947126903381467,0.2207519188862717
stage2pp_relational:stage2pp:occupancy_relation:activation:reactive_c:top_bottom:cosine,1.0,1.5059797815742444e-16,0.17924565459557668,0.17443317488290996
stage2pp_relational:stage2pp:occupancy_relation:activation:reactive_c:top_bottom:js,1.2644184386158521e-17,3.4367462775324836e-17,-0.03562502573230529,0.046584191212512664
stage2pp_relational:stage2pp:occupancy_relation:activation:reactive_c:top_bottom:l1,1.2031521612332342e-15,9.566506936864643e-16,-0.40000989311849394,-0.1919636139618293
stage2pp_relational:stage2pp:occupancy_relation:activation:reactive_c:top_bottom:mean_abs,1.5039402015415426e-18,1.1958133671080805e-18,-0.40000989311849394,-0.19196361396182923
stage2pp_relational:stage2pp:occupancy_relation:activation:reactive_h:top_bottom:cosine,0.8290700367856699,0.22415121610129074,0.03495194832305796,-0.19098979492503598
stage2pp_relational:stage2pp:occupancy_relation:activation:reactive_h:top_bottom:js,0.09327115699948471,0.12145825801258806,-0.003894233582073858,0.2114828287116625
stage2pp_relational:stage2pp:occupancy_relation:activation:reactive_h:top_bottom:l1,0.5096302779929701,0.49513596988578806,-0.022307708420768766,0.20829497753767465
stage2pp_relational:stage2pp:occupancy_relation:activation:reactive_h:top_bottom:mean_abs,0.0006370378474912125,0.000618919962357235,-0.022307708420768766,0.20829497753767467
stage2pp_relational:stage2pp:occupancy_relation:h_to_n:all_heavy:top_bottom:cosine,0.7729640897030524,0.1585557172989683,-0.026730788538679814,0.08647778424335432
stage2pp_relational:stage2pp:occupancy_relation:h_to_n:all_heavy:top_bottom:js,0.1284345031080415,0.08829929049414957,0.03538464094328839,-0.12336075628063979
stage2pp_relational:stage2pp:occupancy_relation:h_to_n:all_heavy:top_bottom:l1,0.6335954202441152,0.27659464034425274,-0.021298092306897765,-0.12358367172494185
stage2pp_relational:stage2pp:occupancy_relation:h_to_n:all_heavy:top_bottom:mean_abs,0.000791994275305144,0.00034574330043031596,-0.021298092306897765,-0.12358367172494186
stage2pp_relational:stage2pp:occupancy_relation:h_to_n:carbon:top_bottom:cosine,0.7759393105359806,0.16006021733466372,-0.037259642297620243,0.01445196204068451
stage2pp_relational:stage2pp:occupancy_relation:h_to_n:carbon:top_bottom:js,0.13289360471204156,0.09331280043679742,0.0346154096184343,-0.04048464976052078
stage2pp_relational:stage2pp:occupancy_relation:h_to_n:carbon:top_bottom:l1,0.6259450937890056,0.29369631800708185,0.0009134621982642383,-0.052944761924407814
stage2pp_relational:stage2pp:occupancy_relation:h_to_n:carbon:top_bottom:mean_abs,0.000782431367236257,0.0003671203975088523,0.0009134621982642383,-0.052944761924407814
stage2pp_relational:stage2pp:occupancy_relation:h_to_n:halogen:top_bottom:cosine,0.08018006550855239,0.21563673977963096,0.1221516637682377,0.14157062966718628
stage2pp_relational:stage2pp:occupancy_relation:h_to_n:halogen:top_bottom:js,0.059593910470781,0.15154603003405312,0.17648116404588515,0.23816829898389413
stage2pp_relational:stage2pp:occupancy_relation:h_to_n:halogen:top_bottom:l1,0.20999920713935705,0.5045261745596944,0.17583523867930811,0.24237939909432785
stage2pp_relational:stage2pp:occupancy_relation:h_to_n:halogen:top_bottom:mean_abs,0.0002624990089241963,0.0006306577181996179,0.17583523867930811,0.24237939909432782
stage2pp_relational:stage2pp:occupancy_relation:h_to_n:hetero:top_bottom:cosine,0.3890949879957772,0.30336886460126217,0.018019969897099152,0.20323256781931337
stage2pp_relational:stage2pp:occupancy_relation:h_to_n:hetero:top_bottom:js,0.3292841961972329,0.20913135377249012,0.041909132150488554,-0.21945383631075563
stage2pp_relational:stage2pp:occupancy_relation:h_to_n:hetero:top_bottom:l1,1.1811979192578006,0.5815505463465853,0.05850107167173579,-0.15411018870954207
stage2pp_relational:stage2pp:occupancy_relation:h_to_n:hetero:top_bottom:mean_abs,0.0014764973990722505,0.0007269381829332316,0.05850107167173579,-0.15411018870954202
stage2pp_relational:stage2pp:occupancy_relation:h_to_n:hydrogen:top_bottom:cosine,0.7028676015241804,0.2266867796344161,-0.10903854029806803,-0.2027439226450339
stage2pp_relational:stage2pp:occupancy_relation:h_to_n:hydrogen:top_bottom:js,0.189214798083912,0.13032213430109232,0.08625006229926545,0.15991016263509986
stage2pp_relational:stage2pp:occupancy_relation:h_to_n:hydrogen:top_bottom:l1,0.7898324547795622,0.37874821051283947,0.058125041984287584,0.1689469083873057
stage2pp_relational:stage2pp:occupancy_relation:h_to_n:hydrogen:top_bottom:mean_abs,0.0009872905684744527,0.00047343526314104934,0.058125041984287584,0.16894690838730575
stage2pp_relational:stage2pp:occupancy_relation:h_to_n:reactive_c:top_bottom:cosine,0.894271604089205,0.1460587690133675,0.028509635977404912,-0.1782864227913691
stage2pp_relational:stage2pp:occupancy_relation:h_to_n:reactive_c:top_bottom:js,0.055814183473727894,0.07660445740582837,-0.029086559471045482,0.19651751134531872
stage2pp_relational:stage2pp:occupancy_relation:h_to_n:reactive_c:top_bottom:l1,0.38258661509756964,0.38093619607234586,-0.027307712032320387,0.20514854870250276
stage2pp_relational:stage2pp:occupancy_relation:h_to_n:reactive_c:top_bottom:mean_abs,0.00047823326887196213,0.0004761702450904323,-0.027307712032320387,0.2051485487025027
stage2pp_relational:stage2pp:occupancy_relation:h_to_n:reactive_h:top_bottom:cosine,1.0,1.9229626863835638e-16,-0.08480091429317098,0.016329101170780003
stage2pp_relational:stage2pp:occupancy_relation:h_to_n:reactive_h:top_bottom:js,1.0463198353100666e-17,4.7472167438285657e-17,-0.04567420654598187,0.07565972707766999
stage2pp_relational:stage2pp:occupancy_relation:h_to_n:reactive_h:top_bottom:l1,8.352346592133131e-16,6.901607532518427e-16,-0.03303204250828965,0.01363718022405037
stage2pp_relational:stage2pp:occupancy_relation:h_to_n:reactive_h:top_bottom:mean_abs,1.0440433240166413e-18,8.627009415648035e-19,-0.03303204250828965,0.013637180224050402
stage2pp_relational:stage2pp:occupancy_relation:n_to_h:all_heavy:top_bottom:cosine,0.7704087075367823,0.16309971271614718,-0.08336544483106259,0.04759048784886546
stage2pp_relational:stage2pp:occupancy_relation:n_to_h:all_heavy:top_bottom:js,0.1235322884431776,0.08994885536067763,0.06658658655768263,-0.10857390334829083
stage2pp_relational:stage2pp:occupancy_relation:n_to_h:all_heavy:top_bottom:l1,0.6273517373964173,0.28022182536521023,0.04639426428026263,-0.09490953143591774
stage2pp_relational:stage2pp:occupancy_relation:n_to_h:all_heavy:top_bottom:mean_abs,0.0007841896717455215,0.0003502772817065128,0.04639426428026263,-0.09490953143591778
stage2pp_relational:stage2pp:occupancy_relation:n_to_h:carbon:top_bottom:cosine,0.7702231045502025,0.16381324038793804,-0.12812509254601026,-0.030662507898259334
stage2pp_relational:stage2pp:occupancy_relation:n_to_h:carbon:top_bottom:js,0.1234964076589919,0.09421762259117475,0.05668273325018615,-0.05153053402339604
stage2pp_relational:stage2pp:occupancy_relation:n_to_h:carbon:top_bottom:l1,0.616273997037673,0.29266524559532753,0.03918272060975548,-0.034207378979615226
stage2pp_relational:stage2pp:occupancy_relation:n_to_h:carbon:top_bottom:mean_abs,0.0007703424962970915,0.0003658315569941594,0.03918272060975548,-0.034207378979615205
stage2pp_relational:stage2pp:occupancy_relation:n_to_h:halogen:top_bottom:cosine,0.1295178162695325,0.28900761898146266,0.15164892217525633,0.23716609752704476
stage2pp_relational:stage2pp:occupancy_relation:n_to_h:halogen:top_bottom:js,0.028893281519376434,0.08032894143723887,0.14210358064695106,0.15684957253804827
stage2pp_relational:stage2pp:occupancy_relation:n_to_h:halogen:top_bottom:l1,0.1377059165266707,0.3351997532323668,0.14784513946096928,0.1912568685312003
stage2pp_relational:stage2pp:occupancy_relation:n_to_h:halogen:top_bottom:mean_abs,0.00017213239565833837,0.0004189996915404585,0.14784513946096928,0.19125686853120036
stage2pp_relational:stage2pp:occupancy_relation:n_to_h:hetero:top_bottom:cosine,0.3921438350937803,0.30560260867126354,0.009888127673842124,0.19367261949695364
stage2pp_relational:stage2pp:occupancy_relation:n_to_h:hetero:top_bottom:js,0.3239687074028756,0.21090413605278763,0.06335660540248843,-0.20556920104338053
stage2pp_relational:stage2pp:occupancy_relation:n_to_h:hetero:top_bottom:l1,1.1634797904687573,0.5780787592317524,0.039698014521182,-0.15391491332495563
stage2pp_relational:stage2pp:occupancy_relation:n_to_h:hetero:top_bottom:mean_abs,0.0014543497380859465,0.0007225984490396906,0.039698014521182,-0.15391491332495558
stage2pp_relational:stage2pp:occupancy_relation:n_to_h:hydrogen:top_bottom:cosine,0.7255982116686073,0.18656850615027112,-0.08615390838365869,-0.1876626811737083
stage2pp_relational:stage2pp:occupancy_relation:n_to_h:hydrogen:top_bottom:js,0.1717174516792227,0.09734864166970299,0.07629813203396558,0.13992956104684712
stage2pp_relational:stage2pp:occupancy_relation:n_to_h:hydrogen:top_bottom:l1,0.7619200568051844,0.3209750705057477,0.032644254348495674,0.15036028009346059
stage2pp_relational:stage2pp:occupancy_relation:n_to_h:hydrogen:top_bottom:mean_abs,0.0009524000710064806,0.0004012188381321846,0.032644254348495674,0.15036028009346064
stage2pp_relational:stage2pp:occupancy_relation:n_to_h:reactive_c:top_bottom:cosine,0.8471378224565035,0.2877061440260851,0.046298110364655864,-0.16488873658706643
stage2pp_relational:stage2pp:occupancy_relation:n_to_h:reactive_c:top_bottom:js,0.08625885012441196,0.16542523427225903,-0.027163481158910242,0.17161617235157467
stage2pp_relational:stage2pp:occupancy_relation:n_to_h:reactive_c:top_bottom:l1,0.39821425674028604,0.5687316925376182,-0.0361057953103391,0.16960252049288335
stage2pp_relational:stage2pp:occupancy_relation:n_to_h:reactive_c:top_bottom:mean_abs,0.0004977678209253575,0.0007109146156720229,-0.0361057953103391,0.16960252049288335
stage2pp_relational:stage2pp:occupancy_relation:n_to_h:reactive_h:top_bottom:cosine,0.7643195574116848,0.33404952701234736,-0.02649040374966291,-0.2152873455493868
stage2pp_relational:stage2pp:occupancy_relation:n_to_h:reactive_h:top_bottom:js,0.15310793514300003,0.22259492971601746,0.02634617287625277,0.23210343548836496
stage2pp_relational:stage2pp:occupancy_relation:n_to_h:reactive_h:top_bottom:l1,0.6289014850607113,0.6499949184232877,0.037259642297620243,0.23631048594858423
stage2pp_relational:stage2pp:occupancy_relation:n_to_h:reactive_h:top_bottom:mean_abs,0.0007861268563258893,0.0008124936480291097,0.037259642297620243,0.2363104859485842
stage2pp_relational:stage2pp:occupancy_relation:nitrene:all_heavy:top_bottom:cosine,0.7704087075367823,0.16309971271614718,-0.08336544483106259,0.04759048784886546
stage2pp_relational:stage2pp:occupancy_relation:nitrene:all_heavy:top_bottom:js,0.1235322884431776,0.08994885536067763,0.06658658655768263,-0.10857390334829083
stage2pp_relational:stage2pp:occupancy_relation:nitrene:all_heavy:top_bottom:l1,0.6273517373964173,0.28022182536521023,0.04639426428026263,-0.09490953143591774
stage2pp_relational:stage2pp:occupancy_relation:nitrene:all_heavy:top_bottom:mean_abs,0.0007841896717455215,0.0003502772817065128,0.04639426428026263,-0.09490953143591778
stage2pp_relational:stage2pp:occupancy_relation:nitrene:carbon:top_bottom:cosine,0.7702231045502025,0.16381324038793804,-0.12812509254601026,-0.030662507898259334
stage2pp_relational:stage2pp:occupancy_relation:nitrene:carbon:top_bottom:js,0.1234964076589919,0.09421762259117475,0.05668273325018615,-0.05153053402339604
stage2pp_relational:stage2pp:occupancy_relation:nitrene:carbon:top_bottom:l1,0.616273997037673,0.29266524559532753,0.03918272060975548,-0.034207378979615226
stage2pp_relational:stage2pp:occupancy_relation:nitrene:carbon:top_bottom:mean_abs,0.0007703424962970915,0.0003658315569941594,0.03918272060975548,-0.034207378979615205
stage2pp_relational:stage2pp:occupancy_relation:nitrene:halogen:top_bottom:cosine,0.1295178162695325,0.28900761898146266,0.15164892217525633,0.23716609752704476
stage2pp_relational:stage2pp:occupancy_relation:nitrene:halogen:top_bottom:js,0.028893281519376434,0.08032894143723887,0.14210358064695106,0.15684957253804827
stage2pp_relational:stage2pp:occupancy_relation:nitrene:halogen:top_bottom:l1,0.1377059165266707,0.3351997532323668,0.14784513946096928,0.1912568685312003
stage2pp_relational:stage2pp:occupancy_relation:nitrene:halogen:top_bottom:mean_abs,0.00017213239565833837,0.0004189996915404585,0.14784513946096928,0.19125686853120036
stage2pp_relational:stage2pp:occupancy_relation:nitrene:hetero:top_bottom:cosine,0.3921438350937803,0.30560260867126354,0.009888127673842124,0.19367261949695364
stage2pp_relational:stage2pp:occupancy_relation:nitrene:hetero:top_bottom:js,0.3239687074028756,0.21090413605278763,0.06335660540248843,-0.20556920104338053
stage2pp_relational:stage2pp:occupancy_relation:nitrene:hetero:top_bottom:l1,1.1634797904687573,0.5780787592317524,0.039698014521182,-0.15391491332495563
stage2pp_relational:stage2pp:occupancy_relation:nitrene:hetero:top_bottom:mean_abs,0.0014543497380859465,0.0007225984490396906,0.039698014521182,-0.15391491332495558
stage2pp_relational:stage2pp:occupancy_relation:nitrene:hydrogen:top_bottom:cosine,0.7255982116686073,0.18656850615027112,-0.08615390838365869,-0.1876626811737083
stage2pp_relational:stage2pp:occupancy_relation:nitrene:hydrogen:top_bottom:js,0.1717174516792227,0.09734864166970299,0.07629813203396558,0.13992956104684712
stage2pp_relational:stage2pp:occupancy_relation:nitrene:hydrogen:top_bottom:l1,0.7619200568051844,0.3209750705057477,0.032644254348495674,0.15036028009346059
stage2pp_relational:stage2pp:occupancy_relation:nitrene:hydrogen:top_bottom:mean_abs,0.0009524000710064806,0.0004012188381321846,0.032644254348495674,0.15036028009346064
stage2pp_relational:stage2pp:occupancy_relation:nitrene:reactive_c:top_bottom:cosine,0.8471378224565035,0.2877061440260851,0.046298110364655864,-0.16488873658706643
stage2pp_relational:stage2pp:occupancy_relation:nitrene:reactive_c:top_bottom:js,0.08625885012441196,0.16542523427225903,-0.027163481158910242,0.17161617235157467
stage2pp_relational:stage2pp:occupancy_relation:nitrene:reactive_c:top_bottom:l1,0.39821425674028604,0.5687316925376182,-0.0361057953103391,0.16960252049288335
stage2pp_relational:stage2pp:occupancy_relation:nitrene:reactive_c:top_bottom:mean_abs,0.0004977678209253575,0.0007109146156720229,-0.0361057953103391,0.16960252049288335
stage2pp_relational:stage2pp:occupancy_relation:nitrene:reactive_h:top_bottom:cosine,0.7643195574116848,0.33404952701234736,-0.02649040374966291,-0.2152873455493868
stage2pp_relational:stage2pp:occupancy_relation:nitrene:reactive_h:top_bottom:js,0.15310793514300003,0.22259492971601746,0.02634617287625277,0.23210343548836496
stage2pp_relational:stage2pp:occupancy_relation:nitrene:reactive_h:top_bottom:l1,0.6289014850607113,0.6499949184232877,0.037259642297620243,0.23631048594858423
stage2pp_relational:stage2pp:occupancy_relation:nitrene:reactive_h:top_bottom:mean_abs,0.0007861268563258893,0.0008124936480291097,0.037259642297620243,0.2363104859485842
stage2pp_relational:stage2pp:pose_relation:activation:radial_mean:uff_rank_spearman,0.299164809120228,0.6773201493708325,0.1974520656984856,0.3293912762046391
stage2pp_relational:stage2pp:pose_relation:activation:radial_mean:wasserstein,0.5231425761712883,0.43175541299033726,0.17831743649274,-0.0115213099007416
stage2pp_relational:stage2pp:pose_relation:h_to_n:radial_mean:uff_rank_spearman,0.299164809120228,0.6773201493708325,0.1974520656984856,0.3293912762046391
stage2pp_relational:stage2pp:pose_relation:h_to_n:radial_mean:wasserstein,0.5231425761712883,0.43175541299033726,0.17831743649274,-0.0115213099007416
stage2pp_relational:stage2pp:pose_relation:n_to_h:radial_mean:uff_rank_spearman,0.299164809120228,0.6773201493708325,0.1974520656984856,0.3293912762046391
stage2pp_relational:stage2pp:pose_relation:n_to_h:radial_mean:wasserstein,0.5231425761712883,0.43175541299033726,0.17831743649274,-0.0115213099007416
stage2pp_relational:stage2pp:pose_relation:nitrene:radial_mean:uff_rank_spearman,0.299164809120228,0.6773201493708325,0.1974520656984856,0.3293912762046391
stage2pp_relational:stage2pp:pose_relation:nitrene:radial_mean:wasserstein,0.5231425761712883,0.43175541299033726,0.17831743649274,-0.0115213099007416
