abs_error,bayesian_normal_interval_95_high,bayesian_normal_interval_95_low,family_id,feature_set,gp_predictive_std,heldout_count,heldout_family_id,model_name,observed_ee_percent,observed_target_value,observed_yield_percent,prediction,prediction_interval_80_high,prediction_interval_80_low,prediction_interval_95_high,prediction_interval_95_low,residual,selected_estimator_params,split_id,split_mode,target_name,target_substrate_id,train_count,train_substrate_ids,validation_count,validation_mae,validation_substrate_ids
23.390265164722393,,,angew-aryl-c-h-amination,stage2_alt,,33,angew-aryl-c-h-amination,ridge_regression,45.0,45.0,,68.3902651647224,61.834376439419806,57.17795081228584,62.487507278847445,56.95800184662586,23.390265164722393,"{""alpha"": 10000.0}",angew-aryl-c-h-amination,family_holdout,ee,2aa,14,6k|6o|6c|6g|6m|6l|6j|6h|6e|6i|6d|6b|6a|6q,3,9.076626816099639,6f|6n|6p
39.0,,,angew-aryl-c-h-amination,stage2_alt,,33,angew-aryl-c-h-amination,ridge_regression,39.0,39.0,,0.0,-6.5558887253025855,-11.212314352436554,-5.90275788587495,-11.432263318096535,-39.0,"{""alpha"": 10000.0}",angew-aryl-c-h-amination,family_holdout,ee,2ab,14,6k|6o|6c|6g|6m|6l|6j|6h|6e|6i|6d|6b|6a|6q,3,9.076626816099639,6f|6n|6p
27.18379943602004,,,angew-aryl-c-h-amination,stage2_alt,,33,angew-aryl-c-h-amination,ridge_regression,50.0,50.0,,77.18379943602004,70.62791071071746,65.97148508358349,71.28104155014509,65.75153611792351,27.18379943602004,"{""alpha"": 10000.0}",angew-aryl-c-h-amination,family_holdout,ee,2ac,14,6k|6o|6c|6g|6m|6l|6j|6h|6e|6i|6d|6b|6a|6q,3,9.076626816099639,6f|6n|6p
10.223060812020336,,,angew-aryl-c-h-amination,stage2_alt,,33,angew-aryl-c-h-amination,ridge_regression,88.0,88.0,,77.77693918797966,71.22105046267708,66.56462483554311,71.87418130210472,66.34467586988313,-10.223060812020336,"{""alpha"": 10000.0}",angew-aryl-c-h-amination,family_holdout,ee,2b,14,6k|6o|6c|6g|6m|6l|6j|6h|6e|6i|6d|6b|6a|6q,3,9.076626816099639,6f|6n|6p
1.9744872361403054,,,angew-aryl-c-h-amination,stage2_alt,,33,angew-aryl-c-h-amination,ridge_regression,79.0,79.0,,77.0255127638597,70.46962403855711,65.81319841142314,71.12275487798475,65.59324944576316,-1.9744872361403054,"{""alpha"": 10000.0}",angew-aryl-c-h-amination,family_holdout,ee,2c,14,6k|6o|6c|6g|6m|6l|6j|6h|6e|6i|6d|6b|6a|6q,3,9.076626816099639,6f|6n|6p
9.979713457184829,,,angew-aryl-c-h-amination,stage2_alt,,33,angew-aryl-c-h-amination,ridge_regression,86.0,86.0,,76.02028654281517,69.46439781751259,64.80797219037862,70.11752865694022,64.58802322471864,-9.979713457184829,"{""alpha"": 10000.0}",angew-aryl-c-h-amination,family_holdout,ee,2d,14,6k|6o|6c|6g|6m|6l|6j|6h|6e|6i|6d|6b|6a|6q,3,9.076626816099639,6f|6n|6p
1.500761433262312,,,angew-aryl-c-h-amination,stage2_alt,,33,angew-aryl-c-h-amination,ridge_regression,82.0,82.0,,80.49923856673769,73.94334984143511,69.28692421430114,74.59648068086274,69.06697524864116,-1.500761433262312,"{""alpha"": 10000.0}",angew-aryl-c-h-amination,family_holdout,ee,2e,14,6k|6o|6c|6g|6m|6l|6j|6h|6e|6i|6d|6b|6a|6q,3,9.076626816099639,6f|6n|6p
1.643644423357074,,,angew-aryl-c-h-amination,stage2_alt,,33,angew-aryl-c-h-amination,ridge_regression,84.0,84.0,,82.35635557664293,75.80046685134035,71.14404122420638,76.45359769076798,70.9240922585464,-1.643644423357074,"{""alpha"": 10000.0}",angew-aryl-c-h-amination,family_holdout,ee,2f,14,6k|6o|6c|6g|6m|6l|6j|6h|6e|6i|6d|6b|6a|6q,3,9.076626816099639,6f|6n|6p
10.692750030440934,,,angew-aryl-c-h-amination,stage2_alt,,33,angew-aryl-c-h-amination,ridge_regression,86.0,86.0,,75.30724996955907,68.75136124425649,64.09493561712252,69.40449208368412,63.874986651462535,-10.692750030440934,"{""alpha"": 10000.0}",angew-aryl-c-h-amination,family_holdout,ee,2g,14,6k|6o|6c|6g|6m|6l|6j|6h|6e|6i|6d|6b|6a|6q,3,9.076626816099639,6f|6n|6p
14.180557737648371,,,angew-aryl-c-h-amination,stage2_alt,,33,angew-aryl-c-h-amination,ridge_regression,90.0,90.0,,75.81944226235163,69.26355353704905,64.60712790991508,69.91668437647668,64.3871789442551,-14.180557737648371,"{""alpha"": 10000.0}",angew-aryl-c-h-amination,family_holdout,ee,2h,14,6k|6o|6c|6g|6m|6l|6j|6h|6e|6i|6d|6b|6a|6q,3,9.076626816099639,6f|6n|6p
2.0465378527194105,,,angew-aryl-c-h-amination,stage2_alt,,33,angew-aryl-c-h-amination,ridge_regression,73.0,73.0,,75.04653785271941,68.49064912741683,63.83422350028286,69.14377996684446,63.61427453462288,2.0465378527194105,"{""alpha"": 10000.0}",angew-aryl-c-h-amination,family_holdout,ee,2i,14,6k|6o|6c|6g|6m|6l|6j|6h|6e|6i|6d|6b|6a|6q,3,9.076626816099639,6f|6n|6p
4.337719151351465,,,angew-aryl-c-h-amination,stage2_alt,,33,angew-aryl-c-h-amination,ridge_regression,79.0,79.0,,74.66228084864854,68.10639212334596,63.449966496211985,68.75952296277359,63.230017530552004,-4.337719151351465,"{""alpha"": 10000.0}",angew-aryl-c-h-amination,family_holdout,ee,2j,14,6k|6o|6c|6g|6m|6l|6j|6h|6e|6i|6d|6b|6a|6q,3,9.076626816099639,6f|6n|6p
90.0,,,angew-aryl-c-h-amination,stage2_alt,,33,angew-aryl-c-h-amination,ridge_regression,90.0,90.0,,0.0,-6.5558887253025855,-11.212314352436554,-5.90275788587495,-11.432263318096535,-90.0,"{""alpha"": 10000.0}",angew-aryl-c-h-amination,family_holdout,ee,2k,14,6k|6o|6c|6g|6m|6l|6j|6h|6e|6i|6d|6b|6a|6q,3,9.076626816099639,6f|6n|6p
78.0,,,angew-aryl-c-h-amination,stage2_alt,,33,angew-aryl-c-h-amination,ridge_regression,78.0,78.0,,0.0,-6.5558887253025855,-11.212314352436554,-5.90275788587495,-11.432263318096535,-78.0,"{""alpha"": 10000.0}",angew-aryl-c-h-amination,family_holdout,ee,2l,14,6k|6o|6c|6g|6m|6l|6j|6h|6e|6i|6d|6b|6a|6q,3,9.076626816099639,6f|6n|6p
9.292679812452278,,,angew-aryl-c-h-amination,stage2_alt,,33,angew-aryl-c-h-amination,ridge_regression,87.0,87.0,,77.70732018754772,71.15143146224514,66.49500583511117,71.80456230167277,66.27505686945119,-9.292679812452278,"{""alpha"": 10000.0}",angew-aryl-c-h-amination,family_holdout,ee,2m,14,6k|6o|6c|6g|6m|6l|6j|6h|6e|6i|6d|6b|6a|6q,3,9.076626816099639,6f|6n|6p
60.0,,,angew-aryl-c-h-amination,stage2_alt,,33,angew-aryl-c-h-amination,ridge_regression,60.0,60.0,,0.0,-6.5558887253025855,-11.212314352436554,-5.90275788587495,-11.432263318096535,-60.0,"{""alpha"": 10000.0}",angew-aryl-c-h-amination,family_holdout,ee,2n,14,6k|6o|6c|6g|6m|6l|6j|6h|6e|6i|6d|6b|6a|6q,3,9.076626816099639,6f|6n|6p
56.0,,,angew-aryl-c-h-amination,stage2_alt,,33,angew-aryl-c-h-amination,ridge_regression,56.0,56.0,,0.0,-6.5558887253025855,-11.212314352436554,-5.90275788587495,-11.432263318096535,-56.0,"{""alpha"": 10000.0}",angew-aryl-c-h-amination,family_holdout,ee,2o,14,6k|6o|6c|6g|6m|6l|6j|6h|6e|6i|6d|6b|6a|6q,3,9.076626816099639,6f|6n|6p
71.0,,,angew-aryl-c-h-amination,stage2_alt,,33,angew-aryl-c-h-amination,ridge_regression,71.0,71.0,,0.0,-6.5558887253025855,-11.212314352436554,-5.90275788587495,-11.432263318096535,-71.0,"{""alpha"": 10000.0}",angew-aryl-c-h-amination,family_holdout,ee,2p,14,6k|6o|6c|6g|6m|6l|6j|6h|6e|6i|6d|6b|6a|6q,3,9.076626816099639,6f|6n|6p
51.0,,,angew-aryl-c-h-amination,stage2_alt,,33,angew-aryl-c-h-amination,ridge_regression,51.0,51.0,,0.0,-6.5558887253025855,-11.212314352436554,-5.90275788587495,-11.432263318096535,-51.0,"{""alpha"": 10000.0}",angew-aryl-c-h-amination,family_holdout,ee,2q,14,6k|6o|6c|6g|6m|6l|6j|6h|6e|6i|6d|6b|6a|6q,3,9.076626816099639,6f|6n|6p
5.247088392707369,,,angew-aryl-c-h-amination,stage2_alt,,33,angew-aryl-c-h-amination,ridge_regression,80.0,80.0,,74.75291160729263,68.19702288199005,63.54059725485608,68.85015372141768,63.3206482891961,-5.247088392707369,"{""alpha"": 10000.0}",angew-aryl-c-h-amination,family_holdout,ee,2r,14,6k|6o|6c|6g|6m|6l|6j|6h|6e|6i|6d|6b|6a|6q,3,9.076626816099639,6f|6n|6p
5.307297048853371,,,angew-aryl-c-h-amination,stage2_alt,,33,angew-aryl-c-h-amination,ridge_regression,72.0,72.0,,77.30729704885337,70.75140832355079,66.09498269641682,71.40453916297842,65.87503373075684,5.307297048853371,"{""alpha"": 10000.0}",angew-aryl-c-h-amination,family_holdout,ee,2s,14,6k|6o|6c|6g|6m|6l|6j|6h|6e|6i|6d|6b|6a|6q,3,9.076626816099639,6f|6n|6p
2.848348094656103,,,angew-aryl-c-h-amination,stage2_alt,,33,angew-aryl-c-h-amination,ridge_regression,74.0,74.0,,71.1516519053439,64.59576318004132,59.93933755290735,65.24889401946895,59.719388587247366,-2.848348094656103,"{""alpha"": 10000.0}",angew-aryl-c-h-amination,family_holdout,ee,2t,14,6k|6o|6c|6g|6m|6l|6j|6h|6e|6i|6d|6b|6a|6q,3,9.076626816099639,6f|6n|6p
6.930408252376083,,,angew-aryl-c-h-amination,stage2_alt,,33,angew-aryl-c-h-amination,ridge_regression,84.0,84.0,,77.06959174762392,70.51370302232134,65.85727739518737,71.16683386174897,65.63732842952739,-6.930408252376083,"{""alpha"": 10000.0}",angew-aryl-c-h-amination,family_holdout,ee,2u,14,6k|6o|6c|6g|6m|6l|6j|6h|6e|6i|6d|6b|6a|6q,3,9.076626816099639,6f|6n|6p
9.421136697599437,,,angew-aryl-c-h-amination,stage2_alt,,33,angew-aryl-c-h-amination,ridge_regression,84.0,84.0,,74.57886330240056,68.02297457709798,63.36654894996401,68.67610541652562,63.14659998430403,-9.421136697599437,"{""alpha"": 10000.0}",angew-aryl-c-h-amination,family_holdout,ee,2v,14,6k|6o|6c|6g|6m|6l|6j|6h|6e|6i|6d|6b|6a|6q,3,9.076626816099639,6f|6n|6p
4.307014317209038,,,angew-aryl-c-h-amination,stage2_alt,,33,angew-aryl-c-h-amination,ridge_regression,81.0,81.0,,76.69298568279096,70.13709695748838,65.48067133035441,70.79022779691601,65.26072236469443,-4.307014317209038,"{""alpha"": 10000.0}",angew-aryl-c-h-amination,family_holdout,ee,2w,14,6k|6o|6c|6g|6m|6l|6j|6h|6e|6i|6d|6b|6a|6q,3,9.076626816099639,6f|6n|6p
1.957348116637732,,,angew-aryl-c-h-amination,stage2_alt,,33,angew-aryl-c-h-amination,ridge_regression,79.0,79.0,,77.04265188336227,70.48676315805969,65.83033753092572,71.13989399748732,65.61038856526574,-1.957348116637732,"{""alpha"": 10000.0}",angew-aryl-c-h-amination,family_holdout,ee,2x,14,6k|6o|6c|6g|6m|6l|6j|6h|6e|6i|6d|6b|6a|6q,3,9.076626816099639,6f|6n|6p
6.024317372703635,,,angew-aryl-c-h-amination,stage2_alt,,33,angew-aryl-c-h-amination,ridge_regression,71.0,71.0,,77.02431737270363,70.46842864740105,65.81200302026708,71.12155948682869,65.5920540546071,6.024317372703635,"{""alpha"": 10000.0}",angew-aryl-c-h-amination,family_holdout,ee,2y,14,6k|6o|6c|6g|6m|6l|6j|6h|6e|6i|6d|6b|6a|6q,3,9.076626816099639,6f|6n|6p
4.061715332521743,,,angew-aryl-c-h-amination,stage2_alt,,33,angew-aryl-c-h-amination,ridge_regression,70.0,70.0,,74.06171533252174,67.50582660721916,62.84940098008519,68.1589574466468,62.62945201442521,4.061715332521743,"{""alpha"": 10000.0}",angew-aryl-c-h-amination,family_holdout,ee,2z,14,6k|6o|6c|6g|6m|6l|6j|6h|6e|6i|6d|6b|6a|6q,3,9.076626816099639,6f|6n|6p
7.0,,,angew-aryl-c-h-amination,stage2_alt,,33,angew-aryl-c-h-amination,ridge_regression,7.0,7.0,,0.0,-6.5558887253025855,-11.212314352436554,-5.90275788587495,-11.432263318096535,-7.0,"{""alpha"": 10000.0}",angew-aryl-c-h-amination,family_holdout,ee,4a,14,6k|6o|6c|6g|6m|6l|6j|6h|6e|6i|6d|6b|6a|6q,3,9.076626816099639,6f|6n|6p
8.0,,,angew-aryl-c-h-amination,stage2_alt,,33,angew-aryl-c-h-amination,ridge_regression,8.0,8.0,,0.0,-6.5558887253025855,-11.212314352436554,-5.90275788587495,-11.432263318096535,-8.0,"{""alpha"": 10000.0}",angew-aryl-c-h-amination,family_holdout,ee,4b,14,6k|6o|6c|6g|6m|6l|6j|6h|6e|6i|6d|6b|6a|6q,3,9.076626816099639,6f|6n|6p
28.108403762705237,,,angew-aryl-c-h-amination,stage2_alt,,33,angew-aryl-c-h-amination,ridge_regression,50.0,50.0,,78.10840376270524,71.55251503740266,66.89608941026869,72.20564587683029,66.6761404446087,28.108403762705237,"{""alpha"": 10000.0}",angew-aryl-c-h-amination,family_holdout,ee,4c,14,6k|6o|6c|6g|6m|6l|6j|6h|6e|6i|6d|6b|6a|6q,3,9.076626816099639,6f|6n|6p
53.26223027895031,,,angew-aryl-c-h-amination,stage2_alt,,33,angew-aryl-c-h-amination,ridge_regression,22.0,22.0,,75.26223027895031,68.70634155364773,64.04991592651376,69.35947239307536,63.82996696085378,53.26223027895031,"{""alpha"": 10000.0}",angew-aryl-c-h-amination,family_holdout,ee,4d,14,6k|6o|6c|6g|6m|6l|6j|6h|6e|6i|6d|6b|6a|6q,3,9.076626816099639,6f|6n|6p
15.6102580689425,,,angew-aryl-c-h-amination,stage2_alt,,33,angew-aryl-c-h-amination,ridge_regression,56.0,56.0,,71.6102580689425,65.05436934363992,60.39794371650595,65.70750018306755,60.17799475084597,15.6102580689425,"{""alpha"": 10000.0}",angew-aryl-c-h-amination,family_holdout,ee,4e,14,6k|6o|6c|6g|6m|6l|6j|6h|6e|6i|6d|6b|6a|6q,3,9.076626816099639,6f|6n|6p
32.14285714285714,,,angew-aryl-c-h-amination,stage2_alt,,33,angew-aryl-c-h-amination,elastic_net,45.0,45.0,,77.14285714285714,74.28571428571428,66.28571428571428,75.03571428571428,65.53571428571428,32.14285714285714,"{""alpha"": 100.0, ""l1_ratio"": 0.2}",angew-aryl-c-h-amination,family_holdout,ee,2aa,14,6k|6o|6c|6g|6m|6l|6j|6h|6e|6i|6d|6b|6a|6q,3,6.857142857142861,6f|6n|6p
38.14285714285714,,,angew-aryl-c-h-amination,stage2_alt,,33,angew-aryl-c-h-amination,elastic_net,39.0,39.0,,77.14285714285714,74.28571428571428,66.28571428571428,75.03571428571428,65.53571428571428,38.14285714285714,"{""alpha"": 100.0, ""l1_ratio"": 0.2}",angew-aryl-c-h-amination,family_holdout,ee,2ab,14,6k|6o|6c|6g|6m|6l|6j|6h|6e|6i|6d|6b|6a|6q,3,6.857142857142861,6f|6n|6p
27.14285714285714,,,angew-aryl-c-h-amination,stage2_alt,,33,angew-aryl-c-h-amination,elastic_net,50.0,50.0,,77.14285714285714,74.28571428571428,66.28571428571428,75.03571428571428,65.53571428571428,27.14285714285714,"{""alpha"": 100.0, ""l1_ratio"": 0.2}",angew-aryl-c-h-amination,family_holdout,ee,2ac,14,6k|6o|6c|6g|6m|6l|6j|6h|6e|6i|6d|6b|6a|6q,3,6.857142857142861,6f|6n|6p
10.857142857142861,,,angew-aryl-c-h-amination,stage2_alt,,33,angew-aryl-c-h-amination,elastic_net,88.0,88.0,,77.14285714285714,74.28571428571428,66.28571428571428,75.03571428571428,65.53571428571428,-10.857142857142861,"{""alpha"": 100.0, ""l1_ratio"": 0.2}",angew-aryl-c-h-amination,family_holdout,ee,2b,14,6k|6o|6c|6g|6m|6l|6j|6h|6e|6i|6d|6b|6a|6q,3,6.857142857142861,6f|6n|6p
1.8571428571428612,,,angew-aryl-c-h-amination,stage2_alt,,33,angew-aryl-c-h-amination,elastic_net,79.0,79.0,,77.14285714285714,74.28571428571428,66.28571428571428,75.03571428571428,65.53571428571428,-1.8571428571428612,"{""alpha"": 100.0, ""l1_ratio"": 0.2}",angew-aryl-c-h-amination,family_holdout,ee,2c,14,6k|6o|6c|6g|6m|6l|6j|6h|6e|6i|6d|6b|6a|6q,3,6.857142857142861,6f|6n|6p
8.857142857142861,,,angew-aryl-c-h-amination,stage2_alt,,33,angew-aryl-c-h-amination,elastic_net,86.0,86.0,,77.14285714285714,74.28571428571428,66.28571428571428,75.03571428571428,65.53571428571428,-8.857142857142861,"{""alpha"": 100.0, ""l1_ratio"": 0.2}",angew-aryl-c-h-amination,family_holdout,ee,2d,14,6k|6o|6c|6g|6m|6l|6j|6h|6e|6i|6d|6b|6a|6q,3,6.857142857142861,6f|6n|6p
4.857142857142861,,,angew-aryl-c-h-amination,stage2_alt,,33,angew-aryl-c-h-amination,elastic_net,82.0,82.0,,77.14285714285714,74.28571428571428,66.28571428571428,75.03571428571428,65.53571428571428,-4.857142857142861,"{""alpha"": 100.0, ""l1_ratio"": 0.2}",angew-aryl-c-h-amination,family_holdout,ee,2e,14,6k|6o|6c|6g|6m|6l|6j|6h|6e|6i|6d|6b|6a|6q,3,6.857142857142861,6f|6n|6p
6.857142857142861,,,angew-aryl-c-h-amination,stage2_alt,,33,angew-aryl-c-h-amination,elastic_net,84.0,84.0,,77.14285714285714,74.28571428571428,66.28571428571428,75.03571428571428,65.53571428571428,-6.857142857142861,"{""alpha"": 100.0, ""l1_ratio"": 0.2}",angew-aryl-c-h-amination,family_holdout,ee,2f,14,6k|6o|6c|6g|6m|6l|6j|6h|6e|6i|6d|6b|6a|6q,3,6.857142857142861,6f|6n|6p
8.857142857142861,,,angew-aryl-c-h-amination,stage2_alt,,33,angew-aryl-c-h-amination,elastic_net,86.0,86.0,,77.14285714285714,74.28571428571428,66.28571428571428,75.03571428571428,65.53571428571428,-8.857142857142861,"{""alpha"": 100.0, ""l1_ratio"": 0.2}",angew-aryl-c-h-amination,family_holdout,ee,2g,14,6k|6o|6c|6g|6m|6l|6j|6h|6e|6i|6d|6b|6a|6q,3,6.857142857142861,6f|6n|6p
12.857142857142861,,,angew-aryl-c-h-amination,stage2_alt,,33,angew-aryl-c-h-amination,elastic_net,90.0,90.0,,77.14285714285714,74.28571428571428,66.28571428571428,75.03571428571428,65.53571428571428,-12.857142857142861,"{""alpha"": 100.0, ""l1_ratio"": 0.2}",angew-aryl-c-h-amination,family_holdout,ee,2h,14,6k|6o|6c|6g|6m|6l|6j|6h|6e|6i|6d|6b|6a|6q,3,6.857142857142861,6f|6n|6p
4.142857142857139,,,angew-aryl-c-h-amination,stage2_alt,,33,angew-aryl-c-h-amination,elastic_net,73.0,73.0,,77.14285714285714,74.28571428571428,66.28571428571428,75.03571428571428,65.53571428571428,4.142857142857139,"{""alpha"": 100.0, ""l1_ratio"": 0.2}",angew-aryl-c-h-amination,family_holdout,ee,2i,14,6k|6o|6c|6g|6m|6l|6j|6h|6e|6i|6d|6b|6a|6q,3,6.857142857142861,6f|6n|6p
1.8571428571428612,,,angew-aryl-c-h-amination,stage2_alt,,33,angew-aryl-c-h-amination,elastic_net,79.0,79.0,,77.14285714285714,74.28571428571428,66.28571428571428,75.03571428571428,65.53571428571428,-1.8571428571428612,"{""alpha"": 100.0, ""l1_ratio"": 0.2}",angew-aryl-c-h-amination,family_holdout,ee,2j,14,6k|6o|6c|6g|6m|6l|6j|6h|6e|6i|6d|6b|6a|6q,3,6.857142857142861,6f|6n|6p
12.857142857142861,,,angew-aryl-c-h-amination,stage2_alt,,33,angew-aryl-c-h-amination,elastic_net,90.0,90.0,,77.14285714285714,74.28571428571428,66.28571428571428,75.03571428571428,65.53571428571428,-12.857142857142861,"{""alpha"": 100.0, ""l1_ratio"": 0.2}",angew-aryl-c-h-amination,family_holdout,ee,2k,14,6k|6o|6c|6g|6m|6l|6j|6h|6e|6i|6d|6b|6a|6q,3,6.857142857142861,6f|6n|6p
0.8571428571428612,,,angew-aryl-c-h-amination,stage2_alt,,33,angew-aryl-c-h-amination,elastic_net,78.0,78.0,,77.14285714285714,74.28571428571428,66.28571428571428,75.03571428571428,65.53571428571428,-0.8571428571428612,"{""alpha"": 100.0, ""l1_ratio"": 0.2}",angew-aryl-c-h-amination,family_holdout,ee,2l,14,6k|6o|6c|6g|6m|6l|6j|6h|6e|6i|6d|6b|6a|6q,3,6.857142857142861,6f|6n|6p
9.857142857142861,,,angew-aryl-c-h-amination,stage2_alt,,33,angew-aryl-c-h-amination,elastic_net,87.0,87.0,,77.14285714285714,74.28571428571428,66.28571428571428,75.03571428571428,65.53571428571428,-9.857142857142861,"{""alpha"": 100.0, ""l1_ratio"": 0.2}",angew-aryl-c-h-amination,family_holdout,ee,2m,14,6k|6o|6c|6g|6m|6l|6j|6h|6e|6i|6d|6b|6a|6q,3,6.857142857142861,6f|6n|6p
17.14285714285714,,,angew-aryl-c-h-amination,stage2_alt,,33,angew-aryl-c-h-amination,elastic_net,60.0,60.0,,77.14285714285714,74.28571428571428,66.28571428571428,75.03571428571428,65.53571428571428,17.14285714285714,"{""alpha"": 100.0, ""l1_ratio"": 0.2}",angew-aryl-c-h-amination,family_holdout,ee,2n,14,6k|6o|6c|6g|6m|6l|6j|6h|6e|6i|6d|6b|6a|6q,3,6.857142857142861,6f|6n|6p
21.14285714285714,,,angew-aryl-c-h-amination,stage2_alt,,33,angew-aryl-c-h-amination,elastic_net,56.0,56.0,,77.14285714285714,74.28571428571428,66.28571428571428,75.03571428571428,65.53571428571428,21.14285714285714,"{""alpha"": 100.0, ""l1_ratio"": 0.2}",angew-aryl-c-h-amination,family_holdout,ee,2o,14,6k|6o|6c|6g|6m|6l|6j|6h|6e|6i|6d|6b|6a|6q,3,6.857142857142861,6f|6n|6p
6.142857142857139,,,angew-aryl-c-h-amination,stage2_alt,,33,angew-aryl-c-h-amination,elastic_net,71.0,71.0,,77.14285714285714,74.28571428571428,66.28571428571428,75.03571428571428,65.53571428571428,6.142857142857139,"{""alpha"": 100.0, ""l1_ratio"": 0.2}",angew-aryl-c-h-amination,family_holdout,ee,2p,14,6k|6o|6c|6g|6m|6l|6j|6h|6e|6i|6d|6b|6a|6q,3,6.857142857142861,6f|6n|6p
26.14285714285714,,,angew-aryl-c-h-amination,stage2_alt,,33,angew-aryl-c-h-amination,elastic_net,51.0,51.0,,77.14285714285714,74.28571428571428,66.28571428571428,75.03571428571428,65.53571428571428,26.14285714285714,"{""alpha"": 100.0, ""l1_ratio"": 0.2}",angew-aryl-c-h-amination,family_holdout,ee,2q,14,6k|6o|6c|6g|6m|6l|6j|6h|6e|6i|6d|6b|6a|6q,3,6.857142857142861,6f|6n|6p
2.857142857142861,,,angew-aryl-c-h-amination,stage2_alt,,33,angew-aryl-c-h-amination,elastic_net,80.0,80.0,,77.14285714285714,74.28571428571428,66.28571428571428,75.03571428571428,65.53571428571428,-2.857142857142861,"{""alpha"": 100.0, ""l1_ratio"": 0.2}",angew-aryl-c-h-amination,family_holdout,ee,2r,14,6k|6o|6c|6g|6m|6l|6j|6h|6e|6i|6d|6b|6a|6q,3,6.857142857142861,6f|6n|6p
5.142857142857139,,,angew-aryl-c-h-amination,stage2_alt,,33,angew-aryl-c-h-amination,elastic_net,72.0,72.0,,77.14285714285714,74.28571428571428,66.28571428571428,75.03571428571428,65.53571428571428,5.142857142857139,"{""alpha"": 100.0, ""l1_ratio"": 0.2}",angew-aryl-c-h-amination,family_holdout,ee,2s,14,6k|6o|6c|6g|6m|6l|6j|6h|6e|6i|6d|6b|6a|6q,3,6.857142857142861,6f|6n|6p
3.142857142857139,,,angew-aryl-c-h-amination,stage2_alt,,33,angew-aryl-c-h-amination,elastic_net,74.0,74.0,,77.14285714285714,74.28571428571428,66.28571428571428,75.03571428571428,65.53571428571428,3.142857142857139,"{""alpha"": 100.0, ""l1_ratio"": 0.2}",angew-aryl-c-h-amination,family_holdout,ee,2t,14,6k|6o|6c|6g|6m|6l|6j|6h|6e|6i|6d|6b|6a|6q,3,6.857142857142861,6f|6n|6p
6.857142857142861,,,angew-aryl-c-h-amination,stage2_alt,,33,angew-aryl-c-h-amination,elastic_net,84.0,84.0,,77.14285714285714,74.28571428571428,66.28571428571428,75.03571428571428,65.53571428571428,-6.857142857142861,"{""alpha"": 100.0, ""l1_ratio"": 0.2}",angew-aryl-c-h-amination,family_holdout,ee,2u,14,6k|6o|6c|6g|6m|6l|6j|6h|6e|6i|6d|6b|6a|6q,3,6.857142857142861,6f|6n|6p
6.857142857142861,,,angew-aryl-c-h-amination,stage2_alt,,33,angew-aryl-c-h-amination,elastic_net,84.0,84.0,,77.14285714285714,74.28571428571428,66.28571428571428,75.03571428571428,65.53571428571428,-6.857142857142861,"{""alpha"": 100.0, ""l1_ratio"": 0.2}",angew-aryl-c-h-amination,family_holdout,ee,2v,14,6k|6o|6c|6g|6m|6l|6j|6h|6e|6i|6d|6b|6a|6q,3,6.857142857142861,6f|6n|6p
3.857142857142861,,,angew-aryl-c-h-amination,stage2_alt,,33,angew-aryl-c-h-amination,elastic_net,81.0,81.0,,77.14285714285714,74.28571428571428,66.28571428571428,75.03571428571428,65.53571428571428,-3.857142857142861,"{""alpha"": 100.0, ""l1_ratio"": 0.2}",angew-aryl-c-h-amination,family_holdout,ee,2w,14,6k|6o|6c|6g|6m|6l|6j|6h|6e|6i|6d|6b|6a|6q,3,6.857142857142861,6f|6n|6p
1.8571428571428612,,,angew-aryl-c-h-amination,stage2_alt,,33,angew-aryl-c-h-amination,elastic_net,79.0,79.0,,77.14285714285714,74.28571428571428,66.28571428571428,75.03571428571428,65.53571428571428,-1.8571428571428612,"{""alpha"": 100.0, ""l1_ratio"": 0.2}",angew-aryl-c-h-amination,family_holdout,ee,2x,14,6k|6o|6c|6g|6m|6l|6j|6h|6e|6i|6d|6b|6a|6q,3,6.857142857142861,6f|6n|6p
6.142857142857139,,,angew-aryl-c-h-amination,stage2_alt,,33,angew-aryl-c-h-amination,elastic_net,71.0,71.0,,77.14285714285714,74.28571428571428,66.28571428571428,75.03571428571428,65.53571428571428,6.142857142857139,"{""alpha"": 100.0, ""l1_ratio"": 0.2}",angew-aryl-c-h-amination,family_holdout,ee,2y,14,6k|6o|6c|6g|6m|6l|6j|6h|6e|6i|6d|6b|6a|6q,3,6.857142857142861,6f|6n|6p
7.142857142857139,,,angew-aryl-c-h-amination,stage2_alt,,33,angew-aryl-c-h-amination,elastic_net,70.0,70.0,,77.14285714285714,74.28571428571428,66.28571428571428,75.03571428571428,65.53571428571428,7.142857142857139,"{""alpha"": 100.0, ""l1_ratio"": 0.2}",angew-aryl-c-h-amination,family_holdout,ee,2z,14,6k|6o|6c|6g|6m|6l|6j|6h|6e|6i|6d|6b|6a|6q,3,6.857142857142861,6f|6n|6p
70.14285714285714,,,angew-aryl-c-h-amination,stage2_alt,,33,angew-aryl-c-h-amination,elastic_net,7.0,7.0,,77.14285714285714,74.28571428571428,66.28571428571428,75.03571428571428,65.53571428571428,70.14285714285714,"{""alpha"": 100.0, ""l1_ratio"": 0.2}",angew-aryl-c-h-amination,family_holdout,ee,4a,14,6k|6o|6c|6g|6m|6l|6j|6h|6e|6i|6d|6b|6a|6q,3,6.857142857142861,6f|6n|6p
69.14285714285714,,,angew-aryl-c-h-amination,stage2_alt,,33,angew-aryl-c-h-amination,elastic_net,8.0,8.0,,77.14285714285714,74.28571428571428,66.28571428571428,75.03571428571428,65.53571428571428,69.14285714285714,"{""alpha"": 100.0, ""l1_ratio"": 0.2}",angew-aryl-c-h-amination,family_holdout,ee,4b,14,6k|6o|6c|6g|6m|6l|6j|6h|6e|6i|6d|6b|6a|6q,3,6.857142857142861,6f|6n|6p
27.14285714285714,,,angew-aryl-c-h-amination,stage2_alt,,33,angew-aryl-c-h-amination,elastic_net,50.0,50.0,,77.14285714285714,74.28571428571428,66.28571428571428,75.03571428571428,65.53571428571428,27.14285714285714,"{""alpha"": 100.0, ""l1_ratio"": 0.2}",angew-aryl-c-h-amination,family_holdout,ee,4c,14,6k|6o|6c|6g|6m|6l|6j|6h|6e|6i|6d|6b|6a|6q,3,6.857142857142861,6f|6n|6p
55.14285714285714,,,angew-aryl-c-h-amination,stage2_alt,,33,angew-aryl-c-h-amination,elastic_net,22.0,22.0,,77.14285714285714,74.28571428571428,66.28571428571428,75.03571428571428,65.53571428571428,55.14285714285714,"{""alpha"": 100.0, ""l1_ratio"": 0.2}",angew-aryl-c-h-amination,family_holdout,ee,4d,14,6k|6o|6c|6g|6m|6l|6j|6h|6e|6i|6d|6b|6a|6q,3,6.857142857142861,6f|6n|6p
21.14285714285714,,,angew-aryl-c-h-amination,stage2_alt,,33,angew-aryl-c-h-amination,elastic_net,56.0,56.0,,77.14285714285714,74.28571428571428,66.28571428571428,75.03571428571428,65.53571428571428,21.14285714285714,"{""alpha"": 100.0, ""l1_ratio"": 0.2}",angew-aryl-c-h-amination,family_holdout,ee,4e,14,6k|6o|6c|6g|6m|6l|6j|6h|6e|6i|6d|6b|6a|6q,3,6.857142857142861,6f|6n|6p
34.82645226989192,,,angew-aryl-c-h-amination,stage2_alt,,33,angew-aryl-c-h-amination,lightgbm,45.0,45.0,,79.82645226989192,78.9392249594246,58.63352506377248,80.54437950103627,56.43136087494938,34.82645226989192,"{""learning_rate"": 0.03, ""n_estimators"": 25, ""num_leaves"": 3}",angew-aryl-c-h-amination,family_holdout,ee,2aa,14,6k|6o|6c|6g|6m|6l|6j|6h|6e|6i|6d|6b|6a|6q,3,11.61005880065379,6f|6n|6p
20.87085387544976,,,angew-aryl-c-h-amination,stage2_alt,,33,angew-aryl-c-h-amination,lightgbm,39.0,39.0,,59.87085387544976,58.98362656498245,38.677926669330326,60.58878110659412,36.47576248050722,20.87085387544976,"{""learning_rate"": 0.03, ""n_estimators"": 25, ""num_leaves"": 3}",angew-aryl-c-h-amination,family_holdout,ee,2ab,14,6k|6o|6c|6g|6m|6l|6j|6h|6e|6i|6d|6b|6a|6q,3,11.61005880065379,6f|6n|6p
30.19582049217965,,,angew-aryl-c-h-amination,stage2_alt,,33,angew-aryl-c-h-amination,lightgbm,50.0,50.0,,80.19582049217965,79.30859318171234,59.002893286060214,80.91374772332401,56.80072909723711,30.19582049217965,"{""learning_rate"": 0.03, ""n_estimators"": 25, ""num_leaves"": 3}",angew-aryl-c-h-amination,family_holdout,ee,2ac,14,6k|6o|6c|6g|6m|6l|6j|6h|6e|6i|6d|6b|6a|6q,3,11.61005880065379,6f|6n|6p
28.12914612455024,,,angew-aryl-c-h-amination,stage2_alt,,33,angew-aryl-c-h-amination,lightgbm,88.0,88.0,,59.87085387544976,58.98362656498245,38.677926669330326,60.58878110659412,36.47576248050722,-28.12914612455024,"{""learning_rate"": 0.03, ""n_estimators"": 25, ""num_leaves"": 3}",angew-aryl-c-h-amination,family_holdout,ee,2b,14,6k|6o|6c|6g|6m|6l|6j|6h|6e|6i|6d|6b|6a|6q,3,11.61005880065379,6f|6n|6p
19.12914612455024,,,angew-aryl-c-h-amination,stage2_alt,,33,angew-aryl-c-h-amination,lightgbm,79.0,79.0,,59.87085387544976,58.98362656498245,38.677926669330326,60.58878110659412,36.47576248050722,-19.12914612455024,"{""learning_rate"": 0.03, ""n_estimators"": 25, ""num_leaves"": 3}",angew-aryl-c-h-amination,family_holdout,ee,2c,14,6k|6o|6c|6g|6m|6l|6j|6h|6e|6i|6d|6b|6a|6q,3,11.61005880065379,6f|6n|6p
5.747021254985086,,,angew-aryl-c-h-amination,stage2_alt,,33,angew-aryl-c-h-amination,lightgbm,86.0,86.0,,80.25297874501491,79.3657514345476,59.06005153889548,80.97090597615927,56.857887350072374,-5.747021254985086,"{""learning_rate"": 0.03, ""n_estimators"": 25, ""num_leaves"": 3}",angew-aryl-c-h-amination,family_holdout,ee,2d,14,6k|6o|6c|6g|6m|6l|6j|6h|6e|6i|6d|6b|6a|6q,3,11.61005880065379,6f|6n|6p
22.12914612455024,,,angew-aryl-c-h-amination,stage2_alt,,33,angew-aryl-c-h-amination,lightgbm,82.0,82.0,,59.87085387544976,58.98362656498245,38.677926669330326,60.58878110659412,36.47576248050722,-22.12914612455024,"{""learning_rate"": 0.03, ""n_estimators"": 25, ""num_leaves"": 3}",angew-aryl-c-h-amination,family_holdout,ee,2e,14,6k|6o|6c|6g|6m|6l|6j|6h|6e|6i|6d|6b|6a|6q,3,11.61005880065379,6f|6n|6p
24.12914612455024,,,angew-aryl-c-h-amination,stage2_alt,,33,angew-aryl-c-h-amination,lightgbm,84.0,84.0,,59.87085387544976,58.98362656498245,38.677926669330326,60.58878110659412,36.47576248050722,-24.12914612455024,"{""learning_rate"": 0.03, ""n_estimators"": 25, ""num_leaves"": 3}",angew-aryl-c-h-amination,family_holdout,ee,2f,14,6k|6o|6c|6g|6m|6l|6j|6h|6e|6i|6d|6b|6a|6q,3,11.61005880065379,6f|6n|6p
26.12914612455024,,,angew-aryl-c-h-amination,stage2_alt,,33,angew-aryl-c-h-amination,lightgbm,86.0,86.0,,59.87085387544976,58.98362656498245,38.677926669330326,60.58878110659412,36.47576248050722,-26.12914612455024,"{""learning_rate"": 0.03, ""n_estimators"": 25, ""num_leaves"": 3}",angew-aryl-c-h-amination,family_holdout,ee,2g,14,6k|6o|6c|6g|6m|6l|6j|6h|6e|6i|6d|6b|6a|6q,3,11.61005880065379,6f|6n|6p
30.12914612455024,,,angew-aryl-c-h-amination,stage2_alt,,33,angew-aryl-c-h-amination,lightgbm,90.0,90.0,,59.87085387544976,58.98362656498245,38.677926669330326,60.58878110659412,36.47576248050722,-30.12914612455024,"{""learning_rate"": 0.03, ""n_estimators"": 25, ""num_leaves"": 3}",angew-aryl-c-h-amination,family_holdout,ee,2h,14,6k|6o|6c|6g|6m|6l|6j|6h|6e|6i|6d|6b|6a|6q,3,11.61005880065379,6f|6n|6p
13.129146124550239,,,angew-aryl-c-h-amination,stage2_alt,,33,angew-aryl-c-h-amination,lightgbm,73.0,73.0,,59.87085387544976,58.98362656498245,38.677926669330326,60.58878110659412,36.47576248050722,-13.129146124550239,"{""learning_rate"": 0.03, ""n_estimators"": 25, ""num_leaves"": 3}",angew-aryl-c-h-amination,family_holdout,ee,2i,14,6k|6o|6c|6g|6m|6l|6j|6h|6e|6i|6d|6b|6a|6q,3,11.61005880065379,6f|6n|6p
0.9389585166289862,,,angew-aryl-c-h-amination,stage2_alt,,33,angew-aryl-c-h-amination,lightgbm,79.0,79.0,,79.93895851662899,79.05173120616168,58.74603131050955,80.65688574777334,56.543867121686446,0.9389585166289862,"{""learning_rate"": 0.03, ""n_estimators"": 25, ""num_leaves"": 3}",angew-aryl-c-h-amination,family_holdout,ee,2j,14,6k|6o|6c|6g|6m|6l|6j|6h|6e|6i|6d|6b|6a|6q,3,11.61005880065379,6f|6n|6p
30.12914612455024,,,angew-aryl-c-h-amination,stage2_alt,,33,angew-aryl-c-h-amination,lightgbm,90.0,90.0,,59.87085387544976,58.98362656498245,38.677926669330326,60.58878110659412,36.47576248050722,-30.12914612455024,"{""learning_rate"": 0.03, ""n_estimators"": 25, ""num_leaves"": 3}",angew-aryl-c-h-amination,family_holdout,ee,2k,14,6k|6o|6c|6g|6m|6l|6j|6h|6e|6i|6d|6b|6a|6q,3,11.61005880065379,6f|6n|6p
18.12914612455024,,,angew-aryl-c-h-amination,stage2_alt,,33,angew-aryl-c-h-amination,lightgbm,78.0,78.0,,59.87085387544976,58.98362656498245,38.677926669330326,60.58878110659412,36.47576248050722,-18.12914612455024,"{""learning_rate"": 0.03, ""n_estimators"": 25, ""num_leaves"": 3}",angew-aryl-c-h-amination,family_holdout,ee,2l,14,6k|6o|6c|6g|6m|6l|6j|6h|6e|6i|6d|6b|6a|6q,3,11.61005880065379,6f|6n|6p
27.12914612455024,,,angew-aryl-c-h-amination,stage2_alt,,33,angew-aryl-c-h-amination,lightgbm,87.0,87.0,,59.87085387544976,58.98362656498245,38.677926669330326,60.58878110659412,36.47576248050722,-27.12914612455024,"{""learning_rate"": 0.03, ""n_estimators"": 25, ""num_leaves"": 3}",angew-aryl-c-h-amination,family_holdout,ee,2m,14,6k|6o|6c|6g|6m|6l|6j|6h|6e|6i|6d|6b|6a|6q,3,11.61005880065379,6f|6n|6p
0.129146124550239,,,angew-aryl-c-h-amination,stage2_alt,,33,angew-aryl-c-h-amination,lightgbm,60.0,60.0,,59.87085387544976,58.98362656498245,38.677926669330326,60.58878110659412,36.47576248050722,-0.129146124550239,"{""learning_rate"": 0.03, ""n_estimators"": 25, ""num_leaves"": 3}",angew-aryl-c-h-amination,family_holdout,ee,2n,14,6k|6o|6c|6g|6m|6l|6j|6h|6e|6i|6d|6b|6a|6q,3,11.61005880065379,6f|6n|6p
23.938958516628986,,,angew-aryl-c-h-amination,stage2_alt,,33,angew-aryl-c-h-amination,lightgbm,56.0,56.0,,79.93895851662899,79.05173120616168,58.74603131050955,80.65688574777334,56.543867121686446,23.938958516628986,"{""learning_rate"": 0.03, ""n_estimators"": 25, ""num_leaves"": 3}",angew-aryl-c-h-amination,family_holdout,ee,2o,14,6k|6o|6c|6g|6m|6l|6j|6h|6e|6i|6d|6b|6a|6q,3,11.61005880065379,6f|6n|6p
11.129146124550239,,,angew-aryl-c-h-amination,stage2_alt,,33,angew-aryl-c-h-amination,lightgbm,71.0,71.0,,59.87085387544976,58.98362656498245,38.677926669330326,60.58878110659412,36.47576248050722,-11.129146124550239,"{""learning_rate"": 0.03, ""n_estimators"": 25, ""num_leaves"": 3}",angew-aryl-c-h-amination,family_holdout,ee,2p,14,6k|6o|6c|6g|6m|6l|6j|6h|6e|6i|6d|6b|6a|6q,3,11.61005880065379,6f|6n|6p
8.870853875449761,,,angew-aryl-c-h-amination,stage2_alt,,33,angew-aryl-c-h-amination,lightgbm,51.0,51.0,,59.87085387544976,58.98362656498245,38.677926669330326,60.58878110659412,36.47576248050722,8.870853875449761,"{""learning_rate"": 0.03, ""n_estimators"": 25, ""num_leaves"": 3}",angew-aryl-c-h-amination,family_holdout,ee,2q,14,6k|6o|6c|6g|6m|6l|6j|6h|6e|6i|6d|6b|6a|6q,3,11.61005880065379,6f|6n|6p
0.1404724982778447,,,angew-aryl-c-h-amination,stage2_alt,,33,angew-aryl-c-h-amination,lightgbm,80.0,80.0,,80.14047249827784,79.25324518781053,58.94754529215841,80.8583997294222,56.745381103335305,0.1404724982778447,"{""learning_rate"": 0.03, ""n_estimators"": 25, ""num_leaves"": 3}",angew-aryl-c-h-amination,family_holdout,ee,2r,14,6k|6o|6c|6g|6m|6l|6j|6h|6e|6i|6d|6b|6a|6q,3,11.61005880065379,6f|6n|6p
8.12283067154037,,,angew-aryl-c-h-amination,stage2_alt,,33,angew-aryl-c-h-amination,lightgbm,72.0,72.0,,80.12283067154037,79.23560336107306,58.929903465420935,80.84075790268473,56.72773927659783,8.12283067154037,"{""learning_rate"": 0.03, ""n_estimators"": 25, ""num_leaves"": 3}",angew-aryl-c-h-amination,family_holdout,ee,2s,14,6k|6o|6c|6g|6m|6l|6j|6h|6e|6i|6d|6b|6a|6q,3,11.61005880065379,6f|6n|6p
5.826452269891917,,,angew-aryl-c-h-amination,stage2_alt,,33,angew-aryl-c-h-amination,lightgbm,74.0,74.0,,79.82645226989192,78.9392249594246,58.63352506377248,80.54437950103627,56.43136087494938,5.826452269891917,"{""learning_rate"": 0.03, ""n_estimators"": 25, ""num_leaves"": 3}",angew-aryl-c-h-amination,family_holdout,ee,2t,14,6k|6o|6c|6g|6m|6l|6j|6h|6e|6i|6d|6b|6a|6q,3,11.61005880065379,6f|6n|6p
24.12914612455024,,,angew-aryl-c-h-amination,stage2_alt,,33,angew-aryl-c-h-amination,lightgbm,84.0,84.0,,59.87085387544976,58.98362656498245,38.677926669330326,60.58878110659412,36.47576248050722,-24.12914612455024,"{""learning_rate"": 0.03, ""n_estimators"": 25, ""num_leaves"": 3}",angew-aryl-c-h-amination,family_holdout,ee,2u,14,6k|6o|6c|6g|6m|6l|6j|6h|6e|6i|6d|6b|6a|6q,3,11.61005880065379,6f|6n|6p
3.4901592794344225,,,angew-aryl-c-h-amination,stage2_alt,,33,angew-aryl-c-h-amination,lightgbm,84.0,84.0,,80.50984072056558,79.62261341009827,59.31691351444614,81.22776795170994,57.11474932562304,-3.4901592794344225,"{""learning_rate"": 0.03, ""n_estimators"": 25, ""num_leaves"": 3}",angew-aryl-c-h-amination,family_holdout,ee,2v,14,6k|6o|6c|6g|6m|6l|6j|6h|6e|6i|6d|6b|6a|6q,3,11.61005880065379,6f|6n|6p
21.12914612455024,,,angew-aryl-c-h-amination,stage2_alt,,33,angew-aryl-c-h-amination,lightgbm,81.0,81.0,,59.87085387544976,58.98362656498245,38.677926669330326,60.58878110659412,36.47576248050722,-21.12914612455024,"{""learning_rate"": 0.03, ""n_estimators"": 25, ""num_leaves"": 3}",angew-aryl-c-h-amination,family_holdout,ee,2w,14,6k|6o|6c|6g|6m|6l|6j|6h|6e|6i|6d|6b|6a|6q,3,11.61005880065379,6f|6n|6p
19.12914612455024,,,angew-aryl-c-h-amination,stage2_alt,,33,angew-aryl-c-h-amination,lightgbm,79.0,79.0,,59.87085387544976,58.98362656498245,38.677926669330326,60.58878110659412,36.47576248050722,-19.12914612455024,"{""learning_rate"": 0.03, ""n_estimators"": 25, ""num_leaves"": 3}",angew-aryl-c-h-amination,family_holdout,ee,2x,14,6k|6o|6c|6g|6m|6l|6j|6h|6e|6i|6d|6b|6a|6q,3,11.61005880065379,6f|6n|6p
11.129146124550239,,,angew-aryl-c-h-amination,stage2_alt,,33,angew-aryl-c-h-amination,lightgbm,71.0,71.0,,59.87085387544976,58.98362656498245,38.677926669330326,60.58878110659412,36.47576248050722,-11.129146124550239,"{""learning_rate"": 0.03, ""n_estimators"": 25, ""num_leaves"": 3}",angew-aryl-c-h-amination,family_holdout,ee,2y,14,6k|6o|6c|6g|6m|6l|6j|6h|6e|6i|6d|6b|6a|6q,3,11.61005880065379,6f|6n|6p
10.252978745014914,,,angew-aryl-c-h-amination,stage2_alt,,33,angew-aryl-c-h-amination,lightgbm,70.0,70.0,,80.25297874501491,79.3657514345476,59.06005153889548,80.97090597615927,56.857887350072374,10.252978745014914,"{""learning_rate"": 0.03, ""n_estimators"": 25, ""num_leaves"": 3}",angew-aryl-c-h-amination,family_holdout,ee,2z,14,6k|6o|6c|6g|6m|6l|6j|6h|6e|6i|6d|6b|6a|6q,3,11.61005880065379,6f|6n|6p
52.87085387544976,,,angew-aryl-c-h-amination,stage2_alt,,33,angew-aryl-c-h-amination,lightgbm,7.0,7.0,,59.87085387544976,58.98362656498245,38.677926669330326,60.58878110659412,36.47576248050722,52.87085387544976,"{""learning_rate"": 0.03, ""n_estimators"": 25, ""num_leaves"": 3}",angew-aryl-c-h-amination,family_holdout,ee,4a,14,6k|6o|6c|6g|6m|6l|6j|6h|6e|6i|6d|6b|6a|6q,3,11.61005880065379,6f|6n|6p
51.87085387544976,,,angew-aryl-c-h-amination,stage2_alt,,33,angew-aryl-c-h-amination,lightgbm,8.0,8.0,,59.87085387544976,58.98362656498245,38.677926669330326,60.58878110659412,36.47576248050722,51.87085387544976,"{""learning_rate"": 0.03, ""n_estimators"": 25, ""num_leaves"": 3}",angew-aryl-c-h-amination,family_holdout,ee,4b,14,6k|6o|6c|6g|6m|6l|6j|6h|6e|6i|6d|6b|6a|6q,3,11.61005880065379,6f|6n|6p
9.870853875449761,,,angew-aryl-c-h-amination,stage2_alt,,33,angew-aryl-c-h-amination,lightgbm,50.0,50.0,,59.87085387544976,58.98362656498245,38.677926669330326,60.58878110659412,36.47576248050722,9.870853875449761,"{""learning_rate"": 0.03, ""n_estimators"": 25, ""num_leaves"": 3}",angew-aryl-c-h-amination,family_holdout,ee,4c,14,6k|6o|6c|6g|6m|6l|6j|6h|6e|6i|6d|6b|6a|6q,3,11.61005880065379,6f|6n|6p
37.87085387544976,,,angew-aryl-c-h-amination,stage2_alt,,33,angew-aryl-c-h-amination,lightgbm,22.0,22.0,,59.87085387544976,58.98362656498245,38.677926669330326,60.58878110659412,36.47576248050722,37.87085387544976,"{""learning_rate"": 0.03, ""n_estimators"": 25, ""num_leaves"": 3}",angew-aryl-c-h-amination,family_holdout,ee,4d,14,6k|6o|6c|6g|6m|6l|6j|6h|6e|6i|6d|6b|6a|6q,3,11.61005880065379,6f|6n|6p
24.252978745014914,,,angew-aryl-c-h-amination,stage2_alt,,33,angew-aryl-c-h-amination,lightgbm,56.0,56.0,,80.25297874501491,79.3657514345476,59.06005153889548,80.97090597615927,56.857887350072374,24.252978745014914,"{""learning_rate"": 0.03, ""n_estimators"": 25, ""num_leaves"": 3}",angew-aryl-c-h-amination,family_holdout,ee,4e,14,6k|6o|6c|6g|6m|6l|6j|6h|6e|6i|6d|6b|6a|6q,3,11.61005880065379,6f|6n|6p
32.14285714285714,120.62926740500774,33.65644688070653,angew-aryl-c-h-amination,stage2_alt,22.186944011301332,33,angew-aryl-c-h-amination,gaussian_process,45.0,45.0,,77.14285714285714,74.28571428571428,66.28572519227617,75.03571428571428,65.53572723725654,32.14285714285714,"{""alpha"": 1e-05, ""kernel"": ""1**2 * RBF(length_scale=2) + WhiteKernel(noise_level=10)""}",angew-aryl-c-h-amination,family_holdout,ee,2aa,14,6k|6o|6c|6g|6m|6l|6j|6h|6e|6i|6d|6b|6a|6q,3,6.85713831274207,6f|6n|6p
38.14285714285714,120.62926740500774,33.65644688070653,angew-aryl-c-h-amination,stage2_alt,22.186944011301332,33,angew-aryl-c-h-amination,gaussian_process,39.0,39.0,,77.14285714285714,74.28571428571428,66.28572519227617,75.03571428571428,65.53572723725654,38.14285714285714,"{""alpha"": 1e-05, ""kernel"": ""1**2 * RBF(length_scale=2) + WhiteKernel(noise_level=10)""}",angew-aryl-c-h-amination,family_holdout,ee,2ab,14,6k|6o|6c|6g|6m|6l|6j|6h|6e|6i|6d|6b|6a|6q,3,6.85713831274207,6f|6n|6p
27.14285714285714,120.62926740500774,33.65644688070653,angew-aryl-c-h-amination,stage2_alt,22.186944011301332,33,angew-aryl-c-h-amination,gaussian_process,50.0,50.0,,77.14285714285714,74.28571428571428,66.28572519227617,75.03571428571428,65.53572723725654,27.14285714285714,"{""alpha"": 1e-05, ""kernel"": ""1**2 * RBF(length_scale=2) + WhiteKernel(noise_level=10)""}",angew-aryl-c-h-amination,family_holdout,ee,2ac,14,6k|6o|6c|6g|6m|6l|6j|6h|6e|6i|6d|6b|6a|6q,3,6.85713831274207,6f|6n|6p
10.857142857142861,120.62926740500774,33.65644688070653,angew-aryl-c-h-amination,stage2_alt,22.186944011301332,33,angew-aryl-c-h-amination,gaussian_process,88.0,88.0,,77.14285714285714,74.28571428571428,66.28572519227617,75.03571428571428,65.53572723725654,-10.857142857142861,"{""alpha"": 1e-05, ""kernel"": ""1**2 * RBF(length_scale=2) + WhiteKernel(noise_level=10)""}",angew-aryl-c-h-amination,family_holdout,ee,2b,14,6k|6o|6c|6g|6m|6l|6j|6h|6e|6i|6d|6b|6a|6q,3,6.85713831274207,6f|6n|6p
1.8571428571428612,120.62926740500774,33.65644688070653,angew-aryl-c-h-amination,stage2_alt,22.186944011301332,33,angew-aryl-c-h-amination,gaussian_process,79.0,79.0,,77.14285714285714,74.28571428571428,66.28572519227617,75.03571428571428,65.53572723725654,-1.8571428571428612,"{""alpha"": 1e-05, ""kernel"": ""1**2 * RBF(length_scale=2) + WhiteKernel(noise_level=10)""}",angew-aryl-c-h-amination,family_holdout,ee,2c,14,6k|6o|6c|6g|6m|6l|6j|6h|6e|6i|6d|6b|6a|6q,3,6.85713831274207,6f|6n|6p
8.857142857142861,120.62926740500774,33.65644688070653,angew-aryl-c-h-amination,stage2_alt,22.186944011301332,33,angew-aryl-c-h-amination,gaussian_process,86.0,86.0,,77.14285714285714,74.28571428571428,66.28572519227617,75.03571428571428,65.53572723725654,-8.857142857142861,"{""alpha"": 1e-05, ""kernel"": ""1**2 * RBF(length_scale=2) + WhiteKernel(noise_level=10)""}",angew-aryl-c-h-amination,family_holdout,ee,2d,14,6k|6o|6c|6g|6m|6l|6j|6h|6e|6i|6d|6b|6a|6q,3,6.85713831274207,6f|6n|6p
4.857142857142861,120.62926740500774,33.65644688070653,angew-aryl-c-h-amination,stage2_alt,22.186944011301332,33,angew-aryl-c-h-amination,gaussian_process,82.0,82.0,,77.14285714285714,74.28571428571428,66.28572519227617,75.03571428571428,65.53572723725654,-4.857142857142861,"{""alpha"": 1e-05, ""kernel"": ""1**2 * RBF(length_scale=2) + WhiteKernel(noise_level=10)""}",angew-aryl-c-h-amination,family_holdout,ee,2e,14,6k|6o|6c|6g|6m|6l|6j|6h|6e|6i|6d|6b|6a|6q,3,6.85713831274207,6f|6n|6p
6.857142857142861,120.62926740500774,33.65644688070653,angew-aryl-c-h-amination,stage2_alt,22.186944011301332,33,angew-aryl-c-h-amination,gaussian_process,84.0,84.0,,77.14285714285714,74.28571428571428,66.28572519227617,75.03571428571428,65.53572723725654,-6.857142857142861,"{""alpha"": 1e-05, ""kernel"": ""1**2 * RBF(length_scale=2) + WhiteKernel(noise_level=10)""}",angew-aryl-c-h-amination,family_holdout,ee,2f,14,6k|6o|6c|6g|6m|6l|6j|6h|6e|6i|6d|6b|6a|6q,3,6.85713831274207,6f|6n|6p
8.857142857142861,120.62926740500774,33.65644688070653,angew-aryl-c-h-amination,stage2_alt,22.186944011301332,33,angew-aryl-c-h-amination,gaussian_process,86.0,86.0,,77.14285714285714,74.28571428571428,66.28572519227617,75.03571428571428,65.53572723725654,-8.857142857142861,"{""alpha"": 1e-05, ""kernel"": ""1**2 * RBF(length_scale=2) + WhiteKernel(noise_level=10)""}",angew-aryl-c-h-amination,family_holdout,ee,2g,14,6k|6o|6c|6g|6m|6l|6j|6h|6e|6i|6d|6b|6a|6q,3,6.85713831274207,6f|6n|6p
12.857142857142861,120.62926740500774,33.65644688070653,angew-aryl-c-h-amination,stage2_alt,22.186944011301332,33,angew-aryl-c-h-amination,gaussian_process,90.0,90.0,,77.14285714285714,74.28571428571428,66.28572519227617,75.03571428571428,65.53572723725654,-12.857142857142861,"{""alpha"": 1e-05, ""kernel"": ""1**2 * RBF(length_scale=2) + WhiteKernel(noise_level=10)""}",angew-aryl-c-h-amination,family_holdout,ee,2h,14,6k|6o|6c|6g|6m|6l|6j|6h|6e|6i|6d|6b|6a|6q,3,6.85713831274207,6f|6n|6p
4.142857142857139,120.62926740500774,33.65644688070653,angew-aryl-c-h-amination,stage2_alt,22.186944011301332,33,angew-aryl-c-h-amination,gaussian_process,73.0,73.0,,77.14285714285714,74.28571428571428,66.28572519227617,75.03571428571428,65.53572723725654,4.142857142857139,"{""alpha"": 1e-05, ""kernel"": ""1**2 * RBF(length_scale=2) + WhiteKernel(noise_level=10)""}",angew-aryl-c-h-amination,family_holdout,ee,2i,14,6k|6o|6c|6g|6m|6l|6j|6h|6e|6i|6d|6b|6a|6q,3,6.85713831274207,6f|6n|6p
1.8571428571428612,120.62926740500774,33.65644688070653,angew-aryl-c-h-amination,stage2_alt,22.186944011301332,33,angew-aryl-c-h-amination,gaussian_process,79.0,79.0,,77.14285714285714,74.28571428571428,66.28572519227617,75.03571428571428,65.53572723725654,-1.8571428571428612,"{""alpha"": 1e-05, ""kernel"": ""1**2 * RBF(length_scale=2) + WhiteKernel(noise_level=10)""}",angew-aryl-c-h-amination,family_holdout,ee,2j,14,6k|6o|6c|6g|6m|6l|6j|6h|6e|6i|6d|6b|6a|6q,3,6.85713831274207,6f|6n|6p
12.857142857142861,120.62926740500774,33.65644688070653,angew-aryl-c-h-amination,stage2_alt,22.186944011301332,33,angew-aryl-c-h-amination,gaussian_process,90.0,90.0,,77.14285714285714,74.28571428571428,66.28572519227617,75.03571428571428,65.53572723725654,-12.857142857142861,"{""alpha"": 1e-05, ""kernel"": ""1**2 * RBF(length_scale=2) + WhiteKernel(noise_level=10)""}",angew-aryl-c-h-amination,family_holdout,ee,2k,14,6k|6o|6c|6g|6m|6l|6j|6h|6e|6i|6d|6b|6a|6q,3,6.85713831274207,6f|6n|6p
0.8571428571428612,120.62926740500774,33.65644688070653,angew-aryl-c-h-amination,stage2_alt,22.186944011301332,33,angew-aryl-c-h-amination,gaussian_process,78.0,78.0,,77.14285714285714,74.28571428571428,66.28572519227617,75.03571428571428,65.53572723725654,-0.8571428571428612,"{""alpha"": 1e-05, ""kernel"": ""1**2 * RBF(length_scale=2) + WhiteKernel(noise_level=10)""}",angew-aryl-c-h-amination,family_holdout,ee,2l,14,6k|6o|6c|6g|6m|6l|6j|6h|6e|6i|6d|6b|6a|6q,3,6.85713831274207,6f|6n|6p
9.857142857142861,120.62926740500774,33.65644688070653,angew-aryl-c-h-amination,stage2_alt,22.186944011301332,33,angew-aryl-c-h-amination,gaussian_process,87.0,87.0,,77.14285714285714,74.28571428571428,66.28572519227617,75.03571428571428,65.53572723725654,-9.857142857142861,"{""alpha"": 1e-05, ""kernel"": ""1**2 * RBF(length_scale=2) + WhiteKernel(noise_level=10)""}",angew-aryl-c-h-amination,family_holdout,ee,2m,14,6k|6o|6c|6g|6m|6l|6j|6h|6e|6i|6d|6b|6a|6q,3,6.85713831274207,6f|6n|6p
17.14285714285714,120.62926740500774,33.65644688070653,angew-aryl-c-h-amination,stage2_alt,22.186944011301332,33,angew-aryl-c-h-amination,gaussian_process,60.0,60.0,,77.14285714285714,74.28571428571428,66.28572519227617,75.03571428571428,65.53572723725654,17.14285714285714,"{""alpha"": 1e-05, ""kernel"": ""1**2 * RBF(length_scale=2) + WhiteKernel(noise_level=10)""}",angew-aryl-c-h-amination,family_holdout,ee,2n,14,6k|6o|6c|6g|6m|6l|6j|6h|6e|6i|6d|6b|6a|6q,3,6.85713831274207,6f|6n|6p
21.14285714285714,120.62926740500774,33.65644688070653,angew-aryl-c-h-amination,stage2_alt,22.186944011301332,33,angew-aryl-c-h-amination,gaussian_process,56.0,56.0,,77.14285714285714,74.28571428571428,66.28572519227617,75.03571428571428,65.53572723725654,21.14285714285714,"{""alpha"": 1e-05, ""kernel"": ""1**2 * RBF(length_scale=2) + WhiteKernel(noise_level=10)""}",angew-aryl-c-h-amination,family_holdout,ee,2o,14,6k|6o|6c|6g|6m|6l|6j|6h|6e|6i|6d|6b|6a|6q,3,6.85713831274207,6f|6n|6p
6.142857142857139,120.62926740500774,33.65644688070653,angew-aryl-c-h-amination,stage2_alt,22.186944011301332,33,angew-aryl-c-h-amination,gaussian_process,71.0,71.0,,77.14285714285714,74.28571428571428,66.28572519227617,75.03571428571428,65.53572723725654,6.142857142857139,"{""alpha"": 1e-05, ""kernel"": ""1**2 * RBF(length_scale=2) + WhiteKernel(noise_level=10)""}",angew-aryl-c-h-amination,family_holdout,ee,2p,14,6k|6o|6c|6g|6m|6l|6j|6h|6e|6i|6d|6b|6a|6q,3,6.85713831274207,6f|6n|6p
26.14285714285714,120.62926740500774,33.65644688070653,angew-aryl-c-h-amination,stage2_alt,22.186944011301332,33,angew-aryl-c-h-amination,gaussian_process,51.0,51.0,,77.14285714285714,74.28571428571428,66.28572519227617,75.03571428571428,65.53572723725654,26.14285714285714,"{""alpha"": 1e-05, ""kernel"": ""1**2 * RBF(length_scale=2) + WhiteKernel(noise_level=10)""}",angew-aryl-c-h-amination,family_holdout,ee,2q,14,6k|6o|6c|6g|6m|6l|6j|6h|6e|6i|6d|6b|6a|6q,3,6.85713831274207,6f|6n|6p
2.857142857142861,120.62926740500774,33.65644688070653,angew-aryl-c-h-amination,stage2_alt,22.186944011301332,33,angew-aryl-c-h-amination,gaussian_process,80.0,80.0,,77.14285714285714,74.28571428571428,66.28572519227617,75.03571428571428,65.53572723725654,-2.857142857142861,"{""alpha"": 1e-05, ""kernel"": ""1**2 * RBF(length_scale=2) + WhiteKernel(noise_level=10)""}",angew-aryl-c-h-amination,family_holdout,ee,2r,14,6k|6o|6c|6g|6m|6l|6j|6h|6e|6i|6d|6b|6a|6q,3,6.85713831274207,6f|6n|6p
5.142857142857139,120.62926740500774,33.65644688070653,angew-aryl-c-h-amination,stage2_alt,22.186944011301332,33,angew-aryl-c-h-amination,gaussian_process,72.0,72.0,,77.14285714285714,74.28571428571428,66.28572519227617,75.03571428571428,65.53572723725654,5.142857142857139,"{""alpha"": 1e-05, ""kernel"": ""1**2 * RBF(length_scale=2) + WhiteKernel(noise_level=10)""}",angew-aryl-c-h-amination,family_holdout,ee,2s,14,6k|6o|6c|6g|6m|6l|6j|6h|6e|6i|6d|6b|6a|6q,3,6.85713831274207,6f|6n|6p
3.142857142857139,120.62926740500774,33.65644688070653,angew-aryl-c-h-amination,stage2_alt,22.186944011301332,33,angew-aryl-c-h-amination,gaussian_process,74.0,74.0,,77.14285714285714,74.28571428571428,66.28572519227617,75.03571428571428,65.53572723725654,3.142857142857139,"{""alpha"": 1e-05, ""kernel"": ""1**2 * RBF(length_scale=2) + WhiteKernel(noise_level=10)""}",angew-aryl-c-h-amination,family_holdout,ee,2t,14,6k|6o|6c|6g|6m|6l|6j|6h|6e|6i|6d|6b|6a|6q,3,6.85713831274207,6f|6n|6p
6.857142857142861,120.62926740500774,33.65644688070653,angew-aryl-c-h-amination,stage2_alt,22.186944011301332,33,angew-aryl-c-h-amination,gaussian_process,84.0,84.0,,77.14285714285714,74.28571428571428,66.28572519227617,75.03571428571428,65.53572723725654,-6.857142857142861,"{""alpha"": 1e-05, ""kernel"": ""1**2 * RBF(length_scale=2) + WhiteKernel(noise_level=10)""}",angew-aryl-c-h-amination,family_holdout,ee,2u,14,6k|6o|6c|6g|6m|6l|6j|6h|6e|6i|6d|6b|6a|6q,3,6.85713831274207,6f|6n|6p
6.857142857142861,120.62926740500774,33.65644688070653,angew-aryl-c-h-amination,stage2_alt,22.186944011301332,33,angew-aryl-c-h-amination,gaussian_process,84.0,84.0,,77.14285714285714,74.28571428571428,66.28572519227617,75.03571428571428,65.53572723725654,-6.857142857142861,"{""alpha"": 1e-05, ""kernel"": ""1**2 * RBF(length_scale=2) + WhiteKernel(noise_level=10)""}",angew-aryl-c-h-amination,family_holdout,ee,2v,14,6k|6o|6c|6g|6m|6l|6j|6h|6e|6i|6d|6b|6a|6q,3,6.85713831274207,6f|6n|6p
3.857142857142861,120.62926740500774,33.65644688070653,angew-aryl-c-h-amination,stage2_alt,22.186944011301332,33,angew-aryl-c-h-amination,gaussian_process,81.0,81.0,,77.14285714285714,74.28571428571428,66.28572519227617,75.03571428571428,65.53572723725654,-3.857142857142861,"{""alpha"": 1e-05, ""kernel"": ""1**2 * RBF(length_scale=2) + WhiteKernel(noise_level=10)""}",angew-aryl-c-h-amination,family_holdout,ee,2w,14,6k|6o|6c|6g|6m|6l|6j|6h|6e|6i|6d|6b|6a|6q,3,6.85713831274207,6f|6n|6p
1.8571428571428612,120.62926740500774,33.65644688070653,angew-aryl-c-h-amination,stage2_alt,22.186944011301332,33,angew-aryl-c-h-amination,gaussian_process,79.0,79.0,,77.14285714285714,74.28571428571428,66.28572519227617,75.03571428571428,65.53572723725654,-1.8571428571428612,"{""alpha"": 1e-05, ""kernel"": ""1**2 * RBF(length_scale=2) + WhiteKernel(noise_level=10)""}",angew-aryl-c-h-amination,family_holdout,ee,2x,14,6k|6o|6c|6g|6m|6l|6j|6h|6e|6i|6d|6b|6a|6q,3,6.85713831274207,6f|6n|6p
6.142857142857139,120.62926740500774,33.65644688070653,angew-aryl-c-h-amination,stage2_alt,22.186944011301332,33,angew-aryl-c-h-amination,gaussian_process,71.0,71.0,,77.14285714285714,74.28571428571428,66.28572519227617,75.03571428571428,65.53572723725654,6.142857142857139,"{""alpha"": 1e-05, ""kernel"": ""1**2 * RBF(length_scale=2) + WhiteKernel(noise_level=10)""}",angew-aryl-c-h-amination,family_holdout,ee,2y,14,6k|6o|6c|6g|6m|6l|6j|6h|6e|6i|6d|6b|6a|6q,3,6.85713831274207,6f|6n|6p
7.142857142857139,120.62926740500774,33.65644688070653,angew-aryl-c-h-amination,stage2_alt,22.186944011301332,33,angew-aryl-c-h-amination,gaussian_process,70.0,70.0,,77.14285714285714,74.28571428571428,66.28572519227617,75.03571428571428,65.53572723725654,7.142857142857139,"{""alpha"": 1e-05, ""kernel"": ""1**2 * RBF(length_scale=2) + WhiteKernel(noise_level=10)""}",angew-aryl-c-h-amination,family_holdout,ee,2z,14,6k|6o|6c|6g|6m|6l|6j|6h|6e|6i|6d|6b|6a|6q,3,6.85713831274207,6f|6n|6p
70.14285714285714,120.62926740500774,33.65644688070653,angew-aryl-c-h-amination,stage2_alt,22.186944011301332,33,angew-aryl-c-h-amination,gaussian_process,7.0,7.0,,77.14285714285714,74.28571428571428,66.28572519227617,75.03571428571428,65.53572723725654,70.14285714285714,"{""alpha"": 1e-05, ""kernel"": ""1**2 * RBF(length_scale=2) + WhiteKernel(noise_level=10)""}",angew-aryl-c-h-amination,family_holdout,ee,4a,14,6k|6o|6c|6g|6m|6l|6j|6h|6e|6i|6d|6b|6a|6q,3,6.85713831274207,6f|6n|6p
69.14285714285714,120.62926740500774,33.65644688070653,angew-aryl-c-h-amination,stage2_alt,22.186944011301332,33,angew-aryl-c-h-amination,gaussian_process,8.0,8.0,,77.14285714285714,74.28571428571428,66.28572519227617,75.03571428571428,65.53572723725654,69.14285714285714,"{""alpha"": 1e-05, ""kernel"": ""1**2 * RBF(length_scale=2) + WhiteKernel(noise_level=10)""}",angew-aryl-c-h-amination,family_holdout,ee,4b,14,6k|6o|6c|6g|6m|6l|6j|6h|6e|6i|6d|6b|6a|6q,3,6.85713831274207,6f|6n|6p
27.14285714285714,120.62926740500774,33.65644688070653,angew-aryl-c-h-amination,stage2_alt,22.186944011301332,33,angew-aryl-c-h-amination,gaussian_process,50.0,50.0,,77.14285714285714,74.28571428571428,66.28572519227617,75.03571428571428,65.53572723725654,27.14285714285714,"{""alpha"": 1e-05, ""kernel"": ""1**2 * RBF(length_scale=2) + WhiteKernel(noise_level=10)""}",angew-aryl-c-h-amination,family_holdout,ee,4c,14,6k|6o|6c|6g|6m|6l|6j|6h|6e|6i|6d|6b|6a|6q,3,6.85713831274207,6f|6n|6p
55.14285714285714,120.62926740500774,33.65644688070653,angew-aryl-c-h-amination,stage2_alt,22.186944011301332,33,angew-aryl-c-h-amination,gaussian_process,22.0,22.0,,77.14285714285714,74.28571428571428,66.28572519227617,75.03571428571428,65.53572723725654,55.14285714285714,"{""alpha"": 1e-05, ""kernel"": ""1**2 * RBF(length_scale=2) + WhiteKernel(noise_level=10)""}",angew-aryl-c-h-amination,family_holdout,ee,4d,14,6k|6o|6c|6g|6m|6l|6j|6h|6e|6i|6d|6b|6a|6q,3,6.85713831274207,6f|6n|6p
21.14285714285714,120.62926740500774,33.65644688070653,angew-aryl-c-h-amination,stage2_alt,22.186944011301332,33,angew-aryl-c-h-amination,gaussian_process,56.0,56.0,,77.14285714285714,74.28571428571428,66.28572519227617,75.03571428571428,65.53572723725654,21.14285714285714,"{""alpha"": 1e-05, ""kernel"": ""1**2 * RBF(length_scale=2) + WhiteKernel(noise_level=10)""}",angew-aryl-c-h-amination,family_holdout,ee,4e,14,6k|6o|6c|6g|6m|6l|6j|6h|6e|6i|6d|6b|6a|6q,3,6.85713831274207,6f|6n|6p
27.159303946133925,,,angew-sulfonyl-c-h-amination,stage2_alt,,17,angew-sulfonyl-c-h-amination,ridge_regression,81.0,81.0,,53.840696053866075,67.96327489600164,40.562746666772455,72.5051558449129,40.412545643869905,-27.159303946133925,"{""alpha"": 10.0}",angew-sulfonyl-c-h-amination,family_holdout,ee,6a,26,4e|2z|2aa|2h|2y|2o|2t|4d|2p|2ac|2c|4c|2n|2x|2ab|2s|2q|2l|4a|2j|2m|2e|2k|2r|2w|2g,7,11.580958878151046,2b|2d|2f|2i|2u|2v|4b
57.07626099118204,,,angew-sulfonyl-c-h-amination,stage2_alt,,17,angew-sulfonyl-c-h-amination,ridge_regression,93.0,93.0,,35.92373900881796,50.04631785095352,22.645789621724344,54.588198799864784,22.495588598821787,-57.07626099118204,"{""alpha"": 10.0}",angew-sulfonyl-c-h-amination,family_holdout,ee,6b,26,4e|2z|2aa|2h|2y|2o|2t|4d|2p|2ac|2c|4c|2n|2x|2ab|2s|2q|2l|4a|2j|2m|2e|2k|2r|2w|2g,7,11.580958878151046,2b|2d|2f|2i|2u|2v|4b
46.54311912218054,,,angew-sulfonyl-c-h-amination,stage2_alt,,17,angew-sulfonyl-c-h-amination,ridge_regression,89.0,89.0,,42.45688087781946,56.57945971995502,29.17893149072584,61.12134066886628,29.028730467823284,-46.54311912218054,"{""alpha"": 10.0}",angew-sulfonyl-c-h-amination,family_holdout,ee,6c,26,4e|2z|2aa|2h|2y|2o|2t|4d|2p|2ac|2c|4c|2n|2x|2ab|2s|2q|2l|4a|2j|2m|2e|2k|2r|2w|2g,7,11.580958878151046,2b|2d|2f|2i|2u|2v|4b
65.75582453873771,,,angew-sulfonyl-c-h-amination,stage2_alt,,17,angew-sulfonyl-c-h-amination,ridge_regression,93.0,93.0,,27.244175461262287,41.36675430339785,13.96622607416867,45.90863525230911,13.816025051266113,-65.75582453873771,"{""alpha"": 10.0}",angew-sulfonyl-c-h-amination,family_holdout,ee,6d,26,4e|2z|2aa|2h|2y|2o|2t|4d|2p|2ac|2c|4c|2n|2x|2ab|2s|2q|2l|4a|2j|2m|2e|2k|2r|2w|2g,7,11.580958878151046,2b|2d|2f|2i|2u|2v|4b
37.7808108990796,,,angew-sulfonyl-c-h-amination,stage2_alt,,17,angew-sulfonyl-c-h-amination,ridge_regression,82.0,82.0,,44.2191891009204,58.34176794305596,30.941239713826786,62.883648891967226,30.79103869092423,-37.7808108990796,"{""alpha"": 10.0}",angew-sulfonyl-c-h-amination,family_holdout,ee,6e,26,4e|2z|2aa|2h|2y|2o|2t|4d|2p|2ac|2c|4c|2n|2x|2ab|2s|2q|2l|4a|2j|2m|2e|2k|2r|2w|2g,7,11.580958878151046,2b|2d|2f|2i|2u|2v|4b
40.36783983058541,,,angew-sulfonyl-c-h-amination,stage2_alt,,17,angew-sulfonyl-c-h-amination,ridge_regression,89.0,89.0,,48.63216016941459,62.75473901155015,35.354210782320976,67.29661996046141,35.20400975941841,-40.36783983058541,"{""alpha"": 10.0}",angew-sulfonyl-c-h-amination,family_holdout,ee,6f,26,4e|2z|2aa|2h|2y|2o|2t|4d|2p|2ac|2c|4c|2n|2x|2ab|2s|2q|2l|4a|2j|2m|2e|2k|2r|2w|2g,7,11.580958878151046,2b|2d|2f|2i|2u|2v|4b
43.03940626395023,,,angew-sulfonyl-c-h-amination,stage2_alt,,17,angew-sulfonyl-c-h-amination,ridge_regression,88.0,88.0,,44.96059373604977,59.083172578185334,31.682644348956156,63.6250535270966,31.5324433260536,-43.03940626395023,"{""alpha"": 10.0}",angew-sulfonyl-c-h-amination,family_holdout,ee,6g,26,4e|2z|2aa|2h|2y|2o|2t|4d|2p|2ac|2c|4c|2n|2x|2ab|2s|2q|2l|4a|2j|2m|2e|2k|2r|2w|2g,7,11.580958878151046,2b|2d|2f|2i|2u|2v|4b
33.25254342682038,,,angew-sulfonyl-c-h-amination,stage2_alt,,17,angew-sulfonyl-c-h-amination,ridge_regression,84.0,84.0,,50.74745657317962,64.87003541531519,37.469507186086005,69.41191636422644,37.31930616318344,-33.25254342682038,"{""alpha"": 10.0}",angew-sulfonyl-c-h-amination,family_holdout,ee,6h,26,4e|2z|2aa|2h|2y|2o|2t|4d|2p|2ac|2c|4c|2n|2x|2ab|2s|2q|2l|4a|2j|2m|2e|2k|2r|2w|2g,7,11.580958878151046,2b|2d|2f|2i|2u|2v|4b
42.567521951588624,,,angew-sulfonyl-c-h-amination,stage2_alt,,17,angew-sulfonyl-c-h-amination,ridge_regression,88.0,88.0,,45.432478048411376,59.555056890546936,32.154528661317755,64.0969378394582,32.004327638415205,-42.567521951588624,"{""alpha"": 10.0}",angew-sulfonyl-c-h-amination,family_holdout,ee,6i,26,4e|2z|2aa|2h|2y|2o|2t|4d|2p|2ac|2c|4c|2n|2x|2ab|2s|2q|2l|4a|2j|2m|2e|2k|2r|2w|2g,7,11.580958878151046,2b|2d|2f|2i|2u|2v|4b
46.57600768284655,,,angew-sulfonyl-c-h-amination,stage2_alt,,17,angew-sulfonyl-c-h-amination,ridge_regression,87.0,87.0,,40.42399231715345,54.54657115928901,27.14604293005983,59.08845210820027,26.995841907157274,-46.57600768284655,"{""alpha"": 10.0}",angew-sulfonyl-c-h-amination,family_holdout,ee,6j,26,4e|2z|2aa|2h|2y|2o|2t|4d|2p|2ac|2c|4c|2n|2x|2ab|2s|2q|2l|4a|2j|2m|2e|2k|2r|2w|2g,7,11.580958878151046,2b|2d|2f|2i|2u|2v|4b
55.0030176769797,,,angew-sulfonyl-c-h-amination,stage2_alt,,17,angew-sulfonyl-c-h-amination,ridge_regression,93.0,93.0,,37.9969823230203,52.11956116515586,24.71903293592668,56.66144211406713,24.568831913024123,-55.0030176769797,"{""alpha"": 10.0}",angew-sulfonyl-c-h-amination,family_holdout,ee,6k,26,4e|2z|2aa|2h|2y|2o|2t|4d|2p|2ac|2c|4c|2n|2x|2ab|2s|2q|2l|4a|2j|2m|2e|2k|2r|2w|2g,7,11.580958878151046,2b|2d|2f|2i|2u|2v|4b
26.2850325731307,,,angew-sulfonyl-c-h-amination,stage2_alt,,17,angew-sulfonyl-c-h-amination,ridge_regression,58.0,58.0,,31.7149674268693,45.83754626900486,18.437018039775683,50.37942721791613,18.286817016873126,-26.2850325731307,"{""alpha"": 10.0}",angew-sulfonyl-c-h-amination,family_holdout,ee,6l,26,4e|2z|2aa|2h|2y|2o|2t|4d|2p|2ac|2c|4c|2n|2x|2ab|2s|2q|2l|4a|2j|2m|2e|2k|2r|2w|2g,7,11.580958878151046,2b|2d|2f|2i|2u|2v|4b
43.71050432325231,,,angew-sulfonyl-c-h-amination,stage2_alt,,17,angew-sulfonyl-c-h-amination,ridge_regression,30.0,30.0,,73.71050432325231,87.83308316538788,60.432554936158695,92.37496411429913,60.28235391325613,43.71050432325231,"{""alpha"": 10.0}",angew-sulfonyl-c-h-amination,family_holdout,ee,6m,26,4e|2z|2aa|2h|2y|2o|2t|4d|2p|2ac|2c|4c|2n|2x|2ab|2s|2q|2l|4a|2j|2m|2e|2k|2r|2w|2g,7,11.580958878151046,2b|2d|2f|2i|2u|2v|4b
61.710236841265,,,angew-sulfonyl-c-h-amination,stage2_alt,,17,angew-sulfonyl-c-h-amination,ridge_regression,79.0,79.0,,17.289763158735,31.41234200087056,4.011813771641382,35.95422294978182,3.8616127487388248,-61.710236841265,"{""alpha"": 10.0}",angew-sulfonyl-c-h-amination,family_holdout,ee,6n,26,4e|2z|2aa|2h|2y|2o|2t|4d|2p|2ac|2c|4c|2n|2x|2ab|2s|2q|2l|4a|2j|2m|2e|2k|2r|2w|2g,7,11.580958878151046,2b|2d|2f|2i|2u|2v|4b
78.18755011092593,,,angew-sulfonyl-c-h-amination,stage2_alt,,17,angew-sulfonyl-c-h-amination,ridge_regression,90.0,90.0,,11.812449889074074,25.935028731209634,-1.4654994980195433,30.4769096801209,-1.6157005209221005,-78.18755011092593,"{""alpha"": 10.0}",angew-sulfonyl-c-h-amination,family_holdout,ee,6o,26,4e|2z|2aa|2h|2y|2o|2t|4d|2p|2ac|2c|4c|2n|2x|2ab|2s|2q|2l|4a|2j|2m|2e|2k|2r|2w|2g,7,11.580958878151046,2b|2d|2f|2i|2u|2v|4b
54.429329442920654,,,angew-sulfonyl-c-h-amination,stage2_alt,,17,angew-sulfonyl-c-h-amination,ridge_regression,84.0,84.0,,29.570670557079346,43.693249399214906,16.29272116998573,48.23513034812618,16.14252014708317,-54.429329442920654,"{""alpha"": 10.0}",angew-sulfonyl-c-h-amination,family_holdout,ee,6p,26,4e|2z|2aa|2h|2y|2o|2t|4d|2p|2ac|2c|4c|2n|2x|2ab|2s|2q|2l|4a|2j|2m|2e|2k|2r|2w|2g,7,11.580958878151046,2b|2d|2f|2i|2u|2v|4b
6.107003172361182,,,angew-sulfonyl-c-h-amination,stage2_alt,,17,angew-sulfonyl-c-h-amination,ridge_regression,24.0,24.0,,17.892996827638818,32.01557566977438,4.615047440545201,36.55745661868565,4.464846417642644,-6.107003172361182,"{""alpha"": 10.0}",angew-sulfonyl-c-h-amination,family_holdout,ee,6q,26,4e|2z|2aa|2h|2y|2o|2t|4d|2p|2ac|2c|4c|2n|2x|2ab|2s|2q|2l|4a|2j|2m|2e|2k|2r|2w|2g,7,11.580958878151046,2b|2d|2f|2i|2u|2v|4b
1.2826091986470232,,,angew-sulfonyl-c-h-amination,stage2_alt,,17,angew-sulfonyl-c-h-amination,elastic_net,81.0,81.0,,79.71739080135298,94.1469725053367,64.89746478235767,102.31092271820967,64.75037729285157,-1.2826091986470232,"{""alpha"": 1.0, ""l1_ratio"": 1.0}",angew-sulfonyl-c-h-amination,family_holdout,ee,6a,26,4e|2z|2aa|2h|2y|2o|2t|4d|2p|2ac|2c|4c|2n|2x|2ab|2s|2q|2l|4a|2j|2m|2e|2k|2r|2w|2g,7,11.57400069186966,2b|2d|2f|2i|2u|2v|4b
35.852529606131654,,,angew-sulfonyl-c-h-amination,stage2_alt,,17,angew-sulfonyl-c-h-amination,elastic_net,93.0,93.0,,57.147470393868346,71.57705209785208,42.32754437487304,79.74100231072504,42.18045688536694,-35.852529606131654,"{""alpha"": 1.0, ""l1_ratio"": 1.0}",angew-sulfonyl-c-h-amination,family_holdout,ee,6b,26,4e|2z|2aa|2h|2y|2o|2t|4d|2p|2ac|2c|4c|2n|2x|2ab|2s|2q|2l|4a|2j|2m|2e|2k|2r|2w|2g,7,11.57400069186966,2b|2d|2f|2i|2u|2v|4b
31.363051218741447,,,angew-sulfonyl-c-h-amination,stage2_alt,,17,angew-sulfonyl-c-h-amination,elastic_net,89.0,89.0,,57.63694878125855,72.06653048524228,42.81702276226325,80.23048069811524,42.669935272757144,-31.363051218741447,"{""alpha"": 1.0, ""l1_ratio"": 1.0}",angew-sulfonyl-c-h-amination,family_holdout,ee,6c,26,4e|2z|2aa|2h|2y|2o|2t|4d|2p|2ac|2c|4c|2n|2x|2ab|2s|2q|2l|4a|2j|2m|2e|2k|2r|2w|2g,7,11.57400069186966,2b|2d|2f|2i|2u|2v|4b
55.79407663446566,,,angew-sulfonyl-c-h-amination,stage2_alt,,17,angew-sulfonyl-c-h-amination,elastic_net,93.0,93.0,,37.20592336553434,51.635505069518075,22.38599734653904,59.79945528239104,22.238909857032933,-55.79407663446566,"{""alpha"": 1.0, ""l1_ratio"": 1.0}",angew-sulfonyl-c-h-amination,family_holdout,ee,6d,26,4e|2z|2aa|2h|2y|2o|2t|4d|2p|2ac|2c|4c|2n|2x|2ab|2s|2q|2l|4a|2j|2m|2e|2k|2r|2w|2g,7,11.57400069186966,2b|2d|2f|2i|2u|2v|4b
13.840470044848686,,,angew-sulfonyl-c-h-amination,stage2_alt,,17,angew-sulfonyl-c-h-amination,elastic_net,82.0,82.0,,68.15952995515131,82.58911165913504,53.33960393615601,90.753061872008,53.192516446649904,-13.840470044848686,"{""alpha"": 1.0, ""l1_ratio"": 1.0}",angew-sulfonyl-c-h-amination,family_holdout,ee,6e,26,4e|2z|2aa|2h|2y|2o|2t|4d|2p|2ac|2c|4c|2n|2x|2ab|2s|2q|2l|4a|2j|2m|2e|2k|2r|2w|2g,7,11.57400069186966,2b|2d|2f|2i|2u|2v|4b
9.5199184579333,,,angew-sulfonyl-c-h-amination,stage2_alt,,17,angew-sulfonyl-c-h-amination,elastic_net,89.0,89.0,,79.4800815420667,93.90966324605043,64.6601555230714,102.07361345892339,64.51306803356529,-9.5199184579333,"{""alpha"": 1.0, ""l1_ratio"": 1.0}",angew-sulfonyl-c-h-amination,family_holdout,ee,6f,26,4e|2z|2aa|2h|2y|2o|2t|4d|2p|2ac|2c|4c|2n|2x|2ab|2s|2q|2l|4a|2j|2m|2e|2k|2r|2w|2g,7,11.57400069186966,2b|2d|2f|2i|2u|2v|4b
27.430685333410764,,,angew-sulfonyl-c-h-amination,stage2_alt,,17,angew-sulfonyl-c-h-amination,elastic_net,88.0,88.0,,60.569314666589236,74.99889637057296,45.74938864759393,83.16284658344593,45.602301158087826,-27.430685333410764,"{""alpha"": 1.0, ""l1_ratio"": 1.0}",angew-sulfonyl-c-h-amination,family_holdout,ee,6g,26,4e|2z|2aa|2h|2y|2o|2t|4d|2p|2ac|2c|4c|2n|2x|2ab|2s|2q|2l|4a|2j|2m|2e|2k|2r|2w|2g,7,11.57400069186966,2b|2d|2f|2i|2u|2v|4b
17.61937306107518,,,angew-sulfonyl-c-h-amination,stage2_alt,,17,angew-sulfonyl-c-h-amination,elastic_net,84.0,84.0,,66.38062693892482,80.81020864290855,51.560700919929516,88.97415885578151,51.41361343042341,-17.61937306107518,"{""alpha"": 1.0, ""l1_ratio"": 1.0}",angew-sulfonyl-c-h-amination,family_holdout,ee,6h,26,4e|2z|2aa|2h|2y|2o|2t|4d|2p|2ac|2c|4c|2n|2x|2ab|2s|2q|2l|4a|2j|2m|2e|2k|2r|2w|2g,7,11.57400069186966,2b|2d|2f|2i|2u|2v|4b
16.841922194545432,,,angew-sulfonyl-c-h-amination,stage2_alt,,17,angew-sulfonyl-c-h-amination,elastic_net,88.0,88.0,,71.15807780545457,85.5876595094383,56.338151786459264,93.75160972231126,56.19106429695316,-16.841922194545432,"{""alpha"": 1.0, ""l1_ratio"": 1.0}",angew-sulfonyl-c-h-amination,family_holdout,ee,6i,26,4e|2z|2aa|2h|2y|2o|2t|4d|2p|2ac|2c|4c|2n|2x|2ab|2s|2q|2l|4a|2j|2m|2e|2k|2r|2w|2g,7,11.57400069186966,2b|2d|2f|2i|2u|2v|4b
13.812135035152963,,,angew-sulfonyl-c-h-amination,stage2_alt,,17,angew-sulfonyl-c-h-amination,elastic_net,87.0,87.0,,73.18786496484704,87.61744666883077,58.36793894585173,95.78139688170373,58.22085145634563,-13.812135035152963,"{""alpha"": 1.0, ""l1_ratio"": 1.0}",angew-sulfonyl-c-h-amination,family_holdout,ee,6j,26,4e|2z|2aa|2h|2y|2o|2t|4d|2p|2ac|2c|4c|2n|2x|2ab|2s|2q|2l|4a|2j|2m|2e|2k|2r|2w|2g,7,11.57400069186966,2b|2d|2f|2i|2u|2v|4b
14.991100335354261,,,angew-sulfonyl-c-h-amination,stage2_alt,,17,angew-sulfonyl-c-h-amination,elastic_net,93.0,93.0,,78.00889966464574,92.43848136862947,63.188973645650435,100.60243158150243,63.04188615614433,-14.991100335354261,"{""alpha"": 1.0, ""l1_ratio"": 1.0}",angew-sulfonyl-c-h-amination,family_holdout,ee,6k,26,4e|2z|2aa|2h|2y|2o|2t|4d|2p|2ac|2c|4c|2n|2x|2ab|2s|2q|2l|4a|2j|2m|2e|2k|2r|2w|2g,7,11.57400069186966,2b|2d|2f|2i|2u|2v|4b
12.426236793418667,,,angew-sulfonyl-c-h-amination,stage2_alt,,17,angew-sulfonyl-c-h-amination,elastic_net,58.0,58.0,,70.42623679341867,84.8558184974024,55.60631077442336,93.01976871027536,55.45922328491726,12.426236793418667,"{""alpha"": 1.0, ""l1_ratio"": 1.0}",angew-sulfonyl-c-h-amination,family_holdout,ee,6l,26,4e|2z|2aa|2h|2y|2o|2t|4d|2p|2ac|2c|4c|2n|2x|2ab|2s|2q|2l|4a|2j|2m|2e|2k|2r|2w|2g,7,11.57400069186966,2b|2d|2f|2i|2u|2v|4b
61.07941665265912,,,angew-sulfonyl-c-h-amination,stage2_alt,,17,angew-sulfonyl-c-h-amination,elastic_net,30.0,30.0,,91.07941665265912,105.50899835664285,76.25949063366382,113.67294856951581,76.11240314415771,61.07941665265912,"{""alpha"": 1.0, ""l1_ratio"": 1.0}",angew-sulfonyl-c-h-amination,family_holdout,ee,6m,26,4e|2z|2aa|2h|2y|2o|2t|4d|2p|2ac|2c|4c|2n|2x|2ab|2s|2q|2l|4a|2j|2m|2e|2k|2r|2w|2g,7,11.57400069186966,2b|2d|2f|2i|2u|2v|4b
42.71713155731225,,,angew-sulfonyl-c-h-amination,stage2_alt,,17,angew-sulfonyl-c-h-amination,elastic_net,79.0,79.0,,36.28286844268775,50.712450146671486,21.46294242369245,58.87640035954445,21.315854934186344,-42.71713155731225,"{""alpha"": 1.0, ""l1_ratio"": 1.0}",angew-sulfonyl-c-h-amination,family_holdout,ee,6n,26,4e|2z|2aa|2h|2y|2o|2t|4d|2p|2ac|2c|4c|2n|2x|2ab|2s|2q|2l|4a|2j|2m|2e|2k|2r|2w|2g,7,11.57400069186966,2b|2d|2f|2i|2u|2v|4b
51.31674325080397,,,angew-sulfonyl-c-h-amination,stage2_alt,,17,angew-sulfonyl-c-h-amination,elastic_net,90.0,90.0,,38.68325674919603,53.11283845317976,23.863330730200733,61.276788666052724,23.716243240694627,-51.31674325080397,"{""alpha"": 1.0, ""l1_ratio"": 1.0}",angew-sulfonyl-c-h-amination,family_holdout,ee,6o,26,4e|2z|2aa|2h|2y|2o|2t|4d|2p|2ac|2c|4c|2n|2x|2ab|2s|2q|2l|4a|2j|2m|2e|2k|2r|2w|2g,7,11.57400069186966,2b|2d|2f|2i|2u|2v|4b
43.273570066595454,,,angew-sulfonyl-c-h-amination,stage2_alt,,17,angew-sulfonyl-c-h-amination,elastic_net,84.0,84.0,,40.726429933404546,55.156011637388275,25.906503914409246,63.31996185026124,25.75941642490314,-43.273570066595454,"{""alpha"": 1.0, ""l1_ratio"": 1.0}",angew-sulfonyl-c-h-amination,family_holdout,ee,6p,26,4e|2z|2aa|2h|2y|2o|2t|4d|2p|2ac|2c|4c|2n|2x|2ab|2s|2q|2l|4a|2j|2m|2e|2k|2r|2w|2g,7,11.57400069186966,2b|2d|2f|2i|2u|2v|4b
14.08408631007952,,,angew-sulfonyl-c-h-amination,stage2_alt,,17,angew-sulfonyl-c-h-amination,elastic_net,24.0,24.0,,38.08408631007952,52.513668014063256,23.26416029108422,60.67761822693622,23.117072801578114,14.08408631007952,"{""alpha"": 1.0, ""l1_ratio"": 1.0}",angew-sulfonyl-c-h-amination,family_holdout,ee,6q,26,4e|2z|2aa|2h|2y|2o|2t|4d|2p|2ac|2c|4c|2n|2x|2ab|2s|2q|2l|4a|2j|2m|2e|2k|2r|2w|2g,7,11.57400069186966,2b|2d|2f|2i|2u|2v|4b
1.2897817440206865,,,angew-sulfonyl-c-h-amination,stage2_alt,,17,angew-sulfonyl-c-h-amination,lightgbm,81.0,81.0,,79.71021825597931,90.84096438048107,57.290709308765,102.15971555718377,48.85835197507082,-1.2897817440206865,"{""learning_rate"": 0.1, ""n_estimators"": 75, ""num_leaves"": 7}",angew-sulfonyl-c-h-amination,family_holdout,ee,6a,26,4e|2z|2aa|2h|2y|2o|2t|4d|2p|2ac|2c|4c|2n|2x|2ab|2s|2q|2l|4a|2j|2m|2e|2k|2r|2w|2g,7,13.785904763883208,2b|2d|2f|2i|2u|2v|4b
17.44956202025,,,angew-sulfonyl-c-h-amination,stage2_alt,,17,angew-sulfonyl-c-h-amination,lightgbm,93.0,93.0,,75.55043797975,86.68118410425176,53.13092903253569,97.99993528095446,44.698571698841505,-17.44956202025,"{""learning_rate"": 0.1, ""n_estimators"": 75, ""num_leaves"": 7}",angew-sulfonyl-c-h-amination,family_holdout,ee,6b,26,4e|2z|2aa|2h|2y|2o|2t|4d|2p|2ac|2c|4c|2n|2x|2ab|2s|2q|2l|4a|2j|2m|2e|2k|2r|2w|2g,7,13.785904763883208,2b|2d|2f|2i|2u|2v|4b
10.20059150085541,,,angew-sulfonyl-c-h-amination,stage2_alt,,17,angew-sulfonyl-c-h-amination,lightgbm,89.0,89.0,,78.79940849914459,89.93015462364635,56.37989955193028,101.24890580034905,47.947542218236094,-10.20059150085541,"{""learning_rate"": 0.1, ""n_estimators"": 75, ""num_leaves"": 7}",angew-sulfonyl-c-h-amination,family_holdout,ee,6c,26,4e|2z|2aa|2h|2y|2o|2t|4d|2p|2ac|2c|4c|2n|2x|2ab|2s|2q|2l|4a|2j|2m|2e|2k|2r|2w|2g,7,13.785904763883208,2b|2d|2f|2i|2u|2v|4b
23.872952776899098,,,angew-sulfonyl-c-h-amination,stage2_alt,,17,angew-sulfonyl-c-h-amination,lightgbm,93.0,93.0,,69.1270472231009,80.25779334760266,46.70753827588659,91.57654452430536,38.27518094219241,-23.872952776899098,"{""learning_rate"": 0.1, ""n_estimators"": 75, ""num_leaves"": 7}",angew-sulfonyl-c-h-amination,family_holdout,ee,6d,26,4e|2z|2aa|2h|2y|2o|2t|4d|2p|2ac|2c|4c|2n|2x|2ab|2s|2q|2l|4a|2j|2m|2e|2k|2r|2w|2g,7,13.785904763883208,2b|2d|2f|2i|2u|2v|4b
5.946101989345777,,,angew-sulfonyl-c-h-amination,stage2_alt,,17,angew-sulfonyl-c-h-amination,lightgbm,82.0,82.0,,76.05389801065422,87.18464413515598,53.63438906343991,98.50339531185868,45.20203172974573,-5.946101989345777,"{""learning_rate"": 0.1, ""n_estimators"": 75, ""num_leaves"": 7}",angew-sulfonyl-c-h-amination,family_holdout,ee,6e,26,4e|2z|2aa|2h|2y|2o|2t|4d|2p|2ac|2c|4c|2n|2x|2ab|2s|2q|2l|4a|2j|2m|2e|2k|2r|2w|2g,7,13.785904763883208,2b|2d|2f|2i|2u|2v|4b
9.01818798239836,,,angew-sulfonyl-c-h-amination,stage2_alt,,17,angew-sulfonyl-c-h-amination,lightgbm,89.0,89.0,,79.98181201760164,91.1125581421034,57.56230307038733,102.4313093188061,49.129945736693145,-9.01818798239836,"{""learning_rate"": 0.1, ""n_estimators"": 75, ""num_leaves"": 7}",angew-sulfonyl-c-h-amination,family_holdout,ee,6f,26,4e|2z|2aa|2h|2y|2o|2t|4d|2p|2ac|2c|4c|2n|2x|2ab|2s|2q|2l|4a|2j|2m|2e|2k|2r|2w|2g,7,13.785904763883208,2b|2d|2f|2i|2u|2v|4b
9.212049980534445,,,angew-sulfonyl-c-h-amination,stage2_alt,,17,angew-sulfonyl-c-h-amination,lightgbm,88.0,88.0,,78.78795001946555,89.91869614396731,56.368441072251244,101.23744732067001,47.93608373855706,-9.212049980534445,"{""learning_rate"": 0.1, ""n_estimators"": 75, ""num_leaves"": 7}",angew-sulfonyl-c-h-amination,family_holdout,ee,6g,26,4e|2z|2aa|2h|2y|2o|2t|4d|2p|2ac|2c|4c|2n|2x|2ab|2s|2q|2l|4a|2j|2m|2e|2k|2r|2w|2g,7,13.785904763883208,2b|2d|2f|2i|2u|2v|4b
23.830789027630168,,,angew-sulfonyl-c-h-amination,stage2_alt,,17,angew-sulfonyl-c-h-amination,lightgbm,84.0,84.0,,60.16921097236983,71.2999570968716,37.749702025155514,82.6187082735743,29.317344691461336,-23.830789027630168,"{""learning_rate"": 0.1, ""n_estimators"": 75, ""num_leaves"": 7}",angew-sulfonyl-c-h-amination,family_holdout,ee,6h,26,4e|2z|2aa|2h|2y|2o|2t|4d|2p|2ac|2c|4c|2n|2x|2ab|2s|2q|2l|4a|2j|2m|2e|2k|2r|2w|2g,7,13.785904763883208,2b|2d|2f|2i|2u|2v|4b
8.17619544892733,,,angew-sulfonyl-c-h-amination,stage2_alt,,17,angew-sulfonyl-c-h-amination,lightgbm,88.0,88.0,,79.82380455107267,90.95455067557442,57.40429560385836,102.27330185227713,48.97193827016417,-8.17619544892733,"{""learning_rate"": 0.1, ""n_estimators"": 75, ""num_leaves"": 7}",angew-sulfonyl-c-h-amination,family_holdout,ee,6i,26,4e|2z|2aa|2h|2y|2o|2t|4d|2p|2ac|2c|4c|2n|2x|2ab|2s|2q|2l|4a|2j|2m|2e|2k|2r|2w|2g,7,13.785904763883208,2b|2d|2f|2i|2u|2v|4b
10.788581014536234,,,angew-sulfonyl-c-h-amination,stage2_alt,,17,angew-sulfonyl-c-h-amination,lightgbm,87.0,87.0,,76.21141898546377,87.34216510996552,53.791910038249455,98.66091628666823,45.35955270455527,-10.788581014536234,"{""learning_rate"": 0.1, ""n_estimators"": 75, ""num_leaves"": 7}",angew-sulfonyl-c-h-amination,family_holdout,ee,6j,26,4e|2z|2aa|2h|2y|2o|2t|4d|2p|2ac|2c|4c|2n|2x|2ab|2s|2q|2l|4a|2j|2m|2e|2k|2r|2w|2g,7,13.785904763883208,2b|2d|2f|2i|2u|2v|4b
27.164283504772698,,,angew-sulfonyl-c-h-amination,stage2_alt,,17,angew-sulfonyl-c-h-amination,lightgbm,93.0,93.0,,65.8357164952273,76.96646261972906,43.41620754801299,88.28521379643176,34.98385021431881,-27.164283504772698,"{""learning_rate"": 0.1, ""n_estimators"": 75, ""num_leaves"": 7}",angew-sulfonyl-c-h-amination,family_holdout,ee,6k,26,4e|2z|2aa|2h|2y|2o|2t|4d|2p|2ac|2c|4c|2n|2x|2ab|2s|2q|2l|4a|2j|2m|2e|2k|2r|2w|2g,7,13.785904763883208,2b|2d|2f|2i|2u|2v|4b
10.071067546282848,,,angew-sulfonyl-c-h-amination,stage2_alt,,17,angew-sulfonyl-c-h-amination,lightgbm,58.0,58.0,,68.07106754628285,79.2018136707846,45.65155859906854,90.52056484748731,37.21920126537435,10.071067546282848,"{""learning_rate"": 0.1, ""n_estimators"": 75, ""num_leaves"": 7}",angew-sulfonyl-c-h-amination,family_holdout,ee,6l,26,4e|2z|2aa|2h|2y|2o|2t|4d|2p|2ac|2c|4c|2n|2x|2ab|2s|2q|2l|4a|2j|2m|2e|2k|2r|2w|2g,7,13.785904763883208,2b|2d|2f|2i|2u|2v|4b
24.170780974277683,,,angew-sulfonyl-c-h-amination,stage2_alt,,17,angew-sulfonyl-c-h-amination,lightgbm,30.0,30.0,,54.17078097427768,65.30152709877945,31.75127202706337,76.62027827548215,23.318914693369187,24.170780974277683,"{""learning_rate"": 0.1, ""n_estimators"": 75, ""num_leaves"": 7}",angew-sulfonyl-c-h-amination,family_holdout,ee,6m,26,4e|2z|2aa|2h|2y|2o|2t|4d|2p|2ac|2c|4c|2n|2x|2ab|2s|2q|2l|4a|2j|2m|2e|2k|2r|2w|2g,7,13.785904763883208,2b|2d|2f|2i|2u|2v|4b
23.056217826967732,,,angew-sulfonyl-c-h-amination,stage2_alt,,17,angew-sulfonyl-c-h-amination,lightgbm,79.0,79.0,,55.94378217303227,67.07452829753403,33.52427322581795,78.39327947423672,25.091915892123772,-23.056217826967732,"{""learning_rate"": 0.1, ""n_estimators"": 75, ""num_leaves"": 7}",angew-sulfonyl-c-h-amination,family_holdout,ee,6n,26,4e|2z|2aa|2h|2y|2o|2t|4d|2p|2ac|2c|4c|2n|2x|2ab|2s|2q|2l|4a|2j|2m|2e|2k|2r|2w|2g,7,13.785904763883208,2b|2d|2f|2i|2u|2v|4b
33.96822086585626,,,angew-sulfonyl-c-h-amination,stage2_alt,,17,angew-sulfonyl-c-h-amination,lightgbm,90.0,90.0,,56.03177913414374,67.1625252586455,33.61227018692942,78.4812764353482,25.179912853235244,-33.96822086585626,"{""learning_rate"": 0.1, ""n_estimators"": 75, ""num_leaves"": 7}",angew-sulfonyl-c-h-amination,family_holdout,ee,6o,26,4e|2z|2aa|2h|2y|2o|2t|4d|2p|2ac|2c|4c|2n|2x|2ab|2s|2q|2l|4a|2j|2m|2e|2k|2r|2w|2g,7,13.785904763883208,2b|2d|2f|2i|2u|2v|4b
30.85890705357346,,,angew-sulfonyl-c-h-amination,stage2_alt,,17,angew-sulfonyl-c-h-amination,lightgbm,84.0,84.0,,53.14109294642654,64.2718390709283,30.721583999212225,75.590590247631,22.289226665518044,-30.85890705357346,"{""learning_rate"": 0.1, ""n_estimators"": 75, ""num_leaves"": 7}",angew-sulfonyl-c-h-amination,family_holdout,ee,6p,26,4e|2z|2aa|2h|2y|2o|2t|4d|2p|2ac|2c|4c|2n|2x|2ab|2s|2q|2l|4a|2j|2m|2e|2k|2r|2w|2g,7,13.785904763883208,2b|2d|2f|2i|2u|2v|4b
29.503898670611925,,,angew-sulfonyl-c-h-amination,stage2_alt,,17,angew-sulfonyl-c-h-amination,lightgbm,24.0,24.0,,53.503898670611925,64.63464479511369,31.08438972339761,75.95339597181638,22.65203238970343,29.503898670611925,"{""learning_rate"": 0.1, ""n_estimators"": 75, ""num_leaves"": 7}",angew-sulfonyl-c-h-amination,family_holdout,ee,6q,26,4e|2z|2aa|2h|2y|2o|2t|4d|2p|2ac|2c|4c|2n|2x|2ab|2s|2q|2l|4a|2j|2m|2e|2k|2r|2w|2g,7,13.785904763883208,2b|2d|2f|2i|2u|2v|4b
15.42307692307692,105.96916067411703,25.184685479729133,angew-sulfonyl-c-h-amination,stage2_alt,20.60828448836426,17,angew-sulfonyl-c-h-amination,gaussian_process,81.0,81.0,,65.57692307692308,84.15384615384619,44.35384615384616,113.40384615384613,43.45384615384616,-15.42307692307692,"{""alpha"": 1e-05, ""kernel"": ""1**2 * RBF(length_scale=2) + WhiteKernel(noise_level=10)""}",angew-sulfonyl-c-h-amination,family_holdout,ee,6a,26,4e|2z|2aa|2h|2y|2o|2t|4d|2p|2ac|2c|4c|2n|2x|2ab|2s|2q|2l|4a|2j|2m|2e|2k|2r|2w|2g,7,23.302197802137105,2b|2d|2f|2i|2u|2v|4b
27.42307692307692,105.96916067411703,25.184685479729133,angew-sulfonyl-c-h-amination,stage2_alt,20.60828448836426,17,angew-sulfonyl-c-h-amination,gaussian_process,93.0,93.0,,65.57692307692308,84.15384615384619,44.35384615384616,113.40384615384613,43.45384615384616,-27.42307692307692,"{""alpha"": 1e-05, ""kernel"": ""1**2 * RBF(length_scale=2) + WhiteKernel(noise_level=10)""}",angew-sulfonyl-c-h-amination,family_holdout,ee,6b,26,4e|2z|2aa|2h|2y|2o|2t|4d|2p|2ac|2c|4c|2n|2x|2ab|2s|2q|2l|4a|2j|2m|2e|2k|2r|2w|2g,7,23.302197802137105,2b|2d|2f|2i|2u|2v|4b
23.42307692307692,105.96916067411703,25.184685479729133,angew-sulfonyl-c-h-amination,stage2_alt,20.60828448836426,17,angew-sulfonyl-c-h-amination,gaussian_process,89.0,89.0,,65.57692307692308,84.15384615384619,44.35384615384616,113.40384615384613,43.45384615384616,-23.42307692307692,"{""alpha"": 1e-05, ""kernel"": ""1**2 * RBF(length_scale=2) + WhiteKernel(noise_level=10)""}",angew-sulfonyl-c-h-amination,family_holdout,ee,6c,26,4e|2z|2aa|2h|2y|2o|2t|4d|2p|2ac|2c|4c|2n|2x|2ab|2s|2q|2l|4a|2j|2m|2e|2k|2r|2w|2g,7,23.302197802137105,2b|2d|2f|2i|2u|2v|4b
27.42307692307692,105.96916067411703,25.184685479729133,angew-sulfonyl-c-h-amination,stage2_alt,20.60828448836426,17,angew-sulfonyl-c-h-amination,gaussian_process,93.0,93.0,,65.57692307692308,84.15384615384619,44.35384615384616,113.40384615384613,43.45384615384616,-27.42307692307692,"{""alpha"": 1e-05, ""kernel"": ""1**2 * RBF(length_scale=2) + WhiteKernel(noise_level=10)""}",angew-sulfonyl-c-h-amination,family_holdout,ee,6d,26,4e|2z|2aa|2h|2y|2o|2t|4d|2p|2ac|2c|4c|2n|2x|2ab|2s|2q|2l|4a|2j|2m|2e|2k|2r|2w|2g,7,23.302197802137105,2b|2d|2f|2i|2u|2v|4b
16.42307692307692,105.96916067411703,25.184685479729133,angew-sulfonyl-c-h-amination,stage2_alt,20.60828448836426,17,angew-sulfonyl-c-h-amination,gaussian_process,82.0,82.0,,65.57692307692308,84.15384615384619,44.35384615384616,113.40384615384613,43.45384615384616,-16.42307692307692,"{""alpha"": 1e-05, ""kernel"": ""1**2 * RBF(length_scale=2) + WhiteKernel(noise_level=10)""}",angew-sulfonyl-c-h-amination,family_holdout,ee,6e,26,4e|2z|2aa|2h|2y|2o|2t|4d|2p|2ac|2c|4c|2n|2x|2ab|2s|2q|2l|4a|2j|2m|2e|2k|2r|2w|2g,7,23.302197802137105,2b|2d|2f|2i|2u|2v|4b
23.42307692307692,105.96916067411703,25.184685479729133,angew-sulfonyl-c-h-amination,stage2_alt,20.60828448836426,17,angew-sulfonyl-c-h-amination,gaussian_process,89.0,89.0,,65.57692307692308,84.15384615384619,44.35384615384616,113.40384615384613,43.45384615384616,-23.42307692307692,"{""alpha"": 1e-05, ""kernel"": ""1**2 * RBF(length_scale=2) + WhiteKernel(noise_level=10)""}",angew-sulfonyl-c-h-amination,family_holdout,ee,6f,26,4e|2z|2aa|2h|2y|2o|2t|4d|2p|2ac|2c|4c|2n|2x|2ab|2s|2q|2l|4a|2j|2m|2e|2k|2r|2w|2g,7,23.302197802137105,2b|2d|2f|2i|2u|2v|4b
22.42307692307692,105.96916067411703,25.184685479729133,angew-sulfonyl-c-h-amination,stage2_alt,20.60828448836426,17,angew-sulfonyl-c-h-amination,gaussian_process,88.0,88.0,,65.57692307692308,84.15384615384619,44.35384615384616,113.40384615384613,43.45384615384616,-22.42307692307692,"{""alpha"": 1e-05, ""kernel"": ""1**2 * RBF(length_scale=2) + WhiteKernel(noise_level=10)""}",angew-sulfonyl-c-h-amination,family_holdout,ee,6g,26,4e|2z|2aa|2h|2y|2o|2t|4d|2p|2ac|2c|4c|2n|2x|2ab|2s|2q|2l|4a|2j|2m|2e|2k|2r|2w|2g,7,23.302197802137105,2b|2d|2f|2i|2u|2v|4b
18.42307692307692,105.96916067411703,25.184685479729133,angew-sulfonyl-c-h-amination,stage2_alt,20.60828448836426,17,angew-sulfonyl-c-h-amination,gaussian_process,84.0,84.0,,65.57692307692308,84.15384615384619,44.35384615384616,113.40384615384613,43.45384615384616,-18.42307692307692,"{""alpha"": 1e-05, ""kernel"": ""1**2 * RBF(length_scale=2) + WhiteKernel(noise_level=10)""}",angew-sulfonyl-c-h-amination,family_holdout,ee,6h,26,4e|2z|2aa|2h|2y|2o|2t|4d|2p|2ac|2c|4c|2n|2x|2ab|2s|2q|2l|4a|2j|2m|2e|2k|2r|2w|2g,7,23.302197802137105,2b|2d|2f|2i|2u|2v|4b
22.42307692307692,105.96916067411703,25.184685479729133,angew-sulfonyl-c-h-amination,stage2_alt,20.60828448836426,17,angew-sulfonyl-c-h-amination,gaussian_process,88.0,88.0,,65.57692307692308,84.15384615384619,44.35384615384616,113.40384615384613,43.45384615384616,-22.42307692307692,"{""alpha"": 1e-05, ""kernel"": ""1**2 * RBF(length_scale=2) + WhiteKernel(noise_level=10)""}",angew-sulfonyl-c-h-amination,family_holdout,ee,6i,26,4e|2z|2aa|2h|2y|2o|2t|4d|2p|2ac|2c|4c|2n|2x|2ab|2s|2q|2l|4a|2j|2m|2e|2k|2r|2w|2g,7,23.302197802137105,2b|2d|2f|2i|2u|2v|4b
21.42307692307692,105.96916067411703,25.184685479729133,angew-sulfonyl-c-h-amination,stage2_alt,20.60828448836426,17,angew-sulfonyl-c-h-amination,gaussian_process,87.0,87.0,,65.57692307692308,84.15384615384619,44.35384615384616,113.40384615384613,43.45384615384616,-21.42307692307692,"{""alpha"": 1e-05, ""kernel"": ""1**2 * RBF(length_scale=2) + WhiteKernel(noise_level=10)""}",angew-sulfonyl-c-h-amination,family_holdout,ee,6j,26,4e|2z|2aa|2h|2y|2o|2t|4d|2p|2ac|2c|4c|2n|2x|2ab|2s|2q|2l|4a|2j|2m|2e|2k|2r|2w|2g,7,23.302197802137105,2b|2d|2f|2i|2u|2v|4b
27.42307692307692,105.96916067411703,25.184685479729133,angew-sulfonyl-c-h-amination,stage2_alt,20.60828448836426,17,angew-sulfonyl-c-h-amination,gaussian_process,93.0,93.0,,65.57692307692308,84.15384615384619,44.35384615384616,113.40384615384613,43.45384615384616,-27.42307692307692,"{""alpha"": 1e-05, ""kernel"": ""1**2 * RBF(length_scale=2) + WhiteKernel(noise_level=10)""}",angew-sulfonyl-c-h-amination,family_holdout,ee,6k,26,4e|2z|2aa|2h|2y|2o|2t|4d|2p|2ac|2c|4c|2n|2x|2ab|2s|2q|2l|4a|2j|2m|2e|2k|2r|2w|2g,7,23.302197802137105,2b|2d|2f|2i|2u|2v|4b
7.57692307692308,105.96916067411703,25.184685479729133,angew-sulfonyl-c-h-amination,stage2_alt,20.60828448836426,17,angew-sulfonyl-c-h-amination,gaussian_process,58.0,58.0,,65.57692307692308,84.15384615384619,44.35384615384616,113.40384615384613,43.45384615384616,7.57692307692308,"{""alpha"": 1e-05, ""kernel"": ""1**2 * RBF(length_scale=2) + WhiteKernel(noise_level=10)""}",angew-sulfonyl-c-h-amination,family_holdout,ee,6l,26,4e|2z|2aa|2h|2y|2o|2t|4d|2p|2ac|2c|4c|2n|2x|2ab|2s|2q|2l|4a|2j|2m|2e|2k|2r|2w|2g,7,23.302197802137105,2b|2d|2f|2i|2u|2v|4b
35.57692307692308,105.96916067411703,25.184685479729133,angew-sulfonyl-c-h-amination,stage2_alt,20.60828448836426,17,angew-sulfonyl-c-h-amination,gaussian_process,30.0,30.0,,65.57692307692308,84.15384615384619,44.35384615384616,113.40384615384613,43.45384615384616,35.57692307692308,"{""alpha"": 1e-05, ""kernel"": ""1**2 * RBF(length_scale=2) + WhiteKernel(noise_level=10)""}",angew-sulfonyl-c-h-amination,family_holdout,ee,6m,26,4e|2z|2aa|2h|2y|2o|2t|4d|2p|2ac|2c|4c|2n|2x|2ab|2s|2q|2l|4a|2j|2m|2e|2k|2r|2w|2g,7,23.302197802137105,2b|2d|2f|2i|2u|2v|4b
13.42307692307692,105.96916067411703,25.184685479729133,angew-sulfonyl-c-h-amination,stage2_alt,20.60828448836426,17,angew-sulfonyl-c-h-amination,gaussian_process,79.0,79.0,,65.57692307692308,84.15384615384619,44.35384615384616,113.40384615384613,43.45384615384616,-13.42307692307692,"{""alpha"": 1e-05, ""kernel"": ""1**2 * RBF(length_scale=2) + WhiteKernel(noise_level=10)""}",angew-sulfonyl-c-h-amination,family_holdout,ee,6n,26,4e|2z|2aa|2h|2y|2o|2t|4d|2p|2ac|2c|4c|2n|2x|2ab|2s|2q|2l|4a|2j|2m|2e|2k|2r|2w|2g,7,23.302197802137105,2b|2d|2f|2i|2u|2v|4b
24.42307692307692,105.96916067411703,25.184685479729133,angew-sulfonyl-c-h-amination,stage2_alt,20.60828448836426,17,angew-sulfonyl-c-h-amination,gaussian_process,90.0,90.0,,65.57692307692308,84.15384615384619,44.35384615384616,113.40384615384613,43.45384615384616,-24.42307692307692,"{""alpha"": 1e-05, ""kernel"": ""1**2 * RBF(length_scale=2) + WhiteKernel(noise_level=10)""}",angew-sulfonyl-c-h-amination,family_holdout,ee,6o,26,4e|2z|2aa|2h|2y|2o|2t|4d|2p|2ac|2c|4c|2n|2x|2ab|2s|2q|2l|4a|2j|2m|2e|2k|2r|2w|2g,7,23.302197802137105,2b|2d|2f|2i|2u|2v|4b
18.42307692307692,105.96916067411703,25.184685479729133,angew-sulfonyl-c-h-amination,stage2_alt,20.60828448836426,17,angew-sulfonyl-c-h-amination,gaussian_process,84.0,84.0,,65.57692307692308,84.15384615384619,44.35384615384616,113.40384615384613,43.45384615384616,-18.42307692307692,"{""alpha"": 1e-05, ""kernel"": ""1**2 * RBF(length_scale=2) + WhiteKernel(noise_level=10)""}",angew-sulfonyl-c-h-amination,family_holdout,ee,6p,26,4e|2z|2aa|2h|2y|2o|2t|4d|2p|2ac|2c|4c|2n|2x|2ab|2s|2q|2l|4a|2j|2m|2e|2k|2r|2w|2g,7,23.302197802137105,2b|2d|2f|2i|2u|2v|4b
41.57692307692308,105.96916067411703,25.184685479729133,angew-sulfonyl-c-h-amination,stage2_alt,20.60828448836426,17,angew-sulfonyl-c-h-amination,gaussian_process,24.0,24.0,,65.57692307692308,84.15384615384619,44.35384615384616,113.40384615384613,43.45384615384616,41.57692307692308,"{""alpha"": 1e-05, ""kernel"": ""1**2 * RBF(length_scale=2) + WhiteKernel(noise_level=10)""}",angew-sulfonyl-c-h-amination,family_holdout,ee,6q,26,4e|2z|2aa|2h|2y|2o|2t|4d|2p|2ac|2c|4c|2n|2x|2ab|2s|2q|2l|4a|2j|2m|2e|2k|2r|2w|2g,7,23.302197802137105,2b|2d|2f|2i|2u|2v|4b
39.565202732535326,,,angew-aryl-c-h-amination,stage2p,,33,angew-aryl-c-h-amination,ridge_regression,45.0,45.0,,84.56520273253533,84.80294290631335,72.07531834256828,85.43455279187151,70.32049862242425,39.565202732535326,"{""alpha"": 10.0}",angew-aryl-c-h-amination,family_holdout,ee,2aa,14,6k|6o|6c|6g|6m|6l|6j|6h|6e|6i|6d|6b|6a|6q,3,6.346792195737838,6f|6n|6p
17.595763585645877,,,angew-aryl-c-h-amination,stage2p,,33,angew-aryl-c-h-amination,ridge_regression,39.0,39.0,,56.59576358564588,56.8335037594239,44.10587919567884,57.46511364498207,42.351059475534804,17.595763585645877,"{""alpha"": 10.0}",angew-aryl-c-h-amination,family_holdout,ee,2ab,14,6k|6o|6c|6g|6m|6l|6j|6h|6e|6i|6d|6b|6a|6q,3,6.346792195737838,6f|6n|6p
7.786595811758929,,,angew-aryl-c-h-amination,stage2p,,33,angew-aryl-c-h-amination,ridge_regression,50.0,50.0,,57.78659581175893,58.02433598553695,45.29671142179189,58.65594587109512,43.541891701647856,7.786595811758929,"{""alpha"": 10.0}",angew-aryl-c-h-amination,family_holdout,ee,2ac,14,6k|6o|6c|6g|6m|6l|6j|6h|6e|6i|6d|6b|6a|6q,3,6.346792195737838,6f|6n|6p
12.0,,,angew-aryl-c-h-amination,stage2p,,33,angew-aryl-c-h-amination,ridge_regression,88.0,88.0,,100.0,100.23774017377802,87.51011561003295,100.86935005933618,85.75529588988893,12.0,"{""alpha"": 10.0}",angew-aryl-c-h-amination,family_holdout,ee,2b,14,6k|6o|6c|6g|6m|6l|6j|6h|6e|6i|6d|6b|6a|6q,3,6.346792195737838,6f|6n|6p
14.216902490632492,,,angew-aryl-c-h-amination,stage2p,,33,angew-aryl-c-h-amination,ridge_regression,79.0,79.0,,64.78309750936751,65.02083768314553,52.29321311940047,65.65244756870369,50.538393399256435,-14.216902490632492,"{""alpha"": 10.0}",angew-aryl-c-h-amination,family_holdout,ee,2c,14,6k|6o|6c|6g|6m|6l|6j|6h|6e|6i|6d|6b|6a|6q,3,6.346792195737838,6f|6n|6p
14.0,,,angew-aryl-c-h-amination,stage2p,,33,angew-aryl-c-h-amination,ridge_regression,86.0,86.0,,100.0,100.23774017377802,87.51011561003295,100.86935005933618,85.75529588988893,14.0,"{""alpha"": 10.0}",angew-aryl-c-h-amination,family_holdout,ee,2d,14,6k|6o|6c|6g|6m|6l|6j|6h|6e|6i|6d|6b|6a|6q,3,6.346792195737838,6f|6n|6p
18.0,,,angew-aryl-c-h-amination,stage2p,,33,angew-aryl-c-h-amination,ridge_regression,82.0,82.0,,100.0,100.23774017377802,87.51011561003295,100.86935005933618,85.75529588988893,18.0,"{""alpha"": 10.0}",angew-aryl-c-h-amination,family_holdout,ee,2e,14,6k|6o|6c|6g|6m|6l|6j|6h|6e|6i|6d|6b|6a|6q,3,6.346792195737838,6f|6n|6p
18.05539495672322,,,angew-aryl-c-h-amination,stage2p,,33,angew-aryl-c-h-amination,ridge_regression,84.0,84.0,,65.94460504327678,66.1823452170548,53.45472065330974,66.81395510261297,51.69990093316571,-18.05539495672322,"{""alpha"": 10.0}",angew-aryl-c-h-amination,family_holdout,ee,2f,14,6k|6o|6c|6g|6m|6l|6j|6h|6e|6i|6d|6b|6a|6q,3,6.346792195737838,6f|6n|6p
1.3056938158318019,,,angew-aryl-c-h-amination,stage2p,,33,angew-aryl-c-h-amination,ridge_regression,86.0,86.0,,84.6943061841682,84.93204635794622,72.20442179420115,85.56365624350438,70.44960207405713,-1.3056938158318019,"{""alpha"": 10.0}",angew-aryl-c-h-amination,family_holdout,ee,2g,14,6k|6o|6c|6g|6m|6l|6j|6h|6e|6i|6d|6b|6a|6q,3,6.346792195737838,6f|6n|6p
11.210025150825444,,,angew-aryl-c-h-amination,stage2p,,33,angew-aryl-c-h-amination,ridge_regression,90.0,90.0,,78.78997484917456,79.02771502295258,66.30009045920751,79.65932490851074,64.54527073906348,-11.210025150825444,"{""alpha"": 10.0}",angew-aryl-c-h-amination,family_holdout,ee,2h,14,6k|6o|6c|6g|6m|6l|6j|6h|6e|6i|6d|6b|6a|6q,3,6.346792195737838,6f|6n|6p
27.0,,,angew-aryl-c-h-amination,stage2p,,33,angew-aryl-c-h-amination,ridge_regression,73.0,73.0,,100.0,100.23774017377802,87.51011561003295,100.86935005933618,85.75529588988893,27.0,"{""alpha"": 10.0}",angew-aryl-c-h-amination,family_holdout,ee,2i,14,6k|6o|6c|6g|6m|6l|6j|6h|6e|6i|6d|6b|6a|6q,3,6.346792195737838,6f|6n|6p
79.0,,,angew-aryl-c-h-amination,stage2p,,33,angew-aryl-c-h-amination,ridge_regression,79.0,79.0,,0.0,0.2377401737780248,-12.48988438996704,0.8693500593361888,-14.244704110111075,-79.0,"{""alpha"": 10.0}",angew-aryl-c-h-amination,family_holdout,ee,2j,14,6k|6o|6c|6g|6m|6l|6j|6h|6e|6i|6d|6b|6a|6q,3,6.346792195737838,6f|6n|6p
13.349351913172299,,,angew-aryl-c-h-amination,stage2p,,33,angew-aryl-c-h-amination,ridge_regression,90.0,90.0,,76.6506480868277,76.88838826060572,64.16076369686066,77.51999814616389,62.40594397671663,-13.349351913172299,"{""alpha"": 10.0}",angew-aryl-c-h-amination,family_holdout,ee,2k,14,6k|6o|6c|6g|6m|6l|6j|6h|6e|6i|6d|6b|6a|6q,3,6.346792195737838,6f|6n|6p
78.0,,,angew-aryl-c-h-amination,stage2p,,33,angew-aryl-c-h-amination,ridge_regression,78.0,78.0,,0.0,0.2377401737780248,-12.48988438996704,0.8693500593361888,-14.244704110111075,-78.0,"{""alpha"": 10.0}",angew-aryl-c-h-amination,family_holdout,ee,2l,14,6k|6o|6c|6g|6m|6l|6j|6h|6e|6i|6d|6b|6a|6q,3,6.346792195737838,6f|6n|6p
7.64760094387799,,,angew-aryl-c-h-amination,stage2p,,33,angew-aryl-c-h-amination,ridge_regression,87.0,87.0,,79.35239905612201,79.59013922990003,66.86251466615496,80.2217491154582,65.10769494601094,-7.64760094387799,"{""alpha"": 10.0}",angew-aryl-c-h-amination,family_holdout,ee,2m,14,6k|6o|6c|6g|6m|6l|6j|6h|6e|6i|6d|6b|6a|6q,3,6.346792195737838,6f|6n|6p
2.1102991249077903,,,angew-aryl-c-h-amination,stage2p,,33,angew-aryl-c-h-amination,ridge_regression,60.0,60.0,,62.11029912490779,62.34803929868581,49.62041473494075,62.97964918424398,47.86559501479672,2.1102991249077903,"{""alpha"": 10.0}",angew-aryl-c-h-amination,family_holdout,ee,2n,14,6k|6o|6c|6g|6m|6l|6j|6h|6e|6i|6d|6b|6a|6q,3,6.346792195737838,6f|6n|6p
7.793784737566234,,,angew-aryl-c-h-amination,stage2p,,33,angew-aryl-c-h-amination,ridge_regression,56.0,56.0,,48.206215262433766,48.44395543621179,35.71633087246673,49.07556532176996,33.96151115232269,-7.793784737566234,"{""alpha"": 10.0}",angew-aryl-c-h-amination,family_holdout,ee,2o,14,6k|6o|6c|6g|6m|6l|6j|6h|6e|6i|6d|6b|6a|6q,3,6.346792195737838,6f|6n|6p
12.657473955379217,,,angew-aryl-c-h-amination,stage2p,,33,angew-aryl-c-h-amination,ridge_regression,71.0,71.0,,58.34252604462078,58.580266218398805,45.852641654653745,59.211876103956975,44.09782193450971,-12.657473955379217,"{""alpha"": 10.0}",angew-aryl-c-h-amination,family_holdout,ee,2p,14,6k|6o|6c|6g|6m|6l|6j|6h|6e|6i|6d|6b|6a|6q,3,6.346792195737838,6f|6n|6p
3.3127312672417517,,,angew-aryl-c-h-amination,stage2p,,33,angew-aryl-c-h-amination,ridge_regression,51.0,51.0,,47.68726873275825,47.92500890653627,35.19738434279121,48.55661879209444,33.442564622647176,-3.3127312672417517,"{""alpha"": 10.0}",angew-aryl-c-h-amination,family_holdout,ee,2q,14,6k|6o|6c|6g|6m|6l|6j|6h|6e|6i|6d|6b|6a|6q,3,6.346792195737838,6f|6n|6p
20.0,,,angew-aryl-c-h-amination,stage2p,,33,angew-aryl-c-h-amination,ridge_regression,80.0,80.0,,100.0,100.23774017377802,87.51011561003295,100.86935005933618,85.75529588988893,20.0,"{""alpha"": 10.0}",angew-aryl-c-h-amination,family_holdout,ee,2r,14,6k|6o|6c|6g|6m|6l|6j|6h|6e|6i|6d|6b|6a|6q,3,6.346792195737838,6f|6n|6p
28.0,,,angew-aryl-c-h-amination,stage2p,,33,angew-aryl-c-h-amination,ridge_regression,72.0,72.0,,100.0,100.23774017377802,87.51011561003295,100.86935005933618,85.75529588988893,28.0,"{""alpha"": 10.0}",angew-aryl-c-h-amination,family_holdout,ee,2s,14,6k|6o|6c|6g|6m|6l|6j|6h|6e|6i|6d|6b|6a|6q,3,6.346792195737838,6f|6n|6p
17.216022776837292,,,angew-aryl-c-h-amination,stage2p,,33,angew-aryl-c-h-amination,ridge_regression,74.0,74.0,,91.21602277683729,91.45376295061531,78.72613838687025,92.08537283617348,76.97131866672622,17.216022776837292,"{""alpha"": 10.0}",angew-aryl-c-h-amination,family_holdout,ee,2t,14,6k|6o|6c|6g|6m|6l|6j|6h|6e|6i|6d|6b|6a|6q,3,6.346792195737838,6f|6n|6p
16.0,,,angew-aryl-c-h-amination,stage2p,,33,angew-aryl-c-h-amination,ridge_regression,84.0,84.0,,100.0,100.23774017377802,87.51011561003295,100.86935005933618,85.75529588988893,16.0,"{""alpha"": 10.0}",angew-aryl-c-h-amination,family_holdout,ee,2u,14,6k|6o|6c|6g|6m|6l|6j|6h|6e|6i|6d|6b|6a|6q,3,6.346792195737838,6f|6n|6p
16.0,,,angew-aryl-c-h-amination,stage2p,,33,angew-aryl-c-h-amination,ridge_regression,84.0,84.0,,100.0,100.23774017377802,87.51011561003295,100.86935005933618,85.75529588988893,16.0,"{""alpha"": 10.0}",angew-aryl-c-h-amination,family_holdout,ee,2v,14,6k|6o|6c|6g|6m|6l|6j|6h|6e|6i|6d|6b|6a|6q,3,6.346792195737838,6f|6n|6p
19.0,,,angew-aryl-c-h-amination,stage2p,,33,angew-aryl-c-h-amination,ridge_regression,81.0,81.0,,100.0,100.23774017377802,87.51011561003295,100.86935005933618,85.75529588988893,19.0,"{""alpha"": 10.0}",angew-aryl-c-h-amination,family_holdout,ee,2w,14,6k|6o|6c|6g|6m|6l|6j|6h|6e|6i|6d|6b|6a|6q,3,6.346792195737838,6f|6n|6p
79.0,,,angew-aryl-c-h-amination,stage2p,,33,angew-aryl-c-h-amination,ridge_regression,79.0,79.0,,0.0,0.2377401737780248,-12.48988438996704,0.8693500593361888,-14.244704110111075,-79.0,"{""alpha"": 10.0}",angew-aryl-c-h-amination,family_holdout,ee,2x,14,6k|6o|6c|6g|6m|6l|6j|6h|6e|6i|6d|6b|6a|6q,3,6.346792195737838,6f|6n|6p
29.0,,,angew-aryl-c-h-amination,stage2p,,33,angew-aryl-c-h-amination,ridge_regression,71.0,71.0,,100.0,100.23774017377802,87.51011561003295,100.86935005933618,85.75529588988893,29.0,"{""alpha"": 10.0}",angew-aryl-c-h-amination,family_holdout,ee,2y,14,6k|6o|6c|6g|6m|6l|6j|6h|6e|6i|6d|6b|6a|6q,3,6.346792195737838,6f|6n|6p
26.930380526674682,,,angew-aryl-c-h-amination,stage2p,,33,angew-aryl-c-h-amination,ridge_regression,70.0,70.0,,96.93038052667468,97.1681207004527,84.44049613670764,97.79973058601087,82.68567641656361,26.930380526674682,"{""alpha"": 10.0}",angew-aryl-c-h-amination,family_holdout,ee,2z,14,6k|6o|6c|6g|6m|6l|6j|6h|6e|6i|6d|6b|6a|6q,3,6.346792195737838,6f|6n|6p
60.185543642348065,,,angew-aryl-c-h-amination,stage2p,,33,angew-aryl-c-h-amination,ridge_regression,7.0,7.0,,67.18554364234807,67.42328381612609,54.69565925238103,68.05489370168425,52.94083953223699,60.185543642348065,"{""alpha"": 10.0}",angew-aryl-c-h-amination,family_holdout,ee,4a,14,6k|6o|6c|6g|6m|6l|6j|6h|6e|6i|6d|6b|6a|6q,3,6.346792195737838,6f|6n|6p
54.669511651204566,,,angew-aryl-c-h-amination,stage2p,,33,angew-aryl-c-h-amination,ridge_regression,8.0,8.0,,62.669511651204566,62.90725182498259,50.17962726123753,63.53886171054076,48.42480754109349,54.669511651204566,"{""alpha"": 10.0}",angew-aryl-c-h-amination,family_holdout,ee,4b,14,6k|6o|6c|6g|6m|6l|6j|6h|6e|6i|6d|6b|6a|6q,3,6.346792195737838,6f|6n|6p
50.0,,,angew-aryl-c-h-amination,stage2p,,33,angew-aryl-c-h-amination,ridge_regression,50.0,50.0,,100.0,100.23774017377802,87.51011561003295,100.86935005933618,85.75529588988893,50.0,"{""alpha"": 10.0}",angew-aryl-c-h-amination,family_holdout,ee,4c,14,6k|6o|6c|6g|6m|6l|6j|6h|6e|6i|6d|6b|6a|6q,3,6.346792195737838,6f|6n|6p
44.560623845575975,,,angew-aryl-c-h-amination,stage2p,,33,angew-aryl-c-h-amination,ridge_regression,22.0,22.0,,66.56062384557598,66.798364019354,54.07073945560894,67.42997390491216,52.3159197354649,44.560623845575975,"{""alpha"": 10.0}",angew-aryl-c-h-amination,family_holdout,ee,4d,14,6k|6o|6c|6g|6m|6l|6j|6h|6e|6i|6d|6b|6a|6q,3,6.346792195737838,6f|6n|6p
5.347022739540421,,,angew-aryl-c-h-amination,stage2p,,33,angew-aryl-c-h-amination,ridge_regression,56.0,56.0,,50.65297726045958,50.8907174342376,38.16309287049254,51.52232731979577,36.408273150348506,-5.347022739540421,"{""alpha"": 10.0}",angew-aryl-c-h-amination,family_holdout,ee,4e,14,6k|6o|6c|6g|6m|6l|6j|6h|6e|6i|6d|6b|6a|6q,3,6.346792195737838,6f|6n|6p
32.14285714285714,,,angew-aryl-c-h-amination,stage2p,,33,angew-aryl-c-h-amination,elastic_net,45.0,45.0,,77.14285714285714,74.28571428571428,66.28571428571428,75.03571428571428,65.53571428571428,32.14285714285714,"{""alpha"": 100.0, ""l1_ratio"": 0.2}",angew-aryl-c-h-amination,family_holdout,ee,2aa,14,6k|6o|6c|6g|6m|6l|6j|6h|6e|6i|6d|6b|6a|6q,3,6.857142857142861,6f|6n|6p
38.14285714285714,,,angew-aryl-c-h-amination,stage2p,,33,angew-aryl-c-h-amination,elastic_net,39.0,39.0,,77.14285714285714,74.28571428571428,66.28571428571428,75.03571428571428,65.53571428571428,38.14285714285714,"{""alpha"": 100.0, ""l1_ratio"": 0.2}",angew-aryl-c-h-amination,family_holdout,ee,2ab,14,6k|6o|6c|6g|6m|6l|6j|6h|6e|6i|6d|6b|6a|6q,3,6.857142857142861,6f|6n|6p
27.14285714285714,,,angew-aryl-c-h-amination,stage2p,,33,angew-aryl-c-h-amination,elastic_net,50.0,50.0,,77.14285714285714,74.28571428571428,66.28571428571428,75.03571428571428,65.53571428571428,27.14285714285714,"{""alpha"": 100.0, ""l1_ratio"": 0.2}",angew-aryl-c-h-amination,family_holdout,ee,2ac,14,6k|6o|6c|6g|6m|6l|6j|6h|6e|6i|6d|6b|6a|6q,3,6.857142857142861,6f|6n|6p
10.857142857142861,,,angew-aryl-c-h-amination,stage2p,,33,angew-aryl-c-h-amination,elastic_net,88.0,88.0,,77.14285714285714,74.28571428571428,66.28571428571428,75.03571428571428,65.53571428571428,-10.857142857142861,"{""alpha"": 100.0, ""l1_ratio"": 0.2}",angew-aryl-c-h-amination,family_holdout,ee,2b,14,6k|6o|6c|6g|6m|6l|6j|6h|6e|6i|6d|6b|6a|6q,3,6.857142857142861,6f|6n|6p
1.8571428571428612,,,angew-aryl-c-h-amination,stage2p,,33,angew-aryl-c-h-amination,elastic_net,79.0,79.0,,77.14285714285714,74.28571428571428,66.28571428571428,75.03571428571428,65.53571428571428,-1.8571428571428612,"{""alpha"": 100.0, ""l1_ratio"": 0.2}",angew-aryl-c-h-amination,family_holdout,ee,2c,14,6k|6o|6c|6g|6m|6l|6j|6h|6e|6i|6d|6b|6a|6q,3,6.857142857142861,6f|6n|6p
8.857142857142861,,,angew-aryl-c-h-amination,stage2p,,33,angew-aryl-c-h-amination,elastic_net,86.0,86.0,,77.14285714285714,74.28571428571428,66.28571428571428,75.03571428571428,65.53571428571428,-8.857142857142861,"{""alpha"": 100.0, ""l1_ratio"": 0.2}",angew-aryl-c-h-amination,family_holdout,ee,2d,14,6k|6o|6c|6g|6m|6l|6j|6h|6e|6i|6d|6b|6a|6q,3,6.857142857142861,6f|6n|6p
4.857142857142861,,,angew-aryl-c-h-amination,stage2p,,33,angew-aryl-c-h-amination,elastic_net,82.0,82.0,,77.14285714285714,74.28571428571428,66.28571428571428,75.03571428571428,65.53571428571428,-4.857142857142861,"{""alpha"": 100.0, ""l1_ratio"": 0.2}",angew-aryl-c-h-amination,family_holdout,ee,2e,14,6k|6o|6c|6g|6m|6l|6j|6h|6e|6i|6d|6b|6a|6q,3,6.857142857142861,6f|6n|6p
6.857142857142861,,,angew-aryl-c-h-amination,stage2p,,33,angew-aryl-c-h-amination,elastic_net,84.0,84.0,,77.14285714285714,74.28571428571428,66.28571428571428,75.03571428571428,65.53571428571428,-6.857142857142861,"{""alpha"": 100.0, ""l1_ratio"": 0.2}",angew-aryl-c-h-amination,family_holdout,ee,2f,14,6k|6o|6c|6g|6m|6l|6j|6h|6e|6i|6d|6b|6a|6q,3,6.857142857142861,6f|6n|6p
8.857142857142861,,,angew-aryl-c-h-amination,stage2p,,33,angew-aryl-c-h-amination,elastic_net,86.0,86.0,,77.14285714285714,74.28571428571428,66.28571428571428,75.03571428571428,65.53571428571428,-8.857142857142861,"{""alpha"": 100.0, ""l1_ratio"": 0.2}",angew-aryl-c-h-amination,family_holdout,ee,2g,14,6k|6o|6c|6g|6m|6l|6j|6h|6e|6i|6d|6b|6a|6q,3,6.857142857142861,6f|6n|6p
12.857142857142861,,,angew-aryl-c-h-amination,stage2p,,33,angew-aryl-c-h-amination,elastic_net,90.0,90.0,,77.14285714285714,74.28571428571428,66.28571428571428,75.03571428571428,65.53571428571428,-12.857142857142861,"{""alpha"": 100.0, ""l1_ratio"": 0.2}",angew-aryl-c-h-amination,family_holdout,ee,2h,14,6k|6o|6c|6g|6m|6l|6j|6h|6e|6i|6d|6b|6a|6q,3,6.857142857142861,6f|6n|6p
4.142857142857139,,,angew-aryl-c-h-amination,stage2p,,33,angew-aryl-c-h-amination,elastic_net,73.0,73.0,,77.14285714285714,74.28571428571428,66.28571428571428,75.03571428571428,65.53571428571428,4.142857142857139,"{""alpha"": 100.0, ""l1_ratio"": 0.2}",angew-aryl-c-h-amination,family_holdout,ee,2i,14,6k|6o|6c|6g|6m|6l|6j|6h|6e|6i|6d|6b|6a|6q,3,6.857142857142861,6f|6n|6p
1.8571428571428612,,,angew-aryl-c-h-amination,stage2p,,33,angew-aryl-c-h-amination,elastic_net,79.0,79.0,,77.14285714285714,74.28571428571428,66.28571428571428,75.03571428571428,65.53571428571428,-1.8571428571428612,"{""alpha"": 100.0, ""l1_ratio"": 0.2}",angew-aryl-c-h-amination,family_holdout,ee,2j,14,6k|6o|6c|6g|6m|6l|6j|6h|6e|6i|6d|6b|6a|6q,3,6.857142857142861,6f|6n|6p
12.857142857142861,,,angew-aryl-c-h-amination,stage2p,,33,angew-aryl-c-h-amination,elastic_net,90.0,90.0,,77.14285714285714,74.28571428571428,66.28571428571428,75.03571428571428,65.53571428571428,-12.857142857142861,"{""alpha"": 100.0, ""l1_ratio"": 0.2}",angew-aryl-c-h-amination,family_holdout,ee,2k,14,6k|6o|6c|6g|6m|6l|6j|6h|6e|6i|6d|6b|6a|6q,3,6.857142857142861,6f|6n|6p
0.8571428571428612,,,angew-aryl-c-h-amination,stage2p,,33,angew-aryl-c-h-amination,elastic_net,78.0,78.0,,77.14285714285714,74.28571428571428,66.28571428571428,75.03571428571428,65.53571428571428,-0.8571428571428612,"{""alpha"": 100.0, ""l1_ratio"": 0.2}",angew-aryl-c-h-amination,family_holdout,ee,2l,14,6k|6o|6c|6g|6m|6l|6j|6h|6e|6i|6d|6b|6a|6q,3,6.857142857142861,6f|6n|6p
9.857142857142861,,,angew-aryl-c-h-amination,stage2p,,33,angew-aryl-c-h-amination,elastic_net,87.0,87.0,,77.14285714285714,74.28571428571428,66.28571428571428,75.03571428571428,65.53571428571428,-9.857142857142861,"{""alpha"": 100.0, ""l1_ratio"": 0.2}",angew-aryl-c-h-amination,family_holdout,ee,2m,14,6k|6o|6c|6g|6m|6l|6j|6h|6e|6i|6d|6b|6a|6q,3,6.857142857142861,6f|6n|6p
17.14285714285714,,,angew-aryl-c-h-amination,stage2p,,33,angew-aryl-c-h-amination,elastic_net,60.0,60.0,,77.14285714285714,74.28571428571428,66.28571428571428,75.03571428571428,65.53571428571428,17.14285714285714,"{""alpha"": 100.0, ""l1_ratio"": 0.2}",angew-aryl-c-h-amination,family_holdout,ee,2n,14,6k|6o|6c|6g|6m|6l|6j|6h|6e|6i|6d|6b|6a|6q,3,6.857142857142861,6f|6n|6p
21.14285714285714,,,angew-aryl-c-h-amination,stage2p,,33,angew-aryl-c-h-amination,elastic_net,56.0,56.0,,77.14285714285714,74.28571428571428,66.28571428571428,75.03571428571428,65.53571428571428,21.14285714285714,"{""alpha"": 100.0, ""l1_ratio"": 0.2}",angew-aryl-c-h-amination,family_holdout,ee,2o,14,6k|6o|6c|6g|6m|6l|6j|6h|6e|6i|6d|6b|6a|6q,3,6.857142857142861,6f|6n|6p
6.142857142857139,,,angew-aryl-c-h-amination,stage2p,,33,angew-aryl-c-h-amination,elastic_net,71.0,71.0,,77.14285714285714,74.28571428571428,66.28571428571428,75.03571428571428,65.53571428571428,6.142857142857139,"{""alpha"": 100.0, ""l1_ratio"": 0.2}",angew-aryl-c-h-amination,family_holdout,ee,2p,14,6k|6o|6c|6g|6m|6l|6j|6h|6e|6i|6d|6b|6a|6q,3,6.857142857142861,6f|6n|6p
26.14285714285714,,,angew-aryl-c-h-amination,stage2p,,33,angew-aryl-c-h-amination,elastic_net,51.0,51.0,,77.14285714285714,74.28571428571428,66.28571428571428,75.03571428571428,65.53571428571428,26.14285714285714,"{""alpha"": 100.0, ""l1_ratio"": 0.2}",angew-aryl-c-h-amination,family_holdout,ee,2q,14,6k|6o|6c|6g|6m|6l|6j|6h|6e|6i|6d|6b|6a|6q,3,6.857142857142861,6f|6n|6p
2.857142857142861,,,angew-aryl-c-h-amination,stage2p,,33,angew-aryl-c-h-amination,elastic_net,80.0,80.0,,77.14285714285714,74.28571428571428,66.28571428571428,75.03571428571428,65.53571428571428,-2.857142857142861,"{""alpha"": 100.0, ""l1_ratio"": 0.2}",angew-aryl-c-h-amination,family_holdout,ee,2r,14,6k|6o|6c|6g|6m|6l|6j|6h|6e|6i|6d|6b|6a|6q,3,6.857142857142861,6f|6n|6p
5.142857142857139,,,angew-aryl-c-h-amination,stage2p,,33,angew-aryl-c-h-amination,elastic_net,72.0,72.0,,77.14285714285714,74.28571428571428,66.28571428571428,75.03571428571428,65.53571428571428,5.142857142857139,"{""alpha"": 100.0, ""l1_ratio"": 0.2}",angew-aryl-c-h-amination,family_holdout,ee,2s,14,6k|6o|6c|6g|6m|6l|6j|6h|6e|6i|6d|6b|6a|6q,3,6.857142857142861,6f|6n|6p
3.142857142857139,,,angew-aryl-c-h-amination,stage2p,,33,angew-aryl-c-h-amination,elastic_net,74.0,74.0,,77.14285714285714,74.28571428571428,66.28571428571428,75.03571428571428,65.53571428571428,3.142857142857139,"{""alpha"": 100.0, ""l1_ratio"": 0.2}",angew-aryl-c-h-amination,family_holdout,ee,2t,14,6k|6o|6c|6g|6m|6l|6j|6h|6e|6i|6d|6b|6a|6q,3,6.857142857142861,6f|6n|6p
6.857142857142861,,,angew-aryl-c-h-amination,stage2p,,33,angew-aryl-c-h-amination,elastic_net,84.0,84.0,,77.14285714285714,74.28571428571428,66.28571428571428,75.03571428571428,65.53571428571428,-6.857142857142861,"{""alpha"": 100.0, ""l1_ratio"": 0.2}",angew-aryl-c-h-amination,family_holdout,ee,2u,14,6k|6o|6c|6g|6m|6l|6j|6h|6e|6i|6d|6b|6a|6q,3,6.857142857142861,6f|6n|6p
6.857142857142861,,,angew-aryl-c-h-amination,stage2p,,33,angew-aryl-c-h-amination,elastic_net,84.0,84.0,,77.14285714285714,74.28571428571428,66.28571428571428,75.03571428571428,65.53571428571428,-6.857142857142861,"{""alpha"": 100.0, ""l1_ratio"": 0.2}",angew-aryl-c-h-amination,family_holdout,ee,2v,14,6k|6o|6c|6g|6m|6l|6j|6h|6e|6i|6d|6b|6a|6q,3,6.857142857142861,6f|6n|6p
3.857142857142861,,,angew-aryl-c-h-amination,stage2p,,33,angew-aryl-c-h-amination,elastic_net,81.0,81.0,,77.14285714285714,74.28571428571428,66.28571428571428,75.03571428571428,65.53571428571428,-3.857142857142861,"{""alpha"": 100.0, ""l1_ratio"": 0.2}",angew-aryl-c-h-amination,family_holdout,ee,2w,14,6k|6o|6c|6g|6m|6l|6j|6h|6e|6i|6d|6b|6a|6q,3,6.857142857142861,6f|6n|6p
1.8571428571428612,,,angew-aryl-c-h-amination,stage2p,,33,angew-aryl-c-h-amination,elastic_net,79.0,79.0,,77.14285714285714,74.28571428571428,66.28571428571428,75.03571428571428,65.53571428571428,-1.8571428571428612,"{""alpha"": 100.0, ""l1_ratio"": 0.2}",angew-aryl-c-h-amination,family_holdout,ee,2x,14,6k|6o|6c|6g|6m|6l|6j|6h|6e|6i|6d|6b|6a|6q,3,6.857142857142861,6f|6n|6p
6.142857142857139,,,angew-aryl-c-h-amination,stage2p,,33,angew-aryl-c-h-amination,elastic_net,71.0,71.0,,77.14285714285714,74.28571428571428,66.28571428571428,75.03571428571428,65.53571428571428,6.142857142857139,"{""alpha"": 100.0, ""l1_ratio"": 0.2}",angew-aryl-c-h-amination,family_holdout,ee,2y,14,6k|6o|6c|6g|6m|6l|6j|6h|6e|6i|6d|6b|6a|6q,3,6.857142857142861,6f|6n|6p
7.142857142857139,,,angew-aryl-c-h-amination,stage2p,,33,angew-aryl-c-h-amination,elastic_net,70.0,70.0,,77.14285714285714,74.28571428571428,66.28571428571428,75.03571428571428,65.53571428571428,7.142857142857139,"{""alpha"": 100.0, ""l1_ratio"": 0.2}",angew-aryl-c-h-amination,family_holdout,ee,2z,14,6k|6o|6c|6g|6m|6l|6j|6h|6e|6i|6d|6b|6a|6q,3,6.857142857142861,6f|6n|6p
70.14285714285714,,,angew-aryl-c-h-amination,stage2p,,33,angew-aryl-c-h-amination,elastic_net,7.0,7.0,,77.14285714285714,74.28571428571428,66.28571428571428,75.03571428571428,65.53571428571428,70.14285714285714,"{""alpha"": 100.0, ""l1_ratio"": 0.2}",angew-aryl-c-h-amination,family_holdout,ee,4a,14,6k|6o|6c|6g|6m|6l|6j|6h|6e|6i|6d|6b|6a|6q,3,6.857142857142861,6f|6n|6p
69.14285714285714,,,angew-aryl-c-h-amination,stage2p,,33,angew-aryl-c-h-amination,elastic_net,8.0,8.0,,77.14285714285714,74.28571428571428,66.28571428571428,75.03571428571428,65.53571428571428,69.14285714285714,"{""alpha"": 100.0, ""l1_ratio"": 0.2}",angew-aryl-c-h-amination,family_holdout,ee,4b,14,6k|6o|6c|6g|6m|6l|6j|6h|6e|6i|6d|6b|6a|6q,3,6.857142857142861,6f|6n|6p
27.14285714285714,,,angew-aryl-c-h-amination,stage2p,,33,angew-aryl-c-h-amination,elastic_net,50.0,50.0,,77.14285714285714,74.28571428571428,66.28571428571428,75.03571428571428,65.53571428571428,27.14285714285714,"{""alpha"": 100.0, ""l1_ratio"": 0.2}",angew-aryl-c-h-amination,family_holdout,ee,4c,14,6k|6o|6c|6g|6m|6l|6j|6h|6e|6i|6d|6b|6a|6q,3,6.857142857142861,6f|6n|6p
55.14285714285714,,,angew-aryl-c-h-amination,stage2p,,33,angew-aryl-c-h-amination,elastic_net,22.0,22.0,,77.14285714285714,74.28571428571428,66.28571428571428,75.03571428571428,65.53571428571428,55.14285714285714,"{""alpha"": 100.0, ""l1_ratio"": 0.2}",angew-aryl-c-h-amination,family_holdout,ee,4d,14,6k|6o|6c|6g|6m|6l|6j|6h|6e|6i|6d|6b|6a|6q,3,6.857142857142861,6f|6n|6p
21.14285714285714,,,angew-aryl-c-h-amination,stage2p,,33,angew-aryl-c-h-amination,elastic_net,56.0,56.0,,77.14285714285714,74.28571428571428,66.28571428571428,75.03571428571428,65.53571428571428,21.14285714285714,"{""alpha"": 100.0, ""l1_ratio"": 0.2}",angew-aryl-c-h-amination,family_holdout,ee,4e,14,6k|6o|6c|6g|6m|6l|6j|6h|6e|6i|6d|6b|6a|6q,3,6.857142857142861,6f|6n|6p
24.939301931319974,,,angew-aryl-c-h-amination,stage2p,,33,angew-aryl-c-h-amination,lightgbm,45.0,45.0,,69.93930193131997,70.16662203125632,64.50927819508317,70.27735975245133,63.5592639469957,24.939301931319974,"{""learning_rate"": 0.1, ""n_estimators"": 75, ""num_leaves"": 3}",angew-aryl-c-h-amination,family_holdout,ee,2aa,14,6k|6o|6c|6g|6m|6l|6j|6h|6e|6i|6d|6b|6a|6q,3,2.4783202916622664,6f|6n|6p
31.157255736107217,,,angew-aryl-c-h-amination,stage2p,,33,angew-aryl-c-h-amination,lightgbm,39.0,39.0,,70.15725573610722,70.38457583604357,64.72723199987041,70.49531355723857,63.77721775178294,31.157255736107217,"{""learning_rate"": 0.1, ""n_estimators"": 75, ""num_leaves"": 3}",angew-aryl-c-h-amination,family_holdout,ee,2ab,14,6k|6o|6c|6g|6m|6l|6j|6h|6e|6i|6d|6b|6a|6q,3,2.4783202916622664,6f|6n|6p
1.0761980817568997,,,angew-aryl-c-h-amination,stage2p,,33,angew-aryl-c-h-amination,lightgbm,50.0,50.0,,48.9238019182431,49.15112201817945,43.49377818200629,49.26185973937446,42.543763933918825,-1.0761980817568997,"{""learning_rate"": 0.1, ""n_estimators"": 75, ""num_leaves"": 3}",angew-aryl-c-h-amination,family_holdout,ee,2ac,14,6k|6o|6c|6g|6m|6l|6j|6h|6e|6i|6d|6b|6a|6q,3,2.4783202916622664,6f|6n|6p
3.089553265043662,,,angew-aryl-c-h-amination,stage2p,,33,angew-aryl-c-h-amination,lightgbm,88.0,88.0,,91.08955326504366,91.31687336498001,85.65952952880686,91.42761108617502,84.70951528071939,3.089553265043662,"{""learning_rate"": 0.1, ""n_estimators"": 75, ""num_leaves"": 3}",angew-aryl-c-h-amination,family_holdout,ee,2b,14,6k|6o|6c|6g|6m|6l|6j|6h|6e|6i|6d|6b|6a|6q,3,2.4783202916622664,6f|6n|6p
32.31050018215679,,,angew-aryl-c-h-amination,stage2p,,33,angew-aryl-c-h-amination,lightgbm,79.0,79.0,,46.68949981784321,46.91681991777956,41.2594760816064,47.02755763897457,40.30946183351894,-32.31050018215679,"{""learning_rate"": 0.1, ""n_estimators"": 75, ""num_leaves"": 3}",angew-aryl-c-h-amination,family_holdout,ee,2c,14,6k|6o|6c|6g|6m|6l|6j|6h|6e|6i|6d|6b|6a|6q,3,2.4783202916622664,6f|6n|6p
1.075407061702947,,,angew-aryl-c-h-amination,stage2p,,33,angew-aryl-c-h-amination,lightgbm,86.0,86.0,,87.07540706170295,87.3027271616393,81.64538332546614,87.4134648828343,80.69536907737867,1.075407061702947,"{""learning_rate"": 0.1, ""n_estimators"": 75, ""num_leaves"": 3}",angew-aryl-c-h-amination,family_holdout,ee,2d,14,6k|6o|6c|6g|6m|6l|6j|6h|6e|6i|6d|6b|6a|6q,3,2.4783202916622664,6f|6n|6p
5.075407061702947,,,angew-aryl-c-h-amination,stage2p,,33,angew-aryl-c-h-amination,lightgbm,82.0,82.0,,87.07540706170295,87.3027271616393,81.64538332546614,87.4134648828343,80.69536907737867,5.075407061702947,"{""learning_rate"": 0.1, ""n_estimators"": 75, ""num_leaves"": 3}",angew-aryl-c-h-amination,family_holdout,ee,2e,14,6k|6o|6c|6g|6m|6l|6j|6h|6e|6i|6d|6b|6a|6q,3,2.4783202916622664,6f|6n|6p
33.8032167987592,,,angew-aryl-c-h-amination,stage2p,,33,angew-aryl-c-h-amination,lightgbm,84.0,84.0,,50.1967832012408,50.42410330117715,44.766759465003986,50.534841022372156,43.81674521691652,-33.8032167987592,"{""learning_rate"": 0.1, ""n_estimators"": 75, ""num_leaves"": 3}",angew-aryl-c-h-amination,family_holdout,ee,2f,14,6k|6o|6c|6g|6m|6l|6j|6h|6e|6i|6d|6b|6a|6q,3,2.4783202916622664,6f|6n|6p
3.8621326893011627,,,angew-aryl-c-h-amination,stage2p,,33,angew-aryl-c-h-amination,lightgbm,86.0,86.0,,82.13786731069884,82.36518741063519,76.70784357446203,82.4759251318302,75.75782932637456,-3.8621326893011627,"{""learning_rate"": 0.1, ""n_estimators"": 75, ""num_leaves"": 3}",angew-aryl-c-h-amination,family_holdout,ee,2g,14,6k|6o|6c|6g|6m|6l|6j|6h|6e|6i|6d|6b|6a|6q,3,2.4783202916622664,6f|6n|6p
7.675465542363824,,,angew-aryl-c-h-amination,stage2p,,33,angew-aryl-c-h-amination,lightgbm,90.0,90.0,,82.32453445763618,82.55185455757253,76.89451072139937,82.66259227876753,75.9444964733119,-7.675465542363824,"{""learning_rate"": 0.1, ""n_estimators"": 75, ""num_leaves"": 3}",angew-aryl-c-h-amination,family_holdout,ee,2h,14,6k|6o|6c|6g|6m|6l|6j|6h|6e|6i|6d|6b|6a|6q,3,2.4783202916622664,6f|6n|6p
26.310500182156787,,,angew-aryl-c-h-amination,stage2p,,33,angew-aryl-c-h-amination,lightgbm,73.0,73.0,,46.68949981784321,46.91681991777956,41.2594760816064,47.02755763897457,40.30946183351894,-26.310500182156787,"{""learning_rate"": 0.1, ""n_estimators"": 75, ""num_leaves"": 3}",angew-aryl-c-h-amination,family_holdout,ee,2i,14,6k|6o|6c|6g|6m|6l|6j|6h|6e|6i|6d|6b|6a|6q,3,2.4783202916622664,6f|6n|6p
9.042285751146409,,,angew-aryl-c-h-amination,stage2p,,33,angew-aryl-c-h-amination,lightgbm,79.0,79.0,,69.95771424885359,70.18503434878994,64.52769051261679,70.29577206998495,63.577676264529316,-9.042285751146409,"{""learning_rate"": 0.1, ""n_estimators"": 75, ""num_leaves"": 3}",angew-aryl-c-h-amination,family_holdout,ee,2j,14,6k|6o|6c|6g|6m|6l|6j|6h|6e|6i|6d|6b|6a|6q,3,2.4783202916622664,6f|6n|6p
44.67943183560554,,,angew-aryl-c-h-amination,stage2p,,33,angew-aryl-c-h-amination,lightgbm,90.0,90.0,,45.32056816439446,45.54788826433081,39.89054442815765,45.658625985525816,38.94053018007018,-44.67943183560554,"{""learning_rate"": 0.1, ""n_estimators"": 75, ""num_leaves"": 3}",angew-aryl-c-h-amination,family_holdout,ee,2k,14,6k|6o|6c|6g|6m|6l|6j|6h|6e|6i|6d|6b|6a|6q,3,2.4783202916622664,6f|6n|6p
30.56073458189271,,,angew-aryl-c-h-amination,stage2p,,33,angew-aryl-c-h-amination,lightgbm,78.0,78.0,,47.43926541810729,47.66658551804364,42.00924168187048,47.77732323923865,41.059227433783015,-30.56073458189271,"{""learning_rate"": 0.1, ""n_estimators"": 75, ""num_leaves"": 3}",angew-aryl-c-h-amination,family_holdout,ee,2l,14,6k|6o|6c|6g|6m|6l|6j|6h|6e|6i|6d|6b|6a|6q,3,2.4783202916622664,6f|6n|6p
38.0761980817569,,,angew-aryl-c-h-amination,stage2p,,33,angew-aryl-c-h-amination,lightgbm,87.0,87.0,,48.9238019182431,49.15112201817945,43.49377818200629,49.26185973937446,42.543763933918825,-38.0761980817569,"{""learning_rate"": 0.1, ""n_estimators"": 75, ""num_leaves"": 3}",angew-aryl-c-h-amination,family_holdout,ee,2m,14,6k|6o|6c|6g|6m|6l|6j|6h|6e|6i|6d|6b|6a|6q,3,2.4783202916622664,6f|6n|6p
10.819493768433915,,,angew-aryl-c-h-amination,stage2p,,33,angew-aryl-c-h-amination,lightgbm,60.0,60.0,,70.81949376843392,71.04681386837026,65.38947003219711,71.15755158956527,64.43945578410964,10.819493768433915,"{""learning_rate"": 0.1, ""n_estimators"": 75, ""num_leaves"": 3}",angew-aryl-c-h-amination,family_holdout,ee,2n,14,6k|6o|6c|6g|6m|6l|6j|6h|6e|6i|6d|6b|6a|6q,3,2.4783202916622664,6f|6n|6p
7.097648192101069,,,angew-aryl-c-h-amination,stage2p,,33,angew-aryl-c-h-amination,lightgbm,56.0,56.0,,48.90235180789893,49.12967190783528,43.47232807166212,49.24040962903029,42.522313823574656,-7.097648192101069,"{""learning_rate"": 0.1, ""n_estimators"": 75, ""num_leaves"": 3}",angew-aryl-c-h-amination,family_holdout,ee,2o,14,6k|6o|6c|6g|6m|6l|6j|6h|6e|6i|6d|6b|6a|6q,3,2.4783202916622664,6f|6n|6p
0.8835274231386023,,,angew-aryl-c-h-amination,stage2p,,33,angew-aryl-c-h-amination,lightgbm,71.0,71.0,,71.8835274231386,72.11084752307495,66.4535036869018,72.22158524426996,65.50348943881433,0.8835274231386023,"{""learning_rate"": 0.1, ""n_estimators"": 75, ""num_leaves"": 3}",angew-aryl-c-h-amination,family_holdout,ee,2p,14,6k|6o|6c|6g|6m|6l|6j|6h|6e|6i|6d|6b|6a|6q,3,2.4783202916622664,6f|6n|6p
15.793209194366533,,,angew-aryl-c-h-amination,stage2p,,33,angew-aryl-c-h-amination,lightgbm,51.0,51.0,,35.20679080563347,35.43411090556982,29.776767069396655,35.544848626764825,28.826752821309192,-15.793209194366533,"{""learning_rate"": 0.1, ""n_estimators"": 75, ""num_leaves"": 3}",angew-aryl-c-h-amination,family_holdout,ee,2q,14,6k|6o|6c|6g|6m|6l|6j|6h|6e|6i|6d|6b|6a|6q,3,2.4783202916622664,6f|6n|6p
4.290746845989261,,,angew-aryl-c-h-amination,stage2p,,33,angew-aryl-c-h-amination,lightgbm,80.0,80.0,,84.29074684598926,84.51806694592561,78.86072310975246,84.62880466712062,77.91070886166499,4.290746845989261,"{""learning_rate"": 0.1, ""n_estimators"": 75, ""num_leaves"": 3}",angew-aryl-c-h-amination,family_holdout,ee,2r,14,6k|6o|6c|6g|6m|6l|6j|6h|6e|6i|6d|6b|6a|6q,3,2.4783202916622664,6f|6n|6p
18.132024644085348,,,angew-aryl-c-h-amination,stage2p,,33,angew-aryl-c-h-amination,lightgbm,72.0,72.0,,90.13202464408535,90.3593447440217,84.70200090784854,90.4700824652167,83.75198665976107,18.132024644085348,"{""learning_rate"": 0.1, ""n_estimators"": 75, ""num_leaves"": 3}",angew-aryl-c-h-amination,family_holdout,ee,2s,14,6k|6o|6c|6g|6m|6l|6j|6h|6e|6i|6d|6b|6a|6q,3,2.4783202916622664,6f|6n|6p
11.70002274175667,,,angew-aryl-c-h-amination,stage2p,,33,angew-aryl-c-h-amination,lightgbm,74.0,74.0,,85.70002274175667,85.92734284169302,80.26999900551986,86.03808056288803,79.3199847574324,11.70002274175667,"{""learning_rate"": 0.1, ""n_estimators"": 75, ""num_leaves"": 3}",angew-aryl-c-h-amination,family_holdout,ee,2t,14,6k|6o|6c|6g|6m|6l|6j|6h|6e|6i|6d|6b|6a|6q,3,2.4783202916622664,6f|6n|6p
4.792841926114917,,,angew-aryl-c-h-amination,stage2p,,33,angew-aryl-c-h-amination,lightgbm,84.0,84.0,,88.79284192611492,89.02016202605127,83.36281818987811,89.13089974724627,82.41280394179064,4.792841926114917,"{""learning_rate"": 0.1, ""n_estimators"": 75, ""num_leaves"": 3}",angew-aryl-c-h-amination,family_holdout,ee,2u,14,6k|6o|6c|6g|6m|6l|6j|6h|6e|6i|6d|6b|6a|6q,3,2.4783202916622664,6f|6n|6p
5.489205011737212,,,angew-aryl-c-h-amination,stage2p,,33,angew-aryl-c-h-amination,lightgbm,84.0,84.0,,78.51079498826279,78.73811508819914,73.08077125202598,78.84885280939415,72.13075700393851,-5.489205011737212,"{""learning_rate"": 0.1, ""n_estimators"": 75, ""num_leaves"": 3}",angew-aryl-c-h-amination,family_holdout,ee,2v,14,6k|6o|6c|6g|6m|6l|6j|6h|6e|6i|6d|6b|6a|6q,3,2.4783202916622664,6f|6n|6p
6.075407061702947,,,angew-aryl-c-h-amination,stage2p,,33,angew-aryl-c-h-amination,lightgbm,81.0,81.0,,87.07540706170295,87.3027271616393,81.64538332546614,87.4134648828343,80.69536907737867,6.075407061702947,"{""learning_rate"": 0.1, ""n_estimators"": 75, ""num_leaves"": 3}",angew-aryl-c-h-amination,family_holdout,ee,2w,14,6k|6o|6c|6g|6m|6l|6j|6h|6e|6i|6d|6b|6a|6q,3,2.4783202916622664,6f|6n|6p
44.803627906838464,,,angew-aryl-c-h-amination,stage2p,,33,angew-aryl-c-h-amination,lightgbm,79.0,79.0,,34.196372093161536,34.423692193097885,28.766348356924723,34.53442991429289,27.81633410883726,-44.803627906838464,"{""learning_rate"": 0.1, ""n_estimators"": 75, ""num_leaves"": 3}",angew-aryl-c-h-amination,family_holdout,ee,2x,14,6k|6o|6c|6g|6m|6l|6j|6h|6e|6i|6d|6b|6a|6q,3,2.4783202916622664,6f|6n|6p
18.068093158530132,,,angew-aryl-c-h-amination,stage2p,,33,angew-aryl-c-h-amination,lightgbm,71.0,71.0,,89.06809315853013,89.29541325846648,83.63806942229333,89.40615097966149,82.68805517420586,18.068093158530132,"{""learning_rate"": 0.1, ""n_estimators"": 75, ""num_leaves"": 3}",angew-aryl-c-h-amination,family_holdout,ee,2y,14,6k|6o|6c|6g|6m|6l|6j|6h|6e|6i|6d|6b|6a|6q,3,2.4783202916622664,6f|6n|6p
17.94237623502528,,,angew-aryl-c-h-amination,stage2p,,33,angew-aryl-c-h-amination,lightgbm,70.0,70.0,,87.94237623502528,88.16969633496163,82.51235249878847,88.28043405615664,81.562338250701,17.94237623502528,"{""learning_rate"": 0.1, ""n_estimators"": 75, ""num_leaves"": 3}",angew-aryl-c-h-amination,family_holdout,ee,2z,14,6k|6o|6c|6g|6m|6l|6j|6h|6e|6i|6d|6b|6a|6q,3,2.4783202916622664,6f|6n|6p
47.68745371640527,,,angew-aryl-c-h-amination,stage2p,,33,angew-aryl-c-h-amination,lightgbm,7.0,7.0,,54.68745371640527,54.91477381634162,49.25742998016846,55.02551153753663,48.307415732081,47.68745371640527,"{""learning_rate"": 0.1, ""n_estimators"": 75, ""num_leaves"": 3}",angew-aryl-c-h-amination,family_holdout,ee,4a,14,6k|6o|6c|6g|6m|6l|6j|6h|6e|6i|6d|6b|6a|6q,3,2.4783202916622664,6f|6n|6p
62.78025073181425,,,angew-aryl-c-h-amination,stage2p,,33,angew-aryl-c-h-amination,lightgbm,8.0,8.0,,70.78025073181425,71.0075708317506,65.35022699557744,71.1183085529456,64.40021274748997,62.78025073181425,"{""learning_rate"": 0.1, ""n_estimators"": 75, ""num_leaves"": 3}",angew-aryl-c-h-amination,family_holdout,ee,4b,14,6k|6o|6c|6g|6m|6l|6j|6h|6e|6i|6d|6b|6a|6q,3,2.4783202916622664,6f|6n|6p
37.10612479816065,,,angew-aryl-c-h-amination,stage2p,,33,angew-aryl-c-h-amination,lightgbm,50.0,50.0,,87.10612479816065,87.333444898097,81.67610106192384,87.44418261929201,80.72608681383637,37.10612479816065,"{""learning_rate"": 0.1, ""n_estimators"": 75, ""num_leaves"": 3}",angew-aryl-c-h-amination,family_holdout,ee,4c,14,6k|6o|6c|6g|6m|6l|6j|6h|6e|6i|6d|6b|6a|6q,3,2.4783202916622664,6f|6n|6p
28.69920592487626,,,angew-aryl-c-h-amination,stage2p,,33,angew-aryl-c-h-amination,lightgbm,22.0,22.0,,50.69920592487626,50.92652602481261,45.26918218863945,51.03726374600762,44.319167940551985,28.69920592487626,"{""learning_rate"": 0.1, ""n_estimators"": 75, ""num_leaves"": 3}",angew-aryl-c-h-amination,family_holdout,ee,4d,14,6k|6o|6c|6g|6m|6l|6j|6h|6e|6i|6d|6b|6a|6q,3,2.4783202916622664,6f|6n|6p
25.947852380622706,,,angew-aryl-c-h-amination,stage2p,,33,angew-aryl-c-h-amination,lightgbm,56.0,56.0,,81.9478523806227,82.17517248055906,76.5178286443859,82.28591020175406,75.56781439629843,25.947852380622706,"{""learning_rate"": 0.1, ""n_estimators"": 75, ""num_leaves"": 3}",angew-aryl-c-h-amination,family_holdout,ee,4e,14,6k|6o|6c|6g|6m|6l|6j|6h|6e|6i|6d|6b|6a|6q,3,2.4783202916622664,6f|6n|6p
32.14285714285714,120.62925229240938,33.65646199330491,angew-aryl-c-h-amination,stage2p,22.186936300791956,33,angew-aryl-c-h-amination,gaussian_process,45.0,45.0,,77.14285714285714,74.28571760035905,66.36119412393066,75.03571514372247,65.62534351546375,32.14285714285714,"{""alpha"": 1e-05, ""kernel"": ""1**2 * RBF(length_scale=2) + WhiteKernel(noise_level=10)""}",angew-aryl-c-h-amination,family_holdout,ee,2aa,14,6k|6o|6c|6g|6m|6l|6j|6h|6e|6i|6d|6b|6a|6q,3,6.825688807332952,6f|6n|6p
38.14285714285714,120.62925229240938,33.65646199330491,angew-aryl-c-h-amination,stage2p,22.186936300791956,33,angew-aryl-c-h-amination,gaussian_process,39.0,39.0,,77.14285714285714,74.28571760035905,66.36119412393066,75.03571514372247,65.62534351546375,38.14285714285714,"{""alpha"": 1e-05, ""kernel"": ""1**2 * RBF(length_scale=2) + WhiteKernel(noise_level=10)""}",angew-aryl-c-h-amination,family_holdout,ee,2ab,14,6k|6o|6c|6g|6m|6l|6j|6h|6e|6i|6d|6b|6a|6q,3,6.825688807332952,6f|6n|6p
27.14285714285714,120.62925229240938,33.65646199330491,angew-aryl-c-h-amination,stage2p,22.186936300791956,33,angew-aryl-c-h-amination,gaussian_process,50.0,50.0,,77.14285714285714,74.28571760035905,66.36119412393066,75.03571514372247,65.62534351546375,27.14285714285714,"{""alpha"": 1e-05, ""kernel"": ""1**2 * RBF(length_scale=2) + WhiteKernel(noise_level=10)""}",angew-aryl-c-h-amination,family_holdout,ee,2ac,14,6k|6o|6c|6g|6m|6l|6j|6h|6e|6i|6d|6b|6a|6q,3,6.825688807332952,6f|6n|6p
10.857142857142861,120.62925229240938,33.65646199330491,angew-aryl-c-h-amination,stage2p,22.186936300791956,33,angew-aryl-c-h-amination,gaussian_process,88.0,88.0,,77.14285714285714,74.28571760035905,66.36119412393066,75.03571514372247,65.62534351546375,-10.857142857142861,"{""alpha"": 1e-05, ""kernel"": ""1**2 * RBF(length_scale=2) + WhiteKernel(noise_level=10)""}",angew-aryl-c-h-amination,family_holdout,ee,2b,14,6k|6o|6c|6g|6m|6l|6j|6h|6e|6i|6d|6b|6a|6q,3,6.825688807332952,6f|6n|6p
1.8571428571428612,120.62925229240938,33.65646199330491,angew-aryl-c-h-amination,stage2p,22.186936300791956,33,angew-aryl-c-h-amination,gaussian_process,79.0,79.0,,77.14285714285714,74.28571760035905,66.36119412393066,75.03571514372247,65.62534351546375,-1.8571428571428612,"{""alpha"": 1e-05, ""kernel"": ""1**2 * RBF(length_scale=2) + WhiteKernel(noise_level=10)""}",angew-aryl-c-h-amination,family_holdout,ee,2c,14,6k|6o|6c|6g|6m|6l|6j|6h|6e|6i|6d|6b|6a|6q,3,6.825688807332952,6f|6n|6p
8.857142857142861,120.62925229240938,33.65646199330491,angew-aryl-c-h-amination,stage2p,22.186936300791956,33,angew-aryl-c-h-amination,gaussian_process,86.0,86.0,,77.14285714285714,74.28571760035905,66.36119412393066,75.03571514372247,65.62534351546375,-8.857142857142861,"{""alpha"": 1e-05, ""kernel"": ""1**2 * RBF(length_scale=2) + WhiteKernel(noise_level=10)""}",angew-aryl-c-h-amination,family_holdout,ee,2d,14,6k|6o|6c|6g|6m|6l|6j|6h|6e|6i|6d|6b|6a|6q,3,6.825688807332952,6f|6n|6p
4.857142857142861,120.62925229240938,33.65646199330491,angew-aryl-c-h-amination,stage2p,22.186936300791956,33,angew-aryl-c-h-amination,gaussian_process,82.0,82.0,,77.14285714285714,74.28571760035905,66.36119412393066,75.03571514372247,65.62534351546375,-4.857142857142861,"{""alpha"": 1e-05, ""kernel"": ""1**2 * RBF(length_scale=2) + WhiteKernel(noise_level=10)""}",angew-aryl-c-h-amination,family_holdout,ee,2e,14,6k|6o|6c|6g|6m|6l|6j|6h|6e|6i|6d|6b|6a|6q,3,6.825688807332952,6f|6n|6p
6.857142857142861,120.62925229240938,33.65646199330491,angew-aryl-c-h-amination,stage2p,22.186936300791956,33,angew-aryl-c-h-amination,gaussian_process,84.0,84.0,,77.14285714285714,74.28571760035905,66.36119412393066,75.03571514372247,65.62534351546375,-6.857142857142861,"{""alpha"": 1e-05, ""kernel"": ""1**2 * RBF(length_scale=2) + WhiteKernel(noise_level=10)""}",angew-aryl-c-h-amination,family_holdout,ee,2f,14,6k|6o|6c|6g|6m|6l|6j|6h|6e|6i|6d|6b|6a|6q,3,6.825688807332952,6f|6n|6p
8.857142857142861,120.62925229240938,33.65646199330491,angew-aryl-c-h-amination,stage2p,22.186936300791956,33,angew-aryl-c-h-amination,gaussian_process,86.0,86.0,,77.14285714285714,74.28571760035905,66.36119412393066,75.03571514372247,65.62534351546375,-8.857142857142861,"{""alpha"": 1e-05, ""kernel"": ""1**2 * RBF(length_scale=2) + WhiteKernel(noise_level=10)""}",angew-aryl-c-h-amination,family_holdout,ee,2g,14,6k|6o|6c|6g|6m|6l|6j|6h|6e|6i|6d|6b|6a|6q,3,6.825688807332952,6f|6n|6p
12.857142857142861,120.62925229240938,33.65646199330491,angew-aryl-c-h-amination,stage2p,22.186936300791956,33,angew-aryl-c-h-amination,gaussian_process,90.0,90.0,,77.14285714285714,74.28571760035905,66.36119412393066,75.03571514372247,65.62534351546375,-12.857142857142861,"{""alpha"": 1e-05, ""kernel"": ""1**2 * RBF(length_scale=2) + WhiteKernel(noise_level=10)""}",angew-aryl-c-h-amination,family_holdout,ee,2h,14,6k|6o|6c|6g|6m|6l|6j|6h|6e|6i|6d|6b|6a|6q,3,6.825688807332952,6f|6n|6p
4.142857142857139,120.62925229240938,33.65646199330491,angew-aryl-c-h-amination,stage2p,22.186936300791956,33,angew-aryl-c-h-amination,gaussian_process,73.0,73.0,,77.14285714285714,74.28571760035905,66.36119412393066,75.03571514372247,65.62534351546375,4.142857142857139,"{""alpha"": 1e-05, ""kernel"": ""1**2 * RBF(length_scale=2) + WhiteKernel(noise_level=10)""}",angew-aryl-c-h-amination,family_holdout,ee,2i,14,6k|6o|6c|6g|6m|6l|6j|6h|6e|6i|6d|6b|6a|6q,3,6.825688807332952,6f|6n|6p
1.8571428571428612,120.62925229240938,33.65646199330491,angew-aryl-c-h-amination,stage2p,22.186936300791956,33,angew-aryl-c-h-amination,gaussian_process,79.0,79.0,,77.14285714285714,74.28571760035905,66.36119412393066,75.03571514372247,65.62534351546375,-1.8571428571428612,"{""alpha"": 1e-05, ""kernel"": ""1**2 * RBF(length_scale=2) + WhiteKernel(noise_level=10)""}",angew-aryl-c-h-amination,family_holdout,ee,2j,14,6k|6o|6c|6g|6m|6l|6j|6h|6e|6i|6d|6b|6a|6q,3,6.825688807332952,6f|6n|6p
12.857142857142861,120.62925229240938,33.65646199330491,angew-aryl-c-h-amination,stage2p,22.186936300791956,33,angew-aryl-c-h-amination,gaussian_process,90.0,90.0,,77.14285714285714,74.28571760035905,66.36119412393066,75.03571514372247,65.62534351546375,-12.857142857142861,"{""alpha"": 1e-05, ""kernel"": ""1**2 * RBF(length_scale=2) + WhiteKernel(noise_level=10)""}",angew-aryl-c-h-amination,family_holdout,ee,2k,14,6k|6o|6c|6g|6m|6l|6j|6h|6e|6i|6d|6b|6a|6q,3,6.825688807332952,6f|6n|6p
0.8571428571428612,120.62925229240938,33.65646199330491,angew-aryl-c-h-amination,stage2p,22.186936300791956,33,angew-aryl-c-h-amination,gaussian_process,78.0,78.0,,77.14285714285714,74.28571760035905,66.36119412393066,75.03571514372247,65.62534351546375,-0.8571428571428612,"{""alpha"": 1e-05, ""kernel"": ""1**2 * RBF(length_scale=2) + WhiteKernel(noise_level=10)""}",angew-aryl-c-h-amination,family_holdout,ee,2l,14,6k|6o|6c|6g|6m|6l|6j|6h|6e|6i|6d|6b|6a|6q,3,6.825688807332952,6f|6n|6p
9.857142857142861,120.62925229240938,33.65646199330491,angew-aryl-c-h-amination,stage2p,22.186936300791956,33,angew-aryl-c-h-amination,gaussian_process,87.0,87.0,,77.14285714285714,74.28571760035905,66.36119412393066,75.03571514372247,65.62534351546375,-9.857142857142861,"{""alpha"": 1e-05, ""kernel"": ""1**2 * RBF(length_scale=2) + WhiteKernel(noise_level=10)""}",angew-aryl-c-h-amination,family_holdout,ee,2m,14,6k|6o|6c|6g|6m|6l|6j|6h|6e|6i|6d|6b|6a|6q,3,6.825688807332952,6f|6n|6p
17.14285714285714,120.62925229240938,33.65646199330491,angew-aryl-c-h-amination,stage2p,22.186936300791956,33,angew-aryl-c-h-amination,gaussian_process,60.0,60.0,,77.14285714285714,74.28571760035905,66.36119412393066,75.03571514372247,65.62534351546375,17.14285714285714,"{""alpha"": 1e-05, ""kernel"": ""1**2 * RBF(length_scale=2) + WhiteKernel(noise_level=10)""}",angew-aryl-c-h-amination,family_holdout,ee,2n,14,6k|6o|6c|6g|6m|6l|6j|6h|6e|6i|6d|6b|6a|6q,3,6.825688807332952,6f|6n|6p
21.14285714285714,120.62925229240938,33.65646199330491,angew-aryl-c-h-amination,stage2p,22.186936300791956,33,angew-aryl-c-h-amination,gaussian_process,56.0,56.0,,77.14285714285714,74.28571760035905,66.36119412393066,75.03571514372247,65.62534351546375,21.14285714285714,"{""alpha"": 1e-05, ""kernel"": ""1**2 * RBF(length_scale=2) + WhiteKernel(noise_level=10)""}",angew-aryl-c-h-amination,family_holdout,ee,2o,14,6k|6o|6c|6g|6m|6l|6j|6h|6e|6i|6d|6b|6a|6q,3,6.825688807332952,6f|6n|6p
6.142857142857139,120.62925229240938,33.65646199330491,angew-aryl-c-h-amination,stage2p,22.186936300791956,33,angew-aryl-c-h-amination,gaussian_process,71.0,71.0,,77.14285714285714,74.28571760035905,66.36119412393066,75.03571514372247,65.62534351546375,6.142857142857139,"{""alpha"": 1e-05, ""kernel"": ""1**2 * RBF(length_scale=2) + WhiteKernel(noise_level=10)""}",angew-aryl-c-h-amination,family_holdout,ee,2p,14,6k|6o|6c|6g|6m|6l|6j|6h|6e|6i|6d|6b|6a|6q,3,6.825688807332952,6f|6n|6p
26.142857142857125,120.62925229240935,33.656461993304895,angew-aryl-c-h-amination,stage2p,22.186936300791956,33,angew-aryl-c-h-amination,gaussian_process,51.0,51.0,,77.14285714285712,74.28571760035904,66.36119412393064,75.03571514372246,65.62534351546374,26.142857142857125,"{""alpha"": 1e-05, ""kernel"": ""1**2 * RBF(length_scale=2) + WhiteKernel(noise_level=10)""}",angew-aryl-c-h-amination,family_holdout,ee,2q,14,6k|6o|6c|6g|6m|6l|6j|6h|6e|6i|6d|6b|6a|6q,3,6.825688807332952,6f|6n|6p
2.857142857142861,120.62925229240938,33.65646199330491,angew-aryl-c-h-amination,stage2p,22.186936300791956,33,angew-aryl-c-h-amination,gaussian_process,80.0,80.0,,77.14285714285714,74.28571760035905,66.36119412393066,75.03571514372247,65.62534351546375,-2.857142857142861,"{""alpha"": 1e-05, ""kernel"": ""1**2 * RBF(length_scale=2) + WhiteKernel(noise_level=10)""}",angew-aryl-c-h-amination,family_holdout,ee,2r,14,6k|6o|6c|6g|6m|6l|6j|6h|6e|6i|6d|6b|6a|6q,3,6.825688807332952,6f|6n|6p
5.142857142857139,120.62925229240938,33.65646199330491,angew-aryl-c-h-amination,stage2p,22.186936300791956,33,angew-aryl-c-h-amination,gaussian_process,72.0,72.0,,77.14285714285714,74.28571760035905,66.36119412393066,75.03571514372247,65.62534351546375,5.142857142857139,"{""alpha"": 1e-05, ""kernel"": ""1**2 * RBF(length_scale=2) + WhiteKernel(noise_level=10)""}",angew-aryl-c-h-amination,family_holdout,ee,2s,14,6k|6o|6c|6g|6m|6l|6j|6h|6e|6i|6d|6b|6a|6q,3,6.825688807332952,6f|6n|6p
3.142857142857139,120.62925229240938,33.65646199330491,angew-aryl-c-h-amination,stage2p,22.186936300791956,33,angew-aryl-c-h-amination,gaussian_process,74.0,74.0,,77.14285714285714,74.28571760035905,66.36119412393066,75.03571514372247,65.62534351546375,3.142857142857139,"{""alpha"": 1e-05, ""kernel"": ""1**2 * RBF(length_scale=2) + WhiteKernel(noise_level=10)""}",angew-aryl-c-h-amination,family_holdout,ee,2t,14,6k|6o|6c|6g|6m|6l|6j|6h|6e|6i|6d|6b|6a|6q,3,6.825688807332952,6f|6n|6p
6.857142857142861,120.62925229240938,33.65646199330491,angew-aryl-c-h-amination,stage2p,22.186936300791956,33,angew-aryl-c-h-amination,gaussian_process,84.0,84.0,,77.14285714285714,74.28571760035905,66.36119412393066,75.03571514372247,65.62534351546375,-6.857142857142861,"{""alpha"": 1e-05, ""kernel"": ""1**2 * RBF(length_scale=2) + WhiteKernel(noise_level=10)""}",angew-aryl-c-h-amination,family_holdout,ee,2u,14,6k|6o|6c|6g|6m|6l|6j|6h|6e|6i|6d|6b|6a|6q,3,6.825688807332952,6f|6n|6p
6.857142857142861,120.62925229240938,33.65646199330491,angew-aryl-c-h-amination,stage2p,22.186936300791956,33,angew-aryl-c-h-amination,gaussian_process,84.0,84.0,,77.14285714285714,74.28571760035905,66.36119412393066,75.03571514372247,65.62534351546375,-6.857142857142861,"{""alpha"": 1e-05, ""kernel"": ""1**2 * RBF(length_scale=2) + WhiteKernel(noise_level=10)""}",angew-aryl-c-h-amination,family_holdout,ee,2v,14,6k|6o|6c|6g|6m|6l|6j|6h|6e|6i|6d|6b|6a|6q,3,6.825688807332952,6f|6n|6p
3.857142857142861,120.62925229240938,33.65646199330491,angew-aryl-c-h-amination,stage2p,22.186936300791956,33,angew-aryl-c-h-amination,gaussian_process,81.0,81.0,,77.14285714285714,74.28571760035905,66.36119412393066,75.03571514372247,65.62534351546375,-3.857142857142861,"{""alpha"": 1e-05, ""kernel"": ""1**2 * RBF(length_scale=2) + WhiteKernel(noise_level=10)""}",angew-aryl-c-h-amination,family_holdout,ee,2w,14,6k|6o|6c|6g|6m|6l|6j|6h|6e|6i|6d|6b|6a|6q,3,6.825688807332952,6f|6n|6p
1.8571428571428612,120.62925229240938,33.65646199330491,angew-aryl-c-h-amination,stage2p,22.186936300791956,33,angew-aryl-c-h-amination,gaussian_process,79.0,79.0,,77.14285714285714,74.28571760035905,66.36119412393066,75.03571514372247,65.62534351546375,-1.8571428571428612,"{""alpha"": 1e-05, ""kernel"": ""1**2 * RBF(length_scale=2) + WhiteKernel(noise_level=10)""}",angew-aryl-c-h-amination,family_holdout,ee,2x,14,6k|6o|6c|6g|6m|6l|6j|6h|6e|6i|6d|6b|6a|6q,3,6.825688807332952,6f|6n|6p
6.142857142857139,120.62925229240938,33.65646199330491,angew-aryl-c-h-amination,stage2p,22.186936300791956,33,angew-aryl-c-h-amination,gaussian_process,71.0,71.0,,77.14285714285714,74.28571760035905,66.36119412393066,75.03571514372247,65.62534351546375,6.142857142857139,"{""alpha"": 1e-05, ""kernel"": ""1**2 * RBF(length_scale=2) + WhiteKernel(noise_level=10)""}",angew-aryl-c-h-amination,family_holdout,ee,2y,14,6k|6o|6c|6g|6m|6l|6j|6h|6e|6i|6d|6b|6a|6q,3,6.825688807332952,6f|6n|6p
7.142857142857139,120.62925229240938,33.65646199330491,angew-aryl-c-h-amination,stage2p,22.186936300791956,33,angew-aryl-c-h-amination,gaussian_process,70.0,70.0,,77.14285714285714,74.28571760035905,66.36119412393066,75.03571514372247,65.62534351546375,7.142857142857139,"{""alpha"": 1e-05, ""kernel"": ""1**2 * RBF(length_scale=2) + WhiteKernel(noise_level=10)""}",angew-aryl-c-h-amination,family_holdout,ee,2z,14,6k|6o|6c|6g|6m|6l|6j|6h|6e|6i|6d|6b|6a|6q,3,6.825688807332952,6f|6n|6p
70.14285714285714,120.62925229240938,33.65646199330491,angew-aryl-c-h-amination,stage2p,22.186936300791956,33,angew-aryl-c-h-amination,gaussian_process,7.0,7.0,,77.14285714285714,74.28571760035905,66.36119412393066,75.03571514372247,65.62534351546375,70.14285714285714,"{""alpha"": 1e-05, ""kernel"": ""1**2 * RBF(length_scale=2) + WhiteKernel(noise_level=10)""}",angew-aryl-c-h-amination,family_holdout,ee,4a,14,6k|6o|6c|6g|6m|6l|6j|6h|6e|6i|6d|6b|6a|6q,3,6.825688807332952,6f|6n|6p
69.14285714285714,120.62925229240938,33.65646199330491,angew-aryl-c-h-amination,stage2p,22.186936300791956,33,angew-aryl-c-h-amination,gaussian_process,8.0,8.0,,77.14285714285714,74.28571760035905,66.36119412393066,75.03571514372247,65.62534351546375,69.14285714285714,"{""alpha"": 1e-05, ""kernel"": ""1**2 * RBF(length_scale=2) + WhiteKernel(noise_level=10)""}",angew-aryl-c-h-amination,family_holdout,ee,4b,14,6k|6o|6c|6g|6m|6l|6j|6h|6e|6i|6d|6b|6a|6q,3,6.825688807332952,6f|6n|6p
27.14285714285714,120.62925229240938,33.65646199330491,angew-aryl-c-h-amination,stage2p,22.186936300791956,33,angew-aryl-c-h-amination,gaussian_process,50.0,50.0,,77.14285714285714,74.28571760035905,66.36119412393066,75.03571514372247,65.62534351546375,27.14285714285714,"{""alpha"": 1e-05, ""kernel"": ""1**2 * RBF(length_scale=2) + WhiteKernel(noise_level=10)""}",angew-aryl-c-h-amination,family_holdout,ee,4c,14,6k|6o|6c|6g|6m|6l|6j|6h|6e|6i|6d|6b|6a|6q,3,6.825688807332952,6f|6n|6p
55.14285714285714,120.62925229240938,33.65646199330491,angew-aryl-c-h-amination,stage2p,22.186936300791956,33,angew-aryl-c-h-amination,gaussian_process,22.0,22.0,,77.14285714285714,74.28571760035905,66.36119412393066,75.03571514372247,65.62534351546375,55.14285714285714,"{""alpha"": 1e-05, ""kernel"": ""1**2 * RBF(length_scale=2) + WhiteKernel(noise_level=10)""}",angew-aryl-c-h-amination,family_holdout,ee,4d,14,6k|6o|6c|6g|6m|6l|6j|6h|6e|6i|6d|6b|6a|6q,3,6.825688807332952,6f|6n|6p
21.14285714285714,120.62925229240938,33.65646199330491,angew-aryl-c-h-amination,stage2p,22.186936300791956,33,angew-aryl-c-h-amination,gaussian_process,56.0,56.0,,77.14285714285714,74.28571760035905,66.36119412393066,75.03571514372247,65.62534351546375,21.14285714285714,"{""alpha"": 1e-05, ""kernel"": ""1**2 * RBF(length_scale=2) + WhiteKernel(noise_level=10)""}",angew-aryl-c-h-amination,family_holdout,ee,4e,14,6k|6o|6c|6g|6m|6l|6j|6h|6e|6i|6d|6b|6a|6q,3,6.825688807332952,6f|6n|6p
5.522039941130302,,,angew-sulfonyl-c-h-amination,stage2p,,17,angew-sulfonyl-c-h-amination,ridge_regression,81.0,81.0,,75.4779600588697,85.86254226990546,50.67752470079225,89.21620085875782,49.57671001097684,-5.522039941130302,"{""alpha"": 10.0}",angew-sulfonyl-c-h-amination,family_holdout,ee,6a,26,4e|2z|2aa|2h|2y|2o|2t|4d|2p|2ac|2c|4c|2n|2x|2ab|2s|2q|2l|4a|2j|2m|2e|2k|2r|2w|2g,7,15.644945664908919,2b|2d|2f|2i|2u|2v|4b
22.95276265061773,,,angew-sulfonyl-c-h-amination,stage2p,,17,angew-sulfonyl-c-h-amination,ridge_regression,93.0,93.0,,70.04723734938227,80.43181956041803,45.24680199130482,83.78547814927039,44.14598730148941,-22.95276265061773,"{""alpha"": 10.0}",angew-sulfonyl-c-h-amination,family_holdout,ee,6b,26,4e|2z|2aa|2h|2y|2o|2t|4d|2p|2ac|2c|4c|2n|2x|2ab|2s|2q|2l|4a|2j|2m|2e|2k|2r|2w|2g,7,15.644945664908919,2b|2d|2f|2i|2u|2v|4b
6.72263469983352,,,angew-sulfonyl-c-h-amination,stage2p,,17,angew-sulfonyl-c-h-amination,ridge_regression,89.0,89.0,,82.27736530016648,92.66194751120224,57.47692994208903,96.0156061000546,56.37611525227362,-6.72263469983352,"{""alpha"": 10.0}",angew-sulfonyl-c-h-amination,family_holdout,ee,6c,26,4e|2z|2aa|2h|2y|2o|2t|4d|2p|2ac|2c|4c|2n|2x|2ab|2s|2q|2l|4a|2j|2m|2e|2k|2r|2w|2g,7,15.644945664908919,2b|2d|2f|2i|2u|2v|4b
31.567962239097923,,,angew-sulfonyl-c-h-amination,stage2p,,17,angew-sulfonyl-c-h-amination,ridge_regression,93.0,93.0,,61.43203776090208,71.81661997193784,36.631602402824626,75.1702785607902,35.53078771300922,-31.567962239097923,"{""alpha"": 10.0}",angew-sulfonyl-c-h-amination,family_holdout,ee,6d,26,4e|2z|2aa|2h|2y|2o|2t|4d|2p|2ac|2c|4c|2n|2x|2ab|2s|2q|2l|4a|2j|2m|2e|2k|2r|2w|2g,7,15.644945664908919,2b|2d|2f|2i|2u|2v|4b
1.8512407146103698,,,angew-sulfonyl-c-h-amination,stage2p,,17,angew-sulfonyl-c-h-amination,ridge_regression,82.0,82.0,,80.14875928538963,90.5333414964254,55.34832392731218,93.88700008527775,54.24750923749677,-1.8512407146103698,"{""alpha"": 10.0}",angew-sulfonyl-c-h-amination,family_holdout,ee,6e,26,4e|2z|2aa|2h|2y|2o|2t|4d|2p|2ac|2c|4c|2n|2x|2ab|2s|2q|2l|4a|2j|2m|2e|2k|2r|2w|2g,7,15.644945664908919,2b|2d|2f|2i|2u|2v|4b
9.036595366932175,,,angew-sulfonyl-c-h-amination,stage2p,,17,angew-sulfonyl-c-h-amination,ridge_regression,89.0,89.0,,79.96340463306782,90.34798684410359,55.162969274990374,93.70164543295594,54.062154585174966,-9.036595366932175,"{""alpha"": 10.0}",angew-sulfonyl-c-h-amination,family_holdout,ee,6f,26,4e|2z|2aa|2h|2y|2o|2t|4d|2p|2ac|2c|4c|2n|2x|2ab|2s|2q|2l|4a|2j|2m|2e|2k|2r|2w|2g,7,15.644945664908919,2b|2d|2f|2i|2u|2v|4b
10.37343575245147,,,angew-sulfonyl-c-h-amination,stage2p,,17,angew-sulfonyl-c-h-amination,ridge_regression,88.0,88.0,,98.37343575245147,108.75801796348723,73.57300039437402,112.11167655233959,72.47218570455861,10.37343575245147,"{""alpha"": 10.0}",angew-sulfonyl-c-h-amination,family_holdout,ee,6g,26,4e|2z|2aa|2h|2y|2o|2t|4d|2p|2ac|2c|4c|2n|2x|2ab|2s|2q|2l|4a|2j|2m|2e|2k|2r|2w|2g,7,15.644945664908919,2b|2d|2f|2i|2u|2v|4b
16.38821673364069,,,angew-sulfonyl-c-h-amination,stage2p,,17,angew-sulfonyl-c-h-amination,ridge_regression,84.0,84.0,,67.61178326635931,77.99636547739507,42.81134790828186,81.35002406624743,41.71053321846645,-16.38821673364069,"{""alpha"": 10.0}",angew-sulfonyl-c-h-amination,family_holdout,ee,6h,26,4e|2z|2aa|2h|2y|2o|2t|4d|2p|2ac|2c|4c|2n|2x|2ab|2s|2q|2l|4a|2j|2m|2e|2k|2r|2w|2g,7,15.644945664908919,2b|2d|2f|2i|2u|2v|4b
1.1844857701545521,,,angew-sulfonyl-c-h-amination,stage2p,,17,angew-sulfonyl-c-h-amination,ridge_regression,88.0,88.0,,86.81551422984545,97.20009644088121,62.015078871768,100.55375502973357,60.91426418195259,-1.1844857701545521,"{""alpha"": 10.0}",angew-sulfonyl-c-h-amination,family_holdout,ee,6i,26,4e|2z|2aa|2h|2y|2o|2t|4d|2p|2ac|2c|4c|2n|2x|2ab|2s|2q|2l|4a|2j|2m|2e|2k|2r|2w|2g,7,15.644945664908919,2b|2d|2f|2i|2u|2v|4b
7.203123162208925,,,angew-sulfonyl-c-h-amination,stage2p,,17,angew-sulfonyl-c-h-amination,ridge_regression,87.0,87.0,,79.79687683779107,90.18145904882684,54.996441479713624,93.53511763767919,53.895626789898216,-7.203123162208925,"{""alpha"": 10.0}",angew-sulfonyl-c-h-amination,family_holdout,ee,6j,26,4e|2z|2aa|2h|2y|2o|2t|4d|2p|2ac|2c|4c|2n|2x|2ab|2s|2q|2l|4a|2j|2m|2e|2k|2r|2w|2g,7,15.644945664908919,2b|2d|2f|2i|2u|2v|4b
14.085261658169287,,,angew-sulfonyl-c-h-amination,stage2p,,17,angew-sulfonyl-c-h-amination,ridge_regression,93.0,93.0,,78.91473834183071,89.29932055286648,54.11430298375326,92.65297914171883,53.013488293937854,-14.085261658169287,"{""alpha"": 10.0}",angew-sulfonyl-c-h-amination,family_holdout,ee,6k,26,4e|2z|2aa|2h|2y|2o|2t|4d|2p|2ac|2c|4c|2n|2x|2ab|2s|2q|2l|4a|2j|2m|2e|2k|2r|2w|2g,7,15.644945664908919,2b|2d|2f|2i|2u|2v|4b
5.164159509731945,,,angew-sulfonyl-c-h-amination,stage2p,,17,angew-sulfonyl-c-h-amination,ridge_regression,58.0,58.0,,52.835840490268055,63.220422701303825,28.035405132190604,66.57408129015617,26.934590442375196,-5.164159509731945,"{""alpha"": 10.0}",angew-sulfonyl-c-h-amination,family_holdout,ee,6l,26,4e|2z|2aa|2h|2y|2o|2t|4d|2p|2ac|2c|4c|2n|2x|2ab|2s|2q|2l|4a|2j|2m|2e|2k|2r|2w|2g,7,15.644945664908919,2b|2d|2f|2i|2u|2v|4b
20.345771495672437,,,angew-sulfonyl-c-h-amination,stage2p,,17,angew-sulfonyl-c-h-amination,ridge_regression,30.0,30.0,,50.34577149567244,60.73035370670821,25.545336137594987,64.08401229556056,24.44452144777958,20.345771495672437,"{""alpha"": 10.0}",angew-sulfonyl-c-h-amination,family_holdout,ee,6m,26,4e|2z|2aa|2h|2y|2o|2t|4d|2p|2ac|2c|4c|2n|2x|2ab|2s|2q|2l|4a|2j|2m|2e|2k|2r|2w|2g,7,15.644945664908919,2b|2d|2f|2i|2u|2v|4b
3.2171899194110978,,,angew-sulfonyl-c-h-amination,stage2p,,17,angew-sulfonyl-c-h-amination,ridge_regression,79.0,79.0,,75.7828100805889,86.16739229162467,50.98237472251145,89.52105088047702,49.88156003269604,-3.2171899194110978,"{""alpha"": 10.0}",angew-sulfonyl-c-h-amination,family_holdout,ee,6n,26,4e|2z|2aa|2h|2y|2o|2t|4d|2p|2ac|2c|4c|2n|2x|2ab|2s|2q|2l|4a|2j|2m|2e|2k|2r|2w|2g,7,15.644945664908919,2b|2d|2f|2i|2u|2v|4b
37.722342039078676,,,angew-sulfonyl-c-h-amination,stage2p,,17,angew-sulfonyl-c-h-amination,ridge_regression,90.0,90.0,,52.277657960921324,62.662240171957095,27.477222602843874,66.01589876080943,26.376407913028466,-37.722342039078676,"{""alpha"": 10.0}",angew-sulfonyl-c-h-amination,family_holdout,ee,6o,26,4e|2z|2aa|2h|2y|2o|2t|4d|2p|2ac|2c|4c|2n|2x|2ab|2s|2q|2l|4a|2j|2m|2e|2k|2r|2w|2g,7,15.644945664908919,2b|2d|2f|2i|2u|2v|4b
17.036103237327467,,,angew-sulfonyl-c-h-amination,stage2p,,17,angew-sulfonyl-c-h-amination,ridge_regression,84.0,84.0,,66.96389676267253,77.3484789737083,42.16346140459508,80.70213756256065,41.062646714779675,-17.036103237327467,"{""alpha"": 10.0}",angew-sulfonyl-c-h-amination,family_holdout,ee,6p,26,4e|2z|2aa|2h|2y|2o|2t|4d|2p|2ac|2c|4c|2n|2x|2ab|2s|2q|2l|4a|2j|2m|2e|2k|2r|2w|2g,7,15.644945664908919,2b|2d|2f|2i|2u|2v|4b
40.34885122167009,,,angew-sulfonyl-c-h-amination,stage2p,,17,angew-sulfonyl-c-h-amination,ridge_regression,24.0,24.0,,64.34885122167009,74.73343343270585,39.54841586359264,78.0870920215582,38.44760117377723,40.34885122167009,"{""alpha"": 10.0}",angew-sulfonyl-c-h-amination,family_holdout,ee,6q,26,4e|2z|2aa|2h|2y|2o|2t|4d|2p|2ac|2c|4c|2n|2x|2ab|2s|2q|2l|4a|2j|2m|2e|2k|2r|2w|2g,7,15.644945664908919,2b|2d|2f|2i|2u|2v|4b
18.109677394821915,,,angew-sulfonyl-c-h-amination,stage2p,,17,angew-sulfonyl-c-h-amination,elastic_net,81.0,81.0,,62.890322605178085,73.87772149304384,39.84599752489312,77.47206528596655,36.23395135372614,-18.109677394821915,"{""alpha"": 1.0, ""l1_ratio"": 1.0}",angew-sulfonyl-c-h-amination,family_holdout,ee,6a,26,4e|2z|2aa|2h|2y|2o|2t|4d|2p|2ac|2c|4c|2n|2x|2ab|2s|2q|2l|4a|2j|2m|2e|2k|2r|2w|2g,7,14.503282869337669,2b|2d|2f|2i|2u|2v|4b
25.73655942826396,,,angew-sulfonyl-c-h-amination,stage2p,,17,angew-sulfonyl-c-h-amination,elastic_net,93.0,93.0,,67.26344057173604,78.25083945960179,44.21911549145108,81.8451832525245,40.6070693202841,-25.73655942826396,"{""alpha"": 1.0, ""l1_ratio"": 1.0}",angew-sulfonyl-c-h-amination,family_holdout,ee,6b,26,4e|2z|2aa|2h|2y|2o|2t|4d|2p|2ac|2c|4c|2n|2x|2ab|2s|2q|2l|4a|2j|2m|2e|2k|2r|2w|2g,7,14.503282869337669,2b|2d|2f|2i|2u|2v|4b
12.359342097289073,,,angew-sulfonyl-c-h-amination,stage2p,,17,angew-sulfonyl-c-h-amination,elastic_net,89.0,89.0,,76.64065790271093,87.62805679057668,53.596332822425964,91.2224005834994,49.984286651258984,-12.359342097289073,"{""alpha"": 1.0, ""l1_ratio"": 1.0}",angew-sulfonyl-c-h-amination,family_holdout,ee,6c,26,4e|2z|2aa|2h|2y|2o|2t|4d|2p|2ac|2c|4c|2n|2x|2ab|2s|2q|2l|4a|2j|2m|2e|2k|2r|2w|2g,7,14.503282869337669,2b|2d|2f|2i|2u|2v|4b
24.073859559187213,,,angew-sulfonyl-c-h-amination,stage2p,,17,angew-sulfonyl-c-h-amination,elastic_net,93.0,93.0,,68.92614044081279,79.91353932867854,45.881815360527824,83.50788312160125,42.269769189360844,-24.073859559187213,"{""alpha"": 1.0, ""l1_ratio"": 1.0}",angew-sulfonyl-c-h-amination,family_holdout,ee,6d,26,4e|2z|2aa|2h|2y|2o|2t|4d|2p|2ac|2c|4c|2n|2x|2ab|2s|2q|2l|4a|2j|2m|2e|2k|2r|2w|2g,7,14.503282869337669,2b|2d|2f|2i|2u|2v|4b
17.470782370403555,,,angew-sulfonyl-c-h-amination,stage2p,,17,angew-sulfonyl-c-h-amination,elastic_net,82.0,82.0,,64.52921762959645,75.5166165174622,41.48489254931148,79.11096031038491,37.8728463781445,-17.470782370403555,"{""alpha"": 1.0, ""l1_ratio"": 1.0}",angew-sulfonyl-c-h-amination,family_holdout,ee,6e,26,4e|2z|2aa|2h|2y|2o|2t|4d|2p|2ac|2c|4c|2n|2x|2ab|2s|2q|2l|4a|2j|2m|2e|2k|2r|2w|2g,7,14.503282869337669,2b|2d|2f|2i|2u|2v|4b
24.369994526633576,,,angew-sulfonyl-c-h-amination,stage2p,,17,angew-sulfonyl-c-h-amination,elastic_net,89.0,89.0,,64.63000547336642,75.61740436123218,41.58568039308146,79.21174815415489,37.97363422191448,-24.369994526633576,"{""alpha"": 1.0, ""l1_ratio"": 1.0}",angew-sulfonyl-c-h-amination,family_holdout,ee,6f,26,4e|2z|2aa|2h|2y|2o|2t|4d|2p|2ac|2c|4c|2n|2x|2ab|2s|2q|2l|4a|2j|2m|2e|2k|2r|2w|2g,7,14.503282869337669,2b|2d|2f|2i|2u|2v|4b
0.11101662932762224,,,angew-sulfonyl-c-h-amination,stage2p,,17,angew-sulfonyl-c-h-amination,elastic_net,88.0,88.0,,88.11101662932762,99.09841551719337,65.06669154904266,102.69275931011609,61.45464537787568,0.11101662932762224,"{""alpha"": 1.0, ""l1_ratio"": 1.0}",angew-sulfonyl-c-h-amination,family_holdout,ee,6g,26,4e|2z|2aa|2h|2y|2o|2t|4d|2p|2ac|2c|4c|2n|2x|2ab|2s|2q|2l|4a|2j|2m|2e|2k|2r|2w|2g,7,14.503282869337669,2b|2d|2f|2i|2u|2v|4b
4.783484017723879,,,angew-sulfonyl-c-h-amination,stage2p,,17,angew-sulfonyl-c-h-amination,elastic_net,84.0,84.0,,79.21651598227612,90.20391487014187,56.17219090199116,93.79825866306459,52.56014473082418,-4.783484017723879,"{""alpha"": 1.0, ""l1_ratio"": 1.0}",angew-sulfonyl-c-h-amination,family_holdout,ee,6h,26,4e|2z|2aa|2h|2y|2o|2t|4d|2p|2ac|2c|4c|2n|2x|2ab|2s|2q|2l|4a|2j|2m|2e|2k|2r|2w|2g,7,14.503282869337669,2b|2d|2f|2i|2u|2v|4b
17.670167173798404,,,angew-sulfonyl-c-h-amination,stage2p,,17,angew-sulfonyl-c-h-amination,elastic_net,88.0,88.0,,70.3298328262016,81.31723171406735,47.28550774591663,84.91157550699006,43.67346157474965,-17.670167173798404,"{""alpha"": 1.0, ""l1_ratio"": 1.0}",angew-sulfonyl-c-h-amination,family_holdout,ee,6i,26,4e|2z|2aa|2h|2y|2o|2t|4d|2p|2ac|2c|4c|2n|2x|2ab|2s|2q|2l|4a|2j|2m|2e|2k|2r|2w|2g,7,14.503282869337669,2b|2d|2f|2i|2u|2v|4b
22.608069456255805,,,angew-sulfonyl-c-h-amination,stage2p,,17,angew-sulfonyl-c-h-amination,elastic_net,87.0,87.0,,64.3919305437442,75.37932943160995,41.34760546345923,78.97367322453266,37.73555929229225,-22.608069456255805,"{""alpha"": 1.0, ""l1_ratio"": 1.0}",angew-sulfonyl-c-h-amination,family_holdout,ee,6j,26,4e|2z|2aa|2h|2y|2o|2t|4d|2p|2ac|2c|4c|2n|2x|2ab|2s|2q|2l|4a|2j|2m|2e|2k|2r|2w|2g,7,14.503282869337669,2b|2d|2f|2i|2u|2v|4b
27.940644641109117,,,angew-sulfonyl-c-h-amination,stage2p,,17,angew-sulfonyl-c-h-amination,elastic_net,93.0,93.0,,65.05935535889088,76.04675424675663,42.01503027860592,79.64109803967935,38.40298410743894,-27.940644641109117,"{""alpha"": 1.0, ""l1_ratio"": 1.0}",angew-sulfonyl-c-h-amination,family_holdout,ee,6k,26,4e|2z|2aa|2h|2y|2o|2t|4d|2p|2ac|2c|4c|2n|2x|2ab|2s|2q|2l|4a|2j|2m|2e|2k|2r|2w|2g,7,14.503282869337669,2b|2d|2f|2i|2u|2v|4b
7.418207342909689,,,angew-sulfonyl-c-h-amination,stage2p,,17,angew-sulfonyl-c-h-amination,elastic_net,58.0,58.0,,50.58179265709031,61.56919154495607,27.537467576805344,65.16353533787878,23.925421405638364,-7.418207342909689,"{""alpha"": 1.0, ""l1_ratio"": 1.0}",angew-sulfonyl-c-h-amination,family_holdout,ee,6l,26,4e|2z|2aa|2h|2y|2o|2t|4d|2p|2ac|2c|4c|2n|2x|2ab|2s|2q|2l|4a|2j|2m|2e|2k|2r|2w|2g,7,14.503282869337669,2b|2d|2f|2i|2u|2v|4b
42.61727920839307,,,angew-sulfonyl-c-h-amination,stage2p,,17,angew-sulfonyl-c-h-amination,elastic_net,30.0,30.0,,72.61727920839307,83.60467809625882,49.57295412810811,87.19902188918154,45.96090795694113,42.61727920839307,"{""alpha"": 1.0, ""l1_ratio"": 1.0}",angew-sulfonyl-c-h-amination,family_holdout,ee,6m,26,4e|2z|2aa|2h|2y|2o|2t|4d|2p|2ac|2c|4c|2n|2x|2ab|2s|2q|2l|4a|2j|2m|2e|2k|2r|2w|2g,7,14.503282869337669,2b|2d|2f|2i|2u|2v|4b
15.093839026837564,,,angew-sulfonyl-c-h-amination,stage2p,,17,angew-sulfonyl-c-h-amination,elastic_net,79.0,79.0,,63.906160973162436,74.8935598610282,40.861835892877465,78.4879036539509,37.249789721710485,-15.093839026837564,"{""alpha"": 1.0, ""l1_ratio"": 1.0}",angew-sulfonyl-c-h-amination,family_holdout,ee,6n,26,4e|2z|2aa|2h|2y|2o|2t|4d|2p|2ac|2c|4c|2n|2x|2ab|2s|2q|2l|4a|2j|2m|2e|2k|2r|2w|2g,7,14.503282869337669,2b|2d|2f|2i|2u|2v|4b
47.66909880540966,,,angew-sulfonyl-c-h-amination,stage2p,,17,angew-sulfonyl-c-h-amination,elastic_net,90.0,90.0,,42.33090119459034,53.31830008245609,19.286576114305372,56.912643875378805,15.674529943138392,-47.66909880540966,"{""alpha"": 1.0, ""l1_ratio"": 1.0}",angew-sulfonyl-c-h-amination,family_holdout,ee,6o,26,4e|2z|2aa|2h|2y|2o|2t|4d|2p|2ac|2c|4c|2n|2x|2ab|2s|2q|2l|4a|2j|2m|2e|2k|2r|2w|2g,7,14.503282869337669,2b|2d|2f|2i|2u|2v|4b
26.40476891324942,,,angew-sulfonyl-c-h-amination,stage2p,,17,angew-sulfonyl-c-h-amination,elastic_net,84.0,84.0,,57.59523108675058,68.58262997461634,34.55090600646561,72.17697376753904,30.938859835298633,-26.40476891324942,"{""alpha"": 1.0, ""l1_ratio"": 1.0}",angew-sulfonyl-c-h-amination,family_holdout,ee,6p,26,4e|2z|2aa|2h|2y|2o|2t|4d|2p|2ac|2c|4c|2n|2x|2ab|2s|2q|2l|4a|2j|2m|2e|2k|2r|2w|2g,7,14.503282869337669,2b|2d|2f|2i|2u|2v|4b
42.5826704787909,,,angew-sulfonyl-c-h-amination,stage2p,,17,angew-sulfonyl-c-h-amination,elastic_net,24.0,24.0,,66.5826704787909,77.57006936665665,43.53834539850594,81.16441315957937,39.92629922733896,42.5826704787909,"{""alpha"": 1.0, ""l1_ratio"": 1.0}",angew-sulfonyl-c-h-amination,family_holdout,ee,6q,26,4e|2z|2aa|2h|2y|2o|2t|4d|2p|2ac|2c|4c|2n|2x|2ab|2s|2q|2l|4a|2j|2m|2e|2k|2r|2w|2g,7,14.503282869337669,2b|2d|2f|2i|2u|2v|4b
11.397118155840488,,,angew-sulfonyl-c-h-amination,stage2p,,17,angew-sulfonyl-c-h-amination,lightgbm,81.0,81.0,,69.60288184415951,87.14216480180868,56.687962488433314,102.5410095422657,55.53267154516587,-11.397118155840488,"{""learning_rate"": 0.1, ""n_estimators"": 75, ""num_leaves"": 3}",angew-sulfonyl-c-h-amination,family_holdout,ee,6a,26,4e|2z|2aa|2h|2y|2o|2t|4d|2p|2ac|2c|4c|2n|2x|2ab|2s|2q|2l|4a|2j|2m|2e|2k|2r|2w|2g,7,12.58329444146464,2b|2d|2f|2i|2u|2v|4b
20.39945209125476,,,angew-sulfonyl-c-h-amination,stage2p,,17,angew-sulfonyl-c-h-amination,lightgbm,93.0,93.0,,72.60054790874524,90.1398308663944,59.68562855301904,105.53867560685143,58.5303376097516,-20.39945209125476,"{""learning_rate"": 0.1, ""n_estimators"": 75, ""num_leaves"": 3}",angew-sulfonyl-c-h-amination,family_holdout,ee,6b,26,4e|2z|2aa|2h|2y|2o|2t|4d|2p|2ac|2c|4c|2n|2x|2ab|2s|2q|2l|4a|2j|2m|2e|2k|2r|2w|2g,7,12.58329444146464,2b|2d|2f|2i|2u|2v|4b
24.09556936484094,,,angew-sulfonyl-c-h-amination,stage2p,,17,angew-sulfonyl-c-h-amination,lightgbm,89.0,89.0,,64.90443063515906,82.44371359280822,51.98951127943286,97.84255833326526,50.834220336165416,-24.09556936484094,"{""learning_rate"": 0.1, ""n_estimators"": 75, ""num_leaves"": 3}",angew-sulfonyl-c-h-amination,family_holdout,ee,6c,26,4e|2z|2aa|2h|2y|2o|2t|4d|2p|2ac|2c|4c|2n|2x|2ab|2s|2q|2l|4a|2j|2m|2e|2k|2r|2w|2g,7,12.58329444146464,2b|2d|2f|2i|2u|2v|4b
34.06854986901144,,,angew-sulfonyl-c-h-amination,stage2p,,17,angew-sulfonyl-c-h-amination,lightgbm,93.0,93.0,,58.93145013098856,76.47073308863773,46.01653077526237,91.86957782909475,44.861239831994915,-34.06854986901144,"{""learning_rate"": 0.1, ""n_estimators"": 75, ""num_leaves"": 3}",angew-sulfonyl-c-h-amination,family_holdout,ee,6d,26,4e|2z|2aa|2h|2y|2o|2t|4d|2p|2ac|2c|4c|2n|2x|2ab|2s|2q|2l|4a|2j|2m|2e|2k|2r|2w|2g,7,12.58329444146464,2b|2d|2f|2i|2u|2v|4b
17.774801729378424,,,angew-sulfonyl-c-h-amination,stage2p,,17,angew-sulfonyl-c-h-amination,lightgbm,82.0,82.0,,64.22519827062158,81.76448122827074,51.31027891489538,97.16332596872778,50.15498797162793,-17.774801729378424,"{""learning_rate"": 0.1, ""n_estimators"": 75, ""num_leaves"": 3}",angew-sulfonyl-c-h-amination,family_holdout,ee,6e,26,4e|2z|2aa|2h|2y|2o|2t|4d|2p|2ac|2c|4c|2n|2x|2ab|2s|2q|2l|4a|2j|2m|2e|2k|2r|2w|2g,7,12.58329444146464,2b|2d|2f|2i|2u|2v|4b
24.774801729378424,,,angew-sulfonyl-c-h-amination,stage2p,,17,angew-sulfonyl-c-h-amination,lightgbm,89.0,89.0,,64.22519827062158,81.76448122827074,51.31027891489538,97.16332596872778,50.15498797162793,-24.774801729378424,"{""learning_rate"": 0.1, ""n_estimators"": 75, ""num_leaves"": 3}",angew-sulfonyl-c-h-amination,family_holdout,ee,6f,26,4e|2z|2aa|2h|2y|2o|2t|4d|2p|2ac|2c|4c|2n|2x|2ab|2s|2q|2l|4a|2j|2m|2e|2k|2r|2w|2g,7,12.58329444146464,2b|2d|2f|2i|2u|2v|4b
10.371259923659238,,,angew-sulfonyl-c-h-amination,stage2p,,17,angew-sulfonyl-c-h-amination,lightgbm,88.0,88.0,,77.62874007634076,95.16802303398993,64.71382072061456,110.56686777444696,63.55852977734712,-10.371259923659238,"{""learning_rate"": 0.1, ""n_estimators"": 75, ""num_leaves"": 3}",angew-sulfonyl-c-h-amination,family_holdout,ee,6g,26,4e|2z|2aa|2h|2y|2o|2t|4d|2p|2ac|2c|4c|2n|2x|2ab|2s|2q|2l|4a|2j|2m|2e|2k|2r|2w|2g,7,12.58329444146464,2b|2d|2f|2i|2u|2v|4b
25.304927835751343,,,angew-sulfonyl-c-h-amination,stage2p,,17,angew-sulfonyl-c-h-amination,lightgbm,84.0,84.0,,58.69507216424866,76.23435512189782,45.78015280852246,91.63319986235484,44.62486186525501,-25.304927835751343,"{""learning_rate"": 0.1, ""n_estimators"": 75, ""num_leaves"": 3}",angew-sulfonyl-c-h-amination,family_holdout,ee,6h,26,4e|2z|2aa|2h|2y|2o|2t|4d|2p|2ac|2c|4c|2n|2x|2ab|2s|2q|2l|4a|2j|2m|2e|2k|2r|2w|2g,7,12.58329444146464,2b|2d|2f|2i|2u|2v|4b
23.50788418423403,,,angew-sulfonyl-c-h-amination,stage2p,,17,angew-sulfonyl-c-h-amination,lightgbm,88.0,88.0,,64.49211581576597,82.03139877341513,51.57719646003977,97.43024351387217,50.42190551677233,-23.50788418423403,"{""learning_rate"": 0.1, ""n_estimators"": 75, ""num_leaves"": 3}",angew-sulfonyl-c-h-amination,family_holdout,ee,6i,26,4e|2z|2aa|2h|2y|2o|2t|4d|2p|2ac|2c|4c|2n|2x|2ab|2s|2q|2l|4a|2j|2m|2e|2k|2r|2w|2g,7,12.58329444146464,2b|2d|2f|2i|2u|2v|4b
22.474828015472426,,,angew-sulfonyl-c-h-amination,stage2p,,17,angew-sulfonyl-c-h-amination,lightgbm,87.0,87.0,,64.52517198452757,82.06445494217674,51.610252628801376,97.46329968263376,50.45496168553393,-22.474828015472426,"{""learning_rate"": 0.1, ""n_estimators"": 75, ""num_leaves"": 3}",angew-sulfonyl-c-h-amination,family_holdout,ee,6j,26,4e|2z|2aa|2h|2y|2o|2t|4d|2p|2ac|2c|4c|2n|2x|2ab|2s|2q|2l|4a|2j|2m|2e|2k|2r|2w|2g,7,12.58329444146464,2b|2d|2f|2i|2u|2v|4b
21.31022755427314,,,angew-sulfonyl-c-h-amination,stage2p,,17,angew-sulfonyl-c-h-amination,lightgbm,93.0,93.0,,71.68977244572686,89.22905540337602,58.77485309000066,104.62790014383305,57.619562146733216,-21.31022755427314,"{""learning_rate"": 0.1, ""n_estimators"": 75, ""num_leaves"": 3}",angew-sulfonyl-c-h-amination,family_holdout,ee,6k,26,4e|2z|2aa|2h|2y|2o|2t|4d|2p|2ac|2c|4c|2n|2x|2ab|2s|2q|2l|4a|2j|2m|2e|2k|2r|2w|2g,7,12.58329444146464,2b|2d|2f|2i|2u|2v|4b
15.464840834061278,,,angew-sulfonyl-c-h-amination,stage2p,,17,angew-sulfonyl-c-h-amination,lightgbm,58.0,58.0,,73.46484083406128,91.00412379171044,60.54992147833508,106.40296853216748,59.394630535067634,15.464840834061278,"{""learning_rate"": 0.1, ""n_estimators"": 75, ""num_leaves"": 3}",angew-sulfonyl-c-h-amination,family_holdout,ee,6l,26,4e|2z|2aa|2h|2y|2o|2t|4d|2p|2ac|2c|4c|2n|2x|2ab|2s|2q|2l|4a|2j|2m|2e|2k|2r|2w|2g,7,12.58329444146464,2b|2d|2f|2i|2u|2v|4b
12.412965534291985,,,angew-sulfonyl-c-h-amination,stage2p,,17,angew-sulfonyl-c-h-amination,lightgbm,30.0,30.0,,42.412965534291985,59.95224849194115,29.49804617856579,75.35109323239817,28.34275523529834,12.412965534291985,"{""learning_rate"": 0.1, ""n_estimators"": 75, ""num_leaves"": 3}",angew-sulfonyl-c-h-amination,family_holdout,ee,6m,26,4e|2z|2aa|2h|2y|2o|2t|4d|2p|2ac|2c|4c|2n|2x|2ab|2s|2q|2l|4a|2j|2m|2e|2k|2r|2w|2g,7,12.58329444146464,2b|2d|2f|2i|2u|2v|4b
0.9619067840925908,,,angew-sulfonyl-c-h-amination,stage2p,,17,angew-sulfonyl-c-h-amination,lightgbm,79.0,79.0,,78.03809321590741,95.57737617355657,65.12317386018121,110.9762209140136,63.967882916913766,-0.9619067840925908,"{""learning_rate"": 0.1, ""n_estimators"": 75, ""num_leaves"": 3}",angew-sulfonyl-c-h-amination,family_holdout,ee,6n,26,4e|2z|2aa|2h|2y|2o|2t|4d|2p|2ac|2c|4c|2n|2x|2ab|2s|2q|2l|4a|2j|2m|2e|2k|2r|2w|2g,7,12.58329444146464,2b|2d|2f|2i|2u|2v|4b
27.81881116062781,,,angew-sulfonyl-c-h-amination,stage2p,,17,angew-sulfonyl-c-h-amination,lightgbm,90.0,90.0,,62.18118883937219,79.72047179702136,49.266269483646,95.11931653747838,48.11097854037855,-27.81881116062781,"{""learning_rate"": 0.1, ""n_estimators"": 75, ""num_leaves"": 3}",angew-sulfonyl-c-h-amination,family_holdout,ee,6o,26,4e|2z|2aa|2h|2y|2o|2t|4d|2p|2ac|2c|4c|2n|2x|2ab|2s|2q|2l|4a|2j|2m|2e|2k|2r|2w|2g,7,12.58329444146464,2b|2d|2f|2i|2u|2v|4b
6.874800497053698,,,angew-sulfonyl-c-h-amination,stage2p,,17,angew-sulfonyl-c-h-amination,lightgbm,84.0,84.0,,77.1251995029463,94.66448246059547,64.2102801472201,110.06332720105249,63.05498920395266,-6.874800497053698,"{""learning_rate"": 0.1, ""n_estimators"": 75, ""num_leaves"": 3}",angew-sulfonyl-c-h-amination,family_holdout,ee,6p,26,4e|2z|2aa|2h|2y|2o|2t|4d|2p|2ac|2c|4c|2n|2x|2ab|2s|2q|2l|4a|2j|2m|2e|2k|2r|2w|2g,7,12.58329444146464,2b|2d|2f|2i|2u|2v|4b
50.81470959237174,,,angew-sulfonyl-c-h-amination,stage2p,,17,angew-sulfonyl-c-h-amination,lightgbm,24.0,24.0,,74.81470959237174,92.3539925500209,61.89979023664554,107.75283729047794,60.7444992933781,50.81470959237174,"{""learning_rate"": 0.1, ""n_estimators"": 75, ""num_leaves"": 3}",angew-sulfonyl-c-h-amination,family_holdout,ee,6q,26,4e|2z|2aa|2h|2y|2o|2t|4d|2p|2ac|2c|4c|2n|2x|2ab|2s|2q|2l|4a|2j|2m|2e|2k|2r|2w|2g,7,12.58329444146464,2b|2d|2f|2i|2u|2v|4b
15.347155930507625,99.98099067669426,31.32469746229048,angew-sulfonyl-c-h-amination,stage2p,17.51436051387852,17,angew-sulfonyl-c-h-amination,gaussian_process,81.0,81.0,,65.65284406949237,79.95731494357055,45.988925880842636,88.64991435885987,45.718382573909004,-15.347155930507625,"{""alpha"": 1e-05, ""kernel"": ""1**2 * RBF(length_scale=1) + WhiteKernel(noise_level=1)""}",angew-sulfonyl-c-h-amination,family_holdout,ee,6a,26,4e|2z|2aa|2h|2y|2o|2t|4d|2p|2ac|2c|4c|2n|2x|2ab|2s|2q|2l|4a|2j|2m|2e|2k|2r|2w|2g,7,15.064625994795302,2b|2d|2f|2i|2u|2v|4b
22.264519136626845,109.85958215295716,31.61137957378915,angew-sulfonyl-c-h-amination,stage2p,19.961276168155106,17,angew-sulfonyl-c-h-amination,gaussian_process,93.0,93.0,,70.73548086337316,85.03995173745133,51.07156267472342,93.73255115274065,50.801019367789785,-22.264519136626845,"{""alpha"": 1e-05, ""kernel"": ""1**2 * RBF(length_scale=1) + WhiteKernel(noise_level=1)""}",angew-sulfonyl-c-h-amination,family_holdout,ee,6b,26,4e|2z|2aa|2h|2y|2o|2t|4d|2p|2ac|2c|4c|2n|2x|2ab|2s|2q|2l|4a|2j|2m|2e|2k|2r|2w|2g,7,15.064625994795302,2b|2d|2f|2i|2u|2v|4b
13.458239796625435,115.4669041490115,35.61661625773764,angew-sulfonyl-c-h-amination,stage2p,20.369971400835166,17,angew-sulfonyl-c-h-amination,gaussian_process,89.0,89.0,,75.54176020337457,89.84623107745274,55.87784201472483,98.53883049274206,55.607298707791195,-13.458239796625435,"{""alpha"": 1e-05, ""kernel"": ""1**2 * RBF(length_scale=1) + WhiteKernel(noise_level=1)""}",angew-sulfonyl-c-h-amination,family_holdout,ee,6c,26,4e|2z|2aa|2h|2y|2o|2t|4d|2p|2ac|2c|4c|2n|2x|2ab|2s|2q|2l|4a|2j|2m|2e|2k|2r|2w|2g,7,15.064625994795302,2b|2d|2f|2i|2u|2v|4b
25.860163699476203,105.49824819221232,28.781424408835278,angew-sulfonyl-c-h-amination,stage2p,19.57061831208598,17,angew-sulfonyl-c-h-amination,gaussian_process,93.0,93.0,,67.1398363005238,81.44430717460197,47.47591811187406,90.1369065898913,47.205374804940426,-25.860163699476203,"{""alpha"": 1e-05, ""kernel"": ""1**2 * RBF(length_scale=1) + WhiteKernel(noise_level=1)""}",angew-sulfonyl-c-h-amination,family_holdout,ee,6d,26,4e|2z|2aa|2h|2y|2o|2t|4d|2p|2ac|2c|4c|2n|2x|2ab|2s|2q|2l|4a|2j|2m|2e|2k|2r|2w|2g,7,15.064625994795302,2b|2d|2f|2i|2u|2v|4b
9.364235483766109,112.61169438906082,32.65983464340697,angew-sulfonyl-c-h-amination,stage2p,20.395882588177003,17,angew-sulfonyl-c-h-amination,gaussian_process,82.0,82.0,,72.63576451623389,86.94023539031207,52.97184632758415,95.63283480560139,52.70130302065052,-9.364235483766109,"{""alpha"": 1e-05, ""kernel"": ""1**2 * RBF(length_scale=1) + WhiteKernel(noise_level=1)""}",angew-sulfonyl-c-h-amination,family_holdout,ee,6e,26,4e|2z|2aa|2h|2y|2o|2t|4d|2p|2ac|2c|4c|2n|2x|2ab|2s|2q|2l|4a|2j|2m|2e|2k|2r|2w|2g,7,15.064625994795302,2b|2d|2f|2i|2u|2v|4b
16.561449628568113,112.22143821530932,32.655662527554455,angew-sulfonyl-c-h-amination,stage2p,20.297391757080323,17,angew-sulfonyl-c-h-amination,gaussian_process,89.0,89.0,,72.43855037143189,86.74302124551006,52.77463218278215,95.43562066079939,52.50408887584852,-16.561449628568113,"{""alpha"": 1e-05, ""kernel"": ""1**2 * RBF(length_scale=1) + WhiteKernel(noise_level=1)""}",angew-sulfonyl-c-h-amination,family_holdout,ee,6f,26,4e|2z|2aa|2h|2y|2o|2t|4d|2p|2ac|2c|4c|2n|2x|2ab|2s|2q|2l|4a|2j|2m|2e|2k|2r|2w|2g,7,15.064625994795302,2b|2d|2f|2i|2u|2v|4b
7.130094041261302,118.1749799462264,43.564831971250996,angew-sulfonyl-c-h-amination,stage2p,19.03320101402434,17,angew-sulfonyl-c-h-amination,gaussian_process,88.0,88.0,,80.8699059587387,95.17437683281688,61.20598777008896,103.8669762481062,60.93544446315533,-7.130094041261302,"{""alpha"": 1e-05, ""kernel"": ""1**2 * RBF(length_scale=1) + WhiteKernel(noise_level=1)""}",angew-sulfonyl-c-h-amination,family_holdout,ee,6g,26,4e|2z|2aa|2h|2y|2o|2t|4d|2p|2ac|2c|4c|2n|2x|2ab|2s|2q|2l|4a|2j|2m|2e|2k|2r|2w|2g,7,15.064625994795302,2b|2d|2f|2i|2u|2v|4b
24.132575732795928,97.10439000140742,22.63045853300072,angew-sulfonyl-c-h-amination,stage2p,18.99845190520579,17,angew-sulfonyl-c-h-amination,gaussian_process,84.0,84.0,,59.86742426720407,74.17189514128225,40.203506078554334,82.86449455657157,39.9329627716207,-24.132575732795928,"{""alpha"": 1e-05, ""kernel"": ""1**2 * RBF(length_scale=1) + WhiteKernel(noise_level=1)""}",angew-sulfonyl-c-h-amination,family_holdout,ee,6h,26,4e|2z|2aa|2h|2y|2o|2t|4d|2p|2ac|2c|4c|2n|2x|2ab|2s|2q|2l|4a|2j|2m|2e|2k|2r|2w|2g,7,15.064625994795302,2b|2d|2f|2i|2u|2v|4b
15.07169069128139,110.37439838630152,35.48222023113569,angew-sulfonyl-c-h-amination,stage2p,19.105147488562714,17,angew-sulfonyl-c-h-amination,gaussian_process,88.0,88.0,,72.92830930871861,87.23278018279679,53.26439112006887,95.92537959808611,52.99384781313524,-15.07169069128139,"{""alpha"": 1e-05, ""kernel"": ""1**2 * RBF(length_scale=1) + WhiteKernel(noise_level=1)""}",angew-sulfonyl-c-h-amination,family_holdout,ee,6i,26,4e|2z|2aa|2h|2y|2o|2t|4d|2p|2ac|2c|4c|2n|2x|2ab|2s|2q|2l|4a|2j|2m|2e|2k|2r|2w|2g,7,15.064625994795302,2b|2d|2f|2i|2u|2v|4b
14.80808735656079,111.6493240506048,32.734501236273616,angew-sulfonyl-c-h-amination,stage2p,20.13133235059469,17,angew-sulfonyl-c-h-amination,gaussian_process,87.0,87.0,,72.19191264343921,86.49638351751739,52.52799445478947,95.18898293280671,52.25745114785584,-14.80808735656079,"{""alpha"": 1e-05, ""kernel"": ""1**2 * RBF(length_scale=1) + WhiteKernel(noise_level=1)""}",angew-sulfonyl-c-h-amination,family_holdout,ee,6j,26,4e|2z|2aa|2h|2y|2o|2t|4d|2p|2ac|2c|4c|2n|2x|2ab|2s|2q|2l|4a|2j|2m|2e|2k|2r|2w|2g,7,15.064625994795302,2b|2d|2f|2i|2u|2v|4b
20.269269332966942,114.91173537686838,30.549725957197737,angew-sulfonyl-c-h-amination,stage2p,21.520920770324143,17,angew-sulfonyl-c-h-amination,gaussian_process,93.0,93.0,,72.73073066703306,87.03520154111123,53.06681247838332,95.72780095640056,52.79626917144969,-20.269269332966942,"{""alpha"": 1e-05, ""kernel"": ""1**2 * RBF(length_scale=1) + WhiteKernel(noise_level=1)""}",angew-sulfonyl-c-h-amination,family_holdout,ee,6k,26,4e|2z|2aa|2h|2y|2o|2t|4d|2p|2ac|2c|4c|2n|2x|2ab|2s|2q|2l|4a|2j|2m|2e|2k|2r|2w|2g,7,15.064625994795302,2b|2d|2f|2i|2u|2v|4b
4.537398351156888,89.18531588020772,17.7398874174785,angew-sulfonyl-c-h-amination,stage2p,18.22587460783909,17,angew-sulfonyl-c-h-amination,gaussian_process,58.0,58.0,,53.46260164884311,67.7670725229213,33.798683460193374,76.4596719382106,33.52814015325974,-4.537398351156888,"{""alpha"": 1e-05, ""kernel"": ""1**2 * RBF(length_scale=1) + WhiteKernel(noise_level=1)""}",angew-sulfonyl-c-h-amination,family_holdout,ee,6l,26,4e|2z|2aa|2h|2y|2o|2t|4d|2p|2ac|2c|4c|2n|2x|2ab|2s|2q|2l|4a|2j|2m|2e|2k|2r|2w|2g,7,15.064625994795302,2b|2d|2f|2i|2u|2v|4b
27.48205463853762,107.96915497084244,6.994954306232799,angew-sulfonyl-c-h-amination,stage2p,25.758724659339194,17,angew-sulfonyl-c-h-amination,gaussian_process,30.0,30.0,,57.48205463853762,71.7865255126158,37.81813644988788,80.47912492790512,37.54759314295425,27.48205463853762,"{""alpha"": 1e-05, ""kernel"": ""1**2 * RBF(length_scale=1) + WhiteKernel(noise_level=1)""}",angew-sulfonyl-c-h-amination,family_holdout,ee,6m,26,4e|2z|2aa|2h|2y|2o|2t|4d|2p|2ac|2c|4c|2n|2x|2ab|2s|2q|2l|4a|2j|2m|2e|2k|2r|2w|2g,7,15.064625994795302,2b|2d|2f|2i|2u|2v|4b
18.27192593023581,93.8564461216576,27.59970201787079,angew-sulfonyl-c-h-amination,stage2p,16.90223063872112,17,angew-sulfonyl-c-h-amination,gaussian_process,79.0,79.0,,60.72807406976419,75.03254494384237,41.06415588111445,83.72514435913169,40.79361257418082,-18.27192593023581,"{""alpha"": 1e-05, ""kernel"": ""1**2 * RBF(length_scale=1) + WhiteKernel(noise_level=1)""}",angew-sulfonyl-c-h-amination,family_holdout,ee,6n,26,4e|2z|2aa|2h|2y|2o|2t|4d|2p|2ac|2c|4c|2n|2x|2ab|2s|2q|2l|4a|2j|2m|2e|2k|2r|2w|2g,7,15.064625994795302,2b|2d|2f|2i|2u|2v|4b
24.443184994830347,106.5282665768473,24.585363433492006,angew-sulfonyl-c-h-amination,stage2p,20.903801822284514,17,angew-sulfonyl-c-h-amination,gaussian_process,90.0,90.0,,65.55681500516965,79.86128587924783,45.892896816519915,88.55388529453715,45.62235350958628,-24.443184994830347,"{""alpha"": 1e-05, ""kernel"": ""1**2 * RBF(length_scale=1) + WhiteKernel(noise_level=1)""}",angew-sulfonyl-c-h-amination,family_holdout,ee,6o,26,4e|2z|2aa|2h|2y|2o|2t|4d|2p|2ac|2c|4c|2n|2x|2ab|2s|2q|2l|4a|2j|2m|2e|2k|2r|2w|2g,7,15.064625994795302,2b|2d|2f|2i|2u|2v|4b
17.369793594364396,103.5391826943985,29.72123011687271,angew-sulfonyl-c-h-amination,stage2p,18.83111035140964,17,angew-sulfonyl-c-h-amination,gaussian_process,84.0,84.0,,66.6302064056356,80.93467727971378,46.966288216985866,89.6272766950031,46.695744910052234,-17.369793594364396,"{""alpha"": 1e-05, ""kernel"": ""1**2 * RBF(length_scale=1) + WhiteKernel(noise_level=1)""}",angew-sulfonyl-c-h-amination,family_holdout,ee,6p,26,4e|2z|2aa|2h|2y|2o|2t|4d|2p|2ac|2c|4c|2n|2x|2ab|2s|2q|2l|4a|2j|2m|2e|2k|2r|2w|2g,7,15.064625994795302,2b|2d|2f|2i|2u|2v|4b
37.97934793804284,96.4311975709141,27.527498305171598,angew-sulfonyl-c-h-amination,stage2p,17.577474302485328,17,angew-sulfonyl-c-h-amination,gaussian_process,24.0,24.0,,61.97934793804284,76.28381881212101,42.315429749393104,84.97641822741033,42.04488644245947,37.97934793804284,"{""alpha"": 1e-05, ""kernel"": ""1**2 * RBF(length_scale=1) + WhiteKernel(noise_level=1)""}",angew-sulfonyl-c-h-amination,family_holdout,ee,6q,26,4e|2z|2aa|2h|2y|2o|2t|4d|2p|2ac|2c|4c|2n|2x|2ab|2s|2q|2l|4a|2j|2m|2e|2k|2r|2w|2g,7,15.064625994795302,2b|2d|2f|2i|2u|2v|4b
29.019729419023633,,,angew-aryl-c-h-amination,stage2pp,,33,angew-aryl-c-h-amination,ridge_regression,45.0,45.0,,74.01972941902363,74.02817559693646,63.771164163651235,75.58558122211063,63.40538014508442,29.019729419023633,"{""alpha"": 10000.0}",angew-aryl-c-h-amination,family_holdout,ee,2aa,14,6k|6o|6c|6g|6m|6l|6j|6h|6e|6i|6d|6b|6a|6q,3,7.039660482651982,6f|6n|6p
34.45332922165622,,,angew-aryl-c-h-amination,stage2pp,,33,angew-aryl-c-h-amination,ridge_regression,39.0,39.0,,73.45332922165622,73.46177539956905,63.20476396628382,75.01918102474322,62.83897994771701,34.45332922165622,"{""alpha"": 10000.0}",angew-aryl-c-h-amination,family_holdout,ee,2ab,14,6k|6o|6c|6g|6m|6l|6j|6h|6e|6i|6d|6b|6a|6q,3,7.039660482651982,6f|6n|6p
26.91705055905922,,,angew-aryl-c-h-amination,stage2pp,,33,angew-aryl-c-h-amination,ridge_regression,50.0,50.0,,76.91705055905922,76.92549673697205,66.66848530368682,78.48290236214622,66.30270128512001,26.91705055905922,"{""alpha"": 10000.0}",angew-aryl-c-h-amination,family_holdout,ee,2ac,14,6k|6o|6c|6g|6m|6l|6j|6h|6e|6i|6d|6b|6a|6q,3,7.039660482651982,6f|6n|6p
8.252362656203829,,,angew-aryl-c-h-amination,stage2pp,,33,angew-aryl-c-h-amination,ridge_regression,88.0,88.0,,79.74763734379617,79.756083521709,69.49907208842377,81.31348914688317,69.13328806985696,-8.252362656203829,"{""alpha"": 10000.0}",angew-aryl-c-h-amination,family_holdout,ee,2b,14,6k|6o|6c|6g|6m|6l|6j|6h|6e|6i|6d|6b|6a|6q,3,7.039660482651982,6f|6n|6p
2.6662863491399094,,,angew-aryl-c-h-amination,stage2pp,,33,angew-aryl-c-h-amination,ridge_regression,79.0,79.0,,76.33371365086009,76.34215982877292,66.08514839548769,77.89956545394709,65.71936437692088,-2.6662863491399094,"{""alpha"": 10000.0}",angew-aryl-c-h-amination,family_holdout,ee,2c,14,6k|6o|6c|6g|6m|6l|6j|6h|6e|6i|6d|6b|6a|6q,3,7.039660482651982,6f|6n|6p
7.213982434404613,,,angew-aryl-c-h-amination,stage2pp,,33,angew-aryl-c-h-amination,ridge_regression,86.0,86.0,,78.78601756559539,78.79446374350822,68.53745231022299,80.35186936868239,68.17166829165618,-7.213982434404613,"{""alpha"": 10000.0}",angew-aryl-c-h-amination,family_holdout,ee,2d,14,6k|6o|6c|6g|6m|6l|6j|6h|6e|6i|6d|6b|6a|6q,3,7.039660482651982,6f|6n|6p
2.36911511241253,,,angew-aryl-c-h-amination,stage2pp,,33,angew-aryl-c-h-amination,ridge_regression,82.0,82.0,,79.63088488758747,79.6393310655003,69.38231963221507,81.19673669067447,69.01653561364826,-2.36911511241253,"{""alpha"": 10000.0}",angew-aryl-c-h-amination,family_holdout,ee,2e,14,6k|6o|6c|6g|6m|6l|6j|6h|6e|6i|6d|6b|6a|6q,3,7.039660482651982,6f|6n|6p
6.3254446691611435,,,angew-aryl-c-h-amination,stage2pp,,33,angew-aryl-c-h-amination,ridge_regression,84.0,84.0,,77.67455533083886,77.68300150875169,67.42599007546646,79.24040713392586,67.06020605689964,-6.3254446691611435,"{""alpha"": 10000.0}",angew-aryl-c-h-amination,family_holdout,ee,2f,14,6k|6o|6c|6g|6m|6l|6j|6h|6e|6i|6d|6b|6a|6q,3,7.039660482651982,6f|6n|6p
8.118680898957834,,,angew-aryl-c-h-amination,stage2pp,,33,angew-aryl-c-h-amination,ridge_regression,86.0,86.0,,77.88131910104217,77.889765278955,67.63275384566977,79.44717090412917,67.26696982710295,-8.118680898957834,"{""alpha"": 10000.0}",angew-aryl-c-h-amination,family_holdout,ee,2g,14,6k|6o|6c|6g|6m|6l|6j|6h|6e|6i|6d|6b|6a|6q,3,7.039660482651982,6f|6n|6p
8.312589594352247,,,angew-aryl-c-h-amination,stage2pp,,33,angew-aryl-c-h-amination,ridge_regression,90.0,90.0,,81.68741040564775,81.69585658356058,71.43884515027536,83.25326220873475,71.07306113170854,-8.312589594352247,"{""alpha"": 10000.0}",angew-aryl-c-h-amination,family_holdout,ee,2h,14,6k|6o|6c|6g|6m|6l|6j|6h|6e|6i|6d|6b|6a|6q,3,7.039660482651982,6f|6n|6p
27.0,,,angew-aryl-c-h-amination,stage2pp,,33,angew-aryl-c-h-amination,ridge_regression,73.0,73.0,,100.0,100.00844617791283,89.7514347446276,101.565851803087,89.38565072606079,27.0,"{""alpha"": 10000.0}",angew-aryl-c-h-amination,family_holdout,ee,2i,14,6k|6o|6c|6g|6m|6l|6j|6h|6e|6i|6d|6b|6a|6q,3,7.039660482651982,6f|6n|6p
21.0,,,angew-aryl-c-h-amination,stage2pp,,33,angew-aryl-c-h-amination,ridge_regression,79.0,79.0,,100.0,100.00844617791283,89.7514347446276,101.565851803087,89.38565072606079,21.0,"{""alpha"": 10000.0}",angew-aryl-c-h-amination,family_holdout,ee,2j,14,6k|6o|6c|6g|6m|6l|6j|6h|6e|6i|6d|6b|6a|6q,3,7.039660482651982,6f|6n|6p
14.06589281334334,,,angew-aryl-c-h-amination,stage2pp,,33,angew-aryl-c-h-amination,ridge_regression,90.0,90.0,,75.93410718665666,75.94255336456949,65.68554193128426,77.49995898974366,65.31975791271745,-14.06589281334334,"{""alpha"": 10000.0}",angew-aryl-c-h-amination,family_holdout,ee,2k,14,6k|6o|6c|6g|6m|6l|6j|6h|6e|6i|6d|6b|6a|6q,3,7.039660482651982,6f|6n|6p
22.0,,,angew-aryl-c-h-amination,stage2pp,,33,angew-aryl-c-h-amination,ridge_regression,78.0,78.0,,100.0,100.00844617791283,89.7514347446276,101.565851803087,89.38565072606079,22.0,"{""alpha"": 10000.0}",angew-aryl-c-h-amination,family_holdout,ee,2l,14,6k|6o|6c|6g|6m|6l|6j|6h|6e|6i|6d|6b|6a|6q,3,7.039660482651982,6f|6n|6p
13.502039313726357,,,angew-aryl-c-h-amination,stage2pp,,33,angew-aryl-c-h-amination,ridge_regression,87.0,87.0,,73.49796068627364,73.50640686418647,63.249395430901245,75.06381248936064,62.88361141233443,-13.502039313726357,"{""alpha"": 10000.0}",angew-aryl-c-h-amination,family_holdout,ee,2m,14,6k|6o|6c|6g|6m|6l|6j|6h|6e|6i|6d|6b|6a|6q,3,7.039660482651982,6f|6n|6p
18.21197529643301,,,angew-aryl-c-h-amination,stage2pp,,33,angew-aryl-c-h-amination,ridge_regression,60.0,60.0,,78.21197529643301,78.22042147434584,67.96341004106061,79.77782709952001,67.5976260224938,18.21197529643301,"{""alpha"": 10000.0}",angew-aryl-c-h-amination,family_holdout,ee,2n,14,6k|6o|6c|6g|6m|6l|6j|6h|6e|6i|6d|6b|6a|6q,3,7.039660482651982,6f|6n|6p
18.91290773963007,,,angew-aryl-c-h-amination,stage2pp,,33,angew-aryl-c-h-amination,ridge_regression,56.0,56.0,,74.91290773963007,74.9213539175429,64.66434248425767,76.47875954271707,64.29855846569086,18.91290773963007,"{""alpha"": 10000.0}",angew-aryl-c-h-amination,family_holdout,ee,2o,14,6k|6o|6c|6g|6m|6l|6j|6h|6e|6i|6d|6b|6a|6q,3,7.039660482651982,6f|6n|6p
8.27429452374136,,,angew-aryl-c-h-amination,stage2pp,,33,angew-aryl-c-h-amination,ridge_regression,71.0,71.0,,79.27429452374136,79.28274070165419,69.02572926836896,80.84014632682836,68.65994524980215,8.27429452374136,"{""alpha"": 10000.0}",angew-aryl-c-h-amination,family_holdout,ee,2p,14,6k|6o|6c|6g|6m|6l|6j|6h|6e|6i|6d|6b|6a|6q,3,7.039660482651982,6f|6n|6p
23.21732239006704,,,angew-aryl-c-h-amination,stage2pp,,33,angew-aryl-c-h-amination,ridge_regression,51.0,51.0,,74.21732239006704,74.22576856797987,63.96875713469464,75.78317419315404,63.60297311612783,23.21732239006704,"{""alpha"": 10000.0}",angew-aryl-c-h-amination,family_holdout,ee,2q,14,6k|6o|6c|6g|6m|6l|6j|6h|6e|6i|6d|6b|6a|6q,3,7.039660482651982,6f|6n|6p
5.776466536712903,,,angew-aryl-c-h-amination,stage2pp,,33,angew-aryl-c-h-amination,ridge_regression,80.0,80.0,,74.2235334632871,74.23197964119993,63.9749682079147,75.7893852663741,63.609184189347886,-5.776466536712903,"{""alpha"": 10000.0}",angew-aryl-c-h-amination,family_holdout,ee,2r,14,6k|6o|6c|6g|6m|6l|6j|6h|6e|6i|6d|6b|6a|6q,3,7.039660482651982,6f|6n|6p
7.6657998667665055,,,angew-aryl-c-h-amination,stage2pp,,33,angew-aryl-c-h-amination,ridge_regression,72.0,72.0,,79.6657998667665,79.67424604467934,69.41723461139411,81.2316516698535,69.0514505928273,7.6657998667665055,"{""alpha"": 10000.0}",angew-aryl-c-h-amination,family_holdout,ee,2s,14,6k|6o|6c|6g|6m|6l|6j|6h|6e|6i|6d|6b|6a|6q,3,7.039660482651982,6f|6n|6p
3.1498554984356133,,,angew-aryl-c-h-amination,stage2pp,,33,angew-aryl-c-h-amination,ridge_regression,74.0,74.0,,70.85014450156439,70.85859067947722,60.60157924619199,72.41599630465139,60.235795227625175,-3.1498554984356133,"{""alpha"": 10000.0}",angew-aryl-c-h-amination,family_holdout,ee,2t,14,6k|6o|6c|6g|6m|6l|6j|6h|6e|6i|6d|6b|6a|6q,3,7.039660482651982,6f|6n|6p
4.328593111688548,,,angew-aryl-c-h-amination,stage2pp,,33,angew-aryl-c-h-amination,ridge_regression,84.0,84.0,,79.67140688831145,79.67985306622428,69.42284163293905,81.23725869139845,69.05705761437224,-4.328593111688548,"{""alpha"": 10000.0}",angew-aryl-c-h-amination,family_holdout,ee,2u,14,6k|6o|6c|6g|6m|6l|6j|6h|6e|6i|6d|6b|6a|6q,3,7.039660482651982,6f|6n|6p
3.037704717333355,,,angew-aryl-c-h-amination,stage2pp,,33,angew-aryl-c-h-amination,ridge_regression,84.0,84.0,,80.96229528266664,80.97074146057948,70.71373002729425,82.52814708575364,70.34794600872743,-3.037704717333355,"{""alpha"": 10000.0}",angew-aryl-c-h-amination,family_holdout,ee,2v,14,6k|6o|6c|6g|6m|6l|6j|6h|6e|6i|6d|6b|6a|6q,3,7.039660482651982,6f|6n|6p
3.18412024919904,,,angew-aryl-c-h-amination,stage2pp,,33,angew-aryl-c-h-amination,ridge_regression,81.0,81.0,,84.18412024919904,84.19256642711187,73.93555499382664,85.74997205228604,73.56977097525983,3.18412024919904,"{""alpha"": 10000.0}",angew-aryl-c-h-amination,family_holdout,ee,2w,14,6k|6o|6c|6g|6m|6l|6j|6h|6e|6i|6d|6b|6a|6q,3,7.039660482651982,6f|6n|6p
21.0,,,angew-aryl-c-h-amination,stage2pp,,33,angew-aryl-c-h-amination,ridge_regression,79.0,79.0,,100.0,100.00844617791283,89.7514347446276,101.565851803087,89.38565072606079,21.0,"{""alpha"": 10000.0}",angew-aryl-c-h-amination,family_holdout,ee,2x,14,6k|6o|6c|6g|6m|6l|6j|6h|6e|6i|6d|6b|6a|6q,3,7.039660482651982,6f|6n|6p
12.096501268768506,,,angew-aryl-c-h-amination,stage2pp,,33,angew-aryl-c-h-amination,ridge_regression,71.0,71.0,,83.0965012687685,83.10494744668134,72.84793601339611,84.6623530718555,72.4821519948293,12.096501268768506,"{""alpha"": 10000.0}",angew-aryl-c-h-amination,family_holdout,ee,2y,14,6k|6o|6c|6g|6m|6l|6j|6h|6e|6i|6d|6b|6a|6q,3,7.039660482651982,6f|6n|6p
3.900950253930077,,,angew-aryl-c-h-amination,stage2pp,,33,angew-aryl-c-h-amination,ridge_regression,70.0,70.0,,73.90095025393008,73.90939643184291,63.65238499855768,75.46680205701708,63.286600979990865,3.900950253930077,"{""alpha"": 10000.0}",angew-aryl-c-h-amination,family_holdout,ee,2z,14,6k|6o|6c|6g|6m|6l|6j|6h|6e|6i|6d|6b|6a|6q,3,7.039660482651982,6f|6n|6p
63.76095478975945,,,angew-aryl-c-h-amination,stage2pp,,33,angew-aryl-c-h-amination,ridge_regression,7.0,7.0,,70.76095478975945,70.76940096767228,60.512389534387054,72.32680659284645,60.14660551582024,63.76095478975945,"{""alpha"": 10000.0}",angew-aryl-c-h-amination,family_holdout,ee,4a,14,6k|6o|6c|6g|6m|6l|6j|6h|6e|6i|6d|6b|6a|6q,3,7.039660482651982,6f|6n|6p
65.17814758401407,,,angew-aryl-c-h-amination,stage2pp,,33,angew-aryl-c-h-amination,ridge_regression,8.0,8.0,,73.17814758401407,73.1865937619269,62.92958232864167,74.74399938710107,62.56379831007486,65.17814758401407,"{""alpha"": 10000.0}",angew-aryl-c-h-amination,family_holdout,ee,4b,14,6k|6o|6c|6g|6m|6l|6j|6h|6e|6i|6d|6b|6a|6q,3,7.039660482651982,6f|6n|6p
13.669220646101863,,,angew-aryl-c-h-amination,stage2pp,,33,angew-aryl-c-h-amination,ridge_regression,50.0,50.0,,63.66922064610186,63.67766682401469,53.420655390729465,65.23507244918886,53.05487137216265,13.669220646101863,"{""alpha"": 10000.0}",angew-aryl-c-h-amination,family_holdout,ee,4c,14,6k|6o|6c|6g|6m|6l|6j|6h|6e|6i|6d|6b|6a|6q,3,7.039660482651982,6f|6n|6p
51.93861854986541,,,angew-aryl-c-h-amination,stage2pp,,33,angew-aryl-c-h-amination,ridge_regression,22.0,22.0,,73.93861854986541,73.94706472777824,63.69005329449301,75.50447035295241,63.3242692759262,51.93861854986541,"{""alpha"": 10000.0}",angew-aryl-c-h-amination,family_holdout,ee,4d,14,6k|6o|6c|6g|6m|6l|6j|6h|6e|6i|6d|6b|6a|6q,3,7.039660482651982,6f|6n|6p
23.603881708470425,,,angew-aryl-c-h-amination,stage2pp,,33,angew-aryl-c-h-amination,ridge_regression,56.0,56.0,,79.60388170847042,79.61232788638326,69.35531645309803,81.16973351155742,68.98953243453121,23.603881708470425,"{""alpha"": 10000.0}",angew-aryl-c-h-amination,family_holdout,ee,4e,14,6k|6o|6c|6g|6m|6l|6j|6h|6e|6i|6d|6b|6a|6q,3,7.039660482651982,6f|6n|6p
32.14285714285714,,,angew-aryl-c-h-amination,stage2pp,,33,angew-aryl-c-h-amination,elastic_net,45.0,45.0,,77.14285714285714,74.28571428571428,66.28571428571428,75.03571428571428,65.53571428571428,32.14285714285714,"{""alpha"": 100.0, ""l1_ratio"": 0.2}",angew-aryl-c-h-amination,family_holdout,ee,2aa,14,6k|6o|6c|6g|6m|6l|6j|6h|6e|6i|6d|6b|6a|6q,3,6.857142857142861,6f|6n|6p
38.14285714285714,,,angew-aryl-c-h-amination,stage2pp,,33,angew-aryl-c-h-amination,elastic_net,39.0,39.0,,77.14285714285714,74.28571428571428,66.28571428571428,75.03571428571428,65.53571428571428,38.14285714285714,"{""alpha"": 100.0, ""l1_ratio"": 0.2}",angew-aryl-c-h-amination,family_holdout,ee,2ab,14,6k|6o|6c|6g|6m|6l|6j|6h|6e|6i|6d|6b|6a|6q,3,6.857142857142861,6f|6n|6p
27.14285714285714,,,angew-aryl-c-h-amination,stage2pp,,33,angew-aryl-c-h-amination,elastic_net,50.0,50.0,,77.14285714285714,74.28571428571428,66.28571428571428,75.03571428571428,65.53571428571428,27.14285714285714,"{""alpha"": 100.0, ""l1_ratio"": 0.2}",angew-aryl-c-h-amination,family_holdout,ee,2ac,14,6k|6o|6c|6g|6m|6l|6j|6h|6e|6i|6d|6b|6a|6q,3,6.857142857142861,6f|6n|6p
10.857142857142861,,,angew-aryl-c-h-amination,stage2pp,,33,angew-aryl-c-h-amination,elastic_net,88.0,88.0,,77.14285714285714,74.28571428571428,66.28571428571428,75.03571428571428,65.53571428571428,-10.857142857142861,"{""alpha"": 100.0, ""l1_ratio"": 0.2}",angew-aryl-c-h-amination,family_holdout,ee,2b,14,6k|6o|6c|6g|6m|6l|6j|6h|6e|6i|6d|6b|6a|6q,3,6.857142857142861,6f|6n|6p
1.8571428571428612,,,angew-aryl-c-h-amination,stage2pp,,33,angew-aryl-c-h-amination,elastic_net,79.0,79.0,,77.14285714285714,74.28571428571428,66.28571428571428,75.03571428571428,65.53571428571428,-1.8571428571428612,"{""alpha"": 100.0, ""l1_ratio"": 0.2}",angew-aryl-c-h-amination,family_holdout,ee,2c,14,6k|6o|6c|6g|6m|6l|6j|6h|6e|6i|6d|6b|6a|6q,3,6.857142857142861,6f|6n|6p
8.857142857142861,,,angew-aryl-c-h-amination,stage2pp,,33,angew-aryl-c-h-amination,elastic_net,86.0,86.0,,77.14285714285714,74.28571428571428,66.28571428571428,75.03571428571428,65.53571428571428,-8.857142857142861,"{""alpha"": 100.0, ""l1_ratio"": 0.2}",angew-aryl-c-h-amination,family_holdout,ee,2d,14,6k|6o|6c|6g|6m|6l|6j|6h|6e|6i|6d|6b|6a|6q,3,6.857142857142861,6f|6n|6p
4.857142857142861,,,angew-aryl-c-h-amination,stage2pp,,33,angew-aryl-c-h-amination,elastic_net,82.0,82.0,,77.14285714285714,74.28571428571428,66.28571428571428,75.03571428571428,65.53571428571428,-4.857142857142861,"{""alpha"": 100.0, ""l1_ratio"": 0.2}",angew-aryl-c-h-amination,family_holdout,ee,2e,14,6k|6o|6c|6g|6m|6l|6j|6h|6e|6i|6d|6b|6a|6q,3,6.857142857142861,6f|6n|6p
6.857142857142861,,,angew-aryl-c-h-amination,stage2pp,,33,angew-aryl-c-h-amination,elastic_net,84.0,84.0,,77.14285714285714,74.28571428571428,66.28571428571428,75.03571428571428,65.53571428571428,-6.857142857142861,"{""alpha"": 100.0, ""l1_ratio"": 0.2}",angew-aryl-c-h-amination,family_holdout,ee,2f,14,6k|6o|6c|6g|6m|6l|6j|6h|6e|6i|6d|6b|6a|6q,3,6.857142857142861,6f|6n|6p
8.857142857142861,,,angew-aryl-c-h-amination,stage2pp,,33,angew-aryl-c-h-amination,elastic_net,86.0,86.0,,77.14285714285714,74.28571428571428,66.28571428571428,75.03571428571428,65.53571428571428,-8.857142857142861,"{""alpha"": 100.0, ""l1_ratio"": 0.2}",angew-aryl-c-h-amination,family_holdout,ee,2g,14,6k|6o|6c|6g|6m|6l|6j|6h|6e|6i|6d|6b|6a|6q,3,6.857142857142861,6f|6n|6p
12.857142857142861,,,angew-aryl-c-h-amination,stage2pp,,33,angew-aryl-c-h-amination,elastic_net,90.0,90.0,,77.14285714285714,74.28571428571428,66.28571428571428,75.03571428571428,65.53571428571428,-12.857142857142861,"{""alpha"": 100.0, ""l1_ratio"": 0.2}",angew-aryl-c-h-amination,family_holdout,ee,2h,14,6k|6o|6c|6g|6m|6l|6j|6h|6e|6i|6d|6b|6a|6q,3,6.857142857142861,6f|6n|6p
4.142857142857139,,,angew-aryl-c-h-amination,stage2pp,,33,angew-aryl-c-h-amination,elastic_net,73.0,73.0,,77.14285714285714,74.28571428571428,66.28571428571428,75.03571428571428,65.53571428571428,4.142857142857139,"{""alpha"": 100.0, ""l1_ratio"": 0.2}",angew-aryl-c-h-amination,family_holdout,ee,2i,14,6k|6o|6c|6g|6m|6l|6j|6h|6e|6i|6d|6b|6a|6q,3,6.857142857142861,6f|6n|6p
1.8571428571428612,,,angew-aryl-c-h-amination,stage2pp,,33,angew-aryl-c-h-amination,elastic_net,79.0,79.0,,77.14285714285714,74.28571428571428,66.28571428571428,75.03571428571428,65.53571428571428,-1.8571428571428612,"{""alpha"": 100.0, ""l1_ratio"": 0.2}",angew-aryl-c-h-amination,family_holdout,ee,2j,14,6k|6o|6c|6g|6m|6l|6j|6h|6e|6i|6d|6b|6a|6q,3,6.857142857142861,6f|6n|6p
12.857142857142861,,,angew-aryl-c-h-amination,stage2pp,,33,angew-aryl-c-h-amination,elastic_net,90.0,90.0,,77.14285714285714,74.28571428571428,66.28571428571428,75.03571428571428,65.53571428571428,-12.857142857142861,"{""alpha"": 100.0, ""l1_ratio"": 0.2}",angew-aryl-c-h-amination,family_holdout,ee,2k,14,6k|6o|6c|6g|6m|6l|6j|6h|6e|6i|6d|6b|6a|6q,3,6.857142857142861,6f|6n|6p
0.8571428571428612,,,angew-aryl-c-h-amination,stage2pp,,33,angew-aryl-c-h-amination,elastic_net,78.0,78.0,,77.14285714285714,74.28571428571428,66.28571428571428,75.03571428571428,65.53571428571428,-0.8571428571428612,"{""alpha"": 100.0, ""l1_ratio"": 0.2}",angew-aryl-c-h-amination,family_holdout,ee,2l,14,6k|6o|6c|6g|6m|6l|6j|6h|6e|6i|6d|6b|6a|6q,3,6.857142857142861,6f|6n|6p
9.857142857142861,,,angew-aryl-c-h-amination,stage2pp,,33,angew-aryl-c-h-amination,elastic_net,87.0,87.0,,77.14285714285714,74.28571428571428,66.28571428571428,75.03571428571428,65.53571428571428,-9.857142857142861,"{""alpha"": 100.0, ""l1_ratio"": 0.2}",angew-aryl-c-h-amination,family_holdout,ee,2m,14,6k|6o|6c|6g|6m|6l|6j|6h|6e|6i|6d|6b|6a|6q,3,6.857142857142861,6f|6n|6p
17.14285714285714,,,angew-aryl-c-h-amination,stage2pp,,33,angew-aryl-c-h-amination,elastic_net,60.0,60.0,,77.14285714285714,74.28571428571428,66.28571428571428,75.03571428571428,65.53571428571428,17.14285714285714,"{""alpha"": 100.0, ""l1_ratio"": 0.2}",angew-aryl-c-h-amination,family_holdout,ee,2n,14,6k|6o|6c|6g|6m|6l|6j|6h|6e|6i|6d|6b|6a|6q,3,6.857142857142861,6f|6n|6p
21.14285714285714,,,angew-aryl-c-h-amination,stage2pp,,33,angew-aryl-c-h-amination,elastic_net,56.0,56.0,,77.14285714285714,74.28571428571428,66.28571428571428,75.03571428571428,65.53571428571428,21.14285714285714,"{""alpha"": 100.0, ""l1_ratio"": 0.2}",angew-aryl-c-h-amination,family_holdout,ee,2o,14,6k|6o|6c|6g|6m|6l|6j|6h|6e|6i|6d|6b|6a|6q,3,6.857142857142861,6f|6n|6p
6.142857142857139,,,angew-aryl-c-h-amination,stage2pp,,33,angew-aryl-c-h-amination,elastic_net,71.0,71.0,,77.14285714285714,74.28571428571428,66.28571428571428,75.03571428571428,65.53571428571428,6.142857142857139,"{""alpha"": 100.0, ""l1_ratio"": 0.2}",angew-aryl-c-h-amination,family_holdout,ee,2p,14,6k|6o|6c|6g|6m|6l|6j|6h|6e|6i|6d|6b|6a|6q,3,6.857142857142861,6f|6n|6p
26.14285714285714,,,angew-aryl-c-h-amination,stage2pp,,33,angew-aryl-c-h-amination,elastic_net,51.0,51.0,,77.14285714285714,74.28571428571428,66.28571428571428,75.03571428571428,65.53571428571428,26.14285714285714,"{""alpha"": 100.0, ""l1_ratio"": 0.2}",angew-aryl-c-h-amination,family_holdout,ee,2q,14,6k|6o|6c|6g|6m|6l|6j|6h|6e|6i|6d|6b|6a|6q,3,6.857142857142861,6f|6n|6p
2.857142857142861,,,angew-aryl-c-h-amination,stage2pp,,33,angew-aryl-c-h-amination,elastic_net,80.0,80.0,,77.14285714285714,74.28571428571428,66.28571428571428,75.03571428571428,65.53571428571428,-2.857142857142861,"{""alpha"": 100.0, ""l1_ratio"": 0.2}",angew-aryl-c-h-amination,family_holdout,ee,2r,14,6k|6o|6c|6g|6m|6l|6j|6h|6e|6i|6d|6b|6a|6q,3,6.857142857142861,6f|6n|6p
5.142857142857139,,,angew-aryl-c-h-amination,stage2pp,,33,angew-aryl-c-h-amination,elastic_net,72.0,72.0,,77.14285714285714,74.28571428571428,66.28571428571428,75.03571428571428,65.53571428571428,5.142857142857139,"{""alpha"": 100.0, ""l1_ratio"": 0.2}",angew-aryl-c-h-amination,family_holdout,ee,2s,14,6k|6o|6c|6g|6m|6l|6j|6h|6e|6i|6d|6b|6a|6q,3,6.857142857142861,6f|6n|6p
3.142857142857139,,,angew-aryl-c-h-amination,stage2pp,,33,angew-aryl-c-h-amination,elastic_net,74.0,74.0,,77.14285714285714,74.28571428571428,66.28571428571428,75.03571428571428,65.53571428571428,3.142857142857139,"{""alpha"": 100.0, ""l1_ratio"": 0.2}",angew-aryl-c-h-amination,family_holdout,ee,2t,14,6k|6o|6c|6g|6m|6l|6j|6h|6e|6i|6d|6b|6a|6q,3,6.857142857142861,6f|6n|6p
6.857142857142861,,,angew-aryl-c-h-amination,stage2pp,,33,angew-aryl-c-h-amination,elastic_net,84.0,84.0,,77.14285714285714,74.28571428571428,66.28571428571428,75.03571428571428,65.53571428571428,-6.857142857142861,"{""alpha"": 100.0, ""l1_ratio"": 0.2}",angew-aryl-c-h-amination,family_holdout,ee,2u,14,6k|6o|6c|6g|6m|6l|6j|6h|6e|6i|6d|6b|6a|6q,3,6.857142857142861,6f|6n|6p
6.857142857142861,,,angew-aryl-c-h-amination,stage2pp,,33,angew-aryl-c-h-amination,elastic_net,84.0,84.0,,77.14285714285714,74.28571428571428,66.28571428571428,75.03571428571428,65.53571428571428,-6.857142857142861,"{""alpha"": 100.0, ""l1_ratio"": 0.2}",angew-aryl-c-h-amination,family_holdout,ee,2v,14,6k|6o|6c|6g|6m|6l|6j|6h|6e|6i|6d|6b|6a|6q,3,6.857142857142861,6f|6n|6p
3.857142857142861,,,angew-aryl-c-h-amination,stage2pp,,33,angew-aryl-c-h-amination,elastic_net,81.0,81.0,,77.14285714285714,74.28571428571428,66.28571428571428,75.03571428571428,65.53571428571428,-3.857142857142861,"{""alpha"": 100.0, ""l1_ratio"": 0.2}",angew-aryl-c-h-amination,family_holdout,ee,2w,14,6k|6o|6c|6g|6m|6l|6j|6h|6e|6i|6d|6b|6a|6q,3,6.857142857142861,6f|6n|6p
1.8571428571428612,,,angew-aryl-c-h-amination,stage2pp,,33,angew-aryl-c-h-amination,elastic_net,79.0,79.0,,77.14285714285714,74.28571428571428,66.28571428571428,75.03571428571428,65.53571428571428,-1.8571428571428612,"{""alpha"": 100.0, ""l1_ratio"": 0.2}",angew-aryl-c-h-amination,family_holdout,ee,2x,14,6k|6o|6c|6g|6m|6l|6j|6h|6e|6i|6d|6b|6a|6q,3,6.857142857142861,6f|6n|6p
6.142857142857139,,,angew-aryl-c-h-amination,stage2pp,,33,angew-aryl-c-h-amination,elastic_net,71.0,71.0,,77.14285714285714,74.28571428571428,66.28571428571428,75.03571428571428,65.53571428571428,6.142857142857139,"{""alpha"": 100.0, ""l1_ratio"": 0.2}",angew-aryl-c-h-amination,family_holdout,ee,2y,14,6k|6o|6c|6g|6m|6l|6j|6h|6e|6i|6d|6b|6a|6q,3,6.857142857142861,6f|6n|6p
7.142857142857139,,,angew-aryl-c-h-amination,stage2pp,,33,angew-aryl-c-h-amination,elastic_net,70.0,70.0,,77.14285714285714,74.28571428571428,66.28571428571428,75.03571428571428,65.53571428571428,7.142857142857139,"{""alpha"": 100.0, ""l1_ratio"": 0.2}",angew-aryl-c-h-amination,family_holdout,ee,2z,14,6k|6o|6c|6g|6m|6l|6j|6h|6e|6i|6d|6b|6a|6q,3,6.857142857142861,6f|6n|6p
70.14285714285714,,,angew-aryl-c-h-amination,stage2pp,,33,angew-aryl-c-h-amination,elastic_net,7.0,7.0,,77.14285714285714,74.28571428571428,66.28571428571428,75.03571428571428,65.53571428571428,70.14285714285714,"{""alpha"": 100.0, ""l1_ratio"": 0.2}",angew-aryl-c-h-amination,family_holdout,ee,4a,14,6k|6o|6c|6g|6m|6l|6j|6h|6e|6i|6d|6b|6a|6q,3,6.857142857142861,6f|6n|6p
69.14285714285714,,,angew-aryl-c-h-amination,stage2pp,,33,angew-aryl-c-h-amination,elastic_net,8.0,8.0,,77.14285714285714,74.28571428571428,66.28571428571428,75.03571428571428,65.53571428571428,69.14285714285714,"{""alpha"": 100.0, ""l1_ratio"": 0.2}",angew-aryl-c-h-amination,family_holdout,ee,4b,14,6k|6o|6c|6g|6m|6l|6j|6h|6e|6i|6d|6b|6a|6q,3,6.857142857142861,6f|6n|6p
27.14285714285714,,,angew-aryl-c-h-amination,stage2pp,,33,angew-aryl-c-h-amination,elastic_net,50.0,50.0,,77.14285714285714,74.28571428571428,66.28571428571428,75.03571428571428,65.53571428571428,27.14285714285714,"{""alpha"": 100.0, ""l1_ratio"": 0.2}",angew-aryl-c-h-amination,family_holdout,ee,4c,14,6k|6o|6c|6g|6m|6l|6j|6h|6e|6i|6d|6b|6a|6q,3,6.857142857142861,6f|6n|6p
55.14285714285714,,,angew-aryl-c-h-amination,stage2pp,,33,angew-aryl-c-h-amination,elastic_net,22.0,22.0,,77.14285714285714,74.28571428571428,66.28571428571428,75.03571428571428,65.53571428571428,55.14285714285714,"{""alpha"": 100.0, ""l1_ratio"": 0.2}",angew-aryl-c-h-amination,family_holdout,ee,4d,14,6k|6o|6c|6g|6m|6l|6j|6h|6e|6i|6d|6b|6a|6q,3,6.857142857142861,6f|6n|6p
21.14285714285714,,,angew-aryl-c-h-amination,stage2pp,,33,angew-aryl-c-h-amination,elastic_net,56.0,56.0,,77.14285714285714,74.28571428571428,66.28571428571428,75.03571428571428,65.53571428571428,21.14285714285714,"{""alpha"": 100.0, ""l1_ratio"": 0.2}",angew-aryl-c-h-amination,family_holdout,ee,4e,14,6k|6o|6c|6g|6m|6l|6j|6h|6e|6i|6d|6b|6a|6q,3,6.857142857142861,6f|6n|6p
35.08331424544258,,,angew-aryl-c-h-amination,stage2pp,,33,angew-aryl-c-h-amination,lightgbm,45.0,45.0,,80.08331424544258,83.51880283228276,72.3257478829742,84.26525707277943,70.97350432047551,35.08331424544258,"{""learning_rate"": 0.03, ""n_estimators"": 25, ""num_leaves"": 3}",angew-aryl-c-h-amination,family_holdout,ee,2aa,14,6k|6o|6c|6g|6m|6l|6j|6h|6e|6i|6d|6b|6a|6q,3,4.845639794148137,6f|6n|6p
41.08331424544258,,,angew-aryl-c-h-amination,stage2pp,,33,angew-aryl-c-h-amination,lightgbm,39.0,39.0,,80.08331424544258,83.51880283228276,72.3257478829742,84.26525707277943,70.97350432047551,41.08331424544258,"{""learning_rate"": 0.03, ""n_estimators"": 25, ""num_leaves"": 3}",angew-aryl-c-h-amination,family_holdout,ee,2ab,14,6k|6o|6c|6g|6m|6l|6j|6h|6e|6i|6d|6b|6a|6q,3,4.845639794148137,6f|6n|6p
33.318254660765334,,,angew-aryl-c-h-amination,stage2pp,,33,angew-aryl-c-h-amination,lightgbm,50.0,50.0,,83.31825466076533,86.75374324760551,75.56068829829695,87.50019748810217,74.20844473579827,33.318254660765334,"{""learning_rate"": 0.03, ""n_estimators"": 25, ""num_leaves"": 3}",angew-aryl-c-h-amination,family_holdout,ee,2ac,14,6k|6o|6c|6g|6m|6l|6j|6h|6e|6i|6d|6b|6a|6q,3,4.845639794148137,6f|6n|6p
4.545600695808716,,,angew-aryl-c-h-amination,stage2pp,,33,angew-aryl-c-h-amination,lightgbm,88.0,88.0,,83.45439930419128,86.88988789103146,75.6968329417229,87.63634213152812,74.34458937922422,-4.545600695808716,"{""learning_rate"": 0.03, ""n_estimators"": 25, ""num_leaves"": 3}",angew-aryl-c-h-amination,family_holdout,ee,2b,14,6k|6o|6c|6g|6m|6l|6j|6h|6e|6i|6d|6b|6a|6q,3,4.845639794148137,6f|6n|6p
4.318254660765334,,,angew-aryl-c-h-amination,stage2pp,,33,angew-aryl-c-h-amination,lightgbm,79.0,79.0,,83.31825466076533,86.75374324760551,75.56068829829695,87.50019748810217,74.20844473579827,4.318254660765334,"{""learning_rate"": 0.03, ""n_estimators"": 25, ""num_leaves"": 3}",angew-aryl-c-h-amination,family_holdout,ee,2c,14,6k|6o|6c|6g|6m|6l|6j|6h|6e|6i|6d|6b|6a|6q,3,4.845639794148137,6f|6n|6p
2.6663180279334284,,,angew-aryl-c-h-amination,stage2pp,,33,angew-aryl-c-h-amination,lightgbm,86.0,86.0,,83.33368197206657,86.76917055890675,75.57611560959819,87.51562479940341,74.2238720470995,-2.6663180279334284,"{""learning_rate"": 0.03, ""n_estimators"": 25, ""num_leaves"": 3}",angew-aryl-c-h-amination,family_holdout,ee,2d,14,6k|6o|6c|6g|6m|6l|6j|6h|6e|6i|6d|6b|6a|6q,3,4.845639794148137,6f|6n|6p
1.3336819720665716,,,angew-aryl-c-h-amination,stage2pp,,33,angew-aryl-c-h-amination,lightgbm,82.0,82.0,,83.33368197206657,86.76917055890675,75.57611560959819,87.51562479940341,74.2238720470995,1.3336819720665716,"{""learning_rate"": 0.03, ""n_estimators"": 25, ""num_leaves"": 3}",angew-aryl-c-h-amination,family_holdout,ee,2e,14,6k|6o|6c|6g|6m|6l|6j|6h|6e|6i|6d|6b|6a|6q,3,4.845639794148137,6f|6n|6p
0.4330944490716462,,,angew-aryl-c-h-amination,stage2pp,,33,angew-aryl-c-h-amination,lightgbm,84.0,84.0,,83.56690555092835,87.00239413776853,75.80933918845997,87.7488483782652,74.45709562596129,-0.4330944490716462,"{""learning_rate"": 0.03, ""n_estimators"": 25, ""num_leaves"": 3}",angew-aryl-c-h-amination,family_holdout,ee,2f,14,6k|6o|6c|6g|6m|6l|6j|6h|6e|6i|6d|6b|6a|6q,3,4.845639794148137,6f|6n|6p
2.545600695808716,,,angew-aryl-c-h-amination,stage2pp,,33,angew-aryl-c-h-amination,lightgbm,86.0,86.0,,83.45439930419128,86.88988789103146,75.6968329417229,87.63634213152812,74.34458937922422,-2.545600695808716,"{""learning_rate"": 0.03, ""n_estimators"": 25, ""num_leaves"": 3}",angew-aryl-c-h-amination,family_holdout,ee,2g,14,6k|6o|6c|6g|6m|6l|6j|6h|6e|6i|6d|6b|6a|6q,3,4.845639794148137,6f|6n|6p
6.545600695808716,,,angew-aryl-c-h-amination,stage2pp,,33,angew-aryl-c-h-amination,lightgbm,90.0,90.0,,83.45439930419128,86.88988789103146,75.6968329417229,87.63634213152812,74.34458937922422,-6.545600695808716,"{""learning_rate"": 0.03, ""n_estimators"": 25, ""num_leaves"": 3}",angew-aryl-c-h-amination,family_holdout,ee,2h,14,6k|6o|6c|6g|6m|6l|6j|6h|6e|6i|6d|6b|6a|6q,3,4.845639794148137,6f|6n|6p
10.430760907502403,,,angew-aryl-c-h-amination,stage2pp,,33,angew-aryl-c-h-amination,lightgbm,73.0,73.0,,83.4307609075024,86.86624949434258,75.67319454503402,87.61270373483924,74.32095098253534,10.430760907502403,"{""learning_rate"": 0.03, ""n_estimators"": 25, ""num_leaves"": 3}",angew-aryl-c-h-amination,family_holdout,ee,2i,14,6k|6o|6c|6g|6m|6l|6j|6h|6e|6i|6d|6b|6a|6q,3,4.845639794148137,6f|6n|6p
4.318254660765334,,,angew-aryl-c-h-amination,stage2pp,,33,angew-aryl-c-h-amination,lightgbm,79.0,79.0,,83.31825466076533,86.75374324760551,75.56068829829695,87.50019748810217,74.20844473579827,4.318254660765334,"{""learning_rate"": 0.03, ""n_estimators"": 25, ""num_leaves"": 3}",angew-aryl-c-h-amination,family_holdout,ee,2j,14,6k|6o|6c|6g|6m|6l|6j|6h|6e|6i|6d|6b|6a|6q,3,4.845639794148137,6f|6n|6p
30.12914612455024,,,angew-aryl-c-h-amination,stage2pp,,33,angew-aryl-c-h-amination,lightgbm,90.0,90.0,,59.87085387544976,63.30634246228994,52.11328751298139,64.05279670278661,50.7610439504827,-30.12914612455024,"{""learning_rate"": 0.03, ""n_estimators"": 25, ""num_leaves"": 3}",angew-aryl-c-h-amination,family_holdout,ee,2k,14,6k|6o|6c|6g|6m|6l|6j|6h|6e|6i|6d|6b|6a|6q,3,4.845639794148137,6f|6n|6p
5.566905550928354,,,angew-aryl-c-h-amination,stage2pp,,33,angew-aryl-c-h-amination,lightgbm,78.0,78.0,,83.56690555092835,87.00239413776853,75.80933918845997,87.7488483782652,74.45709562596129,5.566905550928354,"{""learning_rate"": 0.03, ""n_estimators"": 25, ""num_leaves"": 3}",angew-aryl-c-h-amination,family_holdout,ee,2l,14,6k|6o|6c|6g|6m|6l|6j|6h|6e|6i|6d|6b|6a|6q,3,4.845639794148137,6f|6n|6p
3.545600695808716,,,angew-aryl-c-h-amination,stage2pp,,33,angew-aryl-c-h-amination,lightgbm,87.0,87.0,,83.45439930419128,86.88988789103146,75.6968329417229,87.63634213152812,74.34458937922422,-3.545600695808716,"{""learning_rate"": 0.03, ""n_estimators"": 25, ""num_leaves"": 3}",angew-aryl-c-h-amination,family_holdout,ee,2m,14,6k|6o|6c|6g|6m|6l|6j|6h|6e|6i|6d|6b|6a|6q,3,4.845639794148137,6f|6n|6p
23.318254660765334,,,angew-aryl-c-h-amination,stage2pp,,33,angew-aryl-c-h-amination,lightgbm,60.0,60.0,,83.31825466076533,86.75374324760551,75.56068829829695,87.50019748810217,74.20844473579827,23.318254660765334,"{""learning_rate"": 0.03, ""n_estimators"": 25, ""num_leaves"": 3}",angew-aryl-c-h-amination,family_holdout,ee,2n,14,6k|6o|6c|6g|6m|6l|6j|6h|6e|6i|6d|6b|6a|6q,3,4.845639794148137,6f|6n|6p
27.566905550928354,,,angew-aryl-c-h-amination,stage2pp,,33,angew-aryl-c-h-amination,lightgbm,56.0,56.0,,83.56690555092835,87.00239413776853,75.80933918845997,87.7488483782652,74.45709562596129,27.566905550928354,"{""learning_rate"": 0.03, ""n_estimators"": 25, ""num_leaves"": 3}",angew-aryl-c-h-amination,family_holdout,ee,2o,14,6k|6o|6c|6g|6m|6l|6j|6h|6e|6i|6d|6b|6a|6q,3,4.845639794148137,6f|6n|6p
12.430760907502403,,,angew-aryl-c-h-amination,stage2pp,,33,angew-aryl-c-h-amination,lightgbm,71.0,71.0,,83.4307609075024,86.86624949434258,75.67319454503402,87.61270373483924,74.32095098253534,12.430760907502403,"{""learning_rate"": 0.03, ""n_estimators"": 25, ""num_leaves"": 3}",angew-aryl-c-h-amination,family_holdout,ee,2p,14,6k|6o|6c|6g|6m|6l|6j|6h|6e|6i|6d|6b|6a|6q,3,4.845639794148137,6f|6n|6p
32.566905550928354,,,angew-aryl-c-h-amination,stage2pp,,33,angew-aryl-c-h-amination,lightgbm,51.0,51.0,,83.56690555092835,87.00239413776853,75.80933918845997,87.7488483782652,74.45709562596129,32.566905550928354,"{""learning_rate"": 0.03, ""n_estimators"": 25, ""num_leaves"": 3}",angew-aryl-c-h-amination,family_holdout,ee,2q,14,6k|6o|6c|6g|6m|6l|6j|6h|6e|6i|6d|6b|6a|6q,3,4.845639794148137,6f|6n|6p
3.454399304191284,,,angew-aryl-c-h-amination,stage2pp,,33,angew-aryl-c-h-amination,lightgbm,80.0,80.0,,83.45439930419128,86.88988789103146,75.6968329417229,87.63634213152812,74.34458937922422,3.454399304191284,"{""learning_rate"": 0.03, ""n_estimators"": 25, ""num_leaves"": 3}",angew-aryl-c-h-amination,family_holdout,ee,2r,14,6k|6o|6c|6g|6m|6l|6j|6h|6e|6i|6d|6b|6a|6q,3,4.845639794148137,6f|6n|6p
11.333681972066572,,,angew-aryl-c-h-amination,stage2pp,,33,angew-aryl-c-h-amination,lightgbm,72.0,72.0,,83.33368197206657,86.76917055890675,75.57611560959819,87.51562479940341,74.2238720470995,11.333681972066572,"{""learning_rate"": 0.03, ""n_estimators"": 25, ""num_leaves"": 3}",angew-aryl-c-h-amination,family_holdout,ee,2s,14,6k|6o|6c|6g|6m|6l|6j|6h|6e|6i|6d|6b|6a|6q,3,4.845639794148137,6f|6n|6p
9.318254660765334,,,angew-aryl-c-h-amination,stage2pp,,33,angew-aryl-c-h-amination,lightgbm,74.0,74.0,,83.31825466076533,86.75374324760551,75.56068829829695,87.50019748810217,74.20844473579827,9.318254660765334,"{""learning_rate"": 0.03, ""n_estimators"": 25, ""num_leaves"": 3}",angew-aryl-c-h-amination,family_holdout,ee,2t,14,6k|6o|6c|6g|6m|6l|6j|6h|6e|6i|6d|6b|6a|6q,3,4.845639794148137,6f|6n|6p
0.5456006958087158,,,angew-aryl-c-h-amination,stage2pp,,33,angew-aryl-c-h-amination,lightgbm,84.0,84.0,,83.45439930419128,86.88988789103146,75.6968329417229,87.63634213152812,74.34458937922422,-0.5456006958087158,"{""learning_rate"": 0.03, ""n_estimators"": 25, ""num_leaves"": 3}",angew-aryl-c-h-amination,family_holdout,ee,2u,14,6k|6o|6c|6g|6m|6l|6j|6h|6e|6i|6d|6b|6a|6q,3,4.845639794148137,6f|6n|6p
0.4330944490716462,,,angew-aryl-c-h-amination,stage2pp,,33,angew-aryl-c-h-amination,lightgbm,84.0,84.0,,83.56690555092835,87.00239413776853,75.80933918845997,87.7488483782652,74.45709562596129,-0.4330944490716462,"{""learning_rate"": 0.03, ""n_estimators"": 25, ""num_leaves"": 3}",angew-aryl-c-h-amination,family_holdout,ee,2v,14,6k|6o|6c|6g|6m|6l|6j|6h|6e|6i|6d|6b|6a|6q,3,4.845639794148137,6f|6n|6p
2.566905550928354,,,angew-aryl-c-h-amination,stage2pp,,33,angew-aryl-c-h-amination,lightgbm,81.0,81.0,,83.56690555092835,87.00239413776853,75.80933918845997,87.7488483782652,74.45709562596129,2.566905550928354,"{""learning_rate"": 0.03, ""n_estimators"": 25, ""num_leaves"": 3}",angew-aryl-c-h-amination,family_holdout,ee,2w,14,6k|6o|6c|6g|6m|6l|6j|6h|6e|6i|6d|6b|6a|6q,3,4.845639794148137,6f|6n|6p
4.318254660765334,,,angew-aryl-c-h-amination,stage2pp,,33,angew-aryl-c-h-amination,lightgbm,79.0,79.0,,83.31825466076533,86.75374324760551,75.56068829829695,87.50019748810217,74.20844473579827,4.318254660765334,"{""learning_rate"": 0.03, ""n_estimators"": 25, ""num_leaves"": 3}",angew-aryl-c-h-amination,family_holdout,ee,2x,14,6k|6o|6c|6g|6m|6l|6j|6h|6e|6i|6d|6b|6a|6q,3,4.845639794148137,6f|6n|6p
12.566905550928354,,,angew-aryl-c-h-amination,stage2pp,,33,angew-aryl-c-h-amination,lightgbm,71.0,71.0,,83.56690555092835,87.00239413776853,75.80933918845997,87.7488483782652,74.45709562596129,12.566905550928354,"{""learning_rate"": 0.03, ""n_estimators"": 25, ""num_leaves"": 3}",angew-aryl-c-h-amination,family_holdout,ee,2y,14,6k|6o|6c|6g|6m|6l|6j|6h|6e|6i|6d|6b|6a|6q,3,4.845639794148137,6f|6n|6p
13.454399304191284,,,angew-aryl-c-h-amination,stage2pp,,33,angew-aryl-c-h-amination,lightgbm,70.0,70.0,,83.45439930419128,86.88988789103146,75.6968329417229,87.63634213152812,74.34458937922422,13.454399304191284,"{""learning_rate"": 0.03, ""n_estimators"": 25, ""num_leaves"": 3}",angew-aryl-c-h-amination,family_holdout,ee,2z,14,6k|6o|6c|6g|6m|6l|6j|6h|6e|6i|6d|6b|6a|6q,3,4.845639794148137,6f|6n|6p
52.87085387544976,,,angew-aryl-c-h-amination,stage2pp,,33,angew-aryl-c-h-amination,lightgbm,7.0,7.0,,59.87085387544976,63.30634246228994,52.11328751298139,64.05279670278661,50.7610439504827,52.87085387544976,"{""learning_rate"": 0.03, ""n_estimators"": 25, ""num_leaves"": 3}",angew-aryl-c-h-amination,family_holdout,ee,4a,14,6k|6o|6c|6g|6m|6l|6j|6h|6e|6i|6d|6b|6a|6q,3,4.845639794148137,6f|6n|6p
72.08331424544258,,,angew-aryl-c-h-amination,stage2pp,,33,angew-aryl-c-h-amination,lightgbm,8.0,8.0,,80.08331424544258,83.51880283228276,72.3257478829742,84.26525707277943,70.97350432047551,72.08331424544258,"{""learning_rate"": 0.03, ""n_estimators"": 25, ""num_leaves"": 3}",angew-aryl-c-h-amination,family_holdout,ee,4b,14,6k|6o|6c|6g|6m|6l|6j|6h|6e|6i|6d|6b|6a|6q,3,4.845639794148137,6f|6n|6p
33.19753732864062,,,angew-aryl-c-h-amination,stage2pp,,33,angew-aryl-c-h-amination,lightgbm,50.0,50.0,,83.19753732864062,86.6330259154808,75.43997096617224,87.37948015597746,74.08772740367355,33.19753732864062,"{""learning_rate"": 0.03, ""n_estimators"": 25, ""num_leaves"": 3}",angew-aryl-c-h-amination,family_holdout,ee,4c,14,6k|6o|6c|6g|6m|6l|6j|6h|6e|6i|6d|6b|6a|6q,3,4.845639794148137,6f|6n|6p
37.87085387544976,,,angew-aryl-c-h-amination,stage2pp,,33,angew-aryl-c-h-amination,lightgbm,22.0,22.0,,59.87085387544976,63.30634246228994,52.11328751298139,64.05279670278661,50.7610439504827,37.87085387544976,"{""learning_rate"": 0.03, ""n_estimators"": 25, ""num_leaves"": 3}",angew-aryl-c-h-amination,family_holdout,ee,4d,14,6k|6o|6c|6g|6m|6l|6j|6h|6e|6i|6d|6b|6a|6q,3,4.845639794148137,6f|6n|6p
27.566905550928354,,,angew-aryl-c-h-amination,stage2pp,,33,angew-aryl-c-h-amination,lightgbm,56.0,56.0,,83.56690555092835,87.00239413776853,75.80933918845997,87.7488483782652,74.45709562596129,27.566905550928354,"{""learning_rate"": 0.03, ""n_estimators"": 25, ""num_leaves"": 3}",angew-aryl-c-h-amination,family_holdout,ee,4e,14,6k|6o|6c|6g|6m|6l|6j|6h|6e|6i|6d|6b|6a|6q,3,4.845639794148137,6f|6n|6p
32.14285714285714,120.62926740502834,33.656446880685934,angew-aryl-c-h-amination,stage2pp,22.18694401131184,33,angew-aryl-c-h-amination,gaussian_process,45.0,45.0,,77.14285714285714,74.28571428571428,66.28571428641112,75.03571428571428,65.53571428654178,32.14285714285714,"{""alpha"": 1e-05, ""kernel"": ""1**2 * RBF(length_scale=2) + WhiteKernel(noise_level=10)""}",angew-aryl-c-h-amination,family_holdout,ee,2aa,14,6k|6o|6c|6g|6m|6l|6j|6h|6e|6i|6d|6b|6a|6q,3,6.8571428568525095,6f|6n|6p
38.14285714285714,120.62926740502834,33.656446880685934,angew-aryl-c-h-amination,stage2pp,22.18694401131184,33,angew-aryl-c-h-amination,gaussian_process,39.0,39.0,,77.14285714285714,74.28571428571428,66.28571428641112,75.03571428571428,65.53571428654178,38.14285714285714,"{""alpha"": 1e-05, ""kernel"": ""1**2 * RBF(length_scale=2) + WhiteKernel(noise_level=10)""}",angew-aryl-c-h-amination,family_holdout,ee,2ab,14,6k|6o|6c|6g|6m|6l|6j|6h|6e|6i|6d|6b|6a|6q,3,6.8571428568525095,6f|6n|6p
27.14285714285714,120.62926740502834,33.656446880685934,angew-aryl-c-h-amination,stage2pp,22.18694401131184,33,angew-aryl-c-h-amination,gaussian_process,50.0,50.0,,77.14285714285714,74.28571428571428,66.28571428641112,75.03571428571428,65.53571428654178,27.14285714285714,"{""alpha"": 1e-05, ""kernel"": ""1**2 * RBF(length_scale=2) + WhiteKernel(noise_level=10)""}",angew-aryl-c-h-amination,family_holdout,ee,2ac,14,6k|6o|6c|6g|6m|6l|6j|6h|6e|6i|6d|6b|6a|6q,3,6.8571428568525095,6f|6n|6p
10.857142857142861,120.62926740502834,33.656446880685934,angew-aryl-c-h-amination,stage2pp,22.18694401131184,33,angew-aryl-c-h-amination,gaussian_process,88.0,88.0,,77.14285714285714,74.28571428571428,66.28571428641112,75.03571428571428,65.53571428654178,-10.857142857142861,"{""alpha"": 1e-05, ""kernel"": ""1**2 * RBF(length_scale=2) + WhiteKernel(noise_level=10)""}",angew-aryl-c-h-amination,family_holdout,ee,2b,14,6k|6o|6c|6g|6m|6l|6j|6h|6e|6i|6d|6b|6a|6q,3,6.8571428568525095,6f|6n|6p
1.8571428571428612,120.62926740502834,33.656446880685934,angew-aryl-c-h-amination,stage2pp,22.18694401131184,33,angew-aryl-c-h-amination,gaussian_process,79.0,79.0,,77.14285714285714,74.28571428571428,66.28571428641112,75.03571428571428,65.53571428654178,-1.8571428571428612,"{""alpha"": 1e-05, ""kernel"": ""1**2 * RBF(length_scale=2) + WhiteKernel(noise_level=10)""}",angew-aryl-c-h-amination,family_holdout,ee,2c,14,6k|6o|6c|6g|6m|6l|6j|6h|6e|6i|6d|6b|6a|6q,3,6.8571428568525095,6f|6n|6p
8.857142857142861,120.62926740502834,33.656446880685934,angew-aryl-c-h-amination,stage2pp,22.18694401131184,33,angew-aryl-c-h-amination,gaussian_process,86.0,86.0,,77.14285714285714,74.28571428571428,66.28571428641112,75.03571428571428,65.53571428654178,-8.857142857142861,"{""alpha"": 1e-05, ""kernel"": ""1**2 * RBF(length_scale=2) + WhiteKernel(noise_level=10)""}",angew-aryl-c-h-amination,family_holdout,ee,2d,14,6k|6o|6c|6g|6m|6l|6j|6h|6e|6i|6d|6b|6a|6q,3,6.8571428568525095,6f|6n|6p
4.857142857142861,120.62926740502834,33.656446880685934,angew-aryl-c-h-amination,stage2pp,22.18694401131184,33,angew-aryl-c-h-amination,gaussian_process,82.0,82.0,,77.14285714285714,74.28571428571428,66.28571428641112,75.03571428571428,65.53571428654178,-4.857142857142861,"{""alpha"": 1e-05, ""kernel"": ""1**2 * RBF(length_scale=2) + WhiteKernel(noise_level=10)""}",angew-aryl-c-h-amination,family_holdout,ee,2e,14,6k|6o|6c|6g|6m|6l|6j|6h|6e|6i|6d|6b|6a|6q,3,6.8571428568525095,6f|6n|6p
6.857142857142861,120.62926740502834,33.656446880685934,angew-aryl-c-h-amination,stage2pp,22.18694401131184,33,angew-aryl-c-h-amination,gaussian_process,84.0,84.0,,77.14285714285714,74.28571428571428,66.28571428641112,75.03571428571428,65.53571428654178,-6.857142857142861,"{""alpha"": 1e-05, ""kernel"": ""1**2 * RBF(length_scale=2) + WhiteKernel(noise_level=10)""}",angew-aryl-c-h-amination,family_holdout,ee,2f,14,6k|6o|6c|6g|6m|6l|6j|6h|6e|6i|6d|6b|6a|6q,3,6.8571428568525095,6f|6n|6p
8.857142857142861,120.62926740502834,33.656446880685934,angew-aryl-c-h-amination,stage2pp,22.18694401131184,33,angew-aryl-c-h-amination,gaussian_process,86.0,86.0,,77.14285714285714,74.28571428571428,66.28571428641112,75.03571428571428,65.53571428654178,-8.857142857142861,"{""alpha"": 1e-05, ""kernel"": ""1**2 * RBF(length_scale=2) + WhiteKernel(noise_level=10)""}",angew-aryl-c-h-amination,family_holdout,ee,2g,14,6k|6o|6c|6g|6m|6l|6j|6h|6e|6i|6d|6b|6a|6q,3,6.8571428568525095,6f|6n|6p
12.857142857142861,120.62926740502834,33.656446880685934,angew-aryl-c-h-amination,stage2pp,22.18694401131184,33,angew-aryl-c-h-amination,gaussian_process,90.0,90.0,,77.14285714285714,74.28571428571428,66.28571428641112,75.03571428571428,65.53571428654178,-12.857142857142861,"{""alpha"": 1e-05, ""kernel"": ""1**2 * RBF(length_scale=2) + WhiteKernel(noise_level=10)""}",angew-aryl-c-h-amination,family_holdout,ee,2h,14,6k|6o|6c|6g|6m|6l|6j|6h|6e|6i|6d|6b|6a|6q,3,6.8571428568525095,6f|6n|6p
4.142857142857139,120.62926740502834,33.656446880685934,angew-aryl-c-h-amination,stage2pp,22.18694401131184,33,angew-aryl-c-h-amination,gaussian_process,73.0,73.0,,77.14285714285714,74.28571428571428,66.28571428641112,75.03571428571428,65.53571428654178,4.142857142857139,"{""alpha"": 1e-05, ""kernel"": ""1**2 * RBF(length_scale=2) + WhiteKernel(noise_level=10)""}",angew-aryl-c-h-amination,family_holdout,ee,2i,14,6k|6o|6c|6g|6m|6l|6j|6h|6e|6i|6d|6b|6a|6q,3,6.8571428568525095,6f|6n|6p
1.8571428571428612,120.62926740502834,33.656446880685934,angew-aryl-c-h-amination,stage2pp,22.18694401131184,33,angew-aryl-c-h-amination,gaussian_process,79.0,79.0,,77.14285714285714,74.28571428571428,66.28571428641112,75.03571428571428,65.53571428654178,-1.8571428571428612,"{""alpha"": 1e-05, ""kernel"": ""1**2 * RBF(length_scale=2) + WhiteKernel(noise_level=10)""}",angew-aryl-c-h-amination,family_holdout,ee,2j,14,6k|6o|6c|6g|6m|6l|6j|6h|6e|6i|6d|6b|6a|6q,3,6.8571428568525095,6f|6n|6p
12.857142857142861,120.62926740502834,33.656446880685934,angew-aryl-c-h-amination,stage2pp,22.18694401131184,33,angew-aryl-c-h-amination,gaussian_process,90.0,90.0,,77.14285714285714,74.28571428571428,66.28571428641112,75.03571428571428,65.53571428654178,-12.857142857142861,"{""alpha"": 1e-05, ""kernel"": ""1**2 * RBF(length_scale=2) + WhiteKernel(noise_level=10)""}",angew-aryl-c-h-amination,family_holdout,ee,2k,14,6k|6o|6c|6g|6m|6l|6j|6h|6e|6i|6d|6b|6a|6q,3,6.8571428568525095,6f|6n|6p
0.8571428571428612,120.62926740502834,33.656446880685934,angew-aryl-c-h-amination,stage2pp,22.18694401131184,33,angew-aryl-c-h-amination,gaussian_process,78.0,78.0,,77.14285714285714,74.28571428571428,66.28571428641112,75.03571428571428,65.53571428654178,-0.8571428571428612,"{""alpha"": 1e-05, ""kernel"": ""1**2 * RBF(length_scale=2) + WhiteKernel(noise_level=10)""}",angew-aryl-c-h-amination,family_holdout,ee,2l,14,6k|6o|6c|6g|6m|6l|6j|6h|6e|6i|6d|6b|6a|6q,3,6.8571428568525095,6f|6n|6p
9.857142857142861,120.62926740502834,33.656446880685934,angew-aryl-c-h-amination,stage2pp,22.18694401131184,33,angew-aryl-c-h-amination,gaussian_process,87.0,87.0,,77.14285714285714,74.28571428571428,66.28571428641112,75.03571428571428,65.53571428654178,-9.857142857142861,"{""alpha"": 1e-05, ""kernel"": ""1**2 * RBF(length_scale=2) + WhiteKernel(noise_level=10)""}",angew-aryl-c-h-amination,family_holdout,ee,2m,14,6k|6o|6c|6g|6m|6l|6j|6h|6e|6i|6d|6b|6a|6q,3,6.8571428568525095,6f|6n|6p
17.14285714285714,120.62926740502834,33.656446880685934,angew-aryl-c-h-amination,stage2pp,22.18694401131184,33,angew-aryl-c-h-amination,gaussian_process,60.0,60.0,,77.14285714285714,74.28571428571428,66.28571428641112,75.03571428571428,65.53571428654178,17.14285714285714,"{""alpha"": 1e-05, ""kernel"": ""1**2 * RBF(length_scale=2) + WhiteKernel(noise_level=10)""}",angew-aryl-c-h-amination,family_holdout,ee,2n,14,6k|6o|6c|6g|6m|6l|6j|6h|6e|6i|6d|6b|6a|6q,3,6.8571428568525095,6f|6n|6p
21.14285714285714,120.62926740502834,33.656446880685934,angew-aryl-c-h-amination,stage2pp,22.18694401131184,33,angew-aryl-c-h-amination,gaussian_process,56.0,56.0,,77.14285714285714,74.28571428571428,66.28571428641112,75.03571428571428,65.53571428654178,21.14285714285714,"{""alpha"": 1e-05, ""kernel"": ""1**2 * RBF(length_scale=2) + WhiteKernel(noise_level=10)""}",angew-aryl-c-h-amination,family_holdout,ee,2o,14,6k|6o|6c|6g|6m|6l|6j|6h|6e|6i|6d|6b|6a|6q,3,6.8571428568525095,6f|6n|6p
6.142857142857139,120.62926740502834,33.656446880685934,angew-aryl-c-h-amination,stage2pp,22.18694401131184,33,angew-aryl-c-h-amination,gaussian_process,71.0,71.0,,77.14285714285714,74.28571428571428,66.28571428641112,75.03571428571428,65.53571428654178,6.142857142857139,"{""alpha"": 1e-05, ""kernel"": ""1**2 * RBF(length_scale=2) + WhiteKernel(noise_level=10)""}",angew-aryl-c-h-amination,family_holdout,ee,2p,14,6k|6o|6c|6g|6m|6l|6j|6h|6e|6i|6d|6b|6a|6q,3,6.8571428568525095,6f|6n|6p
26.14285714285714,120.62926740502834,33.656446880685934,angew-aryl-c-h-amination,stage2pp,22.18694401131184,33,angew-aryl-c-h-amination,gaussian_process,51.0,51.0,,77.14285714285714,74.28571428571428,66.28571428641112,75.03571428571428,65.53571428654178,26.14285714285714,"{""alpha"": 1e-05, ""kernel"": ""1**2 * RBF(length_scale=2) + WhiteKernel(noise_level=10)""}",angew-aryl-c-h-amination,family_holdout,ee,2q,14,6k|6o|6c|6g|6m|6l|6j|6h|6e|6i|6d|6b|6a|6q,3,6.8571428568525095,6f|6n|6p
2.857142857142861,120.62926740502834,33.656446880685934,angew-aryl-c-h-amination,stage2pp,22.18694401131184,33,angew-aryl-c-h-amination,gaussian_process,80.0,80.0,,77.14285714285714,74.28571428571428,66.28571428641112,75.03571428571428,65.53571428654178,-2.857142857142861,"{""alpha"": 1e-05, ""kernel"": ""1**2 * RBF(length_scale=2) + WhiteKernel(noise_level=10)""}",angew-aryl-c-h-amination,family_holdout,ee,2r,14,6k|6o|6c|6g|6m|6l|6j|6h|6e|6i|6d|6b|6a|6q,3,6.8571428568525095,6f|6n|6p
5.142857142857139,120.62926740502834,33.656446880685934,angew-aryl-c-h-amination,stage2pp,22.18694401131184,33,angew-aryl-c-h-amination,gaussian_process,72.0,72.0,,77.14285714285714,74.28571428571428,66.28571428641112,75.03571428571428,65.53571428654178,5.142857142857139,"{""alpha"": 1e-05, ""kernel"": ""1**2 * RBF(length_scale=2) + WhiteKernel(noise_level=10)""}",angew-aryl-c-h-amination,family_holdout,ee,2s,14,6k|6o|6c|6g|6m|6l|6j|6h|6e|6i|6d|6b|6a|6q,3,6.8571428568525095,6f|6n|6p
3.142857142857139,120.62926740502834,33.656446880685934,angew-aryl-c-h-amination,stage2pp,22.18694401131184,33,angew-aryl-c-h-amination,gaussian_process,74.0,74.0,,77.14285714285714,74.28571428571428,66.28571428641112,75.03571428571428,65.53571428654178,3.142857142857139,"{""alpha"": 1e-05, ""kernel"": ""1**2 * RBF(length_scale=2) + WhiteKernel(noise_level=10)""}",angew-aryl-c-h-amination,family_holdout,ee,2t,14,6k|6o|6c|6g|6m|6l|6j|6h|6e|6i|6d|6b|6a|6q,3,6.8571428568525095,6f|6n|6p
6.857142857142861,120.62926740502834,33.656446880685934,angew-aryl-c-h-amination,stage2pp,22.18694401131184,33,angew-aryl-c-h-amination,gaussian_process,84.0,84.0,,77.14285714285714,74.28571428571428,66.28571428641112,75.03571428571428,65.53571428654178,-6.857142857142861,"{""alpha"": 1e-05, ""kernel"": ""1**2 * RBF(length_scale=2) + WhiteKernel(noise_level=10)""}",angew-aryl-c-h-amination,family_holdout,ee,2u,14,6k|6o|6c|6g|6m|6l|6j|6h|6e|6i|6d|6b|6a|6q,3,6.8571428568525095,6f|6n|6p
6.857142857142861,120.62926740502834,33.656446880685934,angew-aryl-c-h-amination,stage2pp,22.18694401131184,33,angew-aryl-c-h-amination,gaussian_process,84.0,84.0,,77.14285714285714,74.28571428571428,66.28571428641112,75.03571428571428,65.53571428654178,-6.857142857142861,"{""alpha"": 1e-05, ""kernel"": ""1**2 * RBF(length_scale=2) + WhiteKernel(noise_level=10)""}",angew-aryl-c-h-amination,family_holdout,ee,2v,14,6k|6o|6c|6g|6m|6l|6j|6h|6e|6i|6d|6b|6a|6q,3,6.8571428568525095,6f|6n|6p
3.857142857142861,120.62926740502834,33.656446880685934,angew-aryl-c-h-amination,stage2pp,22.18694401131184,33,angew-aryl-c-h-amination,gaussian_process,81.0,81.0,,77.14285714285714,74.28571428571428,66.28571428641112,75.03571428571428,65.53571428654178,-3.857142857142861,"{""alpha"": 1e-05, ""kernel"": ""1**2 * RBF(length_scale=2) + WhiteKernel(noise_level=10)""}",angew-aryl-c-h-amination,family_holdout,ee,2w,14,6k|6o|6c|6g|6m|6l|6j|6h|6e|6i|6d|6b|6a|6q,3,6.8571428568525095,6f|6n|6p
1.8571428571428612,120.62926740502834,33.656446880685934,angew-aryl-c-h-amination,stage2pp,22.18694401131184,33,angew-aryl-c-h-amination,gaussian_process,79.0,79.0,,77.14285714285714,74.28571428571428,66.28571428641112,75.03571428571428,65.53571428654178,-1.8571428571428612,"{""alpha"": 1e-05, ""kernel"": ""1**2 * RBF(length_scale=2) + WhiteKernel(noise_level=10)""}",angew-aryl-c-h-amination,family_holdout,ee,2x,14,6k|6o|6c|6g|6m|6l|6j|6h|6e|6i|6d|6b|6a|6q,3,6.8571428568525095,6f|6n|6p
6.142857142857139,120.62926740502834,33.656446880685934,angew-aryl-c-h-amination,stage2pp,22.18694401131184,33,angew-aryl-c-h-amination,gaussian_process,71.0,71.0,,77.14285714285714,74.28571428571428,66.28571428641112,75.03571428571428,65.53571428654178,6.142857142857139,"{""alpha"": 1e-05, ""kernel"": ""1**2 * RBF(length_scale=2) + WhiteKernel(noise_level=10)""}",angew-aryl-c-h-amination,family_holdout,ee,2y,14,6k|6o|6c|6g|6m|6l|6j|6h|6e|6i|6d|6b|6a|6q,3,6.8571428568525095,6f|6n|6p
7.142857142857139,120.62926740502834,33.656446880685934,angew-aryl-c-h-amination,stage2pp,22.18694401131184,33,angew-aryl-c-h-amination,gaussian_process,70.0,70.0,,77.14285714285714,74.28571428571428,66.28571428641112,75.03571428571428,65.53571428654178,7.142857142857139,"{""alpha"": 1e-05, ""kernel"": ""1**2 * RBF(length_scale=2) + WhiteKernel(noise_level=10)""}",angew-aryl-c-h-amination,family_holdout,ee,2z,14,6k|6o|6c|6g|6m|6l|6j|6h|6e|6i|6d|6b|6a|6q,3,6.8571428568525095,6f|6n|6p
70.14285714285714,120.62926740502834,33.656446880685934,angew-aryl-c-h-amination,stage2pp,22.18694401131184,33,angew-aryl-c-h-amination,gaussian_process,7.0,7.0,,77.14285714285714,74.28571428571428,66.28571428641112,75.03571428571428,65.53571428654178,70.14285714285714,"{""alpha"": 1e-05, ""kernel"": ""1**2 * RBF(length_scale=2) + WhiteKernel(noise_level=10)""}",angew-aryl-c-h-amination,family_holdout,ee,4a,14,6k|6o|6c|6g|6m|6l|6j|6h|6e|6i|6d|6b|6a|6q,3,6.8571428568525095,6f|6n|6p
69.14285714285714,120.62926740502834,33.656446880685934,angew-aryl-c-h-amination,stage2pp,22.18694401131184,33,angew-aryl-c-h-amination,gaussian_process,8.0,8.0,,77.14285714285714,74.28571428571428,66.28571428641112,75.03571428571428,65.53571428654178,69.14285714285714,"{""alpha"": 1e-05, ""kernel"": ""1**2 * RBF(length_scale=2) + WhiteKernel(noise_level=10)""}",angew-aryl-c-h-amination,family_holdout,ee,4b,14,6k|6o|6c|6g|6m|6l|6j|6h|6e|6i|6d|6b|6a|6q,3,6.8571428568525095,6f|6n|6p
27.14285714285714,120.62926740502834,33.656446880685934,angew-aryl-c-h-amination,stage2pp,22.18694401131184,33,angew-aryl-c-h-amination,gaussian_process,50.0,50.0,,77.14285714285714,74.28571428571428,66.28571428641112,75.03571428571428,65.53571428654178,27.14285714285714,"{""alpha"": 1e-05, ""kernel"": ""1**2 * RBF(length_scale=2) + WhiteKernel(noise_level=10)""}",angew-aryl-c-h-amination,family_holdout,ee,4c,14,6k|6o|6c|6g|6m|6l|6j|6h|6e|6i|6d|6b|6a|6q,3,6.8571428568525095,6f|6n|6p
55.14285714285714,120.62926740502834,33.656446880685934,angew-aryl-c-h-amination,stage2pp,22.18694401131184,33,angew-aryl-c-h-amination,gaussian_process,22.0,22.0,,77.14285714285714,74.28571428571428,66.28571428641112,75.03571428571428,65.53571428654178,55.14285714285714,"{""alpha"": 1e-05, ""kernel"": ""1**2 * RBF(length_scale=2) + WhiteKernel(noise_level=10)""}",angew-aryl-c-h-amination,family_holdout,ee,4d,14,6k|6o|6c|6g|6m|6l|6j|6h|6e|6i|6d|6b|6a|6q,3,6.8571428568525095,6f|6n|6p
21.14285714285714,120.62926740502834,33.656446880685934,angew-aryl-c-h-amination,stage2pp,22.18694401131184,33,angew-aryl-c-h-amination,gaussian_process,56.0,56.0,,77.14285714285714,74.28571428571428,66.28571428641112,75.03571428571428,65.53571428654178,21.14285714285714,"{""alpha"": 1e-05, ""kernel"": ""1**2 * RBF(length_scale=2) + WhiteKernel(noise_level=10)""}",angew-aryl-c-h-amination,family_holdout,ee,4e,14,6k|6o|6c|6g|6m|6l|6j|6h|6e|6i|6d|6b|6a|6q,3,6.8571428568525095,6f|6n|6p
12.665446541335584,,,angew-sulfonyl-c-h-amination,stage2pp,,17,angew-sulfonyl-c-h-amination,ridge_regression,81.0,81.0,,68.33455345866442,76.8202322562749,44.79377536353874,86.78871062721171,43.92272948436773,-12.665446541335584,"{""alpha"": 100.0}",angew-sulfonyl-c-h-amination,family_holdout,ee,6a,26,4e|2z|2aa|2h|2y|2o|2t|4d|2p|2ac|2c|4c|2n|2x|2ab|2s|2q|2l|4a|2j|2m|2e|2k|2r|2w|2g,7,13.582540935102202,2b|2d|2f|2i|2u|2v|4b
32.103260298991344,,,angew-sulfonyl-c-h-amination,stage2pp,,17,angew-sulfonyl-c-h-amination,ridge_regression,93.0,93.0,,60.896739701008656,69.38241849861915,37.35596160588298,79.35089686955595,36.48491572671197,-32.103260298991344,"{""alpha"": 100.0}",angew-sulfonyl-c-h-amination,family_holdout,ee,6b,26,4e|2z|2aa|2h|2y|2o|2t|4d|2p|2ac|2c|4c|2n|2x|2ab|2s|2q|2l|4a|2j|2m|2e|2k|2r|2w|2g,7,13.582540935102202,2b|2d|2f|2i|2u|2v|4b
26.689699768310945,,,angew-sulfonyl-c-h-amination,stage2pp,,17,angew-sulfonyl-c-h-amination,ridge_regression,89.0,89.0,,62.310300231689055,70.79597902929955,38.76952213656338,80.76445740023635,37.89847625739237,-26.689699768310945,"{""alpha"": 100.0}",angew-sulfonyl-c-h-amination,family_holdout,ee,6c,26,4e|2z|2aa|2h|2y|2o|2t|4d|2p|2ac|2c|4c|2n|2x|2ab|2s|2q|2l|4a|2j|2m|2e|2k|2r|2w|2g,7,13.582540935102202,2b|2d|2f|2i|2u|2v|4b
35.72084610603943,,,angew-sulfonyl-c-h-amination,stage2pp,,17,angew-sulfonyl-c-h-amination,ridge_regression,93.0,93.0,,57.27915389396057,65.76483269157106,33.738375798834895,75.73331106250787,32.86732991966388,-35.72084610603943,"{""alpha"": 100.0}",angew-sulfonyl-c-h-amination,family_holdout,ee,6d,26,4e|2z|2aa|2h|2y|2o|2t|4d|2p|2ac|2c|4c|2n|2x|2ab|2s|2q|2l|4a|2j|2m|2e|2k|2r|2w|2g,7,13.582540935102202,2b|2d|2f|2i|2u|2v|4b
7.802856628971838,,,angew-sulfonyl-c-h-amination,stage2pp,,17,angew-sulfonyl-c-h-amination,ridge_regression,82.0,82.0,,74.19714337102816,82.68282216863865,50.65636527590249,92.65130053957546,49.785319396731474,-7.802856628971838,"{""alpha"": 100.0}",angew-sulfonyl-c-h-amination,family_holdout,ee,6e,26,4e|2z|2aa|2h|2y|2o|2t|4d|2p|2ac|2c|4c|2n|2x|2ab|2s|2q|2l|4a|2j|2m|2e|2k|2r|2w|2g,7,13.582540935102202,2b|2d|2f|2i|2u|2v|4b
11.321047211230464,,,angew-sulfonyl-c-h-amination,stage2pp,,17,angew-sulfonyl-c-h-amination,ridge_regression,89.0,89.0,,77.67895278876954,86.16463158638003,54.13817469364386,96.13310995731683,53.26712881447285,-11.321047211230464,"{""alpha"": 100.0}",angew-sulfonyl-c-h-amination,family_holdout,ee,6f,26,4e|2z|2aa|2h|2y|2o|2t|4d|2p|2ac|2c|4c|2n|2x|2ab|2s|2q|2l|4a|2j|2m|2e|2k|2r|2w|2g,7,13.582540935102202,2b|2d|2f|2i|2u|2v|4b
25.17717269213324,,,angew-sulfonyl-c-h-amination,stage2pp,,17,angew-sulfonyl-c-h-amination,ridge_regression,88.0,88.0,,62.82282730786676,71.30850610547725,39.282049212741086,81.27698447641406,38.41100333357007,-25.17717269213324,"{""alpha"": 100.0}",angew-sulfonyl-c-h-amination,family_holdout,ee,6g,26,4e|2z|2aa|2h|2y|2o|2t|4d|2p|2ac|2c|4c|2n|2x|2ab|2s|2q|2l|4a|2j|2m|2e|2k|2r|2w|2g,7,13.582540935102202,2b|2d|2f|2i|2u|2v|4b
16.75551168344927,,,angew-sulfonyl-c-h-amination,stage2pp,,17,angew-sulfonyl-c-h-amination,ridge_regression,84.0,84.0,,67.24448831655073,75.73016711416122,43.703710221425055,85.69864548509803,42.83266434225404,-16.75551168344927,"{""alpha"": 100.0}",angew-sulfonyl-c-h-amination,family_holdout,ee,6h,26,4e|2z|2aa|2h|2y|2o|2t|4d|2p|2ac|2c|4c|2n|2x|2ab|2s|2q|2l|4a|2j|2m|2e|2k|2r|2w|2g,7,13.582540935102202,2b|2d|2f|2i|2u|2v|4b
18.334046969457034,,,angew-sulfonyl-c-h-amination,stage2pp,,17,angew-sulfonyl-c-h-amination,ridge_regression,88.0,88.0,,69.66595303054297,78.15163182815346,46.12517493541729,88.12011019909026,45.25412905624628,-18.334046969457034,"{""alpha"": 100.0}",angew-sulfonyl-c-h-amination,family_holdout,ee,6i,26,4e|2z|2aa|2h|2y|2o|2t|4d|2p|2ac|2c|4c|2n|2x|2ab|2s|2q|2l|4a|2j|2m|2e|2k|2r|2w|2g,7,13.582540935102202,2b|2d|2f|2i|2u|2v|4b
12.465866111074334,,,angew-sulfonyl-c-h-amination,stage2pp,,17,angew-sulfonyl-c-h-amination,ridge_regression,87.0,87.0,,74.53413388892567,83.01981268653616,50.99335579379999,92.98829105747296,50.12230991462898,-12.465866111074334,"{""alpha"": 100.0}",angew-sulfonyl-c-h-amination,family_holdout,ee,6j,26,4e|2z|2aa|2h|2y|2o|2t|4d|2p|2ac|2c|4c|2n|2x|2ab|2s|2q|2l|4a|2j|2m|2e|2k|2r|2w|2g,7,13.582540935102202,2b|2d|2f|2i|2u|2v|4b
15.639768840423415,,,angew-sulfonyl-c-h-amination,stage2pp,,17,angew-sulfonyl-c-h-amination,ridge_regression,93.0,93.0,,77.36023115957659,85.84590995718708,53.81945306445091,95.81438832812388,52.9484071852799,-15.639768840423415,"{""alpha"": 100.0}",angew-sulfonyl-c-h-amination,family_holdout,ee,6k,26,4e|2z|2aa|2h|2y|2o|2t|4d|2p|2ac|2c|4c|2n|2x|2ab|2s|2q|2l|4a|2j|2m|2e|2k|2r|2w|2g,7,13.582540935102202,2b|2d|2f|2i|2u|2v|4b
1.8483731853649559,,,angew-sulfonyl-c-h-amination,stage2pp,,17,angew-sulfonyl-c-h-amination,ridge_regression,58.0,58.0,,59.848373185364956,68.33405198297545,36.30759509023929,78.30253035391226,35.43654921106827,1.8483731853649559,"{""alpha"": 100.0}",angew-sulfonyl-c-h-amination,family_holdout,ee,6l,26,4e|2z|2aa|2h|2y|2o|2t|4d|2p|2ac|2c|4c|2n|2x|2ab|2s|2q|2l|4a|2j|2m|2e|2k|2r|2w|2g,7,13.582540935102202,2b|2d|2f|2i|2u|2v|4b
3.5239266683462773,,,angew-sulfonyl-c-h-amination,stage2pp,,17,angew-sulfonyl-c-h-amination,ridge_regression,30.0,30.0,,26.476073331653723,34.96175212926422,2.9352952365280522,44.93023050020102,2.064249357357035,-3.5239266683462773,"{""alpha"": 100.0}",angew-sulfonyl-c-h-amination,family_holdout,ee,6m,26,4e|2z|2aa|2h|2y|2o|2t|4d|2p|2ac|2c|4c|2n|2x|2ab|2s|2q|2l|4a|2j|2m|2e|2k|2r|2w|2g,7,13.582540935102202,2b|2d|2f|2i|2u|2v|4b
25.513557372839664,,,angew-sulfonyl-c-h-amination,stage2pp,,17,angew-sulfonyl-c-h-amination,ridge_regression,79.0,79.0,,53.486442627160336,61.97212142477083,29.945664532034666,71.94059979570764,29.07461865286365,-25.513557372839664,"{""alpha"": 100.0}",angew-sulfonyl-c-h-amination,family_holdout,ee,6n,26,4e|2z|2aa|2h|2y|2o|2t|4d|2p|2ac|2c|4c|2n|2x|2ab|2s|2q|2l|4a|2j|2m|2e|2k|2r|2w|2g,7,13.582540935102202,2b|2d|2f|2i|2u|2v|4b
49.70665760936924,,,angew-sulfonyl-c-h-amination,stage2pp,,17,angew-sulfonyl-c-h-amination,ridge_regression,90.0,90.0,,40.29334239063076,48.77902118824126,16.752564295505092,58.74749955917807,15.881518416334075,-49.70665760936924,"{""alpha"": 100.0}",angew-sulfonyl-c-h-amination,family_holdout,ee,6o,26,4e|2z|2aa|2h|2y|2o|2t|4d|2p|2ac|2c|4c|2n|2x|2ab|2s|2q|2l|4a|2j|2m|2e|2k|2r|2w|2g,7,13.582540935102202,2b|2d|2f|2i|2u|2v|4b
29.649295529411503,,,angew-sulfonyl-c-h-amination,stage2pp,,17,angew-sulfonyl-c-h-amination,ridge_regression,84.0,84.0,,54.3507044705885,62.83638326819899,30.809926375462826,72.8048616391358,29.93888049629181,-29.649295529411503,"{""alpha"": 100.0}",angew-sulfonyl-c-h-amination,family_holdout,ee,6p,26,4e|2z|2aa|2h|2y|2o|2t|4d|2p|2ac|2c|4c|2n|2x|2ab|2s|2q|2l|4a|2j|2m|2e|2k|2r|2w|2g,7,13.582540935102202,2b|2d|2f|2i|2u|2v|4b
34.8218368403448,,,angew-sulfonyl-c-h-amination,stage2pp,,17,angew-sulfonyl-c-h-amination,ridge_regression,24.0,24.0,,58.8218368403448,67.30751563795529,35.28105874521913,77.2759940088921,34.41001286604811,34.8218368403448,"{""alpha"": 100.0}",angew-sulfonyl-c-h-amination,family_holdout,ee,6q,26,4e|2z|2aa|2h|2y|2o|2t|4d|2p|2ac|2c|4c|2n|2x|2ab|2s|2q|2l|4a|2j|2m|2e|2k|2r|2w|2g,7,13.582540935102202,2b|2d|2f|2i|2u|2v|4b
18.29826823275883,,,angew-sulfonyl-c-h-amination,stage2pp,,17,angew-sulfonyl-c-h-amination,elastic_net,81.0,81.0,,62.70173176724117,65.61987077851515,40.89290108533023,72.41848175536967,36.21708013464071,-18.29826823275883,"{""alpha"": 1.0, ""l1_ratio"": 1.0}",angew-sulfonyl-c-h-amination,family_holdout,ee,6a,26,4e|2z|2aa|2h|2y|2o|2t|4d|2p|2ac|2c|4c|2n|2x|2ab|2s|2q|2l|4a|2j|2m|2e|2k|2r|2w|2g,7,11.417837515534812,2b|2d|2f|2i|2u|2v|4b
36.95598603458114,,,angew-sulfonyl-c-h-amination,stage2pp,,17,angew-sulfonyl-c-h-amination,elastic_net,93.0,93.0,,56.04401396541886,58.96215297669284,34.23518328350792,65.76076395354737,29.559362332818406,-36.95598603458114,"{""alpha"": 1.0, ""l1_ratio"": 1.0}",angew-sulfonyl-c-h-amination,family_holdout,ee,6b,26,4e|2z|2aa|2h|2y|2o|2t|4d|2p|2ac|2c|4c|2n|2x|2ab|2s|2q|2l|4a|2j|2m|2e|2k|2r|2w|2g,7,11.417837515534812,2b|2d|2f|2i|2u|2v|4b
26.121453244487284,,,angew-sulfonyl-c-h-amination,stage2pp,,17,angew-sulfonyl-c-h-amination,elastic_net,89.0,89.0,,62.878546755512716,65.7966857667867,41.069716073601775,72.59529674364123,36.393895122912255,-26.121453244487284,"{""alpha"": 1.0, ""l1_ratio"": 1.0}",angew-sulfonyl-c-h-amination,family_holdout,ee,6c,26,4e|2z|2aa|2h|2y|2o|2t|4d|2p|2ac|2c|4c|2n|2x|2ab|2s|2q|2l|4a|2j|2m|2e|2k|2r|2w|2g,7,11.417837515534812,2b|2d|2f|2i|2u|2v|4b
35.55017553137215,,,angew-sulfonyl-c-h-amination,stage2pp,,17,angew-sulfonyl-c-h-amination,elastic_net,93.0,93.0,,57.44982446862785,60.36796347990183,35.64099378671691,67.16657445675636,30.965172836027396,-35.55017553137215,"{""alpha"": 1.0, ""l1_ratio"": 1.0}",angew-sulfonyl-c-h-amination,family_holdout,ee,6d,26,4e|2z|2aa|2h|2y|2o|2t|4d|2p|2ac|2c|4c|2n|2x|2ab|2s|2q|2l|4a|2j|2m|2e|2k|2r|2w|2g,7,11.417837515534812,2b|2d|2f|2i|2u|2v|4b
19.269817224497693,,,angew-sulfonyl-c-h-amination,stage2pp,,17,angew-sulfonyl-c-h-amination,elastic_net,82.0,82.0,,62.73018277550231,65.64832178677628,40.921352093591366,72.44693276363081,36.245531142901854,-19.269817224497693,"{""alpha"": 1.0, ""l1_ratio"": 1.0}",angew-sulfonyl-c-h-amination,family_holdout,ee,6e,26,4e|2z|2aa|2h|2y|2o|2t|4d|2p|2ac|2c|4c|2n|2x|2ab|2s|2q|2l|4a|2j|2m|2e|2k|2r|2w|2g,7,11.417837515534812,2b|2d|2f|2i|2u|2v|4b
22.734919375487323,,,angew-sulfonyl-c-h-amination,stage2pp,,17,angew-sulfonyl-c-h-amination,elastic_net,89.0,89.0,,66.26508062451268,69.18321963578666,44.45624994260174,75.98183061264118,39.78042899191222,-22.734919375487323,"{""alpha"": 1.0, ""l1_ratio"": 1.0}",angew-sulfonyl-c-h-amination,family_holdout,ee,6f,26,4e|2z|2aa|2h|2y|2o|2t|4d|2p|2ac|2c|4c|2n|2x|2ab|2s|2q|2l|4a|2j|2m|2e|2k|2r|2w|2g,7,11.417837515534812,2b|2d|2f|2i|2u|2v|4b
23.261846398161097,,,angew-sulfonyl-c-h-amination,stage2pp,,17,angew-sulfonyl-c-h-amination,elastic_net,88.0,88.0,,64.7381536018389,67.65629261311288,42.92932291992796,74.45490358996742,38.25350196923844,-23.261846398161097,"{""alpha"": 1.0, ""l1_ratio"": 1.0}",angew-sulfonyl-c-h-amination,family_holdout,ee,6g,26,4e|2z|2aa|2h|2y|2o|2t|4d|2p|2ac|2c|4c|2n|2x|2ab|2s|2q|2l|4a|2j|2m|2e|2k|2r|2w|2g,7,11.417837515534812,2b|2d|2f|2i|2u|2v|4b
25.446264128074397,,,angew-sulfonyl-c-h-amination,stage2pp,,17,angew-sulfonyl-c-h-amination,elastic_net,84.0,84.0,,58.5537358719256,61.47187488319958,36.74490519001466,68.27048586005411,32.06908423932515,-25.446264128074397,"{""alpha"": 1.0, ""l1_ratio"": 1.0}",angew-sulfonyl-c-h-amination,family_holdout,ee,6h,26,4e|2z|2aa|2h|2y|2o|2t|4d|2p|2ac|2c|4c|2n|2x|2ab|2s|2q|2l|4a|2j|2m|2e|2k|2r|2w|2g,7,11.417837515534812,2b|2d|2f|2i|2u|2v|4b
28.28769022077146,,,angew-sulfonyl-c-h-amination,stage2pp,,17,angew-sulfonyl-c-h-amination,elastic_net,88.0,88.0,,59.71230977922854,62.63044879050252,37.9034790973176,69.42905976735705,33.22765814662809,-28.28769022077146,"{""alpha"": 1.0, ""l1_ratio"": 1.0}",angew-sulfonyl-c-h-amination,family_holdout,ee,6i,26,4e|2z|2aa|2h|2y|2o|2t|4d|2p|2ac|2c|4c|2n|2x|2ab|2s|2q|2l|4a|2j|2m|2e|2k|2r|2w|2g,7,11.417837515534812,2b|2d|2f|2i|2u|2v|4b
25.127289459325915,,,angew-sulfonyl-c-h-amination,stage2pp,,17,angew-sulfonyl-c-h-amination,elastic_net,87.0,87.0,,61.872710540674085,64.79084955194807,40.063879858763144,71.58946052880259,35.38805890807363,-25.127289459325915,"{""alpha"": 1.0, ""l1_ratio"": 1.0}",angew-sulfonyl-c-h-amination,family_holdout,ee,6j,26,4e|2z|2aa|2h|2y|2o|2t|4d|2p|2ac|2c|4c|2n|2x|2ab|2s|2q|2l|4a|2j|2m|2e|2k|2r|2w|2g,7,11.417837515534812,2b|2d|2f|2i|2u|2v|4b
32.32684572462296,,,angew-sulfonyl-c-h-amination,stage2pp,,17,angew-sulfonyl-c-h-amination,elastic_net,93.0,93.0,,60.67315427537704,63.591293286651016,38.864323593466096,70.38990426350554,34.188502642776584,-32.32684572462296,"{""alpha"": 1.0, ""l1_ratio"": 1.0}",angew-sulfonyl-c-h-amination,family_holdout,ee,6k,26,4e|2z|2aa|2h|2y|2o|2t|4d|2p|2ac|2c|4c|2n|2x|2ab|2s|2q|2l|4a|2j|2m|2e|2k|2r|2w|2g,7,11.417837515534812,2b|2d|2f|2i|2u|2v|4b
19.47103491840268,,,angew-sulfonyl-c-h-amination,stage2pp,,17,angew-sulfonyl-c-h-amination,elastic_net,58.0,58.0,,38.52896508159732,41.4471040928713,16.72013439968638,48.245715069725826,12.044313448996864,-19.47103491840268,"{""alpha"": 1.0, ""l1_ratio"": 1.0}",angew-sulfonyl-c-h-amination,family_holdout,ee,6l,26,4e|2z|2aa|2h|2y|2o|2t|4d|2p|2ac|2c|4c|2n|2x|2ab|2s|2q|2l|4a|2j|2m|2e|2k|2r|2w|2g,7,11.417837515534812,2b|2d|2f|2i|2u|2v|4b
6.866014486902358,,,angew-sulfonyl-c-h-amination,stage2pp,,17,angew-sulfonyl-c-h-amination,elastic_net,30.0,30.0,,36.86601448690236,39.78415349817634,15.057183804991418,46.582764475030864,10.381362854301901,6.866014486902358,"{""alpha"": 1.0, ""l1_ratio"": 1.0}",angew-sulfonyl-c-h-amination,family_holdout,ee,6m,26,4e|2z|2aa|2h|2y|2o|2t|4d|2p|2ac|2c|4c|2n|2x|2ab|2s|2q|2l|4a|2j|2m|2e|2k|2r|2w|2g,7,11.417837515534812,2b|2d|2f|2i|2u|2v|4b
31.84667647364902,,,angew-sulfonyl-c-h-amination,stage2pp,,17,angew-sulfonyl-c-h-amination,elastic_net,79.0,79.0,,47.15332352635098,50.07146253762496,25.34449284444004,56.870073514479486,20.668671893750524,-31.84667647364902,"{""alpha"": 1.0, ""l1_ratio"": 1.0}",angew-sulfonyl-c-h-amination,family_holdout,ee,6n,26,4e|2z|2aa|2h|2y|2o|2t|4d|2p|2ac|2c|4c|2n|2x|2ab|2s|2q|2l|4a|2j|2m|2e|2k|2r|2w|2g,7,11.417837515534812,2b|2d|2f|2i|2u|2v|4b
64.02642221889286,,,angew-sulfonyl-c-h-amination,stage2pp,,17,angew-sulfonyl-c-h-amination,elastic_net,90.0,90.0,,25.97357778110714,28.891716792381118,4.164747099196198,35.690327769235644,-0.5110738514933182,-64.02642221889286,"{""alpha"": 1.0, ""l1_ratio"": 1.0}",angew-sulfonyl-c-h-amination,family_holdout,ee,6o,26,4e|2z|2aa|2h|2y|2o|2t|4d|2p|2ac|2c|4c|2n|2x|2ab|2s|2q|2l|4a|2j|2m|2e|2k|2r|2w|2g,7,11.417837515534812,2b|2d|2f|2i|2u|2v|4b
38.354670244429514,,,angew-sulfonyl-c-h-amination,stage2pp,,17,angew-sulfonyl-c-h-amination,elastic_net,84.0,84.0,,45.645329755570486,48.563468766844466,23.836499073659546,55.36207974369899,19.16067812297003,-38.354670244429514,"{""alpha"": 1.0, ""l1_ratio"": 1.0}",angew-sulfonyl-c-h-amination,family_holdout,ee,6p,26,4e|2z|2aa|2h|2y|2o|2t|4d|2p|2ac|2c|4c|2n|2x|2ab|2s|2q|2l|4a|2j|2m|2e|2k|2r|2w|2g,7,11.417837515534812,2b|2d|2f|2i|2u|2v|4b
35.12226194296338,,,angew-sulfonyl-c-h-amination,stage2pp,,17,angew-sulfonyl-c-h-amination,elastic_net,24.0,24.0,,59.12226194296338,62.040400954237356,37.313431261052436,68.83901193109187,32.637610310362916,35.12226194296338,"{""alpha"": 1.0, ""l1_ratio"": 1.0}",angew-sulfonyl-c-h-amination,family_holdout,ee,6q,26,4e|2z|2aa|2h|2y|2o|2t|4d|2p|2ac|2c|4c|2n|2x|2ab|2s|2q|2l|4a|2j|2m|2e|2k|2r|2w|2g,7,11.417837515534812,2b|2d|2f|2i|2u|2v|4b
22.718705875081078,,,angew-sulfonyl-c-h-amination,stage2pp,,17,angew-sulfonyl-c-h-amination,lightgbm,81.0,81.0,,58.28129412491892,69.95413860918933,32.278028767666775,86.31910641487946,31.110217678151255,-22.718705875081078,"{""learning_rate"": 0.1, ""n_estimators"": 75, ""num_leaves"": 3}",angew-sulfonyl-c-h-amination,family_holdout,ee,6a,26,4e|2z|2aa|2h|2y|2o|2t|4d|2p|2ac|2c|4c|2n|2x|2ab|2s|2q|2l|4a|2j|2m|2e|2k|2r|2w|2g,7,16.491764985701387,2b|2d|2f|2i|2u|2v|4b
40.23879417360303,,,angew-sulfonyl-c-h-amination,stage2pp,,17,angew-sulfonyl-c-h-amination,lightgbm,93.0,93.0,,52.76120582639697,64.43405031066737,26.75794046914482,80.7990181163575,25.5901293796293,-40.23879417360303,"{""learning_rate"": 0.1, ""n_estimators"": 75, ""num_leaves"": 3}",angew-sulfonyl-c-h-amination,family_holdout,ee,6b,26,4e|2z|2aa|2h|2y|2o|2t|4d|2p|2ac|2c|4c|2n|2x|2ab|2s|2q|2l|4a|2j|2m|2e|2k|2r|2w|2g,7,16.491764985701387,2b|2d|2f|2i|2u|2v|4b
38.288677332335524,,,angew-sulfonyl-c-h-amination,stage2pp,,17,angew-sulfonyl-c-h-amination,lightgbm,89.0,89.0,,50.711322667664476,62.38416715193488,24.70805731041233,78.74913495762502,23.540246220896808,-38.288677332335524,"{""learning_rate"": 0.1, ""n_estimators"": 75, ""num_leaves"": 3}",angew-sulfonyl-c-h-amination,family_holdout,ee,6c,26,4e|2z|2aa|2h|2y|2o|2t|4d|2p|2ac|2c|4c|2n|2x|2ab|2s|2q|2l|4a|2j|2m|2e|2k|2r|2w|2g,7,16.491764985701387,2b|2d|2f|2i|2u|2v|4b
17.913572538448435,,,angew-sulfonyl-c-h-amination,stage2pp,,17,angew-sulfonyl-c-h-amination,lightgbm,93.0,93.0,,75.08642746155157,86.75927194582198,49.08316210429942,103.1242397515121,47.915351014783894,-17.913572538448435,"{""learning_rate"": 0.1, ""n_estimators"": 75, ""num_leaves"": 3}",angew-sulfonyl-c-h-amination,family_holdout,ee,6d,26,4e|2z|2aa|2h|2y|2o|2t|4d|2p|2ac|2c|4c|2n|2x|2ab|2s|2q|2l|4a|2j|2m|2e|2k|2r|2w|2g,7,16.491764985701387,2b|2d|2f|2i|2u|2v|4b
27.97822000573788,,,angew-sulfonyl-c-h-amination,stage2pp,,17,angew-sulfonyl-c-h-amination,lightgbm,82.0,82.0,,54.02177999426212,65.69462447853252,28.01851463700997,82.05959228422265,26.85070354749445,-27.97822000573788,"{""learning_rate"": 0.1, ""n_estimators"": 75, ""num_leaves"": 3}",angew-sulfonyl-c-h-amination,family_holdout,ee,6e,26,4e|2z|2aa|2h|2y|2o|2t|4d|2p|2ac|2c|4c|2n|2x|2ab|2s|2q|2l|4a|2j|2m|2e|2k|2r|2w|2g,7,16.491764985701387,2b|2d|2f|2i|2u|2v|4b
30.069159204496785,,,angew-sulfonyl-c-h-amination,stage2pp,,17,angew-sulfonyl-c-h-amination,lightgbm,89.0,89.0,,58.930840795503215,70.60368527977363,32.92757543825107,86.96865308546376,31.759764348735548,-30.069159204496785,"{""learning_rate"": 0.1, ""n_estimators"": 75, ""num_leaves"": 3}",angew-sulfonyl-c-h-amination,family_holdout,ee,6f,26,4e|2z|2aa|2h|2y|2o|2t|4d|2p|2ac|2c|4c|2n|2x|2ab|2s|2q|2l|4a|2j|2m|2e|2k|2r|2w|2g,7,16.491764985701387,2b|2d|2f|2i|2u|2v|4b
18.22580174655866,,,angew-sulfonyl-c-h-amination,stage2pp,,17,angew-sulfonyl-c-h-amination,lightgbm,88.0,88.0,,69.77419825344134,81.44704273771174,43.770932896189194,97.81201054340187,42.60312180667367,-18.22580174655866,"{""learning_rate"": 0.1, ""n_estimators"": 75, ""num_leaves"": 3}",angew-sulfonyl-c-h-amination,family_holdout,ee,6g,26,4e|2z|2aa|2h|2y|2o|2t|4d|2p|2ac|2c|4c|2n|2x|2ab|2s|2q|2l|4a|2j|2m|2e|2k|2r|2w|2g,7,16.491764985701387,2b|2d|2f|2i|2u|2v|4b
22.205679888888945,,,angew-sulfonyl-c-h-amination,stage2pp,,17,angew-sulfonyl-c-h-amination,lightgbm,84.0,84.0,,61.794320111111055,73.46716459538146,35.79105475385891,89.83213240107159,34.62324366434339,-22.205679888888945,"{""learning_rate"": 0.1, ""n_estimators"": 75, ""num_leaves"": 3}",angew-sulfonyl-c-h-amination,family_holdout,ee,6h,26,4e|2z|2aa|2h|2y|2o|2t|4d|2p|2ac|2c|4c|2n|2x|2ab|2s|2q|2l|4a|2j|2m|2e|2k|2r|2w|2g,7,16.491764985701387,2b|2d|2f|2i|2u|2v|4b
31.283726097394023,,,angew-sulfonyl-c-h-amination,stage2pp,,17,angew-sulfonyl-c-h-amination,lightgbm,88.0,88.0,,56.71627390260598,68.38911838687639,30.71300854535383,84.75408619256652,29.54519745583831,-31.283726097394023,"{""learning_rate"": 0.1, ""n_estimators"": 75, ""num_leaves"": 3}",angew-sulfonyl-c-h-amination,family_holdout,ee,6i,26,4e|2z|2aa|2h|2y|2o|2t|4d|2p|2ac|2c|4c|2n|2x|2ab|2s|2q|2l|4a|2j|2m|2e|2k|2r|2w|2g,7,16.491764985701387,2b|2d|2f|2i|2u|2v|4b
28.718705875081078,,,angew-sulfonyl-c-h-amination,stage2pp,,17,angew-sulfonyl-c-h-amination,lightgbm,87.0,87.0,,58.28129412491892,69.95413860918933,32.278028767666775,86.31910641487946,31.110217678151255,-28.718705875081078,"{""learning_rate"": 0.1, ""n_estimators"": 75, ""num_leaves"": 3}",angew-sulfonyl-c-h-amination,family_holdout,ee,6j,26,4e|2z|2aa|2h|2y|2o|2t|4d|2p|2ac|2c|4c|2n|2x|2ab|2s|2q|2l|4a|2j|2m|2e|2k|2r|2w|2g,7,16.491764985701387,2b|2d|2f|2i|2u|2v|4b
33.89076707598451,,,angew-sulfonyl-c-h-amination,stage2pp,,17,angew-sulfonyl-c-h-amination,lightgbm,93.0,93.0,,59.10923292401549,70.78207740828589,33.10596756676334,87.14704521397601,31.93815647724782,-33.89076707598451,"{""learning_rate"": 0.1, ""n_estimators"": 75, ""num_leaves"": 3}",angew-sulfonyl-c-h-amination,family_holdout,ee,6k,26,4e|2z|2aa|2h|2y|2o|2t|4d|2p|2ac|2c|4c|2n|2x|2ab|2s|2q|2l|4a|2j|2m|2e|2k|2r|2w|2g,7,16.491764985701387,2b|2d|2f|2i|2u|2v|4b
1.6666157364469782,,,angew-sulfonyl-c-h-amination,stage2pp,,17,angew-sulfonyl-c-h-amination,lightgbm,58.0,58.0,,56.33338426355302,68.00622874782343,30.330118906300875,84.37119655351356,29.162307816785354,-1.6666157364469782,"{""learning_rate"": 0.1, ""n_estimators"": 75, ""num_leaves"": 3}",angew-sulfonyl-c-h-amination,family_holdout,ee,6l,26,4e|2z|2aa|2h|2y|2o|2t|4d|2p|2ac|2c|4c|2n|2x|2ab|2s|2q|2l|4a|2j|2m|2e|2k|2r|2w|2g,7,16.491764985701387,2b|2d|2f|2i|2u|2v|4b
3.432588029496184,,,angew-sulfonyl-c-h-amination,stage2pp,,17,angew-sulfonyl-c-h-amination,lightgbm,30.0,30.0,,26.567411970503816,38.240256454774226,0.564146613251669,54.605224260464354,-0.6036644762638517,-3.432588029496184,"{""learning_rate"": 0.1, ""n_estimators"": 75, ""num_leaves"": 3}",angew-sulfonyl-c-h-amination,family_holdout,ee,6m,26,4e|2z|2aa|2h|2y|2o|2t|4d|2p|2ac|2c|4c|2n|2x|2ab|2s|2q|2l|4a|2j|2m|2e|2k|2r|2w|2g,7,16.491764985701387,2b|2d|2f|2i|2u|2v|4b
20.258309025020445,,,angew-sulfonyl-c-h-amination,stage2pp,,17,angew-sulfonyl-c-h-amination,lightgbm,79.0,79.0,,58.741690974979555,70.41453545924996,32.73842561772741,86.77950326494009,31.570614528211888,-20.258309025020445,"{""learning_rate"": 0.1, ""n_estimators"": 75, ""num_leaves"": 3}",angew-sulfonyl-c-h-amination,family_holdout,ee,6n,26,4e|2z|2aa|2h|2y|2o|2t|4d|2p|2ac|2c|4c|2n|2x|2ab|2s|2q|2l|4a|2j|2m|2e|2k|2r|2w|2g,7,16.491764985701387,2b|2d|2f|2i|2u|2v|4b
55.083458787678424,,,angew-sulfonyl-c-h-amination,stage2pp,,17,angew-sulfonyl-c-h-amination,lightgbm,90.0,90.0,,34.916541212321576,46.58938569659198,8.913275855069429,62.95435350228211,7.745464765553908,-55.083458787678424,"{""learning_rate"": 0.1, ""n_estimators"": 75, ""num_leaves"": 3}",angew-sulfonyl-c-h-amination,family_holdout,ee,6o,26,4e|2z|2aa|2h|2y|2o|2t|4d|2p|2ac|2c|4c|2n|2x|2ab|2s|2q|2l|4a|2j|2m|2e|2k|2r|2w|2g,7,16.491764985701387,2b|2d|2f|2i|2u|2v|4b
23.850205940699738,,,angew-sulfonyl-c-h-amination,stage2pp,,17,angew-sulfonyl-c-h-amination,lightgbm,84.0,84.0,,60.14979405930026,71.82263854357066,34.146528702048116,88.18760634926079,32.97871761253259,-23.850205940699738,"{""learning_rate"": 0.1, ""n_estimators"": 75, ""num_leaves"": 3}",angew-sulfonyl-c-h-amination,family_holdout,ee,6p,26,4e|2z|2aa|2h|2y|2o|2t|4d|2p|2ac|2c|4c|2n|2x|2ab|2s|2q|2l|4a|2j|2m|2e|2k|2r|2w|2g,7,16.491764985701387,2b|2d|2f|2i|2u|2v|4b
40.00840508186627,,,angew-sulfonyl-c-h-amination,stage2pp,,17,angew-sulfonyl-c-h-amination,lightgbm,24.0,24.0,,64.00840508186627,75.68124956613667,38.005139724614125,92.0462173718268,36.8373286350986,40.00840508186627,"{""learning_rate"": 0.1, ""n_estimators"": 75, ""num_leaves"": 3}",angew-sulfonyl-c-h-amination,family_holdout,ee,6q,26,4e|2z|2aa|2h|2y|2o|2t|4d|2p|2ac|2c|4c|2n|2x|2ab|2s|2q|2l|4a|2j|2m|2e|2k|2r|2w|2g,7,16.491764985701387,2b|2d|2f|2i|2u|2v|4b
15.42307692307692,105.96916067169144,25.184685482154713,angew-sulfonyl-c-h-amination,stage2pp,20.608284487126717,17,angew-sulfonyl-c-h-amination,gaussian_process,81.0,81.0,,65.57692307692308,84.15384615384619,44.353846157147935,113.40384615384613,43.4538461546716,-15.42307692307692,"{""alpha"": 1e-05, ""kernel"": ""1**2 * RBF(length_scale=2) + WhiteKernel(noise_level=10)""}",angew-sulfonyl-c-h-amination,family_holdout,ee,6a,26,4e|2z|2aa|2h|2y|2o|2t|4d|2p|2ac|2c|4c|2n|2x|2ab|2s|2q|2l|4a|2j|2m|2e|2k|2r|2w|2g,7,23.302197801413406,2b|2d|2f|2i|2u|2v|4b
27.42307692307692,105.96916067169144,25.184685482154713,angew-sulfonyl-c-h-amination,stage2pp,20.608284487126717,17,angew-sulfonyl-c-h-amination,gaussian_process,93.0,93.0,,65.57692307692308,84.15384615384619,44.353846157147935,113.40384615384613,43.4538461546716,-27.42307692307692,"{""alpha"": 1e-05, ""kernel"": ""1**2 * RBF(length_scale=2) + WhiteKernel(noise_level=10)""}",angew-sulfonyl-c-h-amination,family_holdout,ee,6b,26,4e|2z|2aa|2h|2y|2o|2t|4d|2p|2ac|2c|4c|2n|2x|2ab|2s|2q|2l|4a|2j|2m|2e|2k|2r|2w|2g,7,23.302197801413406,2b|2d|2f|2i|2u|2v|4b
23.42307692307692,105.96916067169144,25.184685482154713,angew-sulfonyl-c-h-amination,stage2pp,20.608284487126717,17,angew-sulfonyl-c-h-amination,gaussian_process,89.0,89.0,,65.57692307692308,84.15384615384619,44.353846157147935,113.40384615384613,43.4538461546716,-23.42307692307692,"{""alpha"": 1e-05, ""kernel"": ""1**2 * RBF(length_scale=2) + WhiteKernel(noise_level=10)""}",angew-sulfonyl-c-h-amination,family_holdout,ee,6c,26,4e|2z|2aa|2h|2y|2o|2t|4d|2p|2ac|2c|4c|2n|2x|2ab|2s|2q|2l|4a|2j|2m|2e|2k|2r|2w|2g,7,23.302197801413406,2b|2d|2f|2i|2u|2v|4b
27.42307692307692,105.96916067169144,25.184685482154713,angew-sulfonyl-c-h-amination,stage2pp,20.608284487126717,17,angew-sulfonyl-c-h-amination,gaussian_process,93.0,93.0,,65.57692307692308,84.15384615384619,44.353846157147935,113.40384615384613,43.4538461546716,-27.42307692307692,"{""alpha"": 1e-05, ""kernel"": ""1**2 * RBF(length_scale=2) + WhiteKernel(noise_level=10)""}",angew-sulfonyl-c-h-amination,family_holdout,ee,6d,26,4e|2z|2aa|2h|2y|2o|2t|4d|2p|2ac|2c|4c|2n|2x|2ab|2s|2q|2l|4a|2j|2m|2e|2k|2r|2w|2g,7,23.302197801413406,2b|2d|2f|2i|2u|2v|4b
16.42307692307692,105.96916067169144,25.184685482154713,angew-sulfonyl-c-h-amination,stage2pp,20.608284487126717,17,angew-sulfonyl-c-h-amination,gaussian_process,82.0,82.0,,65.57692307692308,84.15384615384619,44.353846157147935,113.40384615384613,43.4538461546716,-16.42307692307692,"{""alpha"": 1e-05, ""kernel"": ""1**2 * RBF(length_scale=2) + WhiteKernel(noise_level=10)""}",angew-sulfonyl-c-h-amination,family_holdout,ee,6e,26,4e|2z|2aa|2h|2y|2o|2t|4d|2p|2ac|2c|4c|2n|2x|2ab|2s|2q|2l|4a|2j|2m|2e|2k|2r|2w|2g,7,23.302197801413406,2b|2d|2f|2i|2u|2v|4b
23.42307692307692,105.96916067169144,25.184685482154713,angew-sulfonyl-c-h-amination,stage2pp,20.608284487126717,17,angew-sulfonyl-c-h-amination,gaussian_process,89.0,89.0,,65.57692307692308,84.15384615384619,44.353846157147935,113.40384615384613,43.4538461546716,-23.42307692307692,"{""alpha"": 1e-05, ""kernel"": ""1**2 * RBF(length_scale=2) + WhiteKernel(noise_level=10)""}",angew-sulfonyl-c-h-amination,family_holdout,ee,6f,26,4e|2z|2aa|2h|2y|2o|2t|4d|2p|2ac|2c|4c|2n|2x|2ab|2s|2q|2l|4a|2j|2m|2e|2k|2r|2w|2g,7,23.302197801413406,2b|2d|2f|2i|2u|2v|4b
22.42307692307692,105.96916067169144,25.184685482154713,angew-sulfonyl-c-h-amination,stage2pp,20.608284487126717,17,angew-sulfonyl-c-h-amination,gaussian_process,88.0,88.0,,65.57692307692308,84.15384615384619,44.353846157147935,113.40384615384613,43.4538461546716,-22.42307692307692,"{""alpha"": 1e-05, ""kernel"": ""1**2 * RBF(length_scale=2) + WhiteKernel(noise_level=10)""}",angew-sulfonyl-c-h-amination,family_holdout,ee,6g,26,4e|2z|2aa|2h|2y|2o|2t|4d|2p|2ac|2c|4c|2n|2x|2ab|2s|2q|2l|4a|2j|2m|2e|2k|2r|2w|2g,7,23.302197801413406,2b|2d|2f|2i|2u|2v|4b
18.42307692307692,105.96916067169144,25.184685482154713,angew-sulfonyl-c-h-amination,stage2pp,20.608284487126717,17,angew-sulfonyl-c-h-amination,gaussian_process,84.0,84.0,,65.57692307692308,84.15384615384619,44.353846157147935,113.40384615384613,43.4538461546716,-18.42307692307692,"{""alpha"": 1e-05, ""kernel"": ""1**2 * RBF(length_scale=2) + WhiteKernel(noise_level=10)""}",angew-sulfonyl-c-h-amination,family_holdout,ee,6h,26,4e|2z|2aa|2h|2y|2o|2t|4d|2p|2ac|2c|4c|2n|2x|2ab|2s|2q|2l|4a|2j|2m|2e|2k|2r|2w|2g,7,23.302197801413406,2b|2d|2f|2i|2u|2v|4b
22.42307692307692,105.96916067169144,25.184685482154713,angew-sulfonyl-c-h-amination,stage2pp,20.608284487126717,17,angew-sulfonyl-c-h-amination,gaussian_process,88.0,88.0,,65.57692307692308,84.15384615384619,44.353846157147935,113.40384615384613,43.4538461546716,-22.42307692307692,"{""alpha"": 1e-05, ""kernel"": ""1**2 * RBF(length_scale=2) + WhiteKernel(noise_level=10)""}",angew-sulfonyl-c-h-amination,family_holdout,ee,6i,26,4e|2z|2aa|2h|2y|2o|2t|4d|2p|2ac|2c|4c|2n|2x|2ab|2s|2q|2l|4a|2j|2m|2e|2k|2r|2w|2g,7,23.302197801413406,2b|2d|2f|2i|2u|2v|4b
21.42307692307692,105.96916067169144,25.184685482154713,angew-sulfonyl-c-h-amination,stage2pp,20.608284487126717,17,angew-sulfonyl-c-h-amination,gaussian_process,87.0,87.0,,65.57692307692308,84.15384615384619,44.353846157147935,113.40384615384613,43.4538461546716,-21.42307692307692,"{""alpha"": 1e-05, ""kernel"": ""1**2 * RBF(length_scale=2) + WhiteKernel(noise_level=10)""}",angew-sulfonyl-c-h-amination,family_holdout,ee,6j,26,4e|2z|2aa|2h|2y|2o|2t|4d|2p|2ac|2c|4c|2n|2x|2ab|2s|2q|2l|4a|2j|2m|2e|2k|2r|2w|2g,7,23.302197801413406,2b|2d|2f|2i|2u|2v|4b
27.42307692307692,105.96916067169144,25.184685482154713,angew-sulfonyl-c-h-amination,stage2pp,20.608284487126717,17,angew-sulfonyl-c-h-amination,gaussian_process,93.0,93.0,,65.57692307692308,84.15384615384619,44.353846157147935,113.40384615384613,43.4538461546716,-27.42307692307692,"{""alpha"": 1e-05, ""kernel"": ""1**2 * RBF(length_scale=2) + WhiteKernel(noise_level=10)""}",angew-sulfonyl-c-h-amination,family_holdout,ee,6k,26,4e|2z|2aa|2h|2y|2o|2t|4d|2p|2ac|2c|4c|2n|2x|2ab|2s|2q|2l|4a|2j|2m|2e|2k|2r|2w|2g,7,23.302197801413406,2b|2d|2f|2i|2u|2v|4b
7.57692307692308,105.96916067169144,25.184685482154713,angew-sulfonyl-c-h-amination,stage2pp,20.608284487126717,17,angew-sulfonyl-c-h-amination,gaussian_process,58.0,58.0,,65.57692307692308,84.15384615384619,44.353846157147935,113.40384615384613,43.4538461546716,7.57692307692308,"{""alpha"": 1e-05, ""kernel"": ""1**2 * RBF(length_scale=2) + WhiteKernel(noise_level=10)""}",angew-sulfonyl-c-h-amination,family_holdout,ee,6l,26,4e|2z|2aa|2h|2y|2o|2t|4d|2p|2ac|2c|4c|2n|2x|2ab|2s|2q|2l|4a|2j|2m|2e|2k|2r|2w|2g,7,23.302197801413406,2b|2d|2f|2i|2u|2v|4b
35.57692307692308,105.96916067169144,25.184685482154713,angew-sulfonyl-c-h-amination,stage2pp,20.608284487126717,17,angew-sulfonyl-c-h-amination,gaussian_process,30.0,30.0,,65.57692307692308,84.15384615384619,44.353846157147935,113.40384615384613,43.4538461546716,35.57692307692308,"{""alpha"": 1e-05, ""kernel"": ""1**2 * RBF(length_scale=2) + WhiteKernel(noise_level=10)""}",angew-sulfonyl-c-h-amination,family_holdout,ee,6m,26,4e|2z|2aa|2h|2y|2o|2t|4d|2p|2ac|2c|4c|2n|2x|2ab|2s|2q|2l|4a|2j|2m|2e|2k|2r|2w|2g,7,23.302197801413406,2b|2d|2f|2i|2u|2v|4b
13.42307692307692,105.96916067169144,25.184685482154713,angew-sulfonyl-c-h-amination,stage2pp,20.608284487126717,17,angew-sulfonyl-c-h-amination,gaussian_process,79.0,79.0,,65.57692307692308,84.15384615384619,44.353846157147935,113.40384615384613,43.4538461546716,-13.42307692307692,"{""alpha"": 1e-05, ""kernel"": ""1**2 * RBF(length_scale=2) + WhiteKernel(noise_level=10)""}",angew-sulfonyl-c-h-amination,family_holdout,ee,6n,26,4e|2z|2aa|2h|2y|2o|2t|4d|2p|2ac|2c|4c|2n|2x|2ab|2s|2q|2l|4a|2j|2m|2e|2k|2r|2w|2g,7,23.302197801413406,2b|2d|2f|2i|2u|2v|4b
24.42307692307692,105.96916067169144,25.184685482154713,angew-sulfonyl-c-h-amination,stage2pp,20.608284487126717,17,angew-sulfonyl-c-h-amination,gaussian_process,90.0,90.0,,65.57692307692308,84.15384615384619,44.353846157147935,113.40384615384613,43.4538461546716,-24.42307692307692,"{""alpha"": 1e-05, ""kernel"": ""1**2 * RBF(length_scale=2) + WhiteKernel(noise_level=10)""}",angew-sulfonyl-c-h-amination,family_holdout,ee,6o,26,4e|2z|2aa|2h|2y|2o|2t|4d|2p|2ac|2c|4c|2n|2x|2ab|2s|2q|2l|4a|2j|2m|2e|2k|2r|2w|2g,7,23.302197801413406,2b|2d|2f|2i|2u|2v|4b
18.42307692307692,105.96916067169144,25.184685482154713,angew-sulfonyl-c-h-amination,stage2pp,20.608284487126717,17,angew-sulfonyl-c-h-amination,gaussian_process,84.0,84.0,,65.57692307692308,84.15384615384619,44.353846157147935,113.40384615384613,43.4538461546716,-18.42307692307692,"{""alpha"": 1e-05, ""kernel"": ""1**2 * RBF(length_scale=2) + WhiteKernel(noise_level=10)""}",angew-sulfonyl-c-h-amination,family_holdout,ee,6p,26,4e|2z|2aa|2h|2y|2o|2t|4d|2p|2ac|2c|4c|2n|2x|2ab|2s|2q|2l|4a|2j|2m|2e|2k|2r|2w|2g,7,23.302197801413406,2b|2d|2f|2i|2u|2v|4b
41.57692307692308,105.96916067169144,25.184685482154713,angew-sulfonyl-c-h-amination,stage2pp,20.608284487126717,17,angew-sulfonyl-c-h-amination,gaussian_process,24.0,24.0,,65.57692307692308,84.15384615384619,44.353846157147935,113.40384615384613,43.4538461546716,41.57692307692308,"{""alpha"": 1e-05, ""kernel"": ""1**2 * RBF(length_scale=2) + WhiteKernel(noise_level=10)""}",angew-sulfonyl-c-h-amination,family_holdout,ee,6q,26,4e|2z|2aa|2h|2y|2o|2t|4d|2p|2ac|2c|4c|2n|2x|2ab|2s|2q|2l|4a|2j|2m|2e|2k|2r|2w|2g,7,23.302197801413406,2b|2d|2f|2i|2u|2v|4b
28.739929636612928,,,angew-aryl-c-h-amination,stage2p_plus_stage2pp,,33,angew-aryl-c-h-amination,ridge_regression,45.0,45.0,,73.73992963661293,73.27167120706503,63.620328787903375,74.73202719881466,63.271058076060214,28.739929636612928,"{""alpha"": 10000.0}",angew-aryl-c-h-amination,family_holdout,ee,2aa,14,6k|6o|6c|6g|6m|6l|6j|6h|6e|6i|6d|6b|6a|6q,3,6.773667247610466,6f|6n|6p
33.295854178537255,,,angew-aryl-c-h-amination,stage2p_plus_stage2pp,,33,angew-aryl-c-h-amination,ridge_regression,39.0,39.0,,72.29585417853725,71.82759574898935,62.1762533298277,73.28795174073899,61.82698261798454,33.295854178537255,"{""alpha"": 10000.0}",angew-aryl-c-h-amination,family_holdout,ee,2ab,14,6k|6o|6c|6g|6m|6l|6j|6h|6e|6i|6d|6b|6a|6q,3,6.773667247610466,6f|6n|6p
25.49600342584941,,,angew-aryl-c-h-amination,stage2p_plus_stage2pp,,33,angew-aryl-c-h-amination,ridge_regression,50.0,50.0,,75.49600342584941,75.02774499630151,65.37640257713986,76.48810098805114,65.0271318652967,25.49600342584941,"{""alpha"": 10000.0}",angew-aryl-c-h-amination,family_holdout,ee,2ac,14,6k|6o|6c|6g|6m|6l|6j|6h|6e|6i|6d|6b|6a|6q,3,6.773667247610466,6f|6n|6p
6.918898617864059,,,angew-aryl-c-h-amination,stage2p_plus_stage2pp,,33,angew-aryl-c-h-amination,ridge_regression,88.0,88.0,,81.08110138213594,80.61284295258804,70.96150053342639,82.07319894433768,70.61222982158323,-6.918898617864059,"{""alpha"": 10000.0}",angew-aryl-c-h-amination,family_holdout,ee,2b,14,6k|6o|6c|6g|6m|6l|6j|6h|6e|6i|6d|6b|6a|6q,3,6.773667247610466,6f|6n|6p
2.89385644532544,,,angew-aryl-c-h-amination,stage2p_plus_stage2pp,,33,angew-aryl-c-h-amination,ridge_regression,79.0,79.0,,76.10614355467456,75.63788512512666,65.98654270596501,77.0982411168763,65.63727199412185,-2.89385644532544,"{""alpha"": 10000.0}",angew-aryl-c-h-amination,family_holdout,ee,2c,14,6k|6o|6c|6g|6m|6l|6j|6h|6e|6i|6d|6b|6a|6q,3,6.773667247610466,6f|6n|6p
5.685336163614323,,,angew-aryl-c-h-amination,stage2p_plus_stage2pp,,33,angew-aryl-c-h-amination,ridge_regression,86.0,86.0,,80.31466383638568,79.84640540683777,70.19506298767612,81.30676139858741,69.84579227583296,-5.685336163614323,"{""alpha"": 10000.0}",angew-aryl-c-h-amination,family_holdout,ee,2d,14,6k|6o|6c|6g|6m|6l|6j|6h|6e|6i|6d|6b|6a|6q,3,6.773667247610466,6f|6n|6p
1.048258892039044,,,angew-aryl-c-h-amination,stage2p_plus_stage2pp,,33,angew-aryl-c-h-amination,ridge_regression,82.0,82.0,,80.95174110796096,80.48348267841305,70.8321402592514,81.94383867016269,70.48286954740824,-1.048258892039044,"{""alpha"": 10000.0}",angew-aryl-c-h-amination,family_holdout,ee,2e,14,6k|6o|6c|6g|6m|6l|6j|6h|6e|6i|6d|6b|6a|6q,3,6.773667247610466,6f|6n|6p
7.353361030295289,,,angew-aryl-c-h-amination,stage2p_plus_stage2pp,,33,angew-aryl-c-h-amination,ridge_regression,84.0,84.0,,76.64663896970471,76.17838054015681,66.52703812099516,77.63873653190645,66.177767409152,-7.353361030295289,"{""alpha"": 10000.0}",angew-aryl-c-h-amination,family_holdout,ee,2f,14,6k|6o|6c|6g|6m|6l|6j|6h|6e|6i|6d|6b|6a|6q,3,6.773667247610466,6f|6n|6p
7.5824539613732185,,,angew-aryl-c-h-amination,stage2p_plus_stage2pp,,33,angew-aryl-c-h-amination,ridge_regression,86.0,86.0,,78.41754603862678,77.94928760907888,68.29794518991723,79.40964360082852,67.94867447807407,-7.5824539613732185,"{""alpha"": 10000.0}",angew-aryl-c-h-amination,family_holdout,ee,2g,14,6k|6o|6c|6g|6m|6l|6j|6h|6e|6i|6d|6b|6a|6q,3,6.773667247610466,6f|6n|6p
7.5785471437929175,,,angew-aryl-c-h-amination,stage2p_plus_stage2pp,,33,angew-aryl-c-h-amination,ridge_regression,90.0,90.0,,82.42145285620708,81.95319442665918,72.30185200749753,83.41355041840882,71.95258129565437,-7.5785471437929175,"{""alpha"": 10000.0}",angew-aryl-c-h-amination,family_holdout,ee,2h,14,6k|6o|6c|6g|6m|6l|6j|6h|6e|6i|6d|6b|6a|6q,3,6.773667247610466,6f|6n|6p
27.0,,,angew-aryl-c-h-amination,stage2p_plus_stage2pp,,33,angew-aryl-c-h-amination,ridge_regression,73.0,73.0,,100.0,99.5317415704521,89.88039915129045,100.99209756220174,89.53112843944729,27.0,"{""alpha"": 10000.0}",angew-aryl-c-h-amination,family_holdout,ee,2i,14,6k|6o|6c|6g|6m|6l|6j|6h|6e|6i|6d|6b|6a|6q,3,6.773667247610466,6f|6n|6p
21.0,,,angew-aryl-c-h-amination,stage2p_plus_stage2pp,,33,angew-aryl-c-h-amination,ridge_regression,79.0,79.0,,100.0,99.5317415704521,89.88039915129045,100.99209756220174,89.53112843944729,21.0,"{""alpha"": 10000.0}",angew-aryl-c-h-amination,family_holdout,ee,2j,14,6k|6o|6c|6g|6m|6l|6j|6h|6e|6i|6d|6b|6a|6q,3,6.773667247610466,6f|6n|6p
14.74129025249239,,,angew-aryl-c-h-amination,stage2p_plus_stage2pp,,33,angew-aryl-c-h-amination,ridge_regression,90.0,90.0,,75.25870974750761,74.79045131795971,65.13910889879806,76.25080730970934,64.7898381869549,-14.74129025249239,"{""alpha"": 10000.0}",angew-aryl-c-h-amination,family_holdout,ee,2k,14,6k|6o|6c|6g|6m|6l|6j|6h|6e|6i|6d|6b|6a|6q,3,6.773667247610466,6f|6n|6p
22.0,,,angew-aryl-c-h-amination,stage2p_plus_stage2pp,,33,angew-aryl-c-h-amination,ridge_regression,78.0,78.0,,100.0,99.5317415704521,89.88039915129045,100.99209756220174,89.53112843944729,22.0,"{""alpha"": 10000.0}",angew-aryl-c-h-amination,family_holdout,ee,2l,14,6k|6o|6c|6g|6m|6l|6j|6h|6e|6i|6d|6b|6a|6q,3,6.773667247610466,6f|6n|6p
14.643263692338465,,,angew-aryl-c-h-amination,stage2p_plus_stage2pp,,33,angew-aryl-c-h-amination,ridge_regression,87.0,87.0,,72.35673630766154,71.88847787811363,62.23713545895198,73.34883386986327,61.88786474710882,-14.643263692338465,"{""alpha"": 10000.0}",angew-aryl-c-h-amination,family_holdout,ee,2m,14,6k|6o|6c|6g|6m|6l|6j|6h|6e|6i|6d|6b|6a|6q,3,6.773667247610466,6f|6n|6p
17.360260678404032,,,angew-aryl-c-h-amination,stage2p_plus_stage2pp,,33,angew-aryl-c-h-amination,ridge_regression,60.0,60.0,,77.36026067840403,76.89200224885613,67.24065982969448,78.35235824060577,66.89138911785132,17.360260678404032,"{""alpha"": 10000.0}",angew-aryl-c-h-amination,family_holdout,ee,2n,14,6k|6o|6c|6g|6m|6l|6j|6h|6e|6i|6d|6b|6a|6q,3,6.773667247610466,6f|6n|6p
17.837912790067165,,,angew-aryl-c-h-amination,stage2p_plus_stage2pp,,33,angew-aryl-c-h-amination,ridge_regression,56.0,56.0,,73.83791279006716,73.36965436051926,63.71831194135761,74.8300103522689,63.36904122951445,17.837912790067165,"{""alpha"": 10000.0}",angew-aryl-c-h-amination,family_holdout,ee,2o,14,6k|6o|6c|6g|6m|6l|6j|6h|6e|6i|6d|6b|6a|6q,3,6.773667247610466,6f|6n|6p
7.266380946876183,,,angew-aryl-c-h-amination,stage2p_plus_stage2pp,,33,angew-aryl-c-h-amination,ridge_regression,71.0,71.0,,78.26638094687618,77.79812251732828,68.14678009816663,79.25847850907792,67.79750938632347,7.266380946876183,"{""alpha"": 10000.0}",angew-aryl-c-h-amination,family_holdout,ee,2p,14,6k|6o|6c|6g|6m|6l|6j|6h|6e|6i|6d|6b|6a|6q,3,6.773667247610466,6f|6n|6p
22.14311978575715,,,angew-aryl-c-h-amination,stage2p_plus_stage2pp,,33,angew-aryl-c-h-amination,ridge_regression,51.0,51.0,,73.14311978575715,72.67486135620925,63.0235189370476,74.13521734795889,62.67424822520444,22.14311978575715,"{""alpha"": 10000.0}",angew-aryl-c-h-amination,family_holdout,ee,2q,14,6k|6o|6c|6g|6m|6l|6j|6h|6e|6i|6d|6b|6a|6q,3,6.773667247610466,6f|6n|6p
5.252789028761953,,,angew-aryl-c-h-amination,stage2p_plus_stage2pp,,33,angew-aryl-c-h-amination,ridge_regression,80.0,80.0,,74.74721097123805,74.27895254169015,64.6276101225285,75.73930853343978,64.27833941068533,-5.252789028761953,"{""alpha"": 10000.0}",angew-aryl-c-h-amination,family_holdout,ee,2r,14,6k|6o|6c|6g|6m|6l|6j|6h|6e|6i|6d|6b|6a|6q,3,6.773667247610466,6f|6n|6p
8.948498141581837,,,angew-aryl-c-h-amination,stage2p_plus_stage2pp,,33,angew-aryl-c-h-amination,ridge_regression,72.0,72.0,,80.94849814158184,80.48023971203394,70.82889729287228,81.94059570378357,70.47962658102912,8.948498141581837,"{""alpha"": 10000.0}",angew-aryl-c-h-amination,family_holdout,ee,2s,14,6k|6o|6c|6g|6m|6l|6j|6h|6e|6i|6d|6b|6a|6q,3,6.773667247610466,6f|6n|6p
3.830471915943562,,,angew-aryl-c-h-amination,stage2p_plus_stage2pp,,33,angew-aryl-c-h-amination,ridge_regression,74.0,74.0,,70.16952808405644,69.70126965450854,60.049927235346885,71.16162564625817,59.700656523503724,-3.830471915943562,"{""alpha"": 10000.0}",angew-aryl-c-h-amination,family_holdout,ee,2t,14,6k|6o|6c|6g|6m|6l|6j|6h|6e|6i|6d|6b|6a|6q,3,6.773667247610466,6f|6n|6p
3.4173238414233964,,,angew-aryl-c-h-amination,stage2p_plus_stage2pp,,33,angew-aryl-c-h-amination,ridge_regression,84.0,84.0,,80.5826761585766,80.1144177290287,70.46307530986705,81.57477372077834,70.11380459802389,-3.4173238414233964,"{""alpha"": 10000.0}",angew-aryl-c-h-amination,family_holdout,ee,2u,14,6k|6o|6c|6g|6m|6l|6j|6h|6e|6i|6d|6b|6a|6q,3,6.773667247610466,6f|6n|6p
2.794968849232987,,,angew-aryl-c-h-amination,stage2p_plus_stage2pp,,33,angew-aryl-c-h-amination,ridge_regression,84.0,84.0,,81.20503115076701,80.73677272121911,71.08543030205746,82.19712871296875,70.7361595902143,-2.794968849232987,"{""alpha"": 10000.0}",angew-aryl-c-h-amination,family_holdout,ee,2v,14,6k|6o|6c|6g|6m|6l|6j|6h|6e|6i|6d|6b|6a|6q,3,6.773667247610466,6f|6n|6p
4.196639585686981,,,angew-aryl-c-h-amination,stage2p_plus_stage2pp,,33,angew-aryl-c-h-amination,ridge_regression,81.0,81.0,,85.19663958568698,84.72838115613908,75.07703873697743,86.18873714788872,74.72776802513427,4.196639585686981,"{""alpha"": 10000.0}",angew-aryl-c-h-amination,family_holdout,ee,2w,14,6k|6o|6c|6g|6m|6l|6j|6h|6e|6i|6d|6b|6a|6q,3,6.773667247610466,6f|6n|6p
21.0,,,angew-aryl-c-h-amination,stage2p_plus_stage2pp,,33,angew-aryl-c-h-amination,ridge_regression,79.0,79.0,,100.0,99.5317415704521,89.88039915129045,100.99209756220174,89.53112843944729,21.0,"{""alpha"": 10000.0}",angew-aryl-c-h-amination,family_holdout,ee,2x,14,6k|6o|6c|6g|6m|6l|6j|6h|6e|6i|6d|6b|6a|6q,3,6.773667247610466,6f|6n|6p
13.12660373333857,,,angew-aryl-c-h-amination,stage2p_plus_stage2pp,,33,angew-aryl-c-h-amination,ridge_regression,71.0,71.0,,84.12660373333857,83.65834530379067,74.00700288462902,85.1187012955403,73.65773217278586,13.12660373333857,"{""alpha"": 10000.0}",angew-aryl-c-h-amination,family_holdout,ee,2y,14,6k|6o|6c|6g|6m|6l|6j|6h|6e|6i|6d|6b|6a|6q,3,6.773667247610466,6f|6n|6p
4.313086872184925,,,angew-aryl-c-h-amination,stage2p_plus_stage2pp,,33,angew-aryl-c-h-amination,ridge_regression,70.0,70.0,,74.31308687218493,73.84482844263702,64.19348602347537,75.30518443438666,63.84421531163221,4.313086872184925,"{""alpha"": 10000.0}",angew-aryl-c-h-amination,family_holdout,ee,2z,14,6k|6o|6c|6g|6m|6l|6j|6h|6e|6i|6d|6b|6a|6q,3,6.773667247610466,6f|6n|6p
62.73844512770694,,,angew-aryl-c-h-amination,stage2p_plus_stage2pp,,33,angew-aryl-c-h-amination,ridge_regression,7.0,7.0,,69.73844512770694,69.27018669815904,59.618844278997386,70.73054268990867,59.269573567154225,62.73844512770694,"{""alpha"": 10000.0}",angew-aryl-c-h-amination,family_holdout,ee,4a,14,6k|6o|6c|6g|6m|6l|6j|6h|6e|6i|6d|6b|6a|6q,3,6.773667247610466,6f|6n|6p
64.91829156135974,,,angew-aryl-c-h-amination,stage2p_plus_stage2pp,,33,angew-aryl-c-h-amination,ridge_regression,8.0,8.0,,72.91829156135974,72.45003313181184,62.798690712650185,73.91038912356147,62.449420000807024,64.91829156135974,"{""alpha"": 10000.0}",angew-aryl-c-h-amination,family_holdout,ee,4b,14,6k|6o|6c|6g|6m|6l|6j|6h|6e|6i|6d|6b|6a|6q,3,6.773667247610466,6f|6n|6p
12.205715193909434,,,angew-aryl-c-h-amination,stage2p_plus_stage2pp,,33,angew-aryl-c-h-amination,ridge_regression,50.0,50.0,,62.205715193909434,61.737456764361525,52.08611434519989,63.19781275611117,51.73684363335672,12.205715193909434,"{""alpha"": 10000.0}",angew-aryl-c-h-amination,family_holdout,ee,4c,14,6k|6o|6c|6g|6m|6l|6j|6h|6e|6i|6d|6b|6a|6q,3,6.773667247610466,6f|6n|6p
50.869887502037216,,,angew-aryl-c-h-amination,stage2p_plus_stage2pp,,33,angew-aryl-c-h-amination,ridge_regression,22.0,22.0,,72.86988750203722,72.40162907248931,62.75028665332766,73.86198506423895,62.4010159414845,50.869887502037216,"{""alpha"": 10000.0}",angew-aryl-c-h-amination,family_holdout,ee,4d,14,6k|6o|6c|6g|6m|6l|6j|6h|6e|6i|6d|6b|6a|6q,3,6.773667247610466,6f|6n|6p
22.913555446540556,,,angew-aryl-c-h-amination,stage2p_plus_stage2pp,,33,angew-aryl-c-h-amination,ridge_regression,56.0,56.0,,78.91355544654056,78.44529701699265,68.793954597831,79.90565300874229,68.44468388598784,22.913555446540556,"{""alpha"": 10000.0}",angew-aryl-c-h-amination,family_holdout,ee,4e,14,6k|6o|6c|6g|6m|6l|6j|6h|6e|6i|6d|6b|6a|6q,3,6.773667247610466,6f|6n|6p
32.14285714285714,,,angew-aryl-c-h-amination,stage2p_plus_stage2pp,,33,angew-aryl-c-h-amination,elastic_net,45.0,45.0,,77.14285714285714,74.28571428571428,66.28571428571428,75.03571428571428,65.53571428571428,32.14285714285714,"{""alpha"": 100.0, ""l1_ratio"": 0.2}",angew-aryl-c-h-amination,family_holdout,ee,2aa,14,6k|6o|6c|6g|6m|6l|6j|6h|6e|6i|6d|6b|6a|6q,3,6.857142857142861,6f|6n|6p
38.14285714285714,,,angew-aryl-c-h-amination,stage2p_plus_stage2pp,,33,angew-aryl-c-h-amination,elastic_net,39.0,39.0,,77.14285714285714,74.28571428571428,66.28571428571428,75.03571428571428,65.53571428571428,38.14285714285714,"{""alpha"": 100.0, ""l1_ratio"": 0.2}",angew-aryl-c-h-amination,family_holdout,ee,2ab,14,6k|6o|6c|6g|6m|6l|6j|6h|6e|6i|6d|6b|6a|6q,3,6.857142857142861,6f|6n|6p
27.14285714285714,,,angew-aryl-c-h-amination,stage2p_plus_stage2pp,,33,angew-aryl-c-h-amination,elastic_net,50.0,50.0,,77.14285714285714,74.28571428571428,66.28571428571428,75.03571428571428,65.53571428571428,27.14285714285714,"{""alpha"": 100.0, ""l1_ratio"": 0.2}",angew-aryl-c-h-amination,family_holdout,ee,2ac,14,6k|6o|6c|6g|6m|6l|6j|6h|6e|6i|6d|6b|6a|6q,3,6.857142857142861,6f|6n|6p
10.857142857142861,,,angew-aryl-c-h-amination,stage2p_plus_stage2pp,,33,angew-aryl-c-h-amination,elastic_net,88.0,88.0,,77.14285714285714,74.28571428571428,66.28571428571428,75.03571428571428,65.53571428571428,-10.857142857142861,"{""alpha"": 100.0, ""l1_ratio"": 0.2}",angew-aryl-c-h-amination,family_holdout,ee,2b,14,6k|6o|6c|6g|6m|6l|6j|6h|6e|6i|6d|6b|6a|6q,3,6.857142857142861,6f|6n|6p
1.8571428571428612,,,angew-aryl-c-h-amination,stage2p_plus_stage2pp,,33,angew-aryl-c-h-amination,elastic_net,79.0,79.0,,77.14285714285714,74.28571428571428,66.28571428571428,75.03571428571428,65.53571428571428,-1.8571428571428612,"{""alpha"": 100.0, ""l1_ratio"": 0.2}",angew-aryl-c-h-amination,family_holdout,ee,2c,14,6k|6o|6c|6g|6m|6l|6j|6h|6e|6i|6d|6b|6a|6q,3,6.857142857142861,6f|6n|6p
8.857142857142861,,,angew-aryl-c-h-amination,stage2p_plus_stage2pp,,33,angew-aryl-c-h-amination,elastic_net,86.0,86.0,,77.14285714285714,74.28571428571428,66.28571428571428,75.03571428571428,65.53571428571428,-8.857142857142861,"{""alpha"": 100.0, ""l1_ratio"": 0.2}",angew-aryl-c-h-amination,family_holdout,ee,2d,14,6k|6o|6c|6g|6m|6l|6j|6h|6e|6i|6d|6b|6a|6q,3,6.857142857142861,6f|6n|6p
4.857142857142861,,,angew-aryl-c-h-amination,stage2p_plus_stage2pp,,33,angew-aryl-c-h-amination,elastic_net,82.0,82.0,,77.14285714285714,74.28571428571428,66.28571428571428,75.03571428571428,65.53571428571428,-4.857142857142861,"{""alpha"": 100.0, ""l1_ratio"": 0.2}",angew-aryl-c-h-amination,family_holdout,ee,2e,14,6k|6o|6c|6g|6m|6l|6j|6h|6e|6i|6d|6b|6a|6q,3,6.857142857142861,6f|6n|6p
6.857142857142861,,,angew-aryl-c-h-amination,stage2p_plus_stage2pp,,33,angew-aryl-c-h-amination,elastic_net,84.0,84.0,,77.14285714285714,74.28571428571428,66.28571428571428,75.03571428571428,65.53571428571428,-6.857142857142861,"{""alpha"": 100.0, ""l1_ratio"": 0.2}",angew-aryl-c-h-amination,family_holdout,ee,2f,14,6k|6o|6c|6g|6m|6l|6j|6h|6e|6i|6d|6b|6a|6q,3,6.857142857142861,6f|6n|6p
8.857142857142861,,,angew-aryl-c-h-amination,stage2p_plus_stage2pp,,33,angew-aryl-c-h-amination,elastic_net,86.0,86.0,,77.14285714285714,74.28571428571428,66.28571428571428,75.03571428571428,65.53571428571428,-8.857142857142861,"{""alpha"": 100.0, ""l1_ratio"": 0.2}",angew-aryl-c-h-amination,family_holdout,ee,2g,14,6k|6o|6c|6g|6m|6l|6j|6h|6e|6i|6d|6b|6a|6q,3,6.857142857142861,6f|6n|6p
12.857142857142861,,,angew-aryl-c-h-amination,stage2p_plus_stage2pp,,33,angew-aryl-c-h-amination,elastic_net,90.0,90.0,,77.14285714285714,74.28571428571428,66.28571428571428,75.03571428571428,65.53571428571428,-12.857142857142861,"{""alpha"": 100.0, ""l1_ratio"": 0.2}",angew-aryl-c-h-amination,family_holdout,ee,2h,14,6k|6o|6c|6g|6m|6l|6j|6h|6e|6i|6d|6b|6a|6q,3,6.857142857142861,6f|6n|6p
4.142857142857139,,,angew-aryl-c-h-amination,stage2p_plus_stage2pp,,33,angew-aryl-c-h-amination,elastic_net,73.0,73.0,,77.14285714285714,74.28571428571428,66.28571428571428,75.03571428571428,65.53571428571428,4.142857142857139,"{""alpha"": 100.0, ""l1_ratio"": 0.2}",angew-aryl-c-h-amination,family_holdout,ee,2i,14,6k|6o|6c|6g|6m|6l|6j|6h|6e|6i|6d|6b|6a|6q,3,6.857142857142861,6f|6n|6p
1.8571428571428612,,,angew-aryl-c-h-amination,stage2p_plus_stage2pp,,33,angew-aryl-c-h-amination,elastic_net,79.0,79.0,,77.14285714285714,74.28571428571428,66.28571428571428,75.03571428571428,65.53571428571428,-1.8571428571428612,"{""alpha"": 100.0, ""l1_ratio"": 0.2}",angew-aryl-c-h-amination,family_holdout,ee,2j,14,6k|6o|6c|6g|6m|6l|6j|6h|6e|6i|6d|6b|6a|6q,3,6.857142857142861,6f|6n|6p
12.857142857142861,,,angew-aryl-c-h-amination,stage2p_plus_stage2pp,,33,angew-aryl-c-h-amination,elastic_net,90.0,90.0,,77.14285714285714,74.28571428571428,66.28571428571428,75.03571428571428,65.53571428571428,-12.857142857142861,"{""alpha"": 100.0, ""l1_ratio"": 0.2}",angew-aryl-c-h-amination,family_holdout,ee,2k,14,6k|6o|6c|6g|6m|6l|6j|6h|6e|6i|6d|6b|6a|6q,3,6.857142857142861,6f|6n|6p
0.8571428571428612,,,angew-aryl-c-h-amination,stage2p_plus_stage2pp,,33,angew-aryl-c-h-amination,elastic_net,78.0,78.0,,77.14285714285714,74.28571428571428,66.28571428571428,75.03571428571428,65.53571428571428,-0.8571428571428612,"{""alpha"": 100.0, ""l1_ratio"": 0.2}",angew-aryl-c-h-amination,family_holdout,ee,2l,14,6k|6o|6c|6g|6m|6l|6j|6h|6e|6i|6d|6b|6a|6q,3,6.857142857142861,6f|6n|6p
9.857142857142861,,,angew-aryl-c-h-amination,stage2p_plus_stage2pp,,33,angew-aryl-c-h-amination,elastic_net,87.0,87.0,,77.14285714285714,74.28571428571428,66.28571428571428,75.03571428571428,65.53571428571428,-9.857142857142861,"{""alpha"": 100.0, ""l1_ratio"": 0.2}",angew-aryl-c-h-amination,family_holdout,ee,2m,14,6k|6o|6c|6g|6m|6l|6j|6h|6e|6i|6d|6b|6a|6q,3,6.857142857142861,6f|6n|6p
17.14285714285714,,,angew-aryl-c-h-amination,stage2p_plus_stage2pp,,33,angew-aryl-c-h-amination,elastic_net,60.0,60.0,,77.14285714285714,74.28571428571428,66.28571428571428,75.03571428571428,65.53571428571428,17.14285714285714,"{""alpha"": 100.0, ""l1_ratio"": 0.2}",angew-aryl-c-h-amination,family_holdout,ee,2n,14,6k|6o|6c|6g|6m|6l|6j|6h|6e|6i|6d|6b|6a|6q,3,6.857142857142861,6f|6n|6p
21.14285714285714,,,angew-aryl-c-h-amination,stage2p_plus_stage2pp,,33,angew-aryl-c-h-amination,elastic_net,56.0,56.0,,77.14285714285714,74.28571428571428,66.28571428571428,75.03571428571428,65.53571428571428,21.14285714285714,"{""alpha"": 100.0, ""l1_ratio"": 0.2}",angew-aryl-c-h-amination,family_holdout,ee,2o,14,6k|6o|6c|6g|6m|6l|6j|6h|6e|6i|6d|6b|6a|6q,3,6.857142857142861,6f|6n|6p
6.142857142857139,,,angew-aryl-c-h-amination,stage2p_plus_stage2pp,,33,angew-aryl-c-h-amination,elastic_net,71.0,71.0,,77.14285714285714,74.28571428571428,66.28571428571428,75.03571428571428,65.53571428571428,6.142857142857139,"{""alpha"": 100.0, ""l1_ratio"": 0.2}",angew-aryl-c-h-amination,family_holdout,ee,2p,14,6k|6o|6c|6g|6m|6l|6j|6h|6e|6i|6d|6b|6a|6q,3,6.857142857142861,6f|6n|6p
26.14285714285714,,,angew-aryl-c-h-amination,stage2p_plus_stage2pp,,33,angew-aryl-c-h-amination,elastic_net,51.0,51.0,,77.14285714285714,74.28571428571428,66.28571428571428,75.03571428571428,65.53571428571428,26.14285714285714,"{""alpha"": 100.0, ""l1_ratio"": 0.2}",angew-aryl-c-h-amination,family_holdout,ee,2q,14,6k|6o|6c|6g|6m|6l|6j|6h|6e|6i|6d|6b|6a|6q,3,6.857142857142861,6f|6n|6p
2.857142857142861,,,angew-aryl-c-h-amination,stage2p_plus_stage2pp,,33,angew-aryl-c-h-amination,elastic_net,80.0,80.0,,77.14285714285714,74.28571428571428,66.28571428571428,75.03571428571428,65.53571428571428,-2.857142857142861,"{""alpha"": 100.0, ""l1_ratio"": 0.2}",angew-aryl-c-h-amination,family_holdout,ee,2r,14,6k|6o|6c|6g|6m|6l|6j|6h|6e|6i|6d|6b|6a|6q,3,6.857142857142861,6f|6n|6p
5.142857142857139,,,angew-aryl-c-h-amination,stage2p_plus_stage2pp,,33,angew-aryl-c-h-amination,elastic_net,72.0,72.0,,77.14285714285714,74.28571428571428,66.28571428571428,75.03571428571428,65.53571428571428,5.142857142857139,"{""alpha"": 100.0, ""l1_ratio"": 0.2}",angew-aryl-c-h-amination,family_holdout,ee,2s,14,6k|6o|6c|6g|6m|6l|6j|6h|6e|6i|6d|6b|6a|6q,3,6.857142857142861,6f|6n|6p
3.142857142857139,,,angew-aryl-c-h-amination,stage2p_plus_stage2pp,,33,angew-aryl-c-h-amination,elastic_net,74.0,74.0,,77.14285714285714,74.28571428571428,66.28571428571428,75.03571428571428,65.53571428571428,3.142857142857139,"{""alpha"": 100.0, ""l1_ratio"": 0.2}",angew-aryl-c-h-amination,family_holdout,ee,2t,14,6k|6o|6c|6g|6m|6l|6j|6h|6e|6i|6d|6b|6a|6q,3,6.857142857142861,6f|6n|6p
6.857142857142861,,,angew-aryl-c-h-amination,stage2p_plus_stage2pp,,33,angew-aryl-c-h-amination,elastic_net,84.0,84.0,,77.14285714285714,74.28571428571428,66.28571428571428,75.03571428571428,65.53571428571428,-6.857142857142861,"{""alpha"": 100.0, ""l1_ratio"": 0.2}",angew-aryl-c-h-amination,family_holdout,ee,2u,14,6k|6o|6c|6g|6m|6l|6j|6h|6e|6i|6d|6b|6a|6q,3,6.857142857142861,6f|6n|6p
6.857142857142861,,,angew-aryl-c-h-amination,stage2p_plus_stage2pp,,33,angew-aryl-c-h-amination,elastic_net,84.0,84.0,,77.14285714285714,74.28571428571428,66.28571428571428,75.03571428571428,65.53571428571428,-6.857142857142861,"{""alpha"": 100.0, ""l1_ratio"": 0.2}",angew-aryl-c-h-amination,family_holdout,ee,2v,14,6k|6o|6c|6g|6m|6l|6j|6h|6e|6i|6d|6b|6a|6q,3,6.857142857142861,6f|6n|6p
3.857142857142861,,,angew-aryl-c-h-amination,stage2p_plus_stage2pp,,33,angew-aryl-c-h-amination,elastic_net,81.0,81.0,,77.14285714285714,74.28571428571428,66.28571428571428,75.03571428571428,65.53571428571428,-3.857142857142861,"{""alpha"": 100.0, ""l1_ratio"": 0.2}",angew-aryl-c-h-amination,family_holdout,ee,2w,14,6k|6o|6c|6g|6m|6l|6j|6h|6e|6i|6d|6b|6a|6q,3,6.857142857142861,6f|6n|6p
1.8571428571428612,,,angew-aryl-c-h-amination,stage2p_plus_stage2pp,,33,angew-aryl-c-h-amination,elastic_net,79.0,79.0,,77.14285714285714,74.28571428571428,66.28571428571428,75.03571428571428,65.53571428571428,-1.8571428571428612,"{""alpha"": 100.0, ""l1_ratio"": 0.2}",angew-aryl-c-h-amination,family_holdout,ee,2x,14,6k|6o|6c|6g|6m|6l|6j|6h|6e|6i|6d|6b|6a|6q,3,6.857142857142861,6f|6n|6p
6.142857142857139,,,angew-aryl-c-h-amination,stage2p_plus_stage2pp,,33,angew-aryl-c-h-amination,elastic_net,71.0,71.0,,77.14285714285714,74.28571428571428,66.28571428571428,75.03571428571428,65.53571428571428,6.142857142857139,"{""alpha"": 100.0, ""l1_ratio"": 0.2}",angew-aryl-c-h-amination,family_holdout,ee,2y,14,6k|6o|6c|6g|6m|6l|6j|6h|6e|6i|6d|6b|6a|6q,3,6.857142857142861,6f|6n|6p
7.142857142857139,,,angew-aryl-c-h-amination,stage2p_plus_stage2pp,,33,angew-aryl-c-h-amination,elastic_net,70.0,70.0,,77.14285714285714,74.28571428571428,66.28571428571428,75.03571428571428,65.53571428571428,7.142857142857139,"{""alpha"": 100.0, ""l1_ratio"": 0.2}",angew-aryl-c-h-amination,family_holdout,ee,2z,14,6k|6o|6c|6g|6m|6l|6j|6h|6e|6i|6d|6b|6a|6q,3,6.857142857142861,6f|6n|6p
70.14285714285714,,,angew-aryl-c-h-amination,stage2p_plus_stage2pp,,33,angew-aryl-c-h-amination,elastic_net,7.0,7.0,,77.14285714285714,74.28571428571428,66.28571428571428,75.03571428571428,65.53571428571428,70.14285714285714,"{""alpha"": 100.0, ""l1_ratio"": 0.2}",angew-aryl-c-h-amination,family_holdout,ee,4a,14,6k|6o|6c|6g|6m|6l|6j|6h|6e|6i|6d|6b|6a|6q,3,6.857142857142861,6f|6n|6p
69.14285714285714,,,angew-aryl-c-h-amination,stage2p_plus_stage2pp,,33,angew-aryl-c-h-amination,elastic_net,8.0,8.0,,77.14285714285714,74.28571428571428,66.28571428571428,75.03571428571428,65.53571428571428,69.14285714285714,"{""alpha"": 100.0, ""l1_ratio"": 0.2}",angew-aryl-c-h-amination,family_holdout,ee,4b,14,6k|6o|6c|6g|6m|6l|6j|6h|6e|6i|6d|6b|6a|6q,3,6.857142857142861,6f|6n|6p
27.14285714285714,,,angew-aryl-c-h-amination,stage2p_plus_stage2pp,,33,angew-aryl-c-h-amination,elastic_net,50.0,50.0,,77.14285714285714,74.28571428571428,66.28571428571428,75.03571428571428,65.53571428571428,27.14285714285714,"{""alpha"": 100.0, ""l1_ratio"": 0.2}",angew-aryl-c-h-amination,family_holdout,ee,4c,14,6k|6o|6c|6g|6m|6l|6j|6h|6e|6i|6d|6b|6a|6q,3,6.857142857142861,6f|6n|6p
55.14285714285714,,,angew-aryl-c-h-amination,stage2p_plus_stage2pp,,33,angew-aryl-c-h-amination,elastic_net,22.0,22.0,,77.14285714285714,74.28571428571428,66.28571428571428,75.03571428571428,65.53571428571428,55.14285714285714,"{""alpha"": 100.0, ""l1_ratio"": 0.2}",angew-aryl-c-h-amination,family_holdout,ee,4d,14,6k|6o|6c|6g|6m|6l|6j|6h|6e|6i|6d|6b|6a|6q,3,6.857142857142861,6f|6n|6p
21.14285714285714,,,angew-aryl-c-h-amination,stage2p_plus_stage2pp,,33,angew-aryl-c-h-amination,elastic_net,56.0,56.0,,77.14285714285714,74.28571428571428,66.28571428571428,75.03571428571428,65.53571428571428,21.14285714285714,"{""alpha"": 100.0, ""l1_ratio"": 0.2}",angew-aryl-c-h-amination,family_holdout,ee,4e,14,6k|6o|6c|6g|6m|6l|6j|6h|6e|6i|6d|6b|6a|6q,3,6.857142857142861,6f|6n|6p
38.33368197206657,,,angew-aryl-c-h-amination,stage2p_plus_stage2pp,,33,angew-aryl-c-h-amination,lightgbm,45.0,45.0,,83.33368197206657,83.76269447268763,78.02176747388842,83.9454344470182,77.12808363594415,38.33368197206657,"{""learning_rate"": 0.03, ""n_estimators"": 25, ""num_leaves"": 3}",angew-aryl-c-h-amination,family_holdout,ee,2aa,14,6k|6o|6c|6g|6m|6l|6j|6h|6e|6i|6d|6b|6a|6q,3,2.5739198147692406,6f|6n|6p
40.94716960201663,,,angew-aryl-c-h-amination,stage2p_plus_stage2pp,,33,angew-aryl-c-h-amination,lightgbm,39.0,39.0,,79.94716960201663,80.37618210263769,74.63525510383847,80.55892207696826,73.74157126589421,40.94716960201663,"{""learning_rate"": 0.03, ""n_estimators"": 25, ""num_leaves"": 3}",angew-aryl-c-h-amination,family_holdout,ee,2ab,14,6k|6o|6c|6g|6m|6l|6j|6h|6e|6i|6d|6b|6a|6q,3,2.5739198147692406,6f|6n|6p
30.08331424544258,,,angew-aryl-c-h-amination,stage2p_plus_stage2pp,,33,angew-aryl-c-h-amination,lightgbm,50.0,50.0,,80.08331424544258,80.51232674606364,74.77139974726443,80.69506672039421,73.87771590932016,30.08331424544258,"{""learning_rate"": 0.03, ""n_estimators"": 25, ""num_leaves"": 3}",angew-aryl-c-h-amination,family_holdout,ee,2ac,14,6k|6o|6c|6g|6m|6l|6j|6h|6e|6i|6d|6b|6a|6q,3,2.5739198147692406,6f|6n|6p
4.666318027933428,,,angew-aryl-c-h-amination,stage2p_plus_stage2pp,,33,angew-aryl-c-h-amination,lightgbm,88.0,88.0,,83.33368197206657,83.76269447268763,78.02176747388842,83.9454344470182,77.12808363594415,-4.666318027933428,"{""learning_rate"": 0.03, ""n_estimators"": 25, ""num_leaves"": 3}",angew-aryl-c-h-amination,family_holdout,ee,2b,14,6k|6o|6c|6g|6m|6l|6j|6h|6e|6i|6d|6b|6a|6q,3,2.5739198147692406,6f|6n|6p
1.0833142454425797,,,angew-aryl-c-h-amination,stage2p_plus_stage2pp,,33,angew-aryl-c-h-amination,lightgbm,79.0,79.0,,80.08331424544258,80.51232674606364,74.77139974726443,80.69506672039421,73.87771590932016,1.0833142454425797,"{""learning_rate"": 0.03, ""n_estimators"": 25, ""num_leaves"": 3}",angew-aryl-c-h-amination,family_holdout,ee,2c,14,6k|6o|6c|6g|6m|6l|6j|6h|6e|6i|6d|6b|6a|6q,3,2.5739198147692406,6f|6n|6p
2.932610744833923,,,angew-aryl-c-h-amination,stage2p_plus_stage2pp,,33,angew-aryl-c-h-amination,lightgbm,86.0,86.0,,83.06738925516608,83.49640175578713,77.75547475698792,83.6791417301177,76.86179091904366,-2.932610744833923,"{""learning_rate"": 0.03, ""n_estimators"": 25, ""num_leaves"": 3}",angew-aryl-c-h-amination,family_holdout,ee,2d,14,6k|6o|6c|6g|6m|6l|6j|6h|6e|6i|6d|6b|6a|6q,3,2.5739198147692406,6f|6n|6p
1.067389255166077,,,angew-aryl-c-h-amination,stage2p_plus_stage2pp,,33,angew-aryl-c-h-amination,lightgbm,82.0,82.0,,83.06738925516608,83.49640175578713,77.75547475698792,83.6791417301177,76.86179091904366,1.067389255166077,"{""learning_rate"": 0.03, ""n_estimators"": 25, ""num_leaves"": 3}",angew-aryl-c-h-amination,family_holdout,ee,2e,14,6k|6o|6c|6g|6m|6l|6j|6h|6e|6i|6d|6b|6a|6q,3,2.5739198147692406,6f|6n|6p
0.7471146774575743,,,angew-aryl-c-h-amination,stage2p_plus_stage2pp,,33,angew-aryl-c-h-amination,lightgbm,84.0,84.0,,83.25288532254243,83.68189782316348,77.94097082436427,83.86463779749405,77.04728698642,-0.7471146774575743,"{""learning_rate"": 0.03, ""n_estimators"": 25, ""num_leaves"": 3}",angew-aryl-c-h-amination,family_holdout,ee,2f,14,6k|6o|6c|6g|6m|6l|6j|6h|6e|6i|6d|6b|6a|6q,3,2.5739198147692406,6f|6n|6p
2.859620924194644,,,angew-aryl-c-h-amination,stage2p_plus_stage2pp,,33,angew-aryl-c-h-amination,lightgbm,86.0,86.0,,83.14037907580536,83.56939157642641,77.8284645776272,83.75213155075699,76.93478073968294,-2.859620924194644,"{""learning_rate"": 0.03, ""n_estimators"": 25, ""num_leaves"": 3}",angew-aryl-c-h-amination,family_holdout,ee,2g,14,6k|6o|6c|6g|6m|6l|6j|6h|6e|6i|6d|6b|6a|6q,3,2.5739198147692406,6f|6n|6p
6.932610744833923,,,angew-aryl-c-h-amination,stage2p_plus_stage2pp,,33,angew-aryl-c-h-amination,lightgbm,90.0,90.0,,83.06738925516608,83.49640175578713,77.75547475698792,83.6791417301177,76.86179091904366,-6.932610744833923,"{""learning_rate"": 0.03, ""n_estimators"": 25, ""num_leaves"": 3}",angew-aryl-c-h-amination,family_holdout,ee,2h,14,6k|6o|6c|6g|6m|6l|6j|6h|6e|6i|6d|6b|6a|6q,3,2.5739198147692406,6f|6n|6p
7.195820492179649,,,angew-aryl-c-h-amination,stage2p_plus_stage2pp,,33,angew-aryl-c-h-amination,lightgbm,73.0,73.0,,80.19582049217965,80.6248329928007,74.8839059940015,80.80757296713128,73.99022215605723,7.195820492179649,"{""learning_rate"": 0.03, ""n_estimators"": 25, ""num_leaves"": 3}",angew-aryl-c-h-amination,family_holdout,ee,2i,14,6k|6o|6c|6g|6m|6l|6j|6h|6e|6i|6d|6b|6a|6q,3,2.5739198147692406,6f|6n|6p
0.9471696020166291,,,angew-aryl-c-h-amination,stage2p_plus_stage2pp,,33,angew-aryl-c-h-amination,lightgbm,79.0,79.0,,79.94716960201663,80.37618210263769,74.63525510383847,80.55892207696826,73.74157126589421,0.9471696020166291,"{""learning_rate"": 0.03, ""n_estimators"": 25, ""num_leaves"": 3}",angew-aryl-c-h-amination,family_holdout,ee,2j,14,6k|6o|6c|6g|6m|6l|6j|6h|6e|6i|6d|6b|6a|6q,3,2.5739198147692406,6f|6n|6p
30.12914612455024,,,angew-aryl-c-h-amination,stage2p_plus_stage2pp,,33,angew-aryl-c-h-amination,lightgbm,90.0,90.0,,59.87085387544976,60.29986637607081,54.55893937727161,60.48260635040139,53.66525553932733,-30.12914612455024,"{""learning_rate"": 0.03, ""n_estimators"": 25, ""num_leaves"": 3}",angew-aryl-c-h-amination,family_holdout,ee,2k,14,6k|6o|6c|6g|6m|6l|6j|6h|6e|6i|6d|6b|6a|6q,3,2.5739198147692406,6f|6n|6p
2.075103160054937,,,angew-aryl-c-h-amination,stage2p_plus_stage2pp,,33,angew-aryl-c-h-amination,lightgbm,78.0,78.0,,80.07510316005494,80.50411566067599,74.76318866187678,80.68685563500657,73.86950482393252,2.075103160054937,"{""learning_rate"": 0.03, ""n_estimators"": 25, ""num_leaves"": 3}",angew-aryl-c-h-amination,family_holdout,ee,2l,14,6k|6o|6c|6g|6m|6l|6j|6h|6e|6i|6d|6b|6a|6q,3,2.5739198147692406,6f|6n|6p
6.91668575455742,,,angew-aryl-c-h-amination,stage2p_plus_stage2pp,,33,angew-aryl-c-h-amination,lightgbm,87.0,87.0,,80.08331424544258,80.51232674606364,74.77139974726443,80.69506672039421,73.87771590932016,-6.91668575455742,"{""learning_rate"": 0.03, ""n_estimators"": 25, ""num_leaves"": 3}",angew-aryl-c-h-amination,family_holdout,ee,2m,14,6k|6o|6c|6g|6m|6l|6j|6h|6e|6i|6d|6b|6a|6q,3,2.5739198147692406,6f|6n|6p
19.826452269891917,,,angew-aryl-c-h-amination,stage2p_plus_stage2pp,,33,angew-aryl-c-h-amination,lightgbm,60.0,60.0,,79.82645226989192,80.25546477051297,74.51453777171376,80.43820474484355,73.6208539337695,19.826452269891917,"{""learning_rate"": 0.03, ""n_estimators"": 25, ""num_leaves"": 3}",angew-aryl-c-h-amination,family_holdout,ee,2n,14,6k|6o|6c|6g|6m|6l|6j|6h|6e|6i|6d|6b|6a|6q,3,2.5739198147692406,6f|6n|6p
24.075103160054937,,,angew-aryl-c-h-amination,stage2p_plus_stage2pp,,33,angew-aryl-c-h-amination,lightgbm,56.0,56.0,,80.07510316005494,80.50411566067599,74.76318866187678,80.68685563500657,73.86950482393252,24.075103160054937,"{""learning_rate"": 0.03, ""n_estimators"": 25, ""num_leaves"": 3}",angew-aryl-c-h-amination,family_holdout,ee,2o,14,6k|6o|6c|6g|6m|6l|6j|6h|6e|6i|6d|6b|6a|6q,3,2.5739198147692406,6f|6n|6p
8.938958516628986,,,angew-aryl-c-h-amination,stage2p_plus_stage2pp,,33,angew-aryl-c-h-amination,lightgbm,71.0,71.0,,79.93895851662899,80.36797101725004,74.62704401845083,80.55071099158062,73.73336018050657,8.938958516628986,"{""learning_rate"": 0.03, ""n_estimators"": 25, ""num_leaves"": 3}",angew-aryl-c-h-amination,family_holdout,ee,2p,14,6k|6o|6c|6g|6m|6l|6j|6h|6e|6i|6d|6b|6a|6q,3,2.5739198147692406,6f|6n|6p
29.075103160054937,,,angew-aryl-c-h-amination,stage2p_plus_stage2pp,,33,angew-aryl-c-h-amination,lightgbm,51.0,51.0,,80.07510316005494,80.50411566067599,74.76318866187678,80.68685563500657,73.86950482393252,29.075103160054937,"{""learning_rate"": 0.03, ""n_estimators"": 25, ""num_leaves"": 3}",angew-aryl-c-h-amination,family_holdout,ee,2q,14,6k|6o|6c|6g|6m|6l|6j|6h|6e|6i|6d|6b|6a|6q,3,2.5739198147692406,6f|6n|6p
0.11039290732141183,,,angew-aryl-c-h-amination,stage2p_plus_stage2pp,,33,angew-aryl-c-h-amination,lightgbm,80.0,80.0,,79.88960709267859,80.31861959329964,74.57769259450043,80.50135956763022,73.68400875655617,-0.11039290732141183,"{""learning_rate"": 0.03, ""n_estimators"": 25, ""num_leaves"": 3}",angew-aryl-c-h-amination,family_holdout,ee,2r,14,6k|6o|6c|6g|6m|6l|6j|6h|6e|6i|6d|6b|6a|6q,3,2.5739198147692406,6f|6n|6p
10.946671923041364,,,angew-aryl-c-h-amination,stage2p_plus_stage2pp,,33,angew-aryl-c-h-amination,lightgbm,72.0,72.0,,82.94667192304136,83.37568442366242,77.63475742486321,83.558424397993,76.74107358691894,10.946671923041364,"{""learning_rate"": 0.03, ""n_estimators"": 25, ""num_leaves"": 3}",angew-aryl-c-h-amination,family_holdout,ee,2s,14,6k|6o|6c|6g|6m|6l|6j|6h|6e|6i|6d|6b|6a|6q,3,2.5739198147692406,6f|6n|6p
5.947169602016629,,,angew-aryl-c-h-amination,stage2p_plus_stage2pp,,33,angew-aryl-c-h-amination,lightgbm,74.0,74.0,,79.94716960201663,80.37618210263769,74.63525510383847,80.55892207696826,73.74157126589421,5.947169602016629,"{""learning_rate"": 0.03, ""n_estimators"": 25, ""num_leaves"": 3}",angew-aryl-c-h-amination,family_holdout,ee,2t,14,6k|6o|6c|6g|6m|6l|6j|6h|6e|6i|6d|6b|6a|6q,3,2.5739198147692406,6f|6n|6p
0.6663180279334284,,,angew-aryl-c-h-amination,stage2p_plus_stage2pp,,33,angew-aryl-c-h-amination,lightgbm,84.0,84.0,,83.33368197206657,83.76269447268763,78.02176747388842,83.9454344470182,77.12808363594415,-0.6663180279334284,"{""learning_rate"": 0.03, ""n_estimators"": 25, ""num_leaves"": 3}",angew-aryl-c-h-amination,family_holdout,ee,2u,14,6k|6o|6c|6g|6m|6l|6j|6h|6e|6i|6d|6b|6a|6q,3,2.5739198147692406,6f|6n|6p
3.7470212549850856,,,angew-aryl-c-h-amination,stage2p_plus_stage2pp,,33,angew-aryl-c-h-amination,lightgbm,84.0,84.0,,80.25297874501491,80.68199124563597,74.94106424683676,80.86473121996654,74.0473804088925,-3.7470212549850856,"{""learning_rate"": 0.03, ""n_estimators"": 25, ""num_leaves"": 3}",angew-aryl-c-h-amination,family_holdout,ee,2v,14,6k|6o|6c|6g|6m|6l|6j|6h|6e|6i|6d|6b|6a|6q,3,2.5739198147692406,6f|6n|6p
2.1798955019031467,,,angew-aryl-c-h-amination,stage2p_plus_stage2pp,,33,angew-aryl-c-h-amination,lightgbm,81.0,81.0,,83.17989550190315,83.6089080025242,77.86798100372499,83.79164797685478,76.97429716578073,2.1798955019031467,"{""learning_rate"": 0.03, ""n_estimators"": 25, ""num_leaves"": 3}",angew-aryl-c-h-amination,family_holdout,ee,2w,14,6k|6o|6c|6g|6m|6l|6j|6h|6e|6i|6d|6b|6a|6q,3,2.5739198147692406,6f|6n|6p
0.5601595529914221,,,angew-aryl-c-h-amination,stage2p_plus_stage2pp,,33,angew-aryl-c-h-amination,lightgbm,79.0,79.0,,79.56015955299142,79.98917205361248,74.24824505481327,80.17191202794305,73.354561216869,0.5601595529914221,"{""learning_rate"": 0.03, ""n_estimators"": 25, ""num_leaves"": 3}",angew-aryl-c-h-amination,family_holdout,ee,2x,14,6k|6o|6c|6g|6m|6l|6j|6h|6e|6i|6d|6b|6a|6q,3,2.5739198147692406,6f|6n|6p
12.179895501903147,,,angew-aryl-c-h-amination,stage2p_plus_stage2pp,,33,angew-aryl-c-h-amination,lightgbm,71.0,71.0,,83.17989550190315,83.6089080025242,77.86798100372499,83.79164797685478,76.97429716578073,12.179895501903147,"{""learning_rate"": 0.03, ""n_estimators"": 25, ""num_leaves"": 3}",angew-aryl-c-h-amination,family_holdout,ee,2y,14,6k|6o|6c|6g|6m|6l|6j|6h|6e|6i|6d|6b|6a|6q,3,2.5739198147692406,6f|6n|6p
13.454399304191284,,,angew-aryl-c-h-amination,stage2p_plus_stage2pp,,33,angew-aryl-c-h-amination,lightgbm,70.0,70.0,,83.45439930419128,83.88341180481234,78.14248480601313,84.06615177914291,77.24880096806886,13.454399304191284,"{""learning_rate"": 0.03, ""n_estimators"": 25, ""num_leaves"": 3}",angew-aryl-c-h-amination,family_holdout,ee,2z,14,6k|6o|6c|6g|6m|6l|6j|6h|6e|6i|6d|6b|6a|6q,3,2.5739198147692406,6f|6n|6p
52.87085387544976,,,angew-aryl-c-h-amination,stage2p_plus_stage2pp,,33,angew-aryl-c-h-amination,lightgbm,7.0,7.0,,59.87085387544976,60.29986637607081,54.55893937727161,60.48260635040139,53.66525553932733,52.87085387544976,"{""learning_rate"": 0.03, ""n_estimators"": 25, ""num_leaves"": 3}",angew-aryl-c-h-amination,family_holdout,ee,4a,14,6k|6o|6c|6g|6m|6l|6j|6h|6e|6i|6d|6b|6a|6q,3,2.5739198147692406,6f|6n|6p
75.33368197206657,,,angew-aryl-c-h-amination,stage2p_plus_stage2pp,,33,angew-aryl-c-h-amination,lightgbm,8.0,8.0,,83.33368197206657,83.76269447268763,78.02176747388842,83.9454344470182,77.12808363594415,75.33368197206657,"{""learning_rate"": 0.03, ""n_estimators"": 25, ""num_leaves"": 3}",angew-aryl-c-h-amination,family_holdout,ee,4b,14,6k|6o|6c|6g|6m|6l|6j|6h|6e|6i|6d|6b|6a|6q,3,2.5739198147692406,6f|6n|6p
29.94716960201663,,,angew-aryl-c-h-amination,stage2p_plus_stage2pp,,33,angew-aryl-c-h-amination,lightgbm,50.0,50.0,,79.94716960201663,80.37618210263769,74.63525510383847,80.55892207696826,73.74157126589421,29.94716960201663,"{""learning_rate"": 0.03, ""n_estimators"": 25, ""num_leaves"": 3}",angew-aryl-c-h-amination,family_holdout,ee,4c,14,6k|6o|6c|6g|6m|6l|6j|6h|6e|6i|6d|6b|6a|6q,3,2.5739198147692406,6f|6n|6p
37.87085387544976,,,angew-aryl-c-h-amination,stage2p_plus_stage2pp,,33,angew-aryl-c-h-amination,lightgbm,22.0,22.0,,59.87085387544976,60.29986637607081,54.55893937727161,60.48260635040139,53.66525553932733,37.87085387544976,"{""learning_rate"": 0.03, ""n_estimators"": 25, ""num_leaves"": 3}",angew-aryl-c-h-amination,family_holdout,ee,4d,14,6k|6o|6c|6g|6m|6l|6j|6h|6e|6i|6d|6b|6a|6q,3,2.5739198147692406,6f|6n|6p
26.923033526352484,,,angew-aryl-c-h-amination,stage2p_plus_stage2pp,,33,angew-aryl-c-h-amination,lightgbm,56.0,56.0,,82.92303352635248,83.35204602697354,77.61111902817433,83.53478600130411,76.71743519023006,26.923033526352484,"{""learning_rate"": 0.03, ""n_estimators"": 25, ""num_leaves"": 3}",angew-aryl-c-h-amination,family_holdout,ee,4e,14,6k|6o|6c|6g|6m|6l|6j|6h|6e|6i|6d|6b|6a|6q,3,2.5739198147692406,6f|6n|6p
32.14285714285714,120.62926740502834,33.656446880685934,angew-aryl-c-h-amination,stage2p_plus_stage2pp,22.18694401131184,33,angew-aryl-c-h-amination,gaussian_process,45.0,45.0,,77.14285714285714,74.28571428571428,66.28571428571813,75.03571428571428,65.53571428571885,32.14285714285714,"{""alpha"": 1e-05, ""kernel"": ""1**2 * RBF(length_scale=2) + WhiteKernel(noise_level=10)""}",angew-aryl-c-h-amination,family_holdout,ee,2aa,14,6k|6o|6c|6g|6m|6l|6j|6h|6e|6i|6d|6b|6a|6q,3,6.857142857141255,6f|6n|6p
38.14285714285714,120.62926740502834,33.656446880685934,angew-aryl-c-h-amination,stage2p_plus_stage2pp,22.18694401131184,33,angew-aryl-c-h-amination,gaussian_process,39.0,39.0,,77.14285714285714,74.28571428571428,66.28571428571813,75.03571428571428,65.53571428571885,38.14285714285714,"{""alpha"": 1e-05, ""kernel"": ""1**2 * RBF(length_scale=2) + WhiteKernel(noise_level=10)""}",angew-aryl-c-h-amination,family_holdout,ee,2ab,14,6k|6o|6c|6g|6m|6l|6j|6h|6e|6i|6d|6b|6a|6q,3,6.857142857141255,6f|6n|6p
27.14285714285714,120.62926740502834,33.656446880685934,angew-aryl-c-h-amination,stage2p_plus_stage2pp,22.18694401131184,33,angew-aryl-c-h-amination,gaussian_process,50.0,50.0,,77.14285714285714,74.28571428571428,66.28571428571813,75.03571428571428,65.53571428571885,27.14285714285714,"{""alpha"": 1e-05, ""kernel"": ""1**2 * RBF(length_scale=2) + WhiteKernel(noise_level=10)""}",angew-aryl-c-h-amination,family_holdout,ee,2ac,14,6k|6o|6c|6g|6m|6l|6j|6h|6e|6i|6d|6b|6a|6q,3,6.857142857141255,6f|6n|6p
10.857142857142861,120.62926740502834,33.656446880685934,angew-aryl-c-h-amination,stage2p_plus_stage2pp,22.18694401131184,33,angew-aryl-c-h-amination,gaussian_process,88.0,88.0,,77.14285714285714,74.28571428571428,66.28571428571813,75.03571428571428,65.53571428571885,-10.857142857142861,"{""alpha"": 1e-05, ""kernel"": ""1**2 * RBF(length_scale=2) + WhiteKernel(noise_level=10)""}",angew-aryl-c-h-amination,family_holdout,ee,2b,14,6k|6o|6c|6g|6m|6l|6j|6h|6e|6i|6d|6b|6a|6q,3,6.857142857141255,6f|6n|6p
1.8571428571428612,120.62926740502834,33.656446880685934,angew-aryl-c-h-amination,stage2p_plus_stage2pp,22.18694401131184,33,angew-aryl-c-h-amination,gaussian_process,79.0,79.0,,77.14285714285714,74.28571428571428,66.28571428571813,75.03571428571428,65.53571428571885,-1.8571428571428612,"{""alpha"": 1e-05, ""kernel"": ""1**2 * RBF(length_scale=2) + WhiteKernel(noise_level=10)""}",angew-aryl-c-h-amination,family_holdout,ee,2c,14,6k|6o|6c|6g|6m|6l|6j|6h|6e|6i|6d|6b|6a|6q,3,6.857142857141255,6f|6n|6p
8.857142857142861,120.62926740502834,33.656446880685934,angew-aryl-c-h-amination,stage2p_plus_stage2pp,22.18694401131184,33,angew-aryl-c-h-amination,gaussian_process,86.0,86.0,,77.14285714285714,74.28571428571428,66.28571428571813,75.03571428571428,65.53571428571885,-8.857142857142861,"{""alpha"": 1e-05, ""kernel"": ""1**2 * RBF(length_scale=2) + WhiteKernel(noise_level=10)""}",angew-aryl-c-h-amination,family_holdout,ee,2d,14,6k|6o|6c|6g|6m|6l|6j|6h|6e|6i|6d|6b|6a|6q,3,6.857142857141255,6f|6n|6p
4.857142857142861,120.62926740502834,33.656446880685934,angew-aryl-c-h-amination,stage2p_plus_stage2pp,22.18694401131184,33,angew-aryl-c-h-amination,gaussian_process,82.0,82.0,,77.14285714285714,74.28571428571428,66.28571428571813,75.03571428571428,65.53571428571885,-4.857142857142861,"{""alpha"": 1e-05, ""kernel"": ""1**2 * RBF(length_scale=2) + WhiteKernel(noise_level=10)""}",angew-aryl-c-h-amination,family_holdout,ee,2e,14,6k|6o|6c|6g|6m|6l|6j|6h|6e|6i|6d|6b|6a|6q,3,6.857142857141255,6f|6n|6p
6.857142857142861,120.62926740502834,33.656446880685934,angew-aryl-c-h-amination,stage2p_plus_stage2pp,22.18694401131184,33,angew-aryl-c-h-amination,gaussian_process,84.0,84.0,,77.14285714285714,74.28571428571428,66.28571428571813,75.03571428571428,65.53571428571885,-6.857142857142861,"{""alpha"": 1e-05, ""kernel"": ""1**2 * RBF(length_scale=2) + WhiteKernel(noise_level=10)""}",angew-aryl-c-h-amination,family_holdout,ee,2f,14,6k|6o|6c|6g|6m|6l|6j|6h|6e|6i|6d|6b|6a|6q,3,6.857142857141255,6f|6n|6p
8.857142857142861,120.62926740502834,33.656446880685934,angew-aryl-c-h-amination,stage2p_plus_stage2pp,22.18694401131184,33,angew-aryl-c-h-amination,gaussian_process,86.0,86.0,,77.14285714285714,74.28571428571428,66.28571428571813,75.03571428571428,65.53571428571885,-8.857142857142861,"{""alpha"": 1e-05, ""kernel"": ""1**2 * RBF(length_scale=2) + WhiteKernel(noise_level=10)""}",angew-aryl-c-h-amination,family_holdout,ee,2g,14,6k|6o|6c|6g|6m|6l|6j|6h|6e|6i|6d|6b|6a|6q,3,6.857142857141255,6f|6n|6p
12.857142857142861,120.62926740502834,33.656446880685934,angew-aryl-c-h-amination,stage2p_plus_stage2pp,22.18694401131184,33,angew-aryl-c-h-amination,gaussian_process,90.0,90.0,,77.14285714285714,74.28571428571428,66.28571428571813,75.03571428571428,65.53571428571885,-12.857142857142861,"{""alpha"": 1e-05, ""kernel"": ""1**2 * RBF(length_scale=2) + WhiteKernel(noise_level=10)""}",angew-aryl-c-h-amination,family_holdout,ee,2h,14,6k|6o|6c|6g|6m|6l|6j|6h|6e|6i|6d|6b|6a|6q,3,6.857142857141255,6f|6n|6p
4.142857142857139,120.62926740502834,33.656446880685934,angew-aryl-c-h-amination,stage2p_plus_stage2pp,22.18694401131184,33,angew-aryl-c-h-amination,gaussian_process,73.0,73.0,,77.14285714285714,74.28571428571428,66.28571428571813,75.03571428571428,65.53571428571885,4.142857142857139,"{""alpha"": 1e-05, ""kernel"": ""1**2 * RBF(length_scale=2) + WhiteKernel(noise_level=10)""}",angew-aryl-c-h-amination,family_holdout,ee,2i,14,6k|6o|6c|6g|6m|6l|6j|6h|6e|6i|6d|6b|6a|6q,3,6.857142857141255,6f|6n|6p
1.8571428571428612,120.62926740502834,33.656446880685934,angew-aryl-c-h-amination,stage2p_plus_stage2pp,22.18694401131184,33,angew-aryl-c-h-amination,gaussian_process,79.0,79.0,,77.14285714285714,74.28571428571428,66.28571428571813,75.03571428571428,65.53571428571885,-1.8571428571428612,"{""alpha"": 1e-05, ""kernel"": ""1**2 * RBF(length_scale=2) + WhiteKernel(noise_level=10)""}",angew-aryl-c-h-amination,family_holdout,ee,2j,14,6k|6o|6c|6g|6m|6l|6j|6h|6e|6i|6d|6b|6a|6q,3,6.857142857141255,6f|6n|6p
12.857142857142861,120.62926740502834,33.656446880685934,angew-aryl-c-h-amination,stage2p_plus_stage2pp,22.18694401131184,33,angew-aryl-c-h-amination,gaussian_process,90.0,90.0,,77.14285714285714,74.28571428571428,66.28571428571813,75.03571428571428,65.53571428571885,-12.857142857142861,"{""alpha"": 1e-05, ""kernel"": ""1**2 * RBF(length_scale=2) + WhiteKernel(noise_level=10)""}",angew-aryl-c-h-amination,family_holdout,ee,2k,14,6k|6o|6c|6g|6m|6l|6j|6h|6e|6i|6d|6b|6a|6q,3,6.857142857141255,6f|6n|6p
0.8571428571428612,120.62926740502834,33.656446880685934,angew-aryl-c-h-amination,stage2p_plus_stage2pp,22.18694401131184,33,angew-aryl-c-h-amination,gaussian_process,78.0,78.0,,77.14285714285714,74.28571428571428,66.28571428571813,75.03571428571428,65.53571428571885,-0.8571428571428612,"{""alpha"": 1e-05, ""kernel"": ""1**2 * RBF(length_scale=2) + WhiteKernel(noise_level=10)""}",angew-aryl-c-h-amination,family_holdout,ee,2l,14,6k|6o|6c|6g|6m|6l|6j|6h|6e|6i|6d|6b|6a|6q,3,6.857142857141255,6f|6n|6p
9.857142857142861,120.62926740502834,33.656446880685934,angew-aryl-c-h-amination,stage2p_plus_stage2pp,22.18694401131184,33,angew-aryl-c-h-amination,gaussian_process,87.0,87.0,,77.14285714285714,74.28571428571428,66.28571428571813,75.03571428571428,65.53571428571885,-9.857142857142861,"{""alpha"": 1e-05, ""kernel"": ""1**2 * RBF(length_scale=2) + WhiteKernel(noise_level=10)""}",angew-aryl-c-h-amination,family_holdout,ee,2m,14,6k|6o|6c|6g|6m|6l|6j|6h|6e|6i|6d|6b|6a|6q,3,6.857142857141255,6f|6n|6p
17.14285714285714,120.62926740502834,33.656446880685934,angew-aryl-c-h-amination,stage2p_plus_stage2pp,22.18694401131184,33,angew-aryl-c-h-amination,gaussian_process,60.0,60.0,,77.14285714285714,74.28571428571428,66.28571428571813,75.03571428571428,65.53571428571885,17.14285714285714,"{""alpha"": 1e-05, ""kernel"": ""1**2 * RBF(length_scale=2) + WhiteKernel(noise_level=10)""}",angew-aryl-c-h-amination,family_holdout,ee,2n,14,6k|6o|6c|6g|6m|6l|6j|6h|6e|6i|6d|6b|6a|6q,3,6.857142857141255,6f|6n|6p
21.14285714285714,120.62926740502834,33.656446880685934,angew-aryl-c-h-amination,stage2p_plus_stage2pp,22.18694401131184,33,angew-aryl-c-h-amination,gaussian_process,56.0,56.0,,77.14285714285714,74.28571428571428,66.28571428571813,75.03571428571428,65.53571428571885,21.14285714285714,"{""alpha"": 1e-05, ""kernel"": ""1**2 * RBF(length_scale=2) + WhiteKernel(noise_level=10)""}",angew-aryl-c-h-amination,family_holdout,ee,2o,14,6k|6o|6c|6g|6m|6l|6j|6h|6e|6i|6d|6b|6a|6q,3,6.857142857141255,6f|6n|6p
6.142857142857139,120.62926740502834,33.656446880685934,angew-aryl-c-h-amination,stage2p_plus_stage2pp,22.18694401131184,33,angew-aryl-c-h-amination,gaussian_process,71.0,71.0,,77.14285714285714,74.28571428571428,66.28571428571813,75.03571428571428,65.53571428571885,6.142857142857139,"{""alpha"": 1e-05, ""kernel"": ""1**2 * RBF(length_scale=2) + WhiteKernel(noise_level=10)""}",angew-aryl-c-h-amination,family_holdout,ee,2p,14,6k|6o|6c|6g|6m|6l|6j|6h|6e|6i|6d|6b|6a|6q,3,6.857142857141255,6f|6n|6p
26.14285714285714,120.62926740502834,33.656446880685934,angew-aryl-c-h-amination,stage2p_plus_stage2pp,22.18694401131184,33,angew-aryl-c-h-amination,gaussian_process,51.0,51.0,,77.14285714285714,74.28571428571428,66.28571428571813,75.03571428571428,65.53571428571885,26.14285714285714,"{""alpha"": 1e-05, ""kernel"": ""1**2 * RBF(length_scale=2) + WhiteKernel(noise_level=10)""}",angew-aryl-c-h-amination,family_holdout,ee,2q,14,6k|6o|6c|6g|6m|6l|6j|6h|6e|6i|6d|6b|6a|6q,3,6.857142857141255,6f|6n|6p
2.857142857142861,120.62926740502834,33.656446880685934,angew-aryl-c-h-amination,stage2p_plus_stage2pp,22.18694401131184,33,angew-aryl-c-h-amination,gaussian_process,80.0,80.0,,77.14285714285714,74.28571428571428,66.28571428571813,75.03571428571428,65.53571428571885,-2.857142857142861,"{""alpha"": 1e-05, ""kernel"": ""1**2 * RBF(length_scale=2) + WhiteKernel(noise_level=10)""}",angew-aryl-c-h-amination,family_holdout,ee,2r,14,6k|6o|6c|6g|6m|6l|6j|6h|6e|6i|6d|6b|6a|6q,3,6.857142857141255,6f|6n|6p
5.142857142857139,120.62926740502834,33.656446880685934,angew-aryl-c-h-amination,stage2p_plus_stage2pp,22.18694401131184,33,angew-aryl-c-h-amination,gaussian_process,72.0,72.0,,77.14285714285714,74.28571428571428,66.28571428571813,75.03571428571428,65.53571428571885,5.142857142857139,"{""alpha"": 1e-05, ""kernel"": ""1**2 * RBF(length_scale=2) + WhiteKernel(noise_level=10)""}",angew-aryl-c-h-amination,family_holdout,ee,2s,14,6k|6o|6c|6g|6m|6l|6j|6h|6e|6i|6d|6b|6a|6q,3,6.857142857141255,6f|6n|6p
3.142857142857139,120.62926740502834,33.656446880685934,angew-aryl-c-h-amination,stage2p_plus_stage2pp,22.18694401131184,33,angew-aryl-c-h-amination,gaussian_process,74.0,74.0,,77.14285714285714,74.28571428571428,66.28571428571813,75.03571428571428,65.53571428571885,3.142857142857139,"{""alpha"": 1e-05, ""kernel"": ""1**2 * RBF(length_scale=2) + WhiteKernel(noise_level=10)""}",angew-aryl-c-h-amination,family_holdout,ee,2t,14,6k|6o|6c|6g|6m|6l|6j|6h|6e|6i|6d|6b|6a|6q,3,6.857142857141255,6f|6n|6p
6.857142857142861,120.62926740502834,33.656446880685934,angew-aryl-c-h-amination,stage2p_plus_stage2pp,22.18694401131184,33,angew-aryl-c-h-amination,gaussian_process,84.0,84.0,,77.14285714285714,74.28571428571428,66.28571428571813,75.03571428571428,65.53571428571885,-6.857142857142861,"{""alpha"": 1e-05, ""kernel"": ""1**2 * RBF(length_scale=2) + WhiteKernel(noise_level=10)""}",angew-aryl-c-h-amination,family_holdout,ee,2u,14,6k|6o|6c|6g|6m|6l|6j|6h|6e|6i|6d|6b|6a|6q,3,6.857142857141255,6f|6n|6p
6.857142857142861,120.62926740502834,33.656446880685934,angew-aryl-c-h-amination,stage2p_plus_stage2pp,22.18694401131184,33,angew-aryl-c-h-amination,gaussian_process,84.0,84.0,,77.14285714285714,74.28571428571428,66.28571428571813,75.03571428571428,65.53571428571885,-6.857142857142861,"{""alpha"": 1e-05, ""kernel"": ""1**2 * RBF(length_scale=2) + WhiteKernel(noise_level=10)""}",angew-aryl-c-h-amination,family_holdout,ee,2v,14,6k|6o|6c|6g|6m|6l|6j|6h|6e|6i|6d|6b|6a|6q,3,6.857142857141255,6f|6n|6p
3.857142857142861,120.62926740502834,33.656446880685934,angew-aryl-c-h-amination,stage2p_plus_stage2pp,22.18694401131184,33,angew-aryl-c-h-amination,gaussian_process,81.0,81.0,,77.14285714285714,74.28571428571428,66.28571428571813,75.03571428571428,65.53571428571885,-3.857142857142861,"{""alpha"": 1e-05, ""kernel"": ""1**2 * RBF(length_scale=2) + WhiteKernel(noise_level=10)""}",angew-aryl-c-h-amination,family_holdout,ee,2w,14,6k|6o|6c|6g|6m|6l|6j|6h|6e|6i|6d|6b|6a|6q,3,6.857142857141255,6f|6n|6p
1.8571428571428612,120.62926740502834,33.656446880685934,angew-aryl-c-h-amination,stage2p_plus_stage2pp,22.18694401131184,33,angew-aryl-c-h-amination,gaussian_process,79.0,79.0,,77.14285714285714,74.28571428571428,66.28571428571813,75.03571428571428,65.53571428571885,-1.8571428571428612,"{""alpha"": 1e-05, ""kernel"": ""1**2 * RBF(length_scale=2) + WhiteKernel(noise_level=10)""}",angew-aryl-c-h-amination,family_holdout,ee,2x,14,6k|6o|6c|6g|6m|6l|6j|6h|6e|6i|6d|6b|6a|6q,3,6.857142857141255,6f|6n|6p
6.142857142857139,120.62926740502834,33.656446880685934,angew-aryl-c-h-amination,stage2p_plus_stage2pp,22.18694401131184,33,angew-aryl-c-h-amination,gaussian_process,71.0,71.0,,77.14285714285714,74.28571428571428,66.28571428571813,75.03571428571428,65.53571428571885,6.142857142857139,"{""alpha"": 1e-05, ""kernel"": ""1**2 * RBF(length_scale=2) + WhiteKernel(noise_level=10)""}",angew-aryl-c-h-amination,family_holdout,ee,2y,14,6k|6o|6c|6g|6m|6l|6j|6h|6e|6i|6d|6b|6a|6q,3,6.857142857141255,6f|6n|6p
7.142857142857139,120.62926740502834,33.656446880685934,angew-aryl-c-h-amination,stage2p_plus_stage2pp,22.18694401131184,33,angew-aryl-c-h-amination,gaussian_process,70.0,70.0,,77.14285714285714,74.28571428571428,66.28571428571813,75.03571428571428,65.53571428571885,7.142857142857139,"{""alpha"": 1e-05, ""kernel"": ""1**2 * RBF(length_scale=2) + WhiteKernel(noise_level=10)""}",angew-aryl-c-h-amination,family_holdout,ee,2z,14,6k|6o|6c|6g|6m|6l|6j|6h|6e|6i|6d|6b|6a|6q,3,6.857142857141255,6f|6n|6p
70.14285714285714,120.62926740502834,33.656446880685934,angew-aryl-c-h-amination,stage2p_plus_stage2pp,22.18694401131184,33,angew-aryl-c-h-amination,gaussian_process,7.0,7.0,,77.14285714285714,74.28571428571428,66.28571428571813,75.03571428571428,65.53571428571885,70.14285714285714,"{""alpha"": 1e-05, ""kernel"": ""1**2 * RBF(length_scale=2) + WhiteKernel(noise_level=10)""}",angew-aryl-c-h-amination,family_holdout,ee,4a,14,6k|6o|6c|6g|6m|6l|6j|6h|6e|6i|6d|6b|6a|6q,3,6.857142857141255,6f|6n|6p
69.14285714285714,120.62926740502834,33.656446880685934,angew-aryl-c-h-amination,stage2p_plus_stage2pp,22.18694401131184,33,angew-aryl-c-h-amination,gaussian_process,8.0,8.0,,77.14285714285714,74.28571428571428,66.28571428571813,75.03571428571428,65.53571428571885,69.14285714285714,"{""alpha"": 1e-05, ""kernel"": ""1**2 * RBF(length_scale=2) + WhiteKernel(noise_level=10)""}",angew-aryl-c-h-amination,family_holdout,ee,4b,14,6k|6o|6c|6g|6m|6l|6j|6h|6e|6i|6d|6b|6a|6q,3,6.857142857141255,6f|6n|6p
27.14285714285714,120.62926740502834,33.656446880685934,angew-aryl-c-h-amination,stage2p_plus_stage2pp,22.18694401131184,33,angew-aryl-c-h-amination,gaussian_process,50.0,50.0,,77.14285714285714,74.28571428571428,66.28571428571813,75.03571428571428,65.53571428571885,27.14285714285714,"{""alpha"": 1e-05, ""kernel"": ""1**2 * RBF(length_scale=2) + WhiteKernel(noise_level=10)""}",angew-aryl-c-h-amination,family_holdout,ee,4c,14,6k|6o|6c|6g|6m|6l|6j|6h|6e|6i|6d|6b|6a|6q,3,6.857142857141255,6f|6n|6p
55.14285714285714,120.62926740502834,33.656446880685934,angew-aryl-c-h-amination,stage2p_plus_stage2pp,22.18694401131184,33,angew-aryl-c-h-amination,gaussian_process,22.0,22.0,,77.14285714285714,74.28571428571428,66.28571428571813,75.03571428571428,65.53571428571885,55.14285714285714,"{""alpha"": 1e-05, ""kernel"": ""1**2 * RBF(length_scale=2) + WhiteKernel(noise_level=10)""}",angew-aryl-c-h-amination,family_holdout,ee,4d,14,6k|6o|6c|6g|6m|6l|6j|6h|6e|6i|6d|6b|6a|6q,3,6.857142857141255,6f|6n|6p
21.14285714285714,120.62926740502834,33.656446880685934,angew-aryl-c-h-amination,stage2p_plus_stage2pp,22.18694401131184,33,angew-aryl-c-h-amination,gaussian_process,56.0,56.0,,77.14285714285714,74.28571428571428,66.28571428571813,75.03571428571428,65.53571428571885,21.14285714285714,"{""alpha"": 1e-05, ""kernel"": ""1**2 * RBF(length_scale=2) + WhiteKernel(noise_level=10)""}",angew-aryl-c-h-amination,family_holdout,ee,4e,14,6k|6o|6c|6g|6m|6l|6j|6h|6e|6i|6d|6b|6a|6q,3,6.857142857141255,6f|6n|6p
10.88944060031234,,,angew-sulfonyl-c-h-amination,stage2p_plus_stage2pp,,17,angew-sulfonyl-c-h-amination,ridge_regression,81.0,81.0,,70.11055939968766,81.18830371758119,50.32250044265803,94.44552017631344,49.426219444826316,-10.88944060031234,"{""alpha"": 1000.0}",angew-sulfonyl-c-h-amination,family_holdout,ee,6a,26,4e|2z|2aa|2h|2y|2o|2t|4d|2p|2ac|2c|4c|2n|2x|2ab|2s|2q|2l|4a|2j|2m|2e|2k|2r|2w|2g,7,14.189310756450753,2b|2d|2f|2i|2u|2v|4b
24.127958369623883,,,angew-sulfonyl-c-h-amination,stage2p_plus_stage2pp,,17,angew-sulfonyl-c-h-amination,ridge_regression,93.0,93.0,,68.87204163037612,79.94978594826965,49.08398267334649,93.2070024070019,48.187701675514774,-24.127958369623883,"{""alpha"": 1000.0}",angew-sulfonyl-c-h-amination,family_holdout,ee,6b,26,4e|2z|2aa|2h|2y|2o|2t|4d|2p|2ac|2c|4c|2n|2x|2ab|2s|2q|2l|4a|2j|2m|2e|2k|2r|2w|2g,7,14.189310756450753,2b|2d|2f|2i|2u|2v|4b
18.396521917601092,,,angew-sulfonyl-c-h-amination,stage2p_plus_stage2pp,,17,angew-sulfonyl-c-h-amination,ridge_regression,89.0,89.0,,70.60347808239891,81.68122240029244,50.81541912536928,94.93843885902469,49.919138127537565,-18.396521917601092,"{""alpha"": 1000.0}",angew-sulfonyl-c-h-amination,family_holdout,ee,6c,26,4e|2z|2aa|2h|2y|2o|2t|4d|2p|2ac|2c|4c|2n|2x|2ab|2s|2q|2l|4a|2j|2m|2e|2k|2r|2w|2g,7,14.189310756450753,2b|2d|2f|2i|2u|2v|4b
25.520417036140515,,,angew-sulfonyl-c-h-amination,stage2p_plus_stage2pp,,17,angew-sulfonyl-c-h-amination,ridge_regression,93.0,93.0,,67.47958296385949,78.55732728175302,47.69152400682986,91.81454374048526,46.79524300899814,-25.520417036140515,"{""alpha"": 1000.0}",angew-sulfonyl-c-h-amination,family_holdout,ee,6d,26,4e|2z|2aa|2h|2y|2o|2t|4d|2p|2ac|2c|4c|2n|2x|2ab|2s|2q|2l|4a|2j|2m|2e|2k|2r|2w|2g,7,14.189310756450753,2b|2d|2f|2i|2u|2v|4b
6.744689646029386,,,angew-sulfonyl-c-h-amination,stage2p_plus_stage2pp,,17,angew-sulfonyl-c-h-amination,ridge_regression,82.0,82.0,,75.25531035397061,86.33305467186415,55.46725139694099,99.59027113059639,54.57097039910927,-6.744689646029386,"{""alpha"": 1000.0}",angew-sulfonyl-c-h-amination,family_holdout,ee,6e,26,4e|2z|2aa|2h|2y|2o|2t|4d|2p|2ac|2c|4c|2n|2x|2ab|2s|2q|2l|4a|2j|2m|2e|2k|2r|2w|2g,7,14.189310756450753,2b|2d|2f|2i|2u|2v|4b
11.301299244321129,,,angew-sulfonyl-c-h-amination,stage2p_plus_stage2pp,,17,angew-sulfonyl-c-h-amination,ridge_regression,89.0,89.0,,77.69870075567887,88.7764450735724,57.910641798649245,102.03366153230465,57.01436080081753,-11.301299244321129,"{""alpha"": 1000.0}",angew-sulfonyl-c-h-amination,family_holdout,ee,6f,26,4e|2z|2aa|2h|2y|2o|2t|4d|2p|2ac|2c|4c|2n|2x|2ab|2s|2q|2l|4a|2j|2m|2e|2k|2r|2w|2g,7,14.189310756450753,2b|2d|2f|2i|2u|2v|4b
18.22120856884338,,,angew-sulfonyl-c-h-amination,stage2p_plus_stage2pp,,17,angew-sulfonyl-c-h-amination,ridge_regression,88.0,88.0,,69.77879143115662,80.85653574905015,49.99073247412699,94.1137522077824,49.094451476295276,-18.22120856884338,"{""alpha"": 1000.0}",angew-sulfonyl-c-h-amination,family_holdout,ee,6g,26,4e|2z|2aa|2h|2y|2o|2t|4d|2p|2ac|2c|4c|2n|2x|2ab|2s|2q|2l|4a|2j|2m|2e|2k|2r|2w|2g,7,14.189310756450753,2b|2d|2f|2i|2u|2v|4b
22.053592370662287,,,angew-sulfonyl-c-h-amination,stage2p_plus_stage2pp,,17,angew-sulfonyl-c-h-amination,ridge_regression,84.0,84.0,,61.94640762933771,73.02415194723125,42.15834867230809,86.28136840596349,41.26206767447637,-22.053592370662287,"{""alpha"": 1000.0}",angew-sulfonyl-c-h-amination,family_holdout,ee,6h,26,4e|2z|2aa|2h|2y|2o|2t|4d|2p|2ac|2c|4c|2n|2x|2ab|2s|2q|2l|4a|2j|2m|2e|2k|2r|2w|2g,7,14.189310756450753,2b|2d|2f|2i|2u|2v|4b
15.896447373807888,,,angew-sulfonyl-c-h-amination,stage2p_plus_stage2pp,,17,angew-sulfonyl-c-h-amination,ridge_regression,88.0,88.0,,72.10355262619211,83.18129694408564,52.315493669162485,96.43851340281789,51.41921267133077,-15.896447373807888,"{""alpha"": 1000.0}",angew-sulfonyl-c-h-amination,family_holdout,ee,6i,26,4e|2z|2aa|2h|2y|2o|2t|4d|2p|2ac|2c|4c|2n|2x|2ab|2s|2q|2l|4a|2j|2m|2e|2k|2r|2w|2g,7,14.189310756450753,2b|2d|2f|2i|2u|2v|4b
9.959449735603215,,,angew-sulfonyl-c-h-amination,stage2p_plus_stage2pp,,17,angew-sulfonyl-c-h-amination,ridge_regression,87.0,87.0,,77.04055026439678,88.11829458229032,57.25249130736716,101.37551104102256,56.35621030953544,-9.959449735603215,"{""alpha"": 1000.0}",angew-sulfonyl-c-h-amination,family_holdout,ee,6j,26,4e|2z|2aa|2h|2y|2o|2t|4d|2p|2ac|2c|4c|2n|2x|2ab|2s|2q|2l|4a|2j|2m|2e|2k|2r|2w|2g,7,14.189310756450753,2b|2d|2f|2i|2u|2v|4b
13.827684854244382,,,angew-sulfonyl-c-h-amination,stage2p_plus_stage2pp,,17,angew-sulfonyl-c-h-amination,ridge_regression,93.0,93.0,,79.17231514575562,90.25005946364915,59.38425618872599,103.5072759223814,58.487975190894275,-13.827684854244382,"{""alpha"": 1000.0}",angew-sulfonyl-c-h-amination,family_holdout,ee,6k,26,4e|2z|2aa|2h|2y|2o|2t|4d|2p|2ac|2c|4c|2n|2x|2ab|2s|2q|2l|4a|2j|2m|2e|2k|2r|2w|2g,7,14.189310756450753,2b|2d|2f|2i|2u|2v|4b
9.142774014953076,,,angew-sulfonyl-c-h-amination,stage2p_plus_stage2pp,,17,angew-sulfonyl-c-h-amination,ridge_regression,58.0,58.0,,67.14277401495308,78.22051833284661,47.35471505792345,91.47773479157885,46.45843406009173,9.142774014953076,"{""alpha"": 1000.0}",angew-sulfonyl-c-h-amination,family_holdout,ee,6l,26,4e|2z|2aa|2h|2y|2o|2t|4d|2p|2ac|2c|4c|2n|2x|2ab|2s|2q|2l|4a|2j|2m|2e|2k|2r|2w|2g,7,14.189310756450753,2b|2d|2f|2i|2u|2v|4b
7.194203782501276,,,angew-sulfonyl-c-h-amination,stage2p_plus_stage2pp,,17,angew-sulfonyl-c-h-amination,ridge_regression,30.0,30.0,,37.194203782501276,48.27194810039481,17.40614482547165,61.529164559127054,16.50986382763993,7.194203782501276,"{""alpha"": 1000.0}",angew-sulfonyl-c-h-amination,family_holdout,ee,6m,26,4e|2z|2aa|2h|2y|2o|2t|4d|2p|2ac|2c|4c|2n|2x|2ab|2s|2q|2l|4a|2j|2m|2e|2k|2r|2w|2g,7,14.189310756450753,2b|2d|2f|2i|2u|2v|4b
19.05375582413653,,,angew-sulfonyl-c-h-amination,stage2p_plus_stage2pp,,17,angew-sulfonyl-c-h-amination,ridge_regression,79.0,79.0,,59.94624417586347,71.023988493757,40.15818521883384,84.28120495248925,39.261904221002126,-19.05375582413653,"{""alpha"": 1000.0}",angew-sulfonyl-c-h-amination,family_holdout,ee,6n,26,4e|2z|2aa|2h|2y|2o|2t|4d|2p|2ac|2c|4c|2n|2x|2ab|2s|2q|2l|4a|2j|2m|2e|2k|2r|2w|2g,7,14.189310756450753,2b|2d|2f|2i|2u|2v|4b
30.2805243524447,,,angew-sulfonyl-c-h-amination,stage2p_plus_stage2pp,,17,angew-sulfonyl-c-h-amination,ridge_regression,90.0,90.0,,59.7194756475553,70.79721996544883,39.93141669052567,84.05443642418108,39.035135692693956,-30.2805243524447,"{""alpha"": 1000.0}",angew-sulfonyl-c-h-amination,family_holdout,ee,6o,26,4e|2z|2aa|2h|2y|2o|2t|4d|2p|2ac|2c|4c|2n|2x|2ab|2s|2q|2l|4a|2j|2m|2e|2k|2r|2w|2g,7,14.189310756450753,2b|2d|2f|2i|2u|2v|4b
20.529022240195623,,,angew-sulfonyl-c-h-amination,stage2p_plus_stage2pp,,17,angew-sulfonyl-c-h-amination,ridge_regression,84.0,84.0,,63.47097775980438,74.5487220776979,43.68291880277475,87.80593853643016,42.78663780494303,-20.529022240195623,"{""alpha"": 1000.0}",angew-sulfonyl-c-h-amination,family_holdout,ee,6p,26,4e|2z|2aa|2h|2y|2o|2t|4d|2p|2ac|2c|4c|2n|2x|2ab|2s|2q|2l|4a|2j|2m|2e|2k|2r|2w|2g,7,14.189310756450753,2b|2d|2f|2i|2u|2v|4b
36.8826498333309,,,angew-sulfonyl-c-h-amination,stage2p_plus_stage2pp,,17,angew-sulfonyl-c-h-amination,ridge_regression,24.0,24.0,,60.8826498333309,71.96039415122443,41.094590876301275,85.21761060995668,40.19830987846956,36.8826498333309,"{""alpha"": 1000.0}",angew-sulfonyl-c-h-amination,family_holdout,ee,6q,26,4e|2z|2aa|2h|2y|2o|2t|4d|2p|2ac|2c|4c|2n|2x|2ab|2s|2q|2l|4a|2j|2m|2e|2k|2r|2w|2g,7,14.189310756450753,2b|2d|2f|2i|2u|2v|4b
16.271436452575287,,,angew-sulfonyl-c-h-amination,stage2p_plus_stage2pp,,17,angew-sulfonyl-c-h-amination,elastic_net,81.0,81.0,,64.72856354742471,70.83035746830777,46.71729484783809,76.00881093515906,45.27722054749968,-16.271436452575287,"{""alpha"": 1.0, ""l1_ratio"": 1.0}",angew-sulfonyl-c-h-amination,family_holdout,ee,6a,26,4e|2z|2aa|2h|2y|2o|2t|4d|2p|2ac|2c|4c|2n|2x|2ab|2s|2q|2l|4a|2j|2m|2e|2k|2r|2w|2g,7,10.649583402412077,2b|2d|2f|2i|2u|2v|4b
30.75689107266232,,,angew-sulfonyl-c-h-amination,stage2p_plus_stage2pp,,17,angew-sulfonyl-c-h-amination,elastic_net,93.0,93.0,,62.24310892733768,68.34490284822074,44.231840227751064,73.52335631507204,42.791765927412655,-30.75689107266232,"{""alpha"": 1.0, ""l1_ratio"": 1.0}",angew-sulfonyl-c-h-amination,family_holdout,ee,6b,26,4e|2z|2aa|2h|2y|2o|2t|4d|2p|2ac|2c|4c|2n|2x|2ab|2s|2q|2l|4a|2j|2m|2e|2k|2r|2w|2g,7,10.649583402412077,2b|2d|2f|2i|2u|2v|4b
16.99078892066737,,,angew-sulfonyl-c-h-amination,stage2p_plus_stage2pp,,17,angew-sulfonyl-c-h-amination,elastic_net,89.0,89.0,,72.00921107933263,78.1110050002157,53.99794237974601,83.28945846706698,52.5578680794076,-16.99078892066737,"{""alpha"": 1.0, ""l1_ratio"": 1.0}",angew-sulfonyl-c-h-amination,family_holdout,ee,6c,26,4e|2z|2aa|2h|2y|2o|2t|4d|2p|2ac|2c|4c|2n|2x|2ab|2s|2q|2l|4a|2j|2m|2e|2k|2r|2w|2g,7,10.649583402412077,2b|2d|2f|2i|2u|2v|4b
24.01750361437233,,,angew-sulfonyl-c-h-amination,stage2p_plus_stage2pp,,17,angew-sulfonyl-c-h-amination,elastic_net,93.0,93.0,,68.98249638562767,75.08429030651072,50.97122768604105,80.26274377336202,49.53115338570264,-24.01750361437233,"{""alpha"": 1.0, ""l1_ratio"": 1.0}",angew-sulfonyl-c-h-amination,family_holdout,ee,6d,26,4e|2z|2aa|2h|2y|2o|2t|4d|2p|2ac|2c|4c|2n|2x|2ab|2s|2q|2l|4a|2j|2m|2e|2k|2r|2w|2g,7,10.649583402412077,2b|2d|2f|2i|2u|2v|4b
16.522610564790554,,,angew-sulfonyl-c-h-amination,stage2p_plus_stage2pp,,17,angew-sulfonyl-c-h-amination,elastic_net,82.0,82.0,,65.47738943520945,71.5791833560925,47.46612073562282,76.7576368229438,46.026046435284414,-16.522610564790554,"{""alpha"": 1.0, ""l1_ratio"": 1.0}",angew-sulfonyl-c-h-amination,family_holdout,ee,6e,26,4e|2z|2aa|2h|2y|2o|2t|4d|2p|2ac|2c|4c|2n|2x|2ab|2s|2q|2l|4a|2j|2m|2e|2k|2r|2w|2g,7,10.649583402412077,2b|2d|2f|2i|2u|2v|4b
21.343215487017545,,,angew-sulfonyl-c-h-amination,stage2p_plus_stage2pp,,17,angew-sulfonyl-c-h-amination,elastic_net,89.0,89.0,,67.65678451298245,73.75857843386552,49.64551581339583,78.9370319007168,48.20544151305742,-21.343215487017545,"{""alpha"": 1.0, ""l1_ratio"": 1.0}",angew-sulfonyl-c-h-amination,family_holdout,ee,6f,26,4e|2z|2aa|2h|2y|2o|2t|4d|2p|2ac|2c|4c|2n|2x|2ab|2s|2q|2l|4a|2j|2m|2e|2k|2r|2w|2g,7,10.649583402412077,2b|2d|2f|2i|2u|2v|4b
5.136994435494955,,,angew-sulfonyl-c-h-amination,stage2p_plus_stage2pp,,17,angew-sulfonyl-c-h-amination,elastic_net,88.0,88.0,,82.86300556450504,88.96479948538811,64.85173686491842,94.1432529522394,63.41166256458001,-5.136994435494955,"{""alpha"": 1.0, ""l1_ratio"": 1.0}",angew-sulfonyl-c-h-amination,family_holdout,ee,6g,26,4e|2z|2aa|2h|2y|2o|2t|4d|2p|2ac|2c|4c|2n|2x|2ab|2s|2q|2l|4a|2j|2m|2e|2k|2r|2w|2g,7,10.649583402412077,2b|2d|2f|2i|2u|2v|4b
17.646145397597508,,,angew-sulfonyl-c-h-amination,stage2p_plus_stage2pp,,17,angew-sulfonyl-c-h-amination,elastic_net,84.0,84.0,,66.35385460240249,72.45564852328556,48.34258590281587,77.63410199013684,46.90251160247746,-17.646145397597508,"{""alpha"": 1.0, ""l1_ratio"": 1.0}",angew-sulfonyl-c-h-amination,family_holdout,ee,6h,26,4e|2z|2aa|2h|2y|2o|2t|4d|2p|2ac|2c|4c|2n|2x|2ab|2s|2q|2l|4a|2j|2m|2e|2k|2r|2w|2g,7,10.649583402412077,2b|2d|2f|2i|2u|2v|4b
15.086766109486248,,,angew-sulfonyl-c-h-amination,stage2p_plus_stage2pp,,17,angew-sulfonyl-c-h-amination,elastic_net,88.0,88.0,,72.91323389051375,79.0150278113968,54.90196519092713,84.1934812782481,53.46189089058872,-15.086766109486248,"{""alpha"": 1.0, ""l1_ratio"": 1.0}",angew-sulfonyl-c-h-amination,family_holdout,ee,6i,26,4e|2z|2aa|2h|2y|2o|2t|4d|2p|2ac|2c|4c|2n|2x|2ab|2s|2q|2l|4a|2j|2m|2e|2k|2r|2w|2g,7,10.649583402412077,2b|2d|2f|2i|2u|2v|4b
23.654090399609125,,,angew-sulfonyl-c-h-amination,stage2p_plus_stage2pp,,17,angew-sulfonyl-c-h-amination,elastic_net,87.0,87.0,,63.345909600390875,69.44770352127394,45.33464090080426,74.62615698812523,43.89456660046585,-23.654090399609125,"{""alpha"": 1.0, ""l1_ratio"": 1.0}",angew-sulfonyl-c-h-amination,family_holdout,ee,6j,26,4e|2z|2aa|2h|2y|2o|2t|4d|2p|2ac|2c|4c|2n|2x|2ab|2s|2q|2l|4a|2j|2m|2e|2k|2r|2w|2g,7,10.649583402412077,2b|2d|2f|2i|2u|2v|4b
29.097535800238127,,,angew-sulfonyl-c-h-amination,stage2p_plus_stage2pp,,17,angew-sulfonyl-c-h-amination,elastic_net,93.0,93.0,,63.90246419976187,70.00425812064493,45.89119550017526,75.18271158749623,44.45112119983685,-29.097535800238127,"{""alpha"": 1.0, ""l1_ratio"": 1.0}",angew-sulfonyl-c-h-amination,family_holdout,ee,6k,26,4e|2z|2aa|2h|2y|2o|2t|4d|2p|2ac|2c|4c|2n|2x|2ab|2s|2q|2l|4a|2j|2m|2e|2k|2r|2w|2g,7,10.649583402412077,2b|2d|2f|2i|2u|2v|4b
17.69557414002947,,,angew-sulfonyl-c-h-amination,stage2p_plus_stage2pp,,17,angew-sulfonyl-c-h-amination,elastic_net,58.0,58.0,,40.30442585997053,46.40621978085359,22.29315716038391,51.584673247704885,20.8530828600455,-17.69557414002947,"{""alpha"": 1.0, ""l1_ratio"": 1.0}",angew-sulfonyl-c-h-amination,family_holdout,ee,6l,26,4e|2z|2aa|2h|2y|2o|2t|4d|2p|2ac|2c|4c|2n|2x|2ab|2s|2q|2l|4a|2j|2m|2e|2k|2r|2w|2g,7,10.649583402412077,2b|2d|2f|2i|2u|2v|4b
18.793524301471294,,,angew-sulfonyl-c-h-amination,stage2p_plus_stage2pp,,17,angew-sulfonyl-c-h-amination,elastic_net,30.0,30.0,,48.793524301471294,54.895318222354355,30.782255601884675,60.07377168920565,29.342181301546265,18.793524301471294,"{""alpha"": 1.0, ""l1_ratio"": 1.0}",angew-sulfonyl-c-h-amination,family_holdout,ee,6m,26,4e|2z|2aa|2h|2y|2o|2t|4d|2p|2ac|2c|4c|2n|2x|2ab|2s|2q|2l|4a|2j|2m|2e|2k|2r|2w|2g,7,10.649583402412077,2b|2d|2f|2i|2u|2v|4b
29.623394368102495,,,angew-sulfonyl-c-h-amination,stage2p_plus_stage2pp,,17,angew-sulfonyl-c-h-amination,elastic_net,79.0,79.0,,49.376605631897505,55.478399552780566,31.365336932310885,60.65685301963186,29.925262631972476,-29.623394368102495,"{""alpha"": 1.0, ""l1_ratio"": 1.0}",angew-sulfonyl-c-h-amination,family_holdout,ee,6n,26,4e|2z|2aa|2h|2y|2o|2t|4d|2p|2ac|2c|4c|2n|2x|2ab|2s|2q|2l|4a|2j|2m|2e|2k|2r|2w|2g,7,10.649583402412077,2b|2d|2f|2i|2u|2v|4b
56.268874623479334,,,angew-sulfonyl-c-h-amination,stage2p_plus_stage2pp,,17,angew-sulfonyl-c-h-amination,elastic_net,90.0,90.0,,33.731125376520666,39.83291929740373,15.719856676934047,45.01137276425502,14.279782376595637,-56.268874623479334,"{""alpha"": 1.0, ""l1_ratio"": 1.0}",angew-sulfonyl-c-h-amination,family_holdout,ee,6o,26,4e|2z|2aa|2h|2y|2o|2t|4d|2p|2ac|2c|4c|2n|2x|2ab|2s|2q|2l|4a|2j|2m|2e|2k|2r|2w|2g,7,10.649583402412077,2b|2d|2f|2i|2u|2v|4b
31.63388068043288,,,angew-sulfonyl-c-h-amination,stage2p_plus_stage2pp,,17,angew-sulfonyl-c-h-amination,elastic_net,84.0,84.0,,52.36611931956712,58.46791324045018,34.354850619980496,63.646366707301475,32.91477631964209,-31.63388068043288,"{""alpha"": 1.0, ""l1_ratio"": 1.0}",angew-sulfonyl-c-h-amination,family_holdout,ee,6p,26,4e|2z|2aa|2h|2y|2o|2t|4d|2p|2ac|2c|4c|2n|2x|2ab|2s|2q|2l|4a|2j|2m|2e|2k|2r|2w|2g,7,10.649583402412077,2b|2d|2f|2i|2u|2v|4b
38.34164811457279,,,angew-sulfonyl-c-h-amination,stage2p_plus_stage2pp,,17,angew-sulfonyl-c-h-amination,elastic_net,24.0,24.0,,62.34164811457279,68.44344203545586,44.33037941498617,73.62189550230714,42.89030511464776,38.34164811457279,"{""alpha"": 1.0, ""l1_ratio"": 1.0}",angew-sulfonyl-c-h-amination,family_holdout,ee,6q,26,4e|2z|2aa|2h|2y|2o|2t|4d|2p|2ac|2c|4c|2n|2x|2ab|2s|2q|2l|4a|2j|2m|2e|2k|2r|2w|2g,7,10.649583402412077,2b|2d|2f|2i|2u|2v|4b
19.24810144662468,,,angew-sulfonyl-c-h-amination,stage2p_plus_stage2pp,,17,angew-sulfonyl-c-h-amination,lightgbm,81.0,81.0,,61.75189855337532,74.27234314949719,41.36007724942475,88.36907399297363,40.12965971735607,-19.24810144662468,"{""learning_rate"": 0.1, ""n_estimators"": 75, ""num_leaves"": 7}",angew-sulfonyl-c-h-amination,family_holdout,ee,6a,26,4e|2z|2aa|2h|2y|2o|2t|4d|2p|2ac|2c|4c|2n|2x|2ab|2s|2q|2l|4a|2j|2m|2e|2k|2r|2w|2g,7,16.026927569781627,2b|2d|2f|2i|2u|2v|4b
32.99455828477033,,,angew-sulfonyl-c-h-amination,stage2p_plus_stage2pp,,17,angew-sulfonyl-c-h-amination,lightgbm,93.0,93.0,,60.00544171522967,72.52588631135154,39.6136204112791,86.62261715482799,38.38320287921042,-32.99455828477033,"{""learning_rate"": 0.1, ""n_estimators"": 75, ""num_leaves"": 7}",angew-sulfonyl-c-h-amination,family_holdout,ee,6b,26,4e|2z|2aa|2h|2y|2o|2t|4d|2p|2ac|2c|4c|2n|2x|2ab|2s|2q|2l|4a|2j|2m|2e|2k|2r|2w|2g,7,16.026927569781627,2b|2d|2f|2i|2u|2v|4b
34.502817474880565,,,angew-sulfonyl-c-h-amination,stage2p_plus_stage2pp,,17,angew-sulfonyl-c-h-amination,lightgbm,89.0,89.0,,54.497182525119435,67.0176271212413,34.10536122116886,81.11435796471775,32.874943689100185,-34.502817474880565,"{""learning_rate"": 0.1, ""n_estimators"": 75, ""num_leaves"": 7}",angew-sulfonyl-c-h-amination,family_holdout,ee,6c,26,4e|2z|2aa|2h|2y|2o|2t|4d|2p|2ac|2c|4c|2n|2x|2ab|2s|2q|2l|4a|2j|2m|2e|2k|2r|2w|2g,7,16.026927569781627,2b|2d|2f|2i|2u|2v|4b
20.184544109574915,,,angew-sulfonyl-c-h-amination,stage2p_plus_stage2pp,,17,angew-sulfonyl-c-h-amination,lightgbm,93.0,93.0,,72.81545589042508,85.33590048654696,52.42363458647452,99.4326313300234,51.193217054405835,-20.184544109574915,"{""learning_rate"": 0.1, ""n_estimators"": 75, ""num_leaves"": 7}",angew-sulfonyl-c-h-amination,family_holdout,ee,6d,26,4e|2z|2aa|2h|2y|2o|2t|4d|2p|2ac|2c|4c|2n|2x|2ab|2s|2q|2l|4a|2j|2m|2e|2k|2r|2w|2g,7,16.026927569781627,2b|2d|2f|2i|2u|2v|4b
24.07979138143984,,,angew-sulfonyl-c-h-amination,stage2p_plus_stage2pp,,17,angew-sulfonyl-c-h-amination,lightgbm,82.0,82.0,,57.92020861856016,70.44065321468203,37.52838731460959,84.53738405815847,36.29796978254091,-24.07979138143984,"{""learning_rate"": 0.1, ""n_estimators"": 75, ""num_leaves"": 7}",angew-sulfonyl-c-h-amination,family_holdout,ee,6e,26,4e|2z|2aa|2h|2y|2o|2t|4d|2p|2ac|2c|4c|2n|2x|2ab|2s|2q|2l|4a|2j|2m|2e|2k|2r|2w|2g,7,16.026927569781627,2b|2d|2f|2i|2u|2v|4b
29.728370440440898,,,angew-sulfonyl-c-h-amination,stage2p_plus_stage2pp,,17,angew-sulfonyl-c-h-amination,lightgbm,89.0,89.0,,59.2716295595591,71.79207415568098,38.87980825560854,85.88880499915741,37.64939072353985,-29.728370440440898,"{""learning_rate"": 0.1, ""n_estimators"": 75, ""num_leaves"": 7}",angew-sulfonyl-c-h-amination,family_holdout,ee,6f,26,4e|2z|2aa|2h|2y|2o|2t|4d|2p|2ac|2c|4c|2n|2x|2ab|2s|2q|2l|4a|2j|2m|2e|2k|2r|2w|2g,7,16.026927569781627,2b|2d|2f|2i|2u|2v|4b
24.90764315202587,,,angew-sulfonyl-c-h-amination,stage2p_plus_stage2pp,,17,angew-sulfonyl-c-h-amination,lightgbm,88.0,88.0,,63.09235684797413,75.61280144409601,42.700535544023566,89.70953228757244,41.47011801195488,-24.90764315202587,"{""learning_rate"": 0.1, ""n_estimators"": 75, ""num_leaves"": 7}",angew-sulfonyl-c-h-amination,family_holdout,ee,6g,26,4e|2z|2aa|2h|2y|2o|2t|4d|2p|2ac|2c|4c|2n|2x|2ab|2s|2q|2l|4a|2j|2m|2e|2k|2r|2w|2g,7,16.026927569781627,2b|2d|2f|2i|2u|2v|4b
34.1258694972396,,,angew-sulfonyl-c-h-amination,stage2p_plus_stage2pp,,17,angew-sulfonyl-c-h-amination,lightgbm,84.0,84.0,,49.8741305027604,62.39457509888227,29.482309198809833,76.49130594235871,28.25189166674115,-34.1258694972396,"{""learning_rate"": 0.1, ""n_estimators"": 75, ""num_leaves"": 7}",angew-sulfonyl-c-h-amination,family_holdout,ee,6h,26,4e|2z|2aa|2h|2y|2o|2t|4d|2p|2ac|2c|4c|2n|2x|2ab|2s|2q|2l|4a|2j|2m|2e|2k|2r|2w|2g,7,16.026927569781627,2b|2d|2f|2i|2u|2v|4b
26.134456359876424,,,angew-sulfonyl-c-h-amination,stage2p_plus_stage2pp,,17,angew-sulfonyl-c-h-amination,lightgbm,88.0,88.0,,61.865543640123576,74.38598823624545,41.47372233617301,88.48271907972189,40.243304804104326,-26.134456359876424,"{""learning_rate"": 0.1, ""n_estimators"": 75, ""num_leaves"": 7}",angew-sulfonyl-c-h-amination,family_holdout,ee,6i,26,4e|2z|2aa|2h|2y|2o|2t|4d|2p|2ac|2c|4c|2n|2x|2ab|2s|2q|2l|4a|2j|2m|2e|2k|2r|2w|2g,7,16.026927569781627,2b|2d|2f|2i|2u|2v|4b
27.728370440440898,,,angew-sulfonyl-c-h-amination,stage2p_plus_stage2pp,,17,angew-sulfonyl-c-h-amination,lightgbm,87.0,87.0,,59.2716295595591,71.79207415568098,38.87980825560854,85.88880499915741,37.64939072353985,-27.728370440440898,"{""learning_rate"": 0.1, ""n_estimators"": 75, ""num_leaves"": 7}",angew-sulfonyl-c-h-amination,family_holdout,ee,6j,26,4e|2z|2aa|2h|2y|2o|2t|4d|2p|2ac|2c|4c|2n|2x|2ab|2s|2q|2l|4a|2j|2m|2e|2k|2r|2w|2g,7,16.026927569781627,2b|2d|2f|2i|2u|2v|4b
35.61136745366676,,,angew-sulfonyl-c-h-amination,stage2p_plus_stage2pp,,17,angew-sulfonyl-c-h-amination,lightgbm,93.0,93.0,,57.38863254633324,69.90907714245512,36.99681124238268,84.00580798593155,35.76639371031399,-35.61136745366676,"{""learning_rate"": 0.1, ""n_estimators"": 75, ""num_leaves"": 7}",angew-sulfonyl-c-h-amination,family_holdout,ee,6k,26,4e|2z|2aa|2h|2y|2o|2t|4d|2p|2ac|2c|4c|2n|2x|2ab|2s|2q|2l|4a|2j|2m|2e|2k|2r|2w|2g,7,16.026927569781627,2b|2d|2f|2i|2u|2v|4b
0.17268950184066512,,,angew-sulfonyl-c-h-amination,stage2p_plus_stage2pp,,17,angew-sulfonyl-c-h-amination,lightgbm,58.0,58.0,,58.172689501840665,70.69313409796254,37.7808681978901,84.78986494143898,36.550450665821415,0.17268950184066512,"{""learning_rate"": 0.1, ""n_estimators"": 75, ""num_leaves"": 7}",angew-sulfonyl-c-h-amination,family_holdout,ee,6l,26,4e|2z|2aa|2h|2y|2o|2t|4d|2p|2ac|2c|4c|2n|2x|2ab|2s|2q|2l|4a|2j|2m|2e|2k|2r|2w|2g,7,16.026927569781627,2b|2d|2f|2i|2u|2v|4b
4.130535636069517,,,angew-sulfonyl-c-h-amination,stage2p_plus_stage2pp,,17,angew-sulfonyl-c-h-amination,lightgbm,30.0,30.0,,34.13053563606952,46.65098023219139,13.738714332118949,60.74771107566783,12.508296800050267,4.130535636069517,"{""learning_rate"": 0.1, ""n_estimators"": 75, ""num_leaves"": 7}",angew-sulfonyl-c-h-amination,family_holdout,ee,6m,26,4e|2z|2aa|2h|2y|2o|2t|4d|2p|2ac|2c|4c|2n|2x|2ab|2s|2q|2l|4a|2j|2m|2e|2k|2r|2w|2g,7,16.026927569781627,2b|2d|2f|2i|2u|2v|4b
17.400329849155973,,,angew-sulfonyl-c-h-amination,stage2p_plus_stage2pp,,17,angew-sulfonyl-c-h-amination,lightgbm,79.0,79.0,,61.59967015084403,74.1201147469659,41.207848846893455,88.21684559044235,39.97743131482478,-17.400329849155973,"{""learning_rate"": 0.1, ""n_estimators"": 75, ""num_leaves"": 7}",angew-sulfonyl-c-h-amination,family_holdout,ee,6n,26,4e|2z|2aa|2h|2y|2o|2t|4d|2p|2ac|2c|4c|2n|2x|2ab|2s|2q|2l|4a|2j|2m|2e|2k|2r|2w|2g,7,16.026927569781627,2b|2d|2f|2i|2u|2v|4b
49.199857052142434,,,angew-sulfonyl-c-h-amination,stage2p_plus_stage2pp,,17,angew-sulfonyl-c-h-amination,lightgbm,90.0,90.0,,40.800142947857566,53.32058754397944,20.408321643906998,67.41731838745588,19.177904111838316,-49.199857052142434,"{""learning_rate"": 0.1, ""n_estimators"": 75, ""num_leaves"": 7}",angew-sulfonyl-c-h-amination,family_holdout,ee,6o,26,4e|2z|2aa|2h|2y|2o|2t|4d|2p|2ac|2c|4c|2n|2x|2ab|2s|2q|2l|4a|2j|2m|2e|2k|2r|2w|2g,7,16.026927569781627,2b|2d|2f|2i|2u|2v|4b
30.4900729605678,,,angew-sulfonyl-c-h-amination,stage2p_plus_stage2pp,,17,angew-sulfonyl-c-h-amination,lightgbm,84.0,84.0,,53.5099270394322,66.03037163555408,33.118105735481635,80.12710247903051,31.88768820341295,-30.4900729605678,"{""learning_rate"": 0.1, ""n_estimators"": 75, ""num_leaves"": 7}",angew-sulfonyl-c-h-amination,family_holdout,ee,6p,26,4e|2z|2aa|2h|2y|2o|2t|4d|2p|2ac|2c|4c|2n|2x|2ab|2s|2q|2l|4a|2j|2m|2e|2k|2r|2w|2g,7,16.026927569781627,2b|2d|2f|2i|2u|2v|4b
30.811621696852335,,,angew-sulfonyl-c-h-amination,stage2p_plus_stage2pp,,17,angew-sulfonyl-c-h-amination,lightgbm,24.0,24.0,,54.811621696852335,67.3320662929742,34.41980039290176,81.42879713645064,33.189382860833085,30.811621696852335,"{""learning_rate"": 0.1, ""n_estimators"": 75, ""num_leaves"": 7}",angew-sulfonyl-c-h-amination,family_holdout,ee,6q,26,4e|2z|2aa|2h|2y|2o|2t|4d|2p|2ac|2c|4c|2n|2x|2ab|2s|2q|2l|4a|2j|2m|2e|2k|2r|2w|2g,7,16.026927569781627,2b|2d|2f|2i|2u|2v|4b
15.42307692307692,105.96916067547735,25.1846854783688,angew-sulfonyl-c-h-amination,stage2p_plus_stage2pp,20.608284489058306,17,angew-sulfonyl-c-h-amination,gaussian_process,81.0,81.0,,65.57692307692308,84.15384615384619,44.353846153917075,113.40384615384613,43.45384615386389,-15.42307692307692,"{""alpha"": 1e-05, ""kernel"": ""1**2 * RBF(length_scale=2) + WhiteKernel(noise_level=10)""}",angew-sulfonyl-c-h-amination,family_holdout,ee,6a,26,4e|2z|2aa|2h|2y|2o|2t|4d|2p|2ac|2c|4c|2n|2x|2ab|2s|2q|2l|4a|2j|2m|2e|2k|2r|2w|2g,7,23.302197802180917,2b|2d|2f|2i|2u|2v|4b
27.42307692307692,105.96916067547735,25.1846854783688,angew-sulfonyl-c-h-amination,stage2p_plus_stage2pp,20.608284489058306,17,angew-sulfonyl-c-h-amination,gaussian_process,93.0,93.0,,65.57692307692308,84.15384615384619,44.353846153917075,113.40384615384613,43.45384615386389,-27.42307692307692,"{""alpha"": 1e-05, ""kernel"": ""1**2 * RBF(length_scale=2) + WhiteKernel(noise_level=10)""}",angew-sulfonyl-c-h-amination,family_holdout,ee,6b,26,4e|2z|2aa|2h|2y|2o|2t|4d|2p|2ac|2c|4c|2n|2x|2ab|2s|2q|2l|4a|2j|2m|2e|2k|2r|2w|2g,7,23.302197802180917,2b|2d|2f|2i|2u|2v|4b
23.42307692307692,105.96916067547735,25.1846854783688,angew-sulfonyl-c-h-amination,stage2p_plus_stage2pp,20.608284489058306,17,angew-sulfonyl-c-h-amination,gaussian_process,89.0,89.0,,65.57692307692308,84.15384615384619,44.353846153917075,113.40384615384613,43.45384615386389,-23.42307692307692,"{""alpha"": 1e-05, ""kernel"": ""1**2 * RBF(length_scale=2) + WhiteKernel(noise_level=10)""}",angew-sulfonyl-c-h-amination,family_holdout,ee,6c,26,4e|2z|2aa|2h|2y|2o|2t|4d|2p|2ac|2c|4c|2n|2x|2ab|2s|2q|2l|4a|2j|2m|2e|2k|2r|2w|2g,7,23.302197802180917,2b|2d|2f|2i|2u|2v|4b
27.42307692307692,105.96916067547735,25.1846854783688,angew-sulfonyl-c-h-amination,stage2p_plus_stage2pp,20.608284489058306,17,angew-sulfonyl-c-h-amination,gaussian_process,93.0,93.0,,65.57692307692308,84.15384615384619,44.353846153917075,113.40384615384613,43.45384615386389,-27.42307692307692,"{""alpha"": 1e-05, ""kernel"": ""1**2 * RBF(length_scale=2) + WhiteKernel(noise_level=10)""}",angew-sulfonyl-c-h-amination,family_holdout,ee,6d,26,4e|2z|2aa|2h|2y|2o|2t|4d|2p|2ac|2c|4c|2n|2x|2ab|2s|2q|2l|4a|2j|2m|2e|2k|2r|2w|2g,7,23.302197802180917,2b|2d|2f|2i|2u|2v|4b
16.42307692307692,105.96916067547735,25.1846854783688,angew-sulfonyl-c-h-amination,stage2p_plus_stage2pp,20.608284489058306,17,angew-sulfonyl-c-h-amination,gaussian_process,82.0,82.0,,65.57692307692308,84.15384615384619,44.353846153917075,113.40384615384613,43.45384615386389,-16.42307692307692,"{""alpha"": 1e-05, ""kernel"": ""1**2 * RBF(length_scale=2) + WhiteKernel(noise_level=10)""}",angew-sulfonyl-c-h-amination,family_holdout,ee,6e,26,4e|2z|2aa|2h|2y|2o|2t|4d|2p|2ac|2c|4c|2n|2x|2ab|2s|2q|2l|4a|2j|2m|2e|2k|2r|2w|2g,7,23.302197802180917,2b|2d|2f|2i|2u|2v|4b
23.42307692307692,105.96916067547735,25.1846854783688,angew-sulfonyl-c-h-amination,stage2p_plus_stage2pp,20.608284489058306,17,angew-sulfonyl-c-h-amination,gaussian_process,89.0,89.0,,65.57692307692308,84.15384615384619,44.353846153917075,113.40384615384613,43.45384615386389,-23.42307692307692,"{""alpha"": 1e-05, ""kernel"": ""1**2 * RBF(length_scale=2) + WhiteKernel(noise_level=10)""}",angew-sulfonyl-c-h-amination,family_holdout,ee,6f,26,4e|2z|2aa|2h|2y|2o|2t|4d|2p|2ac|2c|4c|2n|2x|2ab|2s|2q|2l|4a|2j|2m|2e|2k|2r|2w|2g,7,23.302197802180917,2b|2d|2f|2i|2u|2v|4b
22.42307692307692,105.96916067547735,25.1846854783688,angew-sulfonyl-c-h-amination,stage2p_plus_stage2pp,20.608284489058306,17,angew-sulfonyl-c-h-amination,gaussian_process,88.0,88.0,,65.57692307692308,84.15384615384619,44.353846153917075,113.40384615384613,43.45384615386389,-22.42307692307692,"{""alpha"": 1e-05, ""kernel"": ""1**2 * RBF(length_scale=2) + WhiteKernel(noise_level=10)""}",angew-sulfonyl-c-h-amination,family_holdout,ee,6g,26,4e|2z|2aa|2h|2y|2o|2t|4d|2p|2ac|2c|4c|2n|2x|2ab|2s|2q|2l|4a|2j|2m|2e|2k|2r|2w|2g,7,23.302197802180917,2b|2d|2f|2i|2u|2v|4b
18.42307692307692,105.96916067547735,25.1846854783688,angew-sulfonyl-c-h-amination,stage2p_plus_stage2pp,20.608284489058306,17,angew-sulfonyl-c-h-amination,gaussian_process,84.0,84.0,,65.57692307692308,84.15384615384619,44.353846153917075,113.40384615384613,43.45384615386389,-18.42307692307692,"{""alpha"": 1e-05, ""kernel"": ""1**2 * RBF(length_scale=2) + WhiteKernel(noise_level=10)""}",angew-sulfonyl-c-h-amination,family_holdout,ee,6h,26,4e|2z|2aa|2h|2y|2o|2t|4d|2p|2ac|2c|4c|2n|2x|2ab|2s|2q|2l|4a|2j|2m|2e|2k|2r|2w|2g,7,23.302197802180917,2b|2d|2f|2i|2u|2v|4b
22.42307692307692,105.96916067547735,25.1846854783688,angew-sulfonyl-c-h-amination,stage2p_plus_stage2pp,20.608284489058306,17,angew-sulfonyl-c-h-amination,gaussian_process,88.0,88.0,,65.57692307692308,84.15384615384619,44.353846153917075,113.40384615384613,43.45384615386389,-22.42307692307692,"{""alpha"": 1e-05, ""kernel"": ""1**2 * RBF(length_scale=2) + WhiteKernel(noise_level=10)""}",angew-sulfonyl-c-h-amination,family_holdout,ee,6i,26,4e|2z|2aa|2h|2y|2o|2t|4d|2p|2ac|2c|4c|2n|2x|2ab|2s|2q|2l|4a|2j|2m|2e|2k|2r|2w|2g,7,23.302197802180917,2b|2d|2f|2i|2u|2v|4b
21.42307692307692,105.96916067547735,25.1846854783688,angew-sulfonyl-c-h-amination,stage2p_plus_stage2pp,20.608284489058306,17,angew-sulfonyl-c-h-amination,gaussian_process,87.0,87.0,,65.57692307692308,84.15384615384619,44.353846153917075,113.40384615384613,43.45384615386389,-21.42307692307692,"{""alpha"": 1e-05, ""kernel"": ""1**2 * RBF(length_scale=2) + WhiteKernel(noise_level=10)""}",angew-sulfonyl-c-h-amination,family_holdout,ee,6j,26,4e|2z|2aa|2h|2y|2o|2t|4d|2p|2ac|2c|4c|2n|2x|2ab|2s|2q|2l|4a|2j|2m|2e|2k|2r|2w|2g,7,23.302197802180917,2b|2d|2f|2i|2u|2v|4b
27.42307692307692,105.96916067547735,25.1846854783688,angew-sulfonyl-c-h-amination,stage2p_plus_stage2pp,20.608284489058306,17,angew-sulfonyl-c-h-amination,gaussian_process,93.0,93.0,,65.57692307692308,84.15384615384619,44.353846153917075,113.40384615384613,43.45384615386389,-27.42307692307692,"{""alpha"": 1e-05, ""kernel"": ""1**2 * RBF(length_scale=2) + WhiteKernel(noise_level=10)""}",angew-sulfonyl-c-h-amination,family_holdout,ee,6k,26,4e|2z|2aa|2h|2y|2o|2t|4d|2p|2ac|2c|4c|2n|2x|2ab|2s|2q|2l|4a|2j|2m|2e|2k|2r|2w|2g,7,23.302197802180917,2b|2d|2f|2i|2u|2v|4b
7.57692307692308,105.96916067547735,25.1846854783688,angew-sulfonyl-c-h-amination,stage2p_plus_stage2pp,20.608284489058306,17,angew-sulfonyl-c-h-amination,gaussian_process,58.0,58.0,,65.57692307692308,84.15384615384619,44.353846153917075,113.40384615384613,43.45384615386389,7.57692307692308,"{""alpha"": 1e-05, ""kernel"": ""1**2 * RBF(length_scale=2) + WhiteKernel(noise_level=10)""}",angew-sulfonyl-c-h-amination,family_holdout,ee,6l,26,4e|2z|2aa|2h|2y|2o|2t|4d|2p|2ac|2c|4c|2n|2x|2ab|2s|2q|2l|4a|2j|2m|2e|2k|2r|2w|2g,7,23.302197802180917,2b|2d|2f|2i|2u|2v|4b
35.57692307692308,105.96916067547735,25.1846854783688,angew-sulfonyl-c-h-amination,stage2p_plus_stage2pp,20.608284489058306,17,angew-sulfonyl-c-h-amination,gaussian_process,30.0,30.0,,65.57692307692308,84.15384615384619,44.353846153917075,113.40384615384613,43.45384615386389,35.57692307692308,"{""alpha"": 1e-05, ""kernel"": ""1**2 * RBF(length_scale=2) + WhiteKernel(noise_level=10)""}",angew-sulfonyl-c-h-amination,family_holdout,ee,6m,26,4e|2z|2aa|2h|2y|2o|2t|4d|2p|2ac|2c|4c|2n|2x|2ab|2s|2q|2l|4a|2j|2m|2e|2k|2r|2w|2g,7,23.302197802180917,2b|2d|2f|2i|2u|2v|4b
13.42307692307692,105.96916067547735,25.1846854783688,angew-sulfonyl-c-h-amination,stage2p_plus_stage2pp,20.608284489058306,17,angew-sulfonyl-c-h-amination,gaussian_process,79.0,79.0,,65.57692307692308,84.15384615384619,44.353846153917075,113.40384615384613,43.45384615386389,-13.42307692307692,"{""alpha"": 1e-05, ""kernel"": ""1**2 * RBF(length_scale=2) + WhiteKernel(noise_level=10)""}",angew-sulfonyl-c-h-amination,family_holdout,ee,6n,26,4e|2z|2aa|2h|2y|2o|2t|4d|2p|2ac|2c|4c|2n|2x|2ab|2s|2q|2l|4a|2j|2m|2e|2k|2r|2w|2g,7,23.302197802180917,2b|2d|2f|2i|2u|2v|4b
24.42307692307692,105.96916067547735,25.1846854783688,angew-sulfonyl-c-h-amination,stage2p_plus_stage2pp,20.608284489058306,17,angew-sulfonyl-c-h-amination,gaussian_process,90.0,90.0,,65.57692307692308,84.15384615384619,44.353846153917075,113.40384615384613,43.45384615386389,-24.42307692307692,"{""alpha"": 1e-05, ""kernel"": ""1**2 * RBF(length_scale=2) + WhiteKernel(noise_level=10)""}",angew-sulfonyl-c-h-amination,family_holdout,ee,6o,26,4e|2z|2aa|2h|2y|2o|2t|4d|2p|2ac|2c|4c|2n|2x|2ab|2s|2q|2l|4a|2j|2m|2e|2k|2r|2w|2g,7,23.302197802180917,2b|2d|2f|2i|2u|2v|4b
18.42307692307692,105.96916067547735,25.1846854783688,angew-sulfonyl-c-h-amination,stage2p_plus_stage2pp,20.608284489058306,17,angew-sulfonyl-c-h-amination,gaussian_process,84.0,84.0,,65.57692307692308,84.15384615384619,44.353846153917075,113.40384615384613,43.45384615386389,-18.42307692307692,"{""alpha"": 1e-05, ""kernel"": ""1**2 * RBF(length_scale=2) + WhiteKernel(noise_level=10)""}",angew-sulfonyl-c-h-amination,family_holdout,ee,6p,26,4e|2z|2aa|2h|2y|2o|2t|4d|2p|2ac|2c|4c|2n|2x|2ab|2s|2q|2l|4a|2j|2m|2e|2k|2r|2w|2g,7,23.302197802180917,2b|2d|2f|2i|2u|2v|4b
41.57692307692308,105.96916067547735,25.1846854783688,angew-sulfonyl-c-h-amination,stage2p_plus_stage2pp,20.608284489058306,17,angew-sulfonyl-c-h-amination,gaussian_process,24.0,24.0,,65.57692307692308,84.15384615384619,44.353846153917075,113.40384615384613,43.45384615386389,41.57692307692308,"{""alpha"": 1e-05, ""kernel"": ""1**2 * RBF(length_scale=2) + WhiteKernel(noise_level=10)""}",angew-sulfonyl-c-h-amination,family_holdout,ee,6q,26,4e|2z|2aa|2h|2y|2o|2t|4d|2p|2ac|2c|4c|2n|2x|2ab|2s|2q|2l|4a|2j|2m|2e|2k|2r|2w|2g,7,23.302197802180917,2b|2d|2f|2i|2u|2v|4b
22.008551393635855,,,angew-aryl-c-h-amination,stage2_alt_plus_stage2pp,,33,angew-aryl-c-h-amination,ridge_regression,45.0,45.0,,67.00855139363586,63.361442645688506,55.1115934308492,64.43067594569843,54.63398000307674,22.008551393635855,"{""alpha"": 10000.0}",angew-aryl-c-h-amination,family_holdout,ee,2aa,14,6k|6o|6c|6g|6m|6l|6j|6h|6e|6i|6d|6b|6a|6q,3,8.034975520805878,6f|6n|6p
39.0,,,angew-aryl-c-h-amination,stage2_alt_plus_stage2pp,,33,angew-aryl-c-h-amination,ridge_regression,39.0,39.0,,0.0,-3.6471087479473505,-11.896957962786662,-2.577875447937436,-12.374571390559115,-39.0,"{""alpha"": 10000.0}",angew-aryl-c-h-amination,family_holdout,ee,2ab,14,6k|6o|6c|6g|6m|6l|6j|6h|6e|6i|6d|6b|6a|6q,3,8.034975520805878,6f|6n|6p
26.481219699980628,,,angew-aryl-c-h-amination,stage2_alt_plus_stage2pp,,33,angew-aryl-c-h-amination,ridge_regression,50.0,50.0,,76.48121969998063,72.83411095203327,64.58426173719397,73.9033442520432,64.10664830942152,26.481219699980628,"{""alpha"": 10000.0}",angew-aryl-c-h-amination,family_holdout,ee,2ac,14,6k|6o|6c|6g|6m|6l|6j|6h|6e|6i|6d|6b|6a|6q,3,8.034975520805878,6f|6n|6p
8.139911049485406,,,angew-aryl-c-h-amination,stage2_alt_plus_stage2pp,,33,angew-aryl-c-h-amination,ridge_regression,88.0,88.0,,79.8600889505146,76.21298020256724,67.96313098772794,77.28221350257716,67.48551755995548,-8.139911049485406,"{""alpha"": 10000.0}",angew-aryl-c-h-amination,family_holdout,ee,2b,14,6k|6o|6c|6g|6m|6l|6j|6h|6e|6i|6d|6b|6a|6q,3,8.034975520805878,6f|6n|6p
2.69916570097665,,,angew-aryl-c-h-amination,stage2_alt_plus_stage2pp,,33,angew-aryl-c-h-amination,ridge_regression,79.0,79.0,,76.30083429902335,72.653725551076,64.40387633623669,73.72295885108592,63.92626290846424,-2.69916570097665,"{""alpha"": 10000.0}",angew-aryl-c-h-amination,family_holdout,ee,2c,14,6k|6o|6c|6g|6m|6l|6j|6h|6e|6i|6d|6b|6a|6q,3,8.034975520805878,6f|6n|6p
8.760037309468046,,,angew-aryl-c-h-amination,stage2_alt_plus_stage2pp,,33,angew-aryl-c-h-amination,ridge_regression,86.0,86.0,,77.23996269053195,73.5928539425846,65.3430047277453,74.66208724259452,64.86539129997284,-8.760037309468046,"{""alpha"": 10000.0}",angew-aryl-c-h-amination,family_holdout,ee,2d,14,6k|6o|6c|6g|6m|6l|6j|6h|6e|6i|6d|6b|6a|6q,3,8.034975520805878,6f|6n|6p
0.034844129052231665,,,angew-aryl-c-h-amination,stage2_alt_plus_stage2pp,,33,angew-aryl-c-h-amination,ridge_regression,82.0,82.0,,82.03484412905223,78.38773538110487,70.13788616626557,79.4569686811148,69.66027273849312,0.034844129052231665,"{""alpha"": 10000.0}",angew-aryl-c-h-amination,family_holdout,ee,2e,14,6k|6o|6c|6g|6m|6l|6j|6h|6e|6i|6d|6b|6a|6q,3,8.034975520805878,6f|6n|6p
2.4868128394599154,,,angew-aryl-c-h-amination,stage2_alt_plus_stage2pp,,33,angew-aryl-c-h-amination,ridge_regression,84.0,84.0,,81.51318716054008,77.86607841259273,69.61622919775343,78.93531171260265,69.13861576998097,-2.4868128394599154,"{""alpha"": 10000.0}",angew-aryl-c-h-amination,family_holdout,ee,2f,14,6k|6o|6c|6g|6m|6l|6j|6h|6e|6i|6d|6b|6a|6q,3,8.034975520805878,6f|6n|6p
10.064050442213613,,,angew-aryl-c-h-amination,stage2_alt_plus_stage2pp,,33,angew-aryl-c-h-amination,ridge_regression,86.0,86.0,,75.93594955778639,72.28884080983903,64.03899159499973,73.35807410984896,63.561378167227275,-10.064050442213613,"{""alpha"": 10000.0}",angew-aryl-c-h-amination,family_holdout,ee,2g,14,6k|6o|6c|6g|6m|6l|6j|6h|6e|6i|6d|6b|6a|6q,3,8.034975520805878,6f|6n|6p
10.907381990421868,,,angew-aryl-c-h-amination,stage2_alt_plus_stage2pp,,33,angew-aryl-c-h-amination,ridge_regression,90.0,90.0,,79.09261800957813,75.44550926163078,67.19566004679147,76.5147425616407,66.71804661901902,-10.907381990421868,"{""alpha"": 10000.0}",angew-aryl-c-h-amination,family_holdout,ee,2h,14,6k|6o|6c|6g|6m|6l|6j|6h|6e|6i|6d|6b|6a|6q,3,8.034975520805878,6f|6n|6p
27.0,,,angew-aryl-c-h-amination,stage2_alt_plus_stage2pp,,33,angew-aryl-c-h-amination,ridge_regression,73.0,73.0,,100.0,96.35289125205264,88.10304203721334,97.42212455206257,87.62542860944089,27.0,"{""alpha"": 10000.0}",angew-aryl-c-h-amination,family_holdout,ee,2i,14,6k|6o|6c|6g|6m|6l|6j|6h|6e|6i|6d|6b|6a|6q,3,8.034975520805878,6f|6n|6p
21.0,,,angew-aryl-c-h-amination,stage2_alt_plus_stage2pp,,33,angew-aryl-c-h-amination,ridge_regression,79.0,79.0,,100.0,96.35289125205264,88.10304203721334,97.42212455206257,87.62542860944089,21.0,"{""alpha"": 10000.0}",angew-aryl-c-h-amination,family_holdout,ee,2j,14,6k|6o|6c|6g|6m|6l|6j|6h|6e|6i|6d|6b|6a|6q,3,8.034975520805878,6f|6n|6p
90.0,,,angew-aryl-c-h-amination,stage2_alt_plus_stage2pp,,33,angew-aryl-c-h-amination,ridge_regression,90.0,90.0,,0.0,-3.6471087479473505,-11.896957962786662,-2.577875447937436,-12.374571390559115,-90.0,"{""alpha"": 10000.0}",angew-aryl-c-h-amination,family_holdout,ee,2k,14,6k|6o|6c|6g|6m|6l|6j|6h|6e|6i|6d|6b|6a|6q,3,8.034975520805878,6f|6n|6p
22.0,,,angew-aryl-c-h-amination,stage2_alt_plus_stage2pp,,33,angew-aryl-c-h-amination,ridge_regression,78.0,78.0,,100.0,96.35289125205264,88.10304203721334,97.42212455206257,87.62542860944089,22.0,"{""alpha"": 10000.0}",angew-aryl-c-h-amination,family_holdout,ee,2l,14,6k|6o|6c|6g|6m|6l|6j|6h|6e|6i|6d|6b|6a|6q,3,8.034975520805878,6f|6n|6p
14.007403235948274,,,angew-aryl-c-h-amination,stage2_alt_plus_stage2pp,,33,angew-aryl-c-h-amination,ridge_regression,87.0,87.0,,72.99259676405173,69.34548801610437,61.09563880126507,70.4147213161143,60.618025373492614,-14.007403235948274,"{""alpha"": 10000.0}",angew-aryl-c-h-amination,family_holdout,ee,2m,14,6k|6o|6c|6g|6m|6l|6j|6h|6e|6i|6d|6b|6a|6q,3,8.034975520805878,6f|6n|6p
60.0,,,angew-aryl-c-h-amination,stage2_alt_plus_stage2pp,,33,angew-aryl-c-h-amination,ridge_regression,60.0,60.0,,0.0,-3.6471087479473505,-11.896957962786662,-2.577875447937436,-12.374571390559115,-60.0,"{""alpha"": 10000.0}",angew-aryl-c-h-amination,family_holdout,ee,2n,14,6k|6o|6c|6g|6m|6l|6j|6h|6e|6i|6d|6b|6a|6q,3,8.034975520805878,6f|6n|6p
56.0,,,angew-aryl-c-h-amination,stage2_alt_plus_stage2pp,,33,angew-aryl-c-h-amination,ridge_regression,56.0,56.0,,0.0,-3.6471087479473505,-11.896957962786662,-2.577875447937436,-12.374571390559115,-56.0,"{""alpha"": 10000.0}",angew-aryl-c-h-amination,family_holdout,ee,2o,14,6k|6o|6c|6g|6m|6l|6j|6h|6e|6i|6d|6b|6a|6q,3,8.034975520805878,6f|6n|6p
71.0,,,angew-aryl-c-h-amination,stage2_alt_plus_stage2pp,,33,angew-aryl-c-h-amination,ridge_regression,71.0,71.0,,0.0,-3.6471087479473505,-11.896957962786662,-2.577875447937436,-12.374571390559115,-71.0,"{""alpha"": 10000.0}",angew-aryl-c-h-amination,family_holdout,ee,2p,14,6k|6o|6c|6g|6m|6l|6j|6h|6e|6i|6d|6b|6a|6q,3,8.034975520805878,6f|6n|6p
51.0,,,angew-aryl-c-h-amination,stage2_alt_plus_stage2pp,,33,angew-aryl-c-h-amination,ridge_regression,51.0,51.0,,0.0,-3.6471087479473505,-11.896957962786662,-2.577875447937436,-12.374571390559115,-51.0,"{""alpha"": 10000.0}",angew-aryl-c-h-amination,family_holdout,ee,2q,14,6k|6o|6c|6g|6m|6l|6j|6h|6e|6i|6d|6b|6a|6q,3,8.034975520805878,6f|6n|6p
8.642202737088425,,,angew-aryl-c-h-amination,stage2_alt_plus_stage2pp,,33,angew-aryl-c-h-amination,ridge_regression,80.0,80.0,,71.35779726291157,67.71068851496422,59.46083930012492,68.77992181497414,58.98322587235246,-8.642202737088425,"{""alpha"": 10000.0}",angew-aryl-c-h-amination,family_holdout,ee,2r,14,6k|6o|6c|6g|6m|6l|6j|6h|6e|6i|6d|6b|6a|6q,3,8.034975520805878,6f|6n|6p
7.353579587452813,,,angew-aryl-c-h-amination,stage2_alt_plus_stage2pp,,33,angew-aryl-c-h-amination,ridge_regression,72.0,72.0,,79.35357958745281,75.70647083950546,67.45662162466616,76.77570413951538,66.9790081968937,7.353579587452813,"{""alpha"": 10000.0}",angew-aryl-c-h-amination,family_holdout,ee,2s,14,6k|6o|6c|6g|6m|6l|6j|6h|6e|6i|6d|6b|6a|6q,3,8.034975520805878,6f|6n|6p
9.0906834838149,,,angew-aryl-c-h-amination,stage2_alt_plus_stage2pp,,33,angew-aryl-c-h-amination,ridge_regression,74.0,74.0,,64.9093165161851,61.26220776823775,53.01235855339844,62.33144106824766,52.53474512562599,-9.0906834838149,"{""alpha"": 10000.0}",angew-aryl-c-h-amination,family_holdout,ee,2t,14,6k|6o|6c|6g|6m|6l|6j|6h|6e|6i|6d|6b|6a|6q,3,8.034975520805878,6f|6n|6p
4.896482968530023,,,angew-aryl-c-h-amination,stage2_alt_plus_stage2pp,,33,angew-aryl-c-h-amination,ridge_regression,84.0,84.0,,79.10351703146998,75.45640828352262,67.20655906868332,76.52564158353255,66.72894564091087,-4.896482968530023,"{""alpha"": 10000.0}",angew-aryl-c-h-amination,family_holdout,ee,2u,14,6k|6o|6c|6g|6m|6l|6j|6h|6e|6i|6d|6b|6a|6q,3,8.034975520805878,6f|6n|6p
7.605799989525437,,,angew-aryl-c-h-amination,stage2_alt_plus_stage2pp,,33,angew-aryl-c-h-amination,ridge_regression,84.0,84.0,,76.39420001047456,72.7470912625272,64.4972420476879,73.81632456253713,64.01962861991545,-7.605799989525437,"{""alpha"": 10000.0}",angew-aryl-c-h-amination,family_holdout,ee,2v,14,6k|6o|6c|6g|6m|6l|6j|6h|6e|6i|6d|6b|6a|6q,3,8.034975520805878,6f|6n|6p
0.9800146861921775,,,angew-aryl-c-h-amination,stage2_alt_plus_stage2pp,,33,angew-aryl-c-h-amination,ridge_regression,81.0,81.0,,81.98001468619218,78.33290593824482,70.08305672340552,79.40213923825475,69.60544329563307,0.9800146861921775,"{""alpha"": 10000.0}",angew-aryl-c-h-amination,family_holdout,ee,2w,14,6k|6o|6c|6g|6m|6l|6j|6h|6e|6i|6d|6b|6a|6q,3,8.034975520805878,6f|6n|6p
21.0,,,angew-aryl-c-h-amination,stage2_alt_plus_stage2pp,,33,angew-aryl-c-h-amination,ridge_regression,79.0,79.0,,100.0,96.35289125205264,88.10304203721334,97.42212455206257,87.62542860944089,21.0,"{""alpha"": 10000.0}",angew-aryl-c-h-amination,family_holdout,ee,2x,14,6k|6o|6c|6g|6m|6l|6j|6h|6e|6i|6d|6b|6a|6q,3,8.034975520805878,6f|6n|6p
10.353055021382275,,,angew-aryl-c-h-amination,stage2_alt_plus_stage2pp,,33,angew-aryl-c-h-amination,ridge_regression,71.0,71.0,,81.35305502138227,77.70594627343492,69.45609705859562,78.77517957344485,68.97848363082316,10.353055021382275,"{""alpha"": 10000.0}",angew-aryl-c-h-amination,family_holdout,ee,2y,14,6k|6o|6c|6g|6m|6l|6j|6h|6e|6i|6d|6b|6a|6q,3,8.034975520805878,6f|6n|6p
0.300126360402885,,,angew-aryl-c-h-amination,stage2_alt_plus_stage2pp,,33,angew-aryl-c-h-amination,ridge_regression,70.0,70.0,,70.30012636040288,66.65301761245553,58.40316839761623,67.72225091246546,57.92555496984377,0.300126360402885,"{""alpha"": 10000.0}",angew-aryl-c-h-amination,family_holdout,ee,2z,14,6k|6o|6c|6g|6m|6l|6j|6h|6e|6i|6d|6b|6a|6q,3,8.034975520805878,6f|6n|6p
7.0,,,angew-aryl-c-h-amination,stage2_alt_plus_stage2pp,,33,angew-aryl-c-h-amination,ridge_regression,7.0,7.0,,0.0,-3.6471087479473505,-11.896957962786662,-2.577875447937436,-12.374571390559115,-7.0,"{""alpha"": 10000.0}",angew-aryl-c-h-amination,family_holdout,ee,4a,14,6k|6o|6c|6g|6m|6l|6j|6h|6e|6i|6d|6b|6a|6q,3,8.034975520805878,6f|6n|6p
8.0,,,angew-aryl-c-h-amination,stage2_alt_plus_stage2pp,,33,angew-aryl-c-h-amination,ridge_regression,8.0,8.0,,0.0,-3.6471087479473505,-11.896957962786662,-2.577875447937436,-12.374571390559115,-8.0,"{""alpha"": 10000.0}",angew-aryl-c-h-amination,family_holdout,ee,4b,14,6k|6o|6c|6g|6m|6l|6j|6h|6e|6i|6d|6b|6a|6q,3,8.034975520805878,6f|6n|6p
13.661575575329053,,,angew-aryl-c-h-amination,stage2_alt_plus_stage2pp,,33,angew-aryl-c-h-amination,ridge_regression,50.0,50.0,,63.66157557532905,60.0144668273817,51.764617612542395,61.083700127391616,51.28700418476994,13.661575575329053,"{""alpha"": 10000.0}",angew-aryl-c-h-amination,family_holdout,ee,4c,14,6k|6o|6c|6g|6m|6l|6j|6h|6e|6i|6d|6b|6a|6q,3,8.034975520805878,6f|6n|6p
50.84567951143474,,,angew-aryl-c-h-amination,stage2_alt_plus_stage2pp,,33,angew-aryl-c-h-amination,ridge_regression,22.0,22.0,,72.84567951143474,69.19857076348738,60.94872154864808,70.26780406349731,60.47110812087563,50.84567951143474,"{""alpha"": 10000.0}",angew-aryl-c-h-amination,family_holdout,ee,4d,14,6k|6o|6c|6g|6m|6l|6j|6h|6e|6i|6d|6b|6a|6q,3,8.034975520805878,6f|6n|6p
17.346440441882606,,,angew-aryl-c-h-amination,stage2_alt_plus_stage2pp,,33,angew-aryl-c-h-amination,ridge_regression,56.0,56.0,,73.3464404418826,69.69933169393525,61.44948247909595,70.76856499394518,60.971869051323495,17.346440441882606,"{""alpha"": 10000.0}",angew-aryl-c-h-amination,family_holdout,ee,4e,14,6k|6o|6c|6g|6m|6l|6j|6h|6e|6i|6d|6b|6a|6q,3,8.034975520805878,6f|6n|6p
32.14285714285714,,,angew-aryl-c-h-amination,stage2_alt_plus_stage2pp,,33,angew-aryl-c-h-amination,elastic_net,45.0,45.0,,77.14285714285714,74.28571428571428,66.28571428571428,75.03571428571428,65.53571428571428,32.14285714285714,"{""alpha"": 100.0, ""l1_ratio"": 0.2}",angew-aryl-c-h-amination,family_holdout,ee,2aa,14,6k|6o|6c|6g|6m|6l|6j|6h|6e|6i|6d|6b|6a|6q,3,6.857142857142861,6f|6n|6p
38.14285714285714,,,angew-aryl-c-h-amination,stage2_alt_plus_stage2pp,,33,angew-aryl-c-h-amination,elastic_net,39.0,39.0,,77.14285714285714,74.28571428571428,66.28571428571428,75.03571428571428,65.53571428571428,38.14285714285714,"{""alpha"": 100.0, ""l1_ratio"": 0.2}",angew-aryl-c-h-amination,family_holdout,ee,2ab,14,6k|6o|6c|6g|6m|6l|6j|6h|6e|6i|6d|6b|6a|6q,3,6.857142857142861,6f|6n|6p
27.14285714285714,,,angew-aryl-c-h-amination,stage2_alt_plus_stage2pp,,33,angew-aryl-c-h-amination,elastic_net,50.0,50.0,,77.14285714285714,74.28571428571428,66.28571428571428,75.03571428571428,65.53571428571428,27.14285714285714,"{""alpha"": 100.0, ""l1_ratio"": 0.2}",angew-aryl-c-h-amination,family_holdout,ee,2ac,14,6k|6o|6c|6g|6m|6l|6j|6h|6e|6i|6d|6b|6a|6q,3,6.857142857142861,6f|6n|6p
10.857142857142861,,,angew-aryl-c-h-amination,stage2_alt_plus_stage2pp,,33,angew-aryl-c-h-amination,elastic_net,88.0,88.0,,77.14285714285714,74.28571428571428,66.28571428571428,75.03571428571428,65.53571428571428,-10.857142857142861,"{""alpha"": 100.0, ""l1_ratio"": 0.2}",angew-aryl-c-h-amination,family_holdout,ee,2b,14,6k|6o|6c|6g|6m|6l|6j|6h|6e|6i|6d|6b|6a|6q,3,6.857142857142861,6f|6n|6p
1.8571428571428612,,,angew-aryl-c-h-amination,stage2_alt_plus_stage2pp,,33,angew-aryl-c-h-amination,elastic_net,79.0,79.0,,77.14285714285714,74.28571428571428,66.28571428571428,75.03571428571428,65.53571428571428,-1.8571428571428612,"{""alpha"": 100.0, ""l1_ratio"": 0.2}",angew-aryl-c-h-amination,family_holdout,ee,2c,14,6k|6o|6c|6g|6m|6l|6j|6h|6e|6i|6d|6b|6a|6q,3,6.857142857142861,6f|6n|6p
8.857142857142861,,,angew-aryl-c-h-amination,stage2_alt_plus_stage2pp,,33,angew-aryl-c-h-amination,elastic_net,86.0,86.0,,77.14285714285714,74.28571428571428,66.28571428571428,75.03571428571428,65.53571428571428,-8.857142857142861,"{""alpha"": 100.0, ""l1_ratio"": 0.2}",angew-aryl-c-h-amination,family_holdout,ee,2d,14,6k|6o|6c|6g|6m|6l|6j|6h|6e|6i|6d|6b|6a|6q,3,6.857142857142861,6f|6n|6p
4.857142857142861,,,angew-aryl-c-h-amination,stage2_alt_plus_stage2pp,,33,angew-aryl-c-h-amination,elastic_net,82.0,82.0,,77.14285714285714,74.28571428571428,66.28571428571428,75.03571428571428,65.53571428571428,-4.857142857142861,"{""alpha"": 100.0, ""l1_ratio"": 0.2}",angew-aryl-c-h-amination,family_holdout,ee,2e,14,6k|6o|6c|6g|6m|6l|6j|6h|6e|6i|6d|6b|6a|6q,3,6.857142857142861,6f|6n|6p
6.857142857142861,,,angew-aryl-c-h-amination,stage2_alt_plus_stage2pp,,33,angew-aryl-c-h-amination,elastic_net,84.0,84.0,,77.14285714285714,74.28571428571428,66.28571428571428,75.03571428571428,65.53571428571428,-6.857142857142861,"{""alpha"": 100.0, ""l1_ratio"": 0.2}",angew-aryl-c-h-amination,family_holdout,ee,2f,14,6k|6o|6c|6g|6m|6l|6j|6h|6e|6i|6d|6b|6a|6q,3,6.857142857142861,6f|6n|6p
8.857142857142861,,,angew-aryl-c-h-amination,stage2_alt_plus_stage2pp,,33,angew-aryl-c-h-amination,elastic_net,86.0,86.0,,77.14285714285714,74.28571428571428,66.28571428571428,75.03571428571428,65.53571428571428,-8.857142857142861,"{""alpha"": 100.0, ""l1_ratio"": 0.2}",angew-aryl-c-h-amination,family_holdout,ee,2g,14,6k|6o|6c|6g|6m|6l|6j|6h|6e|6i|6d|6b|6a|6q,3,6.857142857142861,6f|6n|6p
12.857142857142861,,,angew-aryl-c-h-amination,stage2_alt_plus_stage2pp,,33,angew-aryl-c-h-amination,elastic_net,90.0,90.0,,77.14285714285714,74.28571428571428,66.28571428571428,75.03571428571428,65.53571428571428,-12.857142857142861,"{""alpha"": 100.0, ""l1_ratio"": 0.2}",angew-aryl-c-h-amination,family_holdout,ee,2h,14,6k|6o|6c|6g|6m|6l|6j|6h|6e|6i|6d|6b|6a|6q,3,6.857142857142861,6f|6n|6p
4.142857142857139,,,angew-aryl-c-h-amination,stage2_alt_plus_stage2pp,,33,angew-aryl-c-h-amination,elastic_net,73.0,73.0,,77.14285714285714,74.28571428571428,66.28571428571428,75.03571428571428,65.53571428571428,4.142857142857139,"{""alpha"": 100.0, ""l1_ratio"": 0.2}",angew-aryl-c-h-amination,family_holdout,ee,2i,14,6k|6o|6c|6g|6m|6l|6j|6h|6e|6i|6d|6b|6a|6q,3,6.857142857142861,6f|6n|6p
1.8571428571428612,,,angew-aryl-c-h-amination,stage2_alt_plus_stage2pp,,33,angew-aryl-c-h-amination,elastic_net,79.0,79.0,,77.14285714285714,74.28571428571428,66.28571428571428,75.03571428571428,65.53571428571428,-1.8571428571428612,"{""alpha"": 100.0, ""l1_ratio"": 0.2}",angew-aryl-c-h-amination,family_holdout,ee,2j,14,6k|6o|6c|6g|6m|6l|6j|6h|6e|6i|6d|6b|6a|6q,3,6.857142857142861,6f|6n|6p
12.857142857142861,,,angew-aryl-c-h-amination,stage2_alt_plus_stage2pp,,33,angew-aryl-c-h-amination,elastic_net,90.0,90.0,,77.14285714285714,74.28571428571428,66.28571428571428,75.03571428571428,65.53571428571428,-12.857142857142861,"{""alpha"": 100.0, ""l1_ratio"": 0.2}",angew-aryl-c-h-amination,family_holdout,ee,2k,14,6k|6o|6c|6g|6m|6l|6j|6h|6e|6i|6d|6b|6a|6q,3,6.857142857142861,6f|6n|6p
0.8571428571428612,,,angew-aryl-c-h-amination,stage2_alt_plus_stage2pp,,33,angew-aryl-c-h-amination,elastic_net,78.0,78.0,,77.14285714285714,74.28571428571428,66.28571428571428,75.03571428571428,65.53571428571428,-0.8571428571428612,"{""alpha"": 100.0, ""l1_ratio"": 0.2}",angew-aryl-c-h-amination,family_holdout,ee,2l,14,6k|6o|6c|6g|6m|6l|6j|6h|6e|6i|6d|6b|6a|6q,3,6.857142857142861,6f|6n|6p
9.857142857142861,,,angew-aryl-c-h-amination,stage2_alt_plus_stage2pp,,33,angew-aryl-c-h-amination,elastic_net,87.0,87.0,,77.14285714285714,74.28571428571428,66.28571428571428,75.03571428571428,65.53571428571428,-9.857142857142861,"{""alpha"": 100.0, ""l1_ratio"": 0.2}",angew-aryl-c-h-amination,family_holdout,ee,2m,14,6k|6o|6c|6g|6m|6l|6j|6h|6e|6i|6d|6b|6a|6q,3,6.857142857142861,6f|6n|6p
17.14285714285714,,,angew-aryl-c-h-amination,stage2_alt_plus_stage2pp,,33,angew-aryl-c-h-amination,elastic_net,60.0,60.0,,77.14285714285714,74.28571428571428,66.28571428571428,75.03571428571428,65.53571428571428,17.14285714285714,"{""alpha"": 100.0, ""l1_ratio"": 0.2}",angew-aryl-c-h-amination,family_holdout,ee,2n,14,6k|6o|6c|6g|6m|6l|6j|6h|6e|6i|6d|6b|6a|6q,3,6.857142857142861,6f|6n|6p
21.14285714285714,,,angew-aryl-c-h-amination,stage2_alt_plus_stage2pp,,33,angew-aryl-c-h-amination,elastic_net,56.0,56.0,,77.14285714285714,74.28571428571428,66.28571428571428,75.03571428571428,65.53571428571428,21.14285714285714,"{""alpha"": 100.0, ""l1_ratio"": 0.2}",angew-aryl-c-h-amination,family_holdout,ee,2o,14,6k|6o|6c|6g|6m|6l|6j|6h|6e|6i|6d|6b|6a|6q,3,6.857142857142861,6f|6n|6p
6.142857142857139,,,angew-aryl-c-h-amination,stage2_alt_plus_stage2pp,,33,angew-aryl-c-h-amination,elastic_net,71.0,71.0,,77.14285714285714,74.28571428571428,66.28571428571428,75.03571428571428,65.53571428571428,6.142857142857139,"{""alpha"": 100.0, ""l1_ratio"": 0.2}",angew-aryl-c-h-amination,family_holdout,ee,2p,14,6k|6o|6c|6g|6m|6l|6j|6h|6e|6i|6d|6b|6a|6q,3,6.857142857142861,6f|6n|6p
26.14285714285714,,,angew-aryl-c-h-amination,stage2_alt_plus_stage2pp,,33,angew-aryl-c-h-amination,elastic_net,51.0,51.0,,77.14285714285714,74.28571428571428,66.28571428571428,75.03571428571428,65.53571428571428,26.14285714285714,"{""alpha"": 100.0, ""l1_ratio"": 0.2}",angew-aryl-c-h-amination,family_holdout,ee,2q,14,6k|6o|6c|6g|6m|6l|6j|6h|6e|6i|6d|6b|6a|6q,3,6.857142857142861,6f|6n|6p
2.857142857142861,,,angew-aryl-c-h-amination,stage2_alt_plus_stage2pp,,33,angew-aryl-c-h-amination,elastic_net,80.0,80.0,,77.14285714285714,74.28571428571428,66.28571428571428,75.03571428571428,65.53571428571428,-2.857142857142861,"{""alpha"": 100.0, ""l1_ratio"": 0.2}",angew-aryl-c-h-amination,family_holdout,ee,2r,14,6k|6o|6c|6g|6m|6l|6j|6h|6e|6i|6d|6b|6a|6q,3,6.857142857142861,6f|6n|6p
5.142857142857139,,,angew-aryl-c-h-amination,stage2_alt_plus_stage2pp,,33,angew-aryl-c-h-amination,elastic_net,72.0,72.0,,77.14285714285714,74.28571428571428,66.28571428571428,75.03571428571428,65.53571428571428,5.142857142857139,"{""alpha"": 100.0, ""l1_ratio"": 0.2}",angew-aryl-c-h-amination,family_holdout,ee,2s,14,6k|6o|6c|6g|6m|6l|6j|6h|6e|6i|6d|6b|6a|6q,3,6.857142857142861,6f|6n|6p
3.142857142857139,,,angew-aryl-c-h-amination,stage2_alt_plus_stage2pp,,33,angew-aryl-c-h-amination,elastic_net,74.0,74.0,,77.14285714285714,74.28571428571428,66.28571428571428,75.03571428571428,65.53571428571428,3.142857142857139,"{""alpha"": 100.0, ""l1_ratio"": 0.2}",angew-aryl-c-h-amination,family_holdout,ee,2t,14,6k|6o|6c|6g|6m|6l|6j|6h|6e|6i|6d|6b|6a|6q,3,6.857142857142861,6f|6n|6p
6.857142857142861,,,angew-aryl-c-h-amination,stage2_alt_plus_stage2pp,,33,angew-aryl-c-h-amination,elastic_net,84.0,84.0,,77.14285714285714,74.28571428571428,66.28571428571428,75.03571428571428,65.53571428571428,-6.857142857142861,"{""alpha"": 100.0, ""l1_ratio"": 0.2}",angew-aryl-c-h-amination,family_holdout,ee,2u,14,6k|6o|6c|6g|6m|6l|6j|6h|6e|6i|6d|6b|6a|6q,3,6.857142857142861,6f|6n|6p
6.857142857142861,,,angew-aryl-c-h-amination,stage2_alt_plus_stage2pp,,33,angew-aryl-c-h-amination,elastic_net,84.0,84.0,,77.14285714285714,74.28571428571428,66.28571428571428,75.03571428571428,65.53571428571428,-6.857142857142861,"{""alpha"": 100.0, ""l1_ratio"": 0.2}",angew-aryl-c-h-amination,family_holdout,ee,2v,14,6k|6o|6c|6g|6m|6l|6j|6h|6e|6i|6d|6b|6a|6q,3,6.857142857142861,6f|6n|6p
3.857142857142861,,,angew-aryl-c-h-amination,stage2_alt_plus_stage2pp,,33,angew-aryl-c-h-amination,elastic_net,81.0,81.0,,77.14285714285714,74.28571428571428,66.28571428571428,75.03571428571428,65.53571428571428,-3.857142857142861,"{""alpha"": 100.0, ""l1_ratio"": 0.2}",angew-aryl-c-h-amination,family_holdout,ee,2w,14,6k|6o|6c|6g|6m|6l|6j|6h|6e|6i|6d|6b|6a|6q,3,6.857142857142861,6f|6n|6p
1.8571428571428612,,,angew-aryl-c-h-amination,stage2_alt_plus_stage2pp,,33,angew-aryl-c-h-amination,elastic_net,79.0,79.0,,77.14285714285714,74.28571428571428,66.28571428571428,75.03571428571428,65.53571428571428,-1.8571428571428612,"{""alpha"": 100.0, ""l1_ratio"": 0.2}",angew-aryl-c-h-amination,family_holdout,ee,2x,14,6k|6o|6c|6g|6m|6l|6j|6h|6e|6i|6d|6b|6a|6q,3,6.857142857142861,6f|6n|6p
6.142857142857139,,,angew-aryl-c-h-amination,stage2_alt_plus_stage2pp,,33,angew-aryl-c-h-amination,elastic_net,71.0,71.0,,77.14285714285714,74.28571428571428,66.28571428571428,75.03571428571428,65.53571428571428,6.142857142857139,"{""alpha"": 100.0, ""l1_ratio"": 0.2}",angew-aryl-c-h-amination,family_holdout,ee,2y,14,6k|6o|6c|6g|6m|6l|6j|6h|6e|6i|6d|6b|6a|6q,3,6.857142857142861,6f|6n|6p
7.142857142857139,,,angew-aryl-c-h-amination,stage2_alt_plus_stage2pp,,33,angew-aryl-c-h-amination,elastic_net,70.0,70.0,,77.14285714285714,74.28571428571428,66.28571428571428,75.03571428571428,65.53571428571428,7.142857142857139,"{""alpha"": 100.0, ""l1_ratio"": 0.2}",angew-aryl-c-h-amination,family_holdout,ee,2z,14,6k|6o|6c|6g|6m|6l|6j|6h|6e|6i|6d|6b|6a|6q,3,6.857142857142861,6f|6n|6p
70.14285714285714,,,angew-aryl-c-h-amination,stage2_alt_plus_stage2pp,,33,angew-aryl-c-h-amination,elastic_net,7.0,7.0,,77.14285714285714,74.28571428571428,66.28571428571428,75.03571428571428,65.53571428571428,70.14285714285714,"{""alpha"": 100.0, ""l1_ratio"": 0.2}",angew-aryl-c-h-amination,family_holdout,ee,4a,14,6k|6o|6c|6g|6m|6l|6j|6h|6e|6i|6d|6b|6a|6q,3,6.857142857142861,6f|6n|6p
69.14285714285714,,,angew-aryl-c-h-amination,stage2_alt_plus_stage2pp,,33,angew-aryl-c-h-amination,elastic_net,8.0,8.0,,77.14285714285714,74.28571428571428,66.28571428571428,75.03571428571428,65.53571428571428,69.14285714285714,"{""alpha"": 100.0, ""l1_ratio"": 0.2}",angew-aryl-c-h-amination,family_holdout,ee,4b,14,6k|6o|6c|6g|6m|6l|6j|6h|6e|6i|6d|6b|6a|6q,3,6.857142857142861,6f|6n|6p
27.14285714285714,,,angew-aryl-c-h-amination,stage2_alt_plus_stage2pp,,33,angew-aryl-c-h-amination,elastic_net,50.0,50.0,,77.14285714285714,74.28571428571428,66.28571428571428,75.03571428571428,65.53571428571428,27.14285714285714,"{""alpha"": 100.0, ""l1_ratio"": 0.2}",angew-aryl-c-h-amination,family_holdout,ee,4c,14,6k|6o|6c|6g|6m|6l|6j|6h|6e|6i|6d|6b|6a|6q,3,6.857142857142861,6f|6n|6p
55.14285714285714,,,angew-aryl-c-h-amination,stage2_alt_plus_stage2pp,,33,angew-aryl-c-h-amination,elastic_net,22.0,22.0,,77.14285714285714,74.28571428571428,66.28571428571428,75.03571428571428,65.53571428571428,55.14285714285714,"{""alpha"": 100.0, ""l1_ratio"": 0.2}",angew-aryl-c-h-amination,family_holdout,ee,4d,14,6k|6o|6c|6g|6m|6l|6j|6h|6e|6i|6d|6b|6a|6q,3,6.857142857142861,6f|6n|6p
21.14285714285714,,,angew-aryl-c-h-amination,stage2_alt_plus_stage2pp,,33,angew-aryl-c-h-amination,elastic_net,56.0,56.0,,77.14285714285714,74.28571428571428,66.28571428571428,75.03571428571428,65.53571428571428,21.14285714285714,"{""alpha"": 100.0, ""l1_ratio"": 0.2}",angew-aryl-c-h-amination,family_holdout,ee,4e,14,6k|6o|6c|6g|6m|6l|6j|6h|6e|6i|6d|6b|6a|6q,3,6.857142857142861,6f|6n|6p
34.94716960201663,,,angew-aryl-c-h-amination,stage2_alt_plus_stage2pp,,33,angew-aryl-c-h-amination,lightgbm,45.0,45.0,,79.94716960201663,79.15651615724909,58.754242395897194,80.77977829867946,56.55207820707409,34.94716960201663,"{""learning_rate"": 0.03, ""n_estimators"": 25, ""num_leaves"": 3}",angew-aryl-c-h-amination,family_holdout,ee,2aa,14,6k|6o|6c|6g|6m|6l|6j|6h|6e|6i|6d|6b|6a|6q,3,11.65029791136203,6f|6n|6p
20.87085387544976,,,angew-aryl-c-h-amination,stage2_alt_plus_stage2pp,,33,angew-aryl-c-h-amination,lightgbm,39.0,39.0,,59.87085387544976,59.08020043068222,38.677926669330326,60.70346257211259,36.47576248050722,20.87085387544976,"{""learning_rate"": 0.03, ""n_estimators"": 25, ""num_leaves"": 3}",angew-aryl-c-h-amination,family_holdout,ee,2ab,14,6k|6o|6c|6g|6m|6l|6j|6h|6e|6i|6d|6b|6a|6q,3,11.65029791136203,6f|6n|6p
30.19582049217965,,,angew-aryl-c-h-amination,stage2_alt_plus_stage2pp,,33,angew-aryl-c-h-amination,lightgbm,50.0,50.0,,80.19582049217965,79.4051670474121,59.002893286060214,81.02842918884248,56.80072909723711,30.19582049217965,"{""learning_rate"": 0.03, ""n_estimators"": 25, ""num_leaves"": 3}",angew-aryl-c-h-amination,family_holdout,ee,2ac,14,6k|6o|6c|6g|6m|6l|6j|6h|6e|6i|6d|6b|6a|6q,3,11.65029791136203,6f|6n|6p
28.12914612455024,,,angew-aryl-c-h-amination,stage2_alt_plus_stage2pp,,33,angew-aryl-c-h-amination,lightgbm,88.0,88.0,,59.87085387544976,59.08020043068222,38.677926669330326,60.70346257211259,36.47576248050722,-28.12914612455024,"{""learning_rate"": 0.03, ""n_estimators"": 25, ""num_leaves"": 3}",angew-aryl-c-h-amination,family_holdout,ee,2b,14,6k|6o|6c|6g|6m|6l|6j|6h|6e|6i|6d|6b|6a|6q,3,11.65029791136203,6f|6n|6p
19.12914612455024,,,angew-aryl-c-h-amination,stage2_alt_plus_stage2pp,,33,angew-aryl-c-h-amination,lightgbm,79.0,79.0,,59.87085387544976,59.08020043068222,38.677926669330326,60.70346257211259,36.47576248050722,-19.12914612455024,"{""learning_rate"": 0.03, ""n_estimators"": 25, ""num_leaves"": 3}",angew-aryl-c-h-amination,family_holdout,ee,2c,14,6k|6o|6c|6g|6m|6l|6j|6h|6e|6i|6d|6b|6a|6q,3,11.65029791136203,6f|6n|6p
5.747021254985086,,,angew-aryl-c-h-amination,stage2_alt_plus_stage2pp,,33,angew-aryl-c-h-amination,lightgbm,86.0,86.0,,80.25297874501491,79.46232530024737,59.06005153889548,81.08558744167775,56.857887350072374,-5.747021254985086,"{""learning_rate"": 0.03, ""n_estimators"": 25, ""num_leaves"": 3}",angew-aryl-c-h-amination,family_holdout,ee,2d,14,6k|6o|6c|6g|6m|6l|6j|6h|6e|6i|6d|6b|6a|6q,3,11.65029791136203,6f|6n|6p
22.12914612455024,,,angew-aryl-c-h-amination,stage2_alt_plus_stage2pp,,33,angew-aryl-c-h-amination,lightgbm,82.0,82.0,,59.87085387544976,59.08020043068222,38.677926669330326,60.70346257211259,36.47576248050722,-22.12914612455024,"{""learning_rate"": 0.03, ""n_estimators"": 25, ""num_leaves"": 3}",angew-aryl-c-h-amination,family_holdout,ee,2e,14,6k|6o|6c|6g|6m|6l|6j|6h|6e|6i|6d|6b|6a|6q,3,11.65029791136203,6f|6n|6p
24.12914612455024,,,angew-aryl-c-h-amination,stage2_alt_plus_stage2pp,,33,angew-aryl-c-h-amination,lightgbm,84.0,84.0,,59.87085387544976,59.08020043068222,38.677926669330326,60.70346257211259,36.47576248050722,-24.12914612455024,"{""learning_rate"": 0.03, ""n_estimators"": 25, ""num_leaves"": 3}",angew-aryl-c-h-amination,family_holdout,ee,2f,14,6k|6o|6c|6g|6m|6l|6j|6h|6e|6i|6d|6b|6a|6q,3,11.65029791136203,6f|6n|6p
26.12914612455024,,,angew-aryl-c-h-amination,stage2_alt_plus_stage2pp,,33,angew-aryl-c-h-amination,lightgbm,86.0,86.0,,59.87085387544976,59.08020043068222,38.677926669330326,60.70346257211259,36.47576248050722,-26.12914612455024,"{""learning_rate"": 0.03, ""n_estimators"": 25, ""num_leaves"": 3}",angew-aryl-c-h-amination,family_holdout,ee,2g,14,6k|6o|6c|6g|6m|6l|6j|6h|6e|6i|6d|6b|6a|6q,3,11.65029791136203,6f|6n|6p
30.12914612455024,,,angew-aryl-c-h-amination,stage2_alt_plus_stage2pp,,33,angew-aryl-c-h-amination,lightgbm,90.0,90.0,,59.87085387544976,59.08020043068222,38.677926669330326,60.70346257211259,36.47576248050722,-30.12914612455024,"{""learning_rate"": 0.03, ""n_estimators"": 25, ""num_leaves"": 3}",angew-aryl-c-h-amination,family_holdout,ee,2h,14,6k|6o|6c|6g|6m|6l|6j|6h|6e|6i|6d|6b|6a|6q,3,11.65029791136203,6f|6n|6p
13.129146124550239,,,angew-aryl-c-h-amination,stage2_alt_plus_stage2pp,,33,angew-aryl-c-h-amination,lightgbm,73.0,73.0,,59.87085387544976,59.08020043068222,38.677926669330326,60.70346257211259,36.47576248050722,-13.129146124550239,"{""learning_rate"": 0.03, ""n_estimators"": 25, ""num_leaves"": 3}",angew-aryl-c-h-amination,family_holdout,ee,2i,14,6k|6o|6c|6g|6m|6l|6j|6h|6e|6i|6d|6b|6a|6q,3,11.65029791136203,6f|6n|6p
1.0596758487536988,,,angew-aryl-c-h-amination,stage2_alt_plus_stage2pp,,33,angew-aryl-c-h-amination,lightgbm,79.0,79.0,,80.0596758487537,79.26902240398616,58.86674864263426,80.89228454541653,56.66458445381116,1.0596758487536988,"{""learning_rate"": 0.03, ""n_estimators"": 25, ""num_leaves"": 3}",angew-aryl-c-h-amination,family_holdout,ee,2j,14,6k|6o|6c|6g|6m|6l|6j|6h|6e|6i|6d|6b|6a|6q,3,11.65029791136203,6f|6n|6p
30.12914612455024,,,angew-aryl-c-h-amination,stage2_alt_plus_stage2pp,,33,angew-aryl-c-h-amination,lightgbm,90.0,90.0,,59.87085387544976,59.08020043068222,38.677926669330326,60.70346257211259,36.47576248050722,-30.12914612455024,"{""learning_rate"": 0.03, ""n_estimators"": 25, ""num_leaves"": 3}",angew-aryl-c-h-amination,family_holdout,ee,2k,14,6k|6o|6c|6g|6m|6l|6j|6h|6e|6i|6d|6b|6a|6q,3,11.65029791136203,6f|6n|6p
18.12914612455024,,,angew-aryl-c-h-amination,stage2_alt_plus_stage2pp,,33,angew-aryl-c-h-amination,lightgbm,78.0,78.0,,59.87085387544976,59.08020043068222,38.677926669330326,60.70346257211259,36.47576248050722,-18.12914612455024,"{""learning_rate"": 0.03, ""n_estimators"": 25, ""num_leaves"": 3}",angew-aryl-c-h-amination,family_holdout,ee,2l,14,6k|6o|6c|6g|6m|6l|6j|6h|6e|6i|6d|6b|6a|6q,3,11.65029791136203,6f|6n|6p
27.12914612455024,,,angew-aryl-c-h-amination,stage2_alt_plus_stage2pp,,33,angew-aryl-c-h-amination,lightgbm,87.0,87.0,,59.87085387544976,59.08020043068222,38.677926669330326,60.70346257211259,36.47576248050722,-27.12914612455024,"{""learning_rate"": 0.03, ""n_estimators"": 25, ""num_leaves"": 3}",angew-aryl-c-h-amination,family_holdout,ee,2m,14,6k|6o|6c|6g|6m|6l|6j|6h|6e|6i|6d|6b|6a|6q,3,11.65029791136203,6f|6n|6p
0.129146124550239,,,angew-aryl-c-h-amination,stage2_alt_plus_stage2pp,,33,angew-aryl-c-h-amination,lightgbm,60.0,60.0,,59.87085387544976,59.08020043068222,38.677926669330326,60.70346257211259,36.47576248050722,-0.129146124550239,"{""learning_rate"": 0.03, ""n_estimators"": 25, ""num_leaves"": 3}",angew-aryl-c-h-amination,family_holdout,ee,2n,14,6k|6o|6c|6g|6m|6l|6j|6h|6e|6i|6d|6b|6a|6q,3,11.65029791136203,6f|6n|6p
24.0596758487537,,,angew-aryl-c-h-amination,stage2_alt_plus_stage2pp,,33,angew-aryl-c-h-amination,lightgbm,56.0,56.0,,80.0596758487537,79.26902240398616,58.86674864263426,80.89228454541653,56.66458445381116,24.0596758487537,"{""learning_rate"": 0.03, ""n_estimators"": 25, ""num_leaves"": 3}",angew-aryl-c-h-amination,family_holdout,ee,2o,14,6k|6o|6c|6g|6m|6l|6j|6h|6e|6i|6d|6b|6a|6q,3,11.65029791136203,6f|6n|6p
11.129146124550239,,,angew-aryl-c-h-amination,stage2_alt_plus_stage2pp,,33,angew-aryl-c-h-amination,lightgbm,71.0,71.0,,59.87085387544976,59.08020043068222,38.677926669330326,60.70346257211259,36.47576248050722,-11.129146124550239,"{""learning_rate"": 0.03, ""n_estimators"": 25, ""num_leaves"": 3}",angew-aryl-c-h-amination,family_holdout,ee,2p,14,6k|6o|6c|6g|6m|6l|6j|6h|6e|6i|6d|6b|6a|6q,3,11.65029791136203,6f|6n|6p
8.870853875449761,,,angew-aryl-c-h-amination,stage2_alt_plus_stage2pp,,33,angew-aryl-c-h-amination,lightgbm,51.0,51.0,,59.87085387544976,59.08020043068222,38.677926669330326,60.70346257211259,36.47576248050722,8.870853875449761,"{""learning_rate"": 0.03, ""n_estimators"": 25, ""num_leaves"": 3}",angew-aryl-c-h-amination,family_holdout,ee,2q,14,6k|6o|6c|6g|6m|6l|6j|6h|6e|6i|6d|6b|6a|6q,3,11.65029791136203,6f|6n|6p
0.2611898304025573,,,angew-aryl-c-h-amination,stage2_alt_plus_stage2pp,,33,angew-aryl-c-h-amination,lightgbm,80.0,80.0,,80.26118983040256,79.47053638563501,59.06826262428312,81.09379852706539,56.86609843546002,0.2611898304025573,"{""learning_rate"": 0.03, ""n_estimators"": 25, ""num_leaves"": 3}",angew-aryl-c-h-amination,family_holdout,ee,2r,14,6k|6o|6c|6g|6m|6l|6j|6h|6e|6i|6d|6b|6a|6q,3,11.65029791136203,6f|6n|6p
8.002113339415658,,,angew-aryl-c-h-amination,stage2_alt_plus_stage2pp,,33,angew-aryl-c-h-amination,lightgbm,72.0,72.0,,80.00211333941566,79.21145989464812,58.80918613329622,80.83472203607849,56.60702194447312,8.002113339415658,"{""learning_rate"": 0.03, ""n_estimators"": 25, ""num_leaves"": 3}",angew-aryl-c-h-amination,family_holdout,ee,2s,14,6k|6o|6c|6g|6m|6l|6j|6h|6e|6i|6d|6b|6a|6q,3,11.65029791136203,6f|6n|6p
5.947169602016629,,,angew-aryl-c-h-amination,stage2_alt_plus_stage2pp,,33,angew-aryl-c-h-amination,lightgbm,74.0,74.0,,79.94716960201663,79.15651615724909,58.754242395897194,80.77977829867946,56.55207820707409,5.947169602016629,"{""learning_rate"": 0.03, ""n_estimators"": 25, ""num_leaves"": 3}",angew-aryl-c-h-amination,family_holdout,ee,2t,14,6k|6o|6c|6g|6m|6l|6j|6h|6e|6i|6d|6b|6a|6q,3,11.65029791136203,6f|6n|6p
24.12914612455024,,,angew-aryl-c-h-amination,stage2_alt_plus_stage2pp,,33,angew-aryl-c-h-amination,lightgbm,84.0,84.0,,59.87085387544976,59.08020043068222,38.677926669330326,60.70346257211259,36.47576248050722,-24.12914612455024,"{""learning_rate"": 0.03, ""n_estimators"": 25, ""num_leaves"": 3}",angew-aryl-c-h-amination,family_holdout,ee,2u,14,6k|6o|6c|6g|6m|6l|6j|6h|6e|6i|6d|6b|6a|6q,3,11.65029791136203,6f|6n|6p
3.4901592794344225,,,angew-aryl-c-h-amination,stage2_alt_plus_stage2pp,,33,angew-aryl-c-h-amination,lightgbm,84.0,84.0,,80.50984072056558,79.71918727579803,59.31691351444614,81.34244941722841,57.11474932562304,-3.4901592794344225,"{""learning_rate"": 0.03, ""n_estimators"": 25, ""num_leaves"": 3}",angew-aryl-c-h-amination,family_holdout,ee,2v,14,6k|6o|6c|6g|6m|6l|6j|6h|6e|6i|6d|6b|6a|6q,3,11.65029791136203,6f|6n|6p
21.12914612455024,,,angew-aryl-c-h-amination,stage2_alt_plus_stage2pp,,33,angew-aryl-c-h-amination,lightgbm,81.0,81.0,,59.87085387544976,59.08020043068222,38.677926669330326,60.70346257211259,36.47576248050722,-21.12914612455024,"{""learning_rate"": 0.03, ""n_estimators"": 25, ""num_leaves"": 3}",angew-aryl-c-h-amination,family_holdout,ee,2w,14,6k|6o|6c|6g|6m|6l|6j|6h|6e|6i|6d|6b|6a|6q,3,11.65029791136203,6f|6n|6p
19.12914612455024,,,angew-aryl-c-h-amination,stage2_alt_plus_stage2pp,,33,angew-aryl-c-h-amination,lightgbm,79.0,79.0,,59.87085387544976,59.08020043068222,38.677926669330326,60.70346257211259,36.47576248050722,-19.12914612455024,"{""learning_rate"": 0.03, ""n_estimators"": 25, ""num_leaves"": 3}",angew-aryl-c-h-amination,family_holdout,ee,2x,14,6k|6o|6c|6g|6m|6l|6j|6h|6e|6i|6d|6b|6a|6q,3,11.65029791136203,6f|6n|6p
11.129146124550239,,,angew-aryl-c-h-amination,stage2_alt_plus_stage2pp,,33,angew-aryl-c-h-amination,lightgbm,71.0,71.0,,59.87085387544976,59.08020043068222,38.677926669330326,60.70346257211259,36.47576248050722,-11.129146124550239,"{""learning_rate"": 0.03, ""n_estimators"": 25, ""num_leaves"": 3}",angew-aryl-c-h-amination,family_holdout,ee,2y,14,6k|6o|6c|6g|6m|6l|6j|6h|6e|6i|6d|6b|6a|6q,3,11.65029791136203,6f|6n|6p
10.373696077139627,,,angew-aryl-c-h-amination,stage2_alt_plus_stage2pp,,33,angew-aryl-c-h-amination,lightgbm,70.0,70.0,,80.37369607713963,79.58304263237208,59.18076887102019,81.20630477380246,56.97860468219709,10.373696077139627,"{""learning_rate"": 0.03, ""n_estimators"": 25, ""num_leaves"": 3}",angew-aryl-c-h-amination,family_holdout,ee,2z,14,6k|6o|6c|6g|6m|6l|6j|6h|6e|6i|6d|6b|6a|6q,3,11.65029791136203,6f|6n|6p
52.87085387544976,,,angew-aryl-c-h-amination,stage2_alt_plus_stage2pp,,33,angew-aryl-c-h-amination,lightgbm,7.0,7.0,,59.87085387544976,59.08020043068222,38.677926669330326,60.70346257211259,36.47576248050722,52.87085387544976,"{""learning_rate"": 0.03, ""n_estimators"": 25, ""num_leaves"": 3}",angew-aryl-c-h-amination,family_holdout,ee,4a,14,6k|6o|6c|6g|6m|6l|6j|6h|6e|6i|6d|6b|6a|6q,3,11.65029791136203,6f|6n|6p
51.87085387544976,,,angew-aryl-c-h-amination,stage2_alt_plus_stage2pp,,33,angew-aryl-c-h-amination,lightgbm,8.0,8.0,,59.87085387544976,59.08020043068222,38.677926669330326,60.70346257211259,36.47576248050722,51.87085387544976,"{""learning_rate"": 0.03, ""n_estimators"": 25, ""num_leaves"": 3}",angew-aryl-c-h-amination,family_holdout,ee,4b,14,6k|6o|6c|6g|6m|6l|6j|6h|6e|6i|6d|6b|6a|6q,3,11.65029791136203,6f|6n|6p
9.870853875449761,,,angew-aryl-c-h-amination,stage2_alt_plus_stage2pp,,33,angew-aryl-c-h-amination,lightgbm,50.0,50.0,,59.87085387544976,59.08020043068222,38.677926669330326,60.70346257211259,36.47576248050722,9.870853875449761,"{""learning_rate"": 0.03, ""n_estimators"": 25, ""num_leaves"": 3}",angew-aryl-c-h-amination,family_holdout,ee,4c,14,6k|6o|6c|6g|6m|6l|6j|6h|6e|6i|6d|6b|6a|6q,3,11.65029791136203,6f|6n|6p
37.87085387544976,,,angew-aryl-c-h-amination,stage2_alt_plus_stage2pp,,33,angew-aryl-c-h-amination,lightgbm,22.0,22.0,,59.87085387544976,59.08020043068222,38.677926669330326,60.70346257211259,36.47576248050722,37.87085387544976,"{""learning_rate"": 0.03, ""n_estimators"": 25, ""num_leaves"": 3}",angew-aryl-c-h-amination,family_holdout,ee,4d,14,6k|6o|6c|6g|6m|6l|6j|6h|6e|6i|6d|6b|6a|6q,3,11.65029791136203,6f|6n|6p
24.373696077139627,,,angew-aryl-c-h-amination,stage2_alt_plus_stage2pp,,33,angew-aryl-c-h-amination,lightgbm,56.0,56.0,,80.37369607713963,79.58304263237208,59.18076887102019,81.20630477380246,56.97860468219709,24.373696077139627,"{""learning_rate"": 0.03, ""n_estimators"": 25, ""num_leaves"": 3}",angew-aryl-c-h-amination,family_holdout,ee,4e,14,6k|6o|6c|6g|6m|6l|6j|6h|6e|6i|6d|6b|6a|6q,3,11.65029791136203,6f|6n|6p
32.14285714285714,120.62926270599853,33.65645157971575,angew-aryl-c-h-amination,stage2_alt_plus_stage2pp,22.186941613847647,33,angew-aryl-c-h-amination,gaussian_process,45.0,45.0,,77.14285714285714,74.28571428571428,66.28571428571428,75.03571428571428,65.53571428571428,32.14285714285714,"{""alpha"": 1e-05, ""kernel"": ""1**2 * RBF(length_scale=0.5) + WhiteKernel(noise_level=1)""}",angew-aryl-c-h-amination,family_holdout,ee,2aa,14,6k|6o|6c|6g|6m|6l|6j|6h|6e|6i|6d|6b|6a|6q,3,6.857142857142861,6f|6n|6p
38.14285714285714,120.62926270599853,33.65645157971575,angew-aryl-c-h-amination,stage2_alt_plus_stage2pp,22.186941613847647,33,angew-aryl-c-h-amination,gaussian_process,39.0,39.0,,77.14285714285714,74.28571428571428,66.28571428571428,75.03571428571428,65.53571428571428,38.14285714285714,"{""alpha"": 1e-05, ""kernel"": ""1**2 * RBF(length_scale=0.5) + WhiteKernel(noise_level=1)""}",angew-aryl-c-h-amination,family_holdout,ee,2ab,14,6k|6o|6c|6g|6m|6l|6j|6h|6e|6i|6d|6b|6a|6q,3,6.857142857142861,6f|6n|6p
27.14285714285714,120.62926270599853,33.65645157971575,angew-aryl-c-h-amination,stage2_alt_plus_stage2pp,22.186941613847647,33,angew-aryl-c-h-amination,gaussian_process,50.0,50.0,,77.14285714285714,74.28571428571428,66.28571428571428,75.03571428571428,65.53571428571428,27.14285714285714,"{""alpha"": 1e-05, ""kernel"": ""1**2 * RBF(length_scale=0.5) + WhiteKernel(noise_level=1)""}",angew-aryl-c-h-amination,family_holdout,ee,2ac,14,6k|6o|6c|6g|6m|6l|6j|6h|6e|6i|6d|6b|6a|6q,3,6.857142857142861,6f|6n|6p
10.857142857142861,120.62926270599853,33.65645157971575,angew-aryl-c-h-amination,stage2_alt_plus_stage2pp,22.186941613847647,33,angew-aryl-c-h-amination,gaussian_process,88.0,88.0,,77.14285714285714,74.28571428571428,66.28571428571428,75.03571428571428,65.53571428571428,-10.857142857142861,"{""alpha"": 1e-05, ""kernel"": ""1**2 * RBF(length_scale=0.5) + WhiteKernel(noise_level=1)""}",angew-aryl-c-h-amination,family_holdout,ee,2b,14,6k|6o|6c|6g|6m|6l|6j|6h|6e|6i|6d|6b|6a|6q,3,6.857142857142861,6f|6n|6p
1.8571428571428612,120.62926270599853,33.65645157971575,angew-aryl-c-h-amination,stage2_alt_plus_stage2pp,22.186941613847647,33,angew-aryl-c-h-amination,gaussian_process,79.0,79.0,,77.14285714285714,74.28571428571428,66.28571428571428,75.03571428571428,65.53571428571428,-1.8571428571428612,"{""alpha"": 1e-05, ""kernel"": ""1**2 * RBF(length_scale=0.5) + WhiteKernel(noise_level=1)""}",angew-aryl-c-h-amination,family_holdout,ee,2c,14,6k|6o|6c|6g|6m|6l|6j|6h|6e|6i|6d|6b|6a|6q,3,6.857142857142861,6f|6n|6p
8.857142857142861,120.62926270599853,33.65645157971575,angew-aryl-c-h-amination,stage2_alt_plus_stage2pp,22.186941613847647,33,angew-aryl-c-h-amination,gaussian_process,86.0,86.0,,77.14285714285714,74.28571428571428,66.28571428571428,75.03571428571428,65.53571428571428,-8.857142857142861,"{""alpha"": 1e-05, ""kernel"": ""1**2 * RBF(length_scale=0.5) + WhiteKernel(noise_level=1)""}",angew-aryl-c-h-amination,family_holdout,ee,2d,14,6k|6o|6c|6g|6m|6l|6j|6h|6e|6i|6d|6b|6a|6q,3,6.857142857142861,6f|6n|6p
4.857142857142861,120.62926270599853,33.65645157971575,angew-aryl-c-h-amination,stage2_alt_plus_stage2pp,22.186941613847647,33,angew-aryl-c-h-amination,gaussian_process,82.0,82.0,,77.14285714285714,74.28571428571428,66.28571428571428,75.03571428571428,65.53571428571428,-4.857142857142861,"{""alpha"": 1e-05, ""kernel"": ""1**2 * RBF(length_scale=0.5) + WhiteKernel(noise_level=1)""}",angew-aryl-c-h-amination,family_holdout,ee,2e,14,6k|6o|6c|6g|6m|6l|6j|6h|6e|6i|6d|6b|6a|6q,3,6.857142857142861,6f|6n|6p
6.857142857142861,120.62926270599853,33.65645157971575,angew-aryl-c-h-amination,stage2_alt_plus_stage2pp,22.186941613847647,33,angew-aryl-c-h-amination,gaussian_process,84.0,84.0,,77.14285714285714,74.28571428571428,66.28571428571428,75.03571428571428,65.53571428571428,-6.857142857142861,"{""alpha"": 1e-05, ""kernel"": ""1**2 * RBF(length_scale=0.5) + WhiteKernel(noise_level=1)""}",angew-aryl-c-h-amination,family_holdout,ee,2f,14,6k|6o|6c|6g|6m|6l|6j|6h|6e|6i|6d|6b|6a|6q,3,6.857142857142861,6f|6n|6p
8.857142857142861,120.62926270599853,33.65645157971575,angew-aryl-c-h-amination,stage2_alt_plus_stage2pp,22.186941613847647,33,angew-aryl-c-h-amination,gaussian_process,86.0,86.0,,77.14285714285714,74.28571428571428,66.28571428571428,75.03571428571428,65.53571428571428,-8.857142857142861,"{""alpha"": 1e-05, ""kernel"": ""1**2 * RBF(length_scale=0.5) + WhiteKernel(noise_level=1)""}",angew-aryl-c-h-amination,family_holdout,ee,2g,14,6k|6o|6c|6g|6m|6l|6j|6h|6e|6i|6d|6b|6a|6q,3,6.857142857142861,6f|6n|6p
12.857142857142861,120.62926270599853,33.65645157971575,angew-aryl-c-h-amination,stage2_alt_plus_stage2pp,22.186941613847647,33,angew-aryl-c-h-amination,gaussian_process,90.0,90.0,,77.14285714285714,74.28571428571428,66.28571428571428,75.03571428571428,65.53571428571428,-12.857142857142861,"{""alpha"": 1e-05, ""kernel"": ""1**2 * RBF(length_scale=0.5) + WhiteKernel(noise_level=1)""}",angew-aryl-c-h-amination,family_holdout,ee,2h,14,6k|6o|6c|6g|6m|6l|6j|6h|6e|6i|6d|6b|6a|6q,3,6.857142857142861,6f|6n|6p
4.142857142857139,120.62926270599853,33.65645157971575,angew-aryl-c-h-amination,stage2_alt_plus_stage2pp,22.186941613847647,33,angew-aryl-c-h-amination,gaussian_process,73.0,73.0,,77.14285714285714,74.28571428571428,66.28571428571428,75.03571428571428,65.53571428571428,4.142857142857139,"{""alpha"": 1e-05, ""kernel"": ""1**2 * RBF(length_scale=0.5) + WhiteKernel(noise_level=1)""}",angew-aryl-c-h-amination,family_holdout,ee,2i,14,6k|6o|6c|6g|6m|6l|6j|6h|6e|6i|6d|6b|6a|6q,3,6.857142857142861,6f|6n|6p
1.8571428571428612,120.62926270599853,33.65645157971575,angew-aryl-c-h-amination,stage2_alt_plus_stage2pp,22.186941613847647,33,angew-aryl-c-h-amination,gaussian_process,79.0,79.0,,77.14285714285714,74.28571428571428,66.28571428571428,75.03571428571428,65.53571428571428,-1.8571428571428612,"{""alpha"": 1e-05, ""kernel"": ""1**2 * RBF(length_scale=0.5) + WhiteKernel(noise_level=1)""}",angew-aryl-c-h-amination,family_holdout,ee,2j,14,6k|6o|6c|6g|6m|6l|6j|6h|6e|6i|6d|6b|6a|6q,3,6.857142857142861,6f|6n|6p
12.857142857142861,120.62926270599853,33.65645157971575,angew-aryl-c-h-amination,stage2_alt_plus_stage2pp,22.186941613847647,33,angew-aryl-c-h-amination,gaussian_process,90.0,90.0,,77.14285714285714,74.28571428571428,66.28571428571428,75.03571428571428,65.53571428571428,-12.857142857142861,"{""alpha"": 1e-05, ""kernel"": ""1**2 * RBF(length_scale=0.5) + WhiteKernel(noise_level=1)""}",angew-aryl-c-h-amination,family_holdout,ee,2k,14,6k|6o|6c|6g|6m|6l|6j|6h|6e|6i|6d|6b|6a|6q,3,6.857142857142861,6f|6n|6p
0.8571428571428612,120.62926270599853,33.65645157971575,angew-aryl-c-h-amination,stage2_alt_plus_stage2pp,22.186941613847647,33,angew-aryl-c-h-amination,gaussian_process,78.0,78.0,,77.14285714285714,74.28571428571428,66.28571428571428,75.03571428571428,65.53571428571428,-0.8571428571428612,"{""alpha"": 1e-05, ""kernel"": ""1**2 * RBF(length_scale=0.5) + WhiteKernel(noise_level=1)""}",angew-aryl-c-h-amination,family_holdout,ee,2l,14,6k|6o|6c|6g|6m|6l|6j|6h|6e|6i|6d|6b|6a|6q,3,6.857142857142861,6f|6n|6p
9.857142857142861,120.62926270599853,33.65645157971575,angew-aryl-c-h-amination,stage2_alt_plus_stage2pp,22.186941613847647,33,angew-aryl-c-h-amination,gaussian_process,87.0,87.0,,77.14285714285714,74.28571428571428,66.28571428571428,75.03571428571428,65.53571428571428,-9.857142857142861,"{""alpha"": 1e-05, ""kernel"": ""1**2 * RBF(length_scale=0.5) + WhiteKernel(noise_level=1)""}",angew-aryl-c-h-amination,family_holdout,ee,2m,14,6k|6o|6c|6g|6m|6l|6j|6h|6e|6i|6d|6b|6a|6q,3,6.857142857142861,6f|6n|6p
17.14285714285714,120.62926270599853,33.65645157971575,angew-aryl-c-h-amination,stage2_alt_plus_stage2pp,22.186941613847647,33,angew-aryl-c-h-amination,gaussian_process,60.0,60.0,,77.14285714285714,74.28571428571428,66.28571428571428,75.03571428571428,65.53571428571428,17.14285714285714,"{""alpha"": 1e-05, ""kernel"": ""1**2 * RBF(length_scale=0.5) + WhiteKernel(noise_level=1)""}",angew-aryl-c-h-amination,family_holdout,ee,2n,14,6k|6o|6c|6g|6m|6l|6j|6h|6e|6i|6d|6b|6a|6q,3,6.857142857142861,6f|6n|6p
21.14285714285714,120.62926270599853,33.65645157971575,angew-aryl-c-h-amination,stage2_alt_plus_stage2pp,22.186941613847647,33,angew-aryl-c-h-amination,gaussian_process,56.0,56.0,,77.14285714285714,74.28571428571428,66.28571428571428,75.03571428571428,65.53571428571428,21.14285714285714,"{""alpha"": 1e-05, ""kernel"": ""1**2 * RBF(length_scale=0.5) + WhiteKernel(noise_level=1)""}",angew-aryl-c-h-amination,family_holdout,ee,2o,14,6k|6o|6c|6g|6m|6l|6j|6h|6e|6i|6d|6b|6a|6q,3,6.857142857142861,6f|6n|6p
6.142857142857139,120.62926270599853,33.65645157971575,angew-aryl-c-h-amination,stage2_alt_plus_stage2pp,22.186941613847647,33,angew-aryl-c-h-amination,gaussian_process,71.0,71.0,,77.14285714285714,74.28571428571428,66.28571428571428,75.03571428571428,65.53571428571428,6.142857142857139,"{""alpha"": 1e-05, ""kernel"": ""1**2 * RBF(length_scale=0.5) + WhiteKernel(noise_level=1)""}",angew-aryl-c-h-amination,family_holdout,ee,2p,14,6k|6o|6c|6g|6m|6l|6j|6h|6e|6i|6d|6b|6a|6q,3,6.857142857142861,6f|6n|6p
26.14285714285714,120.62926270599853,33.65645157971575,angew-aryl-c-h-amination,stage2_alt_plus_stage2pp,22.186941613847647,33,angew-aryl-c-h-amination,gaussian_process,51.0,51.0,,77.14285714285714,74.28571428571428,66.28571428571428,75.03571428571428,65.53571428571428,26.14285714285714,"{""alpha"": 1e-05, ""kernel"": ""1**2 * RBF(length_scale=0.5) + WhiteKernel(noise_level=1)""}",angew-aryl-c-h-amination,family_holdout,ee,2q,14,6k|6o|6c|6g|6m|6l|6j|6h|6e|6i|6d|6b|6a|6q,3,6.857142857142861,6f|6n|6p
2.857142857142861,120.62926270599853,33.65645157971575,angew-aryl-c-h-amination,stage2_alt_plus_stage2pp,22.186941613847647,33,angew-aryl-c-h-amination,gaussian_process,80.0,80.0,,77.14285714285714,74.28571428571428,66.28571428571428,75.03571428571428,65.53571428571428,-2.857142857142861,"{""alpha"": 1e-05, ""kernel"": ""1**2 * RBF(length_scale=0.5) + WhiteKernel(noise_level=1)""}",angew-aryl-c-h-amination,family_holdout,ee,2r,14,6k|6o|6c|6g|6m|6l|6j|6h|6e|6i|6d|6b|6a|6q,3,6.857142857142861,6f|6n|6p
5.142857142857139,120.62926270599853,33.65645157971575,angew-aryl-c-h-amination,stage2_alt_plus_stage2pp,22.186941613847647,33,angew-aryl-c-h-amination,gaussian_process,72.0,72.0,,77.14285714285714,74.28571428571428,66.28571428571428,75.03571428571428,65.53571428571428,5.142857142857139,"{""alpha"": 1e-05, ""kernel"": ""1**2 * RBF(length_scale=0.5) + WhiteKernel(noise_level=1)""}",angew-aryl-c-h-amination,family_holdout,ee,2s,14,6k|6o|6c|6g|6m|6l|6j|6h|6e|6i|6d|6b|6a|6q,3,6.857142857142861,6f|6n|6p
3.142857142857139,120.62926270599853,33.65645157971575,angew-aryl-c-h-amination,stage2_alt_plus_stage2pp,22.186941613847647,33,angew-aryl-c-h-amination,gaussian_process,74.0,74.0,,77.14285714285714,74.28571428571428,66.28571428571428,75.03571428571428,65.53571428571428,3.142857142857139,"{""alpha"": 1e-05, ""kernel"": ""1**2 * RBF(length_scale=0.5) + WhiteKernel(noise_level=1)""}",angew-aryl-c-h-amination,family_holdout,ee,2t,14,6k|6o|6c|6g|6m|6l|6j|6h|6e|6i|6d|6b|6a|6q,3,6.857142857142861,6f|6n|6p
6.857142857142861,120.62926270599853,33.65645157971575,angew-aryl-c-h-amination,stage2_alt_plus_stage2pp,22.186941613847647,33,angew-aryl-c-h-amination,gaussian_process,84.0,84.0,,77.14285714285714,74.28571428571428,66.28571428571428,75.03571428571428,65.53571428571428,-6.857142857142861,"{""alpha"": 1e-05, ""kernel"": ""1**2 * RBF(length_scale=0.5) + WhiteKernel(noise_level=1)""}",angew-aryl-c-h-amination,family_holdout,ee,2u,14,6k|6o|6c|6g|6m|6l|6j|6h|6e|6i|6d|6b|6a|6q,3,6.857142857142861,6f|6n|6p
6.857142857142861,120.62926270599853,33.65645157971575,angew-aryl-c-h-amination,stage2_alt_plus_stage2pp,22.186941613847647,33,angew-aryl-c-h-amination,gaussian_process,84.0,84.0,,77.14285714285714,74.28571428571428,66.28571428571428,75.03571428571428,65.53571428571428,-6.857142857142861,"{""alpha"": 1e-05, ""kernel"": ""1**2 * RBF(length_scale=0.5) + WhiteKernel(noise_level=1)""}",angew-aryl-c-h-amination,family_holdout,ee,2v,14,6k|6o|6c|6g|6m|6l|6j|6h|6e|6i|6d|6b|6a|6q,3,6.857142857142861,6f|6n|6p
3.857142857142861,120.62926270599853,33.65645157971575,angew-aryl-c-h-amination,stage2_alt_plus_stage2pp,22.186941613847647,33,angew-aryl-c-h-amination,gaussian_process,81.0,81.0,,77.14285714285714,74.28571428571428,66.28571428571428,75.03571428571428,65.53571428571428,-3.857142857142861,"{""alpha"": 1e-05, ""kernel"": ""1**2 * RBF(length_scale=0.5) + WhiteKernel(noise_level=1)""}",angew-aryl-c-h-amination,family_holdout,ee,2w,14,6k|6o|6c|6g|6m|6l|6j|6h|6e|6i|6d|6b|6a|6q,3,6.857142857142861,6f|6n|6p
1.8571428571428612,120.62926270599853,33.65645157971575,angew-aryl-c-h-amination,stage2_alt_plus_stage2pp,22.186941613847647,33,angew-aryl-c-h-amination,gaussian_process,79.0,79.0,,77.14285714285714,74.28571428571428,66.28571428571428,75.03571428571428,65.53571428571428,-1.8571428571428612,"{""alpha"": 1e-05, ""kernel"": ""1**2 * RBF(length_scale=0.5) + WhiteKernel(noise_level=1)""}",angew-aryl-c-h-amination,family_holdout,ee,2x,14,6k|6o|6c|6g|6m|6l|6j|6h|6e|6i|6d|6b|6a|6q,3,6.857142857142861,6f|6n|6p
6.142857142857139,120.62926270599853,33.65645157971575,angew-aryl-c-h-amination,stage2_alt_plus_stage2pp,22.186941613847647,33,angew-aryl-c-h-amination,gaussian_process,71.0,71.0,,77.14285714285714,74.28571428571428,66.28571428571428,75.03571428571428,65.53571428571428,6.142857142857139,"{""alpha"": 1e-05, ""kernel"": ""1**2 * RBF(length_scale=0.5) + WhiteKernel(noise_level=1)""}",angew-aryl-c-h-amination,family_holdout,ee,2y,14,6k|6o|6c|6g|6m|6l|6j|6h|6e|6i|6d|6b|6a|6q,3,6.857142857142861,6f|6n|6p
7.142857142857139,120.62926270599853,33.65645157971575,angew-aryl-c-h-amination,stage2_alt_plus_stage2pp,22.186941613847647,33,angew-aryl-c-h-amination,gaussian_process,70.0,70.0,,77.14285714285714,74.28571428571428,66.28571428571428,75.03571428571428,65.53571428571428,7.142857142857139,"{""alpha"": 1e-05, ""kernel"": ""1**2 * RBF(length_scale=0.5) + WhiteKernel(noise_level=1)""}",angew-aryl-c-h-amination,family_holdout,ee,2z,14,6k|6o|6c|6g|6m|6l|6j|6h|6e|6i|6d|6b|6a|6q,3,6.857142857142861,6f|6n|6p
70.14285714285714,120.62926270599853,33.65645157971575,angew-aryl-c-h-amination,stage2_alt_plus_stage2pp,22.186941613847647,33,angew-aryl-c-h-amination,gaussian_process,7.0,7.0,,77.14285714285714,74.28571428571428,66.28571428571428,75.03571428571428,65.53571428571428,70.14285714285714,"{""alpha"": 1e-05, ""kernel"": ""1**2 * RBF(length_scale=0.5) + WhiteKernel(noise_level=1)""}",angew-aryl-c-h-amination,family_holdout,ee,4a,14,6k|6o|6c|6g|6m|6l|6j|6h|6e|6i|6d|6b|6a|6q,3,6.857142857142861,6f|6n|6p
69.14285714285714,120.62926270599853,33.65645157971575,angew-aryl-c-h-amination,stage2_alt_plus_stage2pp,22.186941613847647,33,angew-aryl-c-h-amination,gaussian_process,8.0,8.0,,77.14285714285714,74.28571428571428,66.28571428571428,75.03571428571428,65.53571428571428,69.14285714285714,"{""alpha"": 1e-05, ""kernel"": ""1**2 * RBF(length_scale=0.5) + WhiteKernel(noise_level=1)""}",angew-aryl-c-h-amination,family_holdout,ee,4b,14,6k|6o|6c|6g|6m|6l|6j|6h|6e|6i|6d|6b|6a|6q,3,6.857142857142861,6f|6n|6p
27.14285714285714,120.62926270599853,33.65645157971575,angew-aryl-c-h-amination,stage2_alt_plus_stage2pp,22.186941613847647,33,angew-aryl-c-h-amination,gaussian_process,50.0,50.0,,77.14285714285714,74.28571428571428,66.28571428571428,75.03571428571428,65.53571428571428,27.14285714285714,"{""alpha"": 1e-05, ""kernel"": ""1**2 * RBF(length_scale=0.5) + WhiteKernel(noise_level=1)""}",angew-aryl-c-h-amination,family_holdout,ee,4c,14,6k|6o|6c|6g|6m|6l|6j|6h|6e|6i|6d|6b|6a|6q,3,6.857142857142861,6f|6n|6p
55.14285714285714,120.62926270599853,33.65645157971575,angew-aryl-c-h-amination,stage2_alt_plus_stage2pp,22.186941613847647,33,angew-aryl-c-h-amination,gaussian_process,22.0,22.0,,77.14285714285714,74.28571428571428,66.28571428571428,75.03571428571428,65.53571428571428,55.14285714285714,"{""alpha"": 1e-05, ""kernel"": ""1**2 * RBF(length_scale=0.5) + WhiteKernel(noise_level=1)""}",angew-aryl-c-h-amination,family_holdout,ee,4d,14,6k|6o|6c|6g|6m|6l|6j|6h|6e|6i|6d|6b|6a|6q,3,6.857142857142861,6f|6n|6p
21.14285714285714,120.62926270599853,33.65645157971575,angew-aryl-c-h-amination,stage2_alt_plus_stage2pp,22.186941613847647,33,angew-aryl-c-h-amination,gaussian_process,56.0,56.0,,77.14285714285714,74.28571428571428,66.28571428571428,75.03571428571428,65.53571428571428,21.14285714285714,"{""alpha"": 1e-05, ""kernel"": ""1**2 * RBF(length_scale=0.5) + WhiteKernel(noise_level=1)""}",angew-aryl-c-h-amination,family_holdout,ee,4e,14,6k|6o|6c|6g|6m|6l|6j|6h|6e|6i|6d|6b|6a|6q,3,6.857142857142861,6f|6n|6p
11.749746493115936,,,angew-sulfonyl-c-h-amination,stage2_alt_plus_stage2pp,,17,angew-sulfonyl-c-h-amination,ridge_regression,81.0,81.0,,69.25025350688406,79.67247954501927,54.46512113576509,91.30317903471297,52.72267081242981,-11.749746493115936,"{""alpha"": 1000.0}",angew-sulfonyl-c-h-amination,family_holdout,ee,6a,26,4e|2z|2aa|2h|2y|2o|2t|4d|2p|2ac|2c|4c|2n|2x|2ab|2s|2q|2l|4a|2j|2m|2e|2k|2r|2w|2g,7,12.711121429286838,2b|2d|2f|2i|2u|2v|4b
31.879534580902863,,,angew-sulfonyl-c-h-amination,stage2_alt_plus_stage2pp,,17,angew-sulfonyl-c-h-amination,ridge_regression,93.0,93.0,,61.12046541909714,71.54269145723234,46.33533304797816,83.17339094692605,44.59288272464288,-31.879534580902863,"{""alpha"": 1000.0}",angew-sulfonyl-c-h-amination,family_holdout,ee,6b,26,4e|2z|2aa|2h|2y|2o|2t|4d|2p|2ac|2c|4c|2n|2x|2ab|2s|2q|2l|4a|2j|2m|2e|2k|2r|2w|2g,7,12.711121429286838,2b|2d|2f|2i|2u|2v|4b
28.799856062009567,,,angew-sulfonyl-c-h-amination,stage2_alt_plus_stage2pp,,17,angew-sulfonyl-c-h-amination,ridge_regression,89.0,89.0,,60.20014393799043,70.62236997612564,45.415011566871456,82.25306946581934,43.67256124353618,-28.799856062009567,"{""alpha"": 1000.0}",angew-sulfonyl-c-h-amination,family_holdout,ee,6c,26,4e|2z|2aa|2h|2y|2o|2t|4d|2p|2ac|2c|4c|2n|2x|2ab|2s|2q|2l|4a|2j|2m|2e|2k|2r|2w|2g,7,12.711121429286838,2b|2d|2f|2i|2u|2v|4b
38.88965219205528,,,angew-sulfonyl-c-h-amination,stage2_alt_plus_stage2pp,,17,angew-sulfonyl-c-h-amination,ridge_regression,93.0,93.0,,54.11034780794472,64.53257384607993,39.325215436825744,76.16327333577362,37.58276511349047,-38.88965219205528,"{""alpha"": 1000.0}",angew-sulfonyl-c-h-amination,family_holdout,ee,6d,26,4e|2z|2aa|2h|2y|2o|2t|4d|2p|2ac|2c|4c|2n|2x|2ab|2s|2q|2l|4a|2j|2m|2e|2k|2r|2w|2g,7,12.711121429286838,2b|2d|2f|2i|2u|2v|4b
13.351615277583889,,,angew-sulfonyl-c-h-amination,stage2_alt_plus_stage2pp,,17,angew-sulfonyl-c-h-amination,ridge_regression,82.0,82.0,,68.64838472241611,79.07061076055132,53.863252351297135,90.70131025024502,52.12080202796186,-13.351615277583889,"{""alpha"": 1000.0}",angew-sulfonyl-c-h-amination,family_holdout,ee,6e,26,4e|2z|2aa|2h|2y|2o|2t|4d|2p|2ac|2c|4c|2n|2x|2ab|2s|2q|2l|4a|2j|2m|2e|2k|2r|2w|2g,7,12.711121429286838,2b|2d|2f|2i|2u|2v|4b
16.575242195718715,,,angew-sulfonyl-c-h-amination,stage2_alt_plus_stage2pp,,17,angew-sulfonyl-c-h-amination,ridge_regression,89.0,89.0,,72.42475780428128,82.84698384241649,57.63962543316231,94.47768333211019,55.89717510982703,-16.575242195718715,"{""alpha"": 1000.0}",angew-sulfonyl-c-h-amination,family_holdout,ee,6f,26,4e|2z|2aa|2h|2y|2o|2t|4d|2p|2ac|2c|4c|2n|2x|2ab|2s|2q|2l|4a|2j|2m|2e|2k|2r|2w|2g,7,12.711121429286838,2b|2d|2f|2i|2u|2v|4b
26.400785850227344,,,angew-sulfonyl-c-h-amination,stage2_alt_plus_stage2pp,,17,angew-sulfonyl-c-h-amination,ridge_regression,88.0,88.0,,61.599214149772656,72.02144018790786,46.81408177865368,83.65213967760155,45.071631455318396,-26.400785850227344,"{""alpha"": 1000.0}",angew-sulfonyl-c-h-amination,family_holdout,ee,6g,26,4e|2z|2aa|2h|2y|2o|2t|4d|2p|2ac|2c|4c|2n|2x|2ab|2s|2q|2l|4a|2j|2m|2e|2k|2r|2w|2g,7,12.711121429286838,2b|2d|2f|2i|2u|2v|4b
24.925417481954653,,,angew-sulfonyl-c-h-amination,stage2_alt_plus_stage2pp,,17,angew-sulfonyl-c-h-amination,ridge_regression,84.0,84.0,,59.07458251804535,69.49680855618055,44.28945014692637,81.12750804587425,42.546999823591094,-24.925417481954653,"{""alpha"": 1000.0}",angew-sulfonyl-c-h-amination,family_holdout,ee,6h,26,4e|2z|2aa|2h|2y|2o|2t|4d|2p|2ac|2c|4c|2n|2x|2ab|2s|2q|2l|4a|2j|2m|2e|2k|2r|2w|2g,7,12.711121429286838,2b|2d|2f|2i|2u|2v|4b
17.518772136904744,,,angew-sulfonyl-c-h-amination,stage2_alt_plus_stage2pp,,17,angew-sulfonyl-c-h-amination,ridge_regression,88.0,88.0,,70.48122786309526,80.90345390123046,55.69609549197628,92.53415339092416,53.953645168641,-17.518772136904744,"{""alpha"": 1000.0}",angew-sulfonyl-c-h-amination,family_holdout,ee,6i,26,4e|2z|2aa|2h|2y|2o|2t|4d|2p|2ac|2c|4c|2n|2x|2ab|2s|2q|2l|4a|2j|2m|2e|2k|2r|2w|2g,7,12.711121429286838,2b|2d|2f|2i|2u|2v|4b
18.64115670697656,,,angew-sulfonyl-c-h-amination,stage2_alt_plus_stage2pp,,17,angew-sulfonyl-c-h-amination,ridge_regression,87.0,87.0,,68.35884329302344,78.78106933115865,53.573710921904464,90.41176882085234,51.83126059856919,-18.64115670697656,"{""alpha"": 1000.0}",angew-sulfonyl-c-h-amination,family_holdout,ee,6j,26,4e|2z|2aa|2h|2y|2o|2t|4d|2p|2ac|2c|4c|2n|2x|2ab|2s|2q|2l|4a|2j|2m|2e|2k|2r|2w|2g,7,12.711121429286838,2b|2d|2f|2i|2u|2v|4b
24.864614407797163,,,angew-sulfonyl-c-h-amination,stage2_alt_plus_stage2pp,,17,angew-sulfonyl-c-h-amination,ridge_regression,93.0,93.0,,68.13538559220284,78.55761163033804,53.35025322108386,90.18831112003174,51.607802897748584,-24.864614407797163,"{""alpha"": 1000.0}",angew-sulfonyl-c-h-amination,family_holdout,ee,6k,26,4e|2z|2aa|2h|2y|2o|2t|4d|2p|2ac|2c|4c|2n|2x|2ab|2s|2q|2l|4a|2j|2m|2e|2k|2r|2w|2g,7,12.711121429286838,2b|2d|2f|2i|2u|2v|4b
2.251348123710514,,,angew-sulfonyl-c-h-amination,stage2_alt_plus_stage2pp,,17,angew-sulfonyl-c-h-amination,ridge_regression,58.0,58.0,,60.251348123710514,70.67357416184572,45.46621575259154,82.30427365153942,43.72376542925626,2.251348123710514,"{""alpha"": 1000.0}",angew-sulfonyl-c-h-amination,family_holdout,ee,6l,26,4e|2z|2aa|2h|2y|2o|2t|4d|2p|2ac|2c|4c|2n|2x|2ab|2s|2q|2l|4a|2j|2m|2e|2k|2r|2w|2g,7,12.711121429286838,2b|2d|2f|2i|2u|2v|4b
14.50850432230127,,,angew-sulfonyl-c-h-amination,stage2_alt_plus_stage2pp,,17,angew-sulfonyl-c-h-amination,ridge_regression,30.0,30.0,,44.50850432230127,54.93073036043648,29.723371951182294,66.56142985013017,27.980921627847014,14.50850432230127,"{""alpha"": 1000.0}",angew-sulfonyl-c-h-amination,family_holdout,ee,6m,26,4e|2z|2aa|2h|2y|2o|2t|4d|2p|2ac|2c|4c|2n|2x|2ab|2s|2q|2l|4a|2j|2m|2e|2k|2r|2w|2g,7,12.711121429286838,2b|2d|2f|2i|2u|2v|4b
35.425516375737445,,,angew-sulfonyl-c-h-amination,stage2_alt_plus_stage2pp,,17,angew-sulfonyl-c-h-amination,ridge_regression,79.0,79.0,,43.574483624262555,53.99670966239776,28.78935125314358,65.62740915209146,27.0469009298083,-35.425516375737445,"{""alpha"": 1000.0}",angew-sulfonyl-c-h-amination,family_holdout,ee,6n,26,4e|2z|2aa|2h|2y|2o|2t|4d|2p|2ac|2c|4c|2n|2x|2ab|2s|2q|2l|4a|2j|2m|2e|2k|2r|2w|2g,7,12.711121429286838,2b|2d|2f|2i|2u|2v|4b
48.263058878819834,,,angew-sulfonyl-c-h-amination,stage2_alt_plus_stage2pp,,17,angew-sulfonyl-c-h-amination,ridge_regression,90.0,90.0,,41.736941121180166,52.15916715931537,26.95180875006119,63.78986664900907,25.20935842672591,-48.263058878819834,"{""alpha"": 1000.0}",angew-sulfonyl-c-h-amination,family_holdout,ee,6o,26,4e|2z|2aa|2h|2y|2o|2t|4d|2p|2ac|2c|4c|2n|2x|2ab|2s|2q|2l|4a|2j|2m|2e|2k|2r|2w|2g,7,12.711121429286838,2b|2d|2f|2i|2u|2v|4b
35.36989926805294,,,angew-sulfonyl-c-h-amination,stage2_alt_plus_stage2pp,,17,angew-sulfonyl-c-h-amination,ridge_regression,84.0,84.0,,48.63010073194706,59.05232677008227,33.844968360828084,70.68302625977597,32.1025180374928,-35.36989926805294,"{""alpha"": 1000.0}",angew-sulfonyl-c-h-amination,family_holdout,ee,6p,26,4e|2z|2aa|2h|2y|2o|2t|4d|2p|2ac|2c|4c|2n|2x|2ab|2s|2q|2l|4a|2j|2m|2e|2k|2r|2w|2g,7,12.711121429286838,2b|2d|2f|2i|2u|2v|4b
19.455919584673666,,,angew-sulfonyl-c-h-amination,stage2_alt_plus_stage2pp,,17,angew-sulfonyl-c-h-amination,ridge_regression,24.0,24.0,,43.455919584673666,53.87814562280887,28.67078721355469,65.50884511250257,26.92833689021941,19.455919584673666,"{""alpha"": 1000.0}",angew-sulfonyl-c-h-amination,family_holdout,ee,6q,26,4e|2z|2aa|2h|2y|2o|2t|4d|2p|2ac|2c|4c|2n|2x|2ab|2s|2q|2l|4a|2j|2m|2e|2k|2r|2w|2g,7,12.711121429286838,2b|2d|2f|2i|2u|2v|4b
11.839618445201793,,,angew-sulfonyl-c-h-amination,stage2_alt_plus_stage2pp,,17,angew-sulfonyl-c-h-amination,elastic_net,81.0,81.0,,69.1603815547982,79.4783806936635,55.06478218659826,85.23728539617919,51.366629086412296,-11.839618445201793,"{""alpha"": 0.1, ""l1_ratio"": 0.8}",angew-sulfonyl-c-h-amination,family_holdout,ee,6a,26,4e|2z|2aa|2h|2y|2o|2t|4d|2p|2ac|2c|4c|2n|2x|2ab|2s|2q|2l|4a|2j|2m|2e|2k|2r|2w|2g,7,11.511635477790364,2b|2d|2f|2i|2u|2v|4b
40.839838225068625,,,angew-sulfonyl-c-h-amination,stage2_alt_plus_stage2pp,,17,angew-sulfonyl-c-h-amination,elastic_net,93.0,93.0,,52.160161774931375,62.478160913796664,38.064562406731426,68.23706561631235,34.366409306545464,-40.839838225068625,"{""alpha"": 0.1, ""l1_ratio"": 0.8}",angew-sulfonyl-c-h-amination,family_holdout,ee,6b,26,4e|2z|2aa|2h|2y|2o|2t|4d|2p|2ac|2c|4c|2n|2x|2ab|2s|2q|2l|4a|2j|2m|2e|2k|2r|2w|2g,7,11.511635477790364,2b|2d|2f|2i|2u|2v|4b
30.102744028233722,,,angew-sulfonyl-c-h-amination,stage2_alt_plus_stage2pp,,17,angew-sulfonyl-c-h-amination,elastic_net,89.0,89.0,,58.89725597176628,69.21525511063157,44.80165660356633,74.97415981314725,41.10350350338037,-30.102744028233722,"{""alpha"": 0.1, ""l1_ratio"": 0.8}",angew-sulfonyl-c-h-amination,family_holdout,ee,6c,26,4e|2z|2aa|2h|2y|2o|2t|4d|2p|2ac|2c|4c|2n|2x|2ab|2s|2q|2l|4a|2j|2m|2e|2k|2r|2w|2g,7,11.511635477790364,2b|2d|2f|2i|2u|2v|4b
54.335175966051274,,,angew-sulfonyl-c-h-amination,stage2_alt_plus_stage2pp,,17,angew-sulfonyl-c-h-amination,elastic_net,93.0,93.0,,38.664824033948726,48.982823172814015,24.569224665748777,54.74172787532971,20.871071565562815,-54.335175966051274,"{""alpha"": 0.1, ""l1_ratio"": 0.8}",angew-sulfonyl-c-h-amination,family_holdout,ee,6d,26,4e|2z|2aa|2h|2y|2o|2t|4d|2p|2ac|2c|4c|2n|2x|2ab|2s|2q|2l|4a|2j|2m|2e|2k|2r|2w|2g,7,11.511635477790364,2b|2d|2f|2i|2u|2v|4b
21.793120574782606,,,angew-sulfonyl-c-h-amination,stage2_alt_plus_stage2pp,,17,angew-sulfonyl-c-h-amination,elastic_net,82.0,82.0,,60.206879425217394,70.52487856408268,46.111280057017446,76.28378326659838,42.41312695683148,-21.793120574782606,"{""alpha"": 0.1, ""l1_ratio"": 0.8}",angew-sulfonyl-c-h-amination,family_holdout,ee,6e,26,4e|2z|2aa|2h|2y|2o|2t|4d|2p|2ac|2c|4c|2n|2x|2ab|2s|2q|2l|4a|2j|2m|2e|2k|2r|2w|2g,7,11.511635477790364,2b|2d|2f|2i|2u|2v|4b
18.574210303190128,,,angew-sulfonyl-c-h-amination,stage2_alt_plus_stage2pp,,17,angew-sulfonyl-c-h-amination,elastic_net,89.0,89.0,,70.42578969680987,80.74378883567516,56.33019032860992,86.50269353819085,52.63203722842396,-18.574210303190128,"{""alpha"": 0.1, ""l1_ratio"": 0.8}",angew-sulfonyl-c-h-amination,family_holdout,ee,6f,26,4e|2z|2aa|2h|2y|2o|2t|4d|2p|2ac|2c|4c|2n|2x|2ab|2s|2q|2l|4a|2j|2m|2e|2k|2r|2w|2g,7,11.511635477790364,2b|2d|2f|2i|2u|2v|4b
27.322500589485173,,,angew-sulfonyl-c-h-amination,stage2_alt_plus_stage2pp,,17,angew-sulfonyl-c-h-amination,elastic_net,88.0,88.0,,60.67749941051483,70.99549854938012,46.58190004231488,76.75440325189581,42.883746942128916,-27.322500589485173,"{""alpha"": 0.1, ""l1_ratio"": 0.8}",angew-sulfonyl-c-h-amination,family_holdout,ee,6g,26,4e|2z|2aa|2h|2y|2o|2t|4d|2p|2ac|2c|4c|2n|2x|2ab|2s|2q|2l|4a|2j|2m|2e|2k|2r|2w|2g,7,11.511635477790364,2b|2d|2f|2i|2u|2v|4b
29.370199704343563,,,angew-sulfonyl-c-h-amination,stage2_alt_plus_stage2pp,,17,angew-sulfonyl-c-h-amination,elastic_net,84.0,84.0,,54.62980029565644,64.94779943452173,40.53420092745649,70.70670413703742,36.83604782727053,-29.370199704343563,"{""alpha"": 0.1, ""l1_ratio"": 0.8}",angew-sulfonyl-c-h-amination,family_holdout,ee,6h,26,4e|2z|2aa|2h|2y|2o|2t|4d|2p|2ac|2c|4c|2n|2x|2ab|2s|2q|2l|4a|2j|2m|2e|2k|2r|2w|2g,7,11.511635477790364,2b|2d|2f|2i|2u|2v|4b
22.588484313532803,,,angew-sulfonyl-c-h-amination,stage2_alt_plus_stage2pp,,17,angew-sulfonyl-c-h-amination,elastic_net,88.0,88.0,,65.4115156864672,75.72951482533249,51.31591631826725,81.48841952784818,47.617763218081286,-22.588484313532803,"{""alpha"": 0.1, ""l1_ratio"": 0.8}",angew-sulfonyl-c-h-amination,family_holdout,ee,6i,26,4e|2z|2aa|2h|2y|2o|2t|4d|2p|2ac|2c|4c|2n|2x|2ab|2s|2q|2l|4a|2j|2m|2e|2k|2r|2w|2g,7,11.511635477790364,2b|2d|2f|2i|2u|2v|4b
23.240678124354694,,,angew-sulfonyl-c-h-amination,stage2_alt_plus_stage2pp,,17,angew-sulfonyl-c-h-amination,elastic_net,87.0,87.0,,63.759321875645306,74.0773210145106,49.66372250744536,79.83622571702628,45.965569407259395,-23.240678124354694,"{""alpha"": 0.1, ""l1_ratio"": 0.8}",angew-sulfonyl-c-h-amination,family_holdout,ee,6j,26,4e|2z|2aa|2h|2y|2o|2t|4d|2p|2ac|2c|4c|2n|2x|2ab|2s|2q|2l|4a|2j|2m|2e|2k|2r|2w|2g,7,11.511635477790364,2b|2d|2f|2i|2u|2v|4b
22.451711853705547,,,angew-sulfonyl-c-h-amination,stage2_alt_plus_stage2pp,,17,angew-sulfonyl-c-h-amination,elastic_net,93.0,93.0,,70.54828814629445,80.86628728515974,56.452688778094505,86.62519198767544,52.75453567790854,-22.451711853705547,"{""alpha"": 0.1, ""l1_ratio"": 0.8}",angew-sulfonyl-c-h-amination,family_holdout,ee,6k,26,4e|2z|2aa|2h|2y|2o|2t|4d|2p|2ac|2c|4c|2n|2x|2ab|2s|2q|2l|4a|2j|2m|2e|2k|2r|2w|2g,7,11.511635477790364,2b|2d|2f|2i|2u|2v|4b
3.756043559386164,,,angew-sulfonyl-c-h-amination,stage2_alt_plus_stage2pp,,17,angew-sulfonyl-c-h-amination,elastic_net,58.0,58.0,,54.243956440613836,64.56195557947913,40.14835707241389,70.32086028199481,36.450203972227925,-3.756043559386164,"{""alpha"": 0.1, ""l1_ratio"": 0.8}",angew-sulfonyl-c-h-amination,family_holdout,ee,6l,26,4e|2z|2aa|2h|2y|2o|2t|4d|2p|2ac|2c|4c|2n|2x|2ab|2s|2q|2l|4a|2j|2m|2e|2k|2r|2w|2g,7,11.511635477790364,2b|2d|2f|2i|2u|2v|4b
31.5895766175586,,,angew-sulfonyl-c-h-amination,stage2_alt_plus_stage2pp,,17,angew-sulfonyl-c-h-amination,elastic_net,30.0,30.0,,61.5895766175586,71.90757575642388,47.49397724935865,77.66648045893959,43.79582414917269,31.5895766175586,"{""alpha"": 0.1, ""l1_ratio"": 0.8}",angew-sulfonyl-c-h-amination,family_holdout,ee,6m,26,4e|2z|2aa|2h|2y|2o|2t|4d|2p|2ac|2c|4c|2n|2x|2ab|2s|2q|2l|4a|2j|2m|2e|2k|2r|2w|2g,7,11.511635477790364,2b|2d|2f|2i|2u|2v|4b
47.75491754605564,,,angew-sulfonyl-c-h-amination,stage2_alt_plus_stage2pp,,17,angew-sulfonyl-c-h-amination,elastic_net,79.0,79.0,,31.245082453944363,41.56308159280965,17.149483085744414,47.321986295325345,13.451329985558452,-47.75491754605564,"{""alpha"": 0.1, ""l1_ratio"": 0.8}",angew-sulfonyl-c-h-amination,family_holdout,ee,6n,26,4e|2z|2aa|2h|2y|2o|2t|4d|2p|2ac|2c|4c|2n|2x|2ab|2s|2q|2l|4a|2j|2m|2e|2k|2r|2w|2g,7,11.511635477790364,2b|2d|2f|2i|2u|2v|4b
61.4908712324129,,,angew-sulfonyl-c-h-amination,stage2_alt_plus_stage2pp,,17,angew-sulfonyl-c-h-amination,elastic_net,90.0,90.0,,28.5091287675871,38.82712790645239,14.413529399387153,44.58603260896808,10.71537629920119,-61.4908712324129,"{""alpha"": 0.1, ""l1_ratio"": 0.8}",angew-sulfonyl-c-h-amination,family_holdout,ee,6o,26,4e|2z|2aa|2h|2y|2o|2t|4d|2p|2ac|2c|4c|2n|2x|2ab|2s|2q|2l|4a|2j|2m|2e|2k|2r|2w|2g,7,11.511635477790364,2b|2d|2f|2i|2u|2v|4b
41.64431690399827,,,angew-sulfonyl-c-h-amination,stage2_alt_plus_stage2pp,,17,angew-sulfonyl-c-h-amination,elastic_net,84.0,84.0,,42.35568309600173,52.673682234867016,28.260083727801778,58.43258693738271,24.561930627615816,-41.64431690399827,"{""alpha"": 0.1, ""l1_ratio"": 0.8}",angew-sulfonyl-c-h-amination,family_holdout,ee,6p,26,4e|2z|2aa|2h|2y|2o|2t|4d|2p|2ac|2c|4c|2n|2x|2ab|2s|2q|2l|4a|2j|2m|2e|2k|2r|2w|2g,7,11.511635477790364,2b|2d|2f|2i|2u|2v|4b
3.7040731382473595,,,angew-sulfonyl-c-h-amination,stage2_alt_plus_stage2pp,,17,angew-sulfonyl-c-h-amination,elastic_net,24.0,24.0,,27.70407313824736,38.02207227711265,13.608473770047413,43.78097697962834,9.910320669861449,3.7040731382473595,"{""alpha"": 0.1, ""l1_ratio"": 0.8}",angew-sulfonyl-c-h-amination,family_holdout,ee,6q,26,4e|2z|2aa|2h|2y|2o|2t|4d|2p|2ac|2c|4c|2n|2x|2ab|2s|2q|2l|4a|2j|2m|2e|2k|2r|2w|2g,7,11.511635477790364,2b|2d|2f|2i|2u|2v|4b
2.626514889114773,,,angew-sulfonyl-c-h-amination,stage2_alt_plus_stage2pp,,17,angew-sulfonyl-c-h-amination,lightgbm,81.0,81.0,,78.37348511088523,88.94577282757446,56.22901529538019,99.50018568575409,49.14037506248443,-2.626514889114773,"{""learning_rate"": 0.1, ""n_estimators"": 75, ""num_leaves"": 7}",angew-sulfonyl-c-h-amination,family_holdout,ee,6a,26,4e|2z|2aa|2h|2y|2o|2t|4d|2p|2ac|2c|4c|2n|2x|2ab|2s|2q|2l|4a|2j|2m|2e|2k|2r|2w|2g,7,13.82644655516311,2b|2d|2f|2i|2u|2v|4b
20.381661202927702,,,angew-sulfonyl-c-h-amination,stage2_alt_plus_stage2pp,,17,angew-sulfonyl-c-h-amination,lightgbm,93.0,93.0,,72.6183387970723,83.19062651376153,50.47386898156726,93.74503937194116,43.3852287486715,-20.381661202927702,"{""learning_rate"": 0.1, ""n_estimators"": 75, ""num_leaves"": 7}",angew-sulfonyl-c-h-amination,family_holdout,ee,6b,26,4e|2z|2aa|2h|2y|2o|2t|4d|2p|2ac|2c|4c|2n|2x|2ab|2s|2q|2l|4a|2j|2m|2e|2k|2r|2w|2g,7,13.82644655516311,2b|2d|2f|2i|2u|2v|4b
11.271009686901635,,,angew-sulfonyl-c-h-amination,stage2_alt_plus_stage2pp,,17,angew-sulfonyl-c-h-amination,lightgbm,89.0,89.0,,77.72899031309836,88.3012780297876,55.584520497593324,98.85569088796723,48.49588026469757,-11.271009686901635,"{""learning_rate"": 0.1, ""n_estimators"": 75, ""num_leaves"": 7}",angew-sulfonyl-c-h-amination,family_holdout,ee,6c,26,4e|2z|2aa|2h|2y|2o|2t|4d|2p|2ac|2c|4c|2n|2x|2ab|2s|2q|2l|4a|2j|2m|2e|2k|2r|2w|2g,7,13.82644655516311,2b|2d|2f|2i|2u|2v|4b
25.829054668705567,,,angew-sulfonyl-c-h-amination,stage2_alt_plus_stage2pp,,17,angew-sulfonyl-c-h-amination,lightgbm,93.0,93.0,,67.17094533129443,77.74323304798367,45.02647551578939,88.2976459061633,37.93783528289364,-25.829054668705567,"{""learning_rate"": 0.1, ""n_estimators"": 75, ""num_leaves"": 7}",angew-sulfonyl-c-h-amination,family_holdout,ee,6d,26,4e|2z|2aa|2h|2y|2o|2t|4d|2p|2ac|2c|4c|2n|2x|2ab|2s|2q|2l|4a|2j|2m|2e|2k|2r|2w|2g,7,13.82644655516311,2b|2d|2f|2i|2u|2v|4b
8.145040364629537,,,angew-sulfonyl-c-h-amination,stage2_alt_plus_stage2pp,,17,angew-sulfonyl-c-h-amination,lightgbm,82.0,82.0,,73.85495963537046,84.4272473520597,51.71048981986542,94.98166021023933,44.62184958696967,-8.145040364629537,"{""learning_rate"": 0.1, ""n_estimators"": 75, ""num_leaves"": 7}",angew-sulfonyl-c-h-amination,family_holdout,ee,6e,26,4e|2z|2aa|2h|2y|2o|2t|4d|2p|2ac|2c|4c|2n|2x|2ab|2s|2q|2l|4a|2j|2m|2e|2k|2r|2w|2g,7,13.82644655516311,2b|2d|2f|2i|2u|2v|4b
10.40913269756686,,,angew-sulfonyl-c-h-amination,stage2_alt_plus_stage2pp,,17,angew-sulfonyl-c-h-amination,lightgbm,89.0,89.0,,78.59086730243314,89.16315501912237,56.4463974869281,99.717567877302,49.35775725403234,-10.40913269756686,"{""learning_rate"": 0.1, ""n_estimators"": 75, ""num_leaves"": 7}",angew-sulfonyl-c-h-amination,family_holdout,ee,6f,26,4e|2z|2aa|2h|2y|2o|2t|4d|2p|2ac|2c|4c|2n|2x|2ab|2s|2q|2l|4a|2j|2m|2e|2k|2r|2w|2g,7,13.82644655516311,2b|2d|2f|2i|2u|2v|4b
11.093676875020904,,,angew-sulfonyl-c-h-amination,stage2_alt_plus_stage2pp,,17,angew-sulfonyl-c-h-amination,lightgbm,88.0,88.0,,76.9063231249791,87.47861084166833,54.761853309474056,98.03302369984796,47.6732130765783,-11.093676875020904,"{""learning_rate"": 0.1, ""n_estimators"": 75, ""num_leaves"": 7}",angew-sulfonyl-c-h-amination,family_holdout,ee,6g,26,4e|2z|2aa|2h|2y|2o|2t|4d|2p|2ac|2c|4c|2n|2x|2ab|2s|2q|2l|4a|2j|2m|2e|2k|2r|2w|2g,7,13.82644655516311,2b|2d|2f|2i|2u|2v|4b
21.68415886550418,,,angew-sulfonyl-c-h-amination,stage2_alt_plus_stage2pp,,17,angew-sulfonyl-c-h-amination,lightgbm,84.0,84.0,,62.31584113449582,72.88812885118506,40.17137131899078,83.44254170936469,33.08273108609502,-21.68415886550418,"{""learning_rate"": 0.1, ""n_estimators"": 75, ""num_leaves"": 7}",angew-sulfonyl-c-h-amination,family_holdout,ee,6h,26,4e|2z|2aa|2h|2y|2o|2t|4d|2p|2ac|2c|4c|2n|2x|2ab|2s|2q|2l|4a|2j|2m|2e|2k|2r|2w|2g,7,13.82644655516311,2b|2d|2f|2i|2u|2v|4b
9.311177444589916,,,angew-sulfonyl-c-h-amination,stage2_alt_plus_stage2pp,,17,angew-sulfonyl-c-h-amination,lightgbm,88.0,88.0,,78.68882255541008,89.26111027209932,56.544352739905044,99.81552313027895,49.45571250700929,-9.311177444589916,"{""learning_rate"": 0.1, ""n_estimators"": 75, ""num_leaves"": 7}",angew-sulfonyl-c-h-amination,family_holdout,ee,6i,26,4e|2z|2aa|2h|2y|2o|2t|4d|2p|2ac|2c|4c|2n|2x|2ab|2s|2q|2l|4a|2j|2m|2e|2k|2r|2w|2g,7,13.82644655516311,2b|2d|2f|2i|2u|2v|4b
12.509823038446328,,,angew-sulfonyl-c-h-amination,stage2_alt_plus_stage2pp,,17,angew-sulfonyl-c-h-amination,lightgbm,87.0,87.0,,74.49017696155367,85.0624646782429,52.34570714604863,95.61687753642254,45.257066913152876,-12.509823038446328,"{""learning_rate"": 0.1, ""n_estimators"": 75, ""num_leaves"": 7}",angew-sulfonyl-c-h-amination,family_holdout,ee,6j,26,4e|2z|2aa|2h|2y|2o|2t|4d|2p|2ac|2c|4c|2n|2x|2ab|2s|2q|2l|4a|2j|2m|2e|2k|2r|2w|2g,7,13.82644655516311,2b|2d|2f|2i|2u|2v|4b
24.800712215543868,,,angew-sulfonyl-c-h-amination,stage2_alt_plus_stage2pp,,17,angew-sulfonyl-c-h-amination,lightgbm,93.0,93.0,,68.19928778445613,78.77157550114536,46.05481796895109,89.325988359325,38.966177736055336,-24.800712215543868,"{""learning_rate"": 0.1, ""n_estimators"": 75, ""num_leaves"": 7}",angew-sulfonyl-c-h-amination,family_holdout,ee,6k,26,4e|2z|2aa|2h|2y|2o|2t|4d|2p|2ac|2c|4c|2n|2x|2ab|2s|2q|2l|4a|2j|2m|2e|2k|2r|2w|2g,7,13.82644655516311,2b|2d|2f|2i|2u|2v|4b
10.624398473661742,,,angew-sulfonyl-c-h-amination,stage2_alt_plus_stage2pp,,17,angew-sulfonyl-c-h-amination,lightgbm,58.0,58.0,,68.62439847366174,79.19668619035097,46.4799286581567,89.7510990485306,39.391288425260946,10.624398473661742,"{""learning_rate"": 0.1, ""n_estimators"": 75, ""num_leaves"": 7}",angew-sulfonyl-c-h-amination,family_holdout,ee,6l,26,4e|2z|2aa|2h|2y|2o|2t|4d|2p|2ac|2c|4c|2n|2x|2ab|2s|2q|2l|4a|2j|2m|2e|2k|2r|2w|2g,7,13.82644655516311,2b|2d|2f|2i|2u|2v|4b
25.06971378382906,,,angew-sulfonyl-c-h-amination,stage2_alt_plus_stage2pp,,17,angew-sulfonyl-c-h-amination,lightgbm,30.0,30.0,,55.06971378382906,65.64200150051829,32.92524396832402,76.19641435869792,25.836603735428262,25.06971378382906,"{""learning_rate"": 0.1, ""n_estimators"": 75, ""num_leaves"": 7}",angew-sulfonyl-c-h-amination,family_holdout,ee,6m,26,4e|2z|2aa|2h|2y|2o|2t|4d|2p|2ac|2c|4c|2n|2x|2ab|2s|2q|2l|4a|2j|2m|2e|2k|2r|2w|2g,7,13.82644655516311,2b|2d|2f|2i|2u|2v|4b
20.60212240112081,,,angew-sulfonyl-c-h-amination,stage2_alt_plus_stage2pp,,17,angew-sulfonyl-c-h-amination,lightgbm,79.0,79.0,,58.39787759887919,68.97016531556842,36.25340778337415,79.52457817374805,29.164767550478395,-20.60212240112081,"{""learning_rate"": 0.1, ""n_estimators"": 75, ""num_leaves"": 7}",angew-sulfonyl-c-h-amination,family_holdout,ee,6n,26,4e|2z|2aa|2h|2y|2o|2t|4d|2p|2ac|2c|4c|2n|2x|2ab|2s|2q|2l|4a|2j|2m|2e|2k|2r|2w|2g,7,13.82644655516311,2b|2d|2f|2i|2u|2v|4b
35.81934903493977,,,angew-sulfonyl-c-h-amination,stage2_alt_plus_stage2pp,,17,angew-sulfonyl-c-h-amination,lightgbm,90.0,90.0,,54.18065096506023,64.75293868174947,32.03618114955519,75.3073515399291,24.947540916659435,-35.81934903493977,"{""learning_rate"": 0.1, ""n_estimators"": 75, ""num_leaves"": 7}",angew-sulfonyl-c-h-amination,family_holdout,ee,6o,26,4e|2z|2aa|2h|2y|2o|2t|4d|2p|2ac|2c|4c|2n|2x|2ab|2s|2q|2l|4a|2j|2m|2e|2k|2r|2w|2g,7,13.82644655516311,2b|2d|2f|2i|2u|2v|4b
28.76635298882905,,,angew-sulfonyl-c-h-amination,stage2_alt_plus_stage2pp,,17,angew-sulfonyl-c-h-amination,lightgbm,84.0,84.0,,55.23364701117095,65.80593472786019,33.08917719566591,76.36034758603982,26.000536962770155,-28.76635298882905,"{""learning_rate"": 0.1, ""n_estimators"": 75, ""num_leaves"": 7}",angew-sulfonyl-c-h-amination,family_holdout,ee,6p,26,4e|2z|2aa|2h|2y|2o|2t|4d|2p|2ac|2c|4c|2n|2x|2ab|2s|2q|2l|4a|2j|2m|2e|2k|2r|2w|2g,7,13.82644655516311,2b|2d|2f|2i|2u|2v|4b
30.851162069842196,,,angew-sulfonyl-c-h-amination,stage2_alt_plus_stage2pp,,17,angew-sulfonyl-c-h-amination,lightgbm,24.0,24.0,,54.851162069842196,65.42344978653144,32.706692254337156,75.97786264471107,25.6180520214414,30.851162069842196,"{""learning_rate"": 0.1, ""n_estimators"": 75, ""num_leaves"": 7}",angew-sulfonyl-c-h-amination,family_holdout,ee,6q,26,4e|2z|2aa|2h|2y|2o|2t|4d|2p|2ac|2c|4c|2n|2x|2ab|2s|2q|2l|4a|2j|2m|2e|2k|2r|2w|2g,7,13.82644655516311,2b|2d|2f|2i|2u|2v|4b
15.42307692307692,105.96915438842667,25.184691765419487,angew-sulfonyl-c-h-amination,stage2_alt_plus_stage2pp,20.608281281379384,17,angew-sulfonyl-c-h-amination,gaussian_process,81.0,81.0,,65.57692307692308,84.15384615384619,44.35384615384616,113.40384615384613,43.45384615384616,-15.42307692307692,"{""alpha"": 1e-05, ""kernel"": ""1**2 * RBF(length_scale=0.5) + WhiteKernel(noise_level=1)""}",angew-sulfonyl-c-h-amination,family_holdout,ee,6a,26,4e|2z|2aa|2h|2y|2o|2t|4d|2p|2ac|2c|4c|2n|2x|2ab|2s|2q|2l|4a|2j|2m|2e|2k|2r|2w|2g,7,23.3021978021978,2b|2d|2f|2i|2u|2v|4b
27.42307692307692,105.96915438842667,25.184691765419487,angew-sulfonyl-c-h-amination,stage2_alt_plus_stage2pp,20.608281281379384,17,angew-sulfonyl-c-h-amination,gaussian_process,93.0,93.0,,65.57692307692308,84.15384615384619,44.35384615384616,113.40384615384613,43.45384615384616,-27.42307692307692,"{""alpha"": 1e-05, ""kernel"": ""1**2 * RBF(length_scale=0.5) + WhiteKernel(noise_level=1)""}",angew-sulfonyl-c-h-amination,family_holdout,ee,6b,26,4e|2z|2aa|2h|2y|2o|2t|4d|2p|2ac|2c|4c|2n|2x|2ab|2s|2q|2l|4a|2j|2m|2e|2k|2r|2w|2g,7,23.3021978021978,2b|2d|2f|2i|2u|2v|4b
23.42307692307692,105.96915438842667,25.184691765419487,angew-sulfonyl-c-h-amination,stage2_alt_plus_stage2pp,20.608281281379384,17,angew-sulfonyl-c-h-amination,gaussian_process,89.0,89.0,,65.57692307692308,84.15384615384619,44.35384615384616,113.40384615384613,43.45384615384616,-23.42307692307692,"{""alpha"": 1e-05, ""kernel"": ""1**2 * RBF(length_scale=0.5) + WhiteKernel(noise_level=1)""}",angew-sulfonyl-c-h-amination,family_holdout,ee,6c,26,4e|2z|2aa|2h|2y|2o|2t|4d|2p|2ac|2c|4c|2n|2x|2ab|2s|2q|2l|4a|2j|2m|2e|2k|2r|2w|2g,7,23.3021978021978,2b|2d|2f|2i|2u|2v|4b
27.42307692307692,105.96915438842667,25.184691765419487,angew-sulfonyl-c-h-amination,stage2_alt_plus_stage2pp,20.608281281379384,17,angew-sulfonyl-c-h-amination,gaussian_process,93.0,93.0,,65.57692307692308,84.15384615384619,44.35384615384616,113.40384615384613,43.45384615384616,-27.42307692307692,"{""alpha"": 1e-05, ""kernel"": ""1**2 * RBF(length_scale=0.5) + WhiteKernel(noise_level=1)""}",angew-sulfonyl-c-h-amination,family_holdout,ee,6d,26,4e|2z|2aa|2h|2y|2o|2t|4d|2p|2ac|2c|4c|2n|2x|2ab|2s|2q|2l|4a|2j|2m|2e|2k|2r|2w|2g,7,23.3021978021978,2b|2d|2f|2i|2u|2v|4b
16.42307692307692,105.96915438842667,25.184691765419487,angew-sulfonyl-c-h-amination,stage2_alt_plus_stage2pp,20.608281281379384,17,angew-sulfonyl-c-h-amination,gaussian_process,82.0,82.0,,65.57692307692308,84.15384615384619,44.35384615384616,113.40384615384613,43.45384615384616,-16.42307692307692,"{""alpha"": 1e-05, ""kernel"": ""1**2 * RBF(length_scale=0.5) + WhiteKernel(noise_level=1)""}",angew-sulfonyl-c-h-amination,family_holdout,ee,6e,26,4e|2z|2aa|2h|2y|2o|2t|4d|2p|2ac|2c|4c|2n|2x|2ab|2s|2q|2l|4a|2j|2m|2e|2k|2r|2w|2g,7,23.3021978021978,2b|2d|2f|2i|2u|2v|4b
23.42307692307692,105.96915438842667,25.184691765419487,angew-sulfonyl-c-h-amination,stage2_alt_plus_stage2pp,20.608281281379384,17,angew-sulfonyl-c-h-amination,gaussian_process,89.0,89.0,,65.57692307692308,84.15384615384619,44.35384615384616,113.40384615384613,43.45384615384616,-23.42307692307692,"{""alpha"": 1e-05, ""kernel"": ""1**2 * RBF(length_scale=0.5) + WhiteKernel(noise_level=1)""}",angew-sulfonyl-c-h-amination,family_holdout,ee,6f,26,4e|2z|2aa|2h|2y|2o|2t|4d|2p|2ac|2c|4c|2n|2x|2ab|2s|2q|2l|4a|2j|2m|2e|2k|2r|2w|2g,7,23.3021978021978,2b|2d|2f|2i|2u|2v|4b
22.42307692307692,105.96915438842667,25.184691765419487,angew-sulfonyl-c-h-amination,stage2_alt_plus_stage2pp,20.608281281379384,17,angew-sulfonyl-c-h-amination,gaussian_process,88.0,88.0,,65.57692307692308,84.15384615384619,44.35384615384616,113.40384615384613,43.45384615384616,-22.42307692307692,"{""alpha"": 1e-05, ""kernel"": ""1**2 * RBF(length_scale=0.5) + WhiteKernel(noise_level=1)""}",angew-sulfonyl-c-h-amination,family_holdout,ee,6g,26,4e|2z|2aa|2h|2y|2o|2t|4d|2p|2ac|2c|4c|2n|2x|2ab|2s|2q|2l|4a|2j|2m|2e|2k|2r|2w|2g,7,23.3021978021978,2b|2d|2f|2i|2u|2v|4b
18.42307692307692,105.96915438842667,25.184691765419487,angew-sulfonyl-c-h-amination,stage2_alt_plus_stage2pp,20.608281281379384,17,angew-sulfonyl-c-h-amination,gaussian_process,84.0,84.0,,65.57692307692308,84.15384615384619,44.35384615384616,113.40384615384613,43.45384615384616,-18.42307692307692,"{""alpha"": 1e-05, ""kernel"": ""1**2 * RBF(length_scale=0.5) + WhiteKernel(noise_level=1)""}",angew-sulfonyl-c-h-amination,family_holdout,ee,6h,26,4e|2z|2aa|2h|2y|2o|2t|4d|2p|2ac|2c|4c|2n|2x|2ab|2s|2q|2l|4a|2j|2m|2e|2k|2r|2w|2g,7,23.3021978021978,2b|2d|2f|2i|2u|2v|4b
22.42307692307692,105.96915438842667,25.184691765419487,angew-sulfonyl-c-h-amination,stage2_alt_plus_stage2pp,20.608281281379384,17,angew-sulfonyl-c-h-amination,gaussian_process,88.0,88.0,,65.57692307692308,84.15384615384619,44.35384615384616,113.40384615384613,43.45384615384616,-22.42307692307692,"{""alpha"": 1e-05, ""kernel"": ""1**2 * RBF(length_scale=0.5) + WhiteKernel(noise_level=1)""}",angew-sulfonyl-c-h-amination,family_holdout,ee,6i,26,4e|2z|2aa|2h|2y|2o|2t|4d|2p|2ac|2c|4c|2n|2x|2ab|2s|2q|2l|4a|2j|2m|2e|2k|2r|2w|2g,7,23.3021978021978,2b|2d|2f|2i|2u|2v|4b
21.42307692307692,105.96915438842667,25.184691765419487,angew-sulfonyl-c-h-amination,stage2_alt_plus_stage2pp,20.608281281379384,17,angew-sulfonyl-c-h-amination,gaussian_process,87.0,87.0,,65.57692307692308,84.15384615384619,44.35384615384616,113.40384615384613,43.45384615384616,-21.42307692307692,"{""alpha"": 1e-05, ""kernel"": ""1**2 * RBF(length_scale=0.5) + WhiteKernel(noise_level=1)""}",angew-sulfonyl-c-h-amination,family_holdout,ee,6j,26,4e|2z|2aa|2h|2y|2o|2t|4d|2p|2ac|2c|4c|2n|2x|2ab|2s|2q|2l|4a|2j|2m|2e|2k|2r|2w|2g,7,23.3021978021978,2b|2d|2f|2i|2u|2v|4b
27.42307692307692,105.96915438842667,25.184691765419487,angew-sulfonyl-c-h-amination,stage2_alt_plus_stage2pp,20.608281281379384,17,angew-sulfonyl-c-h-amination,gaussian_process,93.0,93.0,,65.57692307692308,84.15384615384619,44.35384615384616,113.40384615384613,43.45384615384616,-27.42307692307692,"{""alpha"": 1e-05, ""kernel"": ""1**2 * RBF(length_scale=0.5) + WhiteKernel(noise_level=1)""}",angew-sulfonyl-c-h-amination,family_holdout,ee,6k,26,4e|2z|2aa|2h|2y|2o|2t|4d|2p|2ac|2c|4c|2n|2x|2ab|2s|2q|2l|4a|2j|2m|2e|2k|2r|2w|2g,7,23.3021978021978,2b|2d|2f|2i|2u|2v|4b
7.57692307692308,105.96915438842667,25.184691765419487,angew-sulfonyl-c-h-amination,stage2_alt_plus_stage2pp,20.608281281379384,17,angew-sulfonyl-c-h-amination,gaussian_process,58.0,58.0,,65.57692307692308,84.15384615384619,44.35384615384616,113.40384615384613,43.45384615384616,7.57692307692308,"{""alpha"": 1e-05, ""kernel"": ""1**2 * RBF(length_scale=0.5) + WhiteKernel(noise_level=1)""}",angew-sulfonyl-c-h-amination,family_holdout,ee,6l,26,4e|2z|2aa|2h|2y|2o|2t|4d|2p|2ac|2c|4c|2n|2x|2ab|2s|2q|2l|4a|2j|2m|2e|2k|2r|2w|2g,7,23.3021978021978,2b|2d|2f|2i|2u|2v|4b
35.57692307692308,105.96915438842667,25.184691765419487,angew-sulfonyl-c-h-amination,stage2_alt_plus_stage2pp,20.608281281379384,17,angew-sulfonyl-c-h-amination,gaussian_process,30.0,30.0,,65.57692307692308,84.15384615384619,44.35384615384616,113.40384615384613,43.45384615384616,35.57692307692308,"{""alpha"": 1e-05, ""kernel"": ""1**2 * RBF(length_scale=0.5) + WhiteKernel(noise_level=1)""}",angew-sulfonyl-c-h-amination,family_holdout,ee,6m,26,4e|2z|2aa|2h|2y|2o|2t|4d|2p|2ac|2c|4c|2n|2x|2ab|2s|2q|2l|4a|2j|2m|2e|2k|2r|2w|2g,7,23.3021978021978,2b|2d|2f|2i|2u|2v|4b
13.42307692307692,105.96915438842667,25.184691765419487,angew-sulfonyl-c-h-amination,stage2_alt_plus_stage2pp,20.608281281379384,17,angew-sulfonyl-c-h-amination,gaussian_process,79.0,79.0,,65.57692307692308,84.15384615384619,44.35384615384616,113.40384615384613,43.45384615384616,-13.42307692307692,"{""alpha"": 1e-05, ""kernel"": ""1**2 * RBF(length_scale=0.5) + WhiteKernel(noise_level=1)""}",angew-sulfonyl-c-h-amination,family_holdout,ee,6n,26,4e|2z|2aa|2h|2y|2o|2t|4d|2p|2ac|2c|4c|2n|2x|2ab|2s|2q|2l|4a|2j|2m|2e|2k|2r|2w|2g,7,23.3021978021978,2b|2d|2f|2i|2u|2v|4b
24.42307692307692,105.96915438842667,25.184691765419487,angew-sulfonyl-c-h-amination,stage2_alt_plus_stage2pp,20.608281281379384,17,angew-sulfonyl-c-h-amination,gaussian_process,90.0,90.0,,65.57692307692308,84.15384615384619,44.35384615384616,113.40384615384613,43.45384615384616,-24.42307692307692,"{""alpha"": 1e-05, ""kernel"": ""1**2 * RBF(length_scale=0.5) + WhiteKernel(noise_level=1)""}",angew-sulfonyl-c-h-amination,family_holdout,ee,6o,26,4e|2z|2aa|2h|2y|2o|2t|4d|2p|2ac|2c|4c|2n|2x|2ab|2s|2q|2l|4a|2j|2m|2e|2k|2r|2w|2g,7,23.3021978021978,2b|2d|2f|2i|2u|2v|4b
18.42307692307692,105.96915438842667,25.184691765419487,angew-sulfonyl-c-h-amination,stage2_alt_plus_stage2pp,20.608281281379384,17,angew-sulfonyl-c-h-amination,gaussian_process,84.0,84.0,,65.57692307692308,84.15384615384619,44.35384615384616,113.40384615384613,43.45384615384616,-18.42307692307692,"{""alpha"": 1e-05, ""kernel"": ""1**2 * RBF(length_scale=0.5) + WhiteKernel(noise_level=1)""}",angew-sulfonyl-c-h-amination,family_holdout,ee,6p,26,4e|2z|2aa|2h|2y|2o|2t|4d|2p|2ac|2c|4c|2n|2x|2ab|2s|2q|2l|4a|2j|2m|2e|2k|2r|2w|2g,7,23.3021978021978,2b|2d|2f|2i|2u|2v|4b
41.57692307692308,105.96915438842667,25.184691765419487,angew-sulfonyl-c-h-amination,stage2_alt_plus_stage2pp,20.608281281379384,17,angew-sulfonyl-c-h-amination,gaussian_process,24.0,24.0,,65.57692307692308,84.15384615384619,44.35384615384616,113.40384615384613,43.45384615384616,41.57692307692308,"{""alpha"": 1e-05, ""kernel"": ""1**2 * RBF(length_scale=0.5) + WhiteKernel(noise_level=1)""}",angew-sulfonyl-c-h-amination,family_holdout,ee,6q,26,4e|2z|2aa|2h|2y|2o|2t|4d|2p|2ac|2c|4c|2n|2x|2ab|2s|2q|2l|4a|2j|2m|2e|2k|2r|2w|2g,7,23.3021978021978,2b|2d|2f|2i|2u|2v|4b
